0.0663778065615977,0.06636859817085665,0.06637524546848705,0.06637932513428207,0.06637437584505053,0.06637252722694488,0.06637425046207598,0.0663807546518348,0.06637757864681806,0.0663729222217596,0.06637383184921028,0.06637037107430482,0.0663776423702291,0.0663700098035181,0.06637299132556292,0.0663786065609163,0.06638070936280359,0.0663722487782468,0.06637080523978237,0.0663829403106851,0.06637974277606058,0.0663716207267316,0.06637344977040403,0.06637748164729601,0.06637479725611962,0.06636993987546702,0.06637189343197208,0.06638205507683245,0.06636372798390237,0.06637574735035391,0.06637323565620498,0.06636882122506876,0.06637371476065052,0.06637915803332126,0.06638261720605303,0.06637742296081557,0.06638130545956175,0.06636965236213066,0.06636947821370419,0.06639062322490316,0.06637679342758405,0.06637044113066697,0.06637885837657387,0.06637219392635148,0.06637015671152126,0.06637159496931952,0.06638605841625755,0.06637972008836146,0.06637060035564385,0.0663747734635387,0.0663800494555257,0.06637889929825039,0.06638229254847547,0.06637892094540443,0.06636139355631414,0.06637483657720437,0.06637889954232616,0.06637694613974582,0.06638164426172144,0.06637840574360394,0.06637403650597051,0.06637038869714124,0.06637204723093947,0.06638688126765326,0.06637720139715785,0.06637950506733672,0.06638566808530906,0.0663860473263111,0.066382987882994,0.06637558796266664,0.06638280551060242,0.0663818796919073,0.06638157641227921,0.06638206974443875,0.0663778727194362,0.06637381983874187,0.06637529252839426,0.06637080250491927,0.06640096571953877,0.06637407293618952,0.06637550464938256,0.06637139038120392,0.06637909988332083,0.06638232475215926,0.06637043536835507,0.06637779535638497,0.06637514838844213,0.06636789908344512,0.06636953078298657,0.0663780711734756,0.0663791570036164,0.06637154559916549,0.0663739092561987,0.06637733430024499,0.06637032191196846,0.06637314685863205,0.06637790820579294,0.06637750359824417
-0.02684470200375367,-0.026844358944420055,-0.026844213859983847,-0.026843329117359607,-0.026844402020541343,-0.026844345121022416,-0.026847863086864217,-0.02684504469580101,-0.026845753934340418,-0.026845332542727363,-0.026847063049812495,-0.026844877801724516,-0.026844461030495956,-0.026847687903485358,-0.026848713559320656,-0.02684454763050819,-0.026844644890019954,-0.026844577770500533,-0.02684609574176227,-0.02684769275018979,-0.02684666068776133,-0.026845962289929484,-0.026845689495211433,-0.026850635668005888,-0.026842914246546286,-0.026844776370076928,-0.02684510904627057,-0.026845528631273805,-0.02684534097373273,-0.026845665842122106,-0.026845054592083625,-0.026847266783467418,-0.02684148588322753,-0.026842102352668,-0.02684561534523735,-0.0268445914460229,-0.026846849565631978,-0.026844965029092154,-0.02684538635230741,-0.026845744829953274,-0.026844784324320185,-0.02684501111496558,-0.02684805283448087,-0.02684415946841196,-0.026844273869657063,-0.026844607104703717,-0.02684864074894883,-0.026846290361363642,-0.026845227134834372,-0.02685040239230893,-0.026843863444119796,-0.026843953269886513,-0.02684491456983136,-0.02684641697536195,-0.026848748517842008,-0.026843923996106994,-0.026845882455570517,-0.026844669840582206,-0.026849882751823283,-0.02684429442941483,-0.02684545413516834,-0.026845703207931393,-0.026842934925634422,-0.026847547115210816,-0.02684714035847987,-0.026842748662342493,-0.026849140385935985,-0.026846999699499767,-0.02684258246518351,-0.026846372566591538,-0.02684659120453503,-0.026843759197520998,-0.026845697096680592,-0.026847605245258283,-0.02684479085293372,-0.02684438486753597,-0.0268441737877717,-0.02684536318999857,-0.026847109766971213,-0.0268474684624026,-0.02684591837819575,-0.026850504370941324,-0.026838666154559397,-0.02684311775376385,-0.026844704278568735,-0.02684493379216859,-0.026846897148617942,-0.026845027173511962,-0.026845329091750747,-0.02684488314795478,-0.026843674211853925,-0.02684453436363645,-0.026845504346613293,-0.026844247068432053,-0.02684474935552623,-0.026844531473682657,-0.026847681295990192,-0.02684570510143442
-0.004543451571963597,-0.004540806930091608,-0.004542643204249207,-0.00454129009843415,-0.004543071982855502,-0.004541675046956809,-0.004543867885193342,-0.0045429398025479215,-0.004542749134293783,-0.0045425194245576495,-0.0045438192093925685,-0.0045420825126174826,-0.0045413944022222865,-0.004543763672116787,-0.0045425748120174365,-0.004542395473344764,-0.004542324704696535,-0.004542113957348128,-0.004543116291782512,-0.004544603551666472,-0.004543619449709772,-0.004543695902885444,-0.004542531916320359,-0.004544361268862215,-0.004541781601604058,-0.0045417961058871505,-0.004542702081028367,-0.004542328392646469,-0.004542076729586375,-0.004542579695425861,-0.00454223644091139,-0.0045429136186582765,-0.004541334912408163,-0.00454120557935306,-0.004543333021156777,-0.004542737552553884,-0.004543427594231823,-0.004541971516416635,-0.004541532319581491,-0.004543100315046411,-0.004542676304314468,-0.0045426493499837505,-0.004542894231144767,-0.004540975503832817,-0.004541696241090468,-0.004542371143138478,-0.004542822127874785,-0.004542232740450108,-0.004543014674046024,-0.004544689582619341,-0.004541896313641199,-0.004543045775411766,-0.004543159656866677,-0.004542784883450222,-0.004544362450864975,-0.004542358054279039,-0.004543431934225924,-0.004542966263280941,-0.004543341854946003,-0.0045433201861073205,-0.004542707314172029,-0.0045418760887369165,-0.0045419381601122435,-0.004544764301884925,-0.00454384911739228,-0.004541435216602477,-0.004544090000423192,-0.00454290829183318,-0.004542143380225617,-0.00454282531725824,-0.004544254915243632,-0.004542900001599983,-0.004542514486548021,-0.004543318593792964,-0.004542356869691885,-0.004542945337222973,-0.00454275066625841,-0.004542557333860808,-0.0045437507716027045,-0.004542638524437842,-0.0045420084925463095,-0.00454380691350913,-0.004539348890546918,-0.004539233696513472,-0.004542198805329504,-0.004542787617979531,-0.004543541253956156,-0.004541985332069201,-0.004542022105204749,-0.004541327031699981,-0.004543065997781615,-0.004542017818397849,-0.004543136615690074,-0.004542824078442264,-0.004543316384066446,-0.00454203069307918,-0.004543120118807207,-0.004543542723170386
-0.0012226461257199516,-0.0012198282994087706,-0.0012211848560965501,-0.0012210669592024287,-0.0012217155235734968,-0.0012206576266229558,-0.0012221081305676391,-0.0012211691965860496,-0.0012217160680111855,-0.0012215046971720393,-0.0012219024575707042,-0.001221496628786629,-0.0012208760751955335,-0.001222317128173684,-0.0012214116129613238,-0.0012210139278101273,-0.0012214327311081095,-0.0012212304698658654,-0.001221872634462433,-0.0012225155697819254,-0.001221938004762571,-0.0012220894303004235,-0.0012211947937869727,-0.00122237208709932,-0.0012215546791263516,-0.001221205203144134,-0.0012214591619529157,-0.0012209659481004903,-0.0012210409347947503,-0.0012214405682344802,-0.001221283793551142,-0.0012212421083492974,-0.0012213914910303666,-0.0012204277493178578,-0.0012222983411072411,-0.001221708457817098,-0.0012221546697447979,-0.00122116084506563,-0.001220430258391794,-0.001221752050661239,-0.0012215857804729598,-0.0012216704790730464,-0.0012216546851949307,-0.001220498122851237,-0.0012208389680820333,-0.0012213261332141394,-0.00122136838372478,-0.0012213280189613835,-0.0012217784732228456,-0.0012220880439472686,-0.0012208820242025796,-0.0012218913762986907,-0.0012215913695778433,-0.0012209936603989867,-0.0012226530105015222,-0.0012215316860987027,-0.0012218201848810705,-0.0012223101444426834,-0.0012210253361378078,-0.0012222132594998775,-0.0012215532560713748,-0.0012209949965074477,-0.001221457161368096,-0.0012228784277161036,-0.00122196194439736,-0.0012211452023941373,-0.0012222920218351516,-0.0012216270426332627,-0.001221347092261881,-0.0012216896361007396,-0.0012223644943818255,-0.0012220898414114067,-0.0012217183028065655,-0.001221322484233076,-0.001221453517353512,-0.001221734246366657,-0.0012221788279902402,-0.001221551741896897,-0.0012223549509468913,-0.0012210042169054297,-0.0012208853273127478,-0.0012216960570541908,-0.001218755789736163,-0.0012192870272395807,-0.0012208347799829743,-0.0012215932484844817,-0.001221840664604408,-0.0012213000085426473,-0.0012212830166058973,-0.0012207186194453813,-0.0012219874164141158,-0.0012208906889265656,-0.0012218316823600834,-0.001221934945467088,-0.0012221843834882592,-0.0012212516740428329,-0.0012214321229375889,-0.0012221061984310291
-0.00047005047563925505,-0.0004674774135023696,-0.0004687012190353522,-0.0004686244531964022,-0.0004689240499111882,-0.000468308313627791,-0.0004691914317507625,-0.00046841749990874076,-0.0004689459044333055,-0.0004689034872948466,-0.0004688134170237342,-0.0004690081760401338,-0.0004685703729075555,-0.0004695743257715088,-0.00046900823133183827,-0.0004685100439067144,-0.00046879118920426,-0.00046872916017199885,-0.00046917421934924335,-0.0004696020643848585,-0.00046921086268743024,-0.00046922186935556174,-0.00046853663184839384,-0.0004693293085991287,-0.0004692062211414516,-0.00046885607914559397,-0.0004686732905498837,-0.0004684183978715599,-0.0004684724959717663,-0.0004686985891148009,-0.0004688008453885348,-0.00046846508805004544,-0.0004690982333503574,-0.0004681499177439298,-0.00046938540462826395,-0.00046893334079914687,-0.00046924649829662487,-0.00046861517524032694,-0.00046838148650480847,-0.0004688786996748898,-0.00046884701878209593,-0.00046914459172520465,-0.0004689501973349379,-0.0004686932256765502,-0.00046850099043777965,-0.00046869307893844384,-0.0004688380333441218,-0.0004688165221829428,-0.0004690758549982975,-0.0004690228300817673,-0.00046834945730315754,-0.00046913701913169493,-0.0004688390501743928,-0.00046841805144713904,-0.00046973326146856274,-0.0004690279191373964,-0.0004688705692192026,-0.0004698044713460587,-0.00046837905303230933,-0.0004696703750826969,-0.00046903270986826484,-0.0004685321489472042,-0.00046916325358229674,-0.00046970594182138255,-0.0004691196424967015,-0.0004687746825873036,-0.0004693723486648069,-0.0004689252970825664,-0.0004688820732623073,-0.00046905520100010514,-0.00046934443293788244,-0.0004695650199443601,-0.000469303871825022,-0.00046854987042672827,-0.000468971777149667,-0.00046895828359410675,-0.00046945280043137274,-0.0004687178746759915,-0.0004695031187243278,-0.0004685556251365253,-0.00046844481011284816,-0.00046875849278333275,-0.0004666204622010364,-0.0004674464045186252,-0.0004681714269314898,-0.0004690615855047237,-0.0004689153206167367,-0.0004688875986052824,-0.0004689430997062682,-0.00046846395167078137,-0.0004691562350759028,-0.00046837136965626575,-0.0004690394833613132,-0.0004692027147732639,-0.00046938512942429095,-0.00046877125502149957,-0.00046854236189961625,-0.00046924338918403547
-0.0002255512611837962,-0.0002234621963711252,-0.00022467799815481258,-0.00022437321324029797,-0.0002244898637766247,-0.0002243948760822645,-0.00022464288330352236,-0.0002241566042529633,-0.00022461171212392452,-0.0002246641718292706,-0.00022447299664089923,-0.00022508361419686904,-0.00022450738714151685,-0.00022515466178604467,-0.000224772959202286,-0.00022454163612559182,-0.00022458625932964997,-0.00022449534009481856,-0.00022488065729279008,-0.00022528939510680723,-0.00022498146876982213,-0.0002247580706090718,-0.00022451169279495407,-0.0002249092955307091,-0.00022500775116194742,-0.0002246503653639662,-0.00022449506255581988,-0.0002242079785115341,-0.0002242465176966844,-0.00022445687271981454,-0.0002245927473423775,-0.00022418423234507663,-0.00022492277241121313,-0.0002241820340606762,-0.00022483645065507767,-0.00022459311726042986,-0.000224860368369018,-0.0002243655673410972,-0.00022430642976027033,-0.0002245828435501004,-0.0002250082812034838,-0.00022479784616255555,-0.00022470444712821552,-0.0002249735483383419,-0.0002243146734815969,-0.00022448388698996456,-0.00022468108792408992,-0.0002244693681813511,-0.00022479225742831613,-0.00022449423536341647,-0.00022420330384439354,-0.00022477487481777932,-0.0002244466523489522,-0.0002243294541049953,-0.00022522027623275178,-0.00022485401890472693,-0.0002244897204595635,-0.0002254786943532191,-0.00022429210197085576,-0.0002253048515925698,-0.00022476514066409613,-0.00022415989763445546,-0.00022497131174894897,-0.0002250045734935112,-0.00022492828212546757,-0.00022456096777370287,-0.0002250281531837959,-0.00022461208517717855,-0.00022480818175154085,-0.00022475682427642956,-0.0002248418422056728,-0.00022506960721833757,-0.00022505768484022448,-0.0002243816651021389,-0.00022479856148334122,-0.00022465855681464,-0.0002248993678949959,-0.0002243875784906049,-0.0002251032652318317,-0.00022441946133987083,-0.00022434124921568024,-0.00022440772199683345,-0.0002230295459269553,-0.00022346445702525172,-0.00022397387839804037,-0.00022483116427006642,-0.00022443828793593053,-0.00022467851014789416,-0.00022469258487961894,-0.0002244283326603244,-0.00022469354226455158,-0.00022425599801363135,-0.00022454255684920045,-0.00022488499332972998,-0.00022493926447717888,-0.0002246050340437566,-0.00022423503496469795,-0.00022476774487176449
-0.00012173955367697376,-0.00012041584752527163,-0.00012143245343230758,-0.00012104966695878375,-0.00012115807446567089,-0.00012119358738608282,-0.0001213071368000414,-0.0001208403482857548,-0.00012120485306465306,-0.000121356217040225,-0.00012115914394609674,-0.00012207810214721147,-0.00012124592357975081,-0.00012161902592047843,-0.00012141442252523213,-0.00012149067766564764,-0.0001213160277342373,-0.00012115330160044046,-0.00012143593965237226,-0.00012190268032570088,-0.00012158460752065673,-0.00012123209404820857,-0.00012147561875384231,-0.00012140900850865495,-0.00012157604513911181,-0.00012130646408701908,-0.00012121960914273947,-0.00012086776091160222,-0.0001209359960316816,-0.00012113874429804116,-0.00012129129465895507,-0.00012082399274646886,-0.00012164012689110928,-0.00012106976160535174,-0.00012131564937819847,-0.0001211463822159035,-0.00012149743344564391,-0.0001210168327443136,-0.00012115715190242623,-0.00012128245029824965,-0.00012176589937482174,-0.00012129416549386019,-0.00012138058319191542,-0.00012227890976257452,-0.0001208926947602149,-0.00012121338483474782,-0.00012124555404985761,-0.00012113443892824754,-0.00012139312166169277,-0.0001211210512475535,-0.00012097386180208076,-0.00012137687218452878,-0.00012107017759626574,-0.00012109056815050278,-0.00012175472633516104,-0.00012150975756524435,-0.00012114396528915554,-0.00012207049841610662,-0.00012108008120582448,-0.00012181173261995083,-0.00012136050977232504,-0.00012080838092233645,-0.0001215788768433563,-0.00012137867402281605,-0.00012171663997575303,-0.00012117523709274781,-0.00012167868097715307,-0.00012133560609000226,-0.00012155562565520551,-0.00012141350949766385,-0.0001213607008675057,-0.00012145617221352705,-0.00012172295617500657,-0.00012114523728422248,-0.00012168485638424619,-0.00012127948465206212,-0.00012130314500566434,-0.00012102737301439577,-0.00012167994359275505,-0.00012117788615585193,-0.00012115777166422128,-0.00012112068744929617,-0.00012038928040801201,-0.00012008194376354833,-0.00012068269325705253,-0.00012139859090766142,-0.00012104622307189671,-0.00012134247502855767,-0.00012134754802470664,-0.00012121065954328537,-0.00012120558029804114,-0.00012108037296838723,-0.00012110295143577654,-0.00012147078612392083,-0.00012143890072479466,-0.0001213123314207889,-0.00012097726662822004,-0.00012123559763138907
-0.00007041822637796053,-0.00006978747372397705,-0.00007053964806319947,-0.00007017174267262903,-0.00007036055726950384,-0.00007024722371987294,-0.0000704784233175368,-0.0000698844980591779,-0.0000702475704530293,-0.00007039737631449948,-0.00007028380277724516,-0.00007105095454888525,-0.0000703123002970129,-0.00007057832975741434,-0.00007050510076559826,-0.00007066226965190228,-0.0000704076995872422,-0.0000701894354944014,-0.00007043522224272406,-0.00007082804024562429,-0.00007052712083609994,-0.00007021406201524235,-0.00007070398449645997,-0.0000703923963492901,-0.00007048361793566132,-0.00007031962742502806,-0.00007051188293817882,-0.00006995011405749905,-0.0000700851281427172,-0.00007022578536252332,-0.00007037835050979523,-0.00007003063587632934,-0.00007067665860225331,-0.00007025521692805188,-0.00007028339306484061,-0.00007016543507502206,-0.00007057243559965461,-0.00007013259689353854,-0.00007059472166298612,-0.00007037978230823302,-0.00007072132860586614,-0.00007034598636328266,-0.00007046083940431282,-0.00007185869123099771,-0.00006986952042482708,-0.00007033664090108283,-0.00007018834971246697,-0.000070270198176551,-0.0000704122980335897,-0.00007026049490407618,-0.0000701139125015084,-0.00007039715962613808,-0.00007020858746631639,-0.00007019427890873279,-0.00007071493104645635,-0.00007051917536169211,-0.00007025161231011059,-0.00007102515314277117,-0.00007025244859609934,-0.00007080544125286131,-0.0000704129487052664,-0.00007008070684908152,-0.00007056516344868745,-0.00007027176224051225,-0.00007075394046207027,-0.00007017109852936157,-0.00007065320560634491,-0.0000705746706337965,-0.00007070533047127866,-0.0000704813787331746,-0.00007033811768791297,-0.00007049292403649496,-0.0000707771082846295,-0.00007026879935879481,-0.00007090928117461616,-0.0000703128271956995,-0.00007021504083394825,-0.00007014964376670819,-0.00007064328666532696,-0.00007034297115041255,-0.000070398893884005,-0.00007033407289320872,-0.0000695031637704889,-0.00006925272100432976,-0.00006978393070960123,-0.0000703877977257879,-0.00007002844470034256,-0.00007039208795152224,-0.00007044635760930713,-0.00007032497815533871,-0.00007022836750751116,-0.00007029536142026113,-0.00007021928618163576,-0.00007046869567980875,-0.00007041744667654336,-0.00007030431816660681,-0.00007010110368226638,-0.00007019319052905865
-0.00004164290482111374,-0.00004138464877085253,-0.00004192516486892613,-0.00004164520544876148,-0.00004180686761545993,-0.00004151429877459957,-0.00004185549772297789,-0.00004132449658361574,-0.00004162677344159496,-0.00004164885672416995,-0.000041729312410916404,-0.00004216741170616546,-0.000041694039492138086,-0.00004195695598437651,-0.00004188394915846686,-0.00004189410935210994,-0.00004178140207495506,-0.00004155640638187759,-0.00004179186538911384,-0.00004202817911167335,-0.00004177769054980823,-0.000041527920556030544,-0.00004209060798032064,-0.000041730165143197445,-0.000041733200502480045,-0.00004168297165040614,-0.00004204138329864825,-0.0000415067941363861,-0.0000415638902037954,-0.000041650616194282586,-0.00004172701141351816,-0.00004163705083763264,-0.00004201775776724018,-0.000041793805471722914,-0.000041590851140077146,-0.00004160712116946097,-0.00004193645392083356,-0.00004156512203372541,-0.00004230874659928847,-0.0000417701231466053,-0.00004198825877536781,-0.000041794779312361266,-0.000041846830580560945,-0.000043838543737272935,-0.00004123556919468602,-0.000041794265384719205,-0.000041397319824668536,-0.00004171002451788435,-0.00004180375449638409,-0.00004174661287614255,-0.0000416086004407745,-0.000041665274534086967,-0.00004163974304783329,-0.000041621061820317054,-0.000042027989370573135,-0.00004183559730246744,-0.000041713890003546215,-0.00004223136684879118,-0.00004167060537199544,-0.00004210873208940307,-0.00004179775003930163,-0.00004165310896312043,-0.0000419090475392552,-0.000041572238553166046,-0.00004195653597612537,-0.00004150126743645438,-0.00004191447204342925,-0.00004208538047583145,-0.000042101209987324535,-0.000041818167476328756,-0.00004167359362256939,-0.000041909880782501134,-0.000042149871759193566,-0.00004173374977846438,-0.00004229245147000633,-0.00004168691173041935,-0.00004154522861698684,-0.00004156853713203292,-0.00004198215384076103,-0.00004176393309314467,-0.00004190070281497218,-0.00004182886751119963,-0.000040798359078013855,-0.000041073188593652445,-0.00004128231058471965,-0.00004176513253044322,-0.00004135468993716234,-0.000041803553297932325,-0.00004182968307882459,-0.000041745431178053095,-0.000041672682387360245,-0.000041772727746899106,-0.00004175980959860366,-0.00004181014265102929,-0.00004172585190562925,-0.000041574545840746075,-0.00004152181096696223,-0.0000415527374852939
-0.000024337155585837976,-0.000024456006677331208,-0.000024686227591346045,-0.000024524494267996802,-0.000024593134967555774,-0.000024267736019434612,-0.00002460142987982102,-0.00002422697139113975,-0.000024401846991234052,-0.000024336483568604585,-0.00002446211744711863,-0.000024839197656889083,-0.000024497897881194247,-0.000024759591499632414,-0.000024637559097064755,-0.000024559184824642356,-0.00002445920656257551,-0.000024369428453591186,-0.000024577178143612633,-0.00002466481846653839,-0.00002453008614221646,-0.00002429754176191392,-0.00002473505664203448,-0.00002451750318192665,-0.000024435165094369134,-0.00002449413809458953,-0.000024852865535962487,-0.000024411673331502473,-0.000024427655809075375,-0.000024478204161582847,-0.000024548800791641517,-0.000024538831783583492,-0.000024834613972433753,-0.000024755218358261888,-0.000024392890420954308,-0.000024493977427167965,-0.000024689640129921384,-0.000024372270523670447,-0.000025293235810686505,-0.000024491610335817733,-0.00002490255882217322,-0.00002466811371099985,-0.000024653412237566815,-0.000026989912597075832,-0.000024066658134860347,-0.000024647410726904916,-0.00002401868159693216,-0.00002457695642638349,-0.000024620593227353184,-0.000024512885423261767,-0.000024526564580432574,-0.00002438092297626901,-0.000024437110386052546,-0.000024433327913087927,-0.000024800083005091657,-0.000024629219450312988,-0.000024610764508094597,-0.00002485615040942495,-0.000024498180715955955,-0.00002483558829247737,-0.000024586898753371047,-0.00002459102347462302,-0.000024666028527415528,-0.000024375490431464302,-0.000024563413821582733,-0.000024291518372569517,-0.000024618431927901747,-0.00002487367999182463,-0.00002483956014698225,-0.000024467316842932155,-0.00002446536219691585,-0.000024617985351293026,-0.00002493038509120573,-0.000024563944747066262,-0.00002504687032918675,-0.000024489398595953304,-0.000024386605118286174,-0.000024417489129935028,-0.000024764658855547704,-0.00002456537574282733,-0.000024773610632110233,-0.000024668762331423788,-0.00002371944301719745,-0.000024093007550566493,-0.000024268513092383534,-0.0000245802951725895,-0.000024170850323363582,-0.000024677365502732777,-0.000024574559660197823,-0.000024552854447142832,-0.000024497351638612487,-0.000024592156712328743,-0.000024776700205026903,-0.000024614648420666673,-0.000024482136203445434,-0.000024221905094555934,-0.000024372244399395717,-0.000024358311802030002
-0.00001419473906146893,-0.000014616297180305242,-0.000014565037242735134,-0.00001450922513665512,-0.000014487451482965836,-0.000014238157816262549,-0.000014460088093199589,-0.00001425314417104815,-0.000014325894818811718,-0.000014134304534857598,-0.000014319482579212955,-0.000014644795611347597,-0.000014415661622455326,-0.000014702290712702815,-0.000014526644684808534,-0.000014399981579299296,-0.000014363515704135773,-0.00001427090089891317,-0.000014521663836161317,-0.00001450389741901754,-0.00001443632880289472,-0.00001430317563104221,-0.0000144930541005667,-0.000014510167266665665,-0.000014334390024497267,-0.000014448765102013416,-0.00001474488329087738,-0.000014466804874965327,-0.000014377343185097283,-0.000014396363065327164,-0.000014502925231293007,-0.000014533174749885353,-0.000014754599920228639,-0.00001476194000458093,-0.000014389797679916793,-0.000014453034909554616,-0.000014589429030544364,-0.000014315426373235715,-0.000015210075346117127,-0.000014360164287659253,-0.000014656386361084256,-0.000014593518549391115,-0.00001457936397930548,-0.000016852736053891286,-0.00001404073715620692,-0.000014595240895219129,-0.000013862781241622613,-0.000014619205979828482,-0.00001450955490312323,-0.00001438353048996953,-0.0000144894399295598,-0.0000142462988011854,-0.000014295506943922419,-0.000014357886903086274,-0.000014702579799741624,-0.000014576755517118523,-0.000014614104529873895,-0.000014688579236866702,-0.000014423323626366698,-0.000014694408832686521,-0.000014506442942986305,-0.000014637757994578758,-0.000014538550026901953,-0.000014346762176963401,-0.000014292884449980883,-0.000014211270514588503,-0.000014396085357618625,-0.000014769150153945467,-0.00001467897974826877,-0.000014302889831926435,-0.000014425418470689688,-0.000014501477128738832,-0.000014747873226213384,-0.000014451218490770535,-0.0000149163932824825,-0.00001442615561315513,-0.000014377359555743623,-0.000014476974840374007,-0.000014666759772275772,-0.000014460497213080865,-0.000014731667343327798,-0.000014619725596782367,-0.000013840769747737113,-0.000014131323756799506,-0.00001433839409918467,-0.000014510186550034651,-0.000014034444036749786,-0.000014682739748445764,-0.000014429048327962278,-0.00001443076742911069,-0.000014364334851981797,-0.00001448152609086846,-0.000014788029412071018,-0.00001456314951870163,-0.000014388610224643184,-0.000014130296980293715,-0.000014327942912101388,-0.000014327535104057415
-9.078453704568307e-6,-9.506615606596336e-6,-9.423967471031725e-6,-9.459459406637829e-6,-9.408570258213916e-6,-9.226241181869302e-6,-9.373235611715322e-6,-9.147911101157978e-6,-9.267827508504456e-6,-8.901381589472794e-6,-9.227607371502801e-6,-9.60165790445295e-6,-9.326646419732045e-6,-9.604211145893607e-6,-9.426046722801645e-6,-9.31629996884828e-6,-9.464374383122114e-6,-9.223721210355495e-6,-9.465910676731753e-6,-9.406627455481137e-6,-9.397527137929198e-6,-9.2967360717106e-6,-9.358710192246236e-6,-9.541348249623238e-6,-9.293721975910805e-6,-9.428382930606985e-6,-9.586197967424769e-6,-9.522616825976552e-6,-9.319803777250184e-6,-9.312129989886102e-6,-9.462864420477365e-6,-9.489253701540543e-6,-9.628713536347412e-6,-9.613346567982541e-6,-9.390426496437825e-6,-9.374961706705627e-6,-9.524113085383243e-6,-9.285313164893579e-6,-9.988290584134991e-6,-9.299258475926928e-6,-9.563299055396403e-6,-9.44799794565232e-6,-9.486195476084513e-6,-0.000010604856292149067,-9.01697856832371e-6,-9.528543280309744e-6,-8.768799045251214e-6,-9.596449672617295e-6,-9.439625964826001e-6,-9.322285192744491e-6,-9.424068360305968e-6,-9.20214178344463e-6,-9.21458497492815e-6,-9.294907895499641e-6,-9.56083060866105e-6,-9.50533735925471e-6,-9.575325613486429e-6,-9.548446712840256e-6,-9.365891017294278e-6,-9.570539499448987e-6,-9.49727403989148e-6,-9.553147711252375e-6,-9.429688142595475e-6,-9.349845147780625e-6,-9.098027223340305e-6,-9.164727031696198e-6,-9.1569416511264e-6,-9.648221300882902e-6,-9.59894826967793e-6,-9.234201057067374e-6,-9.386342659633301e-6,-9.488306116396884e-6,-9.559510959941778e-6,-9.33937067368802e-6,-9.844513149748728e-6,-9.3671642790832e-6,-9.357428032465873e-6,-9.492315723177121e-6,-9.58734251965491e-6,-9.368165160360403e-6,-9.594641768129912e-6,-9.568961192464313e-6,-8.831193716939917e-6,-9.165564100059776e-6,-9.259265247219826e-6,-9.419752829793292e-6,-8.85403584585454e-6,-9.592870574860013e-6,-9.308914136732896e-6,-9.32555081815856e-6,-9.257433804997649e-6,-9.396776470519703e-6,-9.69843352776423e-6,-9.493616710318535e-6,-9.333828159034266e-6,-9.199195671812186e-6,-9.291238031991395e-6,-9.361730597092272e-6
-6.099060443532783e-6,-6.4994632390745376e-6,-6.364468671294699e-6,-6.40851533933768e-6,-6.375406208567255e-6,-6.239169337520505e-6,-6.307837058191627e-6,-6.0576099014728244e-6,-6.257851191512517e-6,-5.7987657913673e-6,-6.259510873019693e-6,-6.606895670315526e-6,-6.293544713185011e-6,-6.523292947792076e-6,-6.375564849371378e-6,-6.337738534912397e-6,-6.532575867323204e-6,-6.294164442808903e-6,-6.429643214294888e-6,-6.375485843753106e-6,-6.5031837113772775e-6,-6.324934495443432e-6,-6.258442838661535e-6,-6.580096539339675e-6,-6.316540796721839e-6,-6.443882318405601e-6,-6.396238365262774e-6,-6.451547415403947e-6,-6.296130843126642e-6,-6.283595646688057e-6,-6.43520843227656e-6,-6.42680989538056e-6,-6.52661651930222e-6,-6.493054284766771e-6,-6.440057226360651e-6,-6.333234665684228e-6,-6.574601344467626e-6,-6.276783697164839e-6,-6.858106899375703e-6,-6.292912088536703e-6,-6.5004079038407234e-6,-6.323369028586362e-6,-6.42810065386023e-6,-6.325568026292696e-6,-6.089831548157509e-6,-6.465865717679035e-6,-5.847480104626753e-6,-6.6015326233741096e-6,-6.442154087421591e-6,-6.2974717430255126e-6,-6.392325331499128e-6,-6.216754721509167e-6,-6.221069018760884e-6,-6.391254142910997e-6,-6.433099808649427e-6,-6.430212789947806e-6,-6.5061262763763845e-6,-6.4896156364784475e-6,-6.358403317051341e-6,-6.476045612810968e-6,-6.511844530264495e-6,-6.4677790542555945e-6,-6.370622960395364e-6,-6.350049566207962e-6,-6.133887670467195e-6,-6.145999133368882e-6,-6.037483807771238e-6,-6.5800628029429665e-6,-6.6075422951439885e-6,-6.228334026208004e-6,-6.366051521825216e-6,-6.600481334401047e-6,-6.437385785864068e-6,-6.258020152522801e-6,-6.818709869346488e-6,-6.347253419746448e-6,-6.344890502760916e-6,-6.46506412831381e-6,-6.5137943838743555e-6,-6.321375801295274e-6,-6.448261709695497e-6,-6.529890475524282e-6,-5.692842370847681e-6,-6.198748995346192e-6,-6.233748028346717e-6,-6.3721109436505534e-6,-5.8374324773027e-6,-6.478263063599168e-6,-6.24478225177863e-6,-6.264977883865408e-6,-6.165444576045355e-6,-6.346960884938681e-6,-6.535581871025597e-6,-6.46550961182694e-6,-6.310399546847944e-6,-6.342462233368707e-6,-6.254017442729633e-6,-6.411141495253138e-6
-3.942232852294302e-6,-4.442704771025591e-6,-4.095339352040796e-6,-4.1716876012911375e-6,-4.142422019304894e-6,-4.012956532928609e-6,-4.067524576296083e-6,-3.810101705547153e-6,-4.058084406861366e-6,-3.521821199699574e-6,-4.091384485845328e-6,-4.344635546208722e-6,-4.0210566617929505e-6,-4.168021219015132e-6,-4.121065800224199e-6,-4.096027467691626e-6,-4.252305356202426e-6,-4.1288385190738645e-6,-4.1906764769497215e-6,-4.160355825762253e-6,-4.4042690410414506e-6,-4.105501915013148e-6,-4.0166763293809726e-6,-4.327292797860757e-6,-4.1271224890267455e-6,-4.194919916225037e-6,-4.136623489188942e-6,-4.086472907121394e-6,-4.06349666311339e-6,-4.062346127849484e-6,-4.200896643011002e-6,-4.151563565510604e-6,-4.248129818886717e-6,-4.262757898855439e-6,-4.234664373238279e-6,-4.071341136090866e-6,-4.419660512125319e-6,-4.03475692634822e-6,-4.6012674922817635e-6,-4.070701607273192e-6,-4.208280575306765e-6,-4.044081044644479e-6,-4.1950539855753625e-6,-3.699116629812701e-6,-3.940943865559388e-6,-4.202307802121891e-6,-3.831418932360788e-6,-4.3364256858488435e-6,-4.232460983129815e-6,-3.98468758483172e-6,-4.125831873256446e-6,-3.986369931059831e-6,-4.024638705668078e-6,-4.243479158136922e-6,-4.1348367664142825e-6,-4.160332783826519e-6,-4.160895565850414e-6,-4.234597725584648e-6,-4.134104871401739e-6,-4.16375817212091e-6,-4.2836572922801035e-6,-4.103484487378581e-6,-4.108544112982579e-6,-4.0784034941046145e-6,-4.042315640834048e-6,-3.902921269472033e-6,-3.825690612971151e-6,-4.315254869116453e-6,-4.354706094272608e-6,-4.019918518269877e-6,-4.105971546763765e-6,-4.3302930071841894e-6,-4.209470963319482e-6,-3.988728276884189e-6,-4.558115688017137e-6,-4.101311114568283e-6,-4.141681758337691e-6,-4.196394169496718e-6,-4.214620147982179e-6,-4.098684094724371e-6,-4.147014488899522e-6,-4.271765567192438e-6,-3.360278637894699e-6,-3.97008810028729e-6,-4.087114030102008e-6,-4.143294511077842e-6,-3.6766226686220417e-6,-4.2246927852767985e-6,-3.986860478235062e-6,-4.0218319401852304e-6,-3.896720376724662e-6,-4.037490454056564e-6,-4.175741376452801e-6,-4.22983379448507e-6,-4.102662777518429e-6,-4.201063387913878e-6,-4.001718488134315e-6,-4.203389894028036e-6
-2.8598099437220934e-6,-3.560627101296073e-6,-3.011139458856627e-6,-3.1048708576398277e-6,-3.099681683131654e-6,-2.9745806414884524e-6,-3.125864464178633e-6,-2.7459870415351676e-6,-3.0106003979797733e-6,-2.5271528253065577e-6,-3.077401856720676e-6,-3.180664643563428e-6,-2.9150423773473436e-6,-3.0135587972503175e-6,-3.0501471201350557e-6,-3.0139839189258906e-6,-3.1422887805216934e-6,-3.093530550834822e-6,-3.1335091634251784e-6,-3.1291769204117492e-6,-3.3702008491859266e-6,-3.035810850075302e-6,-3.0014216161596918e-6,-3.1969675739538015e-6,-3.07770416554573e-6,-3.1135109400669675e-6,-3.151778244812327e-6,-2.963685216061037e-6,-2.997877327378469e-6,-3.0154546108753887e-6,-3.12799339083195e-6,-3.0777866203365695e-6,-3.1864867381976414e-6,-3.1426965846118427e-6,-3.16017774000815e-6,-2.994233366093753e-6,-3.413016258490868e-6,-2.9639464634967393e-6,-3.4865062641503723e-6,-3.011835443738621e-6,-3.0518337860949216e-6,-3.0300927129288087e-6,-3.1628858313402758e-6,-2.4754424062522133e-6,-2.9072002655766824e-6,-3.084821602424637e-6,-3.0121337186240626e-6,-3.1849178595757964e-6,-3.180568729676769e-6,-2.8805976848007346e-6,-3.065568595950707e-6,-2.920783778722455e-6,-2.9580135970005675e-6,-3.166594436641902e-6,-3.0357655882509868e-6,-3.100852435120755e-6,-3.045589976768321e-6,-3.1593534817900906e-6,-3.0842061094184488e-6,-3.06040576108782e-6,-3.217535769103298e-6,-2.9662388053164288e-6,-3.0435962676914593e-6,-2.9633428577621975e-6,-3.1068055230312024e-6,-2.8436776202355947e-6,-2.8290823950176136e-6,-3.2688772025277043e-6,-3.237730153255914e-6,-2.971959891119857e-6,-3.0212725665372688e-6,-3.1221284847491665e-6,-3.147458929582276e-6,-2.8719153524044584e-6,-3.3922543169928907e-6,-3.0364089627642426e-6,-3.106661153545104e-6,-3.126860196464742e-6,-3.1131357688302033e-6,-3.0581980302308957e-6,-3.105627809791925e-6,-3.1203488631887023e-6,-2.316872600486812e-6,-2.9107230017950436e-6,-3.1071230742182507e-6,-3.0899983497438685e-6,-2.654696330861626e-6,-3.2442182267570213e-6,-2.92901241182132e-6,-2.9833922804020654e-6,-2.8721817278008753e-6,-2.9728184068682746e-6,-3.1016505628878543e-6,-3.1599278742433027e-6,-3.094462041185527e-6,-3.1844006385298644e-6,-3.0102402577120953e-6,-3.1652344867715836e-6
-2.446771201591173e-6,-3.2527600227392785e-6,-2.5394935589326368e-6,-2.615985798310766e-6,-2.6632497359916205e-6,-2.556321890725676e-6,-2.7987479590621112e-6,-2.2828476983158213e-6,-2.5628296282744172e-6,-2.2627365414154767e-6,-2.64537806131694e-6,-2.6002626489612527e-6,-2.458106984693182e-6,-2.481590005190817e-6,-2.598863862761634e-6,-2.592935323997325e-6,-2.6429361249051643e-6,-2.668194404216493e-6,-2.6597795786727404e-6,-2.7086241890285803e-6,-2.892476673494813e-6,-2.554899665902922e-6,-2.6125353654017437e-6,-2.6945925219735465e-6,-2.6072773245855754e-6,-2.663611792828432e-6,-2.7472302815167483e-6,-2.527750931585386e-6,-2.5298819667167213e-6,-2.5488456835999296e-6,-2.657811475197126e-6,-2.628257924265057e-6,-2.733071270016355e-6,-2.558533140962196e-6,-2.7141543594818875e-6,-2.5264677774689147e-6,-2.9589682627171813e-6,-2.499400038892923e-6,-2.940609221307992e-6,-2.5636021092063714e-6,-2.476993206712494e-6,-2.579885336011865e-6,-2.728582672195626e-6,-2.0795851449499062e-6,-2.5062451242683058e-6,-2.5906613815124867e-6,-2.7534260752709985e-6,-2.642567716338108e-6,-2.7208146307351994e-6,-2.419035976478929e-6,-2.6127653583519275e-6,-2.4231949348322035e-6,-2.4810583477526147e-6,-2.704195091051668e-6,-2.5201683243529246e-6,-2.5986053841443417e-6,-2.555081431246897e-6,-2.7237328538031676e-6,-2.6153451397572844e-6,-2.5872555841349633e-6,-2.7745312282429253e-6,-2.3555109939297916e-6,-2.5938386461987193e-6,-2.4456918818046794e-6,-2.782773552754798e-6,-2.395230232822135e-6,-2.4377886323682442e-6,-2.792165423580924e-6,-2.669530276253023e-6,-2.483761593909507e-6,-2.547594477005853e-6,-2.409118358844865e-6,-2.693820663584173e-6,-2.420162632784684e-6,-2.7888301853788575e-6,-2.573649325501525e-6,-2.667236995684642e-6,-2.596088907067391e-6,-2.658896137509112e-6,-2.605880943064062e-6,-2.6667729622122266e-6,-2.582004866527871e-6,-1.968051405085162e-6,-2.536181613430728e-6,-2.7120909000872824e-6,-2.6326777471738803e-6,-2.1823856877221387e-6,-2.822340991276836e-6,-2.4782690181388233e-6,-2.5678081716996893e-6,-2.4089526044906444e-6,-2.537474910572888e-6,-2.6820436714362817e-6,-2.6798764547742956e-6,-2.7184778691726647e-6,-2.7010636417739992e-6,-2.6148955764518618e-6,-2.696111574586439e-6
-2.5024286589049606e-6,-3.2778157691084623e-6,-2.450210409201336e-6,-2.5288881316786766e-6,-2.564617960409515e-6,-2.510782371341807e-6,-2.849511603143456e-6,-2.2248983714268993e-6,-2.516947883558652e-6,-2.4039439044762777e-6,-2.6060336358202017e-6,-2.47867966565806e-6,-2.433443115962796e-6,-2.3702214369455353e-6,-2.5322197621840247e-6,-2.5799746066572076e-6,-2.529148094831977e-6,-2.65115070086863e-6,-2.595142947924534e-6,-2.6746783209721136e-6,-2.7559317266133766e-6,-2.457993696163862e-6,-2.613819621081611e-6,-2.586516973586063e-6,-2.520417771730841e-6,-2.625371003118694e-6,-2.6322571409603094e-6,-2.4815074944295496e-6,-2.4476140828202914e-6,-2.4704621865177135e-6,-2.578424964334561e-6,-2.5872575825349804e-6,-2.67361629751862e-6,-2.365987714046231e-6,-2.6347979873199804e-6,-2.43678102847586e-6,-2.827541727321586e-6,-2.4444073863129026e-6,-2.779406179613635e-6,-2.510012052647959e-6,-2.372110819494758e-6,-2.447304461066251e-6,-2.668998194750374e-6,-2.0256763556005436e-6,-2.5060248601413395e-6,-2.504079467302575e-6,-2.80283891511436e-6,-2.503575815280191e-6,-2.618666767194313e-6,-2.352469933524013e-6,-2.5162366812650405e-6,-2.3434049833161316e-6,-2.3993989718165186e-6,-2.659239441497927e-6,-2.4042156253536265e-6,-2.431344691054274e-6,-2.48325454915463e-6,-2.6277233031306284e-6,-2.5431494160952365e-6,-2.514873922146172e-6,-2.6878403842565416e-6,-2.1800617095288107e-6,-2.533584543455276e-6,-2.3226941008249512e-6,-2.7891663824855897e-6,-2.3739984331810213e-6,-2.416015699585789e-6,-2.6030778789585966e-6,-2.531276638588853e-6,-2.3712692718916344e-6,-2.480756556886223e-6,-2.136259579942837e-6,-2.67609457905397e-6,-2.3931685239494118e-6,-2.514864564031353e-6,-2.501977075712188e-6,-2.6263976956081076e-6,-2.450728618174274e-6,-2.577722041677045e-6,-2.5378491805673966e-6,-2.6148590848631316e-6,-2.4881055678136238e-6,-2.0306935325676494e-6,-2.465197747714152e-6,-2.578459305696407e-6,-2.574573198172502e-6,-2.1730872715747026e-6,-2.743441080337787e-6,-2.4147285765491063e-6,-2.5411248073916697e-6,-2.3024896180243084e-6,-2.5077598852414455e-6,-2.6383968773921877e-6,-2.5690863895396796e-6,-2.708657550314324e-6,-2.5955070788181936e-6,-2.5714747560903816e-6,-2.6339361274148346e-6
-2.7381320722709933e-6,-3.49086971542037e-6,-2.6217244168732294e-6,-2.71082048180445e-6,-2.6739740150757497e-6,-2.7265041804554212e-6,-3.064545181811054e-6,-2.3931692619144157e-6,-2.678803664587033e-6,-2.7249099322568526e-6,-2.8097742927536993e-6,-2.620152506501264e-6,-2.6750980771957744e-6,-2.537381901851796e-6,-2.7182031895105975e-6,-2.85416022735606e-6,-2.6899805235069927e-6,-2.830334836744324e-6,-2.820179405732139e-6,-2.888869191668766e-6,-2.8967481528202285e-6,-2.656354504690407e-6,-2.8056076454768533e-6,-2.782289023838901e-6,-2.686639813675355e-6,-2.779860728007106e-6,-2.745715034171177e-6,-2.653079967015371e-6,-2.6046454650493063e-6,-2.655998527699316e-6,-2.7916131696839396e-6,-2.7595371988295502e-6,-2.866768314054683e-6,-2.402172003598276e-6,-2.7969474031747734e-6,-2.619663492847628e-6,-2.9312205169008376e-6,-2.6606166220051427e-6,-2.8159185500711916e-6,-2.7051230330663233e-6,-2.533471722370572e-6,-2.572505502542485e-6,-2.8416407767590607e-6,-2.2073645065471875e-6,-2.7235178051547897e-6,-2.69887375656063e-6,-3.0264422137662667e-6,-2.5969991009553384e-6,-2.781143973210855e-6,-2.5773130391314085e-6,-2.6360684400774416e-6,-2.5516895699070904e-6,-2.5886699976571017e-6,-2.8451354816356884e-6,-2.5672612441556046e-6,-2.5431395813108752e-6,-2.6795644707255703e-6,-2.734445141248601e-6,-2.731791978465737e-6,-2.715016353774109e-6,-2.8200562163705057e-6,-2.3146344743058972e-6,-2.725167160849717e-6,-2.473696143574099e-6,-2.950367867249467e-6,-2.6206979120678425e-6,-2.6418075046783107e-6,-2.733509248140691e-6,-2.754323435224534e-6,-2.5395595590624544e-6,-2.703832819485829e-6,-2.2767449812191064e-6,-2.8277797602605326e-6,-2.6025012030702253e-6,-2.5571744680623535e-6,-2.6885680736870527e-6,-2.8326744430857804e-6,-2.599772429767665e-6,-2.7478639140236264e-6,-2.726015940007427e-6,-2.751863727936571e-6,-2.683199921785282e-6,-2.4651121546999687e-6,-2.781246884366515e-6,-2.6782020594148615e-6,-2.7747479061988065e-6,-2.4543838399940644e-6,-2.8949086284571136e-6,-2.6217234434117354e-6,-2.734808973813496e-6,-2.4785831267921777e-6,-2.746006463589398e-6,-2.8025548134025037e-6,-2.7278543745493064e-6,-2.9129875389650443e-6,-2.7371081596892892e-6,-2.742660354349964e-6,-2.8662187031588716e-6
-3.2283092929135372e-6,-3.771548733721305e-6,-3.0356758653139142e-6,-3.1549109350164642e-6,-3.059551587922034e-6,-3.2055638800988624e-6,-3.4116221289603553e-6,-2.7637516886260037e-6,-3.1142051784465394e-6,-3.1308319684513174e-6,-3.2571415682675503e-6,-2.954453050930004e-6,-3.1599346852613062e-6,-3.0141145535821745e-6,-3.1496048786168793e-6,-3.3653289871732614e-6,-3.119246685683406e-6,-3.25609894251949e-6,-3.2808192282071528e-6,-3.3452211120160454e-6,-3.316333300882959e-6,-3.1211804860451185e-6,-3.2268098487262413e-6,-3.311417400058553e-6,-3.1077409351112813e-6,-3.1645265545129233e-6,-3.10956283669747e-6,-3.097208812754111e-6,-3.0193004550617962e-6,-3.1087094996667024e-6,-3.276416092094292e-6,-3.196070427111655e-6,-3.2754876692748726e-6,-2.721525390828953e-6,-3.1800978305563645e-6,-3.065715732550452e-6,-3.266398149212934e-6,-3.118840145960985e-6,-3.0819696708097446e-6,-3.1201574764622866e-6,-3.0166963010831044e-6,-2.979322847794274e-6,-3.2549649689366085e-6,-2.545168016813906e-6,-3.2001495789958915e-6,-3.1326044912664462e-6,-3.3353446115532186e-6,-2.933339881424768e-6,-3.213769215505456e-6,-3.0799821642344785e-6,-3.0103253001014856e-6,-3.0202665592631135e-6,-3.0267932528788425e-6,-3.3147748258448002e-6,-3.0543318012908874e-6,-2.967785141921919e-6,-3.1143694910247797e-6,-3.0874301671807316e-6,-3.1693922233569413e-6,-3.161184547352041e-6,-3.1852230952264407e-6,-2.6596417128308182e-6,-3.1685614344918184e-6,-2.9292346362559883e-6,-3.2909786112393054e-6,-3.1018044554175778e-6,-3.1479429185186425e-6,-3.1878487612282863e-6,-3.2853246834785905e-6,-3.0167829287314015e-6,-3.1325516068775616e-6,-2.778258890128256e-6,-3.2888214199600945e-6,-3.0378623461724506e-6,-2.906635472091407e-6,-3.1241042278952216e-6,-3.284532955729878e-6,-3.05733280651993e-6,-3.203366399219111e-6,-3.1437719639308243e-6,-3.1102802631737715e-6,-3.183191048075308e-6,-3.035205087591964e-6,-3.3915023263140402e-6,-3.088604906410553e-6,-3.2099813621159e-6,-2.9614558343568863e-6,-3.3139953337729365e-6,-3.0791924098866148e-6,-3.16279309923963e-6,-2.9028091044417226e-6,-3.251498179545741e-6,-3.1616667654134742e-6,-3.1695614921898495e-6,-3.3814567750192287e-6,-3.165584830261811e-6,-3.152513265384588e-6,-3.3585086206285904e-6
-3.223934447956516e-6,-3.478347011656377e-6,-2.961346791257614e-6,-3.1228825392137e-6,-2.999200669236416e-6,-3.205637307051024e-6,-3.3228944827366795e-6,-2.6824969566314844e-6,-3.0522326645193516e-6,-3.007591187380098e-6,-3.207870623877455e-6,-2.7776218398464265e-6,-3.166927610677039e-6,-2.9826467556155426e-6,-3.1022032026609984e-6,-3.3761927824953434e-6,-3.0694128939285453e-6,-3.1892292518386154e-6,-3.2568961147402164e-6,-3.221638761271125e-6,-3.246204866279419e-6,-3.0773600671606615e-6,-3.185537543118291e-6,-3.338541046763248e-6,-3.0476057574914852e-6,-3.082084877097544e-6,-3.041821970415302e-6,-3.0559220884884334e-6,-2.966684663830991e-6,-3.0845371302267893e-6,-3.2960864797406353e-6,-3.1566652568931212e-6,-3.1987171582908946e-6,-2.659699172837114e-6,-3.0747817112680605e-6,-3.049104365320995e-6,-3.1189275133903594e-6,-3.0700505541815726e-6,-3.0160551607363103e-6,-3.0744719514057783e-6,-3.030879840130633e-6,-2.9319773550398556e-6,-3.2055059252378437e-6,-2.6083002953872507e-6,-3.2122901634195046e-6,-3.0732793677285526e-6,-3.059649360306892e-6,-2.8211200619931095e-6,-3.164691201827848e-6,-3.06478200045456e-6,-2.9719138875631447e-6,-3.014202161791988e-6,-2.9890602567456424e-6,-3.3169045135873302e-6,-3.104029697500108e-6,-2.9643013618896856e-6,-3.0827190720900738e-6,-3.16293764692086e-6,-3.1465696487847765e-6,-3.099281385787467e-6,-3.083016289209971e-6,-2.62318928406026e-6,-3.129610300528423e-6,-2.9246037042303335e-6,-3.200265705672543e-6,-3.105002727697469e-6,-3.118560214632245e-6,-3.1773311238748482e-6,-3.32460113811495e-6,-3.008112423731293e-6,-3.056478059465695e-6,-2.7993949255987764e-6,-3.2660457307202874e-6,-3.009615747315785e-6,-2.8454818165353276e-6,-3.0664449512873844e-6,-3.2745559884753176e-6,-3.0041027344507263e-6,-3.1899363792061997e-6,-3.0750372769212228e-6,-3.0116836808017654e-6,-3.1982196077974534e-6,-3.0264989990846906e-6,-3.3983917969836422e-6,-3.115814107898089e-6,-3.1536352560608243e-6,-2.932177609878694e-6,-3.2455420400915547e-6,-3.065029711171583e-6,-3.1148839606799657e-6,-2.8187439570060943e-6,-3.251803185159675e-6,-3.023805829467112e-6,-3.1341091820530487e-6,-3.3391274214745834e-6,-3.1153417325694368e-6,-3.1347228977275032e-6,-3.3782667433304086e-6
-3.079121136308582e-6,-3.3049592705885163e-6,-2.815133254485404e-6,-3.0197241404157064e-6,-2.8416022235509498e-6,-3.0906110714518846e-6,-3.176340606543706e-6,-2.559154956650731e-6,-2.9301504301874745e-6,-2.8262114442181094e-6,-3.040482280569802e-6,-2.6237968536421332e-6,-3.0609364484013935e-6,-2.7854092298968452e-6,-2.957679265749783e-6,-3.2219595192645606e-6,-2.8504564594307376e-6,-2.99259099146902e-6,-3.1343129997148433e-6,-3.026867713119439e-6,-3.0671122623029283e-6,-2.9516239290570647e-6,-3.0750892521587395e-6,-3.2235046411711065e-6,-2.893774155948097e-6,-2.920524290281895e-6,-2.940408175975546e-6,-2.9169222330448814e-6,-2.8189552276386823e-6,-2.9286202356211932e-6,-3.1992236734905113e-6,-3.018492272302236e-6,-3.055778427160088e-6,-2.623241515375754e-6,-2.8866824000011858e-6,-2.938505922115232e-6,-2.914599236853976e-6,-2.928375866702764e-6,-2.8780507560312315e-6,-2.9396544617000777e-6,-2.9072779507629615e-6,-2.8179104141112214e-6,-3.083444688413782e-6,-2.762312171014934e-6,-3.0854064860179852e-6,-2.9035589553515207e-6,-2.666530848364984e-6,-2.6223841525594566e-6,-3.0163904992994736e-6,-2.934366420760604e-6,-2.8757447555060387e-6,-2.934753531551135e-6,-2.843121064539826e-6,-3.208158639114331e-6,-3.0098542326387337e-6,-2.795736566741898e-6,-2.951239502707037e-6,-3.096897828920065e-6,-3.040344790162046e-6,-2.957344383207507e-6,-2.902702839667212e-6,-2.489151591875384e-6,-3.0015007112426225e-6,-2.8619323082799774e-6,-3.0300456665308902e-6,-3.007625298001481e-6,-2.986492329267381e-6,-3.0279022470340605e-6,-3.230987682529264e-6,-2.861802601031973e-6,-2.918197476223423e-6,-2.6854026534340247e-6,-3.1101879810727193e-6,-2.889770956381597e-6,-2.7504738799158315e-6,-2.908911255280425e-6,-3.190628154853262e-6,-2.8297441789292482e-6,-3.0732324015747866e-6,-2.9109777136098223e-6,-2.8148705140244576e-6,-3.109251703547317e-6,-2.9772537466532356e-6,-3.133039939355544e-6,-3.022155252426453e-6,-2.985781707609536e-6,-2.687270625119484e-6,-3.050504780783177e-6,-2.9577566368590245e-6,-2.964306771374068e-6,-2.602170212939631e-6,-3.1529710248175143e-6,-2.7682534910820675e-6,-2.9945419174701297e-6,-3.153717452198249e-6,-2.928819012896097e-6,-3.0291485862940676e-6,-3.2867361686653056e-6
-2.565764677863282e-6,-3.014577161989094e-6,-2.3545157058352183e-6,-2.561571411423308e-6,-2.3940910162005136e-6,-2.647495527788713e-6,-2.610431639082855e-6,-2.2162304088831896e-6,-2.5065097245885598e-6,-2.3516776267821763e-6,-2.5615966332505576e-6,-2.2699931242400478e-6,-2.654390456607246e-6,-2.2760704538668277e-6,-2.496937042936556e-6,-2.7374899871138288e-6,-2.2664692821732906e-6,-2.499597101104066e-6,-2.703110705033439e-6,-2.6115115293009683e-6,-2.6110782480941826e-6,-2.490980276291156e-6,-2.6466691452473554e-6,-2.7736082963669644e-6,-2.434224807135939e-6,-2.4580386524325023e-6,-2.5571063986477563e-6,-2.4534951564583284e-6,-2.369281409434344e-6,-2.451562580397909e-6,-2.764967624296219e-6,-2.5626051654404193e-6,-2.5933641230531822e-6,-2.4033915256152777e-6,-2.433427669440782e-6,-2.5107294713695035e-6,-2.420103977068363e-6,-2.498671522498038e-6,-2.425585092162438e-6,-2.4756906570888624e-6,-2.5290691374243303e-6,-2.4286780511142896e-6,-2.6473185883065473e-6,-2.453156924059941e-6,-2.5867259429327663e-6,-2.410867906449879e-6,-1.9920797127833933e-6,-2.207371782747759e-6,-2.564613528312155e-6,-2.5146650506407485e-6,-2.4441945218891014e-6,-2.5843286188699005e-6,-2.3789469236573025e-6,-2.7524674907861985e-6,-2.5714655254042787e-6,-2.3506210624965086e-6,-2.5194951272555917e-6,-2.6169366169384606e-6,-2.6222404805947886e-6,-2.5051472973074695e-6,-2.434987756252571e-6,-2.0186065101543795e-6,-2.5616859280355302e-6,-2.426018035288716e-6,-2.5951996362218346e-6,-2.561882495673049e-6,-2.543147715975193e-6,-2.562978521336038e-6,-2.7606054421151613e-6,-2.382260719125866e-6,-2.5026925778157777e-6,-2.293527254918958e-6,-2.6556430972983152e-6,-2.4460933779938417e-6,-2.3830593679519572e-6,-2.463978426851003e-6,-2.7833552053406906e-6,-2.4881132098751886e-6,-2.6270743368816964e-6,-2.4570168628902214e-6,-2.309863417206514e-6,-2.688988546641749e-6,-2.6411685090935482e-6,-2.571008222661618e-6,-2.5731613739068218e-6,-2.496792940154305e-6,-2.109494091328594e-6,-2.5844427245565745e-6,-2.506266730886097e-6,-2.505007803190315e-6,-2.0433944257824867e-6,-2.7208951590018766e-6,-2.196437579659745e-6,-2.5184000172703258e-6,-2.678471399441872e-6,-2.44313971392983e-6,-2.6171751100528504e-6,-2.8163457776208463e-6
-2.208508959399877e-6,-2.9452208781835765e-6,-2.0004759946977316e-6,-2.183559283567216e-6,-2.0568464114666015e-6,-2.314468229942711e-6,-2.1842914322277556e-6,-1.9586146376718185e-6,-2.1801345328035526e-6,-2.0595787962854115e-6,-2.1931711964384845e-6,-2.0591915798533448e-6,-2.3866767265901613e-6,-1.8715009769327615e-6,-2.155405207087982e-6,-2.4658193022974374e-6,-1.8774029500861472e-6,-2.1389211957460788e-6,-2.3841701931017348e-6,-2.2513470283292217e-6,-2.3021378333686993e-6,-2.18192623102281e-6,-2.285955743545398e-6,-2.4221777057033895e-6,-2.0997552610281084e-6,-2.1182227575292014e-6,-2.2762990300998e-6,-2.1138009001979608e-6,-2.042796465641077e-6,-2.1195531928541777e-6,-2.424633444437827e-6,-2.2254605300964583e-6,-2.2390200446048924e-6,-2.3115259721504174e-6,-2.1322115761213897e-6,-2.200976348909545e-6,-2.102512475088803e-6,-2.1994841347086537e-6,-2.116000029965409e-6,-2.1228707282360695e-6,-2.238996475990662e-6,-2.210196297649224e-6,-2.3032423987916765e-6,-2.1627278454705727e-6,-2.213851759511037e-6,-2.0704166389229124e-6,-1.4321285826622912e-6,-1.963645710056499e-6,-2.223701060271466e-6,-2.2244162484384263e-6,-2.0991671860973164e-6,-2.346985867624442e-6,-2.055419394462681e-6,-2.3883391342603537e-6,-2.270923370422235e-6,-2.0531060309306884e-6,-2.2088472358980267e-6,-2.2380644095335738e-6,-2.31122071688854e-6,-2.176287840397697e-6,-2.0990040010028754e-6,-1.6614216933937324e-6,-2.2304806045253764e-6,-2.093760693562314e-6,-2.2782161345712826e-6,-2.234983310075159e-6,-2.216644641348791e-6,-2.2223802589375963e-6,-2.4082504825348505e-6,-2.0310098477322256e-6,-2.2035707306310386e-6,-2.0457375635446275e-6,-2.3761674785262406e-6,-2.1481921542804274e-6,-2.1263502131370523e-6,-2.151371199868345e-6,-2.476311844986167e-6,-2.268366762700535e-6,-2.3004072392472834e-6,-2.1302311149168767e-6,-1.9289623717093863e-6,-2.3442537279121195e-6,-2.346979436468844e-6,-2.2570141678377427e-6,-2.2094296149580824e-6,-2.151658856737765e-6,-1.6915425532357014e-6,-2.2285861476780693e-6,-2.173775481066813e-6,-2.149685976897569e-6,-1.6357154148302556e-6,-2.3792837980712775e-6,-1.7720977370526718e-6,-2.1756705302632297e-6,-2.355999296945511e-6,-2.0980404323315704e-6,-2.3519816097824066e-6,-2.3880202376643032e-6
-2.547087684408736e-6,-3.484899298785027e-6,-2.353632497513444e-6,-2.506041440396125e-6,-2.359048676660318e-6,-2.6655228713226008e-6,-2.4555521536067164e-6,-2.2486911886276874e-6,-2.5217265757548536e-6,-2.464392566854556e-6,-2.501675438471141e-6,-2.4677631173344834e-6,-2.7708508532030473e-6,-2.2155611269066194e-6,-2.500010822946598e-6,-2.839057107467303e-6,-2.2245538099628388e-6,-2.4791274320721326e-6,-2.751275911077162e-6,-2.536827529371675e-6,-2.6639532745162504e-6,-2.52916305316896e-6,-2.5950589354040726e-6,-2.772463598907395e-6,-2.447044127418928e-6,-2.448057478876657e-6,-2.600274236857667e-6,-2.4421259777462415e-6,-2.3894237627786612e-6,-2.4735376478265652e-6,-2.76236041180608e-6,-2.536301317862794e-6,-2.5671575235652098e-6,-2.7660438609065596e-6,-2.523147897061064e-6,-2.561213294995069e-6,-2.486286851383882e-6,-2.562116039594628e-6,-2.5530925909041405e-6,-2.45678405031756e-6,-2.607774557469161e-6,-2.6602583366079725e-6,-2.6350503152909633e-6,-2.545693614612534e-6,-2.534492269780997e-6,-2.400837953376902e-6,-1.5912964319880688e-6,-2.278466738871407e-6,-2.572063271276496e-6,-2.5440123395615715e-6,-2.4602449184514574e-6,-2.742654204622533e-6,-2.4119695366548123e-6,-2.651194275677493e-6,-2.6597124744894104e-6,-2.3850902991120213e-6,-2.5872605156926656e-6,-2.5391134070031044e-6,-2.6249497751739864e-6,-2.5348866736706836e-6,-2.436943042886381e-6,-1.9556765177789235e-6,-2.5782867679668952e-6,-2.4154007056264966e-6,-2.6820632570150824e-6,-2.561373767228914e-6,-2.556917353243858e-6,-2.5461244334645396e-6,-2.7326358658699307e-6,-2.380853398439781e-6,-2.5608558422443114e-6,-2.4623661111545843e-6,-2.786460349158409e-6,-2.5383222500256142e-6,-2.513752988311175e-6,-2.522044010804228e-6,-2.8323206209511102e-6,-2.6778973446699488e-6,-2.674333639399918e-6,-2.489199425885523e-6,-2.224953353653407e-6,-2.6890168323153792e-6,-2.72187439435938e-6,-2.6610783319062745e-6,-2.5496092240174113e-6,-2.4976717356031322e-6,-2.0342053348470613e-6,-2.562933122166375e-6,-2.5248840005775623e-6,-2.4876916096742377e-6,-1.981745801197981e-6,-2.704439672604429e-6,-2.0283163657512556e-6,-2.519382234502585e-6,-2.701652188879176e-6,-2.46332287415674e-6,-2.7448615369818556e-6,-2.5963402213425606e-6
-2.767889574655531e-6,-3.717857600024856e-6,-2.5811896430410377e-6,-2.713019513899584e-6,-2.561261584614586e-6,-2.8824500861709583e-6,-2.63368765911329e-6,-2.4456994546542987e-6,-2.7489369033798504e-6,-2.702974510113011e-6,-2.704520389003472e-6,-2.7114025642878476e-6,-3.0083315590229303e-6,-2.452237604589735e-6,-2.7231803339293753e-6,-3.0515831535465797e-6,-2.4525852490191232e-6,-2.694876233507149e-6,-2.9739223617858434e-6,-2.7228336375702433e-6,-2.901713193461206e-6,-2.7508669898506127e-6,-2.78109371694292e-6,-3.011830770983651e-6,-2.66621280207637e-6,-2.6703972572474657e-6,-2.8026128174352884e-6,-2.661724359076899e-6,-2.6129615735137505e-6,-2.6997403067929876e-6,-2.985990627850345e-6,-2.745603766562682e-6,-2.7788145818804046e-6,-3.018836531593155e-6,-2.7590344544550515e-6,-2.77145246296293e-6,-2.724638797041209e-6,-2.7822990005773463e-6,-2.7704119465685875e-6,-2.6702475627982127e-6,-2.840673991707897e-6,-2.925433779033928e-6,-2.852118020503327e-6,-2.7683792729626388e-6,-2.746166459940353e-6,-2.5992415625647383e-6,-1.7676096285194207e-6,-2.4578527673741053e-6,-2.7956748388671277e-6,-2.743744251472204e-6,-2.696064897783196e-6,-2.977045647906002e-6,-2.6327009024531566e-6,-2.824333709524794e-6,-2.902208318977611e-6,-2.596925685510724e-6,-2.8167302782218303e-6,-2.7504241194993504e-6,-2.821193921946047e-6,-2.761453693851508e-6,-2.6455383029203955e-6,-2.108445717377068e-6,-2.794160661711643e-6,-2.6173604599573475e-6,-2.9778402307590382e-6,-2.74741223020727e-6,-2.7883353476877277e-6,-2.768923627920712e-6,-2.946243928472418e-6,-2.60641294300177e-6,-2.772320065330842e-6,-2.689438098595871e-6,-3.030400840139359e-6,-2.7737346447127512e-6,-2.7718207681665633e-6,-2.7519462393141776e-6,-3.0529543886197024e-6,-2.9145216801848544e-6,-2.908575234501982e-6,-2.714852504834396e-6,-2.419531789624318e-6,-2.9092658346396892e-6,-2.939785525868278e-6,-2.883687293601173e-6,-2.7591087587990326e-6,-2.7145282059186997e-6,-2.256248667063676e-6,-2.785753027818094e-6,-2.7572465410628217e-6,-2.703076439186441e-6,-2.2249930308638705e-6,-2.9032688207334253e-6,-2.2063966687651544e-6,-2.733358312989173e-6,-2.9069568255456187e-6,-2.7107515407566972e-6,-2.976864602601887e-6,-2.775558684780756e-6
-2.547087684408736e-6,-3.484899298785027e-6,-2.353632497513444e-6,-2.506041440396125e-6,-2.359048676660318e-6,-2.6655228713226008e-6,-2.4555521536067164e-6,-2.2486911886276874e-6,-2.5217265757548536e-6,-2.464392566854556e-6,-2.501675438471141e-6,-2.4677631173344834e-6,-2.7708508532030473e-6,-2.2155611269066194e-6,-2.500010822946598e-6,-2.839057107467303e-6,-2.2245538099628388e-6,-2.4791274320721326e-6,-2.751275911077162e-6,-2.536827529371675e-6,-2.6639532745162504e-6,-2.52916305316896e-6,-2.5950589354040726e-6,-2.772463598907395e-6,-2.447044127418928e-6,-2.448057478876657e-6,-2.600274236857667e-6,-2.4421259777462415e-6,-2.3894237627786612e-6,-2.4735376478265652e-6,-2.76236041180608e-6,-2.536301317862794e-6,-2.5671575235652098e-6,-2.7660438609065596e-6,-2.523147897061064e-6,-2.561213294995069e-6,-2.486286851383882e-6,-2.562116039594628e-6,-2.5530925909041405e-6,-2.45678405031756e-6,-2.607774557469161e-6,-2.6602583366079725e-6,-2.6350503152909633e-6,-2.545693614612534e-6,-2.534492269780997e-6,-2.400837953376902e-6,-1.5912964319880688e-6,-2.278466738871407e-6,-2.572063271276496e-6,-2.5440123395615715e-6,-2.4602449184514574e-6,-2.742654204622533e-6,-2.4119695366548123e-6,-2.651194275677493e-6,-2.6597124744894104e-6,-2.3850902991120213e-6,-2.5872605156926656e-6,-2.5391134070031044e-6,-2.6249497751739864e-6,-2.5348866736706836e-6,-2.436943042886381e-6,-1.9556765177789235e-6,-2.5782867679668952e-6,-2.4154007056264966e-6,-2.6820632570150824e-6,-2.561373767228914e-6,-2.556917353243858e-6,-2.5461244334645396e-6,-2.7326358658699307e-6,-2.380853398439781e-6,-2.5608558422443114e-6,-2.4623661111545843e-6,-2.786460349158409e-6,-2.5383222500256142e-6,-2.513752988311175e-6,-2.522044010804228e-6,-2.8323206209511102e-6,-2.6778973446699488e-6,-2.674333639399918e-6,-2.489199425885523e-6,-2.224953353653407e-6,-2.6890168323153792e-6,-2.72187439435938e-6,-2.6610783319062745e-6,-2.5496092240174113e-6,-2.4976717356031322e-6,-2.0342053348470613e-6,-2.562933122166375e-6,-2.5248840005775623e-6,-2.4876916096742377e-6,-1.981745801197981e-6,-2.704439672604429e-6,-2.0283163657512556e-6,-2.519382234502585e-6,-2.701652188879176e-6,-2.46332287415674e-6,-2.7448615369818556e-6,-2.5963402213425606e-6
-2.208508959399877e-6,-2.9452208781835765e-6,-2.0004759946977316e-6,-2.183559283567216e-6,-2.0568464114666015e-6,-2.314468229942711e-6,-2.1842914322277556e-6,-1.9586146376718185e-6,-2.1801345328035526e-6,-2.0595787962854115e-6,-2.1931711964384845e-6,-2.0591915798533448e-6,-2.3866767265901613e-6,-1.8715009769327615e-6,-2.155405207087982e-6,-2.4658193022974374e-6,-1.8774029500861472e-6,-2.1389211957460788e-6,-2.3841701931017348e-6,-2.2513470283292217e-6,-2.3021378333686993e-6,-2.18192623102281e-6,-2.285955743545398e-6,-2.4221777057033895e-6,-2.0997552610281084e-6,-2.1182227575292014e-6,-2.2762990300998e-6,-2.1138009001979608e-6,-2.042796465641077e-6,-2.1195531928541777e-6,-2.424633444437827e-6,-2.2254605300964583e-6,-2.2390200446048924e-6,-2.3115259721504174e-6,-2.1322115761213897e-6,-2.200976348909545e-6,-2.102512475088803e-6,-2.1994841347086537e-6,-2.116000029965409e-6,-2.1228707282360695e-6,-2.238996475990662e-6,-2.210196297649224e-6,-2.3032423987916765e-6,-2.1627278454705727e-6,-2.213851759511037e-6,-2.0704166389229124e-6,-1.4321285826622912e-6,-1.963645710056499e-6,-2.223701060271466e-6,-2.2244162484384263e-6,-2.0991671860973164e-6,-2.346985867624442e-6,-2.055419394462681e-6,-2.3883391342603537e-6,-2.270923370422235e-6,-2.0531060309306884e-6,-2.2088472358980267e-6,-2.2380644095335738e-6,-2.31122071688854e-6,-2.176287840397697e-6,-2.0990040010028754e-6,-1.6614216933937324e-6,-2.2304806045253764e-6,-2.093760693562314e-6,-2.2782161345712826e-6,-2.234983310075159e-6,-2.216644641348791e-6,-2.2223802589375963e-6,-2.4082504825348505e-6,-2.0310098477322256e-6,-2.2035707306310386e-6,-2.0457375635446275e-6,-2.3761674785262406e-6,-2.1481921542804274e-6,-2.1263502131370523e-6,-2.151371199868345e-6,-2.476311844986167e-6,-2.268366762700535e-6,-2.3004072392472834e-6,-2.1302311149168767e-6,-1.9289623717093863e-6,-2.3442537279121195e-6,-2.346979436468844e-6,-2.2570141678377427e-6,-2.2094296149580824e-6,-2.151658856737765e-6,-1.6915425532357014e-6,-2.2285861476780693e-6,-2.173775481066813e-6,-2.149685976897569e-6,-1.6357154148302556e-6,-2.3792837980712775e-6,-1.7720977370526718e-6,-2.1756705302632297e-6,-2.355999296945511e-6,-2.0980404323315704e-6,-2.3519816097824066e-6,-2.3880202376643032e-6
-2.565764677863282e-6,-3.014577161989094e-6,-2.3545157058352183e-6,-2.561571411423308e-6,-2.3940910162005136e-6,-2.647495527788713e-6,-2.610431639082855e-6,-2.2162304088831896e-6,-2.5065097245885598e-6,-2.3516776267821763e-6,-2.5615966332505576e-6,-2.2699931242400478e-6,-2.654390456607246e-6,-2.2760704538668277e-6,-2.496937042936556e-6,-2.7374899871138288e-6,-2.2664692821732906e-6,-2.499597101104066e-6,-2.703110705033439e-6,-2.6115115293009683e-6,-2.6110782480941826e-6,-2.490980276291156e-6,-2.6466691452473554e-6,-2.7736082963669644e-6,-2.434224807135939e-6,-2.4580386524325023e-6,-2.5571063986477563e-6,-2.4534951564583284e-6,-2.369281409434344e-6,-2.451562580397909e-6,-2.764967624296219e-6,-2.5626051654404193e-6,-2.5933641230531822e-6,-2.4033915256152777e-6,-2.433427669440782e-6,-2.5107294713695035e-6,-2.420103977068363e-6,-2.498671522498038e-6,-2.425585092162438e-6,-2.4756906570888624e-6,-2.5290691374243303e-6,-2.4286780511142896e-6,-2.6473185883065473e-6,-2.453156924059941e-6,-2.5867259429327663e-6,-2.410867906449879e-6,-1.9920797127833933e-6,-2.207371782747759e-6,-2.564613528312155e-6,-2.5146650506407485e-6,-2.4441945218891014e-6,-2.5843286188699005e-6,-2.3789469236573025e-6,-2.7524674907861985e-6,-2.5714655254042787e-6,-2.3506210624965086e-6,-2.5194951272555917e-6,-2.6169366169384606e-6,-2.6222404805947886e-6,-2.5051472973074695e-6,-2.434987756252571e-6,-2.0186065101543795e-6,-2.5616859280355302e-6,-2.426018035288716e-6,-2.5951996362218346e-6,-2.561882495673049e-6,-2.543147715975193e-6,-2.562978521336038e-6,-2.7606054421151613e-6,-2.382260719125866e-6,-2.5026925778157777e-6,-2.293527254918958e-6,-2.6556430972983152e-6,-2.4460933779938417e-6,-2.3830593679519572e-6,-2.463978426851003e-6,-2.7833552053406906e-6,-2.4881132098751886e-6,-2.6270743368816964e-6,-2.4570168628902214e-6,-2.309863417206514e-6,-2.688988546641749e-6,-2.6411685090935482e-6,-2.571008222661618e-6,-2.5731613739068218e-6,-2.496792940154305e-6,-2.109494091328594e-6,-2.5844427245565745e-6,-2.506266730886097e-6,-2.505007803190315e-6,-2.0433944257824867e-6,-2.7208951590018766e-6,-2.196437579659745e-6,-2.5184000172703258e-6,-2.678471399441872e-6,-2.44313971392983e-6,-2.6171751100528504e-6,-2.8163457776208463e-6
-3.079121136308582e-6,-3.3049592705885163e-6,-2.815133254485404e-6,-3.0197241404157064e-6,-2.8416022235509498e-6,-3.0906110714518846e-6,-3.176340606543706e-6,-2.559154956650731e-6,-2.9301504301874745e-6,-2.8262114442181094e-6,-3.040482280569802e-6,-2.6237968536421332e-6,-3.0609364484013935e-6,-2.7854092298968452e-6,-2.957679265749783e-6,-3.2219595192645606e-6,-2.8504564594307376e-6,-2.99259099146902e-6,-3.1343129997148433e-6,-3.026867713119439e-6,-3.0671122623029283e-6,-2.9516239290570647e-6,-3.0750892521587395e-6,-3.2235046411711065e-6,-2.893774155948097e-6,-2.920524290281895e-6,-2.940408175975546e-6,-2.9169222330448814e-6,-2.8189552276386823e-6,-2.9286202356211932e-6,-3.1992236734905113e-6,-3.018492272302236e-6,-3.055778427160088e-6,-2.623241515375754e-6,-2.8866824000011858e-6,-2.938505922115232e-6,-2.914599236853976e-6,-2.928375866702764e-6,-2.8780507560312315e-6,-2.9396544617000777e-6,-2.9072779507629615e-6,-2.8179104141112214e-6,-3.083444688413782e-6,-2.762312171014934e-6,-3.0854064860179852e-6,-2.9035589553515207e-6,-2.666530848364984e-6,-2.6223841525594566e-6,-3.0163904992994736e-6,-2.934366420760604e-6,-2.8757447555060387e-6,-2.934753531551135e-6,-2.843121064539826e-6,-3.208158639114331e-6,-3.0098542326387337e-6,-2.795736566741898e-6,-2.951239502707037e-6,-3.096897828920065e-6,-3.040344790162046e-6,-2.957344383207507e-6,-2.902702839667212e-6,-2.489151591875384e-6,-3.0015007112426225e-6,-2.8619323082799774e-6,-3.0300456665308902e-6,-3.007625298001481e-6,-2.986492329267381e-6,-3.0279022470340605e-6,-3.230987682529264e-6,-2.861802601031973e-6,-2.918197476223423e-6,-2.6854026534340247e-6,-3.1101879810727193e-6,-2.889770956381597e-6,-2.7504738799158315e-6,-2.908911255280425e-6,-3.190628154853262e-6,-2.8297441789292482e-6,-3.0732324015747866e-6,-2.9109777136098223e-6,-2.8148705140244576e-6,-3.109251703547317e-6,-2.9772537466532356e-6,-3.133039939355544e-6,-3.022155252426453e-6,-2.985781707609536e-6,-2.687270625119484e-6,-3.050504780783177e-6,-2.9577566368590245e-6,-2.964306771374068e-6,-2.602170212939631e-6,-3.1529710248175143e-6,-2.7682534910820675e-6,-2.9945419174701297e-6,-3.153717452198249e-6,-2.928819012896097e-6,-3.0291485862940676e-6,-3.2867361686653056e-6
-3.223934447956516e-6,-3.478347011656377e-6,-2.961346791257614e-6,-3.1228825392137e-6,-2.999200669236416e-6,-3.205637307051024e-6,-3.3228944827366795e-6,-2.6824969566314844e-6,-3.0522326645193516e-6,-3.007591187380098e-6,-3.207870623877455e-6,-2.7776218398464265e-6,-3.166927610677039e-6,-2.9826467556155426e-6,-3.1022032026609984e-6,-3.3761927824953434e-6,-3.0694128939285453e-6,-3.1892292518386154e-6,-3.2568961147402164e-6,-3.221638761271125e-6,-3.246204866279419e-6,-3.0773600671606615e-6,-3.185537543118291e-6,-3.338541046763248e-6,-3.0476057574914852e-6,-3.082084877097544e-6,-3.041821970415302e-6,-3.0559220884884334e-6,-2.966684663830991e-6,-3.0845371302267893e-6,-3.2960864797406353e-6,-3.1566652568931212e-6,-3.1987171582908946e-6,-2.659699172837114e-6,-3.0747817112680605e-6,-3.049104365320995e-6,-3.1189275133903594e-6,-3.0700505541815726e-6,-3.0160551607363103e-6,-3.0744719514057783e-6,-3.030879840130633e-6,-2.9319773550398556e-6,-3.2055059252378437e-6,-2.6083002953872507e-6,-3.2122901634195046e-6,-3.0732793677285526e-6,-3.059649360306892e-6,-2.8211200619931095e-6,-3.164691201827848e-6,-3.06478200045456e-6,-2.9719138875631447e-6,-3.014202161791988e-6,-2.9890602567456424e-6,-3.3169045135873302e-6,-3.104029697500108e-6,-2.9643013618896856e-6,-3.0827190720900738e-6,-3.16293764692086e-6,-3.1465696487847765e-6,-3.099281385787467e-6,-3.083016289209971e-6,-2.62318928406026e-6,-3.129610300528423e-6,-2.9246037042303335e-6,-3.200265705672543e-6,-3.105002727697469e-6,-3.118560214632245e-6,-3.1773311238748482e-6,-3.32460113811495e-6,-3.008112423731293e-6,-3.056478059465695e-6,-2.7993949255987764e-6,-3.2660457307202874e-6,-3.009615747315785e-6,-2.8454818165353276e-6,-3.0664449512873844e-6,-3.2745559884753176e-6,-3.0041027344507263e-6,-3.1899363792061997e-6,-3.0750372769212228e-6,-3.0116836808017654e-6,-3.1982196077974534e-6,-3.0264989990846906e-6,-3.3983917969836422e-6,-3.115814107898089e-6,-3.1536352560608243e-6,-2.932177609878694e-6,-3.2455420400915547e-6,-3.065029711171583e-6,-3.1148839606799657e-6,-2.8187439570060943e-6,-3.251803185159675e-6,-3.023805829467112e-6,-3.1341091820530487e-6,-3.3391274214745834e-6,-3.1153417325694368e-6,-3.1347228977275032e-6,-3.3782667433304086e-6
-3.2283092929135372e-6,-3.771548733721305e-6,-3.0356758653139142e-6,-3.1549109350164642e-6,-3.059551587922034e-6,-3.2055638800988624e-6,-3.4116221289603553e-6,-2.7637516886260037e-6,-3.1142051784465394e-6,-3.1308319684513174e-6,-3.2571415682675503e-6,-2.954453050930004e-6,-3.1599346852613062e-6,-3.0141145535821745e-6,-3.1496048786168793e-6,-3.3653289871732614e-6,-3.119246685683406e-6,-3.25609894251949e-6,-3.2808192282071528e-6,-3.3452211120160454e-6,-3.316333300882959e-6,-3.1211804860451185e-6,-3.2268098487262413e-6,-3.311417400058553e-6,-3.1077409351112813e-6,-3.1645265545129233e-6,-3.10956283669747e-6,-3.097208812754111e-6,-3.0193004550617962e-6,-3.1087094996667024e-6,-3.276416092094292e-6,-3.196070427111655e-6,-3.2754876692748726e-6,-2.721525390828953e-6,-3.1800978305563645e-6,-3.065715732550452e-6,-3.266398149212934e-6,-3.118840145960985e-6,-3.0819696708097446e-6,-3.1201574764622866e-6,-3.0166963010831044e-6,-2.979322847794274e-6,-3.2549649689366085e-6,-2.545168016813906e-6,-3.2001495789958915e-6,-3.1326044912664462e-6,-3.3353446115532186e-6,-2.933339881424768e-6,-3.213769215505456e-6,-3.0799821642344785e-6,-3.0103253001014856e-6,-3.0202665592631135e-6,-3.0267932528788425e-6,-3.3147748258448002e-6,-3.0543318012908874e-6,-2.967785141921919e-6,-3.1143694910247797e-6,-3.0874301671807316e-6,-3.1693922233569413e-6,-3.161184547352041e-6,-3.1852230952264407e-6,-2.6596417128308182e-6,-3.1685614344918184e-6,-2.9292346362559883e-6,-3.2909786112393054e-6,-3.1018044554175778e-6,-3.1479429185186425e-6,-3.1878487612282863e-6,-3.2853246834785905e-6,-3.0167829287314015e-6,-3.1325516068775616e-6,-2.778258890128256e-6,-3.2888214199600945e-6,-3.0378623461724506e-6,-2.906635472091407e-6,-3.1241042278952216e-6,-3.284532955729878e-6,-3.05733280651993e-6,-3.203366399219111e-6,-3.1437719639308243e-6,-3.1102802631737715e-6,-3.183191048075308e-6,-3.035205087591964e-6,-3.3915023263140402e-6,-3.088604906410553e-6,-3.2099813621159e-6,-2.9614558343568863e-6,-3.3139953337729365e-6,-3.0791924098866148e-6,-3.16279309923963e-6,-2.9028091044417226e-6,-3.251498179545741e-6,-3.1616667654134742e-6,-3.1695614921898495e-6,-3.3814567750192287e-6,-3.165584830261811e-6,-3.152513265384588e-6,-3.3585086206285904e-6
-2.7381320722709933e-6,-3.49086971542037e-6,-2.6217244168732294e-6,-2.71082048180445e-6,-2.6739740150757497e-6,-2.7265041804554212e-6,-3.064545181811054e-6,-2.3931692619144157e-6,-2.678803664587033e-6,-2.7249099322568526e-6,-2.8097742927536993e-6,-2.620152506501264e-6,-2.6750980771957744e-6,-2.537381901851796e-6,-2.7182031895105975e-6,-2.85416022735606e-6,-2.6899805235069927e-6,-2.830334836744324e-6,-2.820179405732139e-6,-2.888869191668766e-6,-2.8967481528202285e-6,-2.656354504690407e-6,-2.8056076454768533e-6,-2.782289023838901e-6,-2.686639813675355e-6,-2.779860728007106e-6,-2.745715034171177e-6,-2.653079967015371e-6,-2.6046454650493063e-6,-2.655998527699316e-6,-2.7916131696839396e-6,-2.7595371988295502e-6,-2.866768314054683e-6,-2.402172003598276e-6,-2.7969474031747734e-6,-2.619663492847628e-6,-2.9312205169008376e-6,-2.6606166220051427e-6,-2.8159185500711916e-6,-2.7051230330663233e-6,-2.533471722370572e-6,-2.572505502542485e-6,-2.8416407767590607e-6,-2.2073645065471875e-6,-2.7235178051547897e-6,-2.69887375656063e-6,-3.0264422137662667e-6,-2.5969991009553384e-6,-2.781143973210855e-6,-2.5773130391314085e-6,-2.6360684400774416e-6,-2.5516895699070904e-6,-2.5886699976571017e-6,-2.8451354816356884e-6,-2.5672612441556046e-6,-2.5431395813108752e-6,-2.6795644707255703e-6,-2.734445141248601e-6,-2.731791978465737e-6,-2.715016353774109e-6,-2.8200562163705057e-6,-2.3146344743058972e-6,-2.725167160849717e-6,-2.473696143574099e-6,-2.950367867249467e-6,-2.6206979120678425e-6,-2.6418075046783107e-6,-2.733509248140691e-6,-2.754323435224534e-6,-2.5395595590624544e-6,-2.703832819485829e-6,-2.2767449812191064e-6,-2.8277797602605326e-6,-2.6025012030702253e-6,-2.5571744680623535e-6,-2.6885680736870527e-6,-2.8326744430857804e-6,-2.599772429767665e-6,-2.7478639140236264e-6,-2.726015940007427e-6,-2.751863727936571e-6,-2.683199921785282e-6,-2.4651121546999687e-6,-2.781246884366515e-6,-2.6782020594148615e-6,-2.7747479061988065e-6,-2.4543838399940644e-6,-2.8949086284571136e-6,-2.6217234434117354e-6,-2.734808973813496e-6,-2.4785831267921777e-6,-2.746006463589398e-6,-2.8025548134025037e-6,-2.7278543745493064e-6,-2.9129875389650443e-6,-2.7371081596892892e-6,-2.742660354349964e-6,-2.8662187031588716e-6
-2.5024286589049606e-6,-3.2778157691084623e-6,-2.450210409201336e-6,-2.5288881316786766e-6,-2.564617960409515e-6,-2.510782371341807e-6,-2.849511603143456e-6,-2.2248983714268993e-6,-2.516947883558652e-6,-2.4039439044762777e-6,-2.6060336358202017e-6,-2.47867966565806e-6,-2.433443115962796e-6,-2.3702214369455353e-6,-2.5322197621840247e-6,-2.5799746066572076e-6,-2.529148094831977e-6,-2.65115070086863e-6,-2.595142947924534e-6,-2.6746783209721136e-6,-2.7559317266133766e-6,-2.457993696163862e-6,-2.613819621081611e-6,-2.586516973586063e-6,-2.520417771730841e-6,-2.625371003118694e-6,-2.6322571409603094e-6,-2.4815074944295496e-6,-2.4476140828202914e-6,-2.4704621865177135e-6,-2.578424964334561e-6,-2.5872575825349804e-6,-2.67361629751862e-6,-2.365987714046231e-6,-2.6347979873199804e-6,-2.43678102847586e-6,-2.827541727321586e-6,-2.4444073863129026e-6,-2.779406179613635e-6,-2.510012052647959e-6,-2.372110819494758e-6,-2.447304461066251e-6,-2.668998194750374e-6,-2.0256763556005436e-6,-2.5060248601413395e-6,-2.504079467302575e-6,-2.80283891511436e-6,-2.503575815280191e-6,-2.618666767194313e-6,-2.352469933524013e-6,-2.5162366812650405e-6,-2.3434049833161316e-6,-2.3993989718165186e-6,-2.659239441497927e-6,-2.4042156253536265e-6,-2.431344691054274e-6,-2.48325454915463e-6,-2.6277233031306284e-6,-2.5431494160952365e-6,-2.514873922146172e-6,-2.6878403842565416e-6,-2.1800617095288107e-6,-2.533584543455276e-6,-2.3226941008249512e-6,-2.7891663824855897e-6,-2.3739984331810213e-6,-2.416015699585789e-6,-2.6030778789585966e-6,-2.531276638588853e-6,-2.3712692718916344e-6,-2.480756556886223e-6,-2.136259579942837e-6,-2.67609457905397e-6,-2.3931685239494118e-6,-2.514864564031353e-6,-2.501977075712188e-6,-2.6263976956081076e-6,-2.450728618174274e-6,-2.577722041677045e-6,-2.5378491805673966e-6,-2.6148590848631316e-6,-2.4881055678136238e-6,-2.0306935325676494e-6,-2.465197747714152e-6,-2.578459305696407e-6,-2.574573198172502e-6,-2.1730872715747026e-6,-2.743441080337787e-6,-2.4147285765491063e-6,-2.5411248073916697e-6,-2.3024896180243084e-6,-2.5077598852414455e-6,-2.6383968773921877e-6,-2.5690863895396796e-6,-2.708657550314324e-6,-2.5955070788181936e-6,-2.5714747560903816e-6,-2.6339361274148346e-6
-2.446771201591173e-6,-3.2527600227392785e-6,-2.5394935589326368e-6,-2.615985798310766e-6,-2.6632497359916205e-6,-2.556321890725676e-6,-2.7987479590621112e-6,-2.2828476983158213e-6,-2.5628296282744172e-6,-2.2627365414154767e-6,-2.64537806131694e-6,-2.6002626489612527e-6,-2.458106984693182e-6,-2.481590005190817e-6,-2.598863862761634e-6,-2.592935323997325e-6,-2.6429361249051643e-6,-2.668194404216493e-6,-2.6597795786727404e-6,-2.7086241890285803e-6,-2.892476673494813e-6,-2.554899665902922e-6,-2.6125353654017437e-6,-2.6945925219735465e-6,-2.6072773245855754e-6,-2.663611792828432e-6,-2.7472302815167483e-6,-2.527750931585386e-6,-2.5298819667167213e-6,-2.5488456835999296e-6,-2.657811475197126e-6,-2.628257924265057e-6,-2.733071270016355e-6,-2.558533140962196e-6,-2.7141543594818875e-6,-2.5264677774689147e-6,-2.9589682627171813e-6,-2.499400038892923e-6,-2.940609221307992e-6,-2.5636021092063714e-6,-2.476993206712494e-6,-2.579885336011865e-6,-2.728582672195626e-6,-2.0795851449499062e-6,-2.5062451242683058e-6,-2.5906613815124867e-6,-2.7534260752709985e-6,-2.642567716338108e-6,-2.7208146307351994e-6,-2.419035976478929e-6,-2.6127653583519275e-6,-2.4231949348322035e-6,-2.4810583477526147e-6,-2.704195091051668e-6,-2.5201683243529246e-6,-2.5986053841443417e-6,-2.555081431246897e-6,-2.7237328538031676e-6,-2.6153451397572844e-6,-2.5872555841349633e-6,-2.7745312282429253e-6,-2.3555109939297916e-6,-2.5938386461987193e-6,-2.4456918818046794e-6,-2.782773552754798e-6,-2.395230232822135e-6,-2.4377886323682442e-6,-2.792165423580924e-6,-2.669530276253023e-6,-2.483761593909507e-6,-2.547594477005853e-6,-2.409118358844865e-6,-2.693820663584173e-6,-2.420162632784684e-6,-2.7888301853788575e-6,-2.573649325501525e-6,-2.667236995684642e-6,-2.596088907067391e-6,-2.658896137509112e-6,-2.605880943064062e-6,-2.6667729622122266e-6,-2.582004866527871e-6,-1.968051405085162e-6,-2.536181613430728e-6,-2.7120909000872824e-6,-2.6326777471738803e-6,-2.1823856877221387e-6,-2.822340991276836e-6,-2.4782690181388233e-6,-2.5678081716996893e-6,-2.4089526044906444e-6,-2.537474910572888e-6,-2.6820436714362817e-6,-2.6798764547742956e-6,-2.7184778691726647e-6,-2.7010636417739992e-6,-2.6148955764518618e-6,-2.696111574586439e-6
-2.8598099437220934e-6,-3.560627101296073e-6,-3.011139458856627e-6,-3.1048708576398277e-6,-3.099681683131654e-6,-2.9745806414884524e-6,-3.125864464178633e-6,-2.7459870415351676e-6,-3.0106003979797733e-6,-2.5271528253065577e-6,-3.077401856720676e-6,-3.180664643563428e-6,-2.9150423773473436e-6,-3.0135587972503175e-6,-3.0501471201350557e-6,-3.0139839189258906e-6,-3.1422887805216934e-6,-3.093530550834822e-6,-3.1335091634251784e-6,-3.1291769204117492e-6,-3.3702008491859266e-6,-3.035810850075302e-6,-3.0014216161596918e-6,-3.1969675739538015e-6,-3.07770416554573e-6,-3.1135109400669675e-6,-3.151778244812327e-6,-2.963685216061037e-6,-2.997877327378469e-6,-3.0154546108753887e-6,-3.12799339083195e-6,-3.0777866203365695e-6,-3.1864867381976414e-6,-3.1426965846118427e-6,-3.16017774000815e-6,-2.994233366093753e-6,-3.413016258490868e-6,-2.9639464634967393e-6,-3.4865062641503723e-6,-3.011835443738621e-6,-3.0518337860949216e-6,-3.0300927129288087e-6,-3.1628858313402758e-6,-2.4754424062522133e-6,-2.9072002655766824e-6,-3.084821602424637e-6,-3.0121337186240626e-6,-3.1849178595757964e-6,-3.180568729676769e-6,-2.8805976848007346e-6,-3.065568595950707e-6,-2.920783778722455e-6,-2.9580135970005675e-6,-3.166594436641902e-6,-3.0357655882509868e-6,-3.100852435120755e-6,-3.045589976768321e-6,-3.1593534817900906e-6,-3.0842061094184488e-6,-3.06040576108782e-6,-3.217535769103298e-6,-2.9662388053164288e-6,-3.0435962676914593e-6,-2.9633428577621975e-6,-3.1068055230312024e-6,-2.8436776202355947e-6,-2.8290823950176136e-6,-3.2688772025277043e-6,-3.237730153255914e-6,-2.971959891119857e-6,-3.0212725665372688e-6,-3.1221284847491665e-6,-3.147458929582276e-6,-2.8719153524044584e-6,-3.3922543169928907e-6,-3.0364089627642426e-6,-3.106661153545104e-6,-3.126860196464742e-6,-3.1131357688302033e-6,-3.0581980302308957e-6,-3.105627809791925e-6,-3.1203488631887023e-6,-2.316872600486812e-6,-2.9107230017950436e-6,-3.1071230742182507e-6,-3.0899983497438685e-6,-2.654696330861626e-6,-3.2442182267570213e-6,-2.92901241182132e-6,-2.9833922804020654e-6,-2.8721817278008753e-6,-2.9728184068682746e-6,-3.1016505628878543e-6,-3.1599278742433027e-6,-3.094462041185527e-6,-3.1844006385298644e-6,-3.0102402577120953e-6,-3.1652344867715836e-6
-3.942232852294302e-6,-4.442704771025591e-6,-4.095339352040796e-6,-4.1716876012911375e-6,-4.142422019304894e-6,-4.012956532928609e-6,-4.067524576296083e-6,-3.810101705547153e-6,-4.058084406861366e-6,-3.521821199699574e-6,-4.091384485845328e-6,-4.344635546208722e-6,-4.0210566617929505e-6,-4.168021219015132e-6,-4.121065800224199e-6,-4.096027467691626e-6,-4.252305356202426e-6,-4.1288385190738645e-6,-4.1906764769497215e-6,-4.160355825762253e-6,-4.4042690410414506e-6,-4.105501915013148e-6,-4.0166763293809726e-6,-4.327292797860757e-6,-4.1271224890267455e-6,-4.194919916225037e-6,-4.136623489188942e-6,-4.086472907121394e-6,-4.06349666311339e-6,-4.062346127849484e-6,-4.200896643011002e-6,-4.151563565510604e-6,-4.248129818886717e-6,-4.262757898855439e-6,-4.234664373238279e-6,-4.071341136090866e-6,-4.419660512125319e-6,-4.03475692634822e-6,-4.6012674922817635e-6,-4.070701607273192e-6,-4.208280575306765e-6,-4.044081044644479e-6,-4.1950539855753625e-6,-3.699116629812701e-6,-3.940943865559388e-6,-4.202307802121891e-6,-3.831418932360788e-6,-4.3364256858488435e-6,-4.232460983129815e-6,-3.98468758483172e-6,-4.125831873256446e-6,-3.986369931059831e-6,-4.024638705668078e-6,-4.243479158136922e-6,-4.1348367664142825e-6,-4.160332783826519e-6,-4.160895565850414e-6,-4.234597725584648e-6,-4.134104871401739e-6,-4.16375817212091e-6,-4.2836572922801035e-6,-4.103484487378581e-6,-4.108544112982579e-6,-4.0784034941046145e-6,-4.042315640834048e-6,-3.902921269472033e-6,-3.825690612971151e-6,-4.315254869116453e-6,-4.354706094272608e-6,-4.019918518269877e-6,-4.105971546763765e-6,-4.3302930071841894e-6,-4.209470963319482e-6,-3.988728276884189e-6,-4.558115688017137e-6,-4.101311114568283e-6,-4.141681758337691e-6,-4.196394169496718e-6,-4.214620147982179e-6,-4.098684094724371e-6,-4.147014488899522e-6,-4.271765567192438e-6,-3.360278637894699e-6,-3.97008810028729e-6,-4.087114030102008e-6,-4.143294511077842e-6,-3.6766226686220417e-6,-4.2246927852767985e-6,-3.986860478235062e-6,-4.0218319401852304e-6,-3.896720376724662e-6,-4.037490454056564e-6,-4.175741376452801e-6,-4.22983379448507e-6,-4.102662777518429e-6,-4.201063387913878e-6,-4.001718488134315e-6,-4.203389894028036e-6
-6.099060443532783e-6,-6.4994632390745376e-6,-6.364468671294699e-6,-6.40851533933768e-6,-6.375406208567255e-6,-6.239169337520505e-6,-6.307837058191627e-6,-6.0576099014728244e-6,-6.257851191512517e-6,-5.7987657913673e-6,-6.259510873019693e-6,-6.606895670315526e-6,-6.293544713185011e-6,-6.523292947792076e-6,-6.375564849371378e-6,-6.337738534912397e-6,-6.532575867323204e-6,-6.294164442808903e-6,-6.429643214294888e-6,-6.375485843753106e-6,-6.5031837113772775e-6,-6.324934495443432e-6,-6.258442838661535e-6,-6.580096539339675e-6,-6.316540796721839e-6,-6.443882318405601e-6,-6.396238365262774e-6,-6.451547415403947e-6,-6.296130843126642e-6,-6.283595646688057e-6,-6.43520843227656e-6,-6.42680989538056e-6,-6.52661651930222e-6,-6.493054284766771e-6,-6.440057226360651e-6,-6.333234665684228e-6,-6.574601344467626e-6,-6.276783697164839e-6,-6.858106899375703e-6,-6.292912088536703e-6,-6.5004079038407234e-6,-6.323369028586362e-6,-6.42810065386023e-6,-6.325568026292696e-6,-6.089831548157509e-6,-6.465865717679035e-6,-5.847480104626753e-6,-6.6015326233741096e-6,-6.442154087421591e-6,-6.2974717430255126e-6,-6.392325331499128e-6,-6.216754721509167e-6,-6.221069018760884e-6,-6.391254142910997e-6,-6.433099808649427e-6,-6.430212789947806e-6,-6.5061262763763845e-6,-6.4896156364784475e-6,-6.358403317051341e-6,-6.476045612810968e-6,-6.511844530264495e-6,-6.4677790542555945e-6,-6.370622960395364e-6,-6.350049566207962e-6,-6.133887670467195e-6,-6.145999133368882e-6,-6.037483807771238e-6,-6.5800628029429665e-6,-6.6075422951439885e-6,-6.228334026208004e-6,-6.366051521825216e-6,-6.600481334401047e-6,-6.437385785864068e-6,-6.258020152522801e-6,-6.818709869346488e-6,-6.347253419746448e-6,-6.344890502760916e-6,-6.46506412831381e-6,-6.5137943838743555e-6,-6.321375801295274e-6,-6.448261709695497e-6,-6.529890475524282e-6,-5.692842370847681e-6,-6.198748995346192e-6,-6.233748028346717e-6,-6.3721109436505534e-6,-5.8374324773027e-6,-6.478263063599168e-6,-6.24478225177863e-6,-6.264977883865408e-6,-6.165444576045355e-6,-6.346960884938681e-6,-6.535581871025597e-6,-6.46550961182694e-6,-6.310399546847944e-6,-6.342462233368707e-6,-6.254017442729633e-6,-6.411141495253138e-6
-9.078453704568307e-6,-9.506615606596336e-6,-9.423967471031725e-6,-9.459459406637829e-6,-9.408570258213916e-6,-9.226241181869302e-6,-9.373235611715322e-6,-9.147911101157978e-6,-9.267827508504456e-6,-8.901381589472794e-6,-9.227607371502801e-6,-9.60165790445295e-6,-9.326646419732045e-6,-9.604211145893607e-6,-9.426046722801645e-6,-9.31629996884828e-6,-9.464374383122114e-6,-9.223721210355495e-6,-9.465910676731753e-6,-9.406627455481137e-6,-9.397527137929198e-6,-9.2967360717106e-6,-9.358710192246236e-6,-9.541348249623238e-6,-9.293721975910805e-6,-9.428382930606985e-6,-9.586197967424769e-6,-9.522616825976552e-6,-9.319803777250184e-6,-9.312129989886102e-6,-9.462864420477365e-6,-9.489253701540543e-6,-9.628713536347412e-6,-9.613346567982541e-6,-9.390426496437825e-6,-9.374961706705627e-6,-9.524113085383243e-6,-9.285313164893579e-6,-9.988290584134991e-6,-9.299258475926928e-6,-9.563299055396403e-6,-9.44799794565232e-6,-9.486195476084513e-6,-0.000010604856292149067,-9.01697856832371e-6,-9.528543280309744e-6,-8.768799045251214e-6,-9.596449672617295e-6,-9.439625964826001e-6,-9.322285192744491e-6,-9.424068360305968e-6,-9.20214178344463e-6,-9.21458497492815e-6,-9.294907895499641e-6,-9.56083060866105e-6,-9.50533735925471e-6,-9.575325613486429e-6,-9.548446712840256e-6,-9.365891017294278e-6,-9.570539499448987e-6,-9.49727403989148e-6,-9.553147711252375e-6,-9.429688142595475e-6,-9.349845147780625e-6,-9.098027223340305e-6,-9.164727031696198e-6,-9.1569416511264e-6,-9.648221300882902e-6,-9.59894826967793e-6,-9.234201057067374e-6,-9.386342659633301e-6,-9.488306116396884e-6,-9.559510959941778e-6,-9.33937067368802e-6,-9.844513149748728e-6,-9.3671642790832e-6,-9.357428032465873e-6,-9.492315723177121e-6,-9.58734251965491e-6,-9.368165160360403e-6,-9.594641768129912e-6,-9.568961192464313e-6,-8.831193716939917e-6,-9.165564100059776e-6,-9.259265247219826e-6,-9.419752829793292e-6,-8.85403584585454e-6,-9.592870574860013e-6,-9.308914136732896e-6,-9.32555081815856e-6,-9.257433804997649e-6,-9.396776470519703e-6,-9.69843352776423e-6,-9.493616710318535e-6,-9.333828159034266e-6,-9.199195671812186e-6,-9.291238031991395e-6,-9.361730597092272e-6
-0.00001419473906146893,-0.000014616297180305242,-0.000014565037242735134,-0.00001450922513665512,-0.000014487451482965836,-0.000014238157816262549,-0.000014460088093199589,-0.00001425314417104815,-0.000014325894818811718,-0.000014134304534857598,-0.000014319482579212955,-0.000014644795611347597,-0.000014415661622455326,-0.000014702290712702815,-0.000014526644684808534,-0.000014399981579299296,-0.000014363515704135773,-0.00001427090089891317,-0.000014521663836161317,-0.00001450389741901754,-0.00001443632880289472,-0.00001430317563104221,-0.0000144930541005667,-0.000014510167266665665,-0.000014334390024497267,-0.000014448765102013416,-0.00001474488329087738,-0.000014466804874965327,-0.000014377343185097283,-0.000014396363065327164,-0.000014502925231293007,-0.000014533174749885353,-0.000014754599920228639,-0.00001476194000458093,-0.000014389797679916793,-0.000014453034909554616,-0.000014589429030544364,-0.000014315426373235715,-0.000015210075346117127,-0.000014360164287659253,-0.000014656386361084256,-0.000014593518549391115,-0.00001457936397930548,-0.000016852736053891286,-0.00001404073715620692,-0.000014595240895219129,-0.000013862781241622613,-0.000014619205979828482,-0.00001450955490312323,-0.00001438353048996953,-0.0000144894399295598,-0.0000142462988011854,-0.000014295506943922419,-0.000014357886903086274,-0.000014702579799741624,-0.000014576755517118523,-0.000014614104529873895,-0.000014688579236866702,-0.000014423323626366698,-0.000014694408832686521,-0.000014506442942986305,-0.000014637757994578758,-0.000014538550026901953,-0.000014346762176963401,-0.000014292884449980883,-0.000014211270514588503,-0.000014396085357618625,-0.000014769150153945467,-0.00001467897974826877,-0.000014302889831926435,-0.000014425418470689688,-0.000014501477128738832,-0.000014747873226213384,-0.000014451218490770535,-0.0000149163932824825,-0.00001442615561315513,-0.000014377359555743623,-0.000014476974840374007,-0.000014666759772275772,-0.000014460497213080865,-0.000014731667343327798,-0.000014619725596782367,-0.000013840769747737113,-0.000014131323756799506,-0.00001433839409918467,-0.000014510186550034651,-0.000014034444036749786,-0.000014682739748445764,-0.000014429048327962278,-0.00001443076742911069,-0.000014364334851981797,-0.00001448152609086846,-0.000014788029412071018,-0.00001456314951870163,-0.000014388610224643184,-0.000014130296980293715,-0.000014327942912101388,-0.000014327535104057415
-0.000024337155585837976,-0.000024456006677331208,-0.000024686227591346045,-0.000024524494267996802,-0.000024593134967555774,-0.000024267736019434612,-0.00002460142987982102,-0.00002422697139113975,-0.000024401846991234052,-0.000024336483568604585,-0.00002446211744711863,-0.000024839197656889083,-0.000024497897881194247,-0.000024759591499632414,-0.000024637559097064755,-0.000024559184824642356,-0.00002445920656257551,-0.000024369428453591186,-0.000024577178143612633,-0.00002466481846653839,-0.00002453008614221646,-0.00002429754176191392,-0.00002473505664203448,-0.00002451750318192665,-0.000024435165094369134,-0.00002449413809458953,-0.000024852865535962487,-0.000024411673331502473,-0.000024427655809075375,-0.000024478204161582847,-0.000024548800791641517,-0.000024538831783583492,-0.000024834613972433753,-0.000024755218358261888,-0.000024392890420954308,-0.000024493977427167965,-0.000024689640129921384,-0.000024372270523670447,-0.000025293235810686505,-0.000024491610335817733,-0.00002490255882217322,-0.00002466811371099985,-0.000024653412237566815,-0.000026989912597075832,-0.000024066658134860347,-0.000024647410726904916,-0.00002401868159693216,-0.00002457695642638349,-0.000024620593227353184,-0.000024512885423261767,-0.000024526564580432574,-0.00002438092297626901,-0.000024437110386052546,-0.000024433327913087927,-0.000024800083005091657,-0.000024629219450312988,-0.000024610764508094597,-0.00002485615040942495,-0.000024498180715955955,-0.00002483558829247737,-0.000024586898753371047,-0.00002459102347462302,-0.000024666028527415528,-0.000024375490431464302,-0.000024563413821582733,-0.000024291518372569517,-0.000024618431927901747,-0.00002487367999182463,-0.00002483956014698225,-0.000024467316842932155,-0.00002446536219691585,-0.000024617985351293026,-0.00002493038509120573,-0.000024563944747066262,-0.00002504687032918675,-0.000024489398595953304,-0.000024386605118286174,-0.000024417489129935028,-0.000024764658855547704,-0.00002456537574282733,-0.000024773610632110233,-0.000024668762331423788,-0.00002371944301719745,-0.000024093007550566493,-0.000024268513092383534,-0.0000245802951725895,-0.000024170850323363582,-0.000024677365502732777,-0.000024574559660197823,-0.000024552854447142832,-0.000024497351638612487,-0.000024592156712328743,-0.000024776700205026903,-0.000024614648420666673,-0.000024482136203445434,-0.000024221905094555934,-0.000024372244399395717,-0.000024358311802030002
-0.00004164290482111374,-0.00004138464877085253,-0.00004192516486892613,-0.00004164520544876148,-0.00004180686761545993,-0.00004151429877459957,-0.00004185549772297789,-0.00004132449658361574,-0.00004162677344159496,-0.00004164885672416995,-0.000041729312410916404,-0.00004216741170616546,-0.000041694039492138086,-0.00004195695598437651,-0.00004188394915846686,-0.00004189410935210994,-0.00004178140207495506,-0.00004155640638187759,-0.00004179186538911384,-0.00004202817911167335,-0.00004177769054980823,-0.000041527920556030544,-0.00004209060798032064,-0.000041730165143197445,-0.000041733200502480045,-0.00004168297165040614,-0.00004204138329864825,-0.0000415067941363861,-0.0000415638902037954,-0.000041650616194282586,-0.00004172701141351816,-0.00004163705083763264,-0.00004201775776724018,-0.000041793805471722914,-0.000041590851140077146,-0.00004160712116946097,-0.00004193645392083356,-0.00004156512203372541,-0.00004230874659928847,-0.0000417701231466053,-0.00004198825877536781,-0.000041794779312361266,-0.000041846830580560945,-0.000043838543737272935,-0.00004123556919468602,-0.000041794265384719205,-0.000041397319824668536,-0.00004171002451788435,-0.00004180375449638409,-0.00004174661287614255,-0.0000416086004407745,-0.000041665274534086967,-0.00004163974304783329,-0.000041621061820317054,-0.000042027989370573135,-0.00004183559730246744,-0.000041713890003546215,-0.00004223136684879118,-0.00004167060537199544,-0.00004210873208940307,-0.00004179775003930163,-0.00004165310896312043,-0.0000419090475392552,-0.000041572238553166046,-0.00004195653597612537,-0.00004150126743645438,-0.00004191447204342925,-0.00004208538047583145,-0.000042101209987324535,-0.000041818167476328756,-0.00004167359362256939,-0.000041909880782501134,-0.000042149871759193566,-0.00004173374977846438,-0.00004229245147000633,-0.00004168691173041935,-0.00004154522861698684,-0.00004156853713203292,-0.00004198215384076103,-0.00004176393309314467,-0.00004190070281497218,-0.00004182886751119963,-0.000040798359078013855,-0.000041073188593652445,-0.00004128231058471965,-0.00004176513253044322,-0.00004135468993716234,-0.000041803553297932325,-0.00004182968307882459,-0.000041745431178053095,-0.000041672682387360245,-0.000041772727746899106,-0.00004175980959860366,-0.00004181014265102929,-0.00004172585190562925,-0.000041574545840746075,-0.00004152181096696223,-0.0000415527374852939
-0.00007041822637796053,-0.00006978747372397705,-0.00007053964806319947,-0.00007017174267262903,-0.00007036055726950384,-0.00007024722371987294,-0.0000704784233175368,-0.0000698844980591779,-0.0000702475704530293,-0.00007039737631449948,-0.00007028380277724516,-0.00007105095454888525,-0.0000703123002970129,-0.00007057832975741434,-0.00007050510076559826,-0.00007066226965190228,-0.0000704076995872422,-0.0000701894354944014,-0.00007043522224272406,-0.00007082804024562429,-0.00007052712083609994,-0.00007021406201524235,-0.00007070398449645997,-0.0000703923963492901,-0.00007048361793566132,-0.00007031962742502806,-0.00007051188293817882,-0.00006995011405749905,-0.0000700851281427172,-0.00007022578536252332,-0.00007037835050979523,-0.00007003063587632934,-0.00007067665860225331,-0.00007025521692805188,-0.00007028339306484061,-0.00007016543507502206,-0.00007057243559965461,-0.00007013259689353854,-0.00007059472166298612,-0.00007037978230823302,-0.00007072132860586614,-0.00007034598636328266,-0.00007046083940431282,-0.00007185869123099771,-0.00006986952042482708,-0.00007033664090108283,-0.00007018834971246697,-0.000070270198176551,-0.0000704122980335897,-0.00007026049490407618,-0.0000701139125015084,-0.00007039715962613808,-0.00007020858746631639,-0.00007019427890873279,-0.00007071493104645635,-0.00007051917536169211,-0.00007025161231011059,-0.00007102515314277117,-0.00007025244859609934,-0.00007080544125286131,-0.0000704129487052664,-0.00007008070684908152,-0.00007056516344868745,-0.00007027176224051225,-0.00007075394046207027,-0.00007017109852936157,-0.00007065320560634491,-0.0000705746706337965,-0.00007070533047127866,-0.0000704813787331746,-0.00007033811768791297,-0.00007049292403649496,-0.0000707771082846295,-0.00007026879935879481,-0.00007090928117461616,-0.0000703128271956995,-0.00007021504083394825,-0.00007014964376670819,-0.00007064328666532696,-0.00007034297115041255,-0.000070398893884005,-0.00007033407289320872,-0.0000695031637704889,-0.00006925272100432976,-0.00006978393070960123,-0.0000703877977257879,-0.00007002844470034256,-0.00007039208795152224,-0.00007044635760930713,-0.00007032497815533871,-0.00007022836750751116,-0.00007029536142026113,-0.00007021928618163576,-0.00007046869567980875,-0.00007041744667654336,-0.00007030431816660681,-0.00007010110368226638,-0.00007019319052905865
-0.00012173955367697376,-0.00012041584752527163,-0.00012143245343230758,-0.00012104966695878375,-0.00012115807446567089,-0.00012119358738608282,-0.0001213071368000414,-0.0001208403482857548,-0.00012120485306465306,-0.000121356217040225,-0.00012115914394609674,-0.00012207810214721147,-0.00012124592357975081,-0.00012161902592047843,-0.00012141442252523213,-0.00012149067766564764,-0.0001213160277342373,-0.00012115330160044046,-0.00012143593965237226,-0.00012190268032570088,-0.00012158460752065673,-0.00012123209404820857,-0.00012147561875384231,-0.00012140900850865495,-0.00012157604513911181,-0.00012130646408701908,-0.00012121960914273947,-0.00012086776091160222,-0.0001209359960316816,-0.00012113874429804116,-0.00012129129465895507,-0.00012082399274646886,-0.00012164012689110928,-0.00012106976160535174,-0.00012131564937819847,-0.0001211463822159035,-0.00012149743344564391,-0.0001210168327443136,-0.00012115715190242623,-0.00012128245029824965,-0.00012176589937482174,-0.00012129416549386019,-0.00012138058319191542,-0.00012227890976257452,-0.0001208926947602149,-0.00012121338483474782,-0.00012124555404985761,-0.00012113443892824754,-0.00012139312166169277,-0.0001211210512475535,-0.00012097386180208076,-0.00012137687218452878,-0.00012107017759626574,-0.00012109056815050278,-0.00012175472633516104,-0.00012150975756524435,-0.00012114396528915554,-0.00012207049841610662,-0.00012108008120582448,-0.00012181173261995083,-0.00012136050977232504,-0.00012080838092233645,-0.0001215788768433563,-0.00012137867402281605,-0.00012171663997575303,-0.00012117523709274781,-0.00012167868097715307,-0.00012133560609000226,-0.00012155562565520551,-0.00012141350949766385,-0.0001213607008675057,-0.00012145617221352705,-0.00012172295617500657,-0.00012114523728422248,-0.00012168485638424619,-0.00012127948465206212,-0.00012130314500566434,-0.00012102737301439577,-0.00012167994359275505,-0.00012117788615585193,-0.00012115777166422128,-0.00012112068744929617,-0.00012038928040801201,-0.00012008194376354833,-0.00012068269325705253,-0.00012139859090766142,-0.00012104622307189671,-0.00012134247502855767,-0.00012134754802470664,-0.00012121065954328537,-0.00012120558029804114,-0.00012108037296838723,-0.00012110295143577654,-0.00012147078612392083,-0.00012143890072479466,-0.0001213123314207889,-0.00012097726662822004,-0.00012123559763138907
-0.0002255512611837962,-0.0002234621963711252,-0.00022467799815481258,-0.00022437321324029797,-0.0002244898637766247,-0.0002243948760822645,-0.00022464288330352236,-0.0002241566042529633,-0.00022461171212392452,-0.0002246641718292706,-0.00022447299664089923,-0.00022508361419686904,-0.00022450738714151685,-0.00022515466178604467,-0.000224772959202286,-0.00022454163612559182,-0.00022458625932964997,-0.00022449534009481856,-0.00022488065729279008,-0.00022528939510680723,-0.00022498146876982213,-0.0002247580706090718,-0.00022451169279495407,-0.0002249092955307091,-0.00022500775116194742,-0.0002246503653639662,-0.00022449506255581988,-0.0002242079785115341,-0.0002242465176966844,-0.00022445687271981454,-0.0002245927473423775,-0.00022418423234507663,-0.00022492277241121313,-0.0002241820340606762,-0.00022483645065507767,-0.00022459311726042986,-0.000224860368369018,-0.0002243655673410972,-0.00022430642976027033,-0.0002245828435501004,-0.0002250082812034838,-0.00022479784616255555,-0.00022470444712821552,-0.0002249735483383419,-0.0002243146734815969,-0.00022448388698996456,-0.00022468108792408992,-0.0002244693681813511,-0.00022479225742831613,-0.00022449423536341647,-0.00022420330384439354,-0.00022477487481777932,-0.0002244466523489522,-0.0002243294541049953,-0.00022522027623275178,-0.00022485401890472693,-0.0002244897204595635,-0.0002254786943532191,-0.00022429210197085576,-0.0002253048515925698,-0.00022476514066409613,-0.00022415989763445546,-0.00022497131174894897,-0.0002250045734935112,-0.00022492828212546757,-0.00022456096777370287,-0.0002250281531837959,-0.00022461208517717855,-0.00022480818175154085,-0.00022475682427642956,-0.0002248418422056728,-0.00022506960721833757,-0.00022505768484022448,-0.0002243816651021389,-0.00022479856148334122,-0.00022465855681464,-0.0002248993678949959,-0.0002243875784906049,-0.0002251032652318317,-0.00022441946133987083,-0.00022434124921568024,-0.00022440772199683345,-0.0002230295459269553,-0.00022346445702525172,-0.00022397387839804037,-0.00022483116427006642,-0.00022443828793593053,-0.00022467851014789416,-0.00022469258487961894,-0.0002244283326603244,-0.00022469354226455158,-0.00022425599801363135,-0.00022454255684920045,-0.00022488499332972998,-0.00022493926447717888,-0.0002246050340437566,-0.00022423503496469795,-0.00022476774487176449
-0.00047005047563925505,-0.0004674774135023696,-0.0004687012190353522,-0.0004686244531964022,-0.0004689240499111882,-0.000468308313627791,-0.0004691914317507625,-0.00046841749990874076,-0.0004689459044333055,-0.0004689034872948466,-0.0004688134170237342,-0.0004690081760401338,-0.0004685703729075555,-0.0004695743257715088,-0.00046900823133183827,-0.0004685100439067144,-0.00046879118920426,-0.00046872916017199885,-0.00046917421934924335,-0.0004696020643848585,-0.00046921086268743024,-0.00046922186935556174,-0.00046853663184839384,-0.0004693293085991287,-0.0004692062211414516,-0.00046885607914559397,-0.0004686732905498837,-0.0004684183978715599,-0.0004684724959717663,-0.0004686985891148009,-0.0004688008453885348,-0.00046846508805004544,-0.0004690982333503574,-0.0004681499177439298,-0.00046938540462826395,-0.00046893334079914687,-0.00046924649829662487,-0.00046861517524032694,-0.00046838148650480847,-0.0004688786996748898,-0.00046884701878209593,-0.00046914459172520465,-0.0004689501973349379,-0.0004686932256765502,-0.00046850099043777965,-0.00046869307893844384,-0.0004688380333441218,-0.0004688165221829428,-0.0004690758549982975,-0.0004690228300817673,-0.00046834945730315754,-0.00046913701913169493,-0.0004688390501743928,-0.00046841805144713904,-0.00046973326146856274,-0.0004690279191373964,-0.0004688705692192026,-0.0004698044713460587,-0.00046837905303230933,-0.0004696703750826969,-0.00046903270986826484,-0.0004685321489472042,-0.00046916325358229674,-0.00046970594182138255,-0.0004691196424967015,-0.0004687746825873036,-0.0004693723486648069,-0.0004689252970825664,-0.0004688820732623073,-0.00046905520100010514,-0.00046934443293788244,-0.0004695650199443601,-0.000469303871825022,-0.00046854987042672827,-0.000468971777149667,-0.00046895828359410675,-0.00046945280043137274,-0.0004687178746759915,-0.0004695031187243278,-0.0004685556251365253,-0.00046844481011284816,-0.00046875849278333275,-0.0004666204622010364,-0.0004674464045186252,-0.0004681714269314898,-0.0004690615855047237,-0.0004689153206167367,-0.0004688875986052824,-0.0004689430997062682,-0.00046846395167078137,-0.0004691562350759028,-0.00046837136965626575,-0.0004690394833613132,-0.0004692027147732639,-0.00046938512942429095,-0.00046877125502149957,-0.00046854236189961625,-0.00046924338918403547
-0.0012226461257199516,-0.0012198282994087706,-0.0012211848560965501,-0.0012210669592024287,-0.0012217155235734968,-0.0012206576266229558,-0.0012221081305676391,-0.0012211691965860496,-0.0012217160680111855,-0.0012215046971720393,-0.0012219024575707042,-0.001221496628786629,-0.0012208760751955335,-0.001222317128173684,-0.0012214116129613238,-0.0012210139278101273,-0.0012214327311081095,-0.0012212304698658654,-0.001221872634462433,-0.0012225155697819254,-0.001221938004762571,-0.0012220894303004235,-0.0012211947937869727,-0.00122237208709932,-0.0012215546791263516,-0.001221205203144134,-0.0012214591619529157,-0.0012209659481004903,-0.0012210409347947503,-0.0012214405682344802,-0.001221283793551142,-0.0012212421083492974,-0.0012213914910303666,-0.0012204277493178578,-0.0012222983411072411,-0.001221708457817098,-0.0012221546697447979,-0.00122116084506563,-0.001220430258391794,-0.001221752050661239,-0.0012215857804729598,-0.0012216704790730464,-0.0012216546851949307,-0.001220498122851237,-0.0012208389680820333,-0.0012213261332141394,-0.00122136838372478,-0.0012213280189613835,-0.0012217784732228456,-0.0012220880439472686,-0.0012208820242025796,-0.0012218913762986907,-0.0012215913695778433,-0.0012209936603989867,-0.0012226530105015222,-0.0012215316860987027,-0.0012218201848810705,-0.0012223101444426834,-0.0012210253361378078,-0.0012222132594998775,-0.0012215532560713748,-0.0012209949965074477,-0.001221457161368096,-0.0012228784277161036,-0.00122196194439736,-0.0012211452023941373,-0.0012222920218351516,-0.0012216270426332627,-0.001221347092261881,-0.0012216896361007396,-0.0012223644943818255,-0.0012220898414114067,-0.0012217183028065655,-0.001221322484233076,-0.001221453517353512,-0.001221734246366657,-0.0012221788279902402,-0.001221551741896897,-0.0012223549509468913,-0.0012210042169054297,-0.0012208853273127478,-0.0012216960570541908,-0.001218755789736163,-0.0012192870272395807,-0.0012208347799829743,-0.0012215932484844817,-0.001221840664604408,-0.0012213000085426473,-0.0012212830166058973,-0.0012207186194453813,-0.0012219874164141158,-0.0012208906889265656,-0.0012218316823600834,-0.001221934945467088,-0.0012221843834882592,-0.0012212516740428329,-0.0012214321229375889,-0.0012221061984310291
-0.004543451571963597,-0.004540806930091608,-0.004542643204249207,-0.00454129009843415,-0.004543071982855502,-0.004541675046956809,-0.004543867885193342,-0.0045429398025479215,-0.004542749134293783,-0.0045425194245576495,-0.0045438192093925685,-0.0045420825126174826,-0.0045413944022222865,-0.004543763672116787,-0.0045425748120174365,-0.004542395473344764,-0.004542324704696535,-0.004542113957348128,-0.004543116291782512,-0.004544603551666472,-0.004543619449709772,-0.004543695902885444,-0.004542531916320359,-0.004544361268862215,-0.004541781601604058,-0.0045417961058871505,-0.004542702081028367,-0.004542328392646469,-0.004542076729586375,-0.004542579695425861,-0.00454223644091139,-0.0045429136186582765,-0.004541334912408163,-0.00454120557935306,-0.004543333021156777,-0.004542737552553884,-0.004543427594231823,-0.004541971516416635,-0.004541532319581491,-0.004543100315046411,-0.004542676304314468,-0.0045426493499837505,-0.004542894231144767,-0.004540975503832817,-0.004541696241090468,-0.004542371143138478,-0.004542822127874785,-0.004542232740450108,-0.004543014674046024,-0.004544689582619341,-0.004541896313641199,-0.004543045775411766,-0.004543159656866677,-0.004542784883450222,-0.004544362450864975,-0.004542358054279039,-0.004543431934225924,-0.004542966263280941,-0.004543341854946003,-0.0045433201861073205,-0.004542707314172029,-0.0045418760887369165,-0.0045419381601122435,-0.004544764301884925,-0.00454384911739228,-0.004541435216602477,-0.004544090000423192,-0.00454290829183318,-0.004542143380225617,-0.00454282531725824,-0.004544254915243632,-0.004542900001599983,-0.004542514486548021,-0.004543318593792964,-0.004542356869691885,-0.004542945337222973,-0.00454275066625841,-0.004542557333860808,-0.0045437507716027045,-0.004542638524437842,-0.0045420084925463095,-0.00454380691350913,-0.004539348890546918,-0.004539233696513472,-0.004542198805329504,-0.004542787617979531,-0.004543541253956156,-0.004541985332069201,-0.004542022105204749,-0.004541327031699981,-0.004543065997781615,-0.004542017818397849,-0.004543136615690074,-0.004542824078442264,-0.004543316384066446,-0.00454203069307918,-0.004543120118807207,-0.004543542723170386
-0.02684470200375367,-0.026844358944420055,-0.026844213859983847,-0.026843329117359607,-0.026844402020541343,-0.026844345121022416,-0.026847863086864217,-0.02684504469580101,-0.026845753934340418,-0.026845332542727363,-0.026847063049812495,-0.026844877801724516,-0.026844461030495956,-0.026847687903485358,-0.026848713559320656,-0.02684454763050819,-0.026844644890019954,-0.026844577770500533,-0.02684609574176227,-0.02684769275018979,-0.02684666068776133,-0.026845962289929484,-0.026845689495211433,-0.026850635668005888,-0.026842914246546286,-0.026844776370076928,-0.02684510904627057,-0.026845528631273805,-0.02684534097373273,-0.026845665842122106,-0.026845054592083625,-0.026847266783467418,-0.02684148588322753,-0.026842102352668,-0.02684561534523735,-0.0268445914460229,-0.026846849565631978,-0.026844965029092154,-0.02684538635230741,-0.026845744829953274,-0.026844784324320185,-0.02684501111496558,-0.02684805283448087,-0.02684415946841196,-0.026844273869657063,-0.026844607104703717,-0.02684864074894883,-0.026846290361363642,-0.026845227134834372,-0.02685040239230893,-0.026843863444119796,-0.026843953269886513,-0.02684491456983136,-0.02684641697536195,-0.026848748517842008,-0.026843923996106994,-0.026845882455570517,-0.026844669840582206,-0.026849882751823283,-0.02684429442941483,-0.02684545413516834,-0.026845703207931393,-0.026842934925634422,-0.026847547115210816,-0.02684714035847987,-0.026842748662342493,-0.026849140385935985,-0.026846999699499767,-0.02684258246518351,-0.026846372566591538,-0.02684659120453503,-0.026843759197520998,-0.026845697096680592,-0.026847605245258283,-0.02684479085293372,-0.02684438486753597,-0.0268441737877717,-0.02684536318999857,-0.026847109766971213,-0.0268474684624026,-0.02684591837819575,-0.026850504370941324,-0.026838666154559397,-0.02684311775376385,-0.026844704278568735,-0.02684493379216859,-0.026846897148617942,-0.026845027173511962,-0.026845329091750747,-0.02684488314795478,-0.026843674211853925,-0.02684453436363645,-0.026845504346613293,-0.026844247068432053,-0.02684474935552623,-0.026844531473682657,-0.026847681295990192,-0.02684570510143442
