-0.06648843915671881,-0.06647718237561509,-0.06648584532870137,-0.06649007848407314,-0.06648439474290438,-0.06648245506809701,-0.0664841565993501,-0.06648974438666193,-0.06648859468530437,-0.06648310235722625,-0.0664854723847582,-0.06648166712150595,-0.06648876807099871,-0.06648038986941443,-0.0664839741869638,-0.06648881027544011,-0.06649103061919029,-0.06648312746557695,-0.06648220898623798,-0.06649349247699896,-0.0664901312154622,-0.06648269338559305,-0.06648366799345574,-0.06648822920394294,-0.06648584988228246,-0.06648124802679979,-0.06648085935641103,-0.0664926736472525,-0.06647497501878968,-0.06648711697857651,-0.06648400989928989,-0.06647922687098404,-0.0664848251365133,-0.06648534964827449,-0.06649351670965108,-0.06648875610451528,-0.0664927725909596,-0.06648089071011556,-0.06647823308696943,-0.06650095246762049,-0.06648369266454793,-0.06648170024700407,-0.06649007120486526,-0.0664792077520996,-0.06648065125291742,-0.06648254218043037,-0.06649624811379373,-0.06648860684106751,-0.06648166570440499,-0.06648626560855003,-0.06649115816380062,-0.06648969516785974,-0.06649282982730743,-0.06648986615453947,-0.06647259626643198,-0.06648481452278134,-0.06649020212164734,-0.06648750760724502,-0.06649198374130108,-0.06648955657984397,-0.06648528226216203,-0.06647885791459618,-0.06648311525808452,-0.06649733763176761,-0.066487829705911,-0.06649049664694251,-0.06649716017053216,-0.0664967924672749,-0.06649223133038656,-0.06648728054251028,-0.06649432273819662,-0.06649131013160176,-0.0664917415109164,-0.06649299491414976,-0.06648618305911949,-0.06648462673154304,-0.06648618396521212,-0.06648042771282718,-0.06651226581545779,-0.06648515530364889,-0.06648577170810081,-0.06648228601471887,-0.06648184039011024,-0.06648334858875522,-0.06648084273854019,-0.06648914833631626,-0.06648599505325853,-0.06647920644855883,-0.06648099202173377,-0.06648868683867153,-0.06649023645890717,-0.06648214406194868,-0.06648380865412003,-0.06648856256859711,-0.06648047449842437,-0.06648349924186298,-0.06648882430183567,-0.06648856922241624
0.0267413424578802,0.026742936518989735,0.026740839492343686,0.026739857070329567,0.026741750082596095,0.02674151405352547,0.02674497111459977,0.026743349229914094,0.026742015810380937,0.026742434203805697,0.026742675757906,0.026741176856381242,0.02674062668725513,0.026744387596160983,0.026745005543699386,0.026741567016093322,0.02674153132480891,0.026740961247320977,0.02674199556313792,0.026744355626992913,0.026743478072403303,0.02674217682588431,0.026742641224227592,0.026747148356971395,0.026739114749945773,0.026740711789583718,0.02674321647258347,0.026742114065381975,0.02674138621133534,0.026741582810620605,0.026741553494220957,0.026744194166480287,0.02673757101204244,0.026742811354829643,0.026741939664918814,0.0267405906736699,0.026742760936166222,0.026740988347134537,0.026744024598463416,0.026742648180709882,0.026744548625457727,0.026740970855563335,0.02674409901885582,0.02674380833459191,0.026741023504981663,0.02674087841159936,0.02674565200191076,0.026744692010580752,0.026741429296164528,0.026746276453189867,0.026740031529983114,0.026740431498050547,0.02674173544380432,0.026742748403209744,0.026744849048197565,0.026741131578686732,0.02674187273862946,0.02674132204210725,0.02674679888676297,0.026740424608099563,0.026741493324447203,0.02674441708238244,0.026739116021656677,0.02674431870499626,0.026743758199023797,0.026739044673904675,0.026744930229358484,0.026743596905105065,0.026740408125061593,0.02674197065223312,0.026742347438295982,0.026741571468142423,0.02674266441554203,0.02674391352356692,0.026743529993590573,0.026740829261209555,0.026740555029318262,0.026742921256867773,0.026743090408855894,0.026743682712607547,0.026742871578792814,0.026746855267916675,0.0267428047322727,0.026748865053435555,0.02674165535203673,0.0267408736879373,0.02674323616405932,0.026741060605764568,0.02674118435446349,0.02674149325854263,0.02673977660413289,0.02674120180773098,0.026742734315683258,0.026740278763006102,0.02674166157471123,0.026741427510373693,0.026744022578154412,0.026741902308304755
0.004457065110030493,0.004457037259129973,0.004456497343965755,0.004455022764622438,0.004457658025694873,0.004455953930884633,0.004457550191663771,0.004458273802239614,0.004456333818365564,0.004456646227277579,0.0044566478369785145,0.004455891824488439,0.004454832158974294,0.004457297552799021,0.004456102137721877,0.004456495881236823,0.00445628528981832,0.00445562764684599,0.004456296661256229,0.004458336450161625,0.004457508343278458,0.004457184149848099,0.00445656221784512,0.004458064986215919,0.004455170979687845,0.004454895354121116,0.004457694875952529,0.004456158128827912,0.004455375841091717,0.00445572371673289,0.0044558299455412925,0.004457100464451616,0.0044545647160331376,0.004458108770086097,0.004456719528334574,0.004456043802172214,0.004456671130465778,0.004455222202277006,0.0044573324396019395,0.0044570107629471395,0.004458679515048447,0.004455850155903716,0.004456198787104982,0.004456555637548152,0.004455567879126206,0.004455777995382627,0.0044569023742571795,0.004457415139646761,0.0044564455260571074,0.004458030066956571,0.004455308923267928,0.004456764126961668,0.004457309546571893,0.004456320697602219,0.004457672689259003,0.004456578617332809,0.004456723462530452,0.0044565820550789975,0.0044573708503174575,0.004456585413344704,0.004455972588815607,0.004457290923421323,0.004455293493884804,0.004458635893603428,0.0044575895729392166,0.004454975733820782,0.004457139628845996,0.0044568298075844245,0.004456785394026289,0.004455728550235875,0.004457297438351434,0.004457251624290097,0.004456410983102182,0.004456751321806472,0.0044578204262443605,0.004456499802941104,0.004456379687863919,0.004457015990469701,0.0044569638618090655,0.004456047550471278,0.004456064002107144,0.004457317179991142,0.004459269166776669,0.004460775336982355,0.004456381982661895,0.004455985276866156,0.00445701359542168,0.0044553895586815235,0.004455174706300366,0.0044550921908490335,0.004456371058061411,0.004455944046245603,0.0044572171882805356,0.004456037300775984,0.004457062256052837,0.0044560468119547395,0.004456622997346416,0.004456962478285976
0.0011560841570252937,0.0011566351664214851,0.0011553267121574486,0.001155109803332315,0.0011567036820676543,0.0011551587460902424,0.0011554848185109823,0.0011563544940916253,0.0011557297730812649,0.0011557691807682641,0.0011551062396799867,0.0011555198257979294,0.001154675174714849,0.0011558261380978563,0.0011552094623840203,0.0011553625475714026,0.0011554993577434932,0.0011549082027551218,0.0011554003680180201,0.001156373567321769,0.0011560104765199817,0.0011559485103978802,0.0011554443991904494,0.0011564040026550131,0.0011552631441039754,0.001154542308640617,0.0011565406256807678,0.0011550667080573286,0.0011546956006007803,0.001154940294417972,0.0011550474899936145,0.0011557425618195795,0.0011549049259001035,0.001156604273874458,0.0011560322128729384,0.0011553749657697118,0.0011557619054734032,0.0011547685038230321,0.0011558628859950329,0.0011557304362290986,0.0011574864752102927,0.0011553725023545924,0.0011553600179754814,0.0011554528106657714,0.0011549194343836084,0.001154967120253179,0.0011556568906149335,0.00115610488248828,0.0011555159710366545,0.0011559027289384806,0.001154641875127588,0.0011559620368820937,0.0011560163744138068,0.0011547951918448388,0.0011561141692511601,0.0011558361059304447,0.0011555199925702368,0.0011559561527920807,0.0011552338294652732,0.001155597928414231,0.0011551342924385497,0.001156157877096494,0.0011551106388744798,0.0011569501207462753,0.0011558891202079586,0.0011550840802574025,0.0011556613998109633,0.00115591610815163,0.0011558693199360506,0.0011549843623766833,0.0011558527695090487,0.001156216897987923,0.0011557889018040772,0.0011550351569382016,0.0011566004409848205,0.001155502765765726,0.0011561214214265121,0.0011559920287542015,0.0011558428288994506,0.0011546335642318296,0.0011551807597942106,0.0011554721777381452,0.0011575831347310178,0.0011582265260565755,0.001155272069960959,0.0011551417540471643,0.0011555810408099697,0.0011551758111102391,0.0011548175966843138,0.0011547310581737436,0.0011556226205930126,0.0011551934182533188,0.0011559059162758998,0.0011554647259656645,0.0011559344254083214,0.001155490158690666,0.0011551941877718404,0.0011558411669126201
0.00042027109742981715,0.0004211230738175197,0.0004200821435838848,0.00041982050606102913,0.00042113794533728906,0.0004196243686335244,0.000419469558459438,0.00042024527815419973,0.0004201573295385264,0.00042013050291416003,0.00041933708716445094,0.000420168731331558,0.0004195383801420845,0.0004200580675064678,0.0004198852706165158,0.000419786124758168,0.00041981619373008215,0.0004194245107748102,0.0004198478361985723,0.0004205521156890567,0.00042028290842128244,0.00042025199223253524,0.0004198300731342064,0.0004205918988452146,0.0004200355712429271,0.0004193154624504388,0.0004207574073687231,0.00041955868847335894,0.00041932348820429436,0.000419400620605725,0.0004195788116351263,0.0004200979569146209,0.00041979127348897504,0.0004206570623244584,0.00042043505092253234,0.0004197869666087426,0.00042005606544061677,0.000419446243320505,0.000420084927357401,0.00041981691030127115,0.00042141661591450227,0.00042009164545324477,0.0004198755382969489,0.00041984656621856897,0.0004196100059457602,0.00041941420109362906,0.0004201811605860521,0.00042011595320759,0.0004199328025235519,0.00041991590228376754,0.00041928198288308663,0.00042040070882278484,0.0004203379855570495,0.0004193428448336049,0.00042024688397298215,0.0004203011862158252,0.0004198067502130096,0.0004204391018733405,0.00041967704657951545,0.0004200109617301318,0.000419768494001776,0.0004207573382543156,0.00041995158172812846,0.00042085866741997896,0.00042006878829739904,0.0004198383848560673,0.0004198962854372186,0.0004201254143676145,0.0004200707286631729,0.0004196002797942635,0.0004201251637427441,0.00042047374433136974,0.00042053440267122196,0.0004194031456624863,0.0004208009582083322,0.0004198181458676877,0.000420534317971068,0.0004201451202586551,0.0004200687388139254,0.0004192551932811066,0.0004198201297923287,0.0004196953938749137,0.00042168361316858216,0.00042161564284396596,0.0004197269325391519,0.0004197944699010543,0.00041988904906345816,0.0004199993975791121,0.0004196656257373702,0.0004195755403959687,0.0004200250954803505,0.0004198338967250072,0.00042000922914185626,0.0004199337623251681,0.00042010671665952204,0.0004201883350365693,0.00041943210978949625,0.000420155072772501
0.00018938977984501838,0.00019032118518725677,0.00018973070250435947,0.00018930190107477768,0.0001903607291865399,0.0001889881326346951,0.00018867996557902762,0.00018956451504048382,0.0001896111455339127,0.00018944896720536435,0.00018889551210849912,0.00018933287098369035,0.00018921132644396935,0.00018932598027111052,0.00018937484665889425,0.0001894102766078855,0.00018916390246594592,0.0001888750100536129,0.00018934735446208368,0.00018995138920270787,0.0001897131254650988,0.0001896154045154978,0.00018931621213773525,0.00018994921653801855,0.00018949870618733053,0.00018884234088219974,0.00018999254448040645,0.0001891619848235118,0.00018888626971675716,0.00018897662718822707,0.0001891021695507361,0.00018962656657724473,0.0001893625084497184,0.00018979539299060955,0.00018984288668021852,0.00018923025158965924,0.00018942093700459223,0.00018901582691312882,0.00018931870966198993,0.00018914151872414134,0.00019016476005084528,0.00018947817286547658,0.00018940305538608058,0.00018920941722078458,0.00018909962981476715,0.00018895131672217792,0.00018967490287728593,0.00018919877593586386,0.00018939689471051245,0.00018922432786401506,0.00018891552120934739,0.00018975219249025503,0.00018957159850790646,0.00018902705321541496,0.00018946674995262738,0.0001898027021568713,0.00018921121268016344,0.00018987404796779703,0.00018929193563074,0.0001893724545252931,0.00018930465059312793,0.00019037056658953813,0.00018951161423277576,0.00018987795992236433,0.00018959284380537395,0.0001893531592881221,0.00018932368023615004,0.00018929260377626057,0.00018932257484780484,0.0001891790042057693,0.0001894422579125078,0.00018970709760476978,0.00019002880033784002,0.00018896638020463697,0.00018999911154714982,0.000189208979270204,0.00018973936348612203,0.00018948776102323118,0.00018935567111753797,0.00018883635490804133,0.00018943494321494087,0.0001891171695785894,0.00019040851277079553,0.00019055430548799808,0.000189276149343098,0.00018936279925218022,0.0001893291991644577,0.0001895677656949944,0.00018920547628587615,0.00018925801636736011,0.0001893870600488749,0.00018939500191467732,0.00018917232238656675,0.00018942849125341582,0.00018935896914071162,0.000189870004748516,0.00018888854644943256,0.00018947548513096848
0.00009804999201589012,0.00009895403893713143,0.00009864813702197762,0.0000982961360587148,0.00009907122084038634,0.00009797671682074396,0.00009774213774968929,0.00009865001469333581,0.00009857136021729102,0.00009838322619770944,0.00009806850463017011,0.00009789473427254512,0.00009829201981684821,0.00009816125436312926,0.00009839733179348924,0.000098515100582605,0.00009815842371235325,0.00009792876203264195,0.00009831622484772049,0.0000989332175079466,0.00009853508388795254,0.00009849469322472046,0.00009822994321707871,0.00009884834233863423,0.00009841525390209003,0.00009787757923855833,0.00009874419146639495,0.00009824896486857821,0.00009795027811424127,0.0000980441311174774,0.00009809556583175398,0.00009864101001613008,0.00009837729015336482,0.00009842381357445763,0.00009874908523648332,0.0000981368179126688,0.00009830677311719246,0.00009805935828160084,0.00009809135593059223,0.00009812570818803915,0.00009862346063823973,0.0000983683276998087,0.00009842550267106175,0.00009768043930719666,0.00009800931181610167,0.00009808040102496525,0.0000987309254267817,0.0000979536482748815,0.00009834832833360407,0.00009821319290467988,0.00009802889992451649,0.00009858545785034696,0.00009835728169589611,0.00009818675357480576,0.00009827075228625791,0.00009877016956624226,0.00009824648448609677,0.00009869890259116745,0.00009838769416976024,0.00009828235734981806,0.00009830387858928441,0.00009930597853330343,0.00009850756938806054,0.0000986168748218719,0.00009871242539454248,0.00009836319639983683,0.00009830174357547433,0.00009812821285072083,0.0000982240005841333,0.00009826750003771534,0.00009833624634173944,0.00009856530039437162,0.00009902764387266188,0.00009806995773411215,0.00009850748210809095,0.0000981331277867802,0.00009848842075142462,0.0000984458326166084,0.0000982827759718211,0.0000979581528015304,0.00009847989922989929,0.00009812132864330883,0.00009858677149846544,0.00009945081498089137,0.00009835885720188086,0.0000983410609560442,0.00009848695837255507,0.00009858461715601163,0.00009824388749953659,0.00009835658117145119,0.00009825017388995889,0.00009848515343464256,0.00009809659965451932,0.00009840948634485408,0.00009831860774348148,0.00009899839157881775,0.00009802625033914844,0.00009829832477364816
0.000055736731196882525,0.00005656928202329944,0.000056405234176084014,0.000056152679457420544,0.00005675931395416807,0.000055930751398150265,0.000055804499193483855,0.000056603980053986405,0.00005637195197206787,0.00005616675833277744,0.00005609801664804972,0.000055821740309378815,0.00005619496203250467,0.00005597384821580932,0.00005630503192325421,0.000056328796816420456,0.00005608446695967088,0.00005593067074549906,0.000056191919902902175,0.0000566715282733144,0.00005617520310052675,0.00005628605972169852,0.0000560061988147373,0.00005667590449541879,0.00005621788394642483,0.000055810432266255636,0.00005637510109381053,0.000056210667861876675,0.000055928393645096266,0.0000559744419385885,0.00005599567531193104,0.00005637127590775738,0.00005626419513837852,0.00005595854513968236,0.00005651855636569323,0.000055959545225314696,0.000056125458045812084,0.0000560070844812047,0.00005563554892325195,0.00005604067232503656,0.000056204401449639704,0.00005612005413865153,0.00005631914790138142,0.000055019839982356494,0.000055857375203704454,0.0000560737913431401,0.00005673363672501074,0.000055688241676468794,0.000056203578601753305,0.000056073721810795837,0.00005602671896344318,0.00005638335815953861,0.00005607955603429149,0.00005615951099323414,0.000056069229364739395,0.000056558596904835966,0.000056187725595632524,0.00005646477231687855,0.0000563501689001275,0.00005613734532108366,0.00005619952096861465,0.00005696149196696462,0.000056347607968845767,0.00005634736854998357,0.00005656669070765006,0.00005624617082558713,0.00005618734238712189,0.00005585045406287237,0.000056031958100035994,0.00005621756971477795,0.00005615594949310615,0.0000563861575561053,0.00005686952184616899,0.00005603714900205697,0.00005596561608109205,0.00005597195827301398,0.000056185563326178434,0.000056326091292870645,0.00005613773764181165,0.00005597450995928773,0.000056368093176522406,0.00005605179818516915,0.00005631636483064068,0.000057232799280039375,0.00005632546361579108,0.000056195256096406505,0.0000565660625000958,0.000056433732380358,0.00005618435264840435,0.000056283362150800637,0.00005617012928707886,0.00005643067457487584,0.00005605759556920667,0.000056258656617669236,0.000056234138396960034,0.000056793299951036424,0.00005602044222650418,0.00005610021834388187
0.00003428694425295842,0.000034944757327285915,0.000034872098204086614,0.00003474800083400406,0.00003522250216257904,0.00003452469085634634,0.00003439771923903972,0.000035225500193612206,0.00003485059616840622,0.0000345839327747781,0.00003476061022503401,0.00003464605736795214,0.000034770377400250287,0.000034548424303595645,0.00003485574763417022,0.00003486509635746114,0.000034663960859837716,0.000034572375440772554,0.000034737078370426274,0.00003509118963118783,0.000034602937388178884,0.00003472398215213345,0.00003456796153520436,0.0000351921204370393,0.00003474419554958897,0.000034489037661023376,0.00003476712682697991,0.00003472472577815733,0.000034602615621161706,0.00003459610668183892,0.0000346458331773714,0.00003474214341006041,0.00003484713647210273,0.00003430410137633467,0.000034963605738655324,0.00003457738368337579,0.000034698786960615575,0.00003465932472056413,0.00003394214744606104,0.00003462546812140922,0.00003471594383862886,0.00003458889681693145,0.000034903384141090086,0.00003292277511635261,0.00003438508937971506,0.00003472446314977436,0.00003548719678326062,0.00003425253280163217,0.00003473136463843738,0.00003454436289637018,0.00003474683455927673,0.0000349153758972952,0.00003461523435402089,0.00003476990171364356,0.00003456878112122156,0.000035040664519758586,0.00003481192944246211,0.00003492927593792199,0.00003495131945738192,0.00003474520915604118,0.000034812311253957265,0.000035322136376341275,0.00003488576602322766,0.00003479142793540755,0.0000350393774055958,0.000034732389066004835,0.00003477321725108439,0.00003431066711890615,0.00003459392006765715,0.000034777734399710596,0.0000347170835093881,0.000034938437542467105,0.0000354008749623945,0.00003469611102148544,0.00003434257587912357,0.00003452130719144542,0.000034667965423527226,0.00003490862730422796,0.000034717288693204474,0.000034644647486680255,0.00003494232016775001,0.000034619416507886674,0.00003496005011818639,0.00003536925696891193,0.000034982813943039336,0.000034765890273995404,0.000035054945718559406,0.000034985218218847355,0.000034753482697407975,0.00003485625659498791,0.00003483146133686634,0.000034927227095256485,0.00003468895996296835,0.00003479317578811725,0.00003481096304617472,0.000035300775648240234,0.000034669115101380836,0.00003461329922950931
0.000023052831793630876,0.00002350231083297239,0.000023573975030389143,0.000023533110438457797,0.00002389756691309346,0.000023276360070579044,0.00002304874066653603,0.000024036544608539975,0.000023498244123924903,0.000023277431662786855,0.000023507433776774358,0.000023542476600380722,0.00002349239743279554,0.00002335855159792823,0.000023559428312937085,0.000023530029118300883,0.000023290006814581586,0.000023366166254446827,0.000023450052953267294,0.000023711507067402055,0.00002332030309251959,0.000023406539658876796,0.000023275041232424535,0.000023813444701815788,0.000023472342808392162,0.00002334540736431766,0.00002348330484491207,0.000023462164304543275,0.000023424850222973756,0.000023346366870191232,0.000023445200760064284,0.000023359164743443376,0.000023568433915342915,0.000022908410267572673,0.000023629076812622635,0.000023437135550715725,0.000023511261171110467,0.000023460780133637356,0.000022635386713374484,0.000023348523455328244,0.00002319960518393005,0.000023230175573549727,0.00002361461734786982,0.000021220679656646403,0.000023122025619305085,0.000023492133884851872,0.000024426276818477418,0.000023067497012206166,0.000023406045015323736,0.00002326825887980841,0.000023627484269118786,0.000023729498541612794,0.000023385345772541886,0.000023580742075648517,0.00002319145746488277,0.000023692361310827285,0.000023543508114457995,0.000023629167936066258,0.000023656903245111252,0.000023535639252066877,0.00002356580289316397,0.000023924636167966027,0.000023588167873663624,0.000023455236796664594,0.000023648586425252577,0.000023343516260392234,0.000023533101129064778,0.00002303893198488123,0.00002341328088714106,0.000023500645509486543,0.000023472177328422527,0.000023781113170022735,0.0000240691370725015,0.000023446941919482202,0.000023105575835983473,0.000023300205791786055,0.000023385910779921358,0.000023612969902080627,0.00002351084391869129,0.000023452490680275046,0.000023663170097398135,0.00002332750135969598,0.000023572877029335712,0.000023888908370941335,0.00002377626055396866,0.000023527193692264366,0.0000236149545511105,0.000023686425243199293,0.000023446564571163585,0.00002360434686307771,0.000023586277270863666,0.0000235724739081943,0.0000236026088247377,0.000023511038148236722,0.0000234918296363739,0.00002395016006177331,0.000023472960900284277,0.000023338584713665472
0.000016623193158948993,0.00001688724670410603,0.000017124232626937354,0.000017132593874979193,0.000017395004129482643,0.000016816549754960342,0.000016506673030453747,0.00001760944423243175,0.00001696982493406189,0.000016744112268947896,0.000017040923377332766,0.000017326705252541286,0.00001699984297740164,0.000016956135890922804,0.00001704671905080631,0.000016993222318140498,0.000016818079527452156,0.00001692775735592302,0.000016992321342829014,0.000017162404475006147,0.000016841695224195152,0.000016984456356472602,0.000016819068704998413,0.000017206336920637132,0.000017053909261321984,0.00001698118983389605,0.000017064161994431342,0.00001692220191271468,0.00001700907543155892,0.000016860997661602434,0.000017004649435586192,0.000016874471359366105,0.000017070572245002866,0.00001631630397603864,0.000017155867383066848,0.000017055197759151792,0.000017054203939702172,0.00001708161822032972,0.000016309509447914453,0.00001691843776173738,0.00001676538406034415,0.000016714687456386318,0.000017108709838805925,0.000014730454388278793,0.000016699897684046557,0.00001704328810994883,0.00001801987083716076,0.00001671877720444998,0.000016907978504407742,0.00001683030908473292,0.000017157475257211083,0.000017343084015309863,0.000016946481907521646,0.000017118216533752776,0.000016702759168980942,0.000017154184875744642,0.000017023101961876712,0.000017085040677112716,0.000017151324348006358,0.000017135999182507618,0.000017103772302829207,0.000017372376055155432,0.000017073305084384917,0.000017014564921049498,0.000017092148204748548,0.000016799781578874913,0.000017059769844432072,0.000016685398485128995,0.000017012191091759098,0.000017081248420834225,0.00001702412867742345,0.000017364718758491708,0.000017510674290147603,0.000016965481211366654,0.000016788157667345026,0.000016885288121586355,0.000016940772540982368,0.000017123014501641595,0.000017093174019651086,0.000017019173664247124,0.000017136471067093542,0.000016847439981042007,0.000016911853084653297,0.000017333401729849478,0.00001728600728925329,0.000017096037421706068,0.000017093772101475623,0.0000172279542354984,0.000016936028554935982,0.00001710411694024122,0.000017115486631792176,0.00001706885209742181,0.000017201356390233128,0.000017040162523283913,0.000016959719295464264,0.00001741792060813676,0.00001706305015993169,0.000016880496190005453
0.000010698831755678663,0.00001108034311645035,0.000011197658914331437,0.000011216156456659739,0.000011361215839357277,0.000010922243347409042,0.00001065099941541742,0.000011620610074009352,0.000011038290709250526,0.000010609785847199232,0.000011101103951270497,0.000011440278127184697,0.00001103993803306863,0.000011079307049075524,0.000011074608687346697,0.000010988862021527817,0.000011002824398222177,0.000011028432806993878,0.000011058252803053219,0.000011164592074196232,0.000010918543897523793,0.000011122138244788843,0.000010939254488022139,0.000011162228965361484,0.000011188034798259579,0.000011077285702562908,0.000011272952689538166,0.000010884791962045366,0.00001110333333844812,0.000010913986042145953,0.000011083344318075993,0.000010960834430299213,0.000011121519499499661,0.000010463753912449913,0.000011267272624183762,0.0000111208030499162,0.000011074304883342964,0.000011224426833251221,0.000010649829613598392,0.000011002236706141678,0.00001080372856317309,0.000010882242841519136,0.000011151903478864207,9.902129912347147e-6,0.000010828814483713959,0.00001110078933600947,0.000011946663702033518,0.000010906920587132722,0.00001100987095772744,0.000010874531412902467,0.000011177038753606376,0.00001142733708158567,0.00001102877057070872,0.000011139681244592775,0.000010835259110004258,0.000011116257764537843,0.000011028779626653603,0.000011072865070482722,0.00001114172826724965,0.000011178704987508333,0.000011199728121552406,0.000011640535613188722,0.000011084822835523158,0.000011136453629874048,0.000011094244418585314,0.000010900606051933479,0.000011095167769199274,0.00001090733608742647,0.00001111555822824629,0.00001115417881293345,0.0000110922240093499,0.000011316849511759298,0.000011407707235958385,0.000011014416998410221,0.000010950504960113547,0.000010979934093915902,0.000011043305591251452,0.00001108509148610914,0.000011181008682264136,0.000011097315523089658,0.00001111779396423894,0.000010895099679058718,0.000010955156182624779,0.000011325402756243904,0.000011221185484773049,0.000011177038898195701,0.00001119689937606905,0.000011267028037068483,0.000010976947412657603,0.000011106684533132996,0.000011229984672522702,0.000011134678346757122,0.000011281821627652012,0.000011096645963654654,0.000010966348502481298,0.000011435835285264587,0.000011155479078650082,0.00001099462160152911
5.793993634544737e-6,6.14889994714035e-6,6.244129991668884e-6,6.280832798619031e-6,6.336122620584131e-6,6.021989727751607e-6,5.776822994150436e-6,6.563740340286275e-6,6.145942132260429e-6,5.481779438558114e-6,6.166906742295498e-6,6.3112088652858805e-6,6.124377369249277e-6,6.219649610272232e-6,6.093949536274905e-6,5.987660917252545e-6,6.135287073006868e-6,6.157518454914849e-6,6.093532099551936e-6,6.208994272087616e-6,6.08346191802092e-6,6.263680798211483e-6,6.048790278576429e-6,6.133064836847357e-6,6.279652317742222e-6,6.114677554510215e-6,6.4844795534530264e-6,5.984122544881044e-6,6.178837047068224e-6,5.990632061620941e-6,6.142458706499958e-6,6.040308511163983e-6,6.173567935138612e-6,5.7058286326576925e-6,6.3742549421641375e-6,6.146920512104324e-6,6.0807420741829405e-6,6.301233328451982e-6,5.839020240770167e-6,6.0490444087610965e-6,5.858476952662891e-6,6.062201539713169e-6,6.1983981910097135e-6,6.150612323928567e-6,6.018917797754565e-6,6.124059545014458e-6,6.6671745439361255e-6,6.017660186873805e-6,6.0769770631712615e-6,5.8747118598891286e-6,6.207868303045024e-6,6.450855897428236e-6,6.071131317126381e-6,6.2158524208538785e-6,6.059151066727133e-6,6.069148768618085e-6,6.055215261366477e-6,6.055224838359116e-6,6.090518665767051e-6,6.1987493849151454e-6,6.262015284345281e-6,6.7459300584989825e-6,6.0901653948661405e-6,6.259013794158365e-6,6.158635062445982e-6,6.065728298250847e-6,6.147506982832495e-6,6.1341848647484474e-6,6.192871587064391e-6,6.2035171367215496e-6,6.145721035492651e-6,6.2289927054678156e-6,6.317559739294457e-6,6.022755649525074e-6,6.083060335768665e-6,6.067241826357084e-6,6.13255094928383e-6,6.054546952989602e-6,6.2035060111082405e-6,6.170315976718134e-6,6.0786811527947475e-6,5.960020399504191e-6,6.262830054744721e-6,6.250619240815605e-6,6.180146411523466e-6,6.226487966534791e-6,6.178535642809766e-6,6.275670765611449e-6,6.0264809073395e-6,6.121462331005019e-6,6.312806556685572e-6,6.164811341730256e-6,6.30111604506655e-6,6.151210392354344e-6,5.986037155427079e-6,6.47767920450156e-6,6.265233907345147e-6,6.104432549207228e-6
3.2603472912806924e-6,3.382784464080131e-6,3.6301265613768508e-6,3.6859500384901582e-6,3.6192681123140237e-6,3.482523465119473e-6,3.2755217825795923e-6,3.8136232178344258e-6,3.589075506692149e-6,2.809250895506817e-6,3.5922758750275694e-6,3.4911233221510324e-6,3.5339726386755143e-6,3.7016905078475925e-6,3.4754311878703504e-6,3.4059044493919376e-6,3.4592455088122446e-6,3.6117836770556406e-6,3.483073640467446e-6,3.6138044449644826e-6,3.64363077432342e-6,3.6888056238874774e-6,3.473237415295912e-6,3.487019104927756e-6,3.700959309962549e-6,3.470747329601477e-6,3.898531339554116e-6,3.509981037708446e-6,3.583249622664958e-6,3.418165059631797e-6,3.5803145085438895e-6,3.4550200210962387e-6,3.5558965014872972e-6,3.240139993895728e-6,3.776226299693588e-6,3.56644929972421e-6,3.4294068584620186e-6,3.678465818817129e-6,3.305782574356543e-6,3.419178668915281e-6,3.27403843954612e-6,3.489628368776206e-6,3.577494195584707e-6,3.890478973123434e-6,3.4911837856834985e-6,3.510670177654091e-6,3.870936990974102e-6,3.4206498906086116e-6,3.4935870900493658e-6,3.2327237757939633e-6,3.5323365521361306e-6,3.7524347188298795e-6,3.4632442445555928e-6,3.6739893734773956e-6,3.5840673517450806e-6,3.3920192157578444e-6,3.404054549221825e-6,3.4265784496555336e-6,3.420843918969028e-6,3.5882463313330744e-6,3.6509384360317885e-6,4.098803197513803e-6,3.471652335705059e-6,3.6924356174887506e-6,3.5856423863208597e-6,3.508934910987407e-6,3.563941652908084e-6,3.6078808698151703e-6,3.6054154575847296e-6,3.5570668910779567e-6,3.5629264521069324e-6,3.584576212418034e-6,3.616484311330965e-6,3.387013275699115e-6,3.489441311236713e-6,3.4827629134973434e-6,3.5089469187235945e-6,3.4393498937500573e-6,3.5582974542094253e-6,3.5850253426980947e-6,3.425731671926291e-6,3.3884685119274126e-6,3.992251937676556e-6,3.5488161241683337e-6,3.496267839581784e-6,3.6324638787788858e-6,3.520289501264552e-6,3.651025874611307e-6,3.440756392200478e-6,3.5148387379543e-6,3.70639671909073e-6,3.525290243415571e-6,3.6521082982473895e-6,3.556203666472231e-6,3.3674164287370364e-6,3.85753579669183e-6,3.7320388772495527e-6,3.5068600107441746e-6
1.6864276664687748e-6,1.595475261997295e-6,1.999545341421238e-6,2.0725375167822063e-6,1.860939511299106e-6,1.9400779380547498e-6,1.8491107126930696e-6,2.1083262753357667e-6,1.984287172469153e-6,1.3847385494643583e-6,2.051792738112284e-6,1.798650775137762e-6,1.901872310375376e-6,2.135510534191717e-6,1.8689819472211544e-6,1.843718374878491e-6,1.7872753918214759e-6,2.0682222453137013e-6,1.8779830532869742e-6,2.0030306857955566e-6,2.096734919026203e-6,2.0533103031768826e-6,1.8885241250352117e-6,1.8709712741443212e-6,2.1188798449128744e-6,1.8572498983814096e-6,2.270994651261083e-6,1.967830746374205e-6,1.9857174496045486e-6,1.8272998364145056e-6,2.013590529425413e-6,1.8884850323641722e-6,1.925907142567494e-6,1.7210588058137292e-6,2.1292912132309337e-6,1.9955636796074633e-6,1.8170776250058312e-6,2.063109389258285e-6,1.7979030782857094e-6,1.8017873636621882e-6,1.6853848454705653e-6,1.8411772909692478e-6,1.9586887865157878e-6,2.4332489545813744e-6,1.8963546667024042e-6,1.9028418743897307e-6,2.259308341857159e-6,1.8453879435409425e-6,1.94522237333799e-6,1.6198421205909982e-6,1.8732057672028148e-6,2.013759384691632e-6,1.8697339932058744e-6,2.106710352914018e-6,2.0531645474334813e-6,1.792871406071286e-6,1.7864406314193593e-6,1.8553153900838156e-6,1.8330400280368222e-6,1.9812484187656304e-6,2.0367281917889763e-6,2.4240170741335427e-6,1.8968535333359048e-6,2.1187205862719065e-6,1.9885888938211546e-6,1.893493029780938e-6,1.9784843970165564e-6,1.9218767445569272e-6,2.0178312254816827e-6,1.9064293252413477e-6,1.9903627320316557e-6,2.0534826253794478e-6,2.008768802374959e-6,1.7347350054081535e-6,1.9915830999173836e-6,1.901981810502242e-6,1.900095850854524e-6,1.8531571076972447e-6,1.93215840387021e-6,2.0052476466598168e-6,1.8006541496526327e-6,1.8313479506983408e-6,2.6118208105381637e-6,1.94549190060381e-6,1.8026580750447223e-6,2.065652059013272e-6,1.976361049608987e-6,2.070278252840179e-6,1.8612415760986435e-6,1.9117538043770218e-6,2.070871190833977e-6,1.9167515892456273e-6,2.0005901044112002e-6,1.9820550258231024e-6,1.770906839831392e-6,2.170806352802156e-6,2.1541425896355454e-6,1.9016604317991e-6
6.001667384537979e-7,3.792966423600496e-7,8.905782433734767e-7,9.505415411938389e-7,6.503904659057908e-7,8.88276341669054e-7,9.277920849318056e-7,9.896983976508337e-7,8.923339064514708e-7,6.154066917733158e-7,1.0189354682197047e-6,6.899037745294306e-7,7.774244072592597e-7,1.0437708097272578e-6,8.024846289016239e-7,6.812486254799909e-7,6.976563325892312e-7,1.0007786392223128e-6,8.004917537047035e-7,9.207754608207036e-7,1.0390418167690856e-6,9.046184348640468e-7,7.89401630569971e-7,7.783783514874083e-7,1.0207747826215833e-6,8.03407523246582e-7,1.1420005453674073e-6,8.702563373896236e-7,9.027926237033047e-7,7.361623420541502e-7,8.928203611487991e-7,8.251182756804557e-7,8.094578066230295e-7,7.090942539979652e-7,9.968575123872927e-7,9.239952981461861e-7,7.618128806373e-7,9.519974767236642e-7,8.69743898908894e-7,7.501425507267716e-7,6.479099991967574e-7,7.191003353232664e-7,8.56400362811916e-7,1.2927051644220316e-6,8.013747048129822e-7,8.268096846386419e-7,1.2326970284794688e-6,8.070567277743454e-7,8.859268536841239e-7,5.594889665846743e-7,7.904191442100174e-7,8.547422643592225e-7,8.032317423262139e-7,1.028593951981253e-6,9.72742972677864e-7,7.538499885607127e-7,7.409451612644024e-7,7.863614219257146e-7,7.939563893930472e-7,8.601913553268204e-7,9.373510827080902e-7,1.1779060233061288e-6,8.413297702635091e-7,9.999868137361153e-7,9.408614138504328e-7,7.9278982770656e-7,9.153307828638347e-7,7.990755778801273e-7,9.452516856340934e-7,8.083332862020161e-7,9.535498316814347e-7,1.165783412530057e-6,9.052177003513656e-7,6.505361039917169e-7,9.839901496078581e-7,8.13002914123122e-7,8.481004854543609e-7,8.056621869488836e-7,8.499208161943606e-7,9.185452351883224e-7,7.634059859657096e-7,7.741708070486794e-7,1.5163305420188076e-6,8.212363901773578e-7,6.835319618815933e-7,9.871503176050851e-7,9.964656756877632e-7,9.669706528464695e-7,7.858611671352991e-7,8.191848332098133e-7,1.0047945220532048e-6,8.727962835250284e-7,8.28102019284415e-7,9.045256697223823e-7,6.753120212400311e-7,9.69575886573133e-7,1.0359660177636165e-6,7.961228244959417e-7
1.2623905152305518e-8,-2.6538316438773923e-7,3.210190936857006e-7,3.0738663084446856e-7,3.830554685150435e-8,3.19351137530182e-7,4.267687017039885e-7,3.749645468738199e-7,3.342225960744556e-7,2.8448021800392686e-7,4.871229463417319e-7,8.241469659277102e-8,1.9965116386132488e-7,4.888355275371253e-7,2.7778538539052765e-7,-1.7998261725448588e-8,1.5716915779887784e-7,3.746022701215533e-7,2.4486563628037896e-7,3.8837755522146625e-7,4.819740389329598e-7,2.965647540362768e-7,2.1752627056064183e-7,2.214722723636301e-7,4.3581126503320625e-7,3.210363648762566e-7,5.117816709110139e-7,3.0639845489626e-7,3.192317301398597e-7,1.8976945738782814e-7,2.368635793728649e-7,2.63529308541755e-7,2.0307003155323135e-7,1.6390228408454115e-7,4.029620930540291e-7,3.547437552801377e-7,2.228268412302412e-7,3.4809899057171107e-7,4.041942005104745e-7,2.0850029888397567e-7,1.3072501298339463e-7,1.6543336624117966e-7,2.91670974270114e-7,7.407394650839386e-7,2.2989295385330445e-7,2.9405261292525296e-7,6.858112126034331e-7,3.0398247621648715e-7,3.271067381660052e-7,3.406141492706996e-8,2.3685539672211189e-7,2.2622145708920217e-7,2.497364168719864e-7,4.463231590814468e-7,4.031691660432198e-7,2.750263555750351e-7,2.1692427716505947e-7,2.901020895692784e-7,2.6664672465413686e-7,2.2168050013696112e-7,3.1727335505190483e-7,3.789404626738325e-7,2.900811163740401e-7,3.88378267804413e-7,4.0533487900816715e-7,2.100404935682413e-7,3.3207772381500784e-7,2.3224615812009574e-7,3.5533354874620167e-7,2.413236726365724e-7,4.0815111632963185e-7,7.36002627848899e-7,3.078454669162116e-7,1.2124804882377217e-7,4.042173081003003e-7,2.1619913420847214e-7,3.049541348509332e-7,2.094115789027704e-7,2.389907592453058e-7,3.226075222613707e-7,3.122421522798084e-7,2.1624717352362524e-7,8.228153696674601e-7,2.491095579545404e-7,1.0609493309317285e-7,4.038710299265845e-7,3.4374640270059637e-7,3.908581829900734e-7,2.1450275006556082e-7,2.438862057510393e-7,4.6440564367723014e-7,3.4931436265971753e-7,1.2307038159856532e-7,3.2018885445227317e-7,8.770898018648911e-8,3.3707163103543946e-7,3.968181408986629e-7,2.1123263116249404e-7
-2.1533698709685101e-7,-5.308135231317636e-7,1.860270990202524e-7,8.174597953866692e-8,-1.2356907824230768e-7,1.6532649611951021e-7,2.622391447966178e-7,1.252907773512798e-7,1.4362178278167326e-7,2.1971903068326187e-7,3.4511419241852926e-7,4.7937446432352395e-9,5.089439098721107e-8,3.66603625145067e-7,1.4248948739870168e-7,-2.2881953147822257e-7,2.5346538290231856e-8,1.3726445397755655e-7,8.859233858777113e-8,2.75959285012538e-7,3.1089565500432757e-7,1.0098581778653666e-7,5.6879242555355584e-8,7.884868103243689e-8,2.4568261000254253e-7,2.0561200842982086e-7,3.000332655384355e-7,1.8539433475185688e-7,1.1890960431106559e-7,6.124516570262112e-8,4.653728331084641e-10,1.1591706678985546e-7,-5.733535382053891e-9,6.256995581534005e-8,2.3358239062195103e-7,1.6390269917863795e-7,6.591146445458782e-8,1.5169662541725955e-7,2.653317413215235e-7,4.864069504079043e-8,-8.982523443772167e-9,3.9232446923673064e-8,1.5557364880873642e-7,5.968201965707712e-7,8.514784226677827e-8,1.3981576168068025e-7,5.92155807871663e-7,2.5395020940709487e-7,1.7844243946170512e-7,-6.816376415481792e-8,9.364492023005726e-8,-2.114556401295749e-9,6.224569660248095e-8,2.9104130205124163e-7,2.290672563327143e-7,1.771258796271102e-7,8.761006682505774e-8,2.1753721139157933e-7,1.5256489314570115e-7,7.086024063003815e-9,1.005678188028484e-7,1.291241935166741e-7,1.4352078098268662e-7,1.8988472307438255e-7,2.178386666405256e-7,1.3833046038476363e-8,1.3527136260941954e-7,4.6521426519997557e-8,1.4213791995334892e-7,8.809242584055018e-8,2.034886234154226e-7,5.54656578506831e-7,1.7060303348214873e-7,-2.4662887501470823e-8,2.0621983562220604e-7,4.1697336607626e-8,1.755458674499727e-7,1.2187674198520844e-8,1.9228364281127312e-8,1.2307001788615487e-7,2.9506336945510894e-7,4.1913511542621866e-8,4.406346133469224e-7,1.2382752548808091e-9,-4.393540490129601e-8,2.1380071068130841e-7,-1.070678348032803e-8,2.1107825836972458e-7,5.8174680130786844e-8,5.988531422317247e-8,3.6149827950036084e-7,1.9485375095386093e-7,-2.0548778479423487e-7,1.344956315390168e-7,-3.199600777548904e-8,1.2614460964248453e-7,2.0824577065670113e-7,-6.40054345397357e-9
-8.840253131680858e-7,-1.0510336691561222e-6,-4.2815020225102655e-7,-5.553983128409569e-7,-7.428723558221377e-7,-4.2807039346442863e-7,-4.31072848107201e-7,-5.672570017433132e-7,-5.282759961131203e-7,-4.4343131654792587e-7,-2.9411332945030107e-7,-4.466411451821581e-7,-5.608140944494408e-7,-2.322831341757873e-7,-4.85715550454275e-7,-8.721472239997711e-7,-5.709529183410751e-7,-4.847534610106302e-7,-5.351621626957518e-7,-3.1201115131939086e-7,-3.56929077764921e-7,-5.547414455970714e-7,-5.629378720400689e-7,-4.879777880438566e-7,-4.271605809796969e-7,-4.4105131801232296e-7,-3.182232582200514e-7,-4.361835180165254e-7,-5.387399741400488e-7,-5.14780409829947e-7,-6.693849802026269e-7,-5.253550710715935e-7,-6.517982624749399e-7,-3.959330869053598e-7,-3.7816269870364026e-7,-4.989931800692403e-7,-5.210044989647002e-7,-5.086766327896958e-7,-3.634252961521277e-7,-5.699552783700117e-7,-7.22883810644673e-7,-5.671561525088362e-7,-4.376981332054783e-7,9.261672448836264e-8,-5.512581289188098e-7,-4.981956571387e-7,1.4320421990909623e-7,-2.827824437431882e-7,-4.134793691868205e-7,-6.346024437541345e-7,-5.211205115543164e-7,-6.426867826249745e-7,-5.831217105384638e-7,-3.2427882325924413e-7,-4.5108060251897396e-7,-4.250971033429515e-7,-4.985826408075788e-7,-3.146753574587489e-7,-4.4757592722174484e-7,-6.307909701584685e-7,-5.663166167997191e-7,-3.239674056172689e-7,-4.633793701169223e-7,-4.4487305413356465e-7,-4.324630205046818e-7,-6.172235559863227e-7,-5.257499409063776e-7,-5.51210494922999e-7,-5.407890684680877e-7,-5.452531956428075e-7,-4.3914876409853315e-7,-8.560560923078132e-8,-4.293399773829519e-7,-6.409280165209541e-7,-4.334902685991797e-7,-5.812282182176372e-7,-4.1017907093547653e-7,-5.949396983942534e-7,-6.127025798412033e-7,-5.464713821885417e-7,-2.5961097753019903e-7,-6.142869958947981e-7,-3.7158237496232925e-7,-7.422796191926084e-7,-6.251345488713761e-7,-4.367317873320695e-7,-6.896817046544501e-7,-4.043277060542711e-7,-5.636417621296279e-7,-6.034619387875593e-7,-2.2284103069860946e-7,-4.4444991781469816e-7,-9.795001232417737e-7,-4.964115580698718e-7,-5.608752148781566e-7,-5.196251700970525e-7,-4.4960841889823825e-7,-6.934670789106866e-7
-1.27295089967975e-6,-1.1679365440887422e-6,-7.790121770967881e-7,-8.309225632385611e-7,-1.0295743630736776e-6,-7.692316840562984e-7,-8.756229721502948e-7,-9.514863583587896e-7,-9.134752634722433e-7,-7.912755381434016e-7,-6.913679114044883e-7,-6.420276857328993e-7,-8.836976349507722e-7,-5.508453516433341e-7,-8.312571963898405e-7,-1.2139613086916132e-6,-8.877070755457444e-7,-8.510871234948171e-7,-8.794782551253487e-7,-6.764559152339548e-7,-7.727081769741749e-7,-8.994082817134691e-7,-8.873647638592902e-7,-8.200346041591568e-7,-8.125103691130162e-7,-8.265376354056356e-7,-6.896994139512506e-7,-8.000650107562867e-7,-8.981049910865646e-7,-8.43890768660429e-7,-1.0518939208771272e-6,-9.071291784007501e-7,-9.97947908262955e-7,-6.028408314041931e-7,-7.176867609693029e-7,-8.650649738856739e-7,-8.498747773689348e-7,-8.773828622573955e-7,-7.990569050670871e-7,-9.052129924035279e-7,-1.1361034569452348e-6,-9.143806891839385e-7,-7.935689586547768e-7,-3.3865588295293566e-7,-9.074168025267e-7,-8.266540915096449e-7,5.7086853731912286e-8,-5.880423159737313e-7,-7.013650410414846e-7,-9.264032941964603e-7,-8.45872730976807e-7,-9.411459160934995e-7,-8.954977600101297e-7,-7.282694364782342e-7,-8.593100119232593e-7,-7.761176246229187e-7,-8.31574340898541e-7,-7.581803911583329e-7,-8.051814215679739e-7,-9.813915070517e-7,-9.519910563715089e-7,-6.92735638713578e-7,-8.077230710319556e-7,-7.560866243459679e-7,-7.962100625648495e-7,-9.974510568713132e-7,-9.208757071004395e-7,-7.779273214502006e-7,-9.177755163807776e-7,-9.255269409671114e-7,-7.678330212771711e-7,-3.815683450401301e-7,-8.038590459429897e-7,-9.426462363349789e-7,-7.17731843290486e-7,-9.357935550862177e-7,-7.284263862736872e-7,-8.774724970001719e-7,-9.350695534397193e-7,-9.390513718654769e-7,-5.718869668857128e-7,-9.699093900609787e-7,-8.879463105209074e-7,-1.1863404690883812e-6,-9.91876249590234e-7,-8.177176107169726e-7,-9.71201135756974e-7,-7.458604545174954e-7,-8.965008484835047e-7,-9.808095278258058e-7,-5.634085694047349e-7,-8.154844229548831e-7,-1.3900386010972726e-6,-8.564300395086693e-7,-8.659877971006232e-7,-8.224380829661135e-7,-8.546485534668865e-7,-1.0928447142739793e-6
-1.349592079607217e-6,-1.3114287174376464e-6,-9.22007834079902e-7,-8.753372012453285e-7,-1.052354112559774e-6,-9.086334338884017e-7,-1.0450680848971972e-6,-1.1241555728229344e-6,-1.041069841024284e-6,-9.425220524161052e-7,-8.748594074353136e-7,-7.365994345700103e-7,-9.789394195776369e-7,-6.385447492136929e-7,-9.479340657497749e-7,-1.288945675168112e-6,-1.0461446529993756e-6,-1.0170849265164963e-6,-1.0094781867839632e-6,-7.825064132685185e-7,-9.220702450378205e-7,-1.038483423313655e-6,-1.0195560586313288e-6,-9.69381431155647e-7,-9.693169455102075e-7,-9.93034984445566e-7,-8.792078334935656e-7,-9.433715593425606e-7,-1.0274541556056728e-6,-9.743833905600618e-7,-1.2048618603115656e-6,-1.0519562865803413e-6,-1.1161491462754506e-6,-6.820894527381734e-7,-8.642845949912326e-7,-1.0037070913986919e-6,-9.69738993175566e-7,-1.006486739023723e-6,-9.895934377925709e-7,-1.0194074229619118e-6,-1.2880051135458026e-6,-1.0372292151348466e-6,-9.458035770553852e-7,-7.286193036016536e-7,-1.0351844310430375e-6,-9.212357412705293e-7,2.084184234527245e-7,-6.336708363563139e-7,-7.889106571100916e-7,-1.0098954044593723e-6,-9.316181979742608e-7,-9.740686587131803e-7,-9.553752938632617e-7,-8.828881147139064e-7,-9.971830807958796e-7,-8.739453801814074e-7,-9.73961319034264e-7,-9.746399546460967e-7,-9.737225008024775e-7,-1.1038233002240018e-6,-1.1014508765171285e-6,-9.006648736109714e-7,-9.239072730944818e-7,-8.479527692029123e-7,-9.67317535646984e-7,-1.1694463777229398e-6,-1.0754245227555018e-6,-8.07551913354621e-7,-1.0323630791238738e-6,-1.0733454018641525e-6,-9.054496124892918e-7,-4.473010310851881e-7,-9.56687012474199e-7,-1.0154996100214165e-6,-7.489933714815868e-7,-1.0719128208891978e-6,-8.326008247927287e-7,-8.707959194791719e-7,-1.0119713636001684e-6,-1.1031266154938034e-6,-7.086776724897498e-7,-1.073409774758392e-6,-1.2009878035778308e-6,-1.3736096952581574e-6,-1.1451966680948737e-6,-9.703188472153851e-7,-9.46291529795196e-7,-8.802205406126528e-7,-1.0002712200995327e-6,-1.1596487398855384e-6,-7.313584797602305e-7,-9.422215253960695e-7,-1.5290612653702105e-6,-9.801151695166473e-7,-9.744364352380068e-7,-9.254075732397168e-7,-9.991767413628148e-7,-1.2621202587662164e-6
-1.3486171038784293e-6,-1.561890641494602e-6,-9.992225709135304e-7,-8.337468823346659e-7,-1.000463251871194e-6,-9.77557120716309e-7,-1.2164738354743655e-6,-1.17977250466673e-6,-1.104755837557968e-6,-1.0488007522539718e-6,-9.662179138578326e-7,-8.32796226970655e-7,-1.0123103239800088e-6,-6.509648299963335e-7,-1.002555575616884e-6,-1.2799686298060626e-6,-1.1396785396012257e-6,-1.0713330864327408e-6,-1.061299261271794e-6,-7.804812836556818e-7,-9.200902149553826e-7,-1.0991381874215464e-6,-1.0441894366204695e-6,-1.0463171831208483e-6,-1.051492178871541e-6,-1.0810077275499436e-6,-1.011541346784302e-6,-9.865367418291237e-7,-1.073538275678812e-6,-1.0199556041097753e-6,-1.2608415003755152e-6,-1.080196040287225e-6,-1.1520783996537657e-6,-7.577571122730496e-7,-9.568969578302748e-7,-1.0700080918538452e-6,-9.88940793452839e-7,-1.0618596784929554e-6,-1.0308599821251475e-6,-1.0724972017151019e-6,-1.3556235867520083e-6,-1.0810651540830754e-6,-1.0177043057759396e-6,-9.4574492444218e-7,-1.0382568832202422e-6,-9.373401484576756e-7,2.9532985947044893e-7,-7.013527092317892e-7,-8.22593871818593e-7,-1.052543686036441e-6,-9.521790774083945e-7,-9.282693907422687e-7,-9.547102290854155e-7,-8.370980009187537e-7,-1.0368382941324986e-6,-9.489337569545186e-7,-1.0240493771948635e-6,-1.026075205362305e-6,-1.1203345591493855e-6,-1.159719826768202e-6,-1.168176915105798e-6,-1.0174530873268867e-6,-9.606452937856644e-7,-8.543229146501736e-7,-1.0120465079289299e-6,-1.1992020948131333e-6,-1.1103684979009182e-6,-7.652816567787185e-7,-1.0371229383711819e-6,-1.1495993928130287e-6,-1.0076849968939508e-6,-4.892732613745477e-7,-1.0332077146053723e-6,-1.0504888134516768e-6,-7.404847678107433e-7,-1.1117804521276897e-6,-8.906265842892744e-7,-9.199869357334771e-7,-1.0183187294305787e-6,-1.147921771573555e-6,-7.853836986418986e-7,-1.1034167448858813e-6,-1.3141398902780882e-6,-1.522682100763767e-6,-1.220821026011261e-6,-1.0314087498518092e-6,-8.216600237318509e-7,-9.233338879390469e-7,-1.047903645886238e-6,-1.2416483508306072e-6,-8.090592522239412e-7,-1.0027920779863215e-6,-1.5871506581610838e-6,-1.0353963369107702e-6,-1.0200305809328416e-6,-9.76997106009931e-7,-1.0621211341410278e-6,-1.330753251701011e-6
-1.2004247677500736e-6,-1.7567380120322729e-6,-9.40769076943952e-7,-6.844392626622473e-7,-7.783264776990748e-7,-8.980865048116002e-7,-1.1865176410755938e-6,-1.0397106697994183e-6,-9.802128730369592e-7,-9.835023603448047e-7,-9.149558075427302e-7,-7.550374774592176e-7,-9.213561359941054e-7,-4.856171504031043e-7,-9.168018141342782e-7,-1.2116057455478647e-6,-1.02865994914075e-6,-1.0285568182683164e-6,-9.536597981199381e-7,-7.035847765938158e-7,-7.474387411278247e-7,-1.002879426714789e-6,-8.886400901592001e-7,-9.665423347108608e-7,-9.843402210787823e-7,-9.925625030885512e-7,-9.77528311416227e-7,-8.730410470962101e-7,-9.61376019294511e-7,-9.064020928199782e-7,-1.185691817621653e-6,-9.353249909408581e-7,-1.0730186888503027e-6,-7.310743226488764e-7,-9.312585354640515e-7,-9.617502044671186e-7,-8.649188862806675e-7,-9.68633958295158e-7,-9.387055061794283e-7,-9.827277536484797e-7,-1.2167515822127218e-6,-9.325966641509469e-7,-9.190126273475363e-7,-9.279332807872268e-7,-8.644165140116808e-7,-8.063658281011474e-7,4.728658561385034e-7,-6.744956370042089e-7,-7.308203814684122e-7,-9.423558189090547e-7,-8.562980458832502e-7,-7.615916579664224e-7,-8.229906142514401e-7,-6.498124590511703e-7,-9.589957290790363e-7,-9.214544959320476e-7,-9.141257904560885e-7,-8.959199183568787e-7,-1.1468615384516846e-6,-1.07464698744637e-6,-1.1046708840452091e-6,-9.566693855842034e-7,-8.612258676368634e-7,-6.962281853419388e-7,-9.08569318228591e-7,-1.0618508985507492e-6,-9.866713922933281e-7,-6.425243568851769e-7,-9.093948259103616e-7,-1.0467172224491596e-6,-9.629974485496706e-7,-4.54292762745178e-7,-9.749473334385361e-7,-9.838097193462743e-7,-6.043413562925992e-7,-1.001266962407773e-6,-8.081213617729278e-7,-9.004312496561442e-7,-8.953031644612636e-7,-1.0115702283711836e-6,-7.146657670519857e-7,-9.546427335931522e-7,-1.1673676314585015e-6,-1.5006590888345768e-6,-1.0641307965777298e-6,-9.385357378092431e-7,-5.840528304811404e-7,-8.034043589742448e-7,-9.459527865618306e-7,-1.116591856274627e-6,-7.72131577931852e-7,-9.234856465767385e-7,-1.5039845592386927e-6,-9.336843272883685e-7,-9.124982130165457e-7,-8.705189157559406e-7,-1.0133956567006295e-6,-1.1947378555578393e-6
-1.1682197834683334e-6,-1.985395673056888e-6,-1.0054260817409234e-6,-7.053635617106791e-7,-6.935615022420346e-7,-9.049738093463767e-7,-1.2464408072213292e-6,-1.0939869935787236e-6,-9.652763145183403e-7,-1.0106393191304097e-6,-9.631776934186448e-7,-7.697321694341072e-7,-9.620500272894578e-7,-5.135383338662984e-7,-9.305417691339337e-7,-1.2545819674891543e-6,-1.0301461785768645e-6,-1.0977421473384631e-6,-9.548687153552023e-7,-7.893063711809616e-7,-7.222587168052141e-7,-1.0020054591810653e-6,-8.561300817779534e-7,-9.939211565856477e-7,-1.0147436559552794e-6,-1.001082999950291e-6,-1.0410331517075469e-6,-8.671138775315337e-7,-9.663832650496668e-7,-9.059554162044735e-7,-1.2211471866912368e-6,-9.239075095471045e-7,-1.0832302520496674e-6,-7.392621188165632e-7,-1.0260272227766742e-6,-9.50692826599978e-7,-8.801808213950416e-7,-9.730396408587284e-7,-1.0281017121493012e-6,-1.0104013088442735e-6,-1.1985431208457243e-6,-9.434665949261167e-7,-9.226350007689778e-7,-9.974699135875916e-7,-8.358426181891979e-7,-7.838469732379082e-7,6.261282193063712e-7,-6.56334609340906e-7,-7.494854049048044e-7,-9.63781338358809e-7,-8.645529742596427e-7,-7.264647039029651e-7,-8.152521287021874e-7,-5.911815171694501e-7,-1.001041292227664e-6,-9.532928851835962e-7,-9.057222651742129e-7,-8.316192928935257e-7,-1.2241280732952995e-6,-1.0951309949500911e-6,-1.1490340387057313e-6,-9.718155842849488e-7,-8.740752878313475e-7,-6.613782044378767e-7,-9.083274829254596e-7,-1.0397477588067116e-6,-9.64132211127751e-7,-6.466529790666773e-7,-9.000170215698496e-7,-1.0600647721755884e-6,-1.00443751500177e-6,-5.939198525645563e-7,-1.0197244794476452e-6,-1.028845259052025e-6,-6.184832812440767e-7,-1.012463068900756e-6,-8.111102705538445e-7,-9.494621292185035e-7,-8.606685551630411e-7,-9.89540547629987e-7,-7.507640991459516e-7,-9.300533250404411e-7,-1.1251729402134527e-6,-1.5641472245901378e-6,-1.0238483403398653e-6,-9.496480238120377e-7,-5.245771702729335e-7,-7.877496459924401e-7,-9.554265323346713e-7,-1.0777809597880673e-6,-8.45936791093167e-7,-9.446491169538994e-7,-1.5083985428190536e-6,-9.465960657605699e-7,-9.386937819424531e-7,-8.978477701564728e-7,-1.058269962476338e-6,-1.1234763815742959e-6
-1.295153622877065e-6,-2.1535693467574647e-6,-1.1776291752375197e-6,-8.800081946375648e-7,-8.132761351314246e-7,-1.0475408675857864e-6,-1.4444483055804716e-6,-1.230492198793952e-6,-1.1042111706109676e-6,-1.1733804992103576e-6,-1.1270098771878204e-6,-9.239029996812287e-7,-1.1243533403214506e-6,-7.094989848434438e-7,-1.0703143860724245e-6,-1.4016801789165703e-6,-1.1838867217333391e-6,-1.2698619160262638e-6,-1.0968041190623254e-6,-9.84522408254148e-7,-8.613498638393937e-7,-1.1264598964657279e-6,-9.78211255146016e-7,-1.1313542407293772e-6,-1.1658927700072309e-6,-1.1435587088564129e-6,-1.2155472177918832e-6,-1.017530674574526e-6,-1.1135241962177092e-6,-1.047791008695292e-6,-1.3860196147829618e-6,-1.0626266733801392e-6,-1.2309467578429789e-6,-8.923722506090509e-7,-1.2175847221912067e-6,-1.0877012758471374e-6,-1.0433306203954083e-6,-1.114091166879457e-6,-1.2340850197159306e-6,-1.155986978093187e-6,-1.325373746596359e-6,-1.099762665989273e-6,-1.0691905715629039e-6,-1.1608510085691646e-6,-9.62966441473002e-7,-9.049436056622972e-7,5.937550759733752e-7,-7.770334408874997e-7,-9.070231981041296e-7,-1.1166623823789828e-6,-1.0109614690276406e-6,-8.720529667460562e-7,-9.6507049946687e-7,-7.109969895977524e-7,-1.1690803118850895e-6,-1.1139133024356456e-6,-1.0393782916071489e-6,-9.520661531319602e-7,-1.3772120853066865e-6,-1.2458282575482236e-6,-1.3168950198239647e-6,-1.033276201313956e-6,-1.019343265620742e-6,-7.956467052964338e-7,-1.005395474243233e-6,-1.1611085561210892e-6,-1.1140853536400399e-6,-8.157240657736155e-7,-1.0379738172053795e-6,-1.216879148019604e-6,-1.1497280162590186e-6,-8.187773156349855e-7,-1.1857713192702395e-6,-1.1779999189415569e-6,-8.135215831513389e-7,-1.1618308976058956e-6,-9.39270779784285e-7,-1.1002475424353895e-6,-9.89599348495259e-7,-1.1263522485003516e-6,-9.097929377354076e-7,-1.06926710391095e-6,-1.2738702385559209e-6,-1.7375173258013452e-6,-1.1456856000090147e-6,-1.0974763214399437e-6,-6.528295924877407e-7,-9.334068062071959e-7,-1.0997853749805638e-6,-1.2010233731414384e-6,-1.0251875662683808e-6,-1.0991920158679847e-6,-1.6459903252861618e-6,-1.1006582991372354e-6,-1.1033946060276611e-6,-1.0658721713009735e-6,-1.2147767013340119e-6,-1.25202249836029e-6
-1.1682197834683334e-6,-1.985395673056888e-6,-1.0054260817409234e-6,-7.053635617106791e-7,-6.935615022420346e-7,-9.049738093463767e-7,-1.2464408072213292e-6,-1.0939869935787236e-6,-9.652763145183403e-7,-1.0106393191304097e-6,-9.631776934186448e-7,-7.697321694341072e-7,-9.620500272894578e-7,-5.135383338662984e-7,-9.305417691339337e-7,-1.2545819674891543e-6,-1.0301461785768645e-6,-1.0977421473384631e-6,-9.548687153552023e-7,-7.893063711809616e-7,-7.222587168052141e-7,-1.0020054591810653e-6,-8.561300817779534e-7,-9.939211565856477e-7,-1.0147436559552794e-6,-1.001082999950291e-6,-1.0410331517075469e-6,-8.671138775315337e-7,-9.663832650496668e-7,-9.059554162044735e-7,-1.2211471866912368e-6,-9.239075095471045e-7,-1.0832302520496674e-6,-7.392621188165632e-7,-1.0260272227766742e-6,-9.50692826599978e-7,-8.801808213950416e-7,-9.730396408587284e-7,-1.0281017121493012e-6,-1.0104013088442735e-6,-1.1985431208457243e-6,-9.434665949261167e-7,-9.226350007689778e-7,-9.974699135875916e-7,-8.358426181891979e-7,-7.838469732379082e-7,6.261282193063712e-7,-6.56334609340906e-7,-7.494854049048044e-7,-9.63781338358809e-7,-8.645529742596427e-7,-7.264647039029651e-7,-8.152521287021874e-7,-5.911815171694501e-7,-1.001041292227664e-6,-9.532928851835962e-7,-9.057222651742129e-7,-8.316192928935257e-7,-1.2241280732952995e-6,-1.0951309949500911e-6,-1.1490340387057313e-6,-9.718155842849488e-7,-8.740752878313475e-7,-6.613782044378767e-7,-9.083274829254596e-7,-1.0397477588067116e-6,-9.64132211127751e-7,-6.466529790666773e-7,-9.000170215698496e-7,-1.0600647721755884e-6,-1.00443751500177e-6,-5.939198525645563e-7,-1.0197244794476452e-6,-1.028845259052025e-6,-6.184832812440767e-7,-1.012463068900756e-6,-8.111102705538445e-7,-9.494621292185035e-7,-8.606685551630411e-7,-9.89540547629987e-7,-7.507640991459516e-7,-9.300533250404411e-7,-1.1251729402134527e-6,-1.5641472245901378e-6,-1.0238483403398653e-6,-9.496480238120377e-7,-5.245771702729335e-7,-7.877496459924401e-7,-9.554265323346713e-7,-1.0777809597880673e-6,-8.45936791093167e-7,-9.446491169538994e-7,-1.5083985428190536e-6,-9.465960657605699e-7,-9.386937819424531e-7,-8.978477701564728e-7,-1.058269962476338e-6,-1.1234763815742959e-6
-1.2004247677500736e-6,-1.7567380120322729e-6,-9.40769076943952e-7,-6.844392626622473e-7,-7.783264776990748e-7,-8.980865048116002e-7,-1.1865176410755938e-6,-1.0397106697994183e-6,-9.802128730369592e-7,-9.835023603448047e-7,-9.149558075427302e-7,-7.550374774592176e-7,-9.213561359941054e-7,-4.856171504031043e-7,-9.168018141342782e-7,-1.2116057455478647e-6,-1.02865994914075e-6,-1.0285568182683164e-6,-9.536597981199381e-7,-7.035847765938158e-7,-7.474387411278247e-7,-1.002879426714789e-6,-8.886400901592001e-7,-9.665423347108608e-7,-9.843402210787823e-7,-9.925625030885512e-7,-9.77528311416227e-7,-8.730410470962101e-7,-9.61376019294511e-7,-9.064020928199782e-7,-1.185691817621653e-6,-9.353249909408581e-7,-1.0730186888503027e-6,-7.310743226488764e-7,-9.312585354640515e-7,-9.617502044671186e-7,-8.649188862806675e-7,-9.68633958295158e-7,-9.387055061794283e-7,-9.827277536484797e-7,-1.2167515822127218e-6,-9.325966641509469e-7,-9.190126273475363e-7,-9.279332807872268e-7,-8.644165140116808e-7,-8.063658281011474e-7,4.728658561385034e-7,-6.744956370042089e-7,-7.308203814684122e-7,-9.423558189090547e-7,-8.562980458832502e-7,-7.615916579664224e-7,-8.229906142514401e-7,-6.498124590511703e-7,-9.589957290790363e-7,-9.214544959320476e-7,-9.141257904560885e-7,-8.959199183568787e-7,-1.1468615384516846e-6,-1.07464698744637e-6,-1.1046708840452091e-6,-9.566693855842034e-7,-8.612258676368634e-7,-6.962281853419388e-7,-9.08569318228591e-7,-1.0618508985507492e-6,-9.866713922933281e-7,-6.425243568851769e-7,-9.093948259103616e-7,-1.0467172224491596e-6,-9.629974485496706e-7,-4.54292762745178e-7,-9.749473334385361e-7,-9.838097193462743e-7,-6.043413562925992e-7,-1.001266962407773e-6,-8.081213617729278e-7,-9.004312496561442e-7,-8.953031644612636e-7,-1.0115702283711836e-6,-7.146657670519857e-7,-9.546427335931522e-7,-1.1673676314585015e-6,-1.5006590888345768e-6,-1.0641307965777298e-6,-9.385357378092431e-7,-5.840528304811404e-7,-8.034043589742448e-7,-9.459527865618306e-7,-1.116591856274627e-6,-7.72131577931852e-7,-9.234856465767385e-7,-1.5039845592386927e-6,-9.336843272883685e-7,-9.124982130165457e-7,-8.705189157559406e-7,-1.0133956567006295e-6,-1.1947378555578393e-6
-1.3486171038784293e-6,-1.561890641494602e-6,-9.992225709135304e-7,-8.337468823346659e-7,-1.000463251871194e-6,-9.77557120716309e-7,-1.2164738354743655e-6,-1.17977250466673e-6,-1.104755837557968e-6,-1.0488007522539718e-6,-9.662179138578326e-7,-8.32796226970655e-7,-1.0123103239800088e-6,-6.509648299963335e-7,-1.002555575616884e-6,-1.2799686298060626e-6,-1.1396785396012257e-6,-1.0713330864327408e-6,-1.061299261271794e-6,-7.804812836556818e-7,-9.200902149553826e-7,-1.0991381874215464e-6,-1.0441894366204695e-6,-1.0463171831208483e-6,-1.051492178871541e-6,-1.0810077275499436e-6,-1.011541346784302e-6,-9.865367418291237e-7,-1.073538275678812e-6,-1.0199556041097753e-6,-1.2608415003755152e-6,-1.080196040287225e-6,-1.1520783996537657e-6,-7.577571122730496e-7,-9.568969578302748e-7,-1.0700080918538452e-6,-9.88940793452839e-7,-1.0618596784929554e-6,-1.0308599821251475e-6,-1.0724972017151019e-6,-1.3556235867520083e-6,-1.0810651540830754e-6,-1.0177043057759396e-6,-9.4574492444218e-7,-1.0382568832202422e-6,-9.373401484576756e-7,2.9532985947044893e-7,-7.013527092317892e-7,-8.22593871818593e-7,-1.052543686036441e-6,-9.521790774083945e-7,-9.282693907422687e-7,-9.547102290854155e-7,-8.370980009187537e-7,-1.0368382941324986e-6,-9.489337569545186e-7,-1.0240493771948635e-6,-1.026075205362305e-6,-1.1203345591493855e-6,-1.159719826768202e-6,-1.168176915105798e-6,-1.0174530873268867e-6,-9.606452937856644e-7,-8.543229146501736e-7,-1.0120465079289299e-6,-1.1992020948131333e-6,-1.1103684979009182e-6,-7.652816567787185e-7,-1.0371229383711819e-6,-1.1495993928130287e-6,-1.0076849968939508e-6,-4.892732613745477e-7,-1.0332077146053723e-6,-1.0504888134516768e-6,-7.404847678107433e-7,-1.1117804521276897e-6,-8.906265842892744e-7,-9.199869357334771e-7,-1.0183187294305787e-6,-1.147921771573555e-6,-7.853836986418986e-7,-1.1034167448858813e-6,-1.3141398902780882e-6,-1.522682100763767e-6,-1.220821026011261e-6,-1.0314087498518092e-6,-8.216600237318509e-7,-9.233338879390469e-7,-1.047903645886238e-6,-1.2416483508306072e-6,-8.090592522239412e-7,-1.0027920779863215e-6,-1.5871506581610838e-6,-1.0353963369107702e-6,-1.0200305809328416e-6,-9.76997106009931e-7,-1.0621211341410278e-6,-1.330753251701011e-6
-1.349592079607217e-6,-1.3114287174376464e-6,-9.22007834079902e-7,-8.753372012453285e-7,-1.052354112559774e-6,-9.086334338884017e-7,-1.0450680848971972e-6,-1.1241555728229344e-6,-1.041069841024284e-6,-9.425220524161052e-7,-8.748594074353136e-7,-7.365994345700103e-7,-9.789394195776369e-7,-6.385447492136929e-7,-9.479340657497749e-7,-1.288945675168112e-6,-1.0461446529993756e-6,-1.0170849265164963e-6,-1.0094781867839632e-6,-7.825064132685185e-7,-9.220702450378205e-7,-1.038483423313655e-6,-1.0195560586313288e-6,-9.69381431155647e-7,-9.693169455102075e-7,-9.93034984445566e-7,-8.792078334935656e-7,-9.433715593425606e-7,-1.0274541556056728e-6,-9.743833905600618e-7,-1.2048618603115656e-6,-1.0519562865803413e-6,-1.1161491462754506e-6,-6.820894527381734e-7,-8.642845949912326e-7,-1.0037070913986919e-6,-9.69738993175566e-7,-1.006486739023723e-6,-9.895934377925709e-7,-1.0194074229619118e-6,-1.2880051135458026e-6,-1.0372292151348466e-6,-9.458035770553852e-7,-7.286193036016536e-7,-1.0351844310430375e-6,-9.212357412705293e-7,2.084184234527245e-7,-6.336708363563139e-7,-7.889106571100916e-7,-1.0098954044593723e-6,-9.316181979742608e-7,-9.740686587131803e-7,-9.553752938632617e-7,-8.828881147139064e-7,-9.971830807958796e-7,-8.739453801814074e-7,-9.73961319034264e-7,-9.746399546460967e-7,-9.737225008024775e-7,-1.1038233002240018e-6,-1.1014508765171285e-6,-9.006648736109714e-7,-9.239072730944818e-7,-8.479527692029123e-7,-9.67317535646984e-7,-1.1694463777229398e-6,-1.0754245227555018e-6,-8.07551913354621e-7,-1.0323630791238738e-6,-1.0733454018641525e-6,-9.054496124892918e-7,-4.473010310851881e-7,-9.56687012474199e-7,-1.0154996100214165e-6,-7.489933714815868e-7,-1.0719128208891978e-6,-8.326008247927287e-7,-8.707959194791719e-7,-1.0119713636001684e-6,-1.1031266154938034e-6,-7.086776724897498e-7,-1.073409774758392e-6,-1.2009878035778308e-6,-1.3736096952581574e-6,-1.1451966680948737e-6,-9.703188472153851e-7,-9.46291529795196e-7,-8.802205406126528e-7,-1.0002712200995327e-6,-1.1596487398855384e-6,-7.313584797602305e-7,-9.422215253960695e-7,-1.5290612653702105e-6,-9.801151695166473e-7,-9.744364352380068e-7,-9.254075732397168e-7,-9.991767413628148e-7,-1.2621202587662164e-6
-1.27295089967975e-6,-1.1679365440887422e-6,-7.790121770967881e-7,-8.309225632385611e-7,-1.0295743630736776e-6,-7.692316840562984e-7,-8.756229721502948e-7,-9.514863583587896e-7,-9.134752634722433e-7,-7.912755381434016e-7,-6.913679114044883e-7,-6.420276857328993e-7,-8.836976349507722e-7,-5.508453516433341e-7,-8.312571963898405e-7,-1.2139613086916132e-6,-8.877070755457444e-7,-8.510871234948171e-7,-8.794782551253487e-7,-6.764559152339548e-7,-7.727081769741749e-7,-8.994082817134691e-7,-8.873647638592902e-7,-8.200346041591568e-7,-8.125103691130162e-7,-8.265376354056356e-7,-6.896994139512506e-7,-8.000650107562867e-7,-8.981049910865646e-7,-8.43890768660429e-7,-1.0518939208771272e-6,-9.071291784007501e-7,-9.97947908262955e-7,-6.028408314041931e-7,-7.176867609693029e-7,-8.650649738856739e-7,-8.498747773689348e-7,-8.773828622573955e-7,-7.990569050670871e-7,-9.052129924035279e-7,-1.1361034569452348e-6,-9.143806891839385e-7,-7.935689586547768e-7,-3.3865588295293566e-7,-9.074168025267e-7,-8.266540915096449e-7,5.7086853731912286e-8,-5.880423159737313e-7,-7.013650410414846e-7,-9.264032941964603e-7,-8.45872730976807e-7,-9.411459160934995e-7,-8.954977600101297e-7,-7.282694364782342e-7,-8.593100119232593e-7,-7.761176246229187e-7,-8.31574340898541e-7,-7.581803911583329e-7,-8.051814215679739e-7,-9.813915070517e-7,-9.519910563715089e-7,-6.92735638713578e-7,-8.077230710319556e-7,-7.560866243459679e-7,-7.962100625648495e-7,-9.974510568713132e-7,-9.208757071004395e-7,-7.779273214502006e-7,-9.177755163807776e-7,-9.255269409671114e-7,-7.678330212771711e-7,-3.815683450401301e-7,-8.038590459429897e-7,-9.426462363349789e-7,-7.17731843290486e-7,-9.357935550862177e-7,-7.284263862736872e-7,-8.774724970001719e-7,-9.350695534397193e-7,-9.390513718654769e-7,-5.718869668857128e-7,-9.699093900609787e-7,-8.879463105209074e-7,-1.1863404690883812e-6,-9.91876249590234e-7,-8.177176107169726e-7,-9.71201135756974e-7,-7.458604545174954e-7,-8.965008484835047e-7,-9.808095278258058e-7,-5.634085694047349e-7,-8.154844229548831e-7,-1.3900386010972726e-6,-8.564300395086693e-7,-8.659877971006232e-7,-8.224380829661135e-7,-8.546485534668865e-7,-1.0928447142739793e-6
-8.840253131680858e-7,-1.0510336691561222e-6,-4.2815020225102655e-7,-5.553983128409569e-7,-7.428723558221377e-7,-4.2807039346442863e-7,-4.31072848107201e-7,-5.672570017433132e-7,-5.282759961131203e-7,-4.4343131654792587e-7,-2.9411332945030107e-7,-4.466411451821581e-7,-5.608140944494408e-7,-2.322831341757873e-7,-4.85715550454275e-7,-8.721472239997711e-7,-5.709529183410751e-7,-4.847534610106302e-7,-5.351621626957518e-7,-3.1201115131939086e-7,-3.56929077764921e-7,-5.547414455970714e-7,-5.629378720400689e-7,-4.879777880438566e-7,-4.271605809796969e-7,-4.4105131801232296e-7,-3.182232582200514e-7,-4.361835180165254e-7,-5.387399741400488e-7,-5.14780409829947e-7,-6.693849802026269e-7,-5.253550710715935e-7,-6.517982624749399e-7,-3.959330869053598e-7,-3.7816269870364026e-7,-4.989931800692403e-7,-5.210044989647002e-7,-5.086766327896958e-7,-3.634252961521277e-7,-5.699552783700117e-7,-7.22883810644673e-7,-5.671561525088362e-7,-4.376981332054783e-7,9.261672448836264e-8,-5.512581289188098e-7,-4.981956571387e-7,1.4320421990909623e-7,-2.827824437431882e-7,-4.134793691868205e-7,-6.346024437541345e-7,-5.211205115543164e-7,-6.426867826249745e-7,-5.831217105384638e-7,-3.2427882325924413e-7,-4.5108060251897396e-7,-4.250971033429515e-7,-4.985826408075788e-7,-3.146753574587489e-7,-4.4757592722174484e-7,-6.307909701584685e-7,-5.663166167997191e-7,-3.239674056172689e-7,-4.633793701169223e-7,-4.4487305413356465e-7,-4.324630205046818e-7,-6.172235559863227e-7,-5.257499409063776e-7,-5.51210494922999e-7,-5.407890684680877e-7,-5.452531956428075e-7,-4.3914876409853315e-7,-8.560560923078132e-8,-4.293399773829519e-7,-6.409280165209541e-7,-4.334902685991797e-7,-5.812282182176372e-7,-4.1017907093547653e-7,-5.949396983942534e-7,-6.127025798412033e-7,-5.464713821885417e-7,-2.5961097753019903e-7,-6.142869958947981e-7,-3.7158237496232925e-7,-7.422796191926084e-7,-6.251345488713761e-7,-4.367317873320695e-7,-6.896817046544501e-7,-4.043277060542711e-7,-5.636417621296279e-7,-6.034619387875593e-7,-2.2284103069860946e-7,-4.4444991781469816e-7,-9.795001232417737e-7,-4.964115580698718e-7,-5.608752148781566e-7,-5.196251700970525e-7,-4.4960841889823825e-7,-6.934670789106866e-7
-2.1533698709685101e-7,-5.308135231317636e-7,1.860270990202524e-7,8.174597953866692e-8,-1.2356907824230768e-7,1.6532649611951021e-7,2.622391447966178e-7,1.252907773512798e-7,1.4362178278167326e-7,2.1971903068326187e-7,3.4511419241852926e-7,4.7937446432352395e-9,5.089439098721107e-8,3.66603625145067e-7,1.4248948739870168e-7,-2.2881953147822257e-7,2.5346538290231856e-8,1.3726445397755655e-7,8.859233858777113e-8,2.75959285012538e-7,3.1089565500432757e-7,1.0098581778653666e-7,5.6879242555355584e-8,7.884868103243689e-8,2.4568261000254253e-7,2.0561200842982086e-7,3.000332655384355e-7,1.8539433475185688e-7,1.1890960431106559e-7,6.124516570262112e-8,4.653728331084641e-10,1.1591706678985546e-7,-5.733535382053891e-9,6.256995581534005e-8,2.3358239062195103e-7,1.6390269917863795e-7,6.591146445458782e-8,1.5169662541725955e-7,2.653317413215235e-7,4.864069504079043e-8,-8.982523443772167e-9,3.9232446923673064e-8,1.5557364880873642e-7,5.968201965707712e-7,8.514784226677827e-8,1.3981576168068025e-7,5.92155807871663e-7,2.5395020940709487e-7,1.7844243946170512e-7,-6.816376415481792e-8,9.364492023005726e-8,-2.114556401295749e-9,6.224569660248095e-8,2.9104130205124163e-7,2.290672563327143e-7,1.771258796271102e-7,8.761006682505774e-8,2.1753721139157933e-7,1.5256489314570115e-7,7.086024063003815e-9,1.005678188028484e-7,1.291241935166741e-7,1.4352078098268662e-7,1.8988472307438255e-7,2.178386666405256e-7,1.3833046038476363e-8,1.3527136260941954e-7,4.6521426519997557e-8,1.4213791995334892e-7,8.809242584055018e-8,2.034886234154226e-7,5.54656578506831e-7,1.7060303348214873e-7,-2.4662887501470823e-8,2.0621983562220604e-7,4.1697336607626e-8,1.755458674499727e-7,1.2187674198520844e-8,1.9228364281127312e-8,1.2307001788615487e-7,2.9506336945510894e-7,4.1913511542621866e-8,4.406346133469224e-7,1.2382752548808091e-9,-4.393540490129601e-8,2.1380071068130841e-7,-1.070678348032803e-8,2.1107825836972458e-7,5.8174680130786844e-8,5.988531422317247e-8,3.6149827950036084e-7,1.9485375095386093e-7,-2.0548778479423487e-7,1.344956315390168e-7,-3.199600777548904e-8,1.2614460964248453e-7,2.0824577065670113e-7,-6.40054345397357e-9
1.2623905152305518e-8,-2.6538316438773923e-7,3.210190936857006e-7,3.0738663084446856e-7,3.830554685150435e-8,3.19351137530182e-7,4.267687017039885e-7,3.749645468738199e-7,3.342225960744556e-7,2.8448021800392686e-7,4.871229463417319e-7,8.241469659277102e-8,1.9965116386132488e-7,4.888355275371253e-7,2.7778538539052765e-7,-1.7998261725448588e-8,1.5716915779887784e-7,3.746022701215533e-7,2.4486563628037896e-7,3.8837755522146625e-7,4.819740389329598e-7,2.965647540362768e-7,2.1752627056064183e-7,2.214722723636301e-7,4.3581126503320625e-7,3.210363648762566e-7,5.117816709110139e-7,3.0639845489626e-7,3.192317301398597e-7,1.8976945738782814e-7,2.368635793728649e-7,2.63529308541755e-7,2.0307003155323135e-7,1.6390228408454115e-7,4.029620930540291e-7,3.547437552801377e-7,2.228268412302412e-7,3.4809899057171107e-7,4.041942005104745e-7,2.0850029888397567e-7,1.3072501298339463e-7,1.6543336624117966e-7,2.91670974270114e-7,7.407394650839386e-7,2.2989295385330445e-7,2.9405261292525296e-7,6.858112126034331e-7,3.0398247621648715e-7,3.271067381660052e-7,3.406141492706996e-8,2.3685539672211189e-7,2.2622145708920217e-7,2.497364168719864e-7,4.463231590814468e-7,4.031691660432198e-7,2.750263555750351e-7,2.1692427716505947e-7,2.901020895692784e-7,2.6664672465413686e-7,2.2168050013696112e-7,3.1727335505190483e-7,3.789404626738325e-7,2.900811163740401e-7,3.88378267804413e-7,4.0533487900816715e-7,2.100404935682413e-7,3.3207772381500784e-7,2.3224615812009574e-7,3.5533354874620167e-7,2.413236726365724e-7,4.0815111632963185e-7,7.36002627848899e-7,3.078454669162116e-7,1.2124804882377217e-7,4.042173081003003e-7,2.1619913420847214e-7,3.049541348509332e-7,2.094115789027704e-7,2.389907592453058e-7,3.226075222613707e-7,3.122421522798084e-7,2.1624717352362524e-7,8.228153696674601e-7,2.491095579545404e-7,1.0609493309317285e-7,4.038710299265845e-7,3.4374640270059637e-7,3.908581829900734e-7,2.1450275006556082e-7,2.438862057510393e-7,4.6440564367723014e-7,3.4931436265971753e-7,1.2307038159856532e-7,3.2018885445227317e-7,8.770898018648911e-8,3.3707163103543946e-7,3.968181408986629e-7,2.1123263116249404e-7
6.001667384537979e-7,3.792966423600496e-7,8.905782433734767e-7,9.505415411938389e-7,6.503904659057908e-7,8.88276341669054e-7,9.277920849318056e-7,9.896983976508337e-7,8.923339064514708e-7,6.154066917733158e-7,1.0189354682197047e-6,6.899037745294306e-7,7.774244072592597e-7,1.0437708097272578e-6,8.024846289016239e-7,6.812486254799909e-7,6.976563325892312e-7,1.0007786392223128e-6,8.004917537047035e-7,9.207754608207036e-7,1.0390418167690856e-6,9.046184348640468e-7,7.89401630569971e-7,7.783783514874083e-7,1.0207747826215833e-6,8.03407523246582e-7,1.1420005453674073e-6,8.702563373896236e-7,9.027926237033047e-7,7.361623420541502e-7,8.928203611487991e-7,8.251182756804557e-7,8.094578066230295e-7,7.090942539979652e-7,9.968575123872927e-7,9.239952981461861e-7,7.618128806373e-7,9.519974767236642e-7,8.69743898908894e-7,7.501425507267716e-7,6.479099991967574e-7,7.191003353232664e-7,8.56400362811916e-7,1.2927051644220316e-6,8.013747048129822e-7,8.268096846386419e-7,1.2326970284794688e-6,8.070567277743454e-7,8.859268536841239e-7,5.594889665846743e-7,7.904191442100174e-7,8.547422643592225e-7,8.032317423262139e-7,1.028593951981253e-6,9.72742972677864e-7,7.538499885607127e-7,7.409451612644024e-7,7.863614219257146e-7,7.939563893930472e-7,8.601913553268204e-7,9.373510827080902e-7,1.1779060233061288e-6,8.413297702635091e-7,9.999868137361153e-7,9.408614138504328e-7,7.9278982770656e-7,9.153307828638347e-7,7.990755778801273e-7,9.452516856340934e-7,8.083332862020161e-7,9.535498316814347e-7,1.165783412530057e-6,9.052177003513656e-7,6.505361039917169e-7,9.839901496078581e-7,8.13002914123122e-7,8.481004854543609e-7,8.056621869488836e-7,8.499208161943606e-7,9.185452351883224e-7,7.634059859657096e-7,7.741708070486794e-7,1.5163305420188076e-6,8.212363901773578e-7,6.835319618815933e-7,9.871503176050851e-7,9.964656756877632e-7,9.669706528464695e-7,7.858611671352991e-7,8.191848332098133e-7,1.0047945220532048e-6,8.727962835250284e-7,8.28102019284415e-7,9.045256697223823e-7,6.753120212400311e-7,9.69575886573133e-7,1.0359660177636165e-6,7.961228244959417e-7
1.6864276664687748e-6,1.595475261997295e-6,1.999545341421238e-6,2.0725375167822063e-6,1.860939511299106e-6,1.9400779380547498e-6,1.8491107126930696e-6,2.1083262753357667e-6,1.984287172469153e-6,1.3847385494643583e-6,2.051792738112284e-6,1.798650775137762e-6,1.901872310375376e-6,2.135510534191717e-6,1.8689819472211544e-6,1.843718374878491e-6,1.7872753918214759e-6,2.0682222453137013e-6,1.8779830532869742e-6,2.0030306857955566e-6,2.096734919026203e-6,2.0533103031768826e-6,1.8885241250352117e-6,1.8709712741443212e-6,2.1188798449128744e-6,1.8572498983814096e-6,2.270994651261083e-6,1.967830746374205e-6,1.9857174496045486e-6,1.8272998364145056e-6,2.013590529425413e-6,1.8884850323641722e-6,1.925907142567494e-6,1.7210588058137292e-6,2.1292912132309337e-6,1.9955636796074633e-6,1.8170776250058312e-6,2.063109389258285e-6,1.7979030782857094e-6,1.8017873636621882e-6,1.6853848454705653e-6,1.8411772909692478e-6,1.9586887865157878e-6,2.4332489545813744e-6,1.8963546667024042e-6,1.9028418743897307e-6,2.259308341857159e-6,1.8453879435409425e-6,1.94522237333799e-6,1.6198421205909982e-6,1.8732057672028148e-6,2.013759384691632e-6,1.8697339932058744e-6,2.106710352914018e-6,2.0531645474334813e-6,1.792871406071286e-6,1.7864406314193593e-6,1.8553153900838156e-6,1.8330400280368222e-6,1.9812484187656304e-6,2.0367281917889763e-6,2.4240170741335427e-6,1.8968535333359048e-6,2.1187205862719065e-6,1.9885888938211546e-6,1.893493029780938e-6,1.9784843970165564e-6,1.9218767445569272e-6,2.0178312254816827e-6,1.9064293252413477e-6,1.9903627320316557e-6,2.0534826253794478e-6,2.008768802374959e-6,1.7347350054081535e-6,1.9915830999173836e-6,1.901981810502242e-6,1.900095850854524e-6,1.8531571076972447e-6,1.93215840387021e-6,2.0052476466598168e-6,1.8006541496526327e-6,1.8313479506983408e-6,2.6118208105381637e-6,1.94549190060381e-6,1.8026580750447223e-6,2.065652059013272e-6,1.976361049608987e-6,2.070278252840179e-6,1.8612415760986435e-6,1.9117538043770218e-6,2.070871190833977e-6,1.9167515892456273e-6,2.0005901044112002e-6,1.9820550258231024e-6,1.770906839831392e-6,2.170806352802156e-6,2.1541425896355454e-6,1.9016604317991e-6
3.2603472912806924e-6,3.382784464080131e-6,3.6301265613768508e-6,3.6859500384901582e-6,3.6192681123140237e-6,3.482523465119473e-6,3.2755217825795923e-6,3.8136232178344258e-6,3.589075506692149e-6,2.809250895506817e-6,3.5922758750275694e-6,3.4911233221510324e-6,3.5339726386755143e-6,3.7016905078475925e-6,3.4754311878703504e-6,3.4059044493919376e-6,3.4592455088122446e-6,3.6117836770556406e-6,3.483073640467446e-6,3.6138044449644826e-6,3.64363077432342e-6,3.6888056238874774e-6,3.473237415295912e-6,3.487019104927756e-6,3.700959309962549e-6,3.470747329601477e-6,3.898531339554116e-6,3.509981037708446e-6,3.583249622664958e-6,3.418165059631797e-6,3.5803145085438895e-6,3.4550200210962387e-6,3.5558965014872972e-6,3.240139993895728e-6,3.776226299693588e-6,3.56644929972421e-6,3.4294068584620186e-6,3.678465818817129e-6,3.305782574356543e-6,3.419178668915281e-6,3.27403843954612e-6,3.489628368776206e-6,3.577494195584707e-6,3.890478973123434e-6,3.4911837856834985e-6,3.510670177654091e-6,3.870936990974102e-6,3.4206498906086116e-6,3.4935870900493658e-6,3.2327237757939633e-6,3.5323365521361306e-6,3.7524347188298795e-6,3.4632442445555928e-6,3.6739893734773956e-6,3.5840673517450806e-6,3.3920192157578444e-6,3.404054549221825e-6,3.4265784496555336e-6,3.420843918969028e-6,3.5882463313330744e-6,3.6509384360317885e-6,4.098803197513803e-6,3.471652335705059e-6,3.6924356174887506e-6,3.5856423863208597e-6,3.508934910987407e-6,3.563941652908084e-6,3.6078808698151703e-6,3.6054154575847296e-6,3.5570668910779567e-6,3.5629264521069324e-6,3.584576212418034e-6,3.616484311330965e-6,3.387013275699115e-6,3.489441311236713e-6,3.4827629134973434e-6,3.5089469187235945e-6,3.4393498937500573e-6,3.5582974542094253e-6,3.5850253426980947e-6,3.425731671926291e-6,3.3884685119274126e-6,3.992251937676556e-6,3.5488161241683337e-6,3.496267839581784e-6,3.6324638787788858e-6,3.520289501264552e-6,3.651025874611307e-6,3.440756392200478e-6,3.5148387379543e-6,3.70639671909073e-6,3.525290243415571e-6,3.6521082982473895e-6,3.556203666472231e-6,3.3674164287370364e-6,3.85753579669183e-6,3.7320388772495527e-6,3.5068600107441746e-6
5.793993634544737e-6,6.14889994714035e-6,6.244129991668884e-6,6.280832798619031e-6,6.336122620584131e-6,6.021989727751607e-6,5.776822994150436e-6,6.563740340286275e-6,6.145942132260429e-6,5.481779438558114e-6,6.166906742295498e-6,6.3112088652858805e-6,6.124377369249277e-6,6.219649610272232e-6,6.093949536274905e-6,5.987660917252545e-6,6.135287073006868e-6,6.157518454914849e-6,6.093532099551936e-6,6.208994272087616e-6,6.08346191802092e-6,6.263680798211483e-6,6.048790278576429e-6,6.133064836847357e-6,6.279652317742222e-6,6.114677554510215e-6,6.4844795534530264e-6,5.984122544881044e-6,6.178837047068224e-6,5.990632061620941e-6,6.142458706499958e-6,6.040308511163983e-6,6.173567935138612e-6,5.7058286326576925e-6,6.3742549421641375e-6,6.146920512104324e-6,6.0807420741829405e-6,6.301233328451982e-6,5.839020240770167e-6,6.0490444087610965e-6,5.858476952662891e-6,6.062201539713169e-6,6.1983981910097135e-6,6.150612323928567e-6,6.018917797754565e-6,6.124059545014458e-6,6.6671745439361255e-6,6.017660186873805e-6,6.0769770631712615e-6,5.8747118598891286e-6,6.207868303045024e-6,6.450855897428236e-6,6.071131317126381e-6,6.2158524208538785e-6,6.059151066727133e-6,6.069148768618085e-6,6.055215261366477e-6,6.055224838359116e-6,6.090518665767051e-6,6.1987493849151454e-6,6.262015284345281e-6,6.7459300584989825e-6,6.0901653948661405e-6,6.259013794158365e-6,6.158635062445982e-6,6.065728298250847e-6,6.147506982832495e-6,6.1341848647484474e-6,6.192871587064391e-6,6.2035171367215496e-6,6.145721035492651e-6,6.2289927054678156e-6,6.317559739294457e-6,6.022755649525074e-6,6.083060335768665e-6,6.067241826357084e-6,6.13255094928383e-6,6.054546952989602e-6,6.2035060111082405e-6,6.170315976718134e-6,6.0786811527947475e-6,5.960020399504191e-6,6.262830054744721e-6,6.250619240815605e-6,6.180146411523466e-6,6.226487966534791e-6,6.178535642809766e-6,6.275670765611449e-6,6.0264809073395e-6,6.121462331005019e-6,6.312806556685572e-6,6.164811341730256e-6,6.30111604506655e-6,6.151210392354344e-6,5.986037155427079e-6,6.47767920450156e-6,6.265233907345147e-6,6.104432549207228e-6
0.000010698831755678663,0.00001108034311645035,0.000011197658914331437,0.000011216156456659739,0.000011361215839357277,0.000010922243347409042,0.00001065099941541742,0.000011620610074009352,0.000011038290709250526,0.000010609785847199232,0.000011101103951270497,0.000011440278127184697,0.00001103993803306863,0.000011079307049075524,0.000011074608687346697,0.000010988862021527817,0.000011002824398222177,0.000011028432806993878,0.000011058252803053219,0.000011164592074196232,0.000010918543897523793,0.000011122138244788843,0.000010939254488022139,0.000011162228965361484,0.000011188034798259579,0.000011077285702562908,0.000011272952689538166,0.000010884791962045366,0.00001110333333844812,0.000010913986042145953,0.000011083344318075993,0.000010960834430299213,0.000011121519499499661,0.000010463753912449913,0.000011267272624183762,0.0000111208030499162,0.000011074304883342964,0.000011224426833251221,0.000010649829613598392,0.000011002236706141678,0.00001080372856317309,0.000010882242841519136,0.000011151903478864207,9.902129912347147e-6,0.000010828814483713959,0.00001110078933600947,0.000011946663702033518,0.000010906920587132722,0.00001100987095772744,0.000010874531412902467,0.000011177038753606376,0.00001142733708158567,0.00001102877057070872,0.000011139681244592775,0.000010835259110004258,0.000011116257764537843,0.000011028779626653603,0.000011072865070482722,0.00001114172826724965,0.000011178704987508333,0.000011199728121552406,0.000011640535613188722,0.000011084822835523158,0.000011136453629874048,0.000011094244418585314,0.000010900606051933479,0.000011095167769199274,0.00001090733608742647,0.00001111555822824629,0.00001115417881293345,0.0000110922240093499,0.000011316849511759298,0.000011407707235958385,0.000011014416998410221,0.000010950504960113547,0.000010979934093915902,0.000011043305591251452,0.00001108509148610914,0.000011181008682264136,0.000011097315523089658,0.00001111779396423894,0.000010895099679058718,0.000010955156182624779,0.000011325402756243904,0.000011221185484773049,0.000011177038898195701,0.00001119689937606905,0.000011267028037068483,0.000010976947412657603,0.000011106684533132996,0.000011229984672522702,0.000011134678346757122,0.000011281821627652012,0.000011096645963654654,0.000010966348502481298,0.000011435835285264587,0.000011155479078650082,0.00001099462160152911
0.000016623193158948993,0.00001688724670410603,0.000017124232626937354,0.000017132593874979193,0.000017395004129482643,0.000016816549754960342,0.000016506673030453747,0.00001760944423243175,0.00001696982493406189,0.000016744112268947896,0.000017040923377332766,0.000017326705252541286,0.00001699984297740164,0.000016956135890922804,0.00001704671905080631,0.000016993222318140498,0.000016818079527452156,0.00001692775735592302,0.000016992321342829014,0.000017162404475006147,0.000016841695224195152,0.000016984456356472602,0.000016819068704998413,0.000017206336920637132,0.000017053909261321984,0.00001698118983389605,0.000017064161994431342,0.00001692220191271468,0.00001700907543155892,0.000016860997661602434,0.000017004649435586192,0.000016874471359366105,0.000017070572245002866,0.00001631630397603864,0.000017155867383066848,0.000017055197759151792,0.000017054203939702172,0.00001708161822032972,0.000016309509447914453,0.00001691843776173738,0.00001676538406034415,0.000016714687456386318,0.000017108709838805925,0.000014730454388278793,0.000016699897684046557,0.00001704328810994883,0.00001801987083716076,0.00001671877720444998,0.000016907978504407742,0.00001683030908473292,0.000017157475257211083,0.000017343084015309863,0.000016946481907521646,0.000017118216533752776,0.000016702759168980942,0.000017154184875744642,0.000017023101961876712,0.000017085040677112716,0.000017151324348006358,0.000017135999182507618,0.000017103772302829207,0.000017372376055155432,0.000017073305084384917,0.000017014564921049498,0.000017092148204748548,0.000016799781578874913,0.000017059769844432072,0.000016685398485128995,0.000017012191091759098,0.000017081248420834225,0.00001702412867742345,0.000017364718758491708,0.000017510674290147603,0.000016965481211366654,0.000016788157667345026,0.000016885288121586355,0.000016940772540982368,0.000017123014501641595,0.000017093174019651086,0.000017019173664247124,0.000017136471067093542,0.000016847439981042007,0.000016911853084653297,0.000017333401729849478,0.00001728600728925329,0.000017096037421706068,0.000017093772101475623,0.0000172279542354984,0.000016936028554935982,0.00001710411694024122,0.000017115486631792176,0.00001706885209742181,0.000017201356390233128,0.000017040162523283913,0.000016959719295464264,0.00001741792060813676,0.00001706305015993169,0.000016880496190005453
0.000023052831793630876,0.00002350231083297239,0.000023573975030389143,0.000023533110438457797,0.00002389756691309346,0.000023276360070579044,0.00002304874066653603,0.000024036544608539975,0.000023498244123924903,0.000023277431662786855,0.000023507433776774358,0.000023542476600380722,0.00002349239743279554,0.00002335855159792823,0.000023559428312937085,0.000023530029118300883,0.000023290006814581586,0.000023366166254446827,0.000023450052953267294,0.000023711507067402055,0.00002332030309251959,0.000023406539658876796,0.000023275041232424535,0.000023813444701815788,0.000023472342808392162,0.00002334540736431766,0.00002348330484491207,0.000023462164304543275,0.000023424850222973756,0.000023346366870191232,0.000023445200760064284,0.000023359164743443376,0.000023568433915342915,0.000022908410267572673,0.000023629076812622635,0.000023437135550715725,0.000023511261171110467,0.000023460780133637356,0.000022635386713374484,0.000023348523455328244,0.00002319960518393005,0.000023230175573549727,0.00002361461734786982,0.000021220679656646403,0.000023122025619305085,0.000023492133884851872,0.000024426276818477418,0.000023067497012206166,0.000023406045015323736,0.00002326825887980841,0.000023627484269118786,0.000023729498541612794,0.000023385345772541886,0.000023580742075648517,0.00002319145746488277,0.000023692361310827285,0.000023543508114457995,0.000023629167936066258,0.000023656903245111252,0.000023535639252066877,0.00002356580289316397,0.000023924636167966027,0.000023588167873663624,0.000023455236796664594,0.000023648586425252577,0.000023343516260392234,0.000023533101129064778,0.00002303893198488123,0.00002341328088714106,0.000023500645509486543,0.000023472177328422527,0.000023781113170022735,0.0000240691370725015,0.000023446941919482202,0.000023105575835983473,0.000023300205791786055,0.000023385910779921358,0.000023612969902080627,0.00002351084391869129,0.000023452490680275046,0.000023663170097398135,0.00002332750135969598,0.000023572877029335712,0.000023888908370941335,0.00002377626055396866,0.000023527193692264366,0.0000236149545511105,0.000023686425243199293,0.000023446564571163585,0.00002360434686307771,0.000023586277270863666,0.0000235724739081943,0.0000236026088247377,0.000023511038148236722,0.0000234918296363739,0.00002395016006177331,0.000023472960900284277,0.000023338584713665472
0.00003428694425295842,0.000034944757327285915,0.000034872098204086614,0.00003474800083400406,0.00003522250216257904,0.00003452469085634634,0.00003439771923903972,0.000035225500193612206,0.00003485059616840622,0.0000345839327747781,0.00003476061022503401,0.00003464605736795214,0.000034770377400250287,0.000034548424303595645,0.00003485574763417022,0.00003486509635746114,0.000034663960859837716,0.000034572375440772554,0.000034737078370426274,0.00003509118963118783,0.000034602937388178884,0.00003472398215213345,0.00003456796153520436,0.0000351921204370393,0.00003474419554958897,0.000034489037661023376,0.00003476712682697991,0.00003472472577815733,0.000034602615621161706,0.00003459610668183892,0.0000346458331773714,0.00003474214341006041,0.00003484713647210273,0.00003430410137633467,0.000034963605738655324,0.00003457738368337579,0.000034698786960615575,0.00003465932472056413,0.00003394214744606104,0.00003462546812140922,0.00003471594383862886,0.00003458889681693145,0.000034903384141090086,0.00003292277511635261,0.00003438508937971506,0.00003472446314977436,0.00003548719678326062,0.00003425253280163217,0.00003473136463843738,0.00003454436289637018,0.00003474683455927673,0.0000349153758972952,0.00003461523435402089,0.00003476990171364356,0.00003456878112122156,0.000035040664519758586,0.00003481192944246211,0.00003492927593792199,0.00003495131945738192,0.00003474520915604118,0.000034812311253957265,0.000035322136376341275,0.00003488576602322766,0.00003479142793540755,0.0000350393774055958,0.000034732389066004835,0.00003477321725108439,0.00003431066711890615,0.00003459392006765715,0.000034777734399710596,0.0000347170835093881,0.000034938437542467105,0.0000354008749623945,0.00003469611102148544,0.00003434257587912357,0.00003452130719144542,0.000034667965423527226,0.00003490862730422796,0.000034717288693204474,0.000034644647486680255,0.00003494232016775001,0.000034619416507886674,0.00003496005011818639,0.00003536925696891193,0.000034982813943039336,0.000034765890273995404,0.000035054945718559406,0.000034985218218847355,0.000034753482697407975,0.00003485625659498791,0.00003483146133686634,0.000034927227095256485,0.00003468895996296835,0.00003479317578811725,0.00003481096304617472,0.000035300775648240234,0.000034669115101380836,0.00003461329922950931
0.000055736731196882525,0.00005656928202329944,0.000056405234176084014,0.000056152679457420544,0.00005675931395416807,0.000055930751398150265,0.000055804499193483855,0.000056603980053986405,0.00005637195197206787,0.00005616675833277744,0.00005609801664804972,0.000055821740309378815,0.00005619496203250467,0.00005597384821580932,0.00005630503192325421,0.000056328796816420456,0.00005608446695967088,0.00005593067074549906,0.000056191919902902175,0.0000566715282733144,0.00005617520310052675,0.00005628605972169852,0.0000560061988147373,0.00005667590449541879,0.00005621788394642483,0.000055810432266255636,0.00005637510109381053,0.000056210667861876675,0.000055928393645096266,0.0000559744419385885,0.00005599567531193104,0.00005637127590775738,0.00005626419513837852,0.00005595854513968236,0.00005651855636569323,0.000055959545225314696,0.000056125458045812084,0.0000560070844812047,0.00005563554892325195,0.00005604067232503656,0.000056204401449639704,0.00005612005413865153,0.00005631914790138142,0.000055019839982356494,0.000055857375203704454,0.0000560737913431401,0.00005673363672501074,0.000055688241676468794,0.000056203578601753305,0.000056073721810795837,0.00005602671896344318,0.00005638335815953861,0.00005607955603429149,0.00005615951099323414,0.000056069229364739395,0.000056558596904835966,0.000056187725595632524,0.00005646477231687855,0.0000563501689001275,0.00005613734532108366,0.00005619952096861465,0.00005696149196696462,0.000056347607968845767,0.00005634736854998357,0.00005656669070765006,0.00005624617082558713,0.00005618734238712189,0.00005585045406287237,0.000056031958100035994,0.00005621756971477795,0.00005615594949310615,0.0000563861575561053,0.00005686952184616899,0.00005603714900205697,0.00005596561608109205,0.00005597195827301398,0.000056185563326178434,0.000056326091292870645,0.00005613773764181165,0.00005597450995928773,0.000056368093176522406,0.00005605179818516915,0.00005631636483064068,0.000057232799280039375,0.00005632546361579108,0.000056195256096406505,0.0000565660625000958,0.000056433732380358,0.00005618435264840435,0.000056283362150800637,0.00005617012928707886,0.00005643067457487584,0.00005605759556920667,0.000056258656617669236,0.000056234138396960034,0.000056793299951036424,0.00005602044222650418,0.00005610021834388187
0.00009804999201589012,0.00009895403893713143,0.00009864813702197762,0.0000982961360587148,0.00009907122084038634,0.00009797671682074396,0.00009774213774968929,0.00009865001469333581,0.00009857136021729102,0.00009838322619770944,0.00009806850463017011,0.00009789473427254512,0.00009829201981684821,0.00009816125436312926,0.00009839733179348924,0.000098515100582605,0.00009815842371235325,0.00009792876203264195,0.00009831622484772049,0.0000989332175079466,0.00009853508388795254,0.00009849469322472046,0.00009822994321707871,0.00009884834233863423,0.00009841525390209003,0.00009787757923855833,0.00009874419146639495,0.00009824896486857821,0.00009795027811424127,0.0000980441311174774,0.00009809556583175398,0.00009864101001613008,0.00009837729015336482,0.00009842381357445763,0.00009874908523648332,0.0000981368179126688,0.00009830677311719246,0.00009805935828160084,0.00009809135593059223,0.00009812570818803915,0.00009862346063823973,0.0000983683276998087,0.00009842550267106175,0.00009768043930719666,0.00009800931181610167,0.00009808040102496525,0.0000987309254267817,0.0000979536482748815,0.00009834832833360407,0.00009821319290467988,0.00009802889992451649,0.00009858545785034696,0.00009835728169589611,0.00009818675357480576,0.00009827075228625791,0.00009877016956624226,0.00009824648448609677,0.00009869890259116745,0.00009838769416976024,0.00009828235734981806,0.00009830387858928441,0.00009930597853330343,0.00009850756938806054,0.0000986168748218719,0.00009871242539454248,0.00009836319639983683,0.00009830174357547433,0.00009812821285072083,0.0000982240005841333,0.00009826750003771534,0.00009833624634173944,0.00009856530039437162,0.00009902764387266188,0.00009806995773411215,0.00009850748210809095,0.0000981331277867802,0.00009848842075142462,0.0000984458326166084,0.0000982827759718211,0.0000979581528015304,0.00009847989922989929,0.00009812132864330883,0.00009858677149846544,0.00009945081498089137,0.00009835885720188086,0.0000983410609560442,0.00009848695837255507,0.00009858461715601163,0.00009824388749953659,0.00009835658117145119,0.00009825017388995889,0.00009848515343464256,0.00009809659965451932,0.00009840948634485408,0.00009831860774348148,0.00009899839157881775,0.00009802625033914844,0.00009829832477364816
0.00018938977984501838,0.00019032118518725677,0.00018973070250435947,0.00018930190107477768,0.0001903607291865399,0.0001889881326346951,0.00018867996557902762,0.00018956451504048382,0.0001896111455339127,0.00018944896720536435,0.00018889551210849912,0.00018933287098369035,0.00018921132644396935,0.00018932598027111052,0.00018937484665889425,0.0001894102766078855,0.00018916390246594592,0.0001888750100536129,0.00018934735446208368,0.00018995138920270787,0.0001897131254650988,0.0001896154045154978,0.00018931621213773525,0.00018994921653801855,0.00018949870618733053,0.00018884234088219974,0.00018999254448040645,0.0001891619848235118,0.00018888626971675716,0.00018897662718822707,0.0001891021695507361,0.00018962656657724473,0.0001893625084497184,0.00018979539299060955,0.00018984288668021852,0.00018923025158965924,0.00018942093700459223,0.00018901582691312882,0.00018931870966198993,0.00018914151872414134,0.00019016476005084528,0.00018947817286547658,0.00018940305538608058,0.00018920941722078458,0.00018909962981476715,0.00018895131672217792,0.00018967490287728593,0.00018919877593586386,0.00018939689471051245,0.00018922432786401506,0.00018891552120934739,0.00018975219249025503,0.00018957159850790646,0.00018902705321541496,0.00018946674995262738,0.0001898027021568713,0.00018921121268016344,0.00018987404796779703,0.00018929193563074,0.0001893724545252931,0.00018930465059312793,0.00019037056658953813,0.00018951161423277576,0.00018987795992236433,0.00018959284380537395,0.0001893531592881221,0.00018932368023615004,0.00018929260377626057,0.00018932257484780484,0.0001891790042057693,0.0001894422579125078,0.00018970709760476978,0.00019002880033784002,0.00018896638020463697,0.00018999911154714982,0.000189208979270204,0.00018973936348612203,0.00018948776102323118,0.00018935567111753797,0.00018883635490804133,0.00018943494321494087,0.0001891171695785894,0.00019040851277079553,0.00019055430548799808,0.000189276149343098,0.00018936279925218022,0.0001893291991644577,0.0001895677656949944,0.00018920547628587615,0.00018925801636736011,0.0001893870600488749,0.00018939500191467732,0.00018917232238656675,0.00018942849125341582,0.00018935896914071162,0.000189870004748516,0.00018888854644943256,0.00018947548513096848
0.00042027109742981715,0.0004211230738175197,0.0004200821435838848,0.00041982050606102913,0.00042113794533728906,0.0004196243686335244,0.000419469558459438,0.00042024527815419973,0.0004201573295385264,0.00042013050291416003,0.00041933708716445094,0.000420168731331558,0.0004195383801420845,0.0004200580675064678,0.0004198852706165158,0.000419786124758168,0.00041981619373008215,0.0004194245107748102,0.0004198478361985723,0.0004205521156890567,0.00042028290842128244,0.00042025199223253524,0.0004198300731342064,0.0004205918988452146,0.0004200355712429271,0.0004193154624504388,0.0004207574073687231,0.00041955868847335894,0.00041932348820429436,0.000419400620605725,0.0004195788116351263,0.0004200979569146209,0.00041979127348897504,0.0004206570623244584,0.00042043505092253234,0.0004197869666087426,0.00042005606544061677,0.000419446243320505,0.000420084927357401,0.00041981691030127115,0.00042141661591450227,0.00042009164545324477,0.0004198755382969489,0.00041984656621856897,0.0004196100059457602,0.00041941420109362906,0.0004201811605860521,0.00042011595320759,0.0004199328025235519,0.00041991590228376754,0.00041928198288308663,0.00042040070882278484,0.0004203379855570495,0.0004193428448336049,0.00042024688397298215,0.0004203011862158252,0.0004198067502130096,0.0004204391018733405,0.00041967704657951545,0.0004200109617301318,0.000419768494001776,0.0004207573382543156,0.00041995158172812846,0.00042085866741997896,0.00042006878829739904,0.0004198383848560673,0.0004198962854372186,0.0004201254143676145,0.0004200707286631729,0.0004196002797942635,0.0004201251637427441,0.00042047374433136974,0.00042053440267122196,0.0004194031456624863,0.0004208009582083322,0.0004198181458676877,0.000420534317971068,0.0004201451202586551,0.0004200687388139254,0.0004192551932811066,0.0004198201297923287,0.0004196953938749137,0.00042168361316858216,0.00042161564284396596,0.0004197269325391519,0.0004197944699010543,0.00041988904906345816,0.0004199993975791121,0.0004196656257373702,0.0004195755403959687,0.0004200250954803505,0.0004198338967250072,0.00042000922914185626,0.0004199337623251681,0.00042010671665952204,0.0004201883350365693,0.00041943210978949625,0.000420155072772501
0.0011560841570252937,0.0011566351664214851,0.0011553267121574486,0.001155109803332315,0.0011567036820676543,0.0011551587460902424,0.0011554848185109823,0.0011563544940916253,0.0011557297730812649,0.0011557691807682641,0.0011551062396799867,0.0011555198257979294,0.001154675174714849,0.0011558261380978563,0.0011552094623840203,0.0011553625475714026,0.0011554993577434932,0.0011549082027551218,0.0011554003680180201,0.001156373567321769,0.0011560104765199817,0.0011559485103978802,0.0011554443991904494,0.0011564040026550131,0.0011552631441039754,0.001154542308640617,0.0011565406256807678,0.0011550667080573286,0.0011546956006007803,0.001154940294417972,0.0011550474899936145,0.0011557425618195795,0.0011549049259001035,0.001156604273874458,0.0011560322128729384,0.0011553749657697118,0.0011557619054734032,0.0011547685038230321,0.0011558628859950329,0.0011557304362290986,0.0011574864752102927,0.0011553725023545924,0.0011553600179754814,0.0011554528106657714,0.0011549194343836084,0.001154967120253179,0.0011556568906149335,0.00115610488248828,0.0011555159710366545,0.0011559027289384806,0.001154641875127588,0.0011559620368820937,0.0011560163744138068,0.0011547951918448388,0.0011561141692511601,0.0011558361059304447,0.0011555199925702368,0.0011559561527920807,0.0011552338294652732,0.001155597928414231,0.0011551342924385497,0.001156157877096494,0.0011551106388744798,0.0011569501207462753,0.0011558891202079586,0.0011550840802574025,0.0011556613998109633,0.00115591610815163,0.0011558693199360506,0.0011549843623766833,0.0011558527695090487,0.001156216897987923,0.0011557889018040772,0.0011550351569382016,0.0011566004409848205,0.001155502765765726,0.0011561214214265121,0.0011559920287542015,0.0011558428288994506,0.0011546335642318296,0.0011551807597942106,0.0011554721777381452,0.0011575831347310178,0.0011582265260565755,0.001155272069960959,0.0011551417540471643,0.0011555810408099697,0.0011551758111102391,0.0011548175966843138,0.0011547310581737436,0.0011556226205930126,0.0011551934182533188,0.0011559059162758998,0.0011554647259656645,0.0011559344254083214,0.001155490158690666,0.0011551941877718404,0.0011558411669126201
0.004457065110030493,0.004457037259129973,0.004456497343965755,0.004455022764622438,0.004457658025694873,0.004455953930884633,0.004457550191663771,0.004458273802239614,0.004456333818365564,0.004456646227277579,0.0044566478369785145,0.004455891824488439,0.004454832158974294,0.004457297552799021,0.004456102137721877,0.004456495881236823,0.00445628528981832,0.00445562764684599,0.004456296661256229,0.004458336450161625,0.004457508343278458,0.004457184149848099,0.00445656221784512,0.004458064986215919,0.004455170979687845,0.004454895354121116,0.004457694875952529,0.004456158128827912,0.004455375841091717,0.00445572371673289,0.0044558299455412925,0.004457100464451616,0.0044545647160331376,0.004458108770086097,0.004456719528334574,0.004456043802172214,0.004456671130465778,0.004455222202277006,0.0044573324396019395,0.0044570107629471395,0.004458679515048447,0.004455850155903716,0.004456198787104982,0.004456555637548152,0.004455567879126206,0.004455777995382627,0.0044569023742571795,0.004457415139646761,0.0044564455260571074,0.004458030066956571,0.004455308923267928,0.004456764126961668,0.004457309546571893,0.004456320697602219,0.004457672689259003,0.004456578617332809,0.004456723462530452,0.0044565820550789975,0.0044573708503174575,0.004456585413344704,0.004455972588815607,0.004457290923421323,0.004455293493884804,0.004458635893603428,0.0044575895729392166,0.004454975733820782,0.004457139628845996,0.0044568298075844245,0.004456785394026289,0.004455728550235875,0.004457297438351434,0.004457251624290097,0.004456410983102182,0.004456751321806472,0.0044578204262443605,0.004456499802941104,0.004456379687863919,0.004457015990469701,0.0044569638618090655,0.004456047550471278,0.004456064002107144,0.004457317179991142,0.004459269166776669,0.004460775336982355,0.004456381982661895,0.004455985276866156,0.00445701359542168,0.0044553895586815235,0.004455174706300366,0.0044550921908490335,0.004456371058061411,0.004455944046245603,0.0044572171882805356,0.004456037300775984,0.004457062256052837,0.0044560468119547395,0.004456622997346416,0.004456962478285976
0.0267413424578802,0.026742936518989735,0.026740839492343686,0.026739857070329567,0.026741750082596095,0.02674151405352547,0.02674497111459977,0.026743349229914094,0.026742015810380937,0.026742434203805697,0.026742675757906,0.026741176856381242,0.02674062668725513,0.026744387596160983,0.026745005543699386,0.026741567016093322,0.02674153132480891,0.026740961247320977,0.02674199556313792,0.026744355626992913,0.026743478072403303,0.02674217682588431,0.026742641224227592,0.026747148356971395,0.026739114749945773,0.026740711789583718,0.02674321647258347,0.026742114065381975,0.02674138621133534,0.026741582810620605,0.026741553494220957,0.026744194166480287,0.02673757101204244,0.026742811354829643,0.026741939664918814,0.0267405906736699,0.026742760936166222,0.026740988347134537,0.026744024598463416,0.026742648180709882,0.026744548625457727,0.026740970855563335,0.02674409901885582,0.02674380833459191,0.026741023504981663,0.02674087841159936,0.02674565200191076,0.026744692010580752,0.026741429296164528,0.026746276453189867,0.026740031529983114,0.026740431498050547,0.02674173544380432,0.026742748403209744,0.026744849048197565,0.026741131578686732,0.02674187273862946,0.02674132204210725,0.02674679888676297,0.026740424608099563,0.026741493324447203,0.02674441708238244,0.026739116021656677,0.02674431870499626,0.026743758199023797,0.026739044673904675,0.026744930229358484,0.026743596905105065,0.026740408125061593,0.02674197065223312,0.026742347438295982,0.026741571468142423,0.02674266441554203,0.02674391352356692,0.026743529993590573,0.026740829261209555,0.026740555029318262,0.026742921256867773,0.026743090408855894,0.026743682712607547,0.026742871578792814,0.026746855267916675,0.0267428047322727,0.026748865053435555,0.02674165535203673,0.0267408736879373,0.02674323616405932,0.026741060605764568,0.02674118435446349,0.02674149325854263,0.02673977660413289,0.02674120180773098,0.026742734315683258,0.026740278763006102,0.02674166157471123,0.026741427510373693,0.026744022578154412,0.026741902308304755
