-0.06782151210948659,-0.0678224793944158,-0.06782204274463226,-0.06782327833623171,-0.06782262011666272,-0.06782102225980038,-0.0678214405250456,-0.06782141509182603,-0.06782081675990043,-0.06782224432966387,-0.06782255725077249,-0.0678223157929368,-0.06782143214339921,-0.06782183915510859,-0.06782146496365625,-0.06782172692383909,-0.06782194665822155,-0.06782199209383034,-0.0678228969893157,-0.06782287528390195,-0.06782266789435948,-0.06782111183082118,-0.06782202457635945,-0.0678231847581299,-0.06782199939178114,-0.0678229123289796,-0.0678207083333204,-0.06782200716876693,-0.06782190138423014,-0.06782219877678866,-0.0678209894940346,-0.06782253621743026,-0.06782114823852559,-0.06782198159593233,-0.06782325130064787,-0.06782283826797297,-0.06782173690048045,-0.06782128230746448,-0.06782300397066586,-0.06782237022235221,-0.06782170930524038,-0.06782150840454412,-0.06782144005534471,-0.06782185647018421,-0.06782302679358067,-0.06782313521646997,-0.06782222065860911,-0.06782151707075507,-0.06782318959239705,-0.06782075638759481,-0.06782081229962621,-0.06782301189038134,-0.06782211245268836,-0.06782052474986318,-0.06782278400267437,-0.0678221993720539,-0.06782147114191558,-0.06782262081224487,-0.06782326318538448,-0.06782249747582586,-0.06782206462402594,-0.06782178276300123,-0.06782126732129955,-0.06782053307824266,-0.0678214113389082,-0.06782233710532172,-0.06782065296815229,-0.06782150164160565,-0.06782215539026162,-0.06782123860155079,-0.0678226350138059,-0.06782224261071589,-0.06782259786438864,-0.06782252382753116,-0.0678225575638761,-0.06782234716157441,-0.06782177670466233,-0.06782065066502191,-0.06782289073082777,-0.06782186156333402,-0.06782387039372068,-0.06782181451141485,-0.06782139018404527,-0.06782244728678719,-0.06782230406332215,-0.06782292425501127,-0.06782225982756657,-0.06782249215960652,-0.06782083994221244,-0.06782131311856492,-0.06782213186618065,-0.06782219505240478,-0.06782249504841406,-0.06782207256272121,-0.06782243694947589,-0.0678221518923046,-0.06782154043151503,-0.06782142817352568
-0.04620135357642974,-0.04620161926879034,-0.04620195998305258,-0.046202118265244084,-0.046201248031974784,-0.04620107517102169,-0.04620232965337623,-0.046201581984213036,-0.04620124145758349,-0.04620146897589021,-0.0462018160321738,-0.046202104858541676,-0.04620156669079838,-0.04620200447717156,-0.04620124148146368,-0.04620118579708515,-0.046201422571903905,-0.04620128954461984,-0.04620162957567376,-0.04620168867586592,-0.04620194734378884,-0.04620106883476585,-0.04620183034800207,-0.04620281858270364,-0.04620122935801342,-0.046202298875311486,-0.04620105289319422,-0.04620161376021518,-0.04620164765133939,-0.04620222058274644,-0.04620118927582405,-0.04620107105481401,-0.0462006919149149,-0.046200931951691795,-0.0462020155927135,-0.046202158145368794,-0.046201294372237016,-0.04620198313148315,-0.04620191537276041,-0.04620181503374629,-0.0462011665996563,-0.046201523406307884,-0.046200441828353506,-0.04620115195000586,-0.04620214954927354,-0.04620201731189057,-0.046201761354434656,-0.0462009872794891,-0.04620235058566476,-0.04620108902190748,-0.04620140410566373,-0.046201660986854465,-0.04620045788806737,-0.046200451255843517,-0.04620200221120517,-0.046201750824752016,-0.04620144097866856,-0.04620192048899616,-0.04620198305941256,-0.046201769190558586,-0.04620131381096724,-0.046201143973513284,-0.04620177135078829,-0.04620097081851231,-0.046201827833085234,-0.046200801210031076,-0.04620065322416601,-0.046200924993305525,-0.04620136054006575,-0.04620142860015822,-0.04620181351551669,-0.046202188005375205,-0.046201799060910195,-0.04620200609878568,-0.046201925666498445,-0.04620232958850023,-0.04620125971672698,-0.04620072746720519,-0.04620098062785984,-0.04620157815204466,-0.04620199165634989,-0.04620121052807551,-0.04620206444298114,-0.04620167437274518,-0.046201182142625474,-0.0462011874815149,-0.04620179608849372,-0.04620169781918484,-0.04620070692175025,-0.04620105621745796,-0.04620096461093577,-0.04620147464090027,-0.04620149980738704,-0.04620133895276845,-0.04620181735453312,-0.04620088657272693,-0.04620179013967139,-0.04620120952257217
-0.008675462835605491,-0.008675443542917629,-0.008675426972136873,-0.008675439602168067,-0.008675449560462123,-0.008675401292437858,-0.008675916856063469,-0.008675344227282996,-0.008675287035318911,-0.0086753911665918,-0.008675672450823221,-0.008675522873573191,-0.008675299513939541,-0.00867581578924339,-0.008675487875581398,-0.008675262707661223,-0.008675038967832427,-0.008675493617508585,-0.008675658622871998,-0.008675197170238895,-0.008675344751018601,-0.008675418346995891,-0.008675881381558139,-0.008675776839497985,-0.008675403707529505,-0.008675628487279928,-0.00867558233880121,-0.00867550210229304,-0.008675433631398527,-0.008675641862026684,-0.008675515070225868,-0.008675336497402254,-0.008675549135876497,-0.008675304166812576,-0.008675707443155146,-0.008675536990419886,-0.008675612089948796,-0.008675672727374057,-0.00867541653949089,-0.008675722662041006,-0.008675480716468741,-0.008675243617269318,-0.008675112720961577,-0.008675196553844427,-0.008675589878648828,-0.008675638179213876,-0.008675561428104515,-0.00867544530456784,-0.008675822155410356,-0.00867532898186823,-0.008675482668540242,-0.008675383096683725,-0.008674940555889655,-0.008674911303335692,-0.008675329397398238,-0.008675449012512607,-0.00867549677420315,-0.008675229173460124,-0.008675705130861213,-0.0086753058669524,-0.008675516514113052,-0.008675400187162544,-0.008675654055178839,-0.008675451594629208,-0.008675843245180642,-0.008675220443830588,-0.00867529196721564,-0.008675237460870872,-0.008675277832063514,-0.008675645027799415,-0.00867532816537557,-0.008675677317025225,-0.008675642997859074,-0.008675605251731965,-0.008675624568466506,-0.008675613017160251,-0.00867526706821877,-0.0086754608423699,-0.008675193997429892,-0.008675287878076091,-0.008675572264640859,-0.008675457383159628,-0.008675648213354982,-0.008675366488382453,-0.008675088216263019,-0.008675270117297705,-0.008675574565795485,-0.008675280053656545,-0.008675330808860033,-0.008675381599158705,-0.0086749773815534,-0.00867539536289994,-0.008675476555368202,-0.008675364091200097,-0.008675515752949526,-0.008674988147748012,-0.008675473125565995,-0.008675307687406982
-0.002523652229884209,-0.002523692520654771,-0.0025235562076694773,-0.002523640303742952,-0.0025236883715524065,-0.002523643041218346,-0.002523824548994332,-0.002523635916418675,-0.0025235424930980742,-0.0025235375050494603,-0.002523837066099083,-0.0025236460605197516,-0.0025235369952289824,-0.002523913887563036,-0.0025236700345133015,-0.002523548948481564,-0.0025233373486076927,-0.002523698545768945,-0.002523759941474993,-0.002523476538918778,-0.00252347511439004,-0.0025236625760868617,-0.0025239649191421613,-0.002523899073122171,-0.0025235777792274126,-0.002523643346083032,-0.0025238598060290194,-0.00252373408581605,-0.002523661523973213,-0.002523711020582728,-0.0025238382516648552,-0.002523614754239246,-0.0025237795640877924,-0.002523650235604139,-0.0025238375294872476,-0.0025236991640815274,-0.0025238714312492004,-0.0025238013501737095,-0.002523679206110039,-0.0025237098020332006,-0.0025237590669995166,-0.0025235197649258797,-0.0025236346070391367,-0.0025235168371325833,-0.00252363733288821,-0.0025238024903674926,-0.002523682149476495,-0.0025236943800895075,-0.0025237996909053192,-0.002523585473919663,-0.0025235795746256936,-0.002523601007965567,-0.002523455257049146,-0.0025233923718995313,-0.00252347931978925,-0.0025237076911742073,-0.0025237359386169854,-0.0025234768627951055,-0.0025239069030477427,-0.0025235622793095347,-0.0025237277309523927,-0.0025236126896373426,-0.002523803611572919,-0.0025237764072992305,-0.0025240219172892367,-0.0025236339720686434,-0.0025236071632328085,-0.0025237009374622227,-0.0025236515392301423,-0.0025238871229229377,-0.0025237252957582904,-0.002523767328024836,-0.002523678670437881,-0.0025237616143519498,-0.002523725707137221,-0.002523713311693699,-0.002523580319753741,-0.0025238974995752945,-0.0025235268876970126,-0.002523559126413193,-0.0025236318011088686,-0.0025238031019012798,-0.002523734577042745,-0.0025235207161833657,-0.002523455011923515,-0.002523623730506198,-0.0025236807028182397,-0.0025234289168205417,-0.0025237466306996512,-0.0025237146355256267,-0.0025234872867856434,-0.002523658511978601,-0.002523750156354726,-0.0025237299975321517,-0.0025237781009355125,-0.0025233423749288454,-0.0025237052933757558,-0.002523604047826825
-0.0010240257690898279,-0.0010241183066259816,-0.001024009698881911,-0.0010240845977810334,-0.001024048980638227,-0.001024072677943356,-0.0010241295399215319,-0.0010240597723635701,-0.0010240025346307004,-0.0010239295168453857,-0.0010242086129854013,-0.0010240318409187607,-0.0010239902618103588,-0.0010241758390153043,-0.0010240420611150186,-0.0010239622644577476,-0.0010238359044593233,-0.0010240570600627413,-0.0010240824950440161,-0.0010239599673256563,-0.0010239146010950655,-0.0010240863441232637,-0.0010242533896004948,-0.001024265233109545,-0.001024027233089721,-0.0010239716493766142,-0.001024193590918241,-0.0010240756462778604,-0.0010240414669934546,-0.0010241053459650175,-0.0010241985714844405,-0.0010240294282361636,-0.0010241412396676576,-0.0010241017866480173,-0.0010241674700595983,-0.0010240970376076217,-0.0010241941832011016,-0.0010241454570775108,-0.0010240955969708536,-0.0010240250224943768,-0.0010241408016798416,-0.001023994363979779,-0.0010241326362522931,-0.001023949091484484,-0.0010239824536436167,-0.001024151772841102,-0.0010240081266361617,-0.0010240873816156886,-0.0010241223379760054,-0.0010239794265647978,-0.00102400454905743,-0.0010239949229824878,-0.0010240220640972356,-0.0010239136973915468,-0.0010239368295060036,-0.0010241009310096637,-0.00102411202427846,-0.0010239776116256693,-0.0010242380849601039,-0.001024000568245497,-0.0010240728882166688,-0.0010240296906907581,-0.0010241319217928848,-0.0010241457159444042,-0.0010242972638722478,-0.0010240138768913398,-0.0010240293297491651,-0.0010241314861289081,-0.0010240966521531266,-0.001024217451687221,-0.0010241508225190387,-0.0010240920515311482,-0.0010240530770320032,-0.0010240934750587716,-0.0010240774965729936,-0.0010240796859030139,-0.0010239856669414051,-0.0010242304875382365,-0.001023962475132252,-0.0010240142312861469,-0.0010239836905656555,-0.0010242536577652547,-0.001024044929155061,-0.0010239691328362097,-0.001023973850048627,-0.0010240280269772767,-0.001024006329968937,-0.0010238702101340908,-0.001024147630242909,-0.0010241810169593919,-0.0010240101998071189,-0.0010240464401363638,-0.0010241258993930582,-0.0010241365890387329,-0.0010241800305587638,-0.0010238642099022308,-0.0010240888716147552,-0.0010240666185669703
-0.0005120939717145547,-0.0005121708477548719,-0.0005121198745652088,-0.0005121766318641838,-0.0005121386217363642,-0.0005121803828077667,-0.0005121633475726364,-0.0005121492865616678,-0.0005121040399408822,-0.0005120402133755933,-0.0005122737470859009,-0.0005121230750603801,-0.000512082654410528,-0.0005121772155218995,-0.0005120984744846053,-0.0005120519123963825,-0.0005119899271765102,-0.0005121336949623366,-0.0005121212359533405,-0.000512097712211167,-0.0005120636968439683,-0.0005121818445135316,-0.000512236727455464,-0.0005122974274881919,-0.0005121479023490525,-0.0005120325861770136,-0.0005122243283374055,-0.0005121353236706196,-0.0005121140908128006,-0.0005121867858961319,-0.0005122487371659201,-0.0005121250502712055,-0.0005121870177567235,-0.0005121862688137004,-0.000512198176076325,-0.0005121739858723072,-0.0005122229456931934,-0.0005121984290038756,-0.0005121729473338986,-0.0005121090036548576,-0.0005122090875758268,-0.0005121239302689712,-0.0005122327275650356,-0.0005120686684958137,-0.0005120565417612531,-0.0005121913734790092,-0.0005120553386173904,-0.000512149573208328,-0.0005121549695914446,-0.0005120694284175039,-0.0005121202048784881,-0.0005120595298830763,-0.000512149358226406,-0.0005120617468060641,-0.000512056471096614,-0.0005121652226945986,-0.0005121549053650274,-0.000512120249468574,-0.0005122647994429206,-0.0005121083879206631,-0.0005121219649546765,-0.0005121197306675255,-0.000512139403853023,-0.0005121895894766646,-0.0005122939657093031,-0.0005120639485215403,-0.0005121232691170914,-0.0005121987415543298,-0.000512190930536463,-0.0005122396314263973,-0.0005122132321394252,-0.0005121532601613963,-0.0005121388340819257,-0.0005121249036024514,-0.0005121552599593102,-0.0005121554808200787,-0.0005120762418890741,-0.0005122394977127673,-0.0005120465689368003,-0.0005121127539695118,-0.0005120537919940044,-0.0005123231998555177,-0.0005120869109302964,-0.0005120945598479828,-0.000512104339483977,-0.0005120861178353472,-0.0005120604785909266,-0.0005120107992712206,-0.000512208944208674,-0.0005122806113092881,-0.0005121240108744245,-0.0005121129056978322,-0.0005121787968092708,-0.0005121884448867112,-0.0005122386607078249,-0.0005120331311759855,-0.0005121562475487403,-0.0005121822005499626
-0.00028970121598261657,-0.00028975706578126235,-0.00028974739584587466,-0.00028978389505619615,-0.00028976565468266056,-0.00028980105367280786,-0.0002897352456677373,-0.00028976701607285574,-0.00028972551199662425,-0.0002896796132784527,-0.00028985273417222557,-0.0002897441190138298,-0.0002896976768707855,-0.00028975243044179077,-0.0002896987418454073,-0.00028967711639772567,-0.0002896644946361461,-0.00028973825090968517,-0.0002897098489446685,-0.0002897388237414792,-0.0002897269389917265,-0.0002897851694866946,-0.0002897834098326323,-0.0002898834916373698,-0.00028977092152404193,-0.00028966052272173126,-0.00028980667978157845,-0.0002897438709109449,-0.0002897306383924679,-0.00028978713369966604,-0.00028983539867568503,-0.00028975065361438665,-0.0002897766435822163,-0.00028977847808798546,-0.00028978002394444073,-0.00028977382203932,-0.00028981769478353365,-0.0002897913550315294,-0.000289787545699832,-0.00028972661570110026,-0.0002898095268919438,-0.00028976206663396164,-0.0002898375424728405,-0.00028970982042593745,-0.0002896751917369272,-0.0002897766303666262,-0.00028966626130006053,-0.0002897462318003798,-0.0002897365104717274,-0.000289691065269671,-0.00028976017968290735,-0.00028966895282372257,-0.0002897765225782711,-0.0002897085691760812,-0.0002896991076772032,-0.0002897657517276764,-0.00028973631091152685,-0.000289760562848005,-0.00028983390084144644,-0.00028973603011518006,-0.0002897117313766409,-0.0002897249340511578,-0.0002897255614932488,-0.00028979577965445376,-0.0002898608458606135,-0.00028967281691852625,-0.00028973987940159756,-0.00028979783224723115,-0.00028980038722300957,-0.00028981650165328584,-0.00028980776238262285,-0.00028976728651243695,-0.00028974357908650495,-0.00028970519040684753,-0.0002897626400607849,-0.0002897733371837577,-0.00028970250355585774,-0.00028980991608058235,-0.000289675128407465,-0.000289731432254199,-0.0002896689484911314,-0.00028989557692318726,-0.00028968903561762786,-0.00028972744243143734,-0.00028973707382868186,-0.0002896898655132276,-0.00028966376391962716,-0.0002896767678369339,-0.0002897921225001334,-0.00028988754287369463,-0.0002897376009953841,-0.0002897179332630599,-0.0002897794396062703,-0.00028978056717485364,-0.00028983421803926323,-0.000289706478228706,-0.0002897641769348549,-0.0002898121181678653
-0.00017657659587033735,-0.00017661257313089694,-0.00017662037185218,-0.0001766521346831279,-0.00017664280304058983,-0.00017667378689477722,-0.00017659117468213817,-0.00017664303525982748,-0.00017660811275401264,-0.0001765759852799852,-0.00017668938701215025,-0.00017662739893905562,-0.00017658347028968237,-0.00017660702318694348,-0.00017656750345539964,-0.00017656335670524986,-0.00017658061613769167,-0.00017660223522378607,-0.00017657627267160647,-0.00017662809719772146,-0.0001766259209284462,-0.00017664409828480586,-0.00017662054760723319,-0.00017674890515193334,-0.00017663994482251664,-0.00017656577532103695,-0.00017666301880527678,-0.00017660945391663262,-0.00017661226044345476,-0.00017664224977666107,-0.00017668148706144167,-0.00017663039605620383,-0.00017664130434047795,-0.00017663472364606246,-0.00017663473545006064,-0.00017663307015817185,-0.0001766838299022374,-0.00017665916698618304,-0.00017665971536266393,-0.00017660091574083468,-0.00017667027023661157,-0.00017664270169669694,-0.00017669891326307598,-0.0001765975152792002,-0.00017656151412845573,-0.0001766344092645366,-0.00017655224870835096,-0.00017660839708252466,-0.00017659641252099105,-0.00017657089277004937,-0.00017664836798240638,-0.0001765464465370928,-0.00017665002738386946,-0.00017660246586193978,-0.00017659570840035073,-0.00017662991870566778,-0.00017659780480640825,-0.00017664249601830365,-0.00017667395880168287,-0.00017661951240289337,-0.00017657457427138908,-0.00017659630329870156,-0.0001765932909846711,-0.0001766661408084307,-0.00017670550192843413,-0.00017655375881613195,-0.00017661570013809225,-0.00017666194266320096,-0.00017666524334106226,-0.00017666569642178857,-0.0001766574739171635,-0.00017663937819111533,-0.0001766032622042175,-0.00017656367120168353,-0.00017662395990860355,-0.00017665154012016192,-0.00017659032673901802,-0.0001766556574357306,-0.00017656559814589732,-0.00017661052479925755,-0.00017654680875653725,-0.00017672840211912006,-0.00017657000262537564,-0.00017661023822759648,-0.00017660891767556116,-0.00017656542036278365,-0.00017654353289462164,-0.00017658840241673037,-0.00017664067535656542,-0.0001767421558359302,-0.00017660603225775034,-0.00017658996687145188,-0.00017663955927921932,-0.00017664381549730256,-0.00017669796073616057,-0.0001766126576616819,-0.00017663800114375389,-0.0001766916245813653
-0.00011289232715463719,-0.0001129114267392629,-0.00011292511559508322,-0.0001129539511976082,-0.00011295280655533574,-0.00011297988794730025,-0.0001128978388555828,-0.00011295129970967304,-0.00011292481897215366,-0.00011290030136738806,-0.0001129692372935575,-0.00011294568623731648,-0.00011290543377039691,-0.00011290995565594835,-0.00011288178880782568,-0.000112886080732877,-0.00011291489834154163,-0.00011290625325289461,-0.00011288812211470643,-0.00011294279519912517,-0.00011294881263162934,-0.00011293910662164807,-0.00011290916425797017,-0.00011305152784088217,-0.00011294313520713529,-0.00011290820193818132,-0.0001129619873144182,-0.00011291495355679614,-0.00011292880097046648,-0.00011294130863557306,-0.00011296977121102791,-0.00011294502367896139,-0.00011294688984850356,-0.00011293615482717092,-0.0001129347960823658,-0.00011293496802675912,-0.0001129805534673428,-0.00011296589421919817,-0.0001129667774525149,-0.00011291478888027177,-0.00011297076632477166,-0.0001129497071160471,-0.00011299619465653788,-0.0001129146388688761,-0.00011288622761311065,-0.00011293487776496602,-0.00011287341173266272,-0.00011291234856639477,-0.00011290255094434512,-0.00011288670554249783,-0.00011295828181713045,-0.00011286307282649982,-0.00011295528946509338,-0.00011292522437546086,-0.00011291984352224219,-0.00011293261712735122,-0.00011290668280338991,-0.00011295203769715002,-0.00011296283066804419,-0.00011293322560787579,-0.00011288228407304365,-0.00011290845483651139,-0.00011289707033350347,-0.0001129682625373326,-0.00011299436176098519,-0.00011287759795831028,-0.0001129285402846112,-0.00011296063308777078,-0.00011296671511418728,-0.00011295637672484283,-0.00011294849127326835,-0.00011294517859052012,-0.00011290346496056284,-0.00011287011574080635,-0.0001129245286497711,-0.00011296398720675667,-0.00011290796606964133,-0.00011294352886255594,-0.00011288397788670836,-0.00011292485856582367,-0.00011285888934052823,-0.00011300541535797114,-0.00011289143263169101,-0.00011292029174106788,-0.00011291643781638665,-0.00011287685519456003,-0.00011286880765270791,-0.00011291814133117863,-0.00011293707322599836,-0.00011302587084764405,-0.00011291194290306502,-0.00011290229675488801,-0.00011293632778656192,-0.00011294923659076802,-0.0001129994477855174,-0.00011294053551789106,-0.00011294715713348584,-0.00011299703290518757
-0.00007452962691633996,-0.00007453520376815258,-0.00007454638863453608,-0.00007457502183875643,-0.00007458261792165154,-0.00007460428927480843,-0.0000745307704122499,-0.00007458050969773211,-0.00007455844887367941,-0.00007453917258296638,-0.00007458059210553682,-0.0000745801423708656,-0.00007454306839600943,-0.00007453880748947391,-0.00007451860492826522,-0.00007452660286804257,-0.00007455782890036105,-0.00007453307926716207,-0.00007452692061612584,-0.00007457403502323227,-0.00007458656010580773,-0.00007456089653127014,-0.00007452991664411463,-0.00007466757715647164,-0.00007457041150898472,-0.00007456168635401977,-0.00007458781530503267,-0.00007454241304342629,-0.00007456226905625359,-0.00007456693176261859,-0.00007458531316423356,-0.0000745742780660547,-0.00007457145021605979,-0.00007456583676198592,-0.00007456502390136094,-0.00007456480446384406,-0.00007459446817803257,-0.00007459040409686559,-0.00007459394439112115,-0.00007454885356533323,-0.00007459604168393946,-0.0000745762412517394,-0.00007462025990507052,-0.00007455332777171089,-0.00007453118685816397,-0.00007456215125209027,-0.00007451225718899559,-0.00007454139123131868,-0.00007453729337855776,-0.00007452426544324168,-0.0000745870815407179,-0.0000745023781429763,-0.00007458583283122189,-0.00007456478303056202,-0.00007455954787431718,-0.0000745626461487771,-0.00007454483219679269,-0.00007458063649532371,-0.00007458145786106153,-0.00007456810152700312,-0.00007451549207088088,-0.00007454026380375353,-0.00007452473160434296,-0.00007458970838100805,-0.00007460680196817401,-0.00007451707998860178,-0.00007456293132876542,-0.00007458424669419546,-0.00007459153091801355,-0.00007457500441082999,-0.00007457050245114652,-0.00007456979857320474,-0.0000745333298622147,-0.00007450810496671514,-0.00007455487765050328,-0.00007459191194356032,-0.00007454327919323348,-0.00007456052068015381,-0.0000745252561296109,-0.0000745583095782594,-0.00007449720384594958,-0.00007461549144857967,-0.00007453256575214534,-0.00007455065661865837,-0.00007454788259660225,-0.00007451427051614797,-0.00007451494263881233,-0.00007456071952191663,-0.00007456229874380009,-0.00007463198030039323,-0.00007454197370822537,-0.00007453600311184942,-0.00007455992157157504,-0.00007457987487590091,-0.00007462013405473955,-0.00007458306043403487,-0.00007457591242421603,-0.0000746193352047354
-0.00005031100887989778,-0.00005030457070389048,-0.000050313987254997186,-0.00005034135250107264,-0.000050353738440462854,-0.000050369247644941614,-0.00005030766619208283,-0.00005035278912784257,-0.00005033390555787481,-0.0000503209611074718,-0.00005034172418806528,-0.00005035510260615883,-0.000050319981422353125,-0.0000503109821865922,-0.00005030147112861181,-0.00005030871991638815,-0.00005033679535410074,-0.00005030747523251864,-0.00005030731555696946,-0.0000503477096195199,-0.00005036313179495293,-0.00005033051100848184,-0.0000503020886615284,-0.00005042390029256007,-0.000050341364746412406,-0.00005034665285391635,-0.000050357695295778105,-0.0000503158578637711,-0.00005033617651133821,-0.00005033710919309233,-0.00005035050915711198,-0.00005034311087248314,-0.00005033958646285275,-0.00005034175367997579,-0.00005034425668131318,-0.00005033867155202585,-0.000050355068388732545,-0.000050356352587504146,-0.00005036204919825761,-0.00005032333029843371,-0.00005036459311532559,-0.000050346832266771175,-0.00005038923998975296,-0.000050335826947209065,-0.00005031368041458827,-0.00005033271533764729,-0.00005029447978107194,-0.00005031398103088687,-0.000050317578548699426,-0.000050305706410702395,-0.000050358753571136245,-0.00005028756216663375,-0.00005035947678364545,-0.00005034562254035478,-0.00005033589669916864,-0.000050340873255089424,-0.00005032784706473725,-0.00005035127284546283,-0.00005034959221598846,-0.00005034349018873009,-0.00005029622220957864,-0.0000503154806590567,-0.00005029741593863618,-0.000050353943823560685,-0.00005036609623114956,-0.0000502949446390927,-0.000050342664096906454,-0.000050358420889108825,-0.00005035913458093754,-0.0000503430865484058,-0.00005033979925874519,-0.00005033819667610748,-0.00005030872764271418,-0.00005029396544174956,-0.00005033152645015659,-0.0000503618036322023,-0.00005032169440268061,-0.000050328628426023455,-0.0000503128374052421,-0.00005033647887129569,-0.00005028475375023849,-0.00005037995512892181,-0.000050314459757169,-0.00005032705858099262,-0.00005032584599069722,-0.00005029945011504485,-0.00005030013194939301,-0.00005034593263234034,-0.00005033420013920284,-0.000050388843160820154,-0.0000503192707863573,-0.00005030924283058112,-0.000050331036458923354,-0.00005035299745134895,-0.00005038352491415386,-0.00005036195523570973,-0.00005034659654087838,-0.000050382174175349755
-0.00003451044956090392,-0.000034497020069263205,-0.00003450418757857383,-0.00003453173441194948,-0.000034542674739645256,-0.00003455307409599804,-0.00003450396081730596,-0.00003454275225760776,-0.0000345274993165431,-0.00003451915419129203,-0.00003452745366666456,-0.00003454667849825322,-0.00003451338664332762,-0.0000345036106295117,-0.00003450385552129865,-0.00003450995340405258,-0.00003453029880874822,-0.00003450368159025293,-0.00003450359873547448,-0.00003453969426716184,-0.00003455417726760997,-0.000034522356350468806,-0.000034495601808757234,-0.00003459978887476404,-0.00003453089183323436,-0.000034542403779146995,-0.00003454641980773472,-0.000034508151362131625,-0.00003452687964345437,-0.00003452606026509459,-0.00003453945225518255,-0.000034533342111318566,-0.0000345271872577875,-0.000034535444647636304,-0.000034542276635118223,-0.00003452913121356803,-0.00003453808251378661,-0.0000345413955736608,-0.00003454838793274681,-0.00003451408960262296,-0.00003455244967058316,-0.000034536229497195346,-0.000034575778351487524,-0.00003453297193301736,-0.000034511849846059664,-0.00003452176529590987,-0.00003449629595267318,-0.00003450576515391585,-0.00003451590416932577,-0.000034504831231958136,-0.0000345481418881219,-0.00003449146709335244,-0.000034550164534718776,-0.00003454280576417818,-0.0000345283030514391,-0.00003453786377156062,-0.00003452753958689511,-0.00003453989794963299,-0.00003453854132353316,-0.000034535842672054355,-0.00003449624487029391,-0.00003451197276444626,-0.00003449034226905573,-0.00003453692501436621,-0.0000345488511052346,-0.000034490311143341936,-0.00003453809993394797,-0.000034554758150677026,-0.000034544159548481,-0.000034531086293735096,-0.000034528504336326396,-0.0000345256596005125,-0.000034502882317073166,-0.0000344958865914458,-0.00003452599757655055,-0.00003455134406514695,-0.00003451727810236005,-0.00003452004929668642,-0.00003451616472434135,-0.000034533021029683,-0.0000344911460210566,-0.00003456590867454547,-0.000034511990158268415,-0.000034522024732443665,-0.00003452205258628711,-0.00003450306841254173,-0.00003450191357346912,-0.00003454623098805011,-0.00003452671981082074,-0.00003457108088965485,-0.00003451585958013795,-0.00003450170042266473,-0.00003452476672418579,-0.00003454575029188717,-0.000034568517154221145,-0.00003455364799920168,-0.00003453644378672958,-0.00003456374892816068
-0.000023962955412815376,-0.000023946503035089468,-0.000023952398334182496,-0.000023981378954555445,-0.00002398710257476511,-0.00002399378071652884,-0.00002395440084004506,-0.000023987141860956897,-0.000023976834874595925,-0.000023970892421352585,-0.000023971953718027036,-0.000023992106581663224,-0.00002396295253607714,-0.000023953583546303787,-0.000023958392426770892,-0.000023964538757791217,-0.000023976964857390357,-0.000023956643192947842,-0.000023955110313289404,-0.000023987870520494606,-0.000023997984357137706,-0.000023969536730908613,-0.00002394423838008659,-0.000024031258943799346,-0.000023976663662657045,-0.000023991338499077385,-0.000023990553505409833,-0.000023954730941554355,-0.000023972190567946948,-0.000023972064361290488,-0.000023984133432222058,-0.00002398066984494446,-0.000023971491783611106,-0.000023983760986573348,-0.00002399291764844365,-0.00002397472284784622,-0.0000239764531754588,-0.00002398267142343995,-0.00002399144081865685,-0.000023961052900032634,-0.00002399713104602899,-0.000023981913615525477,-0.000024016010799952802,-0.000023981974225352903,-0.00002396318525571859,-0.000023968676232855355,-0.000023951264980533258,-0.000023953518786521696,-0.000023968794028716474,-0.000023958872814840947,-0.00002399275589328082,-0.000023947647965888637,-0.000023995565334320572,-0.000023991652070801598,-0.000023976046773599996,-0.0000239870971861337,-0.000023980243028515366,-0.000023984578030530185,-0.000023984175817839813,-0.00002398327118476762,-0.00002395166542298307,-0.000023964075664775938,-0.000023937483629827136,-0.000023975968830263926,-0.000023992490300312086,-0.000023943069930508908,-0.00002398371833532931,-0.00002400377551842663,-0.000023986534963520704,-0.000023973374108747015,-0.000023974719435635568,-0.000023970695892521446,-0.000023952429979648007,-0.000023951060167884928,-0.000023975647866772613,-0.000023996279244611604,-0.000023967402384331953,-0.00002396808073918635,-0.000023969613432669912,-0.000023982312922325183,-0.000023952128176547247,-0.000024008228922465387,-0.000023961772823083045,-0.000023970623719731952,-0.000023972496976252896,-0.00002396052746366112,-0.00002395711186351585,-0.00002399555504577851,-0.000023975393277591625,-0.000024011103926079986,-0.00002396697009140386,-0.00002394997443656227,-0.000023973334896239852,-0.000023993437658551404,-0.000024011029101932647,-0.00002399779795142431,-0.00002398133418829428,-0.000024003460419943335
-0.000016794273353773772,-0.00001677681746125102,-0.000016782218755883426,-0.00001681199402143977,-0.00001681264714073771,-0.000016817500322346424,-0.00001678375159605758,-0.000016812609507738207,-0.000016806904695865885,-0.000016803420994094493,-0.00001679876264287654,-0.000016818290717806505,-0.00001679378954540378,-0.000016784958080195058,-0.00001679145045261685,-0.00001679693385480419,-0.000016803505237032588,-0.000016790286538958624,-0.00001678716195941595,-0.000016815431249392344,-0.00001682218229617491,-0.000016796010006878477,-0.000016774775927620342,-0.000016842313301543308,-0.000016804370315770375,-0.000016818897511498092,-0.000016815313264979923,-0.000016781266393089517,-0.000016798916454352806,-0.000016798085030593485,-0.000016807940390150777,-0.00001680855606155978,-0.00001679840832110151,-0.00001681069352831885,-0.000016821374280324765,-0.00001680208371331574,-0.000016796778635199417,-0.000016805291114569055,-0.000016815845014513024,-0.00001678981004718725,-0.000016822442875565535,-0.000016809495754966018,-0.000016836766505135472,-0.000016809778346523906,-0.00001679432433731074,-0.00001679868595090187,-0.000016785336657928744,-0.000016784985815688224,-0.000016799974211208506,-0.00001679257036629932,-0.00001681862969550625,-0.000016780633944983732,-0.00001682159461817075,-0.00001681976000914495,-0.000016803601515606037,-0.000016813281844531945,-0.00001681117077472696,-0.00001681148391157126,-0.00001681159842694151,-0.000016811317695085997,-0.000016787460849105514,-0.000016797056991527676,-0.000016763708249770025,-0.000016799042658691324,-0.000016819544042011456,-0.000016777881754535942,-0.000016809158096549054,-0.000016832167629258487,-0.000016812082433640085,-0.000016797339367413117,-0.00001680253352739336,-0.000016799639247973402,-0.00001678227349912303,-0.000016785905434102222,-0.000016805693490030896,-0.000016821632548347713,-0.000016797631979755598,-0.000016796916847869808,-0.000016802306748412677,-0.000016810724447830375,-0.000016789334553354283,-0.00001683363657266915,-0.000016792768142413945,-0.000016798084899350006,-0.000016802004235654273,-0.000016795672550192625,-0.000016789958366029478,-0.000016821647581085937,-0.00001680710182401091,-0.00001683294132238689,-0.000016797749043921444,-0.000016780192807427456,-0.000016801155955581613,-0.0000168211026348269,-0.0000168341733597972,-0.000016821970864388338,-0.000016805695236187755,-0.000016824703586382136
-0.000011850984825325226,-0.000011834368397507699,-0.000011838902234345378,-0.000011867154700787428,-0.00001186646102222779,-0.000011870443084262983,-0.000011840291622631376,-0.00001186679602771642,-0.000011862933721590666,-0.000011861766341296382,-0.00001185386395095829,-0.000011871576606162098,-0.000011851681253033761,-0.000011842819465825396,-0.000011849968514537354,-0.000011854432811447084,-0.00001185903838237568,-0.0000118498694015596,-0.000011846368051342277,-0.00001186969036398291,-0.000011873585826962801,-0.00001184818468620305,-0.000011832437897019704,-0.000011884107112510027,-0.000011857865642054675,-0.000011873062938129548,-0.000011868701606422373,-0.000011836121619660716,-0.000011853586773548978,-0.00001185073762733382,-0.000011858817400811629,-0.000011862717868654446,-0.000011853730516117761,-0.000011863971376394062,-0.000011875251236635595,-0.000011857758458825239,-0.000011847065607766036,-0.000011856432926396819,-0.000011866408864478794,-0.00001184538018236563,-0.000011874435279461521,-0.000011863864535235218,-0.000011885783128758985,-0.000011863863189577394,-0.000011851447634266563,-0.000011855427866504802,-0.000011844342280824786,-0.000011844403283635577,-0.00001185542929910352,-0.000011852499140527697,-0.000011871461261308393,-0.000011839391769389016,-0.000011875200001206562,-0.000011874153220461484,-0.000011858817519305975,-0.000011866322323827125,-0.000011867139836123968,-0.000011865721407187506,-0.000011865154479521164,-0.000011866396999946617,-0.000011848331316404864,-0.000011856688380791829,-0.000011820770838303848,-0.000011853576646730877,-0.00001187254621752414,-0.000011838853955173922,-0.000011862947993700134,-0.000011887246819473537,-0.000011865122804063853,-0.000011850086868405193,-0.000011857281675022203,-0.00001185658427899289,-0.000011839110586884274,-0.000011845685481277907,-0.000011861722130401002,-0.000011873778603546584,-0.000011854625429098765,-0.000011852984425476141,-0.000011861687382361487,-0.000011864854002816615,-0.000011848641949363746,-0.000011883880284836313,-0.000011851355750522303,-0.000011852217905385475,-0.00001185770745189061,-0.000011855412968145455,-0.00001184760127456042,-0.00001187378849000237,-0.000011863983385363249,-0.000011884075870281325,-0.000011854052796533603,-0.00001183853004454318,-0.000011856837809511444,-0.000011875281583166752,-0.000011884525219875688,-0.000011873046120726536,-0.000011858089724085548,-0.000011873490124168
-8.403572785913373e-6,-8.387840093860718e-6,-8.393300756302872e-6,-8.417604872711462e-6,-8.41805938947645e-6,-8.420742902942042e-6,-8.394425824851938e-6,-8.417759556137483e-6,-8.414864703464062e-6,-8.415074951803299e-6,-8.406119252909245e-6,-8.42135796472684e-6,-8.40547200401054e-6,-8.396776494407497e-6,-8.403464860471291e-6,-8.407813122996777e-6,-8.41237638138384e-6,-8.404035352183438e-6,-8.401923543565235e-6,-8.420049779788473e-6,-8.421953836950604e-6,-8.397041712172275e-6,-8.386240428827091e-6,-8.427986783645043e-6,-8.407355690560141e-6,-8.423508360461772e-6,-8.419179840800179e-6,-8.38752171138791e-6,-8.405683554058142e-6,-8.400859261755699e-6,-8.40855986083809e-6,-8.413125487543573e-6,-8.40670206468484e-6,-8.414706963613105e-6,-8.426430216392876e-6,-8.410646032848176e-6,-8.396728569698196e-6,-8.406235101708872e-6,-8.413975400379246e-6,-8.398983069348927e-6,-8.423257408063367e-6,-8.41425239393174e-6,-8.432499454021713e-6,-8.414131439656408e-6,-8.40524399174843e-6,-8.406310993406122e-6,-8.398357342481929e-6,-8.400536943751323e-6,-8.40598130511094e-6,-8.407275949447963e-6,-8.421067672031733e-6,-8.395483745810572e-6,-8.425269778721042e-6,-8.424767532033064e-6,-8.410919036446943e-6,-8.416400918132425e-6,-8.41855823662521e-6,-8.417019008970495e-6,-8.415660255673689e-6,-8.418153922847205e-6,-8.404070774830474e-6,-8.411658921355126e-6,-8.379021926038363e-6,-8.406567307661606e-6,-8.42128786555417e-6,-8.395180625382811e-6,-8.415184879663689e-6,-8.438927578859452e-6,-8.415329945011837e-6,-8.401044776390274e-6,-8.409792546976513e-6,-8.409352539067875e-6,-8.39274477170088e-6,-8.400183606367166e-6,-8.413877576374035e-6,-8.42259247513057e-6,-8.407102560488537e-6,-8.406111333123332e-6,-8.416544493334528e-6,-8.414694957259553e-6,-8.403064239816273e-6,-8.427433565474713e-6,-8.405413670701567e-6,-8.403352852565882e-6,-8.409151258452598e-6,-8.409258897811979e-6,-8.401627737099116e-6,-8.422635317427432e-6,-8.414443883334631e-6,-8.434557374214732e-6,-8.406612604300624e-6,-8.39329508820999e-6,-8.409910683443365e-6,-8.424637830445621e-6,-8.431748360131633e-6,-8.421499883541705e-6,-8.408552072414095e-6,-8.42102937621184e-6
-5.985484835598251e-6,-5.970196534020622e-6,-5.975923297791672e-6,-5.996354177929589e-6,-5.997405813263926e-6,-5.999398002983331e-6,-5.978056231758992e-6,-5.996887647020745e-6,-5.994516422738873e-6,-5.996255280894147e-6,-5.986954307971088e-6,-5.99951666506911e-6,-5.986870073828041e-6,-5.979039245905851e-6,-5.984962672604117e-6,-5.989405172702492e-6,-5.994071222509672e-6,-5.985159477430583e-6,-5.984706708230584e-6,-5.998515514365404e-6,-5.999408676443986e-6,-5.975186480168921e-6,-5.9700346837772545e-6,-6.004040234174079e-6,-5.986010860463758e-6,-6.002627348749299e-6,-5.998006595230581e-6,-5.9673474761713635e-6,-5.987108073518124e-6,-5.9815902201542355e-6,-5.9880808247294785e-6,-5.992388632604926e-6,-5.989574036653182e-6,-5.993881267309143e-6,-6.005585439442706e-6,-5.991557002781925e-6,-5.976808856514404e-6,-5.986338804430805e-6,-5.991739574465376e-6,-5.982137684466701e-6,-6.001529480146934e-6,-5.993883753081332e-6,-6.008326343079739e-6,-5.993299624802384e-6,-5.987454839183013e-6,-5.984892069459125e-6,-5.980359744331826e-6,-5.9840878516810984e-6,-5.986354286107713e-6,-5.989495288221503e-6,-5.999866893563313e-6,-5.979708724515918e-6,-6.003560314284201e-6,-6.0036143021694015e-6,-5.992138227312456e-6,-5.995251602507577e-6,-5.998394166842028e-6,-5.997315768970588e-6,-5.995110073486213e-6,-5.997744294787634e-6,-5.986184474643375e-6,-5.993263907823533e-6,-5.967850222666146e-6,-5.987754544414658e-6,-5.999375231280341e-6,-5.9781126579772355e-6,-5.99663190946707e-6,-6.017988641310743e-6,-5.994692240128667e-6,-5.981575074319145e-6,-5.991129195713482e-6,-5.9904313202432615e-6,-5.975107520564835e-6,-5.982852110826933e-6,-5.99420906204233e-6,-6.000574104846827e-6,-5.987473191351382e-6,-5.987780427774992e-6,-5.99944765525922e-6,-5.993267864435384e-6,-5.9857640986532135e-6,-5.999579490460854e-6,-5.98746434964262e-6,-5.98328729350435e-6,-5.988188955004883e-6,-5.990398308689885e-6,-5.984911702665427e-6,-6.000199028388403e-6,-5.991942366002514e-6,-6.016433712429921e-6,-5.987823273870333e-6,-5.976516498016621e-6,-5.991440884224789e-6,-6.002080008167036e-6,-6.007692791390619e-6,-5.99902559141037e-6,-5.9888195764548965e-6,-5.999182344773149e-6
-4.289684412945438e-6,-4.274811909818494e-6,-4.280324221858752e-6,-4.2971879584035975e-6,-4.298577124723804e-6,-4.3000366523576214e-6,-4.282403013984845e-6,-4.2981700316983185e-6,-4.2957372558128555e-6,-4.299255940430698e-6,-4.290967093166219e-6,-4.299697374762638e-6,-4.289683890595239e-6,-4.283055092551897e-6,-4.288496832940846e-6,-4.2924711788629625e-6,-4.296967888308169e-6,-4.287995417743075e-6,-4.288274428284701e-6,-4.299610258064007e-6,-4.299617120302094e-6,-4.277163671677868e-6,-4.276203460827888e-6,-4.3040389823223155e-6,-4.287817134161983e-6,-4.30474367422578e-6,-4.299479478115772e-6,-4.269723877042178e-6,-4.291008239650409e-6,-4.285053127232374e-6,-4.289084759878074e-6,-4.294121358815465e-6,-4.294971059368835e-6,-4.29539149357997e-6,-4.307042955568018e-6,-4.2937199170165114e-6,-4.280296296895868e-6,-4.28973716306252e-6,-4.292810270948011e-6,-4.287869001863973e-6,-4.302493209672458e-6,-4.296674648691404e-6,-4.306854751610198e-6,-4.295150073323893e-6,-4.290545499583689e-6,-4.285684890213526e-6,-4.284180973918429e-6,-4.2882083010390984e-6,-4.2895130743572505e-6,-4.2927662829106384e-6,-4.300892144995288e-6,-4.284487514595794e-6,-4.303983805569968e-6,-4.303737746322362e-6,-4.295818414319005e-6,-4.296396832321859e-6,-4.3001488033687725e-6,-4.299248913046019e-6,-4.297052655989332e-6,-4.298858596646925e-6,-4.288970573343617e-6,-4.296075220885033e-6,-4.277366660396426e-6,-4.289831861438732e-6,-4.3008193553356796e-6,-4.281969784936186e-6,-4.299269334592277e-6,-4.316185951980021e-6,-4.296589730426033e-6,-4.2840806799299135e-6,-4.293668638585667e-6,-4.293423313681862e-6,-4.278637607587263e-6,-4.287455788126e-6,-4.2964750690572615e-6,-4.301000665081566e-6,-4.2896994229822385e-6,-4.290336364299567e-6,-4.303501427371186e-6,-4.294586480334823e-6,-4.289370598333517e-6,-4.296032297760295e-6,-4.291312002072553e-6,-4.285935946384365e-6,-4.289182873017555e-6,-4.292939082103264e-6,-4.289226337617112e-6,-4.2997476419497476e-6,-4.291516326396562e-6,-4.320557708397406e-6,-4.290911452609609e-6,-4.2814800939152234e-6,-4.295072067252672e-6,-4.302157545681495e-6,-4.306272959341574e-6,-4.299218844166347e-6,-4.291107033820522e-6,-4.299940720002803e-6
-3.1033396438383686e-6,-3.08902277502241e-6,-3.0944879836788786e-6,-3.1080390948625873e-6,-3.1099287169444753e-6,-3.1105718392351464e-6,-3.0952436569413623e-6,-3.109581935615406e-6,-3.107066718607654e-6,-3.1118484432033032e-6,-3.1053060841283113e-6,-3.1099191879192017e-6,-3.1019609951165434e-6,-3.0964953333056805e-6,-3.1018858950751243e-6,-3.1048485748623123e-6,-3.109355719325199e-6,-3.1008550077996247e-6,-3.101325662069801e-6,-3.1114898450804708e-6,-3.110215242559128e-6,-3.0898807673936607e-6,-3.0909712040416163e-6,-3.114691277825005e-6,-3.0995521072028923e-6,-3.117491423517756e-6,-3.1112951057255393e-6,-3.0824884599463733e-6,-3.1039549926512223e-6,-3.0974053858731577e-6,-3.0999615659513842e-6,-3.1055957872806724e-6,-3.109677098823982e-6,-3.107121457103857e-6,-3.120636988166893e-6,-3.1057604005813317e-6,-3.0941871121207172e-6,-3.1030712258745485e-6,-3.103508374910294e-6,-3.1023635463126795e-6,-3.1133061776652548e-6,-3.1094362361091533e-6,-3.1159880008441047e-6,-3.1071797424903153e-6,-3.102823163862733e-6,-3.0969970341146326e-6,-3.0978766361509247e-6,-3.1014125510259687e-6,-3.100718344366552e-6,-3.1048271098456644e-6,-3.111268423387714e-6,-3.0979998054255856e-6,-3.1144846121310988e-6,-3.1136341683635626e-6,-3.108073432023385e-6,-3.107817170852687e-6,-3.110984626820533e-6,-3.1104685157961732e-6,-3.1086587599293777e-6,-3.109714255478517e-6,-3.1015994326679318e-6,-3.108429284469629e-6,-3.093775565259115e-6,-3.101217969292973e-6,-3.1122892927379202e-6,-3.0952675056003994e-6,-3.110789590217329e-6,-3.123235131669311e-6,-3.1085371492009814e-6,-3.0968863394757285e-6,-3.1054312947251883e-6,-3.1058946711800572e-6,-3.0919894243039463e-6,-3.1012902764706684e-6,-3.1082261602870525e-6,-3.1117669816191887e-6,-3.1017799885576775e-6,-3.1015563697120977e-6,-3.1176295686596914e-6,-3.1071302912346156e-6,-3.1016142284112273e-6,-3.103924633544792e-6,-3.10450118029177e-6,-3.098413416414617e-6,-3.1002703676395132e-6,-3.1052729951050297e-6,-3.1025056925695846e-6,-3.1098541592194933e-6,-3.1024500986349973e-6,-3.134012074066164e-6,-3.1035419163545883e-6,-3.0951900889617386e-6,-3.107968557687719e-6,-3.1124186927351133e-6,-3.115217649498559e-6,-3.110102254769021e-6,-3.1031849337934946e-6,-3.1108564033159302e-6
-2.2710033968720996e-6,-2.2574367525947426e-6,-2.2630742484040205e-6,-2.273577133605255e-6,-2.2766124032070993e-6,-2.275694581501228e-6,-2.2621264926360225e-6,-2.2756590682465843e-6,-2.2734711862703973e-6,-2.2785470094452683e-6,-2.273706257629341e-6,-2.2749493909546974e-6,-2.2683335545994455e-6,-2.2640633887350893e-6,-2.2691951403686287e-6,-2.2717927641903745e-6,-2.276038588999429e-6,-2.268039868620134e-6,-2.268995807866909e-6,-2.2780618192859138e-6,-2.275779271312201e-6,-2.257150020117988e-6,-2.2590856108325015e-6,-2.281219080014861e-6,-2.266059552220478e-6,-2.2837348021827517e-6,-2.27752874684485e-6,-2.249751206048226e-6,-2.2715908012236916e-6,-2.263729354238518e-6,-2.2660081152432127e-6,-2.271618256485919e-6,-2.277532969840999e-6,-2.273666289969099e-6,-2.2888440520486173e-6,-2.27282412993013e-6,-2.2619835048227722e-6,-2.270409639296668e-6,-2.2686998584933544e-6,-2.27011161830717e-6,-2.278437574093378e-6,-2.276297668849371e-6,-2.2800922940815614e-6,-2.273704332122193e-6,-2.2697019741364013e-6,-2.2632807817390283e-6,-2.266055503247663e-6,-2.2692584641937386e-6,-2.2660574236858604e-6,-2.271057565515901e-6,-2.276105588093949e-6,-2.265547229388624e-6,-2.2796631512240875e-6,-2.2785688329292812e-6,-2.273627912176772e-6,-2.2742187306609908e-6,-2.2763260918120624e-6,-2.2762910132307225e-6,-2.274921754551442e-6,-2.275349690641363e-6,-2.269307623495915e-6,-2.2750986008298933e-6,-2.2619370176589453e-6,-2.2673378851324145e-6,-2.277412482623318e-6,-2.262548638178562e-6,-2.2765942629514015e-6,-2.2853996309036947e-6,-2.274367881345123e-6,-2.2648952201051423e-6,-2.271523858406491e-6,-2.272357742229318e-6,-2.2600270294327644e-6,-2.2687709872274848e-6,-2.2740070879566624e-6,-2.2775710965904686e-6,-2.268534038582994e-6,-2.2671645371733797e-6,-2.2863856115858743e-6,-2.274763847655859e-6,-2.268212375621077e-6,-2.269045214068528e-6,-2.271845203028987e-6,-2.2654161589848337e-6,-2.266307174664421e-6,-2.272658120217328e-6,-2.270015238820352e-6,-2.2755145844714526e-6,-2.2694454932863924e-6,-2.3012808561554703e-6,-2.2702539384541457e-6,-2.262884134990496e-6,-2.2745265445712777e-6,-2.2773045862718117e-6,-2.279595777567543e-6,-2.2758219195533673e-6,-2.2697477261178386e-6,-2.277062452423044e-6
-1.6918112667930166e-6,-1.6793151068597796e-6,-1.6853136683048101e-6,-1.6926868220516813e-6,-1.6968027166981463e-6,-1.6943072495849427e-6,-1.6822775294648418e-6,-1.6952325341594924e-6,-1.6936251280633918e-6,-1.6985242486646039e-6,-1.6942144016232433e-6,-1.6939296940979195e-6,-1.6874660995519126e-6,-1.6849338633179782e-6,-1.6895427251671717e-6,-1.6920675089092195e-6,-1.696252366204665e-6,-1.6884963519108393e-6,-1.6895411966499796e-6,-1.6977355938279854e-6,-1.6950942631579735e-6,-1.677783727353282e-6,-1.6795046809003467e-6,-1.7026622070714958e-6,-1.6863001271777194e-6,-1.702640633539974e-6,-1.6971876706990357e-6,-1.670005980428656e-6,-1.6930269238621521e-6,-1.6837606856274639e-6,-1.6861702954138349e-6,-1.6915394665923522e-6,-1.6976092226593205e-6,-1.6937509836750852e-6,-1.7101836002924345e-6,-1.6933417710073408e-6,-1.6825589615318917e-6,-1.6903761184639953e-6,-1.6879573461672001e-6,-1.6904917795114432e-6,-1.6970006980849915e-6,-1.6956379444132097e-6,-1.698201557762924e-6,-1.6939710366230077e-6,-1.689928032877852e-6,-1.6837894305495044e-6,-1.6874936085284734e-6,-1.6903670943608036e-6,-1.686087091775267e-6,-1.6909574228117474e-6,-1.694727446353947e-6,-1.6860770858307191e-6,-1.6984529978782855e-6,-1.6971371038133293e-6,-1.692939438002971e-6,-1.6943496818385293e-6,-1.6959597596613508e-6,-1.6958177245105113e-6,-1.6943000155247343e-6,-1.6946777197318278e-6,-1.6905313194219007e-6,-1.6948630709714974e-6,-1.6819102131479324e-6,-1.6869472231522412e-6,-1.6957183566292045e-6,-1.6825292894115105e-6,-1.6961881091306615e-6,-1.7023041085462997e-6,-1.6936530459414032e-6,-1.6852059464711114e-6,-1.6914918467531485e-6,-1.6920158413800089e-6,-1.6813265298598798e-6,-1.6890233241439469e-6,-1.6932141073446134e-6,-1.696808520225481e-6,-1.6887045660214836e-6,-1.685862685581153e-6,-1.7089185542118624e-6,-1.6953602260990595e-6,-1.6883986613604836e-6,-1.6884741420157887e-6,-1.6926457758318518e-6,-1.686303959219004e-6,-1.686183397530167e-6,-1.6934444208825342e-6,-1.6909320339368473e-6,-1.694968267530902e-6,-1.6897897885695065e-6,-1.7224838511565067e-6,-1.6898675691424622e-6,-1.684354535500624e-6,-1.6938474872695824e-6,-1.6964777563506064e-6,-1.6982158906150657e-6,-1.695070236094825e-6,-1.6896421470433045e-6,-1.6969781530504146e-6
-1.2991323923757861e-6,-1.2880811929046184e-6,-1.2942430858221742e-6,-1.2989221516805342e-6,-1.303562300712947e-6,-1.3000012534783085e-6,-1.2889170587222685e-6,-1.301547036567699e-6,-1.3007795749070962e-6,-1.305461497298527e-6,-1.30064596471042e-6,-1.3001788104591967e-6,-1.2932365451710188e-6,-1.2925393009207966e-6,-1.2962355090784593e-6,-1.2990506244484313e-6,-1.3030143617697234e-6,-1.2958349025816915e-6,-1.2959650941076208e-6,-1.303902973648159e-6,-1.3013628251338343e-6,-1.2850810412836463e-6,-1.2855311915216683e-6,-1.3133035044796856e-6,-1.2933736109490123e-6,-1.3093171495350247e-6,-1.3035195620533782e-6,-1.2768430630170565e-6,-1.3010701750472378e-6,-1.289944871174875e-6,-1.294219920698868e-6,-1.2983532807681107e-6,-1.3037445720470095e-6,-1.3005385836195563e-6,-1.3164763120217582e-6,-1.3002179692755959e-6,-1.2898449858220496e-6,-1.2965757616387023e-6,-1.2943377144969204e-6,-1.2975281885330012e-6,-1.3024715644519842e-6,-1.3017510966072007e-6,-1.3036183728287276e-6,-1.301190215853686e-6,-1.2966583802111154e-6,-1.2917221660204685e-6,-1.2955359953402757e-6,-1.2979841811976238e-6,-1.2931468994311444e-6,-1.2978031105906383e-6,-1.30043535458829e-6,-1.2930389876219441e-6,-1.3042595562602278e-6,-1.3027648490112138e-6,-1.299242325470844e-6,-1.3011279775617004e-6,-1.3028342449146024e-6,-1.3019419569852161e-6,-1.3005385260110731e-6,-1.3012489392591193e-6,-1.2981720670878057e-6,-1.301330142294075e-6,-1.2879877448591944e-6,-1.2926643193037744e-6,-1.3008268108431577e-6,-1.2888422424018517e-6,-1.3028604080248348e-6,-1.3070221581230456e-6,-1.3001544709759802e-6,-1.2917398271207539e-6,-1.298653434001939e-6,-1.298538314992216e-6,-1.288898975562684e-6,-1.2959635369011838e-6,-1.2998609034948834e-6,-1.3027456323268634e-6,-1.2952522097619424e-6,-1.2917993027139758e-6,-1.3180411727684238e-6,-1.3025304403469694e-6,-1.2951020340780533e-6,-1.2937249832526709e-6,-1.3000607091950485e-6,-1.2941732743746178e-6,-1.29281529748914e-6,-1.3008041471461145e-6,-1.2983817150982484e-6,-1.3013415325424406e-6,-1.296398271511134e-6,-1.3304436813672764e-6,-1.2958042441170656e-6,-1.2927664298751765e-6,-1.2993236214828901e-6,-1.3022516480467384e-6,-1.3037368206050122e-6,-1.3010702117345056e-6,-1.2961239284235929e-6,-1.3039715481340225e-6
-1.0468143404196428e-6,-1.036933574701103e-6,-1.0431335915545948e-6,-1.0462942153186867e-6,-1.050811917373589e-6,-1.0469508089221277e-6,-1.0361134567073803e-6,-1.0486048478472217e-6,-1.0485170354655554e-6,-1.0530576516273398e-6,-1.0479759355381442e-6,-1.0474636794500796e-6,-1.0397664972284745e-6,-1.0407339329335213e-6,-1.0434417758641206e-6,-1.0466138322565858e-6,-1.050288023282753e-6,-1.0437638173817669e-6,-1.0430032580484255e-6,-1.0507860687330262e-6,-1.0482990061306622e-6,-1.0329017643590068e-6,-1.0318257182967007e-6,-1.0654426061856296e-6,-1.040654211404393e-6,-1.0569528383191747e-6,-1.0503910167463573e-6,-1.0247232780459546e-6,-1.0490491022426286e-6,-1.0361867545966614e-6,-1.0437613644915922e-6,-1.045695740856088e-6,-1.0500861663722273e-6,-1.0481802038436735e-6,-1.062170462141746e-6,-1.047546944018585e-6,-1.0372745168584375e-6,-1.043290590220108e-6,-1.0414293731722459e-6,-1.0453931542972765e-6,-1.0488870692907977e-6,-1.0489287513716455e-6,-1.0500182187459552e-6,-1.0487821933803048e-6,-1.0440247669139934e-6,-1.0396156731312814e-6,-1.0437496035184476e-6,-1.0451208216937814e-6,-1.0414493064509072e-6,-1.0453124819533663e-6,-1.0469210137877633e-6,-1.0402349862039366e-6,-1.0511012266247757e-6,-1.0495012624733707e-6,-1.0461443322171112e-6,-1.0484109131559545e-6,-1.0500171631817443e-6,-1.0485420945495802e-6,-1.0480328951898158e-6,-1.0482627777383971e-6,-1.045988744464188e-6,-1.0484524101303191e-6,-1.0347125741801822e-6,-1.039032299881044e-6,-1.0469798361142952e-6,-1.0357850533864734e-6,-1.0505682118191983e-6,-1.0528064451054947e-6,-1.0472795834226265e-6,-1.0392321010909203e-6,-1.0465503969385059e-6,-1.0457446363771187e-6,-1.0370747854713358e-6,-1.0427504109422885e-6,-1.0475121488007055e-6,-1.0494225656048396e-6,-1.0421194173203798e-6,-1.0384656365030757e-6,-1.066456712574487e-6,-1.0501668234782117e-6,-1.0420996575574913e-6,-1.0378043172797885e-6,-1.047764640807439e-6,-1.0420552684410823e-6,-1.040143440545559e-6,-1.0486443846630524e-6,-1.0460843051148024e-6,-1.0485759937348473e-6,-1.0440916228391388e-6,-1.0782989555408344e-6,-1.042256409606296e-6,-1.0414025131376115e-6,-1.0451895849453098e-6,-1.0487209322948584e-6,-1.050105030719966e-6,-1.0477055931066343e-6,-1.04336644311835e-6,-1.0520498720937588e-6
-9.105941079878036e-7,-9.017715453205921e-7,-9.073866059586496e-7,-9.099257528050976e-7,-9.143332384587521e-7,-9.10640000539999e-7,-8.998685778250227e-7,-9.121209274243092e-7,-9.123356742626337e-7,-9.170062832853999e-7,-9.122188350857894e-7,-9.112594919420764e-7,-9.028470487985048e-7,-9.052469585903289e-7,-9.070179959507103e-7,-9.105028593124954e-7,-9.138872337068416e-7,-9.078270346264657e-7,-9.066163276329902e-7,-9.142711653422262e-7,-9.116727888293813e-7,-8.970091928149814e-7,-8.945163601249876e-7,-9.326751739164041e-7,-9.040565189815223e-7,-9.211786966117991e-7,-9.136229926221094e-7,-8.893892009823663e-7,-9.127453580514953e-7,-8.987039366435698e-7,-9.090285818916109e-7,-9.095319788546489e-7,-9.126204372500656e-7,-9.11987539179652e-7,-9.240576165725102e-7,-9.111489483820664e-7,-9.010097165815661e-7,-9.061632378397436e-7,-9.047243822628929e-7,-9.094715978045838e-7,-9.118953581223607e-7,-9.128617059023771e-7,-9.131066949577445e-7,-9.124796891155356e-7,-9.079058155483865e-7,-9.027697820412836e-7,-9.080014717774345e-7,-9.077030502435914e-7,-9.058636548576932e-7,-9.089564904860092e-7,-9.099212453223644e-7,-9.036393487703491e-7,-9.144938379463635e-7,-9.128954472928403e-7,-9.094935097444011e-7,-9.118714099043634e-7,-9.134602579900629e-7,-9.115524171452701e-7,-9.113639862351782e-7,-9.118255896157619e-7,-9.098875756648681e-7,-9.11719166023169e-7,-8.979164899113396e-7,-9.027595647980655e-7,-9.100899540394977e-7,-8.991169055555533e-7,-9.149285758616663e-7,-9.155125363069788e-7,-9.109359463929343e-7,-9.025716266329283e-7,-9.105025635913231e-7,-9.094157177134532e-7,-9.016387356701642e-7,-9.056975126304072e-7,-9.1154083036764e-7,-9.127165004842529e-7,-9.053791406196162e-7,-9.013859923713241e-7,-9.303704237342433e-7,-9.138305683321618e-7,-9.055344812325659e-7,-8.961360769471717e-7,-9.116378140967511e-7,-9.05862182581232e-7,-9.039474392158141e-7,-9.12778019883262e-7,-9.098256108668363e-7,-9.123866429889476e-7,-9.077206646122356e-7,-9.428824800810844e-7,-9.055113174112583e-7,-9.057579417768576e-7,-9.07670879739678e-7,-9.119611187625737e-7,-9.135617702638751e-7,-9.109457484789148e-7,-9.074548830372983e-7,-9.162277251988773e-7
-8.700362517025347e-7,-8.617608888223118e-7,-8.669442000990671e-7,-8.694045767924293e-7,-8.738747925049608e-7,-8.701714664962433e-7,-8.593830864611142e-7,-8.715245183507592e-7,-8.718507870520794e-7,-8.765662442011062e-7,-8.718598950780102e-7,-8.708022325199636e-7,-8.619734017805066e-7,-8.650903778772127e-7,-8.664465965192026e-7,-8.70050534646097e-7,-8.733033477140714e-7,-8.67387231947188e-7,-8.660068320825952e-7,-8.735798389365857e-7,-8.710329965756953e-7,-8.565908127503382e-7,-8.535905767495222e-7,-8.929248822759525e-7,-8.633547748838495e-7,-8.807787858981868e-7,-8.728502558444201e-7,-8.491831245353616e-7,-8.721889176384246e-7,-8.576888531847875e-7,-8.686806544545283e-7,-8.691687402916948e-7,-8.716795408309324e-7,-8.714115231943059e-7,-8.826043660618783e-7,-8.706186810928267e-7,-8.605775465513125e-7,-8.653688796384582e-7,-8.639452641612245e-7,-8.690502018244665e-7,-8.710631936731068e-7,-8.724780898389431e-7,-8.723479630016288e-7,-8.719102315249932e-7,-8.67567557510162e-7,-8.618034632811663e-7,-8.677135819414895e-7,-8.664508863481113e-7,-8.654904377529018e-7,-8.682936191527142e-7,-8.690627028604121e-7,-8.629567500321377e-7,-8.738219417643041e-7,-8.72205772964515e-7,-8.687916737429184e-7,-8.711046275017848e-7,-8.728654485892084e-7,-8.706343864225155e-7,-8.703848940211756e-7,-8.713033449657623e-7,-8.693777176279583e-7,-8.709637561797719e-7,-8.573193200579905e-7,-8.624880054223423e-7,-8.692331276169855e-7,-8.582158006798456e-7,-8.747350803405747e-7,-8.747564700151238e-7,-8.704113747024891e-7,-8.617150125803935e-7,-8.70006305922441e-7,-8.688856054558546e-7,-8.616584670156322e-7,-8.649525056419065e-7,-8.711282208291307e-7,-8.720579529206039e-7,-8.646875764482562e-7,-8.604277372445446e-7,-8.898712935950957e-7,-8.732256432877737e-7,-8.649759098282187e-7,-8.525629782327832e-7,-8.711065931306003e-7,-8.654642432290346e-7,-8.634958987370791e-7,-8.724327537508036e-7,-8.692981498919987e-7,-8.719048957216636e-7,-8.669173703775311e-7,-9.025576682578697e-7,-8.650187807429506e-7,-8.653891772436929e-7,-8.66620361050851e-7,-8.712593487719917e-7,-8.730457633769039e-7,-8.702773636446257e-7,-8.672361368556418e-7,-8.758028866883943e-7
-9.105941079878036e-7,-9.017715453205921e-7,-9.073866059586496e-7,-9.099257528050976e-7,-9.143332384587521e-7,-9.10640000539999e-7,-8.998685778250227e-7,-9.121209274243092e-7,-9.123356742626337e-7,-9.170062832853999e-7,-9.122188350857894e-7,-9.112594919420764e-7,-9.028470487985048e-7,-9.052469585903289e-7,-9.070179959507103e-7,-9.105028593124954e-7,-9.138872337068416e-7,-9.078270346264657e-7,-9.066163276329902e-7,-9.142711653422262e-7,-9.116727888293813e-7,-8.970091928149814e-7,-8.945163601249876e-7,-9.326751739164041e-7,-9.040565189815223e-7,-9.211786966117991e-7,-9.136229926221094e-7,-8.893892009823663e-7,-9.127453580514953e-7,-8.987039366435698e-7,-9.090285818916109e-7,-9.095319788546489e-7,-9.126204372500656e-7,-9.11987539179652e-7,-9.240576165725102e-7,-9.111489483820664e-7,-9.010097165815661e-7,-9.061632378397436e-7,-9.047243822628929e-7,-9.094715978045838e-7,-9.118953581223607e-7,-9.128617059023771e-7,-9.131066949577445e-7,-9.124796891155356e-7,-9.079058155483865e-7,-9.027697820412836e-7,-9.080014717774345e-7,-9.077030502435914e-7,-9.058636548576932e-7,-9.089564904860092e-7,-9.099212453223644e-7,-9.036393487703491e-7,-9.144938379463635e-7,-9.128954472928403e-7,-9.094935097444011e-7,-9.118714099043634e-7,-9.134602579900629e-7,-9.115524171452701e-7,-9.113639862351782e-7,-9.118255896157619e-7,-9.098875756648681e-7,-9.11719166023169e-7,-8.979164899113396e-7,-9.027595647980655e-7,-9.100899540394977e-7,-8.991169055555533e-7,-9.149285758616663e-7,-9.155125363069788e-7,-9.109359463929343e-7,-9.025716266329283e-7,-9.105025635913231e-7,-9.094157177134532e-7,-9.016387356701642e-7,-9.056975126304072e-7,-9.1154083036764e-7,-9.127165004842529e-7,-9.053791406196162e-7,-9.013859923713241e-7,-9.303704237342433e-7,-9.138305683321618e-7,-9.055344812325659e-7,-8.961360769471717e-7,-9.116378140967511e-7,-9.05862182581232e-7,-9.039474392158141e-7,-9.12778019883262e-7,-9.098256108668363e-7,-9.123866429889476e-7,-9.077206646122356e-7,-9.428824800810844e-7,-9.055113174112583e-7,-9.057579417768576e-7,-9.07670879739678e-7,-9.119611187625737e-7,-9.135617702638751e-7,-9.109457484789148e-7,-9.074548830372983e-7,-9.162277251988773e-7
-1.0468143404196428e-6,-1.036933574701103e-6,-1.0431335915545948e-6,-1.0462942153186867e-6,-1.050811917373589e-6,-1.0469508089221277e-6,-1.0361134567073803e-6,-1.0486048478472217e-6,-1.0485170354655554e-6,-1.0530576516273398e-6,-1.0479759355381442e-6,-1.0474636794500796e-6,-1.0397664972284745e-6,-1.0407339329335213e-6,-1.0434417758641206e-6,-1.0466138322565858e-6,-1.050288023282753e-6,-1.0437638173817669e-6,-1.0430032580484255e-6,-1.0507860687330262e-6,-1.0482990061306622e-6,-1.0329017643590068e-6,-1.0318257182967007e-6,-1.0654426061856296e-6,-1.040654211404393e-6,-1.0569528383191747e-6,-1.0503910167463573e-6,-1.0247232780459546e-6,-1.0490491022426286e-6,-1.0361867545966614e-6,-1.0437613644915922e-6,-1.045695740856088e-6,-1.0500861663722273e-6,-1.0481802038436735e-6,-1.062170462141746e-6,-1.047546944018585e-6,-1.0372745168584375e-6,-1.043290590220108e-6,-1.0414293731722459e-6,-1.0453931542972765e-6,-1.0488870692907977e-6,-1.0489287513716455e-6,-1.0500182187459552e-6,-1.0487821933803048e-6,-1.0440247669139934e-6,-1.0396156731312814e-6,-1.0437496035184476e-6,-1.0451208216937814e-6,-1.0414493064509072e-6,-1.0453124819533663e-6,-1.0469210137877633e-6,-1.0402349862039366e-6,-1.0511012266247757e-6,-1.0495012624733707e-6,-1.0461443322171112e-6,-1.0484109131559545e-6,-1.0500171631817443e-6,-1.0485420945495802e-6,-1.0480328951898158e-6,-1.0482627777383971e-6,-1.045988744464188e-6,-1.0484524101303191e-6,-1.0347125741801822e-6,-1.039032299881044e-6,-1.0469798361142952e-6,-1.0357850533864734e-6,-1.0505682118191983e-6,-1.0528064451054947e-6,-1.0472795834226265e-6,-1.0392321010909203e-6,-1.0465503969385059e-6,-1.0457446363771187e-6,-1.0370747854713358e-6,-1.0427504109422885e-6,-1.0475121488007055e-6,-1.0494225656048396e-6,-1.0421194173203798e-6,-1.0384656365030757e-6,-1.066456712574487e-6,-1.0501668234782117e-6,-1.0420996575574913e-6,-1.0378043172797885e-6,-1.047764640807439e-6,-1.0420552684410823e-6,-1.040143440545559e-6,-1.0486443846630524e-6,-1.0460843051148024e-6,-1.0485759937348473e-6,-1.0440916228391388e-6,-1.0782989555408344e-6,-1.042256409606296e-6,-1.0414025131376115e-6,-1.0451895849453098e-6,-1.0487209322948584e-6,-1.050105030719966e-6,-1.0477055931066343e-6,-1.04336644311835e-6,-1.0520498720937588e-6
-1.2991323923757861e-6,-1.2880811929046184e-6,-1.2942430858221742e-6,-1.2989221516805342e-6,-1.303562300712947e-6,-1.3000012534783085e-6,-1.2889170587222685e-6,-1.301547036567699e-6,-1.3007795749070962e-6,-1.305461497298527e-6,-1.30064596471042e-6,-1.3001788104591967e-6,-1.2932365451710188e-6,-1.2925393009207966e-6,-1.2962355090784593e-6,-1.2990506244484313e-6,-1.3030143617697234e-6,-1.2958349025816915e-6,-1.2959650941076208e-6,-1.303902973648159e-6,-1.3013628251338343e-6,-1.2850810412836463e-6,-1.2855311915216683e-6,-1.3133035044796856e-6,-1.2933736109490123e-6,-1.3093171495350247e-6,-1.3035195620533782e-6,-1.2768430630170565e-6,-1.3010701750472378e-6,-1.289944871174875e-6,-1.294219920698868e-6,-1.2983532807681107e-6,-1.3037445720470095e-6,-1.3005385836195563e-6,-1.3164763120217582e-6,-1.3002179692755959e-6,-1.2898449858220496e-6,-1.2965757616387023e-6,-1.2943377144969204e-6,-1.2975281885330012e-6,-1.3024715644519842e-6,-1.3017510966072007e-6,-1.3036183728287276e-6,-1.301190215853686e-6,-1.2966583802111154e-6,-1.2917221660204685e-6,-1.2955359953402757e-6,-1.2979841811976238e-6,-1.2931468994311444e-6,-1.2978031105906383e-6,-1.30043535458829e-6,-1.2930389876219441e-6,-1.3042595562602278e-6,-1.3027648490112138e-6,-1.299242325470844e-6,-1.3011279775617004e-6,-1.3028342449146024e-6,-1.3019419569852161e-6,-1.3005385260110731e-6,-1.3012489392591193e-6,-1.2981720670878057e-6,-1.301330142294075e-6,-1.2879877448591944e-6,-1.2926643193037744e-6,-1.3008268108431577e-6,-1.2888422424018517e-6,-1.3028604080248348e-6,-1.3070221581230456e-6,-1.3001544709759802e-6,-1.2917398271207539e-6,-1.298653434001939e-6,-1.298538314992216e-6,-1.288898975562684e-6,-1.2959635369011838e-6,-1.2998609034948834e-6,-1.3027456323268634e-6,-1.2952522097619424e-6,-1.2917993027139758e-6,-1.3180411727684238e-6,-1.3025304403469694e-6,-1.2951020340780533e-6,-1.2937249832526709e-6,-1.3000607091950485e-6,-1.2941732743746178e-6,-1.29281529748914e-6,-1.3008041471461145e-6,-1.2983817150982484e-6,-1.3013415325424406e-6,-1.296398271511134e-6,-1.3304436813672764e-6,-1.2958042441170656e-6,-1.2927664298751765e-6,-1.2993236214828901e-6,-1.3022516480467384e-6,-1.3037368206050122e-6,-1.3010702117345056e-6,-1.2961239284235929e-6,-1.3039715481340225e-6
-1.6918112667930166e-6,-1.6793151068597796e-6,-1.6853136683048101e-6,-1.6926868220516813e-6,-1.6968027166981463e-6,-1.6943072495849427e-6,-1.6822775294648418e-6,-1.6952325341594924e-6,-1.6936251280633918e-6,-1.6985242486646039e-6,-1.6942144016232433e-6,-1.6939296940979195e-6,-1.6874660995519126e-6,-1.6849338633179782e-6,-1.6895427251671717e-6,-1.6920675089092195e-6,-1.696252366204665e-6,-1.6884963519108393e-6,-1.6895411966499796e-6,-1.6977355938279854e-6,-1.6950942631579735e-6,-1.677783727353282e-6,-1.6795046809003467e-6,-1.7026622070714958e-6,-1.6863001271777194e-6,-1.702640633539974e-6,-1.6971876706990357e-6,-1.670005980428656e-6,-1.6930269238621521e-6,-1.6837606856274639e-6,-1.6861702954138349e-6,-1.6915394665923522e-6,-1.6976092226593205e-6,-1.6937509836750852e-6,-1.7101836002924345e-6,-1.6933417710073408e-6,-1.6825589615318917e-6,-1.6903761184639953e-6,-1.6879573461672001e-6,-1.6904917795114432e-6,-1.6970006980849915e-6,-1.6956379444132097e-6,-1.698201557762924e-6,-1.6939710366230077e-6,-1.689928032877852e-6,-1.6837894305495044e-6,-1.6874936085284734e-6,-1.6903670943608036e-6,-1.686087091775267e-6,-1.6909574228117474e-6,-1.694727446353947e-6,-1.6860770858307191e-6,-1.6984529978782855e-6,-1.6971371038133293e-6,-1.692939438002971e-6,-1.6943496818385293e-6,-1.6959597596613508e-6,-1.6958177245105113e-6,-1.6943000155247343e-6,-1.6946777197318278e-6,-1.6905313194219007e-6,-1.6948630709714974e-6,-1.6819102131479324e-6,-1.6869472231522412e-6,-1.6957183566292045e-6,-1.6825292894115105e-6,-1.6961881091306615e-6,-1.7023041085462997e-6,-1.6936530459414032e-6,-1.6852059464711114e-6,-1.6914918467531485e-6,-1.6920158413800089e-6,-1.6813265298598798e-6,-1.6890233241439469e-6,-1.6932141073446134e-6,-1.696808520225481e-6,-1.6887045660214836e-6,-1.685862685581153e-6,-1.7089185542118624e-6,-1.6953602260990595e-6,-1.6883986613604836e-6,-1.6884741420157887e-6,-1.6926457758318518e-6,-1.686303959219004e-6,-1.686183397530167e-6,-1.6934444208825342e-6,-1.6909320339368473e-6,-1.694968267530902e-6,-1.6897897885695065e-6,-1.7224838511565067e-6,-1.6898675691424622e-6,-1.684354535500624e-6,-1.6938474872695824e-6,-1.6964777563506064e-6,-1.6982158906150657e-6,-1.695070236094825e-6,-1.6896421470433045e-6,-1.6969781530504146e-6
-2.2710033968720996e-6,-2.2574367525947426e-6,-2.2630742484040205e-6,-2.273577133605255e-6,-2.2766124032070993e-6,-2.275694581501228e-6,-2.2621264926360225e-6,-2.2756590682465843e-6,-2.2734711862703973e-6,-2.2785470094452683e-6,-2.273706257629341e-6,-2.2749493909546974e-6,-2.2683335545994455e-6,-2.2640633887350893e-6,-2.2691951403686287e-6,-2.2717927641903745e-6,-2.276038588999429e-6,-2.268039868620134e-6,-2.268995807866909e-6,-2.2780618192859138e-6,-2.275779271312201e-6,-2.257150020117988e-6,-2.2590856108325015e-6,-2.281219080014861e-6,-2.266059552220478e-6,-2.2837348021827517e-6,-2.27752874684485e-6,-2.249751206048226e-6,-2.2715908012236916e-6,-2.263729354238518e-6,-2.2660081152432127e-6,-2.271618256485919e-6,-2.277532969840999e-6,-2.273666289969099e-6,-2.2888440520486173e-6,-2.27282412993013e-6,-2.2619835048227722e-6,-2.270409639296668e-6,-2.2686998584933544e-6,-2.27011161830717e-6,-2.278437574093378e-6,-2.276297668849371e-6,-2.2800922940815614e-6,-2.273704332122193e-6,-2.2697019741364013e-6,-2.2632807817390283e-6,-2.266055503247663e-6,-2.2692584641937386e-6,-2.2660574236858604e-6,-2.271057565515901e-6,-2.276105588093949e-6,-2.265547229388624e-6,-2.2796631512240875e-6,-2.2785688329292812e-6,-2.273627912176772e-6,-2.2742187306609908e-6,-2.2763260918120624e-6,-2.2762910132307225e-6,-2.274921754551442e-6,-2.275349690641363e-6,-2.269307623495915e-6,-2.2750986008298933e-6,-2.2619370176589453e-6,-2.2673378851324145e-6,-2.277412482623318e-6,-2.262548638178562e-6,-2.2765942629514015e-6,-2.2853996309036947e-6,-2.274367881345123e-6,-2.2648952201051423e-6,-2.271523858406491e-6,-2.272357742229318e-6,-2.2600270294327644e-6,-2.2687709872274848e-6,-2.2740070879566624e-6,-2.2775710965904686e-6,-2.268534038582994e-6,-2.2671645371733797e-6,-2.2863856115858743e-6,-2.274763847655859e-6,-2.268212375621077e-6,-2.269045214068528e-6,-2.271845203028987e-6,-2.2654161589848337e-6,-2.266307174664421e-6,-2.272658120217328e-6,-2.270015238820352e-6,-2.2755145844714526e-6,-2.2694454932863924e-6,-2.3012808561554703e-6,-2.2702539384541457e-6,-2.262884134990496e-6,-2.2745265445712777e-6,-2.2773045862718117e-6,-2.279595777567543e-6,-2.2758219195533673e-6,-2.2697477261178386e-6,-2.277062452423044e-6
-3.1033396438383686e-6,-3.08902277502241e-6,-3.0944879836788786e-6,-3.1080390948625873e-6,-3.1099287169444753e-6,-3.1105718392351464e-6,-3.0952436569413623e-6,-3.109581935615406e-6,-3.107066718607654e-6,-3.1118484432033032e-6,-3.1053060841283113e-6,-3.1099191879192017e-6,-3.1019609951165434e-6,-3.0964953333056805e-6,-3.1018858950751243e-6,-3.1048485748623123e-6,-3.109355719325199e-6,-3.1008550077996247e-6,-3.101325662069801e-6,-3.1114898450804708e-6,-3.110215242559128e-6,-3.0898807673936607e-6,-3.0909712040416163e-6,-3.114691277825005e-6,-3.0995521072028923e-6,-3.117491423517756e-6,-3.1112951057255393e-6,-3.0824884599463733e-6,-3.1039549926512223e-6,-3.0974053858731577e-6,-3.0999615659513842e-6,-3.1055957872806724e-6,-3.109677098823982e-6,-3.107121457103857e-6,-3.120636988166893e-6,-3.1057604005813317e-6,-3.0941871121207172e-6,-3.1030712258745485e-6,-3.103508374910294e-6,-3.1023635463126795e-6,-3.1133061776652548e-6,-3.1094362361091533e-6,-3.1159880008441047e-6,-3.1071797424903153e-6,-3.102823163862733e-6,-3.0969970341146326e-6,-3.0978766361509247e-6,-3.1014125510259687e-6,-3.100718344366552e-6,-3.1048271098456644e-6,-3.111268423387714e-6,-3.0979998054255856e-6,-3.1144846121310988e-6,-3.1136341683635626e-6,-3.108073432023385e-6,-3.107817170852687e-6,-3.110984626820533e-6,-3.1104685157961732e-6,-3.1086587599293777e-6,-3.109714255478517e-6,-3.1015994326679318e-6,-3.108429284469629e-6,-3.093775565259115e-6,-3.101217969292973e-6,-3.1122892927379202e-6,-3.0952675056003994e-6,-3.110789590217329e-6,-3.123235131669311e-6,-3.1085371492009814e-6,-3.0968863394757285e-6,-3.1054312947251883e-6,-3.1058946711800572e-6,-3.0919894243039463e-6,-3.1012902764706684e-6,-3.1082261602870525e-6,-3.1117669816191887e-6,-3.1017799885576775e-6,-3.1015563697120977e-6,-3.1176295686596914e-6,-3.1071302912346156e-6,-3.1016142284112273e-6,-3.103924633544792e-6,-3.10450118029177e-6,-3.098413416414617e-6,-3.1002703676395132e-6,-3.1052729951050297e-6,-3.1025056925695846e-6,-3.1098541592194933e-6,-3.1024500986349973e-6,-3.134012074066164e-6,-3.1035419163545883e-6,-3.0951900889617386e-6,-3.107968557687719e-6,-3.1124186927351133e-6,-3.115217649498559e-6,-3.110102254769021e-6,-3.1031849337934946e-6,-3.1108564033159302e-6
-4.289684412945438e-6,-4.274811909818494e-6,-4.280324221858752e-6,-4.2971879584035975e-6,-4.298577124723804e-6,-4.3000366523576214e-6,-4.282403013984845e-6,-4.2981700316983185e-6,-4.2957372558128555e-6,-4.299255940430698e-6,-4.290967093166219e-6,-4.299697374762638e-6,-4.289683890595239e-6,-4.283055092551897e-6,-4.288496832940846e-6,-4.2924711788629625e-6,-4.296967888308169e-6,-4.287995417743075e-6,-4.288274428284701e-6,-4.299610258064007e-6,-4.299617120302094e-6,-4.277163671677868e-6,-4.276203460827888e-6,-4.3040389823223155e-6,-4.287817134161983e-6,-4.30474367422578e-6,-4.299479478115772e-6,-4.269723877042178e-6,-4.291008239650409e-6,-4.285053127232374e-6,-4.289084759878074e-6,-4.294121358815465e-6,-4.294971059368835e-6,-4.29539149357997e-6,-4.307042955568018e-6,-4.2937199170165114e-6,-4.280296296895868e-6,-4.28973716306252e-6,-4.292810270948011e-6,-4.287869001863973e-6,-4.302493209672458e-6,-4.296674648691404e-6,-4.306854751610198e-6,-4.295150073323893e-6,-4.290545499583689e-6,-4.285684890213526e-6,-4.284180973918429e-6,-4.2882083010390984e-6,-4.2895130743572505e-6,-4.2927662829106384e-6,-4.300892144995288e-6,-4.284487514595794e-6,-4.303983805569968e-6,-4.303737746322362e-6,-4.295818414319005e-6,-4.296396832321859e-6,-4.3001488033687725e-6,-4.299248913046019e-6,-4.297052655989332e-6,-4.298858596646925e-6,-4.288970573343617e-6,-4.296075220885033e-6,-4.277366660396426e-6,-4.289831861438732e-6,-4.3008193553356796e-6,-4.281969784936186e-6,-4.299269334592277e-6,-4.316185951980021e-6,-4.296589730426033e-6,-4.2840806799299135e-6,-4.293668638585667e-6,-4.293423313681862e-6,-4.278637607587263e-6,-4.287455788126e-6,-4.2964750690572615e-6,-4.301000665081566e-6,-4.2896994229822385e-6,-4.290336364299567e-6,-4.303501427371186e-6,-4.294586480334823e-6,-4.289370598333517e-6,-4.296032297760295e-6,-4.291312002072553e-6,-4.285935946384365e-6,-4.289182873017555e-6,-4.292939082103264e-6,-4.289226337617112e-6,-4.2997476419497476e-6,-4.291516326396562e-6,-4.320557708397406e-6,-4.290911452609609e-6,-4.2814800939152234e-6,-4.295072067252672e-6,-4.302157545681495e-6,-4.306272959341574e-6,-4.299218844166347e-6,-4.291107033820522e-6,-4.299940720002803e-6
-5.985484835598251e-6,-5.970196534020622e-6,-5.975923297791672e-6,-5.996354177929589e-6,-5.997405813263926e-6,-5.999398002983331e-6,-5.978056231758992e-6,-5.996887647020745e-6,-5.994516422738873e-6,-5.996255280894147e-6,-5.986954307971088e-6,-5.99951666506911e-6,-5.986870073828041e-6,-5.979039245905851e-6,-5.984962672604117e-6,-5.989405172702492e-6,-5.994071222509672e-6,-5.985159477430583e-6,-5.984706708230584e-6,-5.998515514365404e-6,-5.999408676443986e-6,-5.975186480168921e-6,-5.9700346837772545e-6,-6.004040234174079e-6,-5.986010860463758e-6,-6.002627348749299e-6,-5.998006595230581e-6,-5.9673474761713635e-6,-5.987108073518124e-6,-5.9815902201542355e-6,-5.9880808247294785e-6,-5.992388632604926e-6,-5.989574036653182e-6,-5.993881267309143e-6,-6.005585439442706e-6,-5.991557002781925e-6,-5.976808856514404e-6,-5.986338804430805e-6,-5.991739574465376e-6,-5.982137684466701e-6,-6.001529480146934e-6,-5.993883753081332e-6,-6.008326343079739e-6,-5.993299624802384e-6,-5.987454839183013e-6,-5.984892069459125e-6,-5.980359744331826e-6,-5.9840878516810984e-6,-5.986354286107713e-6,-5.989495288221503e-6,-5.999866893563313e-6,-5.979708724515918e-6,-6.003560314284201e-6,-6.0036143021694015e-6,-5.992138227312456e-6,-5.995251602507577e-6,-5.998394166842028e-6,-5.997315768970588e-6,-5.995110073486213e-6,-5.997744294787634e-6,-5.986184474643375e-6,-5.993263907823533e-6,-5.967850222666146e-6,-5.987754544414658e-6,-5.999375231280341e-6,-5.9781126579772355e-6,-5.99663190946707e-6,-6.017988641310743e-6,-5.994692240128667e-6,-5.981575074319145e-6,-5.991129195713482e-6,-5.9904313202432615e-6,-5.975107520564835e-6,-5.982852110826933e-6,-5.99420906204233e-6,-6.000574104846827e-6,-5.987473191351382e-6,-5.987780427774992e-6,-5.99944765525922e-6,-5.993267864435384e-6,-5.9857640986532135e-6,-5.999579490460854e-6,-5.98746434964262e-6,-5.98328729350435e-6,-5.988188955004883e-6,-5.990398308689885e-6,-5.984911702665427e-6,-6.000199028388403e-6,-5.991942366002514e-6,-6.016433712429921e-6,-5.987823273870333e-6,-5.976516498016621e-6,-5.991440884224789e-6,-6.002080008167036e-6,-6.007692791390619e-6,-5.99902559141037e-6,-5.9888195764548965e-6,-5.999182344773149e-6
-8.403572785913373e-6,-8.387840093860718e-6,-8.393300756302872e-6,-8.417604872711462e-6,-8.41805938947645e-6,-8.420742902942042e-6,-8.394425824851938e-6,-8.417759556137483e-6,-8.414864703464062e-6,-8.415074951803299e-6,-8.406119252909245e-6,-8.42135796472684e-6,-8.40547200401054e-6,-8.396776494407497e-6,-8.403464860471291e-6,-8.407813122996777e-6,-8.41237638138384e-6,-8.404035352183438e-6,-8.401923543565235e-6,-8.420049779788473e-6,-8.421953836950604e-6,-8.397041712172275e-6,-8.386240428827091e-6,-8.427986783645043e-6,-8.407355690560141e-6,-8.423508360461772e-6,-8.419179840800179e-6,-8.38752171138791e-6,-8.405683554058142e-6,-8.400859261755699e-6,-8.40855986083809e-6,-8.413125487543573e-6,-8.40670206468484e-6,-8.414706963613105e-6,-8.426430216392876e-6,-8.410646032848176e-6,-8.396728569698196e-6,-8.406235101708872e-6,-8.413975400379246e-6,-8.398983069348927e-6,-8.423257408063367e-6,-8.41425239393174e-6,-8.432499454021713e-6,-8.414131439656408e-6,-8.40524399174843e-6,-8.406310993406122e-6,-8.398357342481929e-6,-8.400536943751323e-6,-8.40598130511094e-6,-8.407275949447963e-6,-8.421067672031733e-6,-8.395483745810572e-6,-8.425269778721042e-6,-8.424767532033064e-6,-8.410919036446943e-6,-8.416400918132425e-6,-8.41855823662521e-6,-8.417019008970495e-6,-8.415660255673689e-6,-8.418153922847205e-6,-8.404070774830474e-6,-8.411658921355126e-6,-8.379021926038363e-6,-8.406567307661606e-6,-8.42128786555417e-6,-8.395180625382811e-6,-8.415184879663689e-6,-8.438927578859452e-6,-8.415329945011837e-6,-8.401044776390274e-6,-8.409792546976513e-6,-8.409352539067875e-6,-8.39274477170088e-6,-8.400183606367166e-6,-8.413877576374035e-6,-8.42259247513057e-6,-8.407102560488537e-6,-8.406111333123332e-6,-8.416544493334528e-6,-8.414694957259553e-6,-8.403064239816273e-6,-8.427433565474713e-6,-8.405413670701567e-6,-8.403352852565882e-6,-8.409151258452598e-6,-8.409258897811979e-6,-8.401627737099116e-6,-8.422635317427432e-6,-8.414443883334631e-6,-8.434557374214732e-6,-8.406612604300624e-6,-8.39329508820999e-6,-8.409910683443365e-6,-8.424637830445621e-6,-8.431748360131633e-6,-8.421499883541705e-6,-8.408552072414095e-6,-8.42102937621184e-6
-0.000011850984825325226,-0.000011834368397507699,-0.000011838902234345378,-0.000011867154700787428,-0.00001186646102222779,-0.000011870443084262983,-0.000011840291622631376,-0.00001186679602771642,-0.000011862933721590666,-0.000011861766341296382,-0.00001185386395095829,-0.000011871576606162098,-0.000011851681253033761,-0.000011842819465825396,-0.000011849968514537354,-0.000011854432811447084,-0.00001185903838237568,-0.0000118498694015596,-0.000011846368051342277,-0.00001186969036398291,-0.000011873585826962801,-0.00001184818468620305,-0.000011832437897019704,-0.000011884107112510027,-0.000011857865642054675,-0.000011873062938129548,-0.000011868701606422373,-0.000011836121619660716,-0.000011853586773548978,-0.00001185073762733382,-0.000011858817400811629,-0.000011862717868654446,-0.000011853730516117761,-0.000011863971376394062,-0.000011875251236635595,-0.000011857758458825239,-0.000011847065607766036,-0.000011856432926396819,-0.000011866408864478794,-0.00001184538018236563,-0.000011874435279461521,-0.000011863864535235218,-0.000011885783128758985,-0.000011863863189577394,-0.000011851447634266563,-0.000011855427866504802,-0.000011844342280824786,-0.000011844403283635577,-0.00001185542929910352,-0.000011852499140527697,-0.000011871461261308393,-0.000011839391769389016,-0.000011875200001206562,-0.000011874153220461484,-0.000011858817519305975,-0.000011866322323827125,-0.000011867139836123968,-0.000011865721407187506,-0.000011865154479521164,-0.000011866396999946617,-0.000011848331316404864,-0.000011856688380791829,-0.000011820770838303848,-0.000011853576646730877,-0.00001187254621752414,-0.000011838853955173922,-0.000011862947993700134,-0.000011887246819473537,-0.000011865122804063853,-0.000011850086868405193,-0.000011857281675022203,-0.00001185658427899289,-0.000011839110586884274,-0.000011845685481277907,-0.000011861722130401002,-0.000011873778603546584,-0.000011854625429098765,-0.000011852984425476141,-0.000011861687382361487,-0.000011864854002816615,-0.000011848641949363746,-0.000011883880284836313,-0.000011851355750522303,-0.000011852217905385475,-0.00001185770745189061,-0.000011855412968145455,-0.00001184760127456042,-0.00001187378849000237,-0.000011863983385363249,-0.000011884075870281325,-0.000011854052796533603,-0.00001183853004454318,-0.000011856837809511444,-0.000011875281583166752,-0.000011884525219875688,-0.000011873046120726536,-0.000011858089724085548,-0.000011873490124168
-0.000016794273353773772,-0.00001677681746125102,-0.000016782218755883426,-0.00001681199402143977,-0.00001681264714073771,-0.000016817500322346424,-0.00001678375159605758,-0.000016812609507738207,-0.000016806904695865885,-0.000016803420994094493,-0.00001679876264287654,-0.000016818290717806505,-0.00001679378954540378,-0.000016784958080195058,-0.00001679145045261685,-0.00001679693385480419,-0.000016803505237032588,-0.000016790286538958624,-0.00001678716195941595,-0.000016815431249392344,-0.00001682218229617491,-0.000016796010006878477,-0.000016774775927620342,-0.000016842313301543308,-0.000016804370315770375,-0.000016818897511498092,-0.000016815313264979923,-0.000016781266393089517,-0.000016798916454352806,-0.000016798085030593485,-0.000016807940390150777,-0.00001680855606155978,-0.00001679840832110151,-0.00001681069352831885,-0.000016821374280324765,-0.00001680208371331574,-0.000016796778635199417,-0.000016805291114569055,-0.000016815845014513024,-0.00001678981004718725,-0.000016822442875565535,-0.000016809495754966018,-0.000016836766505135472,-0.000016809778346523906,-0.00001679432433731074,-0.00001679868595090187,-0.000016785336657928744,-0.000016784985815688224,-0.000016799974211208506,-0.00001679257036629932,-0.00001681862969550625,-0.000016780633944983732,-0.00001682159461817075,-0.00001681976000914495,-0.000016803601515606037,-0.000016813281844531945,-0.00001681117077472696,-0.00001681148391157126,-0.00001681159842694151,-0.000016811317695085997,-0.000016787460849105514,-0.000016797056991527676,-0.000016763708249770025,-0.000016799042658691324,-0.000016819544042011456,-0.000016777881754535942,-0.000016809158096549054,-0.000016832167629258487,-0.000016812082433640085,-0.000016797339367413117,-0.00001680253352739336,-0.000016799639247973402,-0.00001678227349912303,-0.000016785905434102222,-0.000016805693490030896,-0.000016821632548347713,-0.000016797631979755598,-0.000016796916847869808,-0.000016802306748412677,-0.000016810724447830375,-0.000016789334553354283,-0.00001683363657266915,-0.000016792768142413945,-0.000016798084899350006,-0.000016802004235654273,-0.000016795672550192625,-0.000016789958366029478,-0.000016821647581085937,-0.00001680710182401091,-0.00001683294132238689,-0.000016797749043921444,-0.000016780192807427456,-0.000016801155955581613,-0.0000168211026348269,-0.0000168341733597972,-0.000016821970864388338,-0.000016805695236187755,-0.000016824703586382136
-0.000023962955412815376,-0.000023946503035089468,-0.000023952398334182496,-0.000023981378954555445,-0.00002398710257476511,-0.00002399378071652884,-0.00002395440084004506,-0.000023987141860956897,-0.000023976834874595925,-0.000023970892421352585,-0.000023971953718027036,-0.000023992106581663224,-0.00002396295253607714,-0.000023953583546303787,-0.000023958392426770892,-0.000023964538757791217,-0.000023976964857390357,-0.000023956643192947842,-0.000023955110313289404,-0.000023987870520494606,-0.000023997984357137706,-0.000023969536730908613,-0.00002394423838008659,-0.000024031258943799346,-0.000023976663662657045,-0.000023991338499077385,-0.000023990553505409833,-0.000023954730941554355,-0.000023972190567946948,-0.000023972064361290488,-0.000023984133432222058,-0.00002398066984494446,-0.000023971491783611106,-0.000023983760986573348,-0.00002399291764844365,-0.00002397472284784622,-0.0000239764531754588,-0.00002398267142343995,-0.00002399144081865685,-0.000023961052900032634,-0.00002399713104602899,-0.000023981913615525477,-0.000024016010799952802,-0.000023981974225352903,-0.00002396318525571859,-0.000023968676232855355,-0.000023951264980533258,-0.000023953518786521696,-0.000023968794028716474,-0.000023958872814840947,-0.00002399275589328082,-0.000023947647965888637,-0.000023995565334320572,-0.000023991652070801598,-0.000023976046773599996,-0.0000239870971861337,-0.000023980243028515366,-0.000023984578030530185,-0.000023984175817839813,-0.00002398327118476762,-0.00002395166542298307,-0.000023964075664775938,-0.000023937483629827136,-0.000023975968830263926,-0.000023992490300312086,-0.000023943069930508908,-0.00002398371833532931,-0.00002400377551842663,-0.000023986534963520704,-0.000023973374108747015,-0.000023974719435635568,-0.000023970695892521446,-0.000023952429979648007,-0.000023951060167884928,-0.000023975647866772613,-0.000023996279244611604,-0.000023967402384331953,-0.00002396808073918635,-0.000023969613432669912,-0.000023982312922325183,-0.000023952128176547247,-0.000024008228922465387,-0.000023961772823083045,-0.000023970623719731952,-0.000023972496976252896,-0.00002396052746366112,-0.00002395711186351585,-0.00002399555504577851,-0.000023975393277591625,-0.000024011103926079986,-0.00002396697009140386,-0.00002394997443656227,-0.000023973334896239852,-0.000023993437658551404,-0.000024011029101932647,-0.00002399779795142431,-0.00002398133418829428,-0.000024003460419943335
-0.00003451044956090392,-0.000034497020069263205,-0.00003450418757857383,-0.00003453173441194948,-0.000034542674739645256,-0.00003455307409599804,-0.00003450396081730596,-0.00003454275225760776,-0.0000345274993165431,-0.00003451915419129203,-0.00003452745366666456,-0.00003454667849825322,-0.00003451338664332762,-0.0000345036106295117,-0.00003450385552129865,-0.00003450995340405258,-0.00003453029880874822,-0.00003450368159025293,-0.00003450359873547448,-0.00003453969426716184,-0.00003455417726760997,-0.000034522356350468806,-0.000034495601808757234,-0.00003459978887476404,-0.00003453089183323436,-0.000034542403779146995,-0.00003454641980773472,-0.000034508151362131625,-0.00003452687964345437,-0.00003452606026509459,-0.00003453945225518255,-0.000034533342111318566,-0.0000345271872577875,-0.000034535444647636304,-0.000034542276635118223,-0.00003452913121356803,-0.00003453808251378661,-0.0000345413955736608,-0.00003454838793274681,-0.00003451408960262296,-0.00003455244967058316,-0.000034536229497195346,-0.000034575778351487524,-0.00003453297193301736,-0.000034511849846059664,-0.00003452176529590987,-0.00003449629595267318,-0.00003450576515391585,-0.00003451590416932577,-0.000034504831231958136,-0.0000345481418881219,-0.00003449146709335244,-0.000034550164534718776,-0.00003454280576417818,-0.0000345283030514391,-0.00003453786377156062,-0.00003452753958689511,-0.00003453989794963299,-0.00003453854132353316,-0.000034535842672054355,-0.00003449624487029391,-0.00003451197276444626,-0.00003449034226905573,-0.00003453692501436621,-0.0000345488511052346,-0.000034490311143341936,-0.00003453809993394797,-0.000034554758150677026,-0.000034544159548481,-0.000034531086293735096,-0.000034528504336326396,-0.0000345256596005125,-0.000034502882317073166,-0.0000344958865914458,-0.00003452599757655055,-0.00003455134406514695,-0.00003451727810236005,-0.00003452004929668642,-0.00003451616472434135,-0.000034533021029683,-0.0000344911460210566,-0.00003456590867454547,-0.000034511990158268415,-0.000034522024732443665,-0.00003452205258628711,-0.00003450306841254173,-0.00003450191357346912,-0.00003454623098805011,-0.00003452671981082074,-0.00003457108088965485,-0.00003451585958013795,-0.00003450170042266473,-0.00003452476672418579,-0.00003454575029188717,-0.000034568517154221145,-0.00003455364799920168,-0.00003453644378672958,-0.00003456374892816068
-0.00005031100887989778,-0.00005030457070389048,-0.000050313987254997186,-0.00005034135250107264,-0.000050353738440462854,-0.000050369247644941614,-0.00005030766619208283,-0.00005035278912784257,-0.00005033390555787481,-0.0000503209611074718,-0.00005034172418806528,-0.00005035510260615883,-0.000050319981422353125,-0.0000503109821865922,-0.00005030147112861181,-0.00005030871991638815,-0.00005033679535410074,-0.00005030747523251864,-0.00005030731555696946,-0.0000503477096195199,-0.00005036313179495293,-0.00005033051100848184,-0.0000503020886615284,-0.00005042390029256007,-0.000050341364746412406,-0.00005034665285391635,-0.000050357695295778105,-0.0000503158578637711,-0.00005033617651133821,-0.00005033710919309233,-0.00005035050915711198,-0.00005034311087248314,-0.00005033958646285275,-0.00005034175367997579,-0.00005034425668131318,-0.00005033867155202585,-0.000050355068388732545,-0.000050356352587504146,-0.00005036204919825761,-0.00005032333029843371,-0.00005036459311532559,-0.000050346832266771175,-0.00005038923998975296,-0.000050335826947209065,-0.00005031368041458827,-0.00005033271533764729,-0.00005029447978107194,-0.00005031398103088687,-0.000050317578548699426,-0.000050305706410702395,-0.000050358753571136245,-0.00005028756216663375,-0.00005035947678364545,-0.00005034562254035478,-0.00005033589669916864,-0.000050340873255089424,-0.00005032784706473725,-0.00005035127284546283,-0.00005034959221598846,-0.00005034349018873009,-0.00005029622220957864,-0.0000503154806590567,-0.00005029741593863618,-0.000050353943823560685,-0.00005036609623114956,-0.0000502949446390927,-0.000050342664096906454,-0.000050358420889108825,-0.00005035913458093754,-0.0000503430865484058,-0.00005033979925874519,-0.00005033819667610748,-0.00005030872764271418,-0.00005029396544174956,-0.00005033152645015659,-0.0000503618036322023,-0.00005032169440268061,-0.000050328628426023455,-0.0000503128374052421,-0.00005033647887129569,-0.00005028475375023849,-0.00005037995512892181,-0.000050314459757169,-0.00005032705858099262,-0.00005032584599069722,-0.00005029945011504485,-0.00005030013194939301,-0.00005034593263234034,-0.00005033420013920284,-0.000050388843160820154,-0.0000503192707863573,-0.00005030924283058112,-0.000050331036458923354,-0.00005035299745134895,-0.00005038352491415386,-0.00005036195523570973,-0.00005034659654087838,-0.000050382174175349755
-0.00007452962691633996,-0.00007453520376815258,-0.00007454638863453608,-0.00007457502183875643,-0.00007458261792165154,-0.00007460428927480843,-0.0000745307704122499,-0.00007458050969773211,-0.00007455844887367941,-0.00007453917258296638,-0.00007458059210553682,-0.0000745801423708656,-0.00007454306839600943,-0.00007453880748947391,-0.00007451860492826522,-0.00007452660286804257,-0.00007455782890036105,-0.00007453307926716207,-0.00007452692061612584,-0.00007457403502323227,-0.00007458656010580773,-0.00007456089653127014,-0.00007452991664411463,-0.00007466757715647164,-0.00007457041150898472,-0.00007456168635401977,-0.00007458781530503267,-0.00007454241304342629,-0.00007456226905625359,-0.00007456693176261859,-0.00007458531316423356,-0.0000745742780660547,-0.00007457145021605979,-0.00007456583676198592,-0.00007456502390136094,-0.00007456480446384406,-0.00007459446817803257,-0.00007459040409686559,-0.00007459394439112115,-0.00007454885356533323,-0.00007459604168393946,-0.0000745762412517394,-0.00007462025990507052,-0.00007455332777171089,-0.00007453118685816397,-0.00007456215125209027,-0.00007451225718899559,-0.00007454139123131868,-0.00007453729337855776,-0.00007452426544324168,-0.0000745870815407179,-0.0000745023781429763,-0.00007458583283122189,-0.00007456478303056202,-0.00007455954787431718,-0.0000745626461487771,-0.00007454483219679269,-0.00007458063649532371,-0.00007458145786106153,-0.00007456810152700312,-0.00007451549207088088,-0.00007454026380375353,-0.00007452473160434296,-0.00007458970838100805,-0.00007460680196817401,-0.00007451707998860178,-0.00007456293132876542,-0.00007458424669419546,-0.00007459153091801355,-0.00007457500441082999,-0.00007457050245114652,-0.00007456979857320474,-0.0000745333298622147,-0.00007450810496671514,-0.00007455487765050328,-0.00007459191194356032,-0.00007454327919323348,-0.00007456052068015381,-0.0000745252561296109,-0.0000745583095782594,-0.00007449720384594958,-0.00007461549144857967,-0.00007453256575214534,-0.00007455065661865837,-0.00007454788259660225,-0.00007451427051614797,-0.00007451494263881233,-0.00007456071952191663,-0.00007456229874380009,-0.00007463198030039323,-0.00007454197370822537,-0.00007453600311184942,-0.00007455992157157504,-0.00007457987487590091,-0.00007462013405473955,-0.00007458306043403487,-0.00007457591242421603,-0.0000746193352047354
-0.00011289232715463719,-0.0001129114267392629,-0.00011292511559508322,-0.0001129539511976082,-0.00011295280655533574,-0.00011297988794730025,-0.0001128978388555828,-0.00011295129970967304,-0.00011292481897215366,-0.00011290030136738806,-0.0001129692372935575,-0.00011294568623731648,-0.00011290543377039691,-0.00011290995565594835,-0.00011288178880782568,-0.000112886080732877,-0.00011291489834154163,-0.00011290625325289461,-0.00011288812211470643,-0.00011294279519912517,-0.00011294881263162934,-0.00011293910662164807,-0.00011290916425797017,-0.00011305152784088217,-0.00011294313520713529,-0.00011290820193818132,-0.0001129619873144182,-0.00011291495355679614,-0.00011292880097046648,-0.00011294130863557306,-0.00011296977121102791,-0.00011294502367896139,-0.00011294688984850356,-0.00011293615482717092,-0.0001129347960823658,-0.00011293496802675912,-0.0001129805534673428,-0.00011296589421919817,-0.0001129667774525149,-0.00011291478888027177,-0.00011297076632477166,-0.0001129497071160471,-0.00011299619465653788,-0.0001129146388688761,-0.00011288622761311065,-0.00011293487776496602,-0.00011287341173266272,-0.00011291234856639477,-0.00011290255094434512,-0.00011288670554249783,-0.00011295828181713045,-0.00011286307282649982,-0.00011295528946509338,-0.00011292522437546086,-0.00011291984352224219,-0.00011293261712735122,-0.00011290668280338991,-0.00011295203769715002,-0.00011296283066804419,-0.00011293322560787579,-0.00011288228407304365,-0.00011290845483651139,-0.00011289707033350347,-0.0001129682625373326,-0.00011299436176098519,-0.00011287759795831028,-0.0001129285402846112,-0.00011296063308777078,-0.00011296671511418728,-0.00011295637672484283,-0.00011294849127326835,-0.00011294517859052012,-0.00011290346496056284,-0.00011287011574080635,-0.0001129245286497711,-0.00011296398720675667,-0.00011290796606964133,-0.00011294352886255594,-0.00011288397788670836,-0.00011292485856582367,-0.00011285888934052823,-0.00011300541535797114,-0.00011289143263169101,-0.00011292029174106788,-0.00011291643781638665,-0.00011287685519456003,-0.00011286880765270791,-0.00011291814133117863,-0.00011293707322599836,-0.00011302587084764405,-0.00011291194290306502,-0.00011290229675488801,-0.00011293632778656192,-0.00011294923659076802,-0.0001129994477855174,-0.00011294053551789106,-0.00011294715713348584,-0.00011299703290518757
-0.00017657659587033735,-0.00017661257313089694,-0.00017662037185218,-0.0001766521346831279,-0.00017664280304058983,-0.00017667378689477722,-0.00017659117468213817,-0.00017664303525982748,-0.00017660811275401264,-0.0001765759852799852,-0.00017668938701215025,-0.00017662739893905562,-0.00017658347028968237,-0.00017660702318694348,-0.00017656750345539964,-0.00017656335670524986,-0.00017658061613769167,-0.00017660223522378607,-0.00017657627267160647,-0.00017662809719772146,-0.0001766259209284462,-0.00017664409828480586,-0.00017662054760723319,-0.00017674890515193334,-0.00017663994482251664,-0.00017656577532103695,-0.00017666301880527678,-0.00017660945391663262,-0.00017661226044345476,-0.00017664224977666107,-0.00017668148706144167,-0.00017663039605620383,-0.00017664130434047795,-0.00017663472364606246,-0.00017663473545006064,-0.00017663307015817185,-0.0001766838299022374,-0.00017665916698618304,-0.00017665971536266393,-0.00017660091574083468,-0.00017667027023661157,-0.00017664270169669694,-0.00017669891326307598,-0.0001765975152792002,-0.00017656151412845573,-0.0001766344092645366,-0.00017655224870835096,-0.00017660839708252466,-0.00017659641252099105,-0.00017657089277004937,-0.00017664836798240638,-0.0001765464465370928,-0.00017665002738386946,-0.00017660246586193978,-0.00017659570840035073,-0.00017662991870566778,-0.00017659780480640825,-0.00017664249601830365,-0.00017667395880168287,-0.00017661951240289337,-0.00017657457427138908,-0.00017659630329870156,-0.0001765932909846711,-0.0001766661408084307,-0.00017670550192843413,-0.00017655375881613195,-0.00017661570013809225,-0.00017666194266320096,-0.00017666524334106226,-0.00017666569642178857,-0.0001766574739171635,-0.00017663937819111533,-0.0001766032622042175,-0.00017656367120168353,-0.00017662395990860355,-0.00017665154012016192,-0.00017659032673901802,-0.0001766556574357306,-0.00017656559814589732,-0.00017661052479925755,-0.00017654680875653725,-0.00017672840211912006,-0.00017657000262537564,-0.00017661023822759648,-0.00017660891767556116,-0.00017656542036278365,-0.00017654353289462164,-0.00017658840241673037,-0.00017664067535656542,-0.0001767421558359302,-0.00017660603225775034,-0.00017658996687145188,-0.00017663955927921932,-0.00017664381549730256,-0.00017669796073616057,-0.0001766126576616819,-0.00017663800114375389,-0.0001766916245813653
-0.00028970121598261657,-0.00028975706578126235,-0.00028974739584587466,-0.00028978389505619615,-0.00028976565468266056,-0.00028980105367280786,-0.0002897352456677373,-0.00028976701607285574,-0.00028972551199662425,-0.0002896796132784527,-0.00028985273417222557,-0.0002897441190138298,-0.0002896976768707855,-0.00028975243044179077,-0.0002896987418454073,-0.00028967711639772567,-0.0002896644946361461,-0.00028973825090968517,-0.0002897098489446685,-0.0002897388237414792,-0.0002897269389917265,-0.0002897851694866946,-0.0002897834098326323,-0.0002898834916373698,-0.00028977092152404193,-0.00028966052272173126,-0.00028980667978157845,-0.0002897438709109449,-0.0002897306383924679,-0.00028978713369966604,-0.00028983539867568503,-0.00028975065361438665,-0.0002897766435822163,-0.00028977847808798546,-0.00028978002394444073,-0.00028977382203932,-0.00028981769478353365,-0.0002897913550315294,-0.000289787545699832,-0.00028972661570110026,-0.0002898095268919438,-0.00028976206663396164,-0.0002898375424728405,-0.00028970982042593745,-0.0002896751917369272,-0.0002897766303666262,-0.00028966626130006053,-0.0002897462318003798,-0.0002897365104717274,-0.000289691065269671,-0.00028976017968290735,-0.00028966895282372257,-0.0002897765225782711,-0.0002897085691760812,-0.0002896991076772032,-0.0002897657517276764,-0.00028973631091152685,-0.000289760562848005,-0.00028983390084144644,-0.00028973603011518006,-0.0002897117313766409,-0.0002897249340511578,-0.0002897255614932488,-0.00028979577965445376,-0.0002898608458606135,-0.00028967281691852625,-0.00028973987940159756,-0.00028979783224723115,-0.00028980038722300957,-0.00028981650165328584,-0.00028980776238262285,-0.00028976728651243695,-0.00028974357908650495,-0.00028970519040684753,-0.0002897626400607849,-0.0002897733371837577,-0.00028970250355585774,-0.00028980991608058235,-0.000289675128407465,-0.000289731432254199,-0.0002896689484911314,-0.00028989557692318726,-0.00028968903561762786,-0.00028972744243143734,-0.00028973707382868186,-0.0002896898655132276,-0.00028966376391962716,-0.0002896767678369339,-0.0002897921225001334,-0.00028988754287369463,-0.0002897376009953841,-0.0002897179332630599,-0.0002897794396062703,-0.00028978056717485364,-0.00028983421803926323,-0.000289706478228706,-0.0002897641769348549,-0.0002898121181678653
-0.0005120939717145547,-0.0005121708477548719,-0.0005121198745652088,-0.0005121766318641838,-0.0005121386217363642,-0.0005121803828077667,-0.0005121633475726364,-0.0005121492865616678,-0.0005121040399408822,-0.0005120402133755933,-0.0005122737470859009,-0.0005121230750603801,-0.000512082654410528,-0.0005121772155218995,-0.0005120984744846053,-0.0005120519123963825,-0.0005119899271765102,-0.0005121336949623366,-0.0005121212359533405,-0.000512097712211167,-0.0005120636968439683,-0.0005121818445135316,-0.000512236727455464,-0.0005122974274881919,-0.0005121479023490525,-0.0005120325861770136,-0.0005122243283374055,-0.0005121353236706196,-0.0005121140908128006,-0.0005121867858961319,-0.0005122487371659201,-0.0005121250502712055,-0.0005121870177567235,-0.0005121862688137004,-0.000512198176076325,-0.0005121739858723072,-0.0005122229456931934,-0.0005121984290038756,-0.0005121729473338986,-0.0005121090036548576,-0.0005122090875758268,-0.0005121239302689712,-0.0005122327275650356,-0.0005120686684958137,-0.0005120565417612531,-0.0005121913734790092,-0.0005120553386173904,-0.000512149573208328,-0.0005121549695914446,-0.0005120694284175039,-0.0005121202048784881,-0.0005120595298830763,-0.000512149358226406,-0.0005120617468060641,-0.000512056471096614,-0.0005121652226945986,-0.0005121549053650274,-0.000512120249468574,-0.0005122647994429206,-0.0005121083879206631,-0.0005121219649546765,-0.0005121197306675255,-0.000512139403853023,-0.0005121895894766646,-0.0005122939657093031,-0.0005120639485215403,-0.0005121232691170914,-0.0005121987415543298,-0.000512190930536463,-0.0005122396314263973,-0.0005122132321394252,-0.0005121532601613963,-0.0005121388340819257,-0.0005121249036024514,-0.0005121552599593102,-0.0005121554808200787,-0.0005120762418890741,-0.0005122394977127673,-0.0005120465689368003,-0.0005121127539695118,-0.0005120537919940044,-0.0005123231998555177,-0.0005120869109302964,-0.0005120945598479828,-0.000512104339483977,-0.0005120861178353472,-0.0005120604785909266,-0.0005120107992712206,-0.000512208944208674,-0.0005122806113092881,-0.0005121240108744245,-0.0005121129056978322,-0.0005121787968092708,-0.0005121884448867112,-0.0005122386607078249,-0.0005120331311759855,-0.0005121562475487403,-0.0005121822005499626
-0.0010240257690898279,-0.0010241183066259816,-0.001024009698881911,-0.0010240845977810334,-0.001024048980638227,-0.001024072677943356,-0.0010241295399215319,-0.0010240597723635701,-0.0010240025346307004,-0.0010239295168453857,-0.0010242086129854013,-0.0010240318409187607,-0.0010239902618103588,-0.0010241758390153043,-0.0010240420611150186,-0.0010239622644577476,-0.0010238359044593233,-0.0010240570600627413,-0.0010240824950440161,-0.0010239599673256563,-0.0010239146010950655,-0.0010240863441232637,-0.0010242533896004948,-0.001024265233109545,-0.001024027233089721,-0.0010239716493766142,-0.001024193590918241,-0.0010240756462778604,-0.0010240414669934546,-0.0010241053459650175,-0.0010241985714844405,-0.0010240294282361636,-0.0010241412396676576,-0.0010241017866480173,-0.0010241674700595983,-0.0010240970376076217,-0.0010241941832011016,-0.0010241454570775108,-0.0010240955969708536,-0.0010240250224943768,-0.0010241408016798416,-0.001023994363979779,-0.0010241326362522931,-0.001023949091484484,-0.0010239824536436167,-0.001024151772841102,-0.0010240081266361617,-0.0010240873816156886,-0.0010241223379760054,-0.0010239794265647978,-0.00102400454905743,-0.0010239949229824878,-0.0010240220640972356,-0.0010239136973915468,-0.0010239368295060036,-0.0010241009310096637,-0.00102411202427846,-0.0010239776116256693,-0.0010242380849601039,-0.001024000568245497,-0.0010240728882166688,-0.0010240296906907581,-0.0010241319217928848,-0.0010241457159444042,-0.0010242972638722478,-0.0010240138768913398,-0.0010240293297491651,-0.0010241314861289081,-0.0010240966521531266,-0.001024217451687221,-0.0010241508225190387,-0.0010240920515311482,-0.0010240530770320032,-0.0010240934750587716,-0.0010240774965729936,-0.0010240796859030139,-0.0010239856669414051,-0.0010242304875382365,-0.001023962475132252,-0.0010240142312861469,-0.0010239836905656555,-0.0010242536577652547,-0.001024044929155061,-0.0010239691328362097,-0.001023973850048627,-0.0010240280269772767,-0.001024006329968937,-0.0010238702101340908,-0.001024147630242909,-0.0010241810169593919,-0.0010240101998071189,-0.0010240464401363638,-0.0010241258993930582,-0.0010241365890387329,-0.0010241800305587638,-0.0010238642099022308,-0.0010240888716147552,-0.0010240666185669703
-0.002523652229884209,-0.002523692520654771,-0.0025235562076694773,-0.002523640303742952,-0.0025236883715524065,-0.002523643041218346,-0.002523824548994332,-0.002523635916418675,-0.0025235424930980742,-0.0025235375050494603,-0.002523837066099083,-0.0025236460605197516,-0.0025235369952289824,-0.002523913887563036,-0.0025236700345133015,-0.002523548948481564,-0.0025233373486076927,-0.002523698545768945,-0.002523759941474993,-0.002523476538918778,-0.00252347511439004,-0.0025236625760868617,-0.0025239649191421613,-0.002523899073122171,-0.0025235777792274126,-0.002523643346083032,-0.0025238598060290194,-0.00252373408581605,-0.002523661523973213,-0.002523711020582728,-0.0025238382516648552,-0.002523614754239246,-0.0025237795640877924,-0.002523650235604139,-0.0025238375294872476,-0.0025236991640815274,-0.0025238714312492004,-0.0025238013501737095,-0.002523679206110039,-0.0025237098020332006,-0.0025237590669995166,-0.0025235197649258797,-0.0025236346070391367,-0.0025235168371325833,-0.00252363733288821,-0.0025238024903674926,-0.002523682149476495,-0.0025236943800895075,-0.0025237996909053192,-0.002523585473919663,-0.0025235795746256936,-0.002523601007965567,-0.002523455257049146,-0.0025233923718995313,-0.00252347931978925,-0.0025237076911742073,-0.0025237359386169854,-0.0025234768627951055,-0.0025239069030477427,-0.0025235622793095347,-0.0025237277309523927,-0.0025236126896373426,-0.002523803611572919,-0.0025237764072992305,-0.0025240219172892367,-0.0025236339720686434,-0.0025236071632328085,-0.0025237009374622227,-0.0025236515392301423,-0.0025238871229229377,-0.0025237252957582904,-0.002523767328024836,-0.002523678670437881,-0.0025237616143519498,-0.002523725707137221,-0.002523713311693699,-0.002523580319753741,-0.0025238974995752945,-0.0025235268876970126,-0.002523559126413193,-0.0025236318011088686,-0.0025238031019012798,-0.002523734577042745,-0.0025235207161833657,-0.002523455011923515,-0.002523623730506198,-0.0025236807028182397,-0.0025234289168205417,-0.0025237466306996512,-0.0025237146355256267,-0.0025234872867856434,-0.002523658511978601,-0.002523750156354726,-0.0025237299975321517,-0.0025237781009355125,-0.0025233423749288454,-0.0025237052933757558,-0.002523604047826825
-0.008675462835605491,-0.008675443542917629,-0.008675426972136873,-0.008675439602168067,-0.008675449560462123,-0.008675401292437858,-0.008675916856063469,-0.008675344227282996,-0.008675287035318911,-0.0086753911665918,-0.008675672450823221,-0.008675522873573191,-0.008675299513939541,-0.00867581578924339,-0.008675487875581398,-0.008675262707661223,-0.008675038967832427,-0.008675493617508585,-0.008675658622871998,-0.008675197170238895,-0.008675344751018601,-0.008675418346995891,-0.008675881381558139,-0.008675776839497985,-0.008675403707529505,-0.008675628487279928,-0.00867558233880121,-0.00867550210229304,-0.008675433631398527,-0.008675641862026684,-0.008675515070225868,-0.008675336497402254,-0.008675549135876497,-0.008675304166812576,-0.008675707443155146,-0.008675536990419886,-0.008675612089948796,-0.008675672727374057,-0.00867541653949089,-0.008675722662041006,-0.008675480716468741,-0.008675243617269318,-0.008675112720961577,-0.008675196553844427,-0.008675589878648828,-0.008675638179213876,-0.008675561428104515,-0.00867544530456784,-0.008675822155410356,-0.00867532898186823,-0.008675482668540242,-0.008675383096683725,-0.008674940555889655,-0.008674911303335692,-0.008675329397398238,-0.008675449012512607,-0.00867549677420315,-0.008675229173460124,-0.008675705130861213,-0.0086753058669524,-0.008675516514113052,-0.008675400187162544,-0.008675654055178839,-0.008675451594629208,-0.008675843245180642,-0.008675220443830588,-0.00867529196721564,-0.008675237460870872,-0.008675277832063514,-0.008675645027799415,-0.00867532816537557,-0.008675677317025225,-0.008675642997859074,-0.008675605251731965,-0.008675624568466506,-0.008675613017160251,-0.00867526706821877,-0.0086754608423699,-0.008675193997429892,-0.008675287878076091,-0.008675572264640859,-0.008675457383159628,-0.008675648213354982,-0.008675366488382453,-0.008675088216263019,-0.008675270117297705,-0.008675574565795485,-0.008675280053656545,-0.008675330808860033,-0.008675381599158705,-0.0086749773815534,-0.00867539536289994,-0.008675476555368202,-0.008675364091200097,-0.008675515752949526,-0.008674988147748012,-0.008675473125565995,-0.008675307687406982
-0.04620135357642974,-0.04620161926879034,-0.04620195998305258,-0.046202118265244084,-0.046201248031974784,-0.04620107517102169,-0.04620232965337623,-0.046201581984213036,-0.04620124145758349,-0.04620146897589021,-0.0462018160321738,-0.046202104858541676,-0.04620156669079838,-0.04620200447717156,-0.04620124148146368,-0.04620118579708515,-0.046201422571903905,-0.04620128954461984,-0.04620162957567376,-0.04620168867586592,-0.04620194734378884,-0.04620106883476585,-0.04620183034800207,-0.04620281858270364,-0.04620122935801342,-0.046202298875311486,-0.04620105289319422,-0.04620161376021518,-0.04620164765133939,-0.04620222058274644,-0.04620118927582405,-0.04620107105481401,-0.0462006919149149,-0.046200931951691795,-0.0462020155927135,-0.046202158145368794,-0.046201294372237016,-0.04620198313148315,-0.04620191537276041,-0.04620181503374629,-0.0462011665996563,-0.046201523406307884,-0.046200441828353506,-0.04620115195000586,-0.04620214954927354,-0.04620201731189057,-0.046201761354434656,-0.0462009872794891,-0.04620235058566476,-0.04620108902190748,-0.04620140410566373,-0.046201660986854465,-0.04620045788806737,-0.046200451255843517,-0.04620200221120517,-0.046201750824752016,-0.04620144097866856,-0.04620192048899616,-0.04620198305941256,-0.046201769190558586,-0.04620131381096724,-0.046201143973513284,-0.04620177135078829,-0.04620097081851231,-0.046201827833085234,-0.046200801210031076,-0.04620065322416601,-0.046200924993305525,-0.04620136054006575,-0.04620142860015822,-0.04620181351551669,-0.046202188005375205,-0.046201799060910195,-0.04620200609878568,-0.046201925666498445,-0.04620232958850023,-0.04620125971672698,-0.04620072746720519,-0.04620098062785984,-0.04620157815204466,-0.04620199165634989,-0.04620121052807551,-0.04620206444298114,-0.04620167437274518,-0.046201182142625474,-0.0462011874815149,-0.04620179608849372,-0.04620169781918484,-0.04620070692175025,-0.04620105621745796,-0.04620096461093577,-0.04620147464090027,-0.04620149980738704,-0.04620133895276845,-0.04620181735453312,-0.04620088657272693,-0.04620179013967139,-0.04620120952257217
