-0.20875006184609185,-0.2087472397018632,-0.20873769331319766,-0.20872909449408072,-0.2087497208477771,-0.2087902729381803,-0.2087433450255172,-0.20875623081712544,-0.20889492563886441,-0.20873816662315217,-0.20878678799339212,-0.2087527599635092,-0.2087347804649368,-0.2087480863651012,-0.2087439576688605,-0.20875032386747674,-0.2087374819556402,-0.20874599748591882,-0.20879502888070714,-0.20874293556595555,-0.2087599741363354,-0.20874288357113865,-0.2087359200849259,-0.20881099520271806,-0.20878138959428844,-0.20873463915333898,-0.20874696311866564,-0.20874410758095407,-0.20875016867981136,-0.20874071679158834,-0.20874481412402526,-0.20875262413637663,-0.20875148623942794,-0.20885684642925478,-0.2087405252343766,-0.20883080092815617,-0.20874488296646249,-0.20874839520450594,-0.208747793512259,-0.2088065928166706,-0.20875334478797636,-0.20873209303643214,-0.208755689353663,-0.20875718957936767,-0.20875055127074726,-0.20874157817952677,-0.20875745695876496,-0.20877120683391076,-0.20880447976137115,-0.20875072052863206,-0.20874289008031258,-0.20875616709906566,-0.20878200473311007,-0.2087440595023834,-0.20873860079294795,-0.2087759062693348,-0.20874312047181437,-0.2087780619450302,-0.208823507710007,-0.20875499399809486,-0.20874462955124537,-0.20875409970838738,-0.20873342913307316,-0.20880727689100145,-0.20912823914720183,-0.20874888883368675,-0.2087499234231431,-0.2087665770167981,-0.20874435178519835,-0.20874238564109118,-0.20874500218552675,-0.2087407443451288,-0.20873278675919682,-0.20874059408605772,-0.2087480327656241,-0.20874916251226838,-0.20874344566187827,-0.20874936312466882,-0.20873610807494009,-0.2087595187910937,-0.2087698466973233,-0.20873497725926524,-0.20876657382294025,-0.20962670076572568,-0.208745488083248,-0.2087484994515882,-0.2087430927537584,-0.20874001880871265,-0.2087306042314585,-0.20883786225265333,-0.20874356575900332,-0.20874695729568715,-0.20881560279776712,-0.20878582337471235,-0.2088999157103011,-0.20874875769859447,-0.20874806375741506,-0.20879784425416156
-0.0707416559311425,-0.07073743045140851,-0.07072951923355705,-0.07071848282743541,-0.07074010294323418,-0.07078220707482283,-0.07073442325783316,-0.0707474235282568,-0.07088653682337785,-0.07072922998612008,-0.07077659734402718,-0.07074269218867962,-0.07072699798985564,-0.07073872425266896,-0.07073568063732974,-0.07074171788018879,-0.07072940570001002,-0.0707373526919235,-0.07078553195906286,-0.07073337767119348,-0.07074898749452208,-0.07073516002902352,-0.07072605138630488,-0.0707988432737106,-0.07077418402565225,-0.07072469483379393,-0.070738519957491,-0.07073465510012256,-0.07074112950349615,-0.07073144048117537,-0.07073713305186669,-0.07074303168886402,-0.07074367704646345,-0.0708495445167544,-0.0707303671496593,-0.07082065372424587,-0.07073588876041798,-0.07073934948297528,-0.07073777951580679,-0.07079785280090978,-0.07074449498154564,-0.07072397936715454,-0.07074726614210299,-0.07074905125719325,-0.07074062723332072,-0.07073126693510234,-0.07074880666053081,-0.07076303589004224,-0.07079470282979596,-0.07074366804012494,-0.07073516766255483,-0.07074700054516297,-0.07077316224492236,-0.07073740624087471,-0.07072915820704329,-0.07076690580466043,-0.070735195346568,-0.07076830593419481,-0.0708128817782917,-0.07074496860585733,-0.07073568341510528,-0.07074573845499157,-0.07072523721648981,-0.07080082914212754,-0.0711127984921718,-0.0707406877542362,-0.07074293866833767,-0.07075849820783561,-0.07073517055487336,-0.0707334476904216,-0.07073530544921791,-0.07073103573174944,-0.07072267164849531,-0.07073073250766919,-0.07073784687385827,-0.07073905540666184,-0.07073498370652179,-0.07074226252192281,-0.07072687100271258,-0.07075152059085707,-0.07075915903173063,-0.07072716929967278,-0.07075784848471117,-0.07159564924535222,-0.07073646382473937,-0.07073844517041097,-0.07073397266813822,-0.07073086732736646,-0.07072368842075052,-0.07082995285696461,-0.07073452318356661,-0.07073818154899625,-0.07080728875198189,-0.07077735727941672,-0.07088556157624906,-0.07074007110501465,-0.07073918950469177,-0.07078912723075194
-0.01604918462738024,-0.0160429579160205,-0.016037208703036925,-0.016026573325545804,-0.016046964966424132,-0.016088977299158855,-0.016042148257772584,-0.016054031635833778,-0.016189978047152588,-0.01603740364648456,-0.016082780240287357,-0.016048962989929437,-0.01603433455731067,-0.016045824352731275,-0.016042501743938016,-0.01604848595763636,-0.01603744454262165,-0.0160446529047101,-0.016093057967514007,-0.016040428016690898,-0.016054626227723984,-0.01604234725922333,-0.01603304881750675,-0.016102115296119063,-0.016082261211627733,-0.01603181244264872,-0.01604583263787555,-0.016041966330989692,-0.016048097584735098,-0.016037782021055186,-0.01604412992343332,-0.01605008581724328,-0.016050001918066194,-0.016159668718954058,-0.016036930102496766,-0.016129818019346154,-0.016042542417607483,-0.01604634310304053,-0.01604552379663863,-0.01610522212884354,-0.01605191297030864,-0.016033348814621304,-0.016054310517733608,-0.016057369467880396,-0.01604798701084022,-0.016038008230524606,-0.016057151443240252,-0.01606812941816746,-0.01610120654989279,-0.016051406055430442,-0.01604291085139156,-0.016054571019858726,-0.01607973998063575,-0.01604501254642491,-0.01603678857101623,-0.01607436553868453,-0.016043437269611837,-0.016075243798067792,-0.0161183978510439,-0.016052002359537416,-0.016043480672446375,-0.01605291660454277,-0.01603264627341847,-0.016106160202833508,-0.016401185390654306,-0.016048366717825217,-0.016050831589200648,-0.016067082613363336,-0.016042286592988248,-0.01604026670004477,-0.01604268574839345,-0.01603797104389451,-0.016029700785836924,-0.016038494476594386,-0.01604547802653703,-0.016045429554426515,-0.016042142139024853,-0.016048296592163905,-0.016034551911291075,-0.01605931785551265,-0.01606707769891975,-0.016035583077460017,-0.016063922673639916,-0.016852866855218206,-0.016044170595492627,-0.016046012480710317,-0.016041462856598347,-0.0160390382240947,-0.01603173593795105,-0.016135385484891705,-0.016041832835173596,-0.016045028238507654,-0.01611576620233563,-0.016084103124325316,-0.016182179421976955,-0.016047439784152087,-0.016045176740255844,-0.016095151035768425
-0.005721552959735805,-0.005714298354770195,-0.005710304071389926,-0.005700636949624704,-0.005718630086592317,-0.005760348729532598,-0.005714721373752476,-0.005725947433067621,-0.00585583179142418,-0.005710708540102273,-0.005753328395292686,-0.005720855142560119,-0.005707563678874731,-0.005717884100391532,-0.0057142754096791044,-0.005720661045777203,-0.005711366999547121,-0.005717186640985936,-0.005764799808003741,-0.005712938150103071,-0.005726573559483351,-0.0057144502628548,-0.005705150911826392,-0.00576909435519434,-0.005754200537335982,-0.005705039369055025,-0.00571786236732888,-0.005714716164875831,-0.0057201020301945234,-0.005709896118332624,-0.005715791064462014,-0.005721939693115236,-0.005720998218495663,-0.005836915550494915,-0.005708937104070043,-0.00580301552424358,-0.0057139786587829065,-0.005718423739637787,-0.005718664002108582,-0.005776297289094762,-0.0057238396480464564,-0.005708636326655477,-0.005726306520000054,-0.005730794924844858,-0.005720460459811903,-0.005710490237348022,-0.00573154390288295,-0.005737748211113298,-0.0057724735225220345,-0.005723720457054738,-0.005715656061389813,-0.005727271516691515,-0.005751194426339524,-0.005717600744538304,-0.005709876210960408,-0.005747055946587672,-0.0057166304145245365,-0.005748022606248037,-0.005786381790565169,-0.005724755210354246,-0.005716137250136706,-0.005724250852814921,-0.005705347512098785,-0.005773887388577153,-0.006045950379189665,-0.005720855256798281,-0.005723719273015532,-0.00574048958107956,-0.0057150175327685074,-0.005712443067151072,-0.005715335167512459,-0.0057103025151399945,-0.005703069451341173,-0.005711787313886035,-0.00571835177306136,-0.005717925433506377,-0.005714738402236297,-0.005719467175641469,-0.005707713429721067,-0.005732617709455575,-0.005740436475080465,-0.005709186039651467,-0.005735762145772803,-0.006447709763250393,-0.0057172116610178176,-0.005718456055202245,-0.005713927608689438,-0.005712657648377005,-0.005704766068048,-0.005805160727763931,-0.00571479204494805,-0.005717000679479044,-0.005788212171865777,-0.005755380862462216,-0.005844340512910431,-0.005720170853304097,-0.005716844432978714,-0.005766039697747699
-0.0026843117578945926,-0.002676480718660285,-0.0026738249790724876,-0.002665044019737982,-0.002680737074512351,-0.0027225685918552418,-0.0026776662058505445,-0.002688215554667618,-0.0028096509665236306,-0.0026744292467555325,-0.0027150137905937984,-0.002683220269808183,-0.002671382735598989,-0.002680326863063626,-0.002676921979461824,-0.0026833718265608505,-0.0026757190535488824,-0.0026802438835144974,-0.0027252969152310805,-0.002676090167340147,-0.002689575762766184,-0.0026772057280245553,-0.002667827568332514,-0.002725423378745294,-0.002716230935362346,-0.002669164870091554,-0.0026803706050927707,-0.0026782332069368725,-0.0026826678595964094,-0.0026727721594771133,-0.0026781408382156383,-0.00268421108199963,-0.0026827344414340733,-0.0028028211424463807,-0.0026717678047783635,-0.002764754554229631,-0.0026762298387814224,-0.0026808643485016206,-0.002681756173026029,-0.002737725323619938,-0.002686249988020401,-0.002673862169069399,-0.002688823155437182,-0.0026944809930119985,-0.0026832563338739725,-0.0026735819931515497,-0.002697435612232079,-0.0026986568603437197,-0.0027338812375943553,-0.00268635751636957,-0.0026791060941869713,-0.0026902217824241225,-0.0027134389740708694,-0.0026805875007080955,-0.0026735806891430717,-0.0027084269187738746,-0.0026799757426004414,-0.00271149484969355,-0.0027430225613069704,-0.002687839033673544,-0.0026790352015310854,-0.0026857712178576174,-0.002668605217338036,-0.002732670685087147,-0.002975485249732121,-0.0026833025952661773,-0.0026873588729492805,-0.0027035668242738125,-0.002678198155000137,-0.0026752681662100125,-0.002677911132753052,-0.002673361373888963,-0.0026666528900866652,-0.0026753066588142763,-0.002681627757129948,-0.002681228162959926,-0.0026778914546481247,-0.0026815441931356664,-0.002671167375151836,-0.002696541685366873,-0.002703496680761851,-0.0026729900330875085,-0.0026978552014522835,-0.0033195769442066632,-0.002680560103328902,-0.0026808280618256675,-0.002676888346380646,-0.0026767294710532885,-0.0026680394588098695,-0.0027664276938975264,-0.002678173619470832,-0.0026796685649674475,-0.0027487337740453215,-0.002716670857341695,-0.002797870933703576,-0.002683334246292919,-0.0026792659585472994,-0.002726775399068457
-0.001453802557966463,-0.0014456388683310557,-0.001443828742351138,-0.001435861974972525,-0.0014497114024035415,-0.001492347519737201,-0.0014474209533928103,-0.0014572170197965873,-0.0015668112074682843,-0.0014450986751646032,-0.0014839188624885082,-0.0014524835819736267,-0.001442066556856325,-0.001449800058448959,-0.0014468944691817158,-0.001452944788332782,-0.001446532278441741,-0.001450106944930012,-0.0014912535881175335,-0.0014460865998608247,-0.0014592983984965764,-0.0014467892225393372,-0.0014377121095195046,-0.0014893105450986095,-0.0014850474678606861,-0.001440096141508904,-0.0014498478236321464,-0.001448662142691339,-0.0014522496687077724,-0.0014424840775839902,-0.0014477030068158578,-0.0014533449602100804,-0.0014514012950766167,-0.0015666297940614064,-0.0014417132601224256,-0.0015302322150762475,-0.0014455107024703771,-0.0014501419363524318,-0.0014513577219913468,-0.0015053880534760004,-0.001455868049757554,-0.0014452047978669403,-0.001458055872714751,-0.001464722979381436,-0.0014527667927078085,-0.0014434289242184423,-0.001470470879815819,-0.0014665596154001138,-0.0015019061413757064,-0.0014557068785497917,-0.0014493235114786994,-0.0014599427459701215,-0.0014817422850613316,-0.0014504277746029588,-0.0014441691163260008,-0.0014753286080328568,-0.0014499214065860177,-0.001480650093370048,-0.0015054498700695518,-0.0014575569815582054,-0.001448695349793236,-0.001454605843884251,-0.001438830478588506,-0.0014992137828614032,-0.0017122083099892738,-0.0014524628713311778,-0.001457869925438266,-0.0014734333858553272,-0.0014482120761510758,-0.0014452011676483027,-0.0014472068198600294,-0.0014434845692016867,-0.0014363827275126896,-0.0014455084508053697,-0.0014516248375215153,-0.0014513822176577909,-0.0014477990531193666,-0.0014506732386783115,-0.0014412144755516242,-0.0014672084690978777,-0.0014728784620789176,-0.0014435774613585388,-0.0014665762651934122,-0.001991509108154442,-0.0014504184865218326,-0.0014500823784988435,-0.0014468748524022502,-0.001447474698066491,-0.0014382425816334065,-0.0015338857841138052,-0.0014482013485850591,-0.001449294394137826,-0.00151407807080268,-0.001485076210783952,-0.0015589720028045422,-0.001453105449486375,-0.0014489841893828416,-0.001492324870538823
-0.0008573721413480814,-0.0008492370305967845,-0.0008478881349257573,-0.0008405248946683332,-0.0008528479775892393,-0.000895842451880732,-0.000851375262000183,-0.000860375893952309,-0.0009561720216363858,-0.0008499637113322486,-0.0008863080942790498,-0.0008561647544056464,-0.000847088820002338,-0.0008535496817054893,-0.0008513992789775191,-0.0008566756470545281,-0.0008511969689000789,-0.0008540330499785888,-0.0008916926380954694,-0.0008502885353079052,-0.0008630071087882164,-0.0008504771274846168,-0.0008420518244280594,-0.0008896796128955192,-0.0008871725812259887,-0.0008448494290601383,-0.0008535809699689747,-0.0008530727146007293,-0.0008560583238017203,-0.0008463674663773135,-0.0008514901892302182,-0.0008568043983197176,-0.0008544538636226063,-0.000957781610133543,-0.0008457297937285194,-0.0009277630269212327,-0.0008490977608053004,-0.000853560347953006,-0.0008550434893076648,-0.0009067602134294378,-0.000859794717400404,-0.000850212037097356,-0.0008613849413655478,-0.0008689907607150578,-0.0008563312747426688,-0.0008473113448886811,-0.0008764361853139482,-0.0008686297796252061,-0.000904191951944046,-0.0008590707983816498,-0.0008537480407460785,-0.0008642250828426632,-0.0008827005967500377,-0.0008544188975292545,-0.0008490676969284295,-0.000876298298068412,-0.0008540160900265435,-0.0008822162391573991,-0.0008988697252628212,-0.0008613871473515525,-0.000852528755000489,-0.0008576911297100459,-0.0008434192362565071,-0.0009005762794808228,-0.001088242708433069,-0.0008558346738562197,-0.000862404327723569,-0.0008777891616141629,-0.0008524472730988258,-0.0008494780682818356,-0.0008509330520905919,-0.0008479282789344677,-0.0008396975057078655,-0.0008498701145960631,-0.0008556037242509506,-0.0008556718594612242,-0.0008518685579066499,-0.0008537793706929284,-0.0008451933165127577,-0.0008712367502382222,-0.000875507226182982,-0.0008484009904952941,-0.0008697229304910231,-0.0012989543258901453,-0.0008543209700299742,-0.0008536970683651116,-0.0008511627177153324,-0.0008520732541517132,-0.0008426391948606183,-0.0009347038973288804,-0.0008522715522280473,-0.0008531191831586565,-0.0009118364363519434,-0.0008883496339492218,-0.0009531108774909657,-0.0008569890091119215,-0.000853104817929339,-0.0008904307357618803
-0.0005313643107318091,-0.0005234467699054939,-0.0005223555870359689,-0.0005156132660021191,-0.0005264386267895176,-0.0005681158911492032,-0.0005259229588766683,-0.0005340670236908829,-0.0006159065408393881,-0.0005251580022695005,-0.0005577044655703985,-0.0005305161329434114,-0.0005226520973453607,-0.000527799354636197,-0.000526299113004012,-0.000530871314761282,-0.0005260312935843743,-0.0005282852698766043,-0.0005623610495962221,-0.0005249285250881185,-0.000536934813585861,-0.0005247277575659457,-0.0005166272207315749,-0.000563877545943978,-0.0005584564144563263,-0.0005197401273290942,-0.0005278933053703083,-0.0005276750731846621,-0.0005302144493007549,-0.0005207474182240387,-0.0005256567210306038,-0.0005308617938777382,-0.0005282064547813283,-0.0006186120985736297,-0.000519730606793672,-0.0005947706161659428,-0.0005233818965613059,-0.0005274936594700252,-0.0005291490077792301,-0.0005779919553739949,-0.0005341281483460333,-0.0005253945748628668,-0.0005352463332700247,-0.0005432803288742281,-0.000530380778876325,-0.0005216515645030601,-0.0005506889739417533,-0.0005412157196524779,-0.0005765106883246398,-0.0005327865522471952,-0.0005285663735319444,-0.0005390007219067967,-0.0005531788575515011,-0.0005289014119784714,-0.0005244549120019963,-0.0005481890560921479,-0.000528633546512747,-0.0005533364529908378,-0.0005634424576357087,-0.0005357621594117267,-0.0005269074957633471,-0.000531255142419823,-0.0005183412529346825,-0.0005743680713459431,-0.0007330295352536188,-0.0005297444787374158,-0.0005373871301438747,-0.0005525601952823945,-0.000526969618037682,-0.0005242190247205753,-0.0005253127525940243,-0.00052285016523261,-0.0005134220022429399,-0.0005246445115281275,-0.0005299514701200417,-0.0005302310299480839,-0.0005263833711765208,-0.0005273481720204068,-0.000519325601401235,-0.0005442316997305038,-0.0005485255809352207,-0.0005238579596495674,-0.0005440849871979099,-0.0008955211378370571,-0.0005286590423098261,-0.0005278558621417363,-0.0005259915193109041,-0.0005266670944659208,-0.0005174444096667877,-0.0006042757713593048,-0.0005267970465649486,-0.0005274317408401929,-0.0005795113484023775,-0.000562696075007808,-0.0006173972673824596,-0.0005312523716825628,-0.0005276078876167207,-0.0005585901129983733
-0.0003471347850118944,-0.00033981284572523306,-0.0003386142163869666,-0.0003323767261154227,-0.00034184290174411,-0.0003811594522247353,-0.0003424296998542044,-0.0003496383821488987,-0.00041749749823436015,-0.0003420635748001797,-0.0003698039389775101,-0.0003467322479119983,-0.0003399342287161435,-0.0003439266418421859,-0.00034290807855941717,-0.0003469228765986109,-0.000342546059547569,-0.00034428301108390536,-0.00037472563361311604,-0.00034136404482625716,-0.0003524625482862217,-0.00034093658275827476,-0.00033282723383365193,-0.00038285436902613,-0.00037152631666274275,-0.0003363123772628325,-0.0003441959793035806,-0.0003439204712875342,-0.00034608339690755724,-0.00033687667298231403,-0.0003416614335949389,-0.00034680703601985824,-0.00034398861955623345,-0.0004221871538640666,-0.00033518330197867706,-0.00040365965955035466,-0.000339850804799115,-0.00034332716713215706,-0.0003450557265358849,-0.00038993624972754763,-0.00035023115228862204,-0.00034217697610223585,-0.0003509416562227752,-0.0003585543451601449,-0.0003464094381322677,-0.00033782497717616846,-0.0003640822437574481,-0.0003555631089569725,-0.00038983639803968906,-0.0003483396059676447,-0.0003450680863272471,-0.00035531662648897745,-0.00036538885997955764,-0.0003451638632615894,-0.00034150076626464506,-0.00036289724257617295,-0.0003450743028899314,-0.0003662235215819662,-0.00037259090735366964,-0.00035208373166068337,-0.0003431193449928457,-0.00034699106906411,-0.00033495249578197777,-0.0003915213343185957,-0.0005193701834877582,-0.00034551896411577285,-0.0003541981348619824,-0.00036885237335898124,-0.00034321426643248664,-0.0003406919492714176,-0.0003415409666585679,-0.00033957004432584023,-0.0003292181663743824,-0.00034118767614010843,-0.00034604668047849026,-0.0003464671368457529,-0.00034281059940189507,-0.0003429229239633292,-0.00033525510928450605,-0.0003588943168266473,-0.00036381478111755764,-0.0003411260634948439,-0.00036062243304493536,-0.0006433736956567031,-0.0003448419824561076,-0.0003438801966274742,-0.0003426537308191554,-0.0003429232953291772,-0.0003339580395034309,-0.00041338888151717284,-0.0003431851533089982,-0.0003435979199888385,-0.0003892428453878833,-0.0003787324992201527,-0.00042382125992434383,-0.00034730902323667535,-0.0003440054123445292,-0.0003693743661916253
-0.00024214261009938707,-0.00023570412322420744,-0.00023417495105728514,-0.00022826071255764254,-0.00023666911904425916,-0.00027328607187588147,-0.00023809574153296374,-0.0002443693110122701,-0.0002987793988157283,-0.00023793868460175808,-0.00026085450348276875,-0.00024209074485586658,-0.00023613068464678076,-0.00023926394865081229,-0.0002386421949601544,-0.0002421367987139268,-0.0002381072202660112,-0.00023941151162350325,-0.0002667258885266053,-0.00023685007275305188,-0.00024717957006873,-0.00023626051068288359,-0.00022821604642020123,-0.0002815777845814049,-0.00026371575382146107,-0.00023182267436728756,-0.0002396679605469228,-0.00023916637630175204,-0.0002411042281851671,-0.00023199946307472991,-0.0002370129192110907,-0.00024183394164025394,-0.00023902608086207754,-0.0003033780309965414,-0.0002296210426706342,-0.00029175661902922046,-0.00023564649015825096,-0.00023837970727971712,-0.00024005492894719279,-0.0002799202287579628,-0.00024556457621098933,-0.00023788500392229978,-0.0002457352156758729,-0.0002529105667293753,-0.00024165834570349725,-0.00023334970413802357,-0.0002558671648825721,-0.0002489781216947569,-0.00028157687808591113,-0.00024316001800161,-0.0002405927320087755,-0.00025025745642873144,-0.0002573786447811694,-0.00024047997271003173,-0.0002374574946554277,-0.0002565652537087762,-0.00024060799319996725,-0.00025889197149218924,-0.0002627573007420533,-0.0002478434841956679,-0.0002384959924009827,-0.00024214077947912408,-0.00023073647225742148,-0.00028834237638146796,-0.0003874549353733715,-0.0002402835446155349,-0.00025003800200547376,-0.00026387533063330584,-0.0002386118792768361,-0.00023618952180050424,-0.0002369839593229837,-0.00023542264382593462,-0.000224818536886056,-0.00023690191744065266,-0.00024126570839066243,-0.00024178087367028245,-0.0002384338486930849,-0.0002378659192049148,-0.00023047048658238258,-0.0002534737191112114,-0.000258968292758777,-0.00023715474387445192,-0.00025598145310850424,-0.0004803187832628024,-0.0002401059861349777,-0.00023909119183458305,-0.00023840211113417234,-0.00023856532737673452,-0.00022946765787230537,-0.00030106155095173913,-0.00023873220251022307,-0.00023897541945182163,-0.00027860749176005856,-0.00027266907979943324,-0.00030857843666197383,-0.00024251870078870292,-0.00023966836960487336,-0.00026012937491860387
-0.00018097709285715434,-0.00017534563446612028,-0.0001734484416711867,-0.00016812379091494782,-0.00017547937944579353,-0.00020913325796035752,-0.00017734797340185273,-0.00018283465680404387,-0.0002250841647600651,-0.0001773464683742949,-0.00019619137954002952,-0.0001811643920701156,-0.00017581473065576492,-0.0001782872564606458,-0.0001781105246078699,-0.0001810805968177978,-0.00017737151080069529,-0.00017834415117184903,-0.0002026802535369911,-0.0001761098007700407,-0.00018580369195740298,-0.00017531852103212716,-0.0001674246738811702,-0.0002221143548229868,-0.00019976649367214747,-0.00017095274490949448,-0.00017884966890268595,-0.00017804210300140645,-0.0001798931331805263,-0.0001708325765943217,-0.00017618229020086566,-0.00018055894441518716,-0.00017789975347176068,-0.00022829509561548834,-0.00016850611966949023,-0.00022341182545629722,-0.00017516834712210408,-0.00017725213516111513,-0.00017873329165360267,-0.00021377092025016135,-0.0001845591657441153,-0.00017723062914093418,-0.00018426093478377906,-0.00019135251356179747,-0.00018055903851929832,-0.0001729867532955505,-0.0001921904018969227,-0.00018630336892159027,-0.00021715175822533962,-0.0001818415006382213,-0.00017985519704666951,-0.00018852004137220218,-0.00019374738305112074,-0.00017952845172094316,-0.00017710480257662842,-0.00019381329569023598,-0.0001797600419520868,-0.0001961285104594243,-0.00019782433135792388,-0.00018744216406910461,-0.00017755402048341153,-0.00018106940372601368,-0.0001701814916548762,-0.0002278659028540331,-0.00030306507753882935,-0.00017874553867042257,-0.00018948773478011442,-0.00020217056146124693,-0.00017776866280281857,-0.00017528661220848012,-0.00017632024998372355,-0.00017504946423680366,-0.00016432375242042527,-0.00017625450489562882,-0.000180308890512378,-0.00018075591759332234,-0.00017776597190318258,-0.00017682162207787922,-0.0001693915091351928,-0.00019251749197026234,-0.00019800886191612084,-0.0001764908532179206,-0.00019440590262007792,-0.00037040624476589455,-0.00017903015001248437,-0.00017799182472379467,-0.0001777564572234445,-0.0001780129899750919,-0.0001688215490507851,-0.00023429914589991573,-0.00017795294947745488,-0.00017810898650311974,-0.0002121022059175981,-0.00020932739276981126,-0.00023606829974091262,-0.00018149322173896673,-0.00017905803003191132,-0.00019534750122647586
-0.00014868255793268345,-0.0001437002212524707,-0.00014161999004367153,-0.00013738232492815884,-0.00014336993243500206,-0.00017383540767731704,-0.00014542053120095603,-0.0001502543952843612,-0.00018170243206764246,-0.00014562677477627563,-0.00016109667084166095,-0.00014907073067464138,-0.00014426073435197322,-0.00014613517164467589,-0.00014639545057229718,-0.0001489460582602391,-0.00014547162988735575,-0.0001461544164866202,-0.00016788262122173123,-0.00014422995228009663,-0.0001534007950764813,-0.0001434256340110316,-0.00013559801501298316,-0.0001884067791176571,-0.0001653294550343372,-0.0001389896333810085,-0.0001469595018163883,-0.00014586195154456182,-0.00014760042723908998,-0.00013875705725920718,-0.00014422846949515292,-0.00014821578214373982,-0.00014586549867401583,-0.00018433935564872612,-0.00013707613839786516,-0.00018420303471385107,-0.0001435451695634145,-0.0001450885919639606,-0.0001463556575876107,-0.00017747531958372203,-0.00015238658412159329,-0.0001453997545803498,-0.00015168492509408282,-0.00015878454860943412,-0.00014838617538204442,-0.00014173518870570401,-0.00015810973331843817,-0.00015299378972082013,-0.00018209482815824635,-0.00014949666726016647,-0.00014797137096580348,-0.00015569464694283755,-0.00015956947993658947,-0.0001475356805541562,-0.0001457108464386972,-0.00015960194231207878,-0.0001477633687665815,-0.00016265994263098884,-0.00016177222406305096,-0.00015574480642044768,-0.00014549486063345524,-0.00014898488302843613,-0.00013835467616082363,-0.00019402954115204317,-0.0002526291027684409,-0.0001463240900868229,-0.00015771893079462025,-0.00016878237484257866,-0.00014596434661985432,-0.00014317472552657185,-0.00014461215503925408,-0.00014338745128242164,-0.00013230854892971994,-0.00014437886015253765,-0.0001483125888016051,-0.00014856529197123717,-0.00014605354624014683,-0.00014485693727267956,-0.00013717798643351342,-0.000160337664051926,-0.00016543050825518113,-0.00014483770716924307,-0.0001614587903095155,-0.00029498411231346374,-0.0001468226921721014,-0.000145676732520402,-0.00014588295880395334,-0.00014637928420318172,-0.00013689493484952134,-0.00019852153489889618,-0.0001460134368984751,-0.00014613026855507302,-0.00017561651094321837,-0.00017449451650080523,-0.00019271627195921752,-0.00014934412262456,-0.00014728059562352962,-0.00015998162647655432
-0.00012497631706809222,-0.00012054648640094935,-0.000118380611457487,-0.00011529148029604125,-0.00011976464265129215,-0.00014746846377889863,-0.00012200376772231444,-0.00012623920121270218,-0.00014915749596997074,-0.00012249128792010233,-0.00013502298326018318,-0.00012544756873339777,-0.00012117747368195196,-0.00012250324397206872,-0.00012324190895949427,-0.00012535251643299962,-0.00012210958297430784,-0.00012259723243263808,-0.00014240521743186653,-0.00012085160045375054,-0.00012942820403119077,-0.00012029394008520385,-0.00011241321523516702,-0.00016152843688631822,-0.0001399178954352854,-0.00011557894766909725,-0.00012358946952615885,-0.00012230156833440418,-0.00012387784823951513,-0.00011538348731994696,-0.00012072174988556384,-0.00012443047711623232,-0.00012244753745170898,-0.00015218972138463747,-0.00011358916468847783,-0.0001541481244612543,-0.0001203810417943124,-0.00012150104007647599,-0.0001225405864254959,-0.00015091483886471802,-0.00012866291095871163,-0.00012197151977439428,-0.0001276707873617713,-0.00013481974899936727,-0.00012481816711276193,-0.00011899572698097323,-0.00013275554140803526,-0.0001281063000648592,-0.00015701472632379974,-0.0001257405940034094,-0.000124541137088997,-0.00013129814373803598,-0.00013443679676040555,-0.00012404515059734417,-0.0001227590190117972,-0.00013369731466410893,-0.00012430071203355837,-0.00013780758588952715,-0.00013392670325189238,-0.00013239531385196544,-0.00012196921211458628,-0.000125182234975321,-0.00011506351898677323,-0.0001679154714680266,-0.00021612680379368832,-0.00012268904200300978,-0.00013414799715425624,-0.00014361971975908325,-0.00012274078068189636,-0.0001196060802615828,-0.00012136516195858078,-0.00012006817234912186,-0.00010838817793023297,-0.0001209922162837723,-0.0001248015322167303,-0.00012491991845740562,-0.00012283897395333305,-0.00012146343733269546,-0.00011332701073444222,-0.0001361195727274659,-0.00014090325300975277,-0.000121844094610394,-0.0001371180440846178,-0.00023745706477008903,-0.0001231236781512511,-0.00012160107537137181,-0.00012246071729957753,-0.00012312626400392632,-0.00011341102520624446,-0.00017247107763590952,-0.00012258292188064372,-0.0001226319944853086,-0.0001492610047634354,-0.00014863854183249972,-0.0001598528530631314,-0.00012570371088468094,-0.00012391734329849567,-0.0001332809556291064
-0.00010066626220819481,-0.00009667664624746244,-0.0000944453834496019,-0.00009226875103091861,-0.00009537395156927452,-0.00012095722253393343,-0.00009779598371463267,-0.00010155865281745736,-0.0001189307560775883,-0.00009859219550649708,-0.00010894491435092689,-0.0001010521677374516,-0.00009728291396671762,-0.000098210520032669,-0.00009938688326053123,-0.00010102043483564036,-0.00009809289418508918,-0.00009844168439215452,-0.00011709584251967033,-0.00009684430559490266,-0.00010459647696918732,-0.00009648628573066437,-0.00008859599642563429,-0.00013262096382641417,-0.00011361013631626587,-0.00009148689926405124,-0.00009945636018896016,-0.00009805236781116774,-0.00009957422791124445,-0.00009125747726361212,-0.0000963780603999294,-0.00009994073408546762,-0.00009825841454521392,-0.00012098358673064163,-0.0000886856173642369,-0.00012455129682796556,-0.00009644704006498057,-0.00009717980652016643,-0.00009809371154618894,-0.00012528106087769507,-0.00010389576939098195,-0.00009781828934127013,-0.00010302636222046574,-0.00011019179058729866,-0.00010052072702615623,-0.00009560245625518904,-0.00010686710624231737,-0.00010215195993578348,-0.00013253506187491072,-0.00010128084216586028,-0.00010034848983956197,-0.00010614904195617729,-0.0001087755136200326,-0.00009980068601145447,-0.00009893608269835155,-0.0001075708930049984,-0.00010017443487008159,-0.0001124620384165125,-0.00010470283022425027,-0.00010803319729536021,-0.00009774679151281138,-0.00010053152628100478,-0.00009116229882466101,-0.00014192900740875983,-0.00018242930188912737,-0.0000984006007479952,-0.00010944804126329085,-0.00011785086717471197,-0.00009864646125392247,-0.00009534380902521779,-0.0000973225576539098,-0.00009603603771884714,-0.00008345642900995585,-0.00009690819192748054,-0.00010051661131095941,-0.00010057966001130101,-0.00009879045902382625,-0.00009738626468348889,-0.00008854158888493469,-0.00011101702514600465,-0.00011522109084829632,-0.00009771175003752934,-0.00011212665033636612,-0.00018984138154951648,-0.00009873533289694305,-0.00009656660517210359,-0.000098318521303638,-0.00009900730290867527,-0.00008964512522086673,-0.0001457791161425679,-0.00009837884672989701,-0.00009845388885679616,-0.00012347895029013423,-0.00012254240421466682,-0.00012859321352885164,-0.00010133458490606555,-0.00009970961477282034,-0.00010641366825781768
-0.00007888368703195419,-0.0000752227225893634,-0.0000729865456857625,-0.00007141317558960795,-0.00007345232487165535,-0.00009710439038169803,-0.00007600321934428751,-0.00007949049962662126,-0.00009342220243486381,-0.0000770657759102436,-0.00008577332214460333,-0.00007911021939560514,-0.00007581007992869259,-0.0000764171097118605,-0.00007794329491179127,-0.00007918614922541097,-0.00007655759611190572,-0.00007681834801310622,-0.00009503329030449454,-0.0000754693947600732,-0.00008222547375381277,-0.0000751327349013741,-0.00006727449690988404,-0.00010452016243310064,-0.00008996730936224638,-0.00006983981766632262,-0.00007774881160348516,-0.00007627746953000952,-0.00007780573947706086,-0.0000696011773328573,-0.00007447049698817038,-0.00007797253332041373,-0.00007651530447783183,-0.0000941573380050147,-0.00006621998811002391,-0.0000985284650091019,-0.0000749549478687387,-0.0000753319036730314,-0.00007619943673961465,-0.00010335484646194459,-0.00008147071721679925,-0.00007620575093264425,-0.00008092125983653951,-0.00008826596732590392,-0.00007866495453605268,-0.00007469830307404174,-0.00008368202383273406,-0.00007889064159907286,-0.00011036464554091332,-0.000079320161931775,-0.00007858348926931345,-0.00008354221730861526,-0.0000855769483250022,-0.00007805523465112421,-0.00007748782609806262,-0.00008443659197611718,-0.00007851513485672358,-0.00008995248626675245,-0.00007696239265733355,-0.00008571965952735487,-0.0000760660906130244,-0.00007812723341039804,-0.00006979724710505508,-0.00011870664020715416,-0.00015157808597445835,-0.00007657172739624881,-0.00008684328516234528,-0.00009445151185646633,-0.00007695953387687106,-0.00007351516598990028,-0.00007573965459996125,-0.00007463337127117743,-0.00006133094731679842,-0.00007534834418070835,-0.00007869609784469112,-0.00007868527224732811,-0.0000771414533499625,-0.00007583915122176294,-0.00006623516473871268,-0.0000885594114426043,-0.00009214983937601405,-0.00007615292621175281,-0.00008956175738050962,-0.00015197519556463428,-0.0000768337348331142,-0.00007415176506660962,-0.00007666154209682625,-0.00007736700473624519,-0.00006885584423451566,-0.00012131609492797729,-0.00007666905716958331,-0.0000768125159433514,-0.00010095968579896819,-0.00009951247424248822,-0.0001017521705676703,-0.0000794424041020865,-0.00007790401457143686,-0.0000829640639232974
-0.00005999687838800905,-0.000056517215699353006,-0.0000544314951588361,-0.00005321580107154737,-0.00005437908549259627,-0.00007628328034892618,-0.00005709269047686847,-0.00006043707481502178,-0.00007208937246247734,-0.000058309605101841734,-0.00006568295577082475,-0.000060042837819221286,-0.00005718392381172521,-0.000057513319096272554,-0.00005916815941918162,-0.00006023271614184545,-0.00005784687241363606,-0.00005813284031990637,-0.00007595707325953554,-0.0000570310742299951,-0.00006280953158512108,-0.00005659949117010744,-0.000048765779558863274,-0.00008066638242924486,-0.00006949427388095464,-0.0000509765297877779,-0.00005889254335426433,-0.00005736814233194893,-0.000058902680701022,-0.000050848572857669055,-0.00005546790543992169,-0.000058940243612035304,-0.00005767221005245713,-0.00007161597933745198,-0.0000467821295207263,-0.00007662363717789294,-0.000056240712620452364,-0.00005635478762236377,-0.00005721630587744095,-0.00008509525236599605,-0.0000621349311059503,-0.00005751932152130638,-0.00006173000144400878,-0.00006930495199996775,-0.000059670933775134875,-0.000056466244662619386,-0.00006382126315510625,-0.00005859944124395737,-0.00009002999246502538,-0.00006026898793716542,-0.00005966761081586779,-0.00006404039935373788,-0.00006553445800360595,-0.000059191392779536485,-0.000058842637182566736,-0.00006443553236442604,-0.000059645043306060705,-0.00007046945710216011,-0.000054315029459980405,-0.00006581859348450515,-0.00005724532241774989,-0.0000586773554489925,-0.000051328839064078424,-0.0000976826449467608,-0.00012335297876799988,-0.00005770294477151772,-0.00006701815513926248,-0.00007363983214972897,-0.000058231175490038224,-0.00005456419387556457,-0.00005710981374128353,-0.000056243594118743795,-0.00004285950386878467,-0.00005666567636245075,-0.00005973278718010638,-0.00005967319472884027,-0.000058342428041530306,-0.00005719181310166254,-0.00004665160415399803,-0.00006906765041045934,-0.00007209365078895441,-0.000057558977751073756,-0.00006981395744741362,-0.00012046090001888834,-0.00005785449287884716,-0.00005490223390617183,-0.000057854503356554644,-0.00005857548400164123,-0.00005086709830835259,-0.00010030812615935021,-0.00005786008678188458,-0.00005805826877837024,-0.00008180760064991727,-0.0000797003997899109,-0.0000790131200428079,-0.0000604329681625313,-0.00005895973445191891,-0.00006275540625270696
-0.00004473229701112371,-0.00004132235488619214,-0.000039482477887620805,-0.000038457551813490905,-0.00003874642840254884,-0.0000590216828517609,-0.00004184116782497644,-0.00004505829334329517,-0.000055188556032640694,-0.00004312212591818373,-0.00004935801037892864,-0.000044610825064261684,-0.00004212575991723425,-0.000042253268671830636,-0.000043908849237727016,-0.000044887146102759515,-0.00004273911160645233,-0.00004314370774069046,-0.000060046482612697866,-0.00004210855713692211,-0.00004709107442209196,-0.0000415749824730782,-0.000033806895699815595,-0.00006161119912773141,-0.000052788313178566004,-0.000035613386154685416,-0.00004363248635672527,-0.000042088913448642336,-0.000043631374536029635,-0.000035738499239284545,-0.000040096007183251285,-0.00004355989697733365,-0.00004246485411922713,-0.00005356553749037551,-0.00003128635642041912,-0.00005935099776972961,-0.00004099445656706395,-0.00004097121894634814,-0.0000419326724801271,-0.00007076725739680969,-0.000046510657702788147,-0.000042448771097811346,-0.00004616724168584695,-0.000053875558700207905,-0.00004430354093490723,-0.00004161002830662583,-0.000047982382482268096,-0.00004215358822521683,-0.0000721546004786699,-0.0000448673924486825,-0.00004436242493899628,-0.00004838184486282923,-0.00004946195471186209,-0.00004393193804097414,-0.00004374873215637347,-0.000048220563165916023,-0.00004433420366129265,-0.00005469401940798642,-0.00003955044232001869,-0.000049307346910739495,-0.00004195773573505249,-0.00004315442860788956,-0.00003646543615396476,-0.00007943480421406157,-0.00009821094773583076,-0.00004255874168074329,-0.00005080832060091403,-0.00005632227261312945,-0.00004313165345417509,-0.00003929685749418506,-0.00004208994214706254,-0.00004144350165043556,-0.000029440113539002503,-0.00004155344436619037,-0.000044374157376970734,-0.00004433758106101917,-0.00004315853630800427,-0.00004215444523537939,-0.00003042864189343367,-0.00005317874198548179,-0.00005535858152797511,-0.00004253265822630482,-0.00005342552702460725,-0.00009531731253676704,-0.000042525196824946997,-0.0000393334378070542,-0.000042648104271735054,-0.000043392198158613454,-0.00003643034948774012,-0.00008361704189426518,-0.00004268928860633769,-0.00004290821244466264,-0.00006651783362144233,-0.00006349644865807,-0.00006058222094781036,-0.00004504698451012653,-0.000043645055082035436,-0.00004644790781964698
-0.000035197443331963204,-0.000031889146014852206,-0.000030268746120317652,-0.000029259806152867313,-0.000029001015276115217,-0.0000476375467281441,-0.00003233719836079917,-0.00003544691111780154,-0.00004454594209682755,-0.00003369098842716074,-0.00003890514842055077,-0.00003496613489432533,-0.00003274644596025601,-0.000032753093519986835,-0.000034383484744212184,-0.0000352810645173358,-0.000033367190832946844,-0.000033852593693937,-0.000049407448787930385,-0.00003282371270065368,-0.00003720960613919218,-0.000032227769243457176,-0.000024503724235025713,-0.0000489029258689664,-0.00004219657311060993,-0.00002591094262894584,-0.00003412930338742098,-0.00003256889848463057,-0.00003412042552710271,-0.00002641061706470694,-0.000030449381146474655,-0.00003394402973032471,-0.00003298322652863291,-0.0000419545791382847,-0.000022219110650045155,-0.00004821645820743613,-0.000031445616070330826,-0.000031312901061817073,-0.000032437887362380666,-0.00006135375915102406,-0.000036729234566156585,-0.000033083033171704344,-0.000036354700078361315,-0.00004387252915960497,-0.00003466427571697847,-0.000032328517389714154,-0.00003808209801339293,-0.000031698953962677563,-0.000059735217421781815,-0.00003523951052923584,-0.00003481343420423436,-0.000038582007065413424,-0.000039324385841473705,-0.00003441795878974478,-0.000034353296214608846,-0.00003801321162124989,-0.00003479060872326251,-0.000044872170448047305,-0.000030143461591471808,-0.00003872084667222741,-0.00003241026721564814,-0.00003361218261999274,-0.000027294212470690855,-0.00006694371129534372,-0.00008113667704880465,-0.00003316082491398081,-0.00004041099664289551,-0.00004479741013330907,-0.000033759835895896364,-0.000029834778587724535,-0.00003269956223999915,-0.00003227619717237579,-0.000022290225229327832,-0.000032189389081084144,-0.00003475800270171987,-0.000034775652638146533,-0.00003370930112188094,-0.000032760754711293695,-0.000019894121193772977,-0.00004297346849220002,-0.00004433515828486529,-0.00003322052906436967,-0.000042459185557547,-0.00007721095683421039,-0.00003297867838761908,-0.000029540032003455707,-0.00003316655257084863,-0.000033951572565410984,-0.00002770234694193698,-0.00007322928426078738,-0.00003326205081201948,-0.00003346668132365809,-0.0000567863642892123,-0.00005328803916005624,-0.000048451970993003864,-0.00003541605987198214,-0.000034085417962106165,-0.00003625947396815465
-0.000030292256531518752,-0.000027174602664948366,-0.000025677918896407466,-0.000024679209830629694,-0.00002416520004606057,-0.00004115948919017799,-0.000027437538750686544,-0.000030494034610959016,-0.00003886275865702219,-0.00002890182551178891,-0.00003329001811095945,-0.000030008827325039095,-0.000027970658490378793,-0.000027897418229433755,-0.000029496894981731205,-0.000030344565292731864,-0.0000286209167163591,-0.000029119386356225706,-0.00004332242012195618,-0.000028083726532543005,-0.00003203680067211252,-0.00002747906093102429,-0.000019804695316128468,-0.00004206175660053188,-0.000036561192079610766,-0.000020957268756478836,-0.000029291023829783817,-0.00002765818868834053,-0.00002926039451612404,-0.000021729352075094185,-0.000025484201211263446,-0.000028987336760859818,-0.00002813046484702527,-0.00003563531890953718,-0.000018009421535492252,-0.00004209936347604061,-0.000026493061486629063,-0.000026384817988016755,-0.00002755468083087654,-0.00005555800990094415,-0.00003161740951406663,-0.00002829364904003707,-0.00003125377815023774,-0.00003814139137247395,-0.000029658749818420068,-0.00002763856739835185,-0.00003283367437484093,-0.000026089837996353983,-0.000052537837596580326,-0.000030285295336472528,-0.000029912124504014108,-0.00003352267264892647,-0.0000340509755345639,-0.000029539563512844104,-0.000029577208175304057,-0.000032645045646264787,-0.000029909121248620947,-0.000039711443699410044,-0.000022135521590319178,-0.00003288917420696587,-0.00002764509542378415,-0.00002873113267727894,-0.000022748585762840186,-0.00006016086581436196,-0.0000715628020692662,-0.000028378966197161915,-0.000034851505737935494,-0.00003810017287026151,-0.00002902414632020398,-0.00002505792335448173,-0.000027895529215079524,-0.000027700982951168244,-0.000019513942773128758,-0.00002744616603391335,-0.00002980357835748613,-0.00002987428085297204,-0.000028903484479949415,-0.000027752317911954453,-0.000014006100130564162,-0.00003759283022283759,-0.00003802830291399312,-0.000028319606397073523,-0.000036232339593777416,-0.00006452043602827185,-0.00002810718394237892,-0.00002443664355203318,-0.00002834525109950843,-0.000029129403532130452,-0.00002353163382532246,-0.00006777372645827911,-0.00002846406599473056,-0.0000286422773752445,-0.000051776773961342146,-0.000048042705637655504,-0.00004169677935689754,-0.00003045001882783615,-0.00002915941727264837,-0.000031024684638307215
-0.00002594934905842283,-0.000023067440072186636,-0.000021572664691832536,-0.00002068417965111991,-0.000019953888108471547,-0.000035329279625539744,-0.00002309746597884146,-0.000026110979049953213,-0.00003403246392685341,-0.00002466129302064051,-0.000028367657811181883,-0.000025638510361342757,-0.000023744033393381303,-0.00002360511079959632,-0.000025153882435223865,-0.00002599587777735746,-0.000024401879376761434,-0.000024962083321772854,-0.00003804102274838222,-0.000023845743112072385,-0.000027452549505176578,-0.000023248674626667594,-0.00001571609139619818,-0.000036420019590823125,-0.00003167007232036319,-0.000016613633540829798,-0.0000250148833901213,-0.000023240937657898423,-0.000024959983087852114,-0.00001758195245471258,-0.00002118478200597922,-0.000024590359403971594,-0.000023835871640590937,-0.00003066906616754032,-0.000014298568389661786,-0.00003688448881023834,-0.00002203887010332564,-0.00002214816550660427,-0.000023196515613473775,-0.00004993700630576128,-0.00002699894746306698,-0.000024006412762419706,-0.000026768634140174686,-0.000032859942402983834,-0.00002526005907655836,-0.000023467883190975063,-0.00002807534936422814,-0.000021366500273197737,-0.00004659274928896627,-0.000025908677871582732,-0.000025568076890566742,-0.000029034880785915055,-0.000029506689299210567,-0.000025214053677936797,-0.00002532378930282602,-0.000027920622507271042,-0.00002558145949274198,-0.00003484362663961829,-0.000013216553343941533,-0.00002782739544779653,-0.000023541136680019665,-0.000024361147030069427,-0.000018718767281822892,-0.00005495016547822665,-0.00006415996027214612,-0.000024142158086689837,-0.00003006120311402502,-0.00003223909134386642,-0.000024805620624563033,-0.000020842857142986797,-0.000023648742738208547,-0.000023711028935045126,-0.000016938889858841343,-0.000023198233853358296,-0.000025428385925439102,-0.000025550083853668032,-0.0000246429964663877,-0.00002325592457516167,-8.667692961707083e-6,-0.000033245555400847394,-0.000032465147733496255,-0.000023798427616829056,-0.000030980461427914885,-0.00005411599308702386,-0.000023813164386684885,-0.00001986923060542684,-0.00002410612363788138,-0.000024839739057406654,-0.000019774400489977767,-0.000063078815335861,-0.000024190482717643036,-0.00002437749587740255,-0.00004770100770946776,-0.00004356872469629221,-0.00003616753612905643,-0.000026071196272997954,-0.000024794828060481942,-0.000026528103564738688
-0.000018583576040565492,-0.000015925583899443862,-0.000014408951259796435,-0.000013599791753705775,-0.000012654714537418757,-0.000026700780598016962,-0.000015744642948239527,-0.00001870889076486302,-0.000026383068125936588,-0.000017379154307668284,-0.000020516492033077203,-0.000018254855153441222,-0.000016452935011597574,-0.00001629817401423745,-0.000017778764375115718,-0.00001862515714638185,-0.000017113650533814687,-0.000017761055839535796,-0.000030097380369500877,-0.000016592049405101446,-0.00001989488842025219,-0.000015994674755666275,-8.551390341394761e-6,-0.000028218441718410187,-0.00002395355693743916,-9.170345065875503e-6,-0.000017714106864025665,-0.000015746156124138138,-0.000017612913951622605,-0.000010387143141810051,-0.000013957683627197201,-0.000017204579459644083,-0.000016517568365525022,-0.000022881425789565393,-7.591670348392127e-6,-0.00002886553882333359,-0.000014580087619663743,-0.000014866218776078857,-0.000015831179979720493,-0.000041429521055887645,-0.000019320770993949065,-0.000016650917062538374,-0.000019298791815235226,-0.00002476444057094213,-0.000017900011493890778,-0.00001620568376703355,-0.000020296453817705085,-0.000013710722989863947,-0.00003805411021620116,-0.000018522450257250832,-0.000018199079306916563,-0.000021541728629002903,-0.000022008368538854057,-0.000017848864315167,-0.000017999051518887265,-0.00002022676842066606,-0.000018230822893925134,-0.000026925183108242186,-4.2554525597237445e-6,-0.00001997317993937442,-0.00001641100548094196,-0.0000169889165315072,-0.00001156565142211505,-0.00004711859351376768,-0.00005473823400001689,-0.000016828965361225788,-0.000022285934213670437,-0.000023623854213639805,-0.000017519370509607135,-0.000013532545157181142,-0.000016419288820200805,-0.0000166907306143564,-0.00001095970530522372,-0.000015818317103957018,-0.00001804042846212756,-0.000018205884605575036,-0.000017347387498768514,-0.000015786837641895348,-5.043292887698004e-7,-0.000026323334810307363,-0.000024153515625851936,-0.00001623332102050042,-0.000022941983776373152,-0.00004260308961534718,-0.000016503157882745642,-0.000012147771115207578,-0.000016831333168672594,-0.000017502732801586494,-0.000012845877640102516,-0.0000557008187391403,-0.00001684621074004301,-0.000017085569208051332,-0.000040358721100330715,-0.00003639136654189567,-0.00002800945405356265,-0.000018694064516664107,-0.000017419556360326035,-0.000019083260101146726
-8.084282113029195e-6,-5.602589868172478e-6,-4.0542070099922334e-6,-3.3074890941729926e-6,-2.1185065052854064e-6,-0.000015330689953781686,-5.270002441890442e-6,-8.18816094099823e-6,-0.000015589482426139712,-6.943180850067797e-6,-9.685974824172977e-6,-7.757248266882688e-6,-6.018902041954757e-6,-5.851852877118524e-6,-7.2704083475834505e-6,-8.119485025462432e-6,-6.656050682285098e-6,-7.3676860680395485e-6,-0.000019186369127519528,-6.178962573532065e-6,-9.283665726620027e-6,-5.5956940996742945e-6,1.8444871184727688e-6,-0.000017060818641848046,-0.000013135632489657979,1.4734119370892846e-6,-7.293015229682913e-6,-5.107647268534882e-6,-7.11444767574984e-6,-5.09345307460534e-8,-3.675407528336903e-6,-6.737979891402623e-6,-6.040609618612194e-6,-0.000011772785899975746,2.366505559295726e-6,-0.00001779007626025616,-4.040202163861523e-6,-4.438388723486503e-6,-5.360053197153677e-6,-0.000030028277661280047,-8.557358080117203e-6,-6.137393248834759e-6,-8.721567867475399e-6,-0.000013663498732649071,-7.445639287729825e-6,-5.7727161120266026e-6,-9.482197006876638e-6,-2.9184902669856263e-6,-0.00002700506755218301,-8.012691994007801e-6,-7.696171048189026e-6,-0.000010915956556855145,-0.000011400295597540133,-7.358336359929692e-6,-7.5023062824209625e-6,-9.44236910676924e-6,-7.752930877461854e-6,-0.00001582782448570118,3.852489941481672e-6,-9.128333876126583e-6,-6.078664524064883e-6,-6.520828866359346e-6,-1.169595664310387e-6,-0.00003719102120119406,-0.00004336536642176148,-6.3421772420056805e-6,-0.000011384493511719807,-0.00001214661785253097,-7.059167161855267e-6,-3.0617488579222117e-6,-6.070731272036582e-6,-6.49686090562977e-6,-1.463725998613582e-6,-5.199669114057986e-6,-7.546219507171317e-6,-7.722229335770867e-6,-6.902280173417002e-6,-5.286851617394729e-6,0.000010650885185683804,-0.000016552544939043353,-0.000013008761915949814,-5.503918785445044e-6,-0.000011923669077436929,-0.000029451374452420168,-6.054285576964674e-6,-1.3591100976250238e-6,-6.3796175516094755e-6,-6.984168519672454e-6,-2.669313079891164e-6,-0.00004567294486579706,-6.3581180961948105e-6,-6.6443616653333986e-6,-0.00002919626727394969,-0.000026278403484397262,-0.000017011601294468474,-8.184675175241025e-6,-6.9280910380229034e-6,-8.524216076683637e-6
2.009263007677692e-6,4.344839480501817e-6,6.001748428572763e-6,6.61290955792622e-6,8.043204570067804e-6,-4.649659976120516e-6,4.781158045773685e-6,1.915052022286128e-6,-5.087007908384763e-6,3.114726838708427e-6,5.34675980948066e-7,2.319265778270125e-6,4.015919110175199e-6,4.219591960619562e-6,2.8442834015707853e-6,1.9778926685391282e-6,3.4002586634952635e-6,2.6670556709351267e-6,-8.63426475773869e-6,3.849588568064752e-6,8.69075271438246e-7,4.4110609559837525e-6,0.000011976275402524052,-6.435463372065572e-6,-2.6140395582652374e-6,0.000011729830817599238,2.732005331405175e-6,5.063476883265474e-6,2.984736044421012e-6,9.885415235163829e-6,6.207505031191717e-6,3.322557254058206e-6,4.057919808550073e-6,-1.1118130484024093e-6,0.000011951610467113976,-7.288670701962064e-6,6.062999207605707e-6,5.531745716602868e-6,4.701745629282193e-6,-0.000019331092581062088,1.6950525935923085e-6,3.946953886547776e-6,1.422400802503657e-6,-3.0481540100278286e-6,2.5800763325523025e-6,4.271797889118159e-6,8.0345627670499e-7,7.361075172364038e-6,-0.000016705398184690583,2.0792957367293186e-6,2.39440376244537e-6,-6.995153507126654e-7,-1.258045068791195e-6,2.7046418407935048e-6,2.609764880264825e-6,8.858690874748514e-7,2.31657300113172e-6,-5.214445348457109e-6,0.000010198077143788807,1.1985977987425393e-6,3.915463578523473e-6,3.5786620879451405e-6,8.85394849325282e-6,-0.000028831377569443534,-0.000033155908551122604,3.732099659799511e-6,-1.0337244546455932e-6,-1.3936756079676462e-6,3.0207959154090407e-6,6.944426688559308e-6,3.908975597603709e-6,3.3833272219288252e-6,7.855107515079442e-6,5.076817737647438e-6,2.5198485635599083e-6,2.3497871247245615e-6,3.142973401458476e-6,4.744399419409617e-6,0.00002136433798507733,-7.035650496424438e-6,-2.4681607899722514e-6,4.9289600067481305e-6,-1.393596455087739e-6,-0.00001762216591286247,3.978973201937842e-6,8.725011827969185e-6,3.7101740498465017e-6,3.161299324089445e-6,7.2006661050309325e-6,-0.00003634231534658102,3.7039778964318656e-6,3.406540807318645e-6,-0.000018194838145609126,-0.000016275224808833745,-6.563762504442526e-6,1.9162942295696584e-6,3.1430350726828966e-6,1.6233483500448602e-6
7.433372765410895e-6,9.667870166962527e-6,0.00001141707190643748,0.000011900834092165209,0.000013466420770639891,1.1537690703118177e-6,0.000010179512315467036,7.339413523233718e-6,7.056802287458563e-7,8.515064116983557e-6,6.004486802729914e-6,7.72313496615157e-6,9.404238428468112e-6,9.64281668524958e-6,8.27954003749091e-6,7.4003260152307726e-6,8.7812113583887e-6,8.051392585226316e-6,-2.822989148433252e-6,9.215241857991861e-6,6.342381290653837e-6,9.777371883566155e-6,0.00001756011374946097,-8.612205237587563e-7,3.3457189871465743e-6,0.000017217853700405142,8.111277011634235e-6,0.00001050833130497761,8.41172879358324e-6,0.000015120616290577788,0.000011481227016772889,8.723685272403387e-6,9.456153198849623e-6,4.607491336251045e-6,0.00001695746056498095,-1.4885686324613113e-6,0.000011500067559878343,0.000010816688883395973,0.000010092927501616012,-0.000013495602964163113,7.19971386334521e-6,9.33476863820454e-6,6.870645646191177e-6,2.688735953260839e-6,7.955092035997924e-6,9.663163327548952e-6,6.31495679160846e-6,0.000012806637666096916,-0.000010930428546254251,7.494269036156095e-6,7.809586952888632e-6,4.802743288278586e-6,4.183213906136609e-6,8.101194116289465e-6,8.051332659890131e-6,6.425258865317549e-6,7.720254963455028e-6,4.119908969203492e-7,0.000012737180692498656,6.765692435440873e-6,9.272486638502295e-6,9.00665686791382e-6,0.00001422729510357663,-0.000024469661045478243,-0.000027545793437197246,9.112104282647562e-6,4.465731206069964e-6,4.508181681355261e-6,8.426947720844534e-6,0.000012329754246622685,9.280908703447879e-6,8.69296030289328e-6,0.000012718521045455438,0.000010594660552411669,7.915590501064395e-6,7.748839234217874e-6,8.531259181637337e-6,0.00001010899286588564,0.000027410043195868127,-1.947945100627416e-6,3.2179272974117808e-6,0.000010633040147461935,4.3301511050722795e-6,-0.000011081457526542658,9.351250487305196e-6,0.000013764954748851053,9.156794648117568e-6,8.612145744998184e-6,0.000012458168328751672,-0.00003137331297104681,9.086182013320296e-6,8.797907667744741e-6,-0.000011866948990447156,-0.000010630775182416841,-9.046402973038692e-7,7.3438276865744626e-6,8.535096705458847e-6,7.055227532482532e-6
8.801270926245769e-6,0.000011003743265601528,0.00001278191708521292,0.000013223410560335829,0.0000148162868433971,2.6608408216380875e-6,0.000011537922172376441,8.706097023316962e-6,2.238202878589199e-6,9.872187479031273e-6,7.374113329080206e-6,9.081956423912731e-6,0.000010765812249012928,0.000011010483340631887,9.645428988815716e-6,8.765785088325076e-6,0.000010128673485193032,9.402740611941311e-6,-1.338733994037883e-6,0.000010559197491225633,7.735825143205534e-6,0.000011130512514461756,0.00001902119399757106,5.574936063182969e-7,4.935033821182552e-6,0.0000185879056093425,9.4627159910943e-6,0.00001187246638741783,9.781407487701276e-6,0.000016391153884445574,0.000012794051071991018,0.000010079264113827942,0.000010802388653617867,6.060811705208595e-6,0.00001816418016942786,3.817844377827292e-9,0.000012901558978278102,0.000012126949888676702,0.000011443916469613443,-0.000011969584276191775,8.593637712277764e-6,0.000010680544869019938,8.246044633202211e-6,4.128428644602222e-6,9.307187406445349e-6,0.000011020974644391074,7.711200846296618e-6,0.000014127143002174598,-9.43108112204329e-6,8.85787322930449e-6,9.172749888614066e-6,6.2047331878914245e-6,5.579621312559452e-6,9.457749542716642e-6,9.42416536045963e-6,7.812570704561153e-6,9.082409656882818e-6,1.759379223242828e-6,0.000012973363708847939,8.18606679860219e-6,0.00001061054994508127,0.000010362706637062615,0.000015575798628734144,-0.000023123327546583374,-0.00002598661422192151,0.00001045750325182065,5.799039280437698e-6,6.079450775058597e-6,9.784404727776775e-6,0.00001370992010939913,0.000010637991076267064,0.000010029659520605934,0.000013904395271011524,0.00001197600712854311,9.274278987511246e-6,9.105924594538691e-6,9.885602729887794e-6,0.000011454116826264924,0.00002903531698818571,-7.190232630308373e-7,4.654197164857285e-6,0.000012120973197663193,5.799574356054613e-6,-9.328081195700479e-6,0.000010697457400059607,0.000014890402089218337,0.000010538972280994639,9.974300596492387e-6,0.000013760244935602562,-0.000030071353210416116,0.00001043471130948997,0.000010155874729217503,-0.00001006416583329348,-9.119041846233649e-6,5.661779095500389e-7,8.713927308300815e-6,9.886382644455726e-6,8.413621978909732e-6
7.433372765410895e-6,9.667870166962527e-6,0.00001141707190643748,0.000011900834092165209,0.000013466420770639891,1.1537690703118177e-6,0.000010179512315467036,7.339413523233718e-6,7.056802287458563e-7,8.515064116983557e-6,6.004486802729914e-6,7.72313496615157e-6,9.404238428468112e-6,9.64281668524958e-6,8.27954003749091e-6,7.4003260152307726e-6,8.7812113583887e-6,8.051392585226316e-6,-2.822989148433252e-6,9.215241857991861e-6,6.342381290653837e-6,9.777371883566155e-6,0.00001756011374946097,-8.612205237587563e-7,3.3457189871465743e-6,0.000017217853700405142,8.111277011634235e-6,0.00001050833130497761,8.41172879358324e-6,0.000015120616290577788,0.000011481227016772889,8.723685272403387e-6,9.456153198849623e-6,4.607491336251045e-6,0.00001695746056498095,-1.4885686324613113e-6,0.000011500067559878343,0.000010816688883395973,0.000010092927501616012,-0.000013495602964163113,7.19971386334521e-6,9.33476863820454e-6,6.870645646191177e-6,2.688735953260839e-6,7.955092035997924e-6,9.663163327548952e-6,6.31495679160846e-6,0.000012806637666096916,-0.000010930428546254251,7.494269036156095e-6,7.809586952888632e-6,4.802743288278586e-6,4.183213906136609e-6,8.101194116289465e-6,8.051332659890131e-6,6.425258865317549e-6,7.720254963455028e-6,4.119908969203492e-7,0.000012737180692498656,6.765692435440873e-6,9.272486638502295e-6,9.00665686791382e-6,0.00001422729510357663,-0.000024469661045478243,-0.000027545793437197246,9.112104282647562e-6,4.465731206069964e-6,4.508181681355261e-6,8.426947720844534e-6,0.000012329754246622685,9.280908703447879e-6,8.69296030289328e-6,0.000012718521045455438,0.000010594660552411669,7.915590501064395e-6,7.748839234217874e-6,8.531259181637337e-6,0.00001010899286588564,0.000027410043195868127,-1.947945100627416e-6,3.2179272974117808e-6,0.000010633040147461935,4.3301511050722795e-6,-0.000011081457526542658,9.351250487305196e-6,0.000013764954748851053,9.156794648117568e-6,8.612145744998184e-6,0.000012458168328751672,-0.00003137331297104681,9.086182013320296e-6,8.797907667744741e-6,-0.000011866948990447156,-0.000010630775182416841,-9.046402973038692e-7,7.3438276865744626e-6,8.535096705458847e-6,7.055227532482532e-6
2.009263007677692e-6,4.344839480501817e-6,6.001748428572763e-6,6.61290955792622e-6,8.043204570067804e-6,-4.649659976120516e-6,4.781158045773685e-6,1.915052022286128e-6,-5.087007908384763e-6,3.114726838708427e-6,5.34675980948066e-7,2.319265778270125e-6,4.015919110175199e-6,4.219591960619562e-6,2.8442834015707853e-6,1.9778926685391282e-6,3.4002586634952635e-6,2.6670556709351267e-6,-8.63426475773869e-6,3.849588568064752e-6,8.69075271438246e-7,4.4110609559837525e-6,0.000011976275402524052,-6.435463372065572e-6,-2.6140395582652374e-6,0.000011729830817599238,2.732005331405175e-6,5.063476883265474e-6,2.984736044421012e-6,9.885415235163829e-6,6.207505031191717e-6,3.322557254058206e-6,4.057919808550073e-6,-1.1118130484024093e-6,0.000011951610467113976,-7.288670701962064e-6,6.062999207605707e-6,5.531745716602868e-6,4.701745629282193e-6,-0.000019331092581062088,1.6950525935923085e-6,3.946953886547776e-6,1.422400802503657e-6,-3.0481540100278286e-6,2.5800763325523025e-6,4.271797889118159e-6,8.0345627670499e-7,7.361075172364038e-6,-0.000016705398184690583,2.0792957367293186e-6,2.39440376244537e-6,-6.995153507126654e-7,-1.258045068791195e-6,2.7046418407935048e-6,2.609764880264825e-6,8.858690874748514e-7,2.31657300113172e-6,-5.214445348457109e-6,0.000010198077143788807,1.1985977987425393e-6,3.915463578523473e-6,3.5786620879451405e-6,8.85394849325282e-6,-0.000028831377569443534,-0.000033155908551122604,3.732099659799511e-6,-1.0337244546455932e-6,-1.3936756079676462e-6,3.0207959154090407e-6,6.944426688559308e-6,3.908975597603709e-6,3.3833272219288252e-6,7.855107515079442e-6,5.076817737647438e-6,2.5198485635599083e-6,2.3497871247245615e-6,3.142973401458476e-6,4.744399419409617e-6,0.00002136433798507733,-7.035650496424438e-6,-2.4681607899722514e-6,4.9289600067481305e-6,-1.393596455087739e-6,-0.00001762216591286247,3.978973201937842e-6,8.725011827969185e-6,3.7101740498465017e-6,3.161299324089445e-6,7.2006661050309325e-6,-0.00003634231534658102,3.7039778964318656e-6,3.406540807318645e-6,-0.000018194838145609126,-0.000016275224808833745,-6.563762504442526e-6,1.9162942295696584e-6,3.1430350726828966e-6,1.6233483500448602e-6
-8.084282113029195e-6,-5.602589868172478e-6,-4.0542070099922334e-6,-3.3074890941729926e-6,-2.1185065052854064e-6,-0.000015330689953781686,-5.270002441890442e-6,-8.18816094099823e-6,-0.000015589482426139712,-6.943180850067797e-6,-9.685974824172977e-6,-7.757248266882688e-6,-6.018902041954757e-6,-5.851852877118524e-6,-7.2704083475834505e-6,-8.119485025462432e-6,-6.656050682285098e-6,-7.3676860680395485e-6,-0.000019186369127519528,-6.178962573532065e-6,-9.283665726620027e-6,-5.5956940996742945e-6,1.8444871184727688e-6,-0.000017060818641848046,-0.000013135632489657979,1.4734119370892846e-6,-7.293015229682913e-6,-5.107647268534882e-6,-7.11444767574984e-6,-5.09345307460534e-8,-3.675407528336903e-6,-6.737979891402623e-6,-6.040609618612194e-6,-0.000011772785899975746,2.366505559295726e-6,-0.00001779007626025616,-4.040202163861523e-6,-4.438388723486503e-6,-5.360053197153677e-6,-0.000030028277661280047,-8.557358080117203e-6,-6.137393248834759e-6,-8.721567867475399e-6,-0.000013663498732649071,-7.445639287729825e-6,-5.7727161120266026e-6,-9.482197006876638e-6,-2.9184902669856263e-6,-0.00002700506755218301,-8.012691994007801e-6,-7.696171048189026e-6,-0.000010915956556855145,-0.000011400295597540133,-7.358336359929692e-6,-7.5023062824209625e-6,-9.44236910676924e-6,-7.752930877461854e-6,-0.00001582782448570118,3.852489941481672e-6,-9.128333876126583e-6,-6.078664524064883e-6,-6.520828866359346e-6,-1.169595664310387e-6,-0.00003719102120119406,-0.00004336536642176148,-6.3421772420056805e-6,-0.000011384493511719807,-0.00001214661785253097,-7.059167161855267e-6,-3.0617488579222117e-6,-6.070731272036582e-6,-6.49686090562977e-6,-1.463725998613582e-6,-5.199669114057986e-6,-7.546219507171317e-6,-7.722229335770867e-6,-6.902280173417002e-6,-5.286851617394729e-6,0.000010650885185683804,-0.000016552544939043353,-0.000013008761915949814,-5.503918785445044e-6,-0.000011923669077436929,-0.000029451374452420168,-6.054285576964674e-6,-1.3591100976250238e-6,-6.3796175516094755e-6,-6.984168519672454e-6,-2.669313079891164e-6,-0.00004567294486579706,-6.3581180961948105e-6,-6.6443616653333986e-6,-0.00002919626727394969,-0.000026278403484397262,-0.000017011601294468474,-8.184675175241025e-6,-6.9280910380229034e-6,-8.524216076683637e-6
-0.000018583576040565492,-0.000015925583899443862,-0.000014408951259796435,-0.000013599791753705775,-0.000012654714537418757,-0.000026700780598016962,-0.000015744642948239527,-0.00001870889076486302,-0.000026383068125936588,-0.000017379154307668284,-0.000020516492033077203,-0.000018254855153441222,-0.000016452935011597574,-0.00001629817401423745,-0.000017778764375115718,-0.00001862515714638185,-0.000017113650533814687,-0.000017761055839535796,-0.000030097380369500877,-0.000016592049405101446,-0.00001989488842025219,-0.000015994674755666275,-8.551390341394761e-6,-0.000028218441718410187,-0.00002395355693743916,-9.170345065875503e-6,-0.000017714106864025665,-0.000015746156124138138,-0.000017612913951622605,-0.000010387143141810051,-0.000013957683627197201,-0.000017204579459644083,-0.000016517568365525022,-0.000022881425789565393,-7.591670348392127e-6,-0.00002886553882333359,-0.000014580087619663743,-0.000014866218776078857,-0.000015831179979720493,-0.000041429521055887645,-0.000019320770993949065,-0.000016650917062538374,-0.000019298791815235226,-0.00002476444057094213,-0.000017900011493890778,-0.00001620568376703355,-0.000020296453817705085,-0.000013710722989863947,-0.00003805411021620116,-0.000018522450257250832,-0.000018199079306916563,-0.000021541728629002903,-0.000022008368538854057,-0.000017848864315167,-0.000017999051518887265,-0.00002022676842066606,-0.000018230822893925134,-0.000026925183108242186,-4.2554525597237445e-6,-0.00001997317993937442,-0.00001641100548094196,-0.0000169889165315072,-0.00001156565142211505,-0.00004711859351376768,-0.00005473823400001689,-0.000016828965361225788,-0.000022285934213670437,-0.000023623854213639805,-0.000017519370509607135,-0.000013532545157181142,-0.000016419288820200805,-0.0000166907306143564,-0.00001095970530522372,-0.000015818317103957018,-0.00001804042846212756,-0.000018205884605575036,-0.000017347387498768514,-0.000015786837641895348,-5.043292887698004e-7,-0.000026323334810307363,-0.000024153515625851936,-0.00001623332102050042,-0.000022941983776373152,-0.00004260308961534718,-0.000016503157882745642,-0.000012147771115207578,-0.000016831333168672594,-0.000017502732801586494,-0.000012845877640102516,-0.0000557008187391403,-0.00001684621074004301,-0.000017085569208051332,-0.000040358721100330715,-0.00003639136654189567,-0.00002800945405356265,-0.000018694064516664107,-0.000017419556360326035,-0.000019083260101146726
-0.00002594934905842283,-0.000023067440072186636,-0.000021572664691832536,-0.00002068417965111991,-0.000019953888108471547,-0.000035329279625539744,-0.00002309746597884146,-0.000026110979049953213,-0.00003403246392685341,-0.00002466129302064051,-0.000028367657811181883,-0.000025638510361342757,-0.000023744033393381303,-0.00002360511079959632,-0.000025153882435223865,-0.00002599587777735746,-0.000024401879376761434,-0.000024962083321772854,-0.00003804102274838222,-0.000023845743112072385,-0.000027452549505176578,-0.000023248674626667594,-0.00001571609139619818,-0.000036420019590823125,-0.00003167007232036319,-0.000016613633540829798,-0.0000250148833901213,-0.000023240937657898423,-0.000024959983087852114,-0.00001758195245471258,-0.00002118478200597922,-0.000024590359403971594,-0.000023835871640590937,-0.00003066906616754032,-0.000014298568389661786,-0.00003688448881023834,-0.00002203887010332564,-0.00002214816550660427,-0.000023196515613473775,-0.00004993700630576128,-0.00002699894746306698,-0.000024006412762419706,-0.000026768634140174686,-0.000032859942402983834,-0.00002526005907655836,-0.000023467883190975063,-0.00002807534936422814,-0.000021366500273197737,-0.00004659274928896627,-0.000025908677871582732,-0.000025568076890566742,-0.000029034880785915055,-0.000029506689299210567,-0.000025214053677936797,-0.00002532378930282602,-0.000027920622507271042,-0.00002558145949274198,-0.00003484362663961829,-0.000013216553343941533,-0.00002782739544779653,-0.000023541136680019665,-0.000024361147030069427,-0.000018718767281822892,-0.00005495016547822665,-0.00006415996027214612,-0.000024142158086689837,-0.00003006120311402502,-0.00003223909134386642,-0.000024805620624563033,-0.000020842857142986797,-0.000023648742738208547,-0.000023711028935045126,-0.000016938889858841343,-0.000023198233853358296,-0.000025428385925439102,-0.000025550083853668032,-0.0000246429964663877,-0.00002325592457516167,-8.667692961707083e-6,-0.000033245555400847394,-0.000032465147733496255,-0.000023798427616829056,-0.000030980461427914885,-0.00005411599308702386,-0.000023813164386684885,-0.00001986923060542684,-0.00002410612363788138,-0.000024839739057406654,-0.000019774400489977767,-0.000063078815335861,-0.000024190482717643036,-0.00002437749587740255,-0.00004770100770946776,-0.00004356872469629221,-0.00003616753612905643,-0.000026071196272997954,-0.000024794828060481942,-0.000026528103564738688
-0.000030292256531518752,-0.000027174602664948366,-0.000025677918896407466,-0.000024679209830629694,-0.00002416520004606057,-0.00004115948919017799,-0.000027437538750686544,-0.000030494034610959016,-0.00003886275865702219,-0.00002890182551178891,-0.00003329001811095945,-0.000030008827325039095,-0.000027970658490378793,-0.000027897418229433755,-0.000029496894981731205,-0.000030344565292731864,-0.0000286209167163591,-0.000029119386356225706,-0.00004332242012195618,-0.000028083726532543005,-0.00003203680067211252,-0.00002747906093102429,-0.000019804695316128468,-0.00004206175660053188,-0.000036561192079610766,-0.000020957268756478836,-0.000029291023829783817,-0.00002765818868834053,-0.00002926039451612404,-0.000021729352075094185,-0.000025484201211263446,-0.000028987336760859818,-0.00002813046484702527,-0.00003563531890953718,-0.000018009421535492252,-0.00004209936347604061,-0.000026493061486629063,-0.000026384817988016755,-0.00002755468083087654,-0.00005555800990094415,-0.00003161740951406663,-0.00002829364904003707,-0.00003125377815023774,-0.00003814139137247395,-0.000029658749818420068,-0.00002763856739835185,-0.00003283367437484093,-0.000026089837996353983,-0.000052537837596580326,-0.000030285295336472528,-0.000029912124504014108,-0.00003352267264892647,-0.0000340509755345639,-0.000029539563512844104,-0.000029577208175304057,-0.000032645045646264787,-0.000029909121248620947,-0.000039711443699410044,-0.000022135521590319178,-0.00003288917420696587,-0.00002764509542378415,-0.00002873113267727894,-0.000022748585762840186,-0.00006016086581436196,-0.0000715628020692662,-0.000028378966197161915,-0.000034851505737935494,-0.00003810017287026151,-0.00002902414632020398,-0.00002505792335448173,-0.000027895529215079524,-0.000027700982951168244,-0.000019513942773128758,-0.00002744616603391335,-0.00002980357835748613,-0.00002987428085297204,-0.000028903484479949415,-0.000027752317911954453,-0.000014006100130564162,-0.00003759283022283759,-0.00003802830291399312,-0.000028319606397073523,-0.000036232339593777416,-0.00006452043602827185,-0.00002810718394237892,-0.00002443664355203318,-0.00002834525109950843,-0.000029129403532130452,-0.00002353163382532246,-0.00006777372645827911,-0.00002846406599473056,-0.0000286422773752445,-0.000051776773961342146,-0.000048042705637655504,-0.00004169677935689754,-0.00003045001882783615,-0.00002915941727264837,-0.000031024684638307215
-0.000035197443331963204,-0.000031889146014852206,-0.000030268746120317652,-0.000029259806152867313,-0.000029001015276115217,-0.0000476375467281441,-0.00003233719836079917,-0.00003544691111780154,-0.00004454594209682755,-0.00003369098842716074,-0.00003890514842055077,-0.00003496613489432533,-0.00003274644596025601,-0.000032753093519986835,-0.000034383484744212184,-0.0000352810645173358,-0.000033367190832946844,-0.000033852593693937,-0.000049407448787930385,-0.00003282371270065368,-0.00003720960613919218,-0.000032227769243457176,-0.000024503724235025713,-0.0000489029258689664,-0.00004219657311060993,-0.00002591094262894584,-0.00003412930338742098,-0.00003256889848463057,-0.00003412042552710271,-0.00002641061706470694,-0.000030449381146474655,-0.00003394402973032471,-0.00003298322652863291,-0.0000419545791382847,-0.000022219110650045155,-0.00004821645820743613,-0.000031445616070330826,-0.000031312901061817073,-0.000032437887362380666,-0.00006135375915102406,-0.000036729234566156585,-0.000033083033171704344,-0.000036354700078361315,-0.00004387252915960497,-0.00003466427571697847,-0.000032328517389714154,-0.00003808209801339293,-0.000031698953962677563,-0.000059735217421781815,-0.00003523951052923584,-0.00003481343420423436,-0.000038582007065413424,-0.000039324385841473705,-0.00003441795878974478,-0.000034353296214608846,-0.00003801321162124989,-0.00003479060872326251,-0.000044872170448047305,-0.000030143461591471808,-0.00003872084667222741,-0.00003241026721564814,-0.00003361218261999274,-0.000027294212470690855,-0.00006694371129534372,-0.00008113667704880465,-0.00003316082491398081,-0.00004041099664289551,-0.00004479741013330907,-0.000033759835895896364,-0.000029834778587724535,-0.00003269956223999915,-0.00003227619717237579,-0.000022290225229327832,-0.000032189389081084144,-0.00003475800270171987,-0.000034775652638146533,-0.00003370930112188094,-0.000032760754711293695,-0.000019894121193772977,-0.00004297346849220002,-0.00004433515828486529,-0.00003322052906436967,-0.000042459185557547,-0.00007721095683421039,-0.00003297867838761908,-0.000029540032003455707,-0.00003316655257084863,-0.000033951572565410984,-0.00002770234694193698,-0.00007322928426078738,-0.00003326205081201948,-0.00003346668132365809,-0.0000567863642892123,-0.00005328803916005624,-0.000048451970993003864,-0.00003541605987198214,-0.000034085417962106165,-0.00003625947396815465
-0.00004473229701112371,-0.00004132235488619214,-0.000039482477887620805,-0.000038457551813490905,-0.00003874642840254884,-0.0000590216828517609,-0.00004184116782497644,-0.00004505829334329517,-0.000055188556032640694,-0.00004312212591818373,-0.00004935801037892864,-0.000044610825064261684,-0.00004212575991723425,-0.000042253268671830636,-0.000043908849237727016,-0.000044887146102759515,-0.00004273911160645233,-0.00004314370774069046,-0.000060046482612697866,-0.00004210855713692211,-0.00004709107442209196,-0.0000415749824730782,-0.000033806895699815595,-0.00006161119912773141,-0.000052788313178566004,-0.000035613386154685416,-0.00004363248635672527,-0.000042088913448642336,-0.000043631374536029635,-0.000035738499239284545,-0.000040096007183251285,-0.00004355989697733365,-0.00004246485411922713,-0.00005356553749037551,-0.00003128635642041912,-0.00005935099776972961,-0.00004099445656706395,-0.00004097121894634814,-0.0000419326724801271,-0.00007076725739680969,-0.000046510657702788147,-0.000042448771097811346,-0.00004616724168584695,-0.000053875558700207905,-0.00004430354093490723,-0.00004161002830662583,-0.000047982382482268096,-0.00004215358822521683,-0.0000721546004786699,-0.0000448673924486825,-0.00004436242493899628,-0.00004838184486282923,-0.00004946195471186209,-0.00004393193804097414,-0.00004374873215637347,-0.000048220563165916023,-0.00004433420366129265,-0.00005469401940798642,-0.00003955044232001869,-0.000049307346910739495,-0.00004195773573505249,-0.00004315442860788956,-0.00003646543615396476,-0.00007943480421406157,-0.00009821094773583076,-0.00004255874168074329,-0.00005080832060091403,-0.00005632227261312945,-0.00004313165345417509,-0.00003929685749418506,-0.00004208994214706254,-0.00004144350165043556,-0.000029440113539002503,-0.00004155344436619037,-0.000044374157376970734,-0.00004433758106101917,-0.00004315853630800427,-0.00004215444523537939,-0.00003042864189343367,-0.00005317874198548179,-0.00005535858152797511,-0.00004253265822630482,-0.00005342552702460725,-0.00009531731253676704,-0.000042525196824946997,-0.0000393334378070542,-0.000042648104271735054,-0.000043392198158613454,-0.00003643034948774012,-0.00008361704189426518,-0.00004268928860633769,-0.00004290821244466264,-0.00006651783362144233,-0.00006349644865807,-0.00006058222094781036,-0.00004504698451012653,-0.000043645055082035436,-0.00004644790781964698
-0.00005999687838800905,-0.000056517215699353006,-0.0000544314951588361,-0.00005321580107154737,-0.00005437908549259627,-0.00007628328034892618,-0.00005709269047686847,-0.00006043707481502178,-0.00007208937246247734,-0.000058309605101841734,-0.00006568295577082475,-0.000060042837819221286,-0.00005718392381172521,-0.000057513319096272554,-0.00005916815941918162,-0.00006023271614184545,-0.00005784687241363606,-0.00005813284031990637,-0.00007595707325953554,-0.0000570310742299951,-0.00006280953158512108,-0.00005659949117010744,-0.000048765779558863274,-0.00008066638242924486,-0.00006949427388095464,-0.0000509765297877779,-0.00005889254335426433,-0.00005736814233194893,-0.000058902680701022,-0.000050848572857669055,-0.00005546790543992169,-0.000058940243612035304,-0.00005767221005245713,-0.00007161597933745198,-0.0000467821295207263,-0.00007662363717789294,-0.000056240712620452364,-0.00005635478762236377,-0.00005721630587744095,-0.00008509525236599605,-0.0000621349311059503,-0.00005751932152130638,-0.00006173000144400878,-0.00006930495199996775,-0.000059670933775134875,-0.000056466244662619386,-0.00006382126315510625,-0.00005859944124395737,-0.00009002999246502538,-0.00006026898793716542,-0.00005966761081586779,-0.00006404039935373788,-0.00006553445800360595,-0.000059191392779536485,-0.000058842637182566736,-0.00006443553236442604,-0.000059645043306060705,-0.00007046945710216011,-0.000054315029459980405,-0.00006581859348450515,-0.00005724532241774989,-0.0000586773554489925,-0.000051328839064078424,-0.0000976826449467608,-0.00012335297876799988,-0.00005770294477151772,-0.00006701815513926248,-0.00007363983214972897,-0.000058231175490038224,-0.00005456419387556457,-0.00005710981374128353,-0.000056243594118743795,-0.00004285950386878467,-0.00005666567636245075,-0.00005973278718010638,-0.00005967319472884027,-0.000058342428041530306,-0.00005719181310166254,-0.00004665160415399803,-0.00006906765041045934,-0.00007209365078895441,-0.000057558977751073756,-0.00006981395744741362,-0.00012046090001888834,-0.00005785449287884716,-0.00005490223390617183,-0.000057854503356554644,-0.00005857548400164123,-0.00005086709830835259,-0.00010030812615935021,-0.00005786008678188458,-0.00005805826877837024,-0.00008180760064991727,-0.0000797003997899109,-0.0000790131200428079,-0.0000604329681625313,-0.00005895973445191891,-0.00006275540625270696
-0.00007888368703195419,-0.0000752227225893634,-0.0000729865456857625,-0.00007141317558960795,-0.00007345232487165535,-0.00009710439038169803,-0.00007600321934428751,-0.00007949049962662126,-0.00009342220243486381,-0.0000770657759102436,-0.00008577332214460333,-0.00007911021939560514,-0.00007581007992869259,-0.0000764171097118605,-0.00007794329491179127,-0.00007918614922541097,-0.00007655759611190572,-0.00007681834801310622,-0.00009503329030449454,-0.0000754693947600732,-0.00008222547375381277,-0.0000751327349013741,-0.00006727449690988404,-0.00010452016243310064,-0.00008996730936224638,-0.00006983981766632262,-0.00007774881160348516,-0.00007627746953000952,-0.00007780573947706086,-0.0000696011773328573,-0.00007447049698817038,-0.00007797253332041373,-0.00007651530447783183,-0.0000941573380050147,-0.00006621998811002391,-0.0000985284650091019,-0.0000749549478687387,-0.0000753319036730314,-0.00007619943673961465,-0.00010335484646194459,-0.00008147071721679925,-0.00007620575093264425,-0.00008092125983653951,-0.00008826596732590392,-0.00007866495453605268,-0.00007469830307404174,-0.00008368202383273406,-0.00007889064159907286,-0.00011036464554091332,-0.000079320161931775,-0.00007858348926931345,-0.00008354221730861526,-0.0000855769483250022,-0.00007805523465112421,-0.00007748782609806262,-0.00008443659197611718,-0.00007851513485672358,-0.00008995248626675245,-0.00007696239265733355,-0.00008571965952735487,-0.0000760660906130244,-0.00007812723341039804,-0.00006979724710505508,-0.00011870664020715416,-0.00015157808597445835,-0.00007657172739624881,-0.00008684328516234528,-0.00009445151185646633,-0.00007695953387687106,-0.00007351516598990028,-0.00007573965459996125,-0.00007463337127117743,-0.00006133094731679842,-0.00007534834418070835,-0.00007869609784469112,-0.00007868527224732811,-0.0000771414533499625,-0.00007583915122176294,-0.00006623516473871268,-0.0000885594114426043,-0.00009214983937601405,-0.00007615292621175281,-0.00008956175738050962,-0.00015197519556463428,-0.0000768337348331142,-0.00007415176506660962,-0.00007666154209682625,-0.00007736700473624519,-0.00006885584423451566,-0.00012131609492797729,-0.00007666905716958331,-0.0000768125159433514,-0.00010095968579896819,-0.00009951247424248822,-0.0001017521705676703,-0.0000794424041020865,-0.00007790401457143686,-0.0000829640639232974
-0.00010066626220819481,-0.00009667664624746244,-0.0000944453834496019,-0.00009226875103091861,-0.00009537395156927452,-0.00012095722253393343,-0.00009779598371463267,-0.00010155865281745736,-0.0001189307560775883,-0.00009859219550649708,-0.00010894491435092689,-0.0001010521677374516,-0.00009728291396671762,-0.000098210520032669,-0.00009938688326053123,-0.00010102043483564036,-0.00009809289418508918,-0.00009844168439215452,-0.00011709584251967033,-0.00009684430559490266,-0.00010459647696918732,-0.00009648628573066437,-0.00008859599642563429,-0.00013262096382641417,-0.00011361013631626587,-0.00009148689926405124,-0.00009945636018896016,-0.00009805236781116774,-0.00009957422791124445,-0.00009125747726361212,-0.0000963780603999294,-0.00009994073408546762,-0.00009825841454521392,-0.00012098358673064163,-0.0000886856173642369,-0.00012455129682796556,-0.00009644704006498057,-0.00009717980652016643,-0.00009809371154618894,-0.00012528106087769507,-0.00010389576939098195,-0.00009781828934127013,-0.00010302636222046574,-0.00011019179058729866,-0.00010052072702615623,-0.00009560245625518904,-0.00010686710624231737,-0.00010215195993578348,-0.00013253506187491072,-0.00010128084216586028,-0.00010034848983956197,-0.00010614904195617729,-0.0001087755136200326,-0.00009980068601145447,-0.00009893608269835155,-0.0001075708930049984,-0.00010017443487008159,-0.0001124620384165125,-0.00010470283022425027,-0.00010803319729536021,-0.00009774679151281138,-0.00010053152628100478,-0.00009116229882466101,-0.00014192900740875983,-0.00018242930188912737,-0.0000984006007479952,-0.00010944804126329085,-0.00011785086717471197,-0.00009864646125392247,-0.00009534380902521779,-0.0000973225576539098,-0.00009603603771884714,-0.00008345642900995585,-0.00009690819192748054,-0.00010051661131095941,-0.00010057966001130101,-0.00009879045902382625,-0.00009738626468348889,-0.00008854158888493469,-0.00011101702514600465,-0.00011522109084829632,-0.00009771175003752934,-0.00011212665033636612,-0.00018984138154951648,-0.00009873533289694305,-0.00009656660517210359,-0.000098318521303638,-0.00009900730290867527,-0.00008964512522086673,-0.0001457791161425679,-0.00009837884672989701,-0.00009845388885679616,-0.00012347895029013423,-0.00012254240421466682,-0.00012859321352885164,-0.00010133458490606555,-0.00009970961477282034,-0.00010641366825781768
-0.00012497631706809222,-0.00012054648640094935,-0.000118380611457487,-0.00011529148029604125,-0.00011976464265129215,-0.00014746846377889863,-0.00012200376772231444,-0.00012623920121270218,-0.00014915749596997074,-0.00012249128792010233,-0.00013502298326018318,-0.00012544756873339777,-0.00012117747368195196,-0.00012250324397206872,-0.00012324190895949427,-0.00012535251643299962,-0.00012210958297430784,-0.00012259723243263808,-0.00014240521743186653,-0.00012085160045375054,-0.00012942820403119077,-0.00012029394008520385,-0.00011241321523516702,-0.00016152843688631822,-0.0001399178954352854,-0.00011557894766909725,-0.00012358946952615885,-0.00012230156833440418,-0.00012387784823951513,-0.00011538348731994696,-0.00012072174988556384,-0.00012443047711623232,-0.00012244753745170898,-0.00015218972138463747,-0.00011358916468847783,-0.0001541481244612543,-0.0001203810417943124,-0.00012150104007647599,-0.0001225405864254959,-0.00015091483886471802,-0.00012866291095871163,-0.00012197151977439428,-0.0001276707873617713,-0.00013481974899936727,-0.00012481816711276193,-0.00011899572698097323,-0.00013275554140803526,-0.0001281063000648592,-0.00015701472632379974,-0.0001257405940034094,-0.000124541137088997,-0.00013129814373803598,-0.00013443679676040555,-0.00012404515059734417,-0.0001227590190117972,-0.00013369731466410893,-0.00012430071203355837,-0.00013780758588952715,-0.00013392670325189238,-0.00013239531385196544,-0.00012196921211458628,-0.000125182234975321,-0.00011506351898677323,-0.0001679154714680266,-0.00021612680379368832,-0.00012268904200300978,-0.00013414799715425624,-0.00014361971975908325,-0.00012274078068189636,-0.0001196060802615828,-0.00012136516195858078,-0.00012006817234912186,-0.00010838817793023297,-0.0001209922162837723,-0.0001248015322167303,-0.00012491991845740562,-0.00012283897395333305,-0.00012146343733269546,-0.00011332701073444222,-0.0001361195727274659,-0.00014090325300975277,-0.000121844094610394,-0.0001371180440846178,-0.00023745706477008903,-0.0001231236781512511,-0.00012160107537137181,-0.00012246071729957753,-0.00012312626400392632,-0.00011341102520624446,-0.00017247107763590952,-0.00012258292188064372,-0.0001226319944853086,-0.0001492610047634354,-0.00014863854183249972,-0.0001598528530631314,-0.00012570371088468094,-0.00012391734329849567,-0.0001332809556291064
-0.00014868255793268345,-0.0001437002212524707,-0.00014161999004367153,-0.00013738232492815884,-0.00014336993243500206,-0.00017383540767731704,-0.00014542053120095603,-0.0001502543952843612,-0.00018170243206764246,-0.00014562677477627563,-0.00016109667084166095,-0.00014907073067464138,-0.00014426073435197322,-0.00014613517164467589,-0.00014639545057229718,-0.0001489460582602391,-0.00014547162988735575,-0.0001461544164866202,-0.00016788262122173123,-0.00014422995228009663,-0.0001534007950764813,-0.0001434256340110316,-0.00013559801501298316,-0.0001884067791176571,-0.0001653294550343372,-0.0001389896333810085,-0.0001469595018163883,-0.00014586195154456182,-0.00014760042723908998,-0.00013875705725920718,-0.00014422846949515292,-0.00014821578214373982,-0.00014586549867401583,-0.00018433935564872612,-0.00013707613839786516,-0.00018420303471385107,-0.0001435451695634145,-0.0001450885919639606,-0.0001463556575876107,-0.00017747531958372203,-0.00015238658412159329,-0.0001453997545803498,-0.00015168492509408282,-0.00015878454860943412,-0.00014838617538204442,-0.00014173518870570401,-0.00015810973331843817,-0.00015299378972082013,-0.00018209482815824635,-0.00014949666726016647,-0.00014797137096580348,-0.00015569464694283755,-0.00015956947993658947,-0.0001475356805541562,-0.0001457108464386972,-0.00015960194231207878,-0.0001477633687665815,-0.00016265994263098884,-0.00016177222406305096,-0.00015574480642044768,-0.00014549486063345524,-0.00014898488302843613,-0.00013835467616082363,-0.00019402954115204317,-0.0002526291027684409,-0.0001463240900868229,-0.00015771893079462025,-0.00016878237484257866,-0.00014596434661985432,-0.00014317472552657185,-0.00014461215503925408,-0.00014338745128242164,-0.00013230854892971994,-0.00014437886015253765,-0.0001483125888016051,-0.00014856529197123717,-0.00014605354624014683,-0.00014485693727267956,-0.00013717798643351342,-0.000160337664051926,-0.00016543050825518113,-0.00014483770716924307,-0.0001614587903095155,-0.00029498411231346374,-0.0001468226921721014,-0.000145676732520402,-0.00014588295880395334,-0.00014637928420318172,-0.00013689493484952134,-0.00019852153489889618,-0.0001460134368984751,-0.00014613026855507302,-0.00017561651094321837,-0.00017449451650080523,-0.00019271627195921752,-0.00014934412262456,-0.00014728059562352962,-0.00015998162647655432
-0.00018097709285715434,-0.00017534563446612028,-0.0001734484416711867,-0.00016812379091494782,-0.00017547937944579353,-0.00020913325796035752,-0.00017734797340185273,-0.00018283465680404387,-0.0002250841647600651,-0.0001773464683742949,-0.00019619137954002952,-0.0001811643920701156,-0.00017581473065576492,-0.0001782872564606458,-0.0001781105246078699,-0.0001810805968177978,-0.00017737151080069529,-0.00017834415117184903,-0.0002026802535369911,-0.0001761098007700407,-0.00018580369195740298,-0.00017531852103212716,-0.0001674246738811702,-0.0002221143548229868,-0.00019976649367214747,-0.00017095274490949448,-0.00017884966890268595,-0.00017804210300140645,-0.0001798931331805263,-0.0001708325765943217,-0.00017618229020086566,-0.00018055894441518716,-0.00017789975347176068,-0.00022829509561548834,-0.00016850611966949023,-0.00022341182545629722,-0.00017516834712210408,-0.00017725213516111513,-0.00017873329165360267,-0.00021377092025016135,-0.0001845591657441153,-0.00017723062914093418,-0.00018426093478377906,-0.00019135251356179747,-0.00018055903851929832,-0.0001729867532955505,-0.0001921904018969227,-0.00018630336892159027,-0.00021715175822533962,-0.0001818415006382213,-0.00017985519704666951,-0.00018852004137220218,-0.00019374738305112074,-0.00017952845172094316,-0.00017710480257662842,-0.00019381329569023598,-0.0001797600419520868,-0.0001961285104594243,-0.00019782433135792388,-0.00018744216406910461,-0.00017755402048341153,-0.00018106940372601368,-0.0001701814916548762,-0.0002278659028540331,-0.00030306507753882935,-0.00017874553867042257,-0.00018948773478011442,-0.00020217056146124693,-0.00017776866280281857,-0.00017528661220848012,-0.00017632024998372355,-0.00017504946423680366,-0.00016432375242042527,-0.00017625450489562882,-0.000180308890512378,-0.00018075591759332234,-0.00017776597190318258,-0.00017682162207787922,-0.0001693915091351928,-0.00019251749197026234,-0.00019800886191612084,-0.0001764908532179206,-0.00019440590262007792,-0.00037040624476589455,-0.00017903015001248437,-0.00017799182472379467,-0.0001777564572234445,-0.0001780129899750919,-0.0001688215490507851,-0.00023429914589991573,-0.00017795294947745488,-0.00017810898650311974,-0.0002121022059175981,-0.00020932739276981126,-0.00023606829974091262,-0.00018149322173896673,-0.00017905803003191132,-0.00019534750122647586
-0.00024214261009938707,-0.00023570412322420744,-0.00023417495105728514,-0.00022826071255764254,-0.00023666911904425916,-0.00027328607187588147,-0.00023809574153296374,-0.0002443693110122701,-0.0002987793988157283,-0.00023793868460175808,-0.00026085450348276875,-0.00024209074485586658,-0.00023613068464678076,-0.00023926394865081229,-0.0002386421949601544,-0.0002421367987139268,-0.0002381072202660112,-0.00023941151162350325,-0.0002667258885266053,-0.00023685007275305188,-0.00024717957006873,-0.00023626051068288359,-0.00022821604642020123,-0.0002815777845814049,-0.00026371575382146107,-0.00023182267436728756,-0.0002396679605469228,-0.00023916637630175204,-0.0002411042281851671,-0.00023199946307472991,-0.0002370129192110907,-0.00024183394164025394,-0.00023902608086207754,-0.0003033780309965414,-0.0002296210426706342,-0.00029175661902922046,-0.00023564649015825096,-0.00023837970727971712,-0.00024005492894719279,-0.0002799202287579628,-0.00024556457621098933,-0.00023788500392229978,-0.0002457352156758729,-0.0002529105667293753,-0.00024165834570349725,-0.00023334970413802357,-0.0002558671648825721,-0.0002489781216947569,-0.00028157687808591113,-0.00024316001800161,-0.0002405927320087755,-0.00025025745642873144,-0.0002573786447811694,-0.00024047997271003173,-0.0002374574946554277,-0.0002565652537087762,-0.00024060799319996725,-0.00025889197149218924,-0.0002627573007420533,-0.0002478434841956679,-0.0002384959924009827,-0.00024214077947912408,-0.00023073647225742148,-0.00028834237638146796,-0.0003874549353733715,-0.0002402835446155349,-0.00025003800200547376,-0.00026387533063330584,-0.0002386118792768361,-0.00023618952180050424,-0.0002369839593229837,-0.00023542264382593462,-0.000224818536886056,-0.00023690191744065266,-0.00024126570839066243,-0.00024178087367028245,-0.0002384338486930849,-0.0002378659192049148,-0.00023047048658238258,-0.0002534737191112114,-0.000258968292758777,-0.00023715474387445192,-0.00025598145310850424,-0.0004803187832628024,-0.0002401059861349777,-0.00023909119183458305,-0.00023840211113417234,-0.00023856532737673452,-0.00022946765787230537,-0.00030106155095173913,-0.00023873220251022307,-0.00023897541945182163,-0.00027860749176005856,-0.00027266907979943324,-0.00030857843666197383,-0.00024251870078870292,-0.00023966836960487336,-0.00026012937491860387
-0.0003471347850118944,-0.00033981284572523306,-0.0003386142163869666,-0.0003323767261154227,-0.00034184290174411,-0.0003811594522247353,-0.0003424296998542044,-0.0003496383821488987,-0.00041749749823436015,-0.0003420635748001797,-0.0003698039389775101,-0.0003467322479119983,-0.0003399342287161435,-0.0003439266418421859,-0.00034290807855941717,-0.0003469228765986109,-0.000342546059547569,-0.00034428301108390536,-0.00037472563361311604,-0.00034136404482625716,-0.0003524625482862217,-0.00034093658275827476,-0.00033282723383365193,-0.00038285436902613,-0.00037152631666274275,-0.0003363123772628325,-0.0003441959793035806,-0.0003439204712875342,-0.00034608339690755724,-0.00033687667298231403,-0.0003416614335949389,-0.00034680703601985824,-0.00034398861955623345,-0.0004221871538640666,-0.00033518330197867706,-0.00040365965955035466,-0.000339850804799115,-0.00034332716713215706,-0.0003450557265358849,-0.00038993624972754763,-0.00035023115228862204,-0.00034217697610223585,-0.0003509416562227752,-0.0003585543451601449,-0.0003464094381322677,-0.00033782497717616846,-0.0003640822437574481,-0.0003555631089569725,-0.00038983639803968906,-0.0003483396059676447,-0.0003450680863272471,-0.00035531662648897745,-0.00036538885997955764,-0.0003451638632615894,-0.00034150076626464506,-0.00036289724257617295,-0.0003450743028899314,-0.0003662235215819662,-0.00037259090735366964,-0.00035208373166068337,-0.0003431193449928457,-0.00034699106906411,-0.00033495249578197777,-0.0003915213343185957,-0.0005193701834877582,-0.00034551896411577285,-0.0003541981348619824,-0.00036885237335898124,-0.00034321426643248664,-0.0003406919492714176,-0.0003415409666585679,-0.00033957004432584023,-0.0003292181663743824,-0.00034118767614010843,-0.00034604668047849026,-0.0003464671368457529,-0.00034281059940189507,-0.0003429229239633292,-0.00033525510928450605,-0.0003588943168266473,-0.00036381478111755764,-0.0003411260634948439,-0.00036062243304493536,-0.0006433736956567031,-0.0003448419824561076,-0.0003438801966274742,-0.0003426537308191554,-0.0003429232953291772,-0.0003339580395034309,-0.00041338888151717284,-0.0003431851533089982,-0.0003435979199888385,-0.0003892428453878833,-0.0003787324992201527,-0.00042382125992434383,-0.00034730902323667535,-0.0003440054123445292,-0.0003693743661916253
-0.0005313643107318091,-0.0005234467699054939,-0.0005223555870359689,-0.0005156132660021191,-0.0005264386267895176,-0.0005681158911492032,-0.0005259229588766683,-0.0005340670236908829,-0.0006159065408393881,-0.0005251580022695005,-0.0005577044655703985,-0.0005305161329434114,-0.0005226520973453607,-0.000527799354636197,-0.000526299113004012,-0.000530871314761282,-0.0005260312935843743,-0.0005282852698766043,-0.0005623610495962221,-0.0005249285250881185,-0.000536934813585861,-0.0005247277575659457,-0.0005166272207315749,-0.000563877545943978,-0.0005584564144563263,-0.0005197401273290942,-0.0005278933053703083,-0.0005276750731846621,-0.0005302144493007549,-0.0005207474182240387,-0.0005256567210306038,-0.0005308617938777382,-0.0005282064547813283,-0.0006186120985736297,-0.000519730606793672,-0.0005947706161659428,-0.0005233818965613059,-0.0005274936594700252,-0.0005291490077792301,-0.0005779919553739949,-0.0005341281483460333,-0.0005253945748628668,-0.0005352463332700247,-0.0005432803288742281,-0.000530380778876325,-0.0005216515645030601,-0.0005506889739417533,-0.0005412157196524779,-0.0005765106883246398,-0.0005327865522471952,-0.0005285663735319444,-0.0005390007219067967,-0.0005531788575515011,-0.0005289014119784714,-0.0005244549120019963,-0.0005481890560921479,-0.000528633546512747,-0.0005533364529908378,-0.0005634424576357087,-0.0005357621594117267,-0.0005269074957633471,-0.000531255142419823,-0.0005183412529346825,-0.0005743680713459431,-0.0007330295352536188,-0.0005297444787374158,-0.0005373871301438747,-0.0005525601952823945,-0.000526969618037682,-0.0005242190247205753,-0.0005253127525940243,-0.00052285016523261,-0.0005134220022429399,-0.0005246445115281275,-0.0005299514701200417,-0.0005302310299480839,-0.0005263833711765208,-0.0005273481720204068,-0.000519325601401235,-0.0005442316997305038,-0.0005485255809352207,-0.0005238579596495674,-0.0005440849871979099,-0.0008955211378370571,-0.0005286590423098261,-0.0005278558621417363,-0.0005259915193109041,-0.0005266670944659208,-0.0005174444096667877,-0.0006042757713593048,-0.0005267970465649486,-0.0005274317408401929,-0.0005795113484023775,-0.000562696075007808,-0.0006173972673824596,-0.0005312523716825628,-0.0005276078876167207,-0.0005585901129983733
-0.0008573721413480814,-0.0008492370305967845,-0.0008478881349257573,-0.0008405248946683332,-0.0008528479775892393,-0.000895842451880732,-0.000851375262000183,-0.000860375893952309,-0.0009561720216363858,-0.0008499637113322486,-0.0008863080942790498,-0.0008561647544056464,-0.000847088820002338,-0.0008535496817054893,-0.0008513992789775191,-0.0008566756470545281,-0.0008511969689000789,-0.0008540330499785888,-0.0008916926380954694,-0.0008502885353079052,-0.0008630071087882164,-0.0008504771274846168,-0.0008420518244280594,-0.0008896796128955192,-0.0008871725812259887,-0.0008448494290601383,-0.0008535809699689747,-0.0008530727146007293,-0.0008560583238017203,-0.0008463674663773135,-0.0008514901892302182,-0.0008568043983197176,-0.0008544538636226063,-0.000957781610133543,-0.0008457297937285194,-0.0009277630269212327,-0.0008490977608053004,-0.000853560347953006,-0.0008550434893076648,-0.0009067602134294378,-0.000859794717400404,-0.000850212037097356,-0.0008613849413655478,-0.0008689907607150578,-0.0008563312747426688,-0.0008473113448886811,-0.0008764361853139482,-0.0008686297796252061,-0.000904191951944046,-0.0008590707983816498,-0.0008537480407460785,-0.0008642250828426632,-0.0008827005967500377,-0.0008544188975292545,-0.0008490676969284295,-0.000876298298068412,-0.0008540160900265435,-0.0008822162391573991,-0.0008988697252628212,-0.0008613871473515525,-0.000852528755000489,-0.0008576911297100459,-0.0008434192362565071,-0.0009005762794808228,-0.001088242708433069,-0.0008558346738562197,-0.000862404327723569,-0.0008777891616141629,-0.0008524472730988258,-0.0008494780682818356,-0.0008509330520905919,-0.0008479282789344677,-0.0008396975057078655,-0.0008498701145960631,-0.0008556037242509506,-0.0008556718594612242,-0.0008518685579066499,-0.0008537793706929284,-0.0008451933165127577,-0.0008712367502382222,-0.000875507226182982,-0.0008484009904952941,-0.0008697229304910231,-0.0012989543258901453,-0.0008543209700299742,-0.0008536970683651116,-0.0008511627177153324,-0.0008520732541517132,-0.0008426391948606183,-0.0009347038973288804,-0.0008522715522280473,-0.0008531191831586565,-0.0009118364363519434,-0.0008883496339492218,-0.0009531108774909657,-0.0008569890091119215,-0.000853104817929339,-0.0008904307357618803
-0.001453802557966463,-0.0014456388683310557,-0.001443828742351138,-0.001435861974972525,-0.0014497114024035415,-0.001492347519737201,-0.0014474209533928103,-0.0014572170197965873,-0.0015668112074682843,-0.0014450986751646032,-0.0014839188624885082,-0.0014524835819736267,-0.001442066556856325,-0.001449800058448959,-0.0014468944691817158,-0.001452944788332782,-0.001446532278441741,-0.001450106944930012,-0.0014912535881175335,-0.0014460865998608247,-0.0014592983984965764,-0.0014467892225393372,-0.0014377121095195046,-0.0014893105450986095,-0.0014850474678606861,-0.001440096141508904,-0.0014498478236321464,-0.001448662142691339,-0.0014522496687077724,-0.0014424840775839902,-0.0014477030068158578,-0.0014533449602100804,-0.0014514012950766167,-0.0015666297940614064,-0.0014417132601224256,-0.0015302322150762475,-0.0014455107024703771,-0.0014501419363524318,-0.0014513577219913468,-0.0015053880534760004,-0.001455868049757554,-0.0014452047978669403,-0.001458055872714751,-0.001464722979381436,-0.0014527667927078085,-0.0014434289242184423,-0.001470470879815819,-0.0014665596154001138,-0.0015019061413757064,-0.0014557068785497917,-0.0014493235114786994,-0.0014599427459701215,-0.0014817422850613316,-0.0014504277746029588,-0.0014441691163260008,-0.0014753286080328568,-0.0014499214065860177,-0.001480650093370048,-0.0015054498700695518,-0.0014575569815582054,-0.001448695349793236,-0.001454605843884251,-0.001438830478588506,-0.0014992137828614032,-0.0017122083099892738,-0.0014524628713311778,-0.001457869925438266,-0.0014734333858553272,-0.0014482120761510758,-0.0014452011676483027,-0.0014472068198600294,-0.0014434845692016867,-0.0014363827275126896,-0.0014455084508053697,-0.0014516248375215153,-0.0014513822176577909,-0.0014477990531193666,-0.0014506732386783115,-0.0014412144755516242,-0.0014672084690978777,-0.0014728784620789176,-0.0014435774613585388,-0.0014665762651934122,-0.001991509108154442,-0.0014504184865218326,-0.0014500823784988435,-0.0014468748524022502,-0.001447474698066491,-0.0014382425816334065,-0.0015338857841138052,-0.0014482013485850591,-0.001449294394137826,-0.00151407807080268,-0.001485076210783952,-0.0015589720028045422,-0.001453105449486375,-0.0014489841893828416,-0.001492324870538823
-0.0026843117578945926,-0.002676480718660285,-0.0026738249790724876,-0.002665044019737982,-0.002680737074512351,-0.0027225685918552418,-0.0026776662058505445,-0.002688215554667618,-0.0028096509665236306,-0.0026744292467555325,-0.0027150137905937984,-0.002683220269808183,-0.002671382735598989,-0.002680326863063626,-0.002676921979461824,-0.0026833718265608505,-0.0026757190535488824,-0.0026802438835144974,-0.0027252969152310805,-0.002676090167340147,-0.002689575762766184,-0.0026772057280245553,-0.002667827568332514,-0.002725423378745294,-0.002716230935362346,-0.002669164870091554,-0.0026803706050927707,-0.0026782332069368725,-0.0026826678595964094,-0.0026727721594771133,-0.0026781408382156383,-0.00268421108199963,-0.0026827344414340733,-0.0028028211424463807,-0.0026717678047783635,-0.002764754554229631,-0.0026762298387814224,-0.0026808643485016206,-0.002681756173026029,-0.002737725323619938,-0.002686249988020401,-0.002673862169069399,-0.002688823155437182,-0.0026944809930119985,-0.0026832563338739725,-0.0026735819931515497,-0.002697435612232079,-0.0026986568603437197,-0.0027338812375943553,-0.00268635751636957,-0.0026791060941869713,-0.0026902217824241225,-0.0027134389740708694,-0.0026805875007080955,-0.0026735806891430717,-0.0027084269187738746,-0.0026799757426004414,-0.00271149484969355,-0.0027430225613069704,-0.002687839033673544,-0.0026790352015310854,-0.0026857712178576174,-0.002668605217338036,-0.002732670685087147,-0.002975485249732121,-0.0026833025952661773,-0.0026873588729492805,-0.0027035668242738125,-0.002678198155000137,-0.0026752681662100125,-0.002677911132753052,-0.002673361373888963,-0.0026666528900866652,-0.0026753066588142763,-0.002681627757129948,-0.002681228162959926,-0.0026778914546481247,-0.0026815441931356664,-0.002671167375151836,-0.002696541685366873,-0.002703496680761851,-0.0026729900330875085,-0.0026978552014522835,-0.0033195769442066632,-0.002680560103328902,-0.0026808280618256675,-0.002676888346380646,-0.0026767294710532885,-0.0026680394588098695,-0.0027664276938975264,-0.002678173619470832,-0.0026796685649674475,-0.0027487337740453215,-0.002716670857341695,-0.002797870933703576,-0.002683334246292919,-0.0026792659585472994,-0.002726775399068457
-0.005721552959735805,-0.005714298354770195,-0.005710304071389926,-0.005700636949624704,-0.005718630086592317,-0.005760348729532598,-0.005714721373752476,-0.005725947433067621,-0.00585583179142418,-0.005710708540102273,-0.005753328395292686,-0.005720855142560119,-0.005707563678874731,-0.005717884100391532,-0.0057142754096791044,-0.005720661045777203,-0.005711366999547121,-0.005717186640985936,-0.005764799808003741,-0.005712938150103071,-0.005726573559483351,-0.0057144502628548,-0.005705150911826392,-0.00576909435519434,-0.005754200537335982,-0.005705039369055025,-0.00571786236732888,-0.005714716164875831,-0.0057201020301945234,-0.005709896118332624,-0.005715791064462014,-0.005721939693115236,-0.005720998218495663,-0.005836915550494915,-0.005708937104070043,-0.00580301552424358,-0.0057139786587829065,-0.005718423739637787,-0.005718664002108582,-0.005776297289094762,-0.0057238396480464564,-0.005708636326655477,-0.005726306520000054,-0.005730794924844858,-0.005720460459811903,-0.005710490237348022,-0.00573154390288295,-0.005737748211113298,-0.0057724735225220345,-0.005723720457054738,-0.005715656061389813,-0.005727271516691515,-0.005751194426339524,-0.005717600744538304,-0.005709876210960408,-0.005747055946587672,-0.0057166304145245365,-0.005748022606248037,-0.005786381790565169,-0.005724755210354246,-0.005716137250136706,-0.005724250852814921,-0.005705347512098785,-0.005773887388577153,-0.006045950379189665,-0.005720855256798281,-0.005723719273015532,-0.00574048958107956,-0.0057150175327685074,-0.005712443067151072,-0.005715335167512459,-0.0057103025151399945,-0.005703069451341173,-0.005711787313886035,-0.00571835177306136,-0.005717925433506377,-0.005714738402236297,-0.005719467175641469,-0.005707713429721067,-0.005732617709455575,-0.005740436475080465,-0.005709186039651467,-0.005735762145772803,-0.006447709763250393,-0.0057172116610178176,-0.005718456055202245,-0.005713927608689438,-0.005712657648377005,-0.005704766068048,-0.005805160727763931,-0.00571479204494805,-0.005717000679479044,-0.005788212171865777,-0.005755380862462216,-0.005844340512910431,-0.005720170853304097,-0.005716844432978714,-0.005766039697747699
-0.01604918462738024,-0.0160429579160205,-0.016037208703036925,-0.016026573325545804,-0.016046964966424132,-0.016088977299158855,-0.016042148257772584,-0.016054031635833778,-0.016189978047152588,-0.01603740364648456,-0.016082780240287357,-0.016048962989929437,-0.01603433455731067,-0.016045824352731275,-0.016042501743938016,-0.01604848595763636,-0.01603744454262165,-0.0160446529047101,-0.016093057967514007,-0.016040428016690898,-0.016054626227723984,-0.01604234725922333,-0.01603304881750675,-0.016102115296119063,-0.016082261211627733,-0.01603181244264872,-0.01604583263787555,-0.016041966330989692,-0.016048097584735098,-0.016037782021055186,-0.01604412992343332,-0.01605008581724328,-0.016050001918066194,-0.016159668718954058,-0.016036930102496766,-0.016129818019346154,-0.016042542417607483,-0.01604634310304053,-0.01604552379663863,-0.01610522212884354,-0.01605191297030864,-0.016033348814621304,-0.016054310517733608,-0.016057369467880396,-0.01604798701084022,-0.016038008230524606,-0.016057151443240252,-0.01606812941816746,-0.01610120654989279,-0.016051406055430442,-0.01604291085139156,-0.016054571019858726,-0.01607973998063575,-0.01604501254642491,-0.01603678857101623,-0.01607436553868453,-0.016043437269611837,-0.016075243798067792,-0.0161183978510439,-0.016052002359537416,-0.016043480672446375,-0.01605291660454277,-0.01603264627341847,-0.016106160202833508,-0.016401185390654306,-0.016048366717825217,-0.016050831589200648,-0.016067082613363336,-0.016042286592988248,-0.01604026670004477,-0.01604268574839345,-0.01603797104389451,-0.016029700785836924,-0.016038494476594386,-0.01604547802653703,-0.016045429554426515,-0.016042142139024853,-0.016048296592163905,-0.016034551911291075,-0.01605931785551265,-0.01606707769891975,-0.016035583077460017,-0.016063922673639916,-0.016852866855218206,-0.016044170595492627,-0.016046012480710317,-0.016041462856598347,-0.0160390382240947,-0.01603173593795105,-0.016135385484891705,-0.016041832835173596,-0.016045028238507654,-0.01611576620233563,-0.016084103124325316,-0.016182179421976955,-0.016047439784152087,-0.016045176740255844,-0.016095151035768425
-0.0707416559311425,-0.07073743045140851,-0.07072951923355705,-0.07071848282743541,-0.07074010294323418,-0.07078220707482283,-0.07073442325783316,-0.0707474235282568,-0.07088653682337785,-0.07072922998612008,-0.07077659734402718,-0.07074269218867962,-0.07072699798985564,-0.07073872425266896,-0.07073568063732974,-0.07074171788018879,-0.07072940570001002,-0.0707373526919235,-0.07078553195906286,-0.07073337767119348,-0.07074898749452208,-0.07073516002902352,-0.07072605138630488,-0.0707988432737106,-0.07077418402565225,-0.07072469483379393,-0.070738519957491,-0.07073465510012256,-0.07074112950349615,-0.07073144048117537,-0.07073713305186669,-0.07074303168886402,-0.07074367704646345,-0.0708495445167544,-0.0707303671496593,-0.07082065372424587,-0.07073588876041798,-0.07073934948297528,-0.07073777951580679,-0.07079785280090978,-0.07074449498154564,-0.07072397936715454,-0.07074726614210299,-0.07074905125719325,-0.07074062723332072,-0.07073126693510234,-0.07074880666053081,-0.07076303589004224,-0.07079470282979596,-0.07074366804012494,-0.07073516766255483,-0.07074700054516297,-0.07077316224492236,-0.07073740624087471,-0.07072915820704329,-0.07076690580466043,-0.070735195346568,-0.07076830593419481,-0.0708128817782917,-0.07074496860585733,-0.07073568341510528,-0.07074573845499157,-0.07072523721648981,-0.07080082914212754,-0.0711127984921718,-0.0707406877542362,-0.07074293866833767,-0.07075849820783561,-0.07073517055487336,-0.0707334476904216,-0.07073530544921791,-0.07073103573174944,-0.07072267164849531,-0.07073073250766919,-0.07073784687385827,-0.07073905540666184,-0.07073498370652179,-0.07074226252192281,-0.07072687100271258,-0.07075152059085707,-0.07075915903173063,-0.07072716929967278,-0.07075784848471117,-0.07159564924535222,-0.07073646382473937,-0.07073844517041097,-0.07073397266813822,-0.07073086732736646,-0.07072368842075052,-0.07082995285696461,-0.07073452318356661,-0.07073818154899625,-0.07080728875198189,-0.07077735727941672,-0.07088556157624906,-0.07074007110501465,-0.07073918950469177,-0.07078912723075194
