-0.06681262453817695,-0.06681155736556436,-0.06681264574202975,-0.06681291320647206,-0.06681106785464422,-0.06681237171447037,-0.06681521847088065,-0.06681328541083029,-0.06681256678617356,-0.06681230172220473,-0.06681264167256523,-0.0668135148847768,-0.06681302414346688,-0.06681420413501178,-0.06681190471254003,-0.06681097545117204,-0.06681163436601911,-0.06681181655099529,-0.06681071722182781,-0.06681125382750329,-0.0668136405073175,-0.06681220866998556,-0.06681364403421171,-0.0668137836562054,-0.06680995584788528,-0.06681306095706083,-0.0668135270996728,-0.06681308225625521,-0.06681256139718152,-0.0668133511756876,-0.06681244740551691,-0.06681099169755192,-0.06681032665725557,-0.06680982620205721,-0.0668113565735559,-0.06681222936595783,-0.06681193795320682,-0.06681495327855606,-0.06681243744534124,-0.06681199792548458,-0.06681240290787645,-0.06681372363274232,-0.06681097814471758,-0.06681113517348372,-0.06681253207724534,-0.06681231717509017,-0.06681224834615784,-0.06681005500678303,-0.06681178860199963,-0.06681234885450339,-0.06681344910256422,-0.06681111690323772,-0.06680928436288563,-0.06681063697868052,-0.0668127422796158,-0.06681187111185423,-0.06681290240276035,-0.06681271187546681,-0.06681194426891955,-0.06681259585158374,-0.06681176544511841,-0.06681135867649388,-0.06681364597826712,-0.06681169930872306,-0.06681387607389568,-0.06680896065729292,-0.0668112742279116,-0.0668118363768751,-0.06681176042106995,-0.06681385235165796,-0.06681259941465843,-0.06681426307574344,-0.0668127518239931,-0.06681347478779913,-0.06681362007889445,-0.06681448370736025,-0.0668114526099468,-0.06681127291682734,-0.06680944705285509,-0.0668117881709043,-0.0668113151357037,-0.06681146433667955,-0.06681413441274152,-0.06681330683450926,-0.06681128282688398,-0.06681104794546582,-0.06681284339149941,-0.0668126970039847,-0.0668110463366307,-0.06681136745751338,-0.06681134869285232,-0.0668119659787125,-0.06681024666415926,-0.0668110032751168,-0.06681272089372142,-0.06681063948068065,-0.06681382840741855,-0.06681281151925705
0.02695831776158219,0.026958526380692162,0.026958816459793943,0.02695921611287759,0.026958485933481113,0.026958256566797983,0.02695865703875048,0.026958486740025392,0.026958781608366927,0.02695853289922813,0.02695867859013492,0.02695891091617251,0.02695816220288448,0.026958340557611246,0.026958245448364768,0.026958571693600192,0.02695841285388495,0.026958172340839484,0.026958979880616178,0.02695900468657412,0.026958607778559497,0.02695815512418767,0.02695842866367478,0.026959483063069743,0.02695873108890829,0.026958771641081028,0.026957949709501234,0.02695833192609669,0.026958637902958087,0.026958626827960068,0.026958397004000288,0.026958329575536937,0.02695827423407137,0.026959127430394327,0.02695935180406908,0.026960311005570215,0.026958502623466045,0.026958440440867315,0.02695897735381909,0.02695902301616809,0.026958038692851988,0.02695814153799947,0.026957920072536026,0.026958529273309523,0.02695914815838427,0.026958597860475626,0.026958823548146292,0.026958621115155037,0.026959422571636363,0.026958219463513067,0.026958199969781514,0.026958765995033315,0.026958354895350735,0.02695820325517232,0.026958704047311564,0.02695906237945348,0.026958120024170154,0.026958708294030628,0.02695878253180456,0.026958826652081498,0.02695846301251308,0.026958382059307843,0.026958417881663192,0.026958083514203812,0.02695748853177678,0.02695884797540062,0.026958111212490716,0.026958260427291846,0.026958635813679258,0.026957832988771774,0.026958825993738895,0.026958527941902864,0.02695832645907493,0.026958619333541024,0.026958754741760037,0.026958601422470106,0.026958786732670714,0.026957637482921834,0.026958581907784607,0.02695881449633797,0.026959092527313676,0.02695825962798275,0.026958322568283094,0.026957531156553912,0.026958501645663227,0.026958489782585436,0.02695867134295202,0.026958593226968884,0.02695808269779673,0.02695804603231055,0.026958178052895382,0.026958500558998844,0.026959348534295678,0.026958774956687324,0.026959118308515703,0.026958084245412007,0.02695815901962527,0.02695773100315206
0.004584784571428466,0.00458463464381708,0.004584755649103451,0.004584896699191885,0.004584659832426856,0.004584761632160854,0.004584899460254846,0.004584515913320311,0.004585179804281683,0.00458473088361237,0.004584832248219692,0.004584746374739319,0.004584385989288869,0.00458477301137916,0.004584603270458062,0.004584618927142655,0.004584418241563016,0.004584531557365024,0.004585058595456474,0.004584665475977366,0.0045845930677468165,0.00458456009162019,0.004584899604672529,0.004585197334431567,0.00458493723835736,0.0045847739016029645,0.0045845607491267325,0.004584525893910557,0.004584573509300512,0.004584698387993882,0.004584676258961846,0.004584520342765521,0.004584882924710434,0.0045850865321833065,0.004585092284100792,0.0045859562564058015,0.004584730592425021,0.004584674748562103,0.004584860430401938,0.004585181422754554,0.004584481761682418,0.004584461964573738,0.004584368625090903,0.004584520429598473,0.004584865731336471,0.004584646233976979,0.004584776791001065,0.0045848236174836215,0.0045852786717406405,0.004584628943108378,0.004584547488242325,0.004584716281997024,0.004584673761966437,0.0045844569144273695,0.004584518483955196,0.004584992366925429,0.004584412939466693,0.004584583827933283,0.0045848740064775816,0.004584605364880565,0.004584767361484752,0.004584684899999357,0.004584672918152977,0.0045846603157511535,0.004583959980437908,0.004584759903142587,0.0045846804392965235,0.004584538805981534,0.004584609550340695,0.004584396342128016,0.004584579142737434,0.004584643720938744,0.004584689294563996,0.004584750341420663,0.004584818228128309,0.004584751334989286,0.004584775968053573,0.004584351859564187,0.004584714720661699,0.004584734430191786,0.004585107953304487,0.004584633436957688,0.004584585148645348,0.004583897430780464,0.004584461148445358,0.004584635235726285,0.004584770800843823,0.00458457103137278,0.004584608885586004,0.004584328416854943,0.004584311242310924,0.00458457809360523,0.004585361598861137,0.004584723822407665,0.004585018117876188,0.004584317132758265,0.004584438361390183,0.004584143427778708
0.001238076691159181,0.0012379816241172745,0.0012379541015289264,0.0012380581686002234,0.0012379249178424757,0.0012380613500358774,0.0012380335055453967,0.0012378693436524855,0.001238412600658636,0.0012379421425402104,0.0012380655610334424,0.0012379349795495261,0.00123779440903754,0.0012380896827305899,0.001237884035505457,0.0012379492433287598,0.0012378181523159447,0.0012379037190057307,0.0012382076775885554,0.0012379325323870704,0.00123783493278946,0.0012379312764205363,0.0012381755604000825,0.0012384025869129549,0.001238169163492728,0.0012379799590453687,0.001237980531216543,0.0012379068606326532,0.0012378926595820758,0.0012379654568488094,0.0012380627614436731,0.00123781604962604,0.0012381348057992963,0.0012378800260500172,0.001238193175386075,0.0012390197128458434,0.0012380391666082125,0.0012379471802548814,0.0012380649044354416,0.001238271487657658,0.0012379001563849528,0.0012378925537912633,0.0012378474312519671,0.001237842202689121,0.0012380047335307596,0.0012379391705009595,0.001237991110193441,0.0012379963518007735,0.0012383785053645274,0.0012379656449553623,0.0012378263011466606,0.0012380073493246037,0.0012381049693585403,0.0012378638705655147,0.0012378087509669396,0.0012382883783173667,0.0012378117238675793,0.0012378872810952526,0.001238185567725347,0.0012379275268469701,0.0012380133269773489,0.001237951081227295,0.0012380509418552302,0.001238113328960954,0.0012376717771884187,0.001238004461226032,0.0012380359971113737,0.0012379914264612748,0.0012379513385205915,0.0012378615261402102,0.001237973219884253,0.00123795328047337,0.0012379223080556112,0.0012380804221791856,0.0012380308372142994,0.0012380367822174667,0.0012380480647778093,0.0012379082836244202,0.0012379965352026282,0.0012380304350194781,0.001238272537990955,0.0012380384219052736,0.0012379395788139785,0.0012375747836520438,0.0012378275968135577,0.0012379854568604783,0.001238029969789696,0.0012378323248617227,0.0012380063477189012,0.0012377775918974193,0.0012378052745013826,0.0012379073400225053,0.0012385239323991241,0.0012380865142749256,0.0012381119319689175,0.0012377161851132804,0.0012378959315671144,0.001237681720866563
0.0004776367038487317,0.00047761786800661104,0.000477545434234589,0.0004776181888672665,0.00047748993366385716,0.00047765615060899237,0.0004775846321103627,0.0004775032988662126,0.0004779170049139797,0.0004775181651777541,0.00047763384946715383,0.0004775058653535864,0.00047747425351747814,0.000477634729400418,0.0004775145221344451,0.0004775453165641714,0.00047747283617494547,0.00047750585192880797,0.0004776752340076872,0.00047755354613946734,0.0004774421331967771,0.0004775679842456628,0.0004777092072850136,0.0004779245465796552,0.0004777555994182832,0.0004775679355929948,0.00047760482852556463,0.00047751477460006124,0.0004775195028142225,0.00047758456174704626,0.0004776769125376251,0.0004774741234530079,0.0004776782855705668,0.00047706001679661484,0.0004776821021145825,0.00047848241741752905,0.0004775971174355207,0.00047754324041432807,0.00047761124643319516,0.0004777864770329161,0.0004775333442625575,0.0004775494558798408,0.00047751877408841995,0.00047747218254905573,0.0004775688173794026,0.0004775510890976707,0.0004775454397079378,0.00047750530984391336,0.00047785557259606183,0.0004775449151977996,0.0004774740792828772,0.0004775602848888327,0.0004777764566821444,0.0004775084723718832,0.00047747875162328654,0.0004778690390396653,0.00047747201390527184,0.00047751661224357353,0.00047772792276985467,0.00047755025557925414,0.00047756739201810594,0.00047754823918038747,0.0004776508549519615,0.0004776774675329012,0.0004775980844947999,0.00047758667191330104,0.0004776432505811883,0.00047760649306008516,0.00047755384393725507,0.0004775194994226851,0.0004775905154350584,0.0004775286148486164,0.0004775335135989685,0.00047765460298400565,0.00047759980571580375,0.000477590988085034,0.0004776040358312844,0.00047753840514316945,0.0004775878406486758,0.0004776436678710221,0.00047779585657974956,0.0004776546752008899,0.00047754785234375573,0.00047772788486623416,0.00047749632489967856,0.0004775939929947213,0.00047759408311214935,0.00047749525277288745,0.00047759949804242663,0.0004775399752408155,0.00047749819723688874,0.0004775283080088505,0.00047794135584795566,0.0004777026801478818,0.00047759229301594646,0.00047739398112964113,0.000477548002124394,0.00047740827239778545
0.00022942902472537373,0.0002294303739160608,0.00022937067076515228,0.00022942142557377603,0.00022932675213490692,0.00022948581702637521,0.00022939404733478717,0.0002293436527820848,0.00022952175898691764,0.00022934724900599963,0.00022945174829614037,0.00022935062484613901,0.0002293311439200988,0.0002294238731280431,0.0002293586819965501,0.0002293756465248485,0.000229314470322267,0.0002293435928854353,0.00022941810274288354,0.00022938204298868762,0.0002292892699209836,0.00022940470257218522,0.00022948092650908265,0.00022965924677264478,0.00022955345636362177,0.0002293889059748935,0.0002294146606137707,0.000229343257930377,0.00022936279409583059,0.00022941194083688976,0.0002294902913184577,0.00022934034947266903,0.00022947103353085645,0.0002288582266316982,0.0002294393425151887,0.0002301358090076884,0.00022939153484574903,0.0002293600022688557,0.000229416117928071,0.00022958380390046242,0.00022936422738574632,0.0002293920078095023,0.0002293706885583366,0.0002293288751349245,0.00022938594595520758,0.00022938770126418117,0.0002293772212537705,0.00022933404304122703,0.00022959296877129697,0.00022935735111488903,0.0002293423069223378,0.0002293438459404446,0.00022965877367015796,0.00022935088724132573,0.0002293428202606866,0.0002296688731764175,0.00022931510006764678,0.00022934276418024865,0.00022951106939624304,0.00022938309556058987,0.0002293762951376536,0.00022937583315479183,0.00022943855227473408,0.00022943611150765686,0.00022962832200283412,0.00022940114503612044,0.00022945648865501557,0.00022941183936868095,0.00022938530330383493,0.00022936003939323874,0.00022940843527675066,0.0002293451863665503,0.0002293834545835868,0.0002294417789791926,0.0002294153063743332,0.00022939642263270827,0.00022940299143187531,0.00022936177734025656,0.00022940045833828962,0.00022946055462472813,0.0002295739953163353,0.0002294535061417452,0.00022937941773778895,0.00022977803505756816,0.00022934939524746228,0.00022940511235054647,0.0002293898428499859,0.0002293653928708921,0.00022941630464064493,0.0002294989379945603,0.00022935745438949605,0.00022936190639180065,0.00022963383576606088,0.00022953251955239867,0.00022928370611548568,0.00022927708395584513,0.0002293885411911533,0.0002294019144271743
0.00012458957590599768,0.00012459010872706484,0.00012455752853678722,0.0001245855908141744,0.0001245222494422807,0.0001247013259843122,0.00012456607352120163,0.0001245383852586373,0.00012464236740625275,0.00012453249682786905,0.00012460166096847023,0.00012454930830907746,0.00012452759986413317,0.00012458922609690572,0.00012455295785545272,0.0001245658531449181,0.00012451779000889634,0.00012453454811287934,0.0001245429514283739,0.0001245587233904182,0.00012449211201877135,0.00012458296041692436,0.00012462974020418523,0.00012477882272630988,0.000124734169814013,0.0001245688527193151,0.00012457767848097497,0.00012454076821916132,0.0001245577789691533,0.0001245833441971738,0.00012464764357588193,0.00012453979336131047,0.00012463304976812086,0.00012412193513240422,0.00012458481488035087,0.00012512105265543715,0.00012456902882700962,0.00012454548266787748,0.00012459508214119068,0.00012473860731757977,0.00012453985989558348,0.00012457623498249887,0.0001245618166200559,0.00012453159392652747,0.00012456151165727582,0.00012457742536366878,0.00012464129447819065,0.00012453487685504014,0.0001247711612314443,0.0001245378038997973,0.00012455514263006644,0.0001245028338786313,0.00012481108568745313,0.00012454138450135367,0.00012453807319826282,0.00012481798125238842,0.00012451037447272194,0.0001245133659073251,0.00012469105665210894,0.00012456801366007733,0.00012455356350483504,0.00012455592848224708,0.00012459012370424455,0.00012456278759319562,0.0001248549746312028,0.0001245776021698793,0.0001246186144197484,0.00012457734863862888,0.00012456690455921909,0.00012455029806305348,0.00012459192956254945,0.00012452946472460105,0.00012457922824310127,0.00012459151216657137,0.00012459015734201458,0.00012457544088035428,0.0001245741020694394,0.000124538033152588,0.00012458734131665756,0.0001246172020714299,0.0001247152423049599,0.00012459819841028895,0.0001245699476221834,0.00012502727191412692,0.00012454581522312674,0.0001245763709066268,0.00012456152903293863,0.00012457058812075873,0.00012458638575193158,0.00012475654317869623,0.00012454985107985666,0.00012455278077661745,0.00012473288820705682,0.00012470929222902448,0.00012447779218617702,0.00012450205802068008,0.0001245734377208623,0.00012460526572467365
0.00007242704565285678,0.00007242200002647064,0.00007241469253443014,0.00007242837748690635,0.00007237955428528734,0.00007257986354259927,0.00007241545316465161,0.00007239795417941933,0.0000725450462271793,0.00007238852976116445,0.00007238071684043646,0.00007241071762661031,0.00007238849899453741,0.00007242949931778961,0.00007241446241391348,0.00007241557151434766,0.00007238875896546553,0.00007239920227986721,0.00007235180809084452,0.00007241193193873263,0.00007236070894099252,0.00007242648282509547,0.00007246343710842174,0.0000725825914922436,0.00007257819454436308,0.0000724152342441285,0.00007241118880862105,0.0000724034418331189,0.0000724179545886889,0.00007242148335486727,0.00007247329251906478,0.00007239960607001157,0.00007246942325634807,0.00007202448614715889,0.000072410524229031,0.00007278923486535614,0.00007242664694347732,0.00007240690360400503,0.00007244192794646806,0.00007258148432180239,0.00007239557931140335,0.00007242601565903115,0.0000724201355006098,0.00007239520646028919,0.0000724126326459207,0.00007243145738048221,0.00007258673871642058,0.00007239320262613554,0.0000726367418467025,0.00007239220352348652,0.000072422713335448,0.00007234071580117994,0.00007257321840801652,0.00007240220965124343,0.00007239477366568947,0.00007262275005840384,0.00007237765420979348,0.00007236902967279804,0.000072575865237215,0.00007241904306873202,0.00007240244109227606,0.00007240837874799688,0.00007242309790430273,0.00007239068087038568,0.00007264471424633526,0.0000724170339846829,0.00007245295093189524,0.00007242465701021744,0.00007241631144066826,0.00007240918420105917,0.00007244061253221949,0.00007238770775931284,0.00007242048676180677,0.00007242720106983577,0.0000724309056918709,0.00007242915151275915,0.00007242485061467395,0.00007238635490305358,0.00007244767061801851,0.00007244969857380553,0.00007254273614038878,0.00007241724772364216,0.00007242464373648195,0.00007295862649302814,0.0000724012603453558,0.0000724201150309409,0.00007241822001319509,0.00007243185624543366,0.0000724231703250104,0.00007260593388209496,0.00007240836898368116,0.0000724122207375522,0.00007258993044947366,0.00007254069705967475,0.00007233193050359998,0.00007237861981573653,0.00007242392945474389,0.0000724989962094826
0.00004400530453449637,0.000043997469048867,0.000044004962836445685,0.00004400613225677958,0.00004397446792517014,0.00004415298393575181,0.000043998739579395455,0.000043987949426468146,0.0000442414992068591,0.00004397653603661032,0.00004390759030214375,0.00004400122175127842,0.000043984973402723407,0.000044011815504691875,0.000044008343950848295,0.00004400076522568761,0.00004398160286713362,0.000043996842110083506,0.00004391799043449907,0.00004400110118041122,0.00004396371920280522,0.00004400747820147576,0.00004403780148591861,0.00004410467625482548,0.00004412745990270961,0.00004399649764492497,0.0000439841403069267,0.0000439961673709613,0.00004400801596752364,0.00004400031983460711,0.000044041691404996184,0.0000439931552153763,0.00004403969824581985,0.000043538413590095435,0.000043972799616004824,0.000044220196454593485,0.00004401421831447913,0.00004399503418401548,0.000044021137935311763,0.000044128197321991505,0.000043986973422082234,0.00004400805731846898,0.00004400810617642289,0.00004399105414793673,0.000043998705921231403,0.00004401912467421911,0.00004418889291802317,0.00004400072423991333,0.00004420630159365183,0.000043980950093853196,0.000044017563030959666,0.00004393016318299348,0.00004406520114899791,0.00004399458800948812,0.00004398491651709615,0.00004416260031268225,0.000043976946904237895,0.00004396047919227521,0.0000441618415131202,0.000044003503110086204,0.00004398546225875565,0.00004399924892843487,0.00004399448985395097,0.000043936420809656605,0.00004420902680941806,0.00004399243568244369,0.000044025545999902164,0.00004400290694849069,0.0000440076147603189,0.000043997600236729114,0.000044016130125065827,0.00004398626104783283,0.0000439941752961963,0.000044010572099643396,0.00004400724653079782,0.00004401561974924542,0.00004400899805351667,0.00004397424937414307,0.00004403139896652358,0.000044031626344037514,0.000044104282855676744,0.00004397782550865829,0.00004401135020340221,0.00004466170492883316,0.00004398843897568876,0.000044005099320986334,0.00004400669768617661,0.000044017030982949234,0.000043995098762172195,0.000044144062175250614,0.00004399789554824067,0.000044002556317476715,0.00004416812115332123,0.00004410625355247494,0.00004385068987576377,0.0000439785183092279,0.00004401205074923612,0.000044151959450279884
0.00002785296322171459,0.00002784888653736283,0.000027861163043699618,0.000027848721948044195,0.000027834164426172098,0.00002796425733577023,0.00002784510010724642,0.000027841396460289396,0.000028143507607929683,0.000027831748946508806,0.000027756253279299447,0.00002785180845519753,0.000027844320420241324,0.000027860095018906752,0.00002786181924300538,0.000027851253187903834,0.0000278318803905448,0.000027853848999523197,0.000027748902076533052,0.000027852912460842897,0.00002782962787921169,0.000027857306891249647,0.000027872881456650966,0.000027906566278617395,0.00002792454938674626,0.000027848274526546252,0.000027835073299657095,0.00002784895290405824,0.00002786042988346097,0.00002784386297238419,0.00002788319088350613,0.000027848293215446716,0.000027874432332562997,0.000027352608249988762,0.000027804842023373085,0.000027991086803466416,0.0000278594595625418,0.00002784465911216229,0.000027863570994086744,0.000027929767793765127,0.000027843032501372888,0.000027854965480197548,0.000027857776021600313,0.000027853992480049885,0.00002785020313909639,0.000027865982927702998,0.000028030703034344053,0.000027884170585838182,0.000028027019278820593,0.00002783577719542267,0.000027868765250762262,0.000027781102712973926,0.000027793360711670697,0.00002785009164652993,0.000027839822419905373,0.000027995094748320855,0.00002783604795622819,0.00002782233199584626,0.000027976993777478187,0.000027852377236255434,0.00002783339852870181,0.000027847222939247378,0.000027833053397637545,0.000027710246723381333,0.000028068263963222373,0.000027843747482529785,0.00002786361612946031,0.00002783981274049051,0.00002786073187358466,0.000027848456645714225,0.000027855730301418145,0.000027839279814295123,0.00002784034010911363,0.000027860025033350394,0.000027853640706666466,0.000027865110038115635,0.00002785452940755726,0.000027829569880923932,0.00002787367974496858,0.00002787918225721069,0.000027940906698187624,0.00002780051080352718,0.00002786857703892249,0.000028396177780636062,0.000027839193473898153,0.000027857184188801853,0.000027855409405215018,0.000027864496432005336,0.000027834346733738487,0.00002791695473323957,0.000027847231901972722,0.00002785503551576152,0.000027994733674102662,0.000027939571951805312,0.000027670375342869735,0.000027839345303245143,0.00002786108312752591,0.00002800436732471443
0.00001800118652909481,0.000017999375366998906,0.000018014188671393515,0.000017991968995845403,0.000017985902247755652,0.000018059358088842057,0.000017988502955221123,0.000017992120233226044,0.000018314385960099155,0.000017986873933075233,0.000017943992789293646,0.000018000020834588704,0.00001799481887099627,0.00001800491614694258,0.000018012027745639983,0.000018000829675055367,0.000017983640446317074,0.00001800533637042543,0.0000178860383090029,0.00001800121151766869,0.000017986961514153013,0.000018007862545432582,0.00001800510865718263,0.00001806936475368683,0.000018043032541999433,0.000018000818477327,0.000017988569729252387,0.000018000045090447825,0.000018008711848617423,0.000017989206857920597,0.000018024937255574193,0.000017999142537170972,0.000018014491019534925,0.00001757792654817879,0.000017955392944914573,0.000018136228338724207,0.00001800194489625678,0.000017991458818362004,0.000018001410245316585,0.000018042230827311137,0.00001799681803571564,0.000018006199595770416,0.00001800382864343404,0.00001801218546636719,0.000018001950419248547,0.000018009134805756683,0.000018165432783828096,0.00001805160614243977,0.000018115177223175946,0.000017987927136252725,0.00001801664560481747,0.00001794096185891811,0.000017822282440439732,0.000018002071215085317,0.000017991989299786234,0.00001812200255706777,0.000017992755745098324,0.000017972334972807023,0.00001812071111966658,0.000017991299989821034,0.000017979465817424047,0.000017998470359145302,0.00001797597891879202,0.00001779492206864742,0.000018216539194126213,0.00001799411471390671,0.000018004313004225876,0.000017986516243897562,0.000018007213792625773,0.00001799800319861579,0.000017997554405705965,0.00001798373187550331,0.000017997281831561747,0.000018004666438099563,0.00001799924490940843,0.00001801187284475829,0.00001799614352676503,0.000017978492755732257,0.000018011026125331723,0.000018015639953897013,0.00001808406432734434,0.000017936837190799964,0.000018029527231862186,0.000018375156941405665,0.000017990715205903286,0.000017991241661997923,0.000018001618521409626,0.00001801067506329162,0.000017983267105521356,0.00001799600854039741,0.000017994425318427932,0.00001800301793531826,0.000018145703527751548,0.00001807072980273462,0.000017827306687769836,0.000017995282192109628,0.000018006132000026212,0.000018128339242179053
0.000011809922960452225,0.000011807207855552634,0.000011823730977121565,0.000011793811020892639,0.000011796827046120182,0.000011816443931728668,0.00001179299609553704,0.000011801893002943852,0.00001205628429508276,0.000011798833627896796,0.000011793942231987387,0.000011807377392353622,0.000011800077970139909,0.000011810568204216971,0.000011821087981484109,0.000011810514581085185,0.000011794415892316099,0.000011817593629527108,0.00001171570686814911,0.00001180998786200115,0.000011796976395302047,0.000011816082835996699,0.000011805315697200152,0.000011834439462274797,0.000011826180212419982,0.000011813486665999773,0.000011801806337630422,0.000011812280707371623,0.000011813949193622529,0.000011800446569996508,0.000011828380329704822,0.000011808441533720467,0.00001181670330166916,0.000011555738483849063,0.000011780157113963311,0.00001195827805321562,0.000011808455517335416,0.000011798952477989619,0.00001180154411612734,0.000011842427320900744,0.000011801985119441919,0.000011819335039782967,0.0000118096963787447,0.000011817913623586093,0.000011811851150001638,0.000011814027773481657,0.000011944662218502215,0.000011863662754288019,0.00001186273237454579,0.00001179898849110212,0.000011823200658296355,0.00001176318557251265,0.00001160118322626375,0.00001181139153067643,0.000011802840423923094,0.00001189853672122698,0.000011805506575312998,0.000011780475758761562,0.000011910451190513171,0.000011793927488335475,0.000011786184117588538,0.000011806150704548247,0.000011782634044324498,0.000011585846310124874,0.00001199658727001875,0.00001180697529994803,0.000011804551117479165,0.000011798455246643144,0.000011818492630636467,0.00001180592334228502,0.000011803449069517653,0.000011790353722617442,0.000011810208798083595,0.00001180683680898683,0.000011805797741319969,0.000011817822603446516,0.000011805498911164978,0.00001178859100390048,0.000011812853264639491,0.000011808813763078828,0.000011884783842113187,0.00001174439954304264,0.000011848953443254604,0.000012055482604268435,0.000011803277539251301,0.000011782405691898114,0.000011808019166073947,0.000011816395434175015,0.000011797033343640765,0.000011748819582070942,0.000011802587474908675,0.000011809393655521417,0.000011924503113165318,0.000011873859588955279,0.000011657713601412458,0.000011806163456291205,0.00001181176867206637,0.000011918804896821567
7.918563532459132e-6,7.918996965705125e-6,7.933064274741301e-6,7.8991774710512e-6,7.914352908679577e-6,7.899644656359244e-6,7.90209946707463e-6,7.91285097275263e-6,8.100972110001536e-6,7.909925148096818e-6,7.921075197018843e-6,7.916437269338534e-6,7.907307407695813e-6,7.920081060630334e-6,7.928239731553113e-6,7.9194675943325e-6,7.904382398085911e-6,7.930437902072524e-6,7.864003143272573e-6,7.920024417276927e-6,7.907451678699758e-6,7.925811860658993e-6,7.915718050118969e-6,7.841592093546269e-6,7.906964523806298e-6,7.926002968139723e-6,7.913563056347898e-6,7.923741490354975e-6,7.922043057314902e-6,7.913871114151338e-6,7.933587683142285e-6,7.918329046891942e-6,7.920674650954031e-6,7.801833611647147e-6,7.905584302738265e-6,8.065830452198648e-6,7.914975565050187e-6,7.911011464799524e-6,7.908587392805402e-6,7.947893544678661e-6,7.910356100877278e-6,7.930135809312596e-6,7.917675102919206e-6,7.927342122075777e-6,7.920765097480732e-6,7.923534701025192e-6,8.004130286794245e-6,7.962916217772025e-6,7.944265741952498e-6,7.9112907743231e-6,7.930098851770552e-6,7.88253608401441e-6,7.75252573633702e-6,7.921289494224488e-6,7.914275683193573e-6,7.968100340062692e-6,7.91686623500281e-6,7.892190140800328e-6,8.001553567236136e-6,7.898929408448709e-6,7.89798605726809e-6,7.90651089970395e-6,7.896281387840824e-6,7.711969901510478e-6,8.078937184245976e-6,7.924439788337138e-6,7.906657913824916e-6,7.9009209166856e-6,7.931577857246991e-6,7.913574825265018e-6,7.913398764072378e-6,7.904892663007773e-6,7.929173599497832e-6,7.91034359059295e-6,7.913769354669174e-6,7.924562536235178e-6,7.915687908027699e-6,7.901359497392027e-6,7.924565220396585e-6,7.90134732009024e-6,7.981381319297161e-6,7.857725002580379e-6,7.956730746603e-6,8.06070922638116e-6,7.916957822404829e-6,7.880120926919817e-6,7.91719020872693e-6,7.924310156247105e-6,7.909144056405244e-6,7.831189409156074e-6,7.913156947143785e-6,7.916156061049493e-6,7.96612862071714e-6,7.986503764425555e-6,7.793885891965517e-6,7.91725144990659e-6,7.918164672650164e-6,8.016874770955192e-6
5.609339830206726e-6,5.612336715452314e-6,5.624517789272839e-6,5.5898397008561104e-6,5.613401757988613e-6,5.576280528087143e-6,5.594263616946443e-6,5.6047464980782665e-6,5.743170641373525e-6,5.602414322207235e-6,5.608337424795022e-6,5.607439888783962e-6,5.597711905039091e-6,5.6113231957991725e-6,5.615332177899161e-6,5.609509956137688e-6,5.598751743686406e-6,5.619746630702151e-6,5.5825262100064835e-6,5.61109940775541e-6,5.598239506920216e-6,5.6171170199295975e-6,5.612877288718192e-6,5.394457770949957e-6,5.592402212152452e-6,5.618271888008329e-6,5.607157792268942e-6,5.614964496981242e-6,5.609114983345668e-6,5.6048193771096175e-6,5.620760320819069e-6,5.60970459123592e-6,5.609744819135737e-6,5.521042342293485e-6,5.610939483438387e-6,5.724859614600465e-6,5.6000551883824875e-6,5.604190209333537e-6,5.599361849413855e-6,5.6317959016339265e-6,5.6009810772571254e-6,5.618602415037226e-6,5.607340882587713e-6,5.622463945405741e-6,5.609612328892418e-6,5.615589265193075e-6,5.6381524372014446e-6,5.644365184801103e-6,5.647201374652915e-6,5.603880558489086e-6,5.617870729232512e-6,5.578029951954721e-6,5.469115820084261e-6,5.612157662808732e-6,5.606637286631698e-6,5.62711750921709e-6,5.6089097778437244e-6,5.596004605030258e-6,5.654570076226243e-6,5.578535434239846e-6,5.5948422941323985e-6,5.59734677602028e-6,5.590181865234956e-6,5.4275591571155144e-6,5.733242795342375e-6,5.618294986507744e-6,5.594938910926663e-6,5.5858857108882125e-6,5.625562234453997e-6,5.6021080824395385e-6,5.6039135724073444e-6,5.601081324722734e-6,5.6297434582778035e-6,5.599647800109082e-6,5.60347362136794e-6,5.613104318559928e-6,5.606032980239372e-6,5.598535591297372e-6,5.627359627301477e-6,5.58034741490407e-6,5.642754146633792e-6,5.556054208981921e-6,5.644187866677153e-6,5.662537091009723e-6,5.610542486877636e-6,5.568341852648539e-6,5.609198623362869e-6,5.613670724575141e-6,5.600113059976563e-6,5.513378971141352e-6,5.604562135062698e-6,5.605079011823073e-6,5.589557023970277e-6,5.668716565790227e-6,5.50634574370138e-6,5.608310690553071e-6,5.6065719863899795e-6,5.710963492235371e-6
3.975877153349924e-6,3.980265529495547e-6,3.990714545606657e-6,3.964080799246587e-6,3.986415171162802e-6,3.946437113140293e-6,3.962605058685047e-6,3.97210495592437e-6,4.077865288933051e-6,3.971610836735012e-6,3.975971120921561e-6,3.975338132053113e-6,3.964472962891029e-6,3.977777711446544e-6,3.979515569132612e-6,3.97589634090944e-6,3.9708991797951455e-6,3.982835831210447e-6,3.959395111459762e-6,3.9787286499505715e-6,3.9642898950100795e-6,3.981923104483366e-6,3.986148782666907e-6,3.7452264786769977e-6,3.975602638882125e-6,3.9840310513463285e-6,3.975623893220625e-6,3.980490469601298e-6,3.971846158351673e-6,3.971268373305222e-6,3.9839938808414045e-6,3.975168906207578e-6,3.974910846248492e-6,3.883405006256798e-6,3.99088027901554e-6,4.061952355293284e-6,3.9642735748095004e-6,3.9719784163955905e-6,3.9668441975200376e-6,3.993450098510924e-6,3.971219806439815e-6,3.984047513841536e-6,3.973762219496652e-6,3.988680278144661e-6,3.976077063674123e-6,3.981583238653394e-6,3.975771291796065e-6,4.0032607658316256e-6,4.0125089159763244e-6,3.9721111839940805e-6,3.983475343433453e-6,3.950626946034116e-6,3.859316878903281e-6,3.980077891955558e-6,3.974065534490446e-6,3.985237063779659e-6,3.976729616404517e-6,3.977604642095826e-6,3.980936972080283e-6,3.9350184379301755e-6,3.967033273770656e-6,3.982562049938394e-6,3.959280812522558e-6,3.834056629731407e-6,4.0959108204032714e-6,3.98248795302714e-6,3.962296625456907e-6,3.955124372376592e-6,3.992328233584687e-6,3.96916862250277e-6,3.969110565205754e-6,3.97070525448092e-6,3.998217145135521e-6,3.963900466816122e-6,3.970332968862081e-6,3.977748962355768e-6,3.971650193236704e-6,3.971828355820793e-6,4.014210579611e-6,3.940548306220638e-6,3.948342514407376e-6,3.925415784528464e-6,4.003193404087672e-6,3.978413223621628e-6,3.980039316032375e-6,3.933336697888294e-6,3.9767184585815654e-6,3.979819976632287e-6,3.9685373758262315e-6,3.878703085191863e-6,3.971439257948222e-6,3.972396832416094e-6,3.963142694965159e-6,4.020732032870565e-6,3.890896297363217e-6,3.9754884275449996e-6,3.973933076596041e-6,4.059542289837126e-6
2.7366664725293565e-6,2.7407868424291535e-6,2.750840783348666e-6,2.7395584730668885e-6,2.7553260057105153e-6,2.7192153899242285e-6,2.724889789467712e-6,2.7341336301895702e-6,2.812986104536524e-6,2.7347016493698957e-6,2.7350652002327336e-6,2.73773473754017e-6,2.7259330107009525e-6,2.738356194995408e-6,2.739059658327323e-6,2.7358513838316892e-6,2.7348630604539945e-6,2.7401990045444353e-6,2.7213216963966956e-6,2.74150918033548e-6,2.727314949910124e-6,2.740413353589753e-6,2.7539774753711613e-6,2.526068475751732e-6,2.7493100739117087e-6,2.7434120443552074e-6,2.7402807439767835e-6,2.739063305326459e-6,2.730457279214163e-6,2.7323015413673324e-6,2.7418077505295537e-6,2.733833129904148e-6,2.736004658447725e-6,2.6413054468011027e-6,2.7638565591256937e-6,2.806260124445032e-6,2.727726926289237e-6,2.734733016912063e-6,2.729971730466689e-6,2.7607698647309893e-6,2.7335542759537847e-6,2.743145441092678e-6,2.735426529094235e-6,2.755167682582577e-6,2.737174184965279e-6,2.7398672215826695e-6,2.7294944461750426e-6,2.753670274026065e-6,2.7671364989385237e-6,2.734233222605989e-6,2.7437621611618436e-6,2.7139317807882883e-6,2.6534118876027625e-6,2.7411265780501752e-6,2.7352252606360576e-6,2.745273654004347e-6,2.737922934033346e-6,2.7473595107762464e-6,2.712565704089022e-6,2.6920568503514433e-6,2.729685862247525e-6,2.7525313545491792e-6,2.7215162053350984e-6,2.621219625358764e-6,2.8657284527932724e-6,2.738611993110305e-6,2.726710140533477e-6,2.720122644620557e-6,2.7492800414553835e-6,2.731747934875278e-6,2.729996326940267e-6,2.732897231820889e-6,2.757253905217088e-6,2.722901398975494e-6,2.7326726303433365e-6,2.736089184984896e-6,2.733402137876371e-6,2.7381692462404887e-6,2.798796554874167e-6,2.7010230864103766e-6,2.6760159374116317e-6,2.6892145377889817e-6,2.7521832088930435e-6,2.7244620607846e-6,2.7440826626857622e-6,2.704877248996879e-6,2.7378697237804283e-6,2.739131351757398e-6,2.732744894867374e-6,2.6450525766949272e-6,2.732641511535827e-6,2.7342097863760197e-6,2.769481472850282e-6,2.7626663942821125e-6,2.670843354843796e-6,2.737138442304826e-6,2.737566091444627e-6,2.7902010824082926e-6
1.82784588906989e-6,1.831109997927232e-6,1.8396337108204715e-6,1.8427478669271059e-6,1.8567040408169084e-6,1.8273410043087047e-6,1.8167677002683551e-6,1.8266081719880924e-6,1.8772207939009728e-6,1.8270089331953827e-6,1.821803538456079e-6,1.830272438425636e-6,1.8191920159782411e-6,1.8290364202062065e-6,1.8293943694876767e-6,1.8262059965608876e-6,1.8255063902418756e-6,1.8313201622963957e-6,1.8124486422204427e-6,1.832782443079705e-6,1.8205696919442228e-6,1.8299509517018082e-6,1.8494015949736225e-6,1.6644167048639255e-6,1.8439383621776366e-6,1.8336499981481325e-6,1.8341018400283803e-6,1.8285813188007269e-6,1.821017939552335e-6,1.8210118603523348e-6,1.8293219745123612e-6,1.824059660817514e-6,1.8297401282661904e-6,1.7294186746128788e-6,1.8525653170229594e-6,1.8777162791906126e-6,1.822843511566775e-6,1.8266334533152743e-6,1.824376696256945e-6,1.83177277042915e-6,1.8243910979716218e-6,1.8324800393165378e-6,1.8279752359841453e-6,1.84818751969306e-6,1.827071563925675e-6,1.8277222961727262e-6,1.819949247883207e-6,1.845804462943943e-6,1.8640328576338211e-6,1.8257519434066408e-6,1.833615233602383e-6,1.8085279501104053e-6,1.7745390529841073e-6,1.8313693352602168e-6,1.8261188117357376e-6,1.840405507313625e-6,1.8287286141672524e-6,1.8333971991520329e-6,1.7787883161767108e-6,1.786352336087575e-6,1.8215466238585586e-6,1.8477938585566415e-6,1.8112372622541317e-6,1.7502485393053194e-6,1.9427648153796035e-6,1.8297088151398288e-6,1.8217215174903549e-6,1.8187357277724618e-6,1.835578602037409e-6,1.8245782934287528e-6,1.8209827147151586e-6,1.8241970747733458e-6,1.8451899482294376e-6,1.8149452316790177e-6,1.8252078113570015e-6,1.8258524714112504e-6,1.8268593302713422e-6,1.8323474743941273e-6,1.906919816670696e-6,1.7951996181410004e-6,1.7636637526627198e-6,1.7843128504801498e-6,1.830092532005813e-6,1.822072252247985e-6,1.8363050513035083e-6,1.8111847427286157e-6,1.829311548411162e-6,1.827874711580433e-6,1.8250989317344438e-6,1.7335147736330107e-6,1.823650193318863e-6,1.8256221037078635e-6,1.9008124311966524e-6,1.8400957198049564e-6,1.778926974921755e-6,1.8285115863096382e-6,1.8301558855133623e-6,1.8596310034537982e-6
1.2316177768512926e-6,1.233875543359928e-6,1.2406309616954882e-6,1.2503880099559323e-6,1.2730014406307802e-6,1.2431251753127745e-6,1.2213337016582164e-6,1.2314177529339345e-6,1.2663783683899072e-6,1.2317998913520264e-6,1.2185110218501866e-6,1.2360879738718466e-6,1.2260800218129855e-6,1.2326394012500055e-6,1.2328533090179156e-6,1.2305639486255247e-6,1.2281408806469513e-6,1.2354332445780478e-6,1.239667272545756e-6,1.2344788570163012e-6,1.2242697400292752e-6,1.2324706657254956e-6,1.2543869274337164e-6,1.1310204482507454e-6,1.2475496278541396e-6,1.2350946058045187e-6,1.2375110950807008e-6,1.232461337483099e-6,1.2255818744696576e-6,1.2229770217676066e-6,1.2301246497370786e-6,1.2290238320120813e-6,1.2351990286814136e-6,1.1420500106444449e-6,1.2530599475868873e-6,1.2581335267565522e-6,1.2302783149953937e-6,1.2312244683275042e-6,1.2273765603352285e-6,1.1830852023377428e-6,1.2275737138703005e-6,1.2341885519850763e-6,1.2329891059960718e-6,1.243939499758885e-6,1.229202552593814e-6,1.228810561474268e-6,1.2273879149142836e-6,1.2560667748548215e-6,1.26865791156802e-6,1.2301207487214846e-6,1.236096031520054e-6,1.2126098594570432e-6,1.2001644184584679e-6,1.234354365726958e-6,1.2303463155979238e-6,1.2484910391507627e-6,1.232235585473669e-6,1.2290128962650432e-6,1.1600904937848813e-6,1.1980689849557955e-6,1.2260415400087966e-6,1.2584173664561397e-6,1.2138564917450796e-6,1.1846324984233661e-6,1.3209992339402445e-6,1.2330600330172861e-6,1.2259537803910677e-6,1.2252429695562745e-6,1.2368900322746854e-6,1.2298912961753285e-6,1.2254440739686574e-6,1.2287414185524623e-6,1.2437807594659046e-6,1.2229162319185504e-6,1.2295151090697556e-6,1.2297858188305057e-6,1.2316876560879276e-6,1.2364896706747845e-6,1.325932125663033e-6,1.2046849214065562e-6,1.1560457612553494e-6,1.194254029770195e-6,1.225183684467117e-6,1.215026441378306e-6,1.2388803567755485e-6,1.2228835936518895e-6,1.2330062196529333e-6,1.2306926564521296e-6,1.2285475613220254e-6,1.1137969397939247e-6,1.2277957255120939e-6,1.2294482591393207e-6,1.3510955136889038e-6,1.2369027578526184e-6,1.206980952655958e-6,1.2320576018419866e-6,1.2343537460491825e-6,1.254973007713122e-6
7.93971434176664e-7,7.93987488442405e-7,7.995106143277277e-7,8.115381506127104e-7,8.515743179505315e-7,8.067727816592022e-7,7.851360386764662e-7,7.935619605987883e-7,8.16127654410122e-7,7.942561436222215e-7,7.715202341867388e-7,7.992242766080952e-7,7.908181103476233e-7,7.952735368966424e-7,7.942073868950553e-7,7.932720898546651e-7,7.895510769718486e-7,7.931207296844874e-7,8.231059023168835e-7,7.950170321991469e-7,7.860769699605493e-7,7.933175722705935e-7,8.155209807239717e-7,7.52188539690104e-7,8.09856881142006e-7,7.948286862233255e-7,8.010190087985826e-7,7.94937368718021e-7,7.892578419877311e-7,7.83295808410227e-7,7.909625631879598e-7,7.945927010760664e-7,7.954061990139745e-7,7.246199447309004e-7,8.136176213691359e-7,8.0521882065175e-7,7.929404625605803e-7,7.933575179615504e-7,7.870179547833881e-7,7.036932039029701e-7,7.901940555078481e-7,7.944533570560532e-7,7.947876427613577e-7,8.048281895687885e-7,7.897662877891379e-7,7.888823260023617e-7,7.925601605169901e-7,8.199055299638072e-7,8.233817583675221e-7,7.92445014444355e-7,7.969519945334496e-7,7.756476352926642e-7,7.810574885556881e-7,7.953140295167171e-7,7.931311722378285e-7,8.126899621489911e-7,7.944078473841851e-7,7.821423837990443e-7,7.168348917931831e-7,7.664580415246941e-7,7.890694921688123e-7,8.222877000665514e-7,7.766287025829757e-7,7.598243209598427e-7,8.691566852837298e-7,7.955911970618286e-7,7.874192754553267e-7,7.880705101351923e-7,7.974257561849336e-7,7.922344799392295e-7,7.879403320061917e-7,7.911941231076802e-7,8.054493307880921e-7,7.892751163147856e-7,7.912307487434045e-7,7.921351791330921e-7,7.934722955402477e-7,7.958811284494571e-7,8.931168223497207e-7,7.757480958249704e-7,7.173534634445032e-7,7.684216246100602e-7,7.832717652825657e-7,7.79935185798525e-7,7.990183228654222e-7,7.887923476647418e-7,7.934711954578799e-7,7.928060951191625e-7,7.885964039896497e-7,6.639481841805027e-7,7.897420871689967e-7,7.912961989225179e-7,9.357400681409694e-7,7.944821238524087e-7,7.873634175134431e-7,7.934943891095987e-7,7.970517710223178e-7,8.135842709990648e-7
4.103813255070513e-7,4.0951738738155184e-7,4.12187134431256e-7,4.2616204472052953e-7,4.786043739168382e-7,4.2020638126612396e-7,4.0183538919286057e-7,4.0978256078091e-7,4.2011940291975875e-7,4.1052293786939876e-7,3.863338888104176e-7,4.153712051512363e-7,4.0815970454731765e-7,4.1258612166201557e-7,4.102623486896303e-7,4.0957722925893305e-7,4.055809384528928e-7,4.0566107616961907e-7,4.4391933125799197e-7,4.1243410841059924e-7,4.0488675590103e-7,4.076342101814127e-7,4.3036069146269213e-7,4.0476200713712045e-7,4.252382654492574e-7,4.106255550359341e-7,4.172273719031835e-7,4.1149139416776685e-7,4.072999946152362e-7,4.000068135403781e-7,4.0662546013911275e-7,4.1313258307269157e-7,4.099592870213587e-7,3.550326947608285e-7,4.2746824275492725e-7,4.1432487169754805e-7,4.087886733030415e-7,4.0944232736285395e-7,4.021702229313716e-7,3.420732465971055e-7,4.090940948124253e-7,4.0948471747229604e-7,4.1060870146038755e-7,4.211908470283249e-7,4.0655188708835487e-7,4.039029602773995e-7,4.109484455194974e-7,4.395986839451191e-7,4.418150547878865e-7,4.089093659786478e-7,4.1207737542498843e-7,3.9533671108681127e-7,4.068487614000145e-7,4.105071354441986e-7,4.0973595239754416e-7,4.2791182736322677e-7,4.1082407362085104e-7,4.036809064652029e-7,3.443291483425006e-7,3.878122947316794e-7,4.067332929150819e-7,4.320627899498856e-7,3.9501798296792936e-7,3.9564459084954105e-7,4.79622523641558e-7,4.1269863945877594e-7,4.0383698941142675e-7,4.0790659315941375e-7,4.11775333290885e-7,4.086255382036196e-7,4.0399855133596514e-7,4.080256608801324e-7,4.218418917049141e-7,4.0791364386702916e-7,4.0780456838252335e-7,4.085687301284829e-7,4.09901816956664e-7,4.1095282312796416e-7,4.992142989427007e-7,3.997995941639174e-7,3.4733338124998463e-7,3.9904721634439987e-7,4.003220990860808e-7,4.0572183405052365e-7,4.1398473860552574e-7,4.101342132018796e-7,4.0752476788176074e-7,4.093138201895317e-7,4.0356877841421697e-7,3.0794915644996853e-7,4.06330789982945e-7,4.076053776031088e-7,5.302189325369821e-7,4.075661172151662e-7,4.15837967693787e-7,4.095007990618824e-7,4.1375208550983665e-7,4.245491792983093e-7
1.307477226143704e-7,1.3147481780542852e-7,1.3072011955600704e-7,1.4640744132666734e-7,1.9568018448368379e-7,1.4162102635545903e-7,1.2322127693197387e-7,1.2967946060683744e-7,1.4406413944790063e-7,1.3056128886792648e-7,1.1193486032133637e-7,1.3526121400639104e-7,1.2878053434893443e-7,1.3353820934288154e-7,1.3181468383645748e-7,1.298579820002016e-7,1.2754469131022752e-7,1.2493107208958553e-7,1.5707748172549833e-7,1.348387621467984e-7,1.2941736053752788e-7,1.2626715410178565e-7,1.5062032638437744e-7,1.4735122589869182e-7,1.442070281315444e-7,1.2717288082509343e-7,1.3527258504252203e-7,1.3219570386098502e-7,1.29430734222099e-7,1.2161942485996754e-7,1.273806719596628e-7,1.341007931464407e-7,1.2986076396595946e-7,8.659513918337202e-8,1.4659901429134683e-7,1.3117615574263258e-7,1.291582343078457e-7,1.2939610192873158e-7,1.2480897121959312e-7,1.0474906343797108e-7,1.3227344479291644e-7,1.2869231230839e-7,1.3065176891737954e-7,1.347735738999053e-7,1.2840079002637279e-7,1.2341239366297117e-7,1.3208694714997947e-7,1.5465196255891985e-7,1.7242403894927712e-7,1.2950278891280838e-7,1.32150957321575e-7,1.2069939425364006e-7,1.2807372442188312e-7,1.3071617076465732e-7,1.2987032774273898e-7,1.4679299691431658e-7,1.3159337737253478e-7,1.3457657310160522e-7,6.469852117219576e-8,1.1500397855403757e-7,1.2785061516410943e-7,1.4385434345069203e-7,1.1864593371577038e-7,1.403122600900437e-7,2.0483799668850404e-7,1.333675707117071e-7,1.2602707605806628e-7,1.3287329725280772e-7,1.3143496738240695e-7,1.2904677434865579e-7,1.2422748267448473e-7,1.2998331752047053e-7,1.4220750249867058e-7,1.2922170300548028e-7,1.2879868006960432e-7,1.2919879405734713e-7,1.302684793598635e-7,1.3224382978825896e-7,2.1561504947883946e-7,1.241821035605607e-7,8.687322073200375e-8,1.3162902702051486e-7,1.2484607225151876e-7,1.3203627202745203e-7,1.3337669379137255e-7,1.3201905867472147e-7,1.2628532506224306e-7,1.296884999798158e-7,1.208080216081454e-7,5.970837484982633e-8,1.2747132454894353e-7,1.288961511952063e-7,2.0055587229130956e-7,1.2948811119558383e-7,1.4058180715171016e-7,1.302432164025652e-7,1.3420351800043291e-7,1.3908310728629644e-7
-1.1968333943620636e-7,-1.1693926084096498e-7,-1.1919885404844243e-7,-1.023498399409772e-7,-7.338614689699204e-8,-1.094409331580338e-7,-1.2267744362262726e-7,-1.212555700195494e-7,-1.0323766497213847e-7,-1.2031186020069577e-7,-1.3492943241591563e-7,-1.1544971577332046e-7,-1.2154997532997898e-7,-1.1659482819340142e-7,-1.1644329954754836e-7,-1.2035789493332145e-7,-1.2026398180602867e-7,-1.2551685023045242e-7,-1.000392650088075e-7,-1.1424850467338188e-7,-1.1445156276621331e-7,-1.251280033609658e-7,-9.989506586128618e-8,-9.07307699672355e-8,-1.0337341719696127e-7,-1.322836454871065e-7,-1.1759893936260916e-7,-1.1781122535411565e-7,-1.1975147086712913e-7,-1.2962606578855964e-7,-1.218131739007927e-7,-1.178968411941998e-7,-1.214116141428293e-7,-1.4616236985772944e-7,-1.0261361429536003e-7,-1.2150575394622356e-7,-1.215892622326422e-7,-1.223712881013894e-7,-1.2409198196356762e-7,-1.1206289809072372e-7,-1.1631241780619427e-7,-1.2272006347476016e-7,-1.197652854139229e-7,-1.2357378061918758e-7,-1.1941967179284716e-7,-1.2841682930310989e-7,-1.1798084176972736e-7,-1.0496446369179716e-7,-6.913912595618548e-8,-1.2071437514212367e-7,-1.1815408236231082e-7,-1.2605949260775351e-7,-1.2923708698256804e-7,-1.1941634229704597e-7,-1.212883485129325e-7,-1.0624405499284334e-7,-1.1854229251392022e-7,-1.0603227349644276e-7,-1.5184260052595886e-7,-1.2980009865182457e-7,-1.2221141666978652e-7,-1.1216384720087439e-7,-1.3075202058693504e-7,-7.901707928191313e-8,-3.502032836678176e-8,-1.1621890751286238e-7,-1.2150634529708615e-7,-1.158095957907528e-7,-1.1862647642066345e-7,-1.2149296025579524e-7,-1.2598169940463962e-7,-1.1878520020398806e-7,-1.1032971396961663e-7,-1.2116769089089298e-7,-1.2130032495597826e-7,-1.2080279515824558e-7,-1.1966393590866297e-7,-1.18799319565847e-7,-2.5152018417094354e-8,-1.2319281665533245e-7,-1.4491768001995623e-7,-1.0844883323816017e-7,-1.213955839890685e-7,-1.1714983621875617e-7,-1.1731935031114814e-7,-1.2107034951486303e-7,-1.2510126279925777e-7,-1.2039404173646675e-7,-1.3091201825577064e-7,-1.674710229842309e-7,-1.2132839426481091e-7,-1.2048564227719736e-7,-7.514251924846307e-8,-1.1494595051708329e-7,-1.1200812066923011e-7,-1.1964047095903706e-7,-1.1655650628222379e-7,-1.1171616881863302e-7
-3.2064856071968416e-7,-3.1631874269339986e-7,-3.1966784900910193e-7,-3.0093442451859893e-7,-3.074283897045201e-7,-3.1224116723071673e-7,-3.186097982196682e-7,-3.222813005343123e-7,-3.093647364180499e-7,-3.216608569520285e-7,-3.3486265765797834e-7,-3.162064748495934e-7,-3.219637945846337e-7,-3.1716886368620133e-7,-3.1444068030223346e-7,-3.210672722892556e-7,-3.188794042016573e-7,-3.2572472773011575e-7,-3.004247759980401e-7,-3.1340395704124923e-7,-3.1012406793174806e-7,-3.2553781114563455e-7,-3.02350485374081e-7,-2.601687401465329e-7,-2.972229546524844e-7,-3.4223703785792804e-7,-3.1935346643738503e-7,-3.187426342677919e-7,-3.202566222461255e-7,-3.330529437646092e-7,-3.2111379846615903e-7,-3.1990241201170103e-7,-3.2403372158304414e-7,-3.2712699448105367e-7,-3.058686771746369e-7,-3.188682782854187e-7,-3.2298150931431674e-7,-3.230284547408702e-7,-3.240308683479362e-7,-2.948281702262707e-7,-3.1704524043707847e-7,-3.236618351231662e-7,-3.20405199145409e-7,-3.2527105673267145e-7,-3.1811343301694584e-7,-3.308832658160386e-7,-3.189893301160441e-7,-3.127774688835108e-7,-2.753310500995323e-7,-3.2121514148742274e-7,-3.190661969776055e-7,-3.2646890050942374e-7,-3.3686068851867657e-7,-3.2021480211021157e-7,-3.225453425458493e-7,-3.116290066230413e-7,-3.191139073559419e-7,-2.9748237005280595e-7,-3.1807545291295135e-7,-3.267656354037331e-7,-3.230809110292566e-7,-3.179428213824028e-7,-3.303813148542654e-7,-2.4974931492802817e-7,-2.2767791171755303e-7,-3.170348989972129e-7,-3.2088043618470664e-7,-3.1830620235944567e-7,-3.191718223647289e-7,-3.2231619668304817e-7,-3.2570861413422626e-7,-3.183550927820214e-7,-3.16039318536815e-7,-3.244571768425806e-7,-3.2209153244821695e-7,-3.2143950759784894e-7,-3.1936145767691693e-7,-3.2112310982228424e-7,-2.086201207135481e-7,-3.1884527070206026e-7,-3.3573497090155215e-7,-3.0120416432399173e-7,-3.2071881356144696e-7,-3.136382571500497e-7,-3.1821486726786243e-7,-3.2399053013484695e-7,-3.264372019249777e-7,-3.2044184995809285e-7,-3.3054161357555245e-7,-3.476325097850877e-7,-3.2128553815612093e-7,-3.2095140025900406e-7,-2.888284911449082e-7,-3.0596420474846004e-7,-3.18742131986244e-7,-3.2013932079807304e-7,-3.178151037271084e-7,-3.137934275027893e-7
-3.868569450316218e-7,-3.803442339832437e-7,-3.8510255133678746e-7,-3.671741699332923e-7,-3.8958656106280125e-7,-3.787169893415961e-7,-3.82430127152203e-7,-3.880433070072809e-7,-3.8439425003585954e-7,-3.88089492980506e-7,-4.024308542438217e-7,-3.817749000355272e-7,-3.8768814718406047e-7,-3.825855318033098e-7,-3.7848569026060804e-7,-3.866676808978313e-7,-3.833841147936691e-7,-3.908946371135714e-7,-3.640531110431792e-7,-3.7854842222414906e-7,-3.746624717465732e-7,-3.9015237768305333e-7,-3.72091218645593e-7,-2.9060916613897124e-7,-3.585217555896535e-7,-4.1515504969761576e-7,-3.85212230038018e-7,-3.8524664313952945e-7,-3.8579963240911375e-7,-4.004048623930476e-7,-3.8607237375493076e-7,-3.8581467483273815e-7,-3.9067880713281076e-7,-3.7545629046149393e-7,-3.8064182566963714e-7,-3.804121680894398e-7,-3.927425150167449e-7,-3.8823035327077053e-7,-3.8935671786388333e-7,-3.5616251532210386e-7,-3.8359237717336785e-7,-3.8931024771699743e-7,-3.860927703013409e-7,-3.881082696165419e-7,-3.827899543132617e-7,-3.9834193703507377e-7,-3.841601711088651e-7,-3.793817640878168e-7,-3.450734986443852e-7,-3.8677723459855345e-7,-3.852322729541138e-7,-3.9248411581162096e-7,-4.058857776366461e-7,-3.863436927307621e-7,-3.887945185324856e-7,-3.806508257346582e-7,-3.8487070545112895e-7,-3.603562152640232e-7,-3.9077669143895754e-7,-3.9003541764199027e-7,-3.891394193085911e-7,-3.8825982188154377e-7,-3.932182090409358e-7,-3.0356205878343586e-7,-2.9876823504613066e-7,-3.842719189718005e-7,-3.8765655982961306e-7,-3.817978673880548e-7,-3.8475653620002074e-7,-3.880335779597446e-7,-3.9019203706486605e-7,-3.834735958115597e-7,-3.851285871788768e-7,-3.926479866103483e-7,-3.8802440707245525e-7,-3.872023714487485e-7,-3.841411817733615e-7,-3.8755530178221657e-7,-2.853796832706526e-7,-3.7968096030405636e-7,-4.003309064090959e-7,-3.598348490096708e-7,-3.866287810731432e-7,-3.7210530666988827e-7,-3.8434441700765373e-7,-3.8945248092892317e-7,-3.921931301894643e-7,-3.8611763353737613e-7,-3.9280340457948884e-7,-3.931602625599171e-7,-3.870879569858605e-7,-3.867049334454543e-7,-3.71214103530538e-7,-3.626236205591412e-7,-3.9192574212211277e-7,-3.8599890786594597e-7,-3.837273296831043e-7,-3.811547087335682e-7
-4.033801274896694e-7,-3.9651851316690796e-7,-4.0085654174888507e-7,-3.8520043411281634e-7,-4.087374050594287e-7,-3.9541280559455903e-7,-3.9803436989000345e-7,-4.043684824395538e-7,-4.054636807004248e-7,-4.0474416308160964e-7,-4.2122848643444493e-7,-3.979384500434187e-7,-4.040165014611834e-7,-3.9887036071923485e-7,-3.945132269152095e-7,-4.029808256587949e-7,-3.993545641503357e-7,-4.070632372232093e-7,-3.788532285581358e-7,-3.9453086043952425e-7,-3.91899338431474e-7,-4.0602626263973565e-7,-3.908946916058858e-7,-2.953512160321496e-7,-3.732849021252116e-7,-4.331366930472059e-7,-4.014701449119709e-7,-4.0225191953331557e-7,-4.022803950380813e-7,-4.178597060662798e-7,-4.024916081624998e-7,-4.0198123154107334e-7,-4.0728585170755264e-7,-3.844174618828667e-7,-4.012786890700259e-7,-3.9419648586149167e-7,-4.1153634263893184e-7,-4.0433749174761196e-7,-4.0534645768722925e-7,-3.73719301946543e-7,-4.004160574906247e-7,-4.058829845952244e-7,-4.0238329261928454e-7,-4.0082843795247533e-7,-3.9904215446544634e-7,-4.155609428407347e-7,-4.003546105018798e-7,-3.9284927717219407e-7,-3.5617291496876426e-7,-4.030022309073756e-7,-4.0185504838611146e-7,-4.088120003102241e-7,-4.235602328882247e-7,-4.0278492147920044e-7,-4.0562799543643457e-7,-3.978239127857017e-7,-4.013111814454782e-7,-3.7395380562299794e-7,-4.1470921592581373e-7,-4.055046093156461e-7,-4.053723655557866e-7,-4.055333945624797e-7,-4.0718533930437516e-7,-3.1189941213464835e-7,-3.2320298408053627e-7,-4.014518894560349e-7,-4.0501379942138234e-7,-3.960300431385379e-7,-4.011363349530805e-7,-4.044733013510014e-7,-4.0554610667802985e-7,-3.997359504788751e-7,-4.0319431667871997e-7,-4.1035881361117907e-7,-4.043263812326421e-7,-4.0349303062397593e-7,-4.0012935459391257e-7,-4.03938211900339e-7,-3.140645300969312e-7,-3.927979283072443e-7,-4.1829207651294154e-7,-3.737669839135575e-7,-4.028763168740945e-7,-3.8512858049284744e-7,-4.0090993260137515e-7,-4.0636020197689134e-7,-4.086966863110511e-7,-4.0242002695998825e-7,-4.075758303381711e-7,-3.966564570471071e-7,-4.0362015509502803e-7,-4.0298510706639496e-7,-3.971118910966865e-7,-3.755887681462975e-7,-4.109157903679074e-7,-4.0241512624523465e-7,-4.000620548041769e-7,-3.959980538763831e-7
-3.868569450316218e-7,-3.803442339832437e-7,-3.8510255133678746e-7,-3.671741699332923e-7,-3.8958656106280125e-7,-3.787169893415961e-7,-3.82430127152203e-7,-3.880433070072809e-7,-3.8439425003585954e-7,-3.88089492980506e-7,-4.024308542438217e-7,-3.817749000355272e-7,-3.8768814718406047e-7,-3.825855318033098e-7,-3.7848569026060804e-7,-3.866676808978313e-7,-3.833841147936691e-7,-3.908946371135714e-7,-3.640531110431792e-7,-3.7854842222414906e-7,-3.746624717465732e-7,-3.9015237768305333e-7,-3.72091218645593e-7,-2.9060916613897124e-7,-3.585217555896535e-7,-4.1515504969761576e-7,-3.85212230038018e-7,-3.8524664313952945e-7,-3.8579963240911375e-7,-4.004048623930476e-7,-3.8607237375493076e-7,-3.8581467483273815e-7,-3.9067880713281076e-7,-3.7545629046149393e-7,-3.8064182566963714e-7,-3.804121680894398e-7,-3.927425150167449e-7,-3.8823035327077053e-7,-3.8935671786388333e-7,-3.5616251532210386e-7,-3.8359237717336785e-7,-3.8931024771699743e-7,-3.860927703013409e-7,-3.881082696165419e-7,-3.827899543132617e-7,-3.9834193703507377e-7,-3.841601711088651e-7,-3.793817640878168e-7,-3.450734986443852e-7,-3.8677723459855345e-7,-3.852322729541138e-7,-3.9248411581162096e-7,-4.058857776366461e-7,-3.863436927307621e-7,-3.887945185324856e-7,-3.806508257346582e-7,-3.8487070545112895e-7,-3.603562152640232e-7,-3.9077669143895754e-7,-3.9003541764199027e-7,-3.891394193085911e-7,-3.8825982188154377e-7,-3.932182090409358e-7,-3.0356205878343586e-7,-2.9876823504613066e-7,-3.842719189718005e-7,-3.8765655982961306e-7,-3.817978673880548e-7,-3.8475653620002074e-7,-3.880335779597446e-7,-3.9019203706486605e-7,-3.834735958115597e-7,-3.851285871788768e-7,-3.926479866103483e-7,-3.8802440707245525e-7,-3.872023714487485e-7,-3.841411817733615e-7,-3.8755530178221657e-7,-2.853796832706526e-7,-3.7968096030405636e-7,-4.003309064090959e-7,-3.598348490096708e-7,-3.866287810731432e-7,-3.7210530666988827e-7,-3.8434441700765373e-7,-3.8945248092892317e-7,-3.921931301894643e-7,-3.8611763353737613e-7,-3.9280340457948884e-7,-3.931602625599171e-7,-3.870879569858605e-7,-3.867049334454543e-7,-3.71214103530538e-7,-3.626236205591412e-7,-3.9192574212211277e-7,-3.8599890786594597e-7,-3.837273296831043e-7,-3.811547087335682e-7
-3.2064856071968416e-7,-3.1631874269339986e-7,-3.1966784900910193e-7,-3.0093442451859893e-7,-3.074283897045201e-7,-3.1224116723071673e-7,-3.186097982196682e-7,-3.222813005343123e-7,-3.093647364180499e-7,-3.216608569520285e-7,-3.3486265765797834e-7,-3.162064748495934e-7,-3.219637945846337e-7,-3.1716886368620133e-7,-3.1444068030223346e-7,-3.210672722892556e-7,-3.188794042016573e-7,-3.2572472773011575e-7,-3.004247759980401e-7,-3.1340395704124923e-7,-3.1012406793174806e-7,-3.2553781114563455e-7,-3.02350485374081e-7,-2.601687401465329e-7,-2.972229546524844e-7,-3.4223703785792804e-7,-3.1935346643738503e-7,-3.187426342677919e-7,-3.202566222461255e-7,-3.330529437646092e-7,-3.2111379846615903e-7,-3.1990241201170103e-7,-3.2403372158304414e-7,-3.2712699448105367e-7,-3.058686771746369e-7,-3.188682782854187e-7,-3.2298150931431674e-7,-3.230284547408702e-7,-3.240308683479362e-7,-2.948281702262707e-7,-3.1704524043707847e-7,-3.236618351231662e-7,-3.20405199145409e-7,-3.2527105673267145e-7,-3.1811343301694584e-7,-3.308832658160386e-7,-3.189893301160441e-7,-3.127774688835108e-7,-2.753310500995323e-7,-3.2121514148742274e-7,-3.190661969776055e-7,-3.2646890050942374e-7,-3.3686068851867657e-7,-3.2021480211021157e-7,-3.225453425458493e-7,-3.116290066230413e-7,-3.191139073559419e-7,-2.9748237005280595e-7,-3.1807545291295135e-7,-3.267656354037331e-7,-3.230809110292566e-7,-3.179428213824028e-7,-3.303813148542654e-7,-2.4974931492802817e-7,-2.2767791171755303e-7,-3.170348989972129e-7,-3.2088043618470664e-7,-3.1830620235944567e-7,-3.191718223647289e-7,-3.2231619668304817e-7,-3.2570861413422626e-7,-3.183550927820214e-7,-3.16039318536815e-7,-3.244571768425806e-7,-3.2209153244821695e-7,-3.2143950759784894e-7,-3.1936145767691693e-7,-3.2112310982228424e-7,-2.086201207135481e-7,-3.1884527070206026e-7,-3.3573497090155215e-7,-3.0120416432399173e-7,-3.2071881356144696e-7,-3.136382571500497e-7,-3.1821486726786243e-7,-3.2399053013484695e-7,-3.264372019249777e-7,-3.2044184995809285e-7,-3.3054161357555245e-7,-3.476325097850877e-7,-3.2128553815612093e-7,-3.2095140025900406e-7,-2.888284911449082e-7,-3.0596420474846004e-7,-3.18742131986244e-7,-3.2013932079807304e-7,-3.178151037271084e-7,-3.137934275027893e-7
-1.1968333943620636e-7,-1.1693926084096498e-7,-1.1919885404844243e-7,-1.023498399409772e-7,-7.338614689699204e-8,-1.094409331580338e-7,-1.2267744362262726e-7,-1.212555700195494e-7,-1.0323766497213847e-7,-1.2031186020069577e-7,-1.3492943241591563e-7,-1.1544971577332046e-7,-1.2154997532997898e-7,-1.1659482819340142e-7,-1.1644329954754836e-7,-1.2035789493332145e-7,-1.2026398180602867e-7,-1.2551685023045242e-7,-1.000392650088075e-7,-1.1424850467338188e-7,-1.1445156276621331e-7,-1.251280033609658e-7,-9.989506586128618e-8,-9.07307699672355e-8,-1.0337341719696127e-7,-1.322836454871065e-7,-1.1759893936260916e-7,-1.1781122535411565e-7,-1.1975147086712913e-7,-1.2962606578855964e-7,-1.218131739007927e-7,-1.178968411941998e-7,-1.214116141428293e-7,-1.4616236985772944e-7,-1.0261361429536003e-7,-1.2150575394622356e-7,-1.215892622326422e-7,-1.223712881013894e-7,-1.2409198196356762e-7,-1.1206289809072372e-7,-1.1631241780619427e-7,-1.2272006347476016e-7,-1.197652854139229e-7,-1.2357378061918758e-7,-1.1941967179284716e-7,-1.2841682930310989e-7,-1.1798084176972736e-7,-1.0496446369179716e-7,-6.913912595618548e-8,-1.2071437514212367e-7,-1.1815408236231082e-7,-1.2605949260775351e-7,-1.2923708698256804e-7,-1.1941634229704597e-7,-1.212883485129325e-7,-1.0624405499284334e-7,-1.1854229251392022e-7,-1.0603227349644276e-7,-1.5184260052595886e-7,-1.2980009865182457e-7,-1.2221141666978652e-7,-1.1216384720087439e-7,-1.3075202058693504e-7,-7.901707928191313e-8,-3.502032836678176e-8,-1.1621890751286238e-7,-1.2150634529708615e-7,-1.158095957907528e-7,-1.1862647642066345e-7,-1.2149296025579524e-7,-1.2598169940463962e-7,-1.1878520020398806e-7,-1.1032971396961663e-7,-1.2116769089089298e-7,-1.2130032495597826e-7,-1.2080279515824558e-7,-1.1966393590866297e-7,-1.18799319565847e-7,-2.5152018417094354e-8,-1.2319281665533245e-7,-1.4491768001995623e-7,-1.0844883323816017e-7,-1.213955839890685e-7,-1.1714983621875617e-7,-1.1731935031114814e-7,-1.2107034951486303e-7,-1.2510126279925777e-7,-1.2039404173646675e-7,-1.3091201825577064e-7,-1.674710229842309e-7,-1.2132839426481091e-7,-1.2048564227719736e-7,-7.514251924846307e-8,-1.1494595051708329e-7,-1.1200812066923011e-7,-1.1964047095903706e-7,-1.1655650628222379e-7,-1.1171616881863302e-7
1.307477226143704e-7,1.3147481780542852e-7,1.3072011955600704e-7,1.4640744132666734e-7,1.9568018448368379e-7,1.4162102635545903e-7,1.2322127693197387e-7,1.2967946060683744e-7,1.4406413944790063e-7,1.3056128886792648e-7,1.1193486032133637e-7,1.3526121400639104e-7,1.2878053434893443e-7,1.3353820934288154e-7,1.3181468383645748e-7,1.298579820002016e-7,1.2754469131022752e-7,1.2493107208958553e-7,1.5707748172549833e-7,1.348387621467984e-7,1.2941736053752788e-7,1.2626715410178565e-7,1.5062032638437744e-7,1.4735122589869182e-7,1.442070281315444e-7,1.2717288082509343e-7,1.3527258504252203e-7,1.3219570386098502e-7,1.29430734222099e-7,1.2161942485996754e-7,1.273806719596628e-7,1.341007931464407e-7,1.2986076396595946e-7,8.659513918337202e-8,1.4659901429134683e-7,1.3117615574263258e-7,1.291582343078457e-7,1.2939610192873158e-7,1.2480897121959312e-7,1.0474906343797108e-7,1.3227344479291644e-7,1.2869231230839e-7,1.3065176891737954e-7,1.347735738999053e-7,1.2840079002637279e-7,1.2341239366297117e-7,1.3208694714997947e-7,1.5465196255891985e-7,1.7242403894927712e-7,1.2950278891280838e-7,1.32150957321575e-7,1.2069939425364006e-7,1.2807372442188312e-7,1.3071617076465732e-7,1.2987032774273898e-7,1.4679299691431658e-7,1.3159337737253478e-7,1.3457657310160522e-7,6.469852117219576e-8,1.1500397855403757e-7,1.2785061516410943e-7,1.4385434345069203e-7,1.1864593371577038e-7,1.403122600900437e-7,2.0483799668850404e-7,1.333675707117071e-7,1.2602707605806628e-7,1.3287329725280772e-7,1.3143496738240695e-7,1.2904677434865579e-7,1.2422748267448473e-7,1.2998331752047053e-7,1.4220750249867058e-7,1.2922170300548028e-7,1.2879868006960432e-7,1.2919879405734713e-7,1.302684793598635e-7,1.3224382978825896e-7,2.1561504947883946e-7,1.241821035605607e-7,8.687322073200375e-8,1.3162902702051486e-7,1.2484607225151876e-7,1.3203627202745203e-7,1.3337669379137255e-7,1.3201905867472147e-7,1.2628532506224306e-7,1.296884999798158e-7,1.208080216081454e-7,5.970837484982633e-8,1.2747132454894353e-7,1.288961511952063e-7,2.0055587229130956e-7,1.2948811119558383e-7,1.4058180715171016e-7,1.302432164025652e-7,1.3420351800043291e-7,1.3908310728629644e-7
4.103813255070513e-7,4.0951738738155184e-7,4.12187134431256e-7,4.2616204472052953e-7,4.786043739168382e-7,4.2020638126612396e-7,4.0183538919286057e-7,4.0978256078091e-7,4.2011940291975875e-7,4.1052293786939876e-7,3.863338888104176e-7,4.153712051512363e-7,4.0815970454731765e-7,4.1258612166201557e-7,4.102623486896303e-7,4.0957722925893305e-7,4.055809384528928e-7,4.0566107616961907e-7,4.4391933125799197e-7,4.1243410841059924e-7,4.0488675590103e-7,4.076342101814127e-7,4.3036069146269213e-7,4.0476200713712045e-7,4.252382654492574e-7,4.106255550359341e-7,4.172273719031835e-7,4.1149139416776685e-7,4.072999946152362e-7,4.000068135403781e-7,4.0662546013911275e-7,4.1313258307269157e-7,4.099592870213587e-7,3.550326947608285e-7,4.2746824275492725e-7,4.1432487169754805e-7,4.087886733030415e-7,4.0944232736285395e-7,4.021702229313716e-7,3.420732465971055e-7,4.090940948124253e-7,4.0948471747229604e-7,4.1060870146038755e-7,4.211908470283249e-7,4.0655188708835487e-7,4.039029602773995e-7,4.109484455194974e-7,4.395986839451191e-7,4.418150547878865e-7,4.089093659786478e-7,4.1207737542498843e-7,3.9533671108681127e-7,4.068487614000145e-7,4.105071354441986e-7,4.0973595239754416e-7,4.2791182736322677e-7,4.1082407362085104e-7,4.036809064652029e-7,3.443291483425006e-7,3.878122947316794e-7,4.067332929150819e-7,4.320627899498856e-7,3.9501798296792936e-7,3.9564459084954105e-7,4.79622523641558e-7,4.1269863945877594e-7,4.0383698941142675e-7,4.0790659315941375e-7,4.11775333290885e-7,4.086255382036196e-7,4.0399855133596514e-7,4.080256608801324e-7,4.218418917049141e-7,4.0791364386702916e-7,4.0780456838252335e-7,4.085687301284829e-7,4.09901816956664e-7,4.1095282312796416e-7,4.992142989427007e-7,3.997995941639174e-7,3.4733338124998463e-7,3.9904721634439987e-7,4.003220990860808e-7,4.0572183405052365e-7,4.1398473860552574e-7,4.101342132018796e-7,4.0752476788176074e-7,4.093138201895317e-7,4.0356877841421697e-7,3.0794915644996853e-7,4.06330789982945e-7,4.076053776031088e-7,5.302189325369821e-7,4.075661172151662e-7,4.15837967693787e-7,4.095007990618824e-7,4.1375208550983665e-7,4.245491792983093e-7
7.93971434176664e-7,7.93987488442405e-7,7.995106143277277e-7,8.115381506127104e-7,8.515743179505315e-7,8.067727816592022e-7,7.851360386764662e-7,7.935619605987883e-7,8.16127654410122e-7,7.942561436222215e-7,7.715202341867388e-7,7.992242766080952e-7,7.908181103476233e-7,7.952735368966424e-7,7.942073868950553e-7,7.932720898546651e-7,7.895510769718486e-7,7.931207296844874e-7,8.231059023168835e-7,7.950170321991469e-7,7.860769699605493e-7,7.933175722705935e-7,8.155209807239717e-7,7.52188539690104e-7,8.09856881142006e-7,7.948286862233255e-7,8.010190087985826e-7,7.94937368718021e-7,7.892578419877311e-7,7.83295808410227e-7,7.909625631879598e-7,7.945927010760664e-7,7.954061990139745e-7,7.246199447309004e-7,8.136176213691359e-7,8.0521882065175e-7,7.929404625605803e-7,7.933575179615504e-7,7.870179547833881e-7,7.036932039029701e-7,7.901940555078481e-7,7.944533570560532e-7,7.947876427613577e-7,8.048281895687885e-7,7.897662877891379e-7,7.888823260023617e-7,7.925601605169901e-7,8.199055299638072e-7,8.233817583675221e-7,7.92445014444355e-7,7.969519945334496e-7,7.756476352926642e-7,7.810574885556881e-7,7.953140295167171e-7,7.931311722378285e-7,8.126899621489911e-7,7.944078473841851e-7,7.821423837990443e-7,7.168348917931831e-7,7.664580415246941e-7,7.890694921688123e-7,8.222877000665514e-7,7.766287025829757e-7,7.598243209598427e-7,8.691566852837298e-7,7.955911970618286e-7,7.874192754553267e-7,7.880705101351923e-7,7.974257561849336e-7,7.922344799392295e-7,7.879403320061917e-7,7.911941231076802e-7,8.054493307880921e-7,7.892751163147856e-7,7.912307487434045e-7,7.921351791330921e-7,7.934722955402477e-7,7.958811284494571e-7,8.931168223497207e-7,7.757480958249704e-7,7.173534634445032e-7,7.684216246100602e-7,7.832717652825657e-7,7.79935185798525e-7,7.990183228654222e-7,7.887923476647418e-7,7.934711954578799e-7,7.928060951191625e-7,7.885964039896497e-7,6.639481841805027e-7,7.897420871689967e-7,7.912961989225179e-7,9.357400681409694e-7,7.944821238524087e-7,7.873634175134431e-7,7.934943891095987e-7,7.970517710223178e-7,8.135842709990648e-7
1.2316177768512926e-6,1.233875543359928e-6,1.2406309616954882e-6,1.2503880099559323e-6,1.2730014406307802e-6,1.2431251753127745e-6,1.2213337016582164e-6,1.2314177529339345e-6,1.2663783683899072e-6,1.2317998913520264e-6,1.2185110218501866e-6,1.2360879738718466e-6,1.2260800218129855e-6,1.2326394012500055e-6,1.2328533090179156e-6,1.2305639486255247e-6,1.2281408806469513e-6,1.2354332445780478e-6,1.239667272545756e-6,1.2344788570163012e-6,1.2242697400292752e-6,1.2324706657254956e-6,1.2543869274337164e-6,1.1310204482507454e-6,1.2475496278541396e-6,1.2350946058045187e-6,1.2375110950807008e-6,1.232461337483099e-6,1.2255818744696576e-6,1.2229770217676066e-6,1.2301246497370786e-6,1.2290238320120813e-6,1.2351990286814136e-6,1.1420500106444449e-6,1.2530599475868873e-6,1.2581335267565522e-6,1.2302783149953937e-6,1.2312244683275042e-6,1.2273765603352285e-6,1.1830852023377428e-6,1.2275737138703005e-6,1.2341885519850763e-6,1.2329891059960718e-6,1.243939499758885e-6,1.229202552593814e-6,1.228810561474268e-6,1.2273879149142836e-6,1.2560667748548215e-6,1.26865791156802e-6,1.2301207487214846e-6,1.236096031520054e-6,1.2126098594570432e-6,1.2001644184584679e-6,1.234354365726958e-6,1.2303463155979238e-6,1.2484910391507627e-6,1.232235585473669e-6,1.2290128962650432e-6,1.1600904937848813e-6,1.1980689849557955e-6,1.2260415400087966e-6,1.2584173664561397e-6,1.2138564917450796e-6,1.1846324984233661e-6,1.3209992339402445e-6,1.2330600330172861e-6,1.2259537803910677e-6,1.2252429695562745e-6,1.2368900322746854e-6,1.2298912961753285e-6,1.2254440739686574e-6,1.2287414185524623e-6,1.2437807594659046e-6,1.2229162319185504e-6,1.2295151090697556e-6,1.2297858188305057e-6,1.2316876560879276e-6,1.2364896706747845e-6,1.325932125663033e-6,1.2046849214065562e-6,1.1560457612553494e-6,1.194254029770195e-6,1.225183684467117e-6,1.215026441378306e-6,1.2388803567755485e-6,1.2228835936518895e-6,1.2330062196529333e-6,1.2306926564521296e-6,1.2285475613220254e-6,1.1137969397939247e-6,1.2277957255120939e-6,1.2294482591393207e-6,1.3510955136889038e-6,1.2369027578526184e-6,1.206980952655958e-6,1.2320576018419866e-6,1.2343537460491825e-6,1.254973007713122e-6
1.82784588906989e-6,1.831109997927232e-6,1.8396337108204715e-6,1.8427478669271059e-6,1.8567040408169084e-6,1.8273410043087047e-6,1.8167677002683551e-6,1.8266081719880924e-6,1.8772207939009728e-6,1.8270089331953827e-6,1.821803538456079e-6,1.830272438425636e-6,1.8191920159782411e-6,1.8290364202062065e-6,1.8293943694876767e-6,1.8262059965608876e-6,1.8255063902418756e-6,1.8313201622963957e-6,1.8124486422204427e-6,1.832782443079705e-6,1.8205696919442228e-6,1.8299509517018082e-6,1.8494015949736225e-6,1.6644167048639255e-6,1.8439383621776366e-6,1.8336499981481325e-6,1.8341018400283803e-6,1.8285813188007269e-6,1.821017939552335e-6,1.8210118603523348e-6,1.8293219745123612e-6,1.824059660817514e-6,1.8297401282661904e-6,1.7294186746128788e-6,1.8525653170229594e-6,1.8777162791906126e-6,1.822843511566775e-6,1.8266334533152743e-6,1.824376696256945e-6,1.83177277042915e-6,1.8243910979716218e-6,1.8324800393165378e-6,1.8279752359841453e-6,1.84818751969306e-6,1.827071563925675e-6,1.8277222961727262e-6,1.819949247883207e-6,1.845804462943943e-6,1.8640328576338211e-6,1.8257519434066408e-6,1.833615233602383e-6,1.8085279501104053e-6,1.7745390529841073e-6,1.8313693352602168e-6,1.8261188117357376e-6,1.840405507313625e-6,1.8287286141672524e-6,1.8333971991520329e-6,1.7787883161767108e-6,1.786352336087575e-6,1.8215466238585586e-6,1.8477938585566415e-6,1.8112372622541317e-6,1.7502485393053194e-6,1.9427648153796035e-6,1.8297088151398288e-6,1.8217215174903549e-6,1.8187357277724618e-6,1.835578602037409e-6,1.8245782934287528e-6,1.8209827147151586e-6,1.8241970747733458e-6,1.8451899482294376e-6,1.8149452316790177e-6,1.8252078113570015e-6,1.8258524714112504e-6,1.8268593302713422e-6,1.8323474743941273e-6,1.906919816670696e-6,1.7951996181410004e-6,1.7636637526627198e-6,1.7843128504801498e-6,1.830092532005813e-6,1.822072252247985e-6,1.8363050513035083e-6,1.8111847427286157e-6,1.829311548411162e-6,1.827874711580433e-6,1.8250989317344438e-6,1.7335147736330107e-6,1.823650193318863e-6,1.8256221037078635e-6,1.9008124311966524e-6,1.8400957198049564e-6,1.778926974921755e-6,1.8285115863096382e-6,1.8301558855133623e-6,1.8596310034537982e-6
2.7366664725293565e-6,2.7407868424291535e-6,2.750840783348666e-6,2.7395584730668885e-6,2.7553260057105153e-6,2.7192153899242285e-6,2.724889789467712e-6,2.7341336301895702e-6,2.812986104536524e-6,2.7347016493698957e-6,2.7350652002327336e-6,2.73773473754017e-6,2.7259330107009525e-6,2.738356194995408e-6,2.739059658327323e-6,2.7358513838316892e-6,2.7348630604539945e-6,2.7401990045444353e-6,2.7213216963966956e-6,2.74150918033548e-6,2.727314949910124e-6,2.740413353589753e-6,2.7539774753711613e-6,2.526068475751732e-6,2.7493100739117087e-6,2.7434120443552074e-6,2.7402807439767835e-6,2.739063305326459e-6,2.730457279214163e-6,2.7323015413673324e-6,2.7418077505295537e-6,2.733833129904148e-6,2.736004658447725e-6,2.6413054468011027e-6,2.7638565591256937e-6,2.806260124445032e-6,2.727726926289237e-6,2.734733016912063e-6,2.729971730466689e-6,2.7607698647309893e-6,2.7335542759537847e-6,2.743145441092678e-6,2.735426529094235e-6,2.755167682582577e-6,2.737174184965279e-6,2.7398672215826695e-6,2.7294944461750426e-6,2.753670274026065e-6,2.7671364989385237e-6,2.734233222605989e-6,2.7437621611618436e-6,2.7139317807882883e-6,2.6534118876027625e-6,2.7411265780501752e-6,2.7352252606360576e-6,2.745273654004347e-6,2.737922934033346e-6,2.7473595107762464e-6,2.712565704089022e-6,2.6920568503514433e-6,2.729685862247525e-6,2.7525313545491792e-6,2.7215162053350984e-6,2.621219625358764e-6,2.8657284527932724e-6,2.738611993110305e-6,2.726710140533477e-6,2.720122644620557e-6,2.7492800414553835e-6,2.731747934875278e-6,2.729996326940267e-6,2.732897231820889e-6,2.757253905217088e-6,2.722901398975494e-6,2.7326726303433365e-6,2.736089184984896e-6,2.733402137876371e-6,2.7381692462404887e-6,2.798796554874167e-6,2.7010230864103766e-6,2.6760159374116317e-6,2.6892145377889817e-6,2.7521832088930435e-6,2.7244620607846e-6,2.7440826626857622e-6,2.704877248996879e-6,2.7378697237804283e-6,2.739131351757398e-6,2.732744894867374e-6,2.6450525766949272e-6,2.732641511535827e-6,2.7342097863760197e-6,2.769481472850282e-6,2.7626663942821125e-6,2.670843354843796e-6,2.737138442304826e-6,2.737566091444627e-6,2.7902010824082926e-6
3.975877153349924e-6,3.980265529495547e-6,3.990714545606657e-6,3.964080799246587e-6,3.986415171162802e-6,3.946437113140293e-6,3.962605058685047e-6,3.97210495592437e-6,4.077865288933051e-6,3.971610836735012e-6,3.975971120921561e-6,3.975338132053113e-6,3.964472962891029e-6,3.977777711446544e-6,3.979515569132612e-6,3.97589634090944e-6,3.9708991797951455e-6,3.982835831210447e-6,3.959395111459762e-6,3.9787286499505715e-6,3.9642898950100795e-6,3.981923104483366e-6,3.986148782666907e-6,3.7452264786769977e-6,3.975602638882125e-6,3.9840310513463285e-6,3.975623893220625e-6,3.980490469601298e-6,3.971846158351673e-6,3.971268373305222e-6,3.9839938808414045e-6,3.975168906207578e-6,3.974910846248492e-6,3.883405006256798e-6,3.99088027901554e-6,4.061952355293284e-6,3.9642735748095004e-6,3.9719784163955905e-6,3.9668441975200376e-6,3.993450098510924e-6,3.971219806439815e-6,3.984047513841536e-6,3.973762219496652e-6,3.988680278144661e-6,3.976077063674123e-6,3.981583238653394e-6,3.975771291796065e-6,4.0032607658316256e-6,4.0125089159763244e-6,3.9721111839940805e-6,3.983475343433453e-6,3.950626946034116e-6,3.859316878903281e-6,3.980077891955558e-6,3.974065534490446e-6,3.985237063779659e-6,3.976729616404517e-6,3.977604642095826e-6,3.980936972080283e-6,3.9350184379301755e-6,3.967033273770656e-6,3.982562049938394e-6,3.959280812522558e-6,3.834056629731407e-6,4.0959108204032714e-6,3.98248795302714e-6,3.962296625456907e-6,3.955124372376592e-6,3.992328233584687e-6,3.96916862250277e-6,3.969110565205754e-6,3.97070525448092e-6,3.998217145135521e-6,3.963900466816122e-6,3.970332968862081e-6,3.977748962355768e-6,3.971650193236704e-6,3.971828355820793e-6,4.014210579611e-6,3.940548306220638e-6,3.948342514407376e-6,3.925415784528464e-6,4.003193404087672e-6,3.978413223621628e-6,3.980039316032375e-6,3.933336697888294e-6,3.9767184585815654e-6,3.979819976632287e-6,3.9685373758262315e-6,3.878703085191863e-6,3.971439257948222e-6,3.972396832416094e-6,3.963142694965159e-6,4.020732032870565e-6,3.890896297363217e-6,3.9754884275449996e-6,3.973933076596041e-6,4.059542289837126e-6
5.609339830206726e-6,5.612336715452314e-6,5.624517789272839e-6,5.5898397008561104e-6,5.613401757988613e-6,5.576280528087143e-6,5.594263616946443e-6,5.6047464980782665e-6,5.743170641373525e-6,5.602414322207235e-6,5.608337424795022e-6,5.607439888783962e-6,5.597711905039091e-6,5.6113231957991725e-6,5.615332177899161e-6,5.609509956137688e-6,5.598751743686406e-6,5.619746630702151e-6,5.5825262100064835e-6,5.61109940775541e-6,5.598239506920216e-6,5.6171170199295975e-6,5.612877288718192e-6,5.394457770949957e-6,5.592402212152452e-6,5.618271888008329e-6,5.607157792268942e-6,5.614964496981242e-6,5.609114983345668e-6,5.6048193771096175e-6,5.620760320819069e-6,5.60970459123592e-6,5.609744819135737e-6,5.521042342293485e-6,5.610939483438387e-6,5.724859614600465e-6,5.6000551883824875e-6,5.604190209333537e-6,5.599361849413855e-6,5.6317959016339265e-6,5.6009810772571254e-6,5.618602415037226e-6,5.607340882587713e-6,5.622463945405741e-6,5.609612328892418e-6,5.615589265193075e-6,5.6381524372014446e-6,5.644365184801103e-6,5.647201374652915e-6,5.603880558489086e-6,5.617870729232512e-6,5.578029951954721e-6,5.469115820084261e-6,5.612157662808732e-6,5.606637286631698e-6,5.62711750921709e-6,5.6089097778437244e-6,5.596004605030258e-6,5.654570076226243e-6,5.578535434239846e-6,5.5948422941323985e-6,5.59734677602028e-6,5.590181865234956e-6,5.4275591571155144e-6,5.733242795342375e-6,5.618294986507744e-6,5.594938910926663e-6,5.5858857108882125e-6,5.625562234453997e-6,5.6021080824395385e-6,5.6039135724073444e-6,5.601081324722734e-6,5.6297434582778035e-6,5.599647800109082e-6,5.60347362136794e-6,5.613104318559928e-6,5.606032980239372e-6,5.598535591297372e-6,5.627359627301477e-6,5.58034741490407e-6,5.642754146633792e-6,5.556054208981921e-6,5.644187866677153e-6,5.662537091009723e-6,5.610542486877636e-6,5.568341852648539e-6,5.609198623362869e-6,5.613670724575141e-6,5.600113059976563e-6,5.513378971141352e-6,5.604562135062698e-6,5.605079011823073e-6,5.589557023970277e-6,5.668716565790227e-6,5.50634574370138e-6,5.608310690553071e-6,5.6065719863899795e-6,5.710963492235371e-6
7.918563532459132e-6,7.918996965705125e-6,7.933064274741301e-6,7.8991774710512e-6,7.914352908679577e-6,7.899644656359244e-6,7.90209946707463e-6,7.91285097275263e-6,8.100972110001536e-6,7.909925148096818e-6,7.921075197018843e-6,7.916437269338534e-6,7.907307407695813e-6,7.920081060630334e-6,7.928239731553113e-6,7.9194675943325e-6,7.904382398085911e-6,7.930437902072524e-6,7.864003143272573e-6,7.920024417276927e-6,7.907451678699758e-6,7.925811860658993e-6,7.915718050118969e-6,7.841592093546269e-6,7.906964523806298e-6,7.926002968139723e-6,7.913563056347898e-6,7.923741490354975e-6,7.922043057314902e-6,7.913871114151338e-6,7.933587683142285e-6,7.918329046891942e-6,7.920674650954031e-6,7.801833611647147e-6,7.905584302738265e-6,8.065830452198648e-6,7.914975565050187e-6,7.911011464799524e-6,7.908587392805402e-6,7.947893544678661e-6,7.910356100877278e-6,7.930135809312596e-6,7.917675102919206e-6,7.927342122075777e-6,7.920765097480732e-6,7.923534701025192e-6,8.004130286794245e-6,7.962916217772025e-6,7.944265741952498e-6,7.9112907743231e-6,7.930098851770552e-6,7.88253608401441e-6,7.75252573633702e-6,7.921289494224488e-6,7.914275683193573e-6,7.968100340062692e-6,7.91686623500281e-6,7.892190140800328e-6,8.001553567236136e-6,7.898929408448709e-6,7.89798605726809e-6,7.90651089970395e-6,7.896281387840824e-6,7.711969901510478e-6,8.078937184245976e-6,7.924439788337138e-6,7.906657913824916e-6,7.9009209166856e-6,7.931577857246991e-6,7.913574825265018e-6,7.913398764072378e-6,7.904892663007773e-6,7.929173599497832e-6,7.91034359059295e-6,7.913769354669174e-6,7.924562536235178e-6,7.915687908027699e-6,7.901359497392027e-6,7.924565220396585e-6,7.90134732009024e-6,7.981381319297161e-6,7.857725002580379e-6,7.956730746603e-6,8.06070922638116e-6,7.916957822404829e-6,7.880120926919817e-6,7.91719020872693e-6,7.924310156247105e-6,7.909144056405244e-6,7.831189409156074e-6,7.913156947143785e-6,7.916156061049493e-6,7.96612862071714e-6,7.986503764425555e-6,7.793885891965517e-6,7.91725144990659e-6,7.918164672650164e-6,8.016874770955192e-6
0.000011809922960452225,0.000011807207855552634,0.000011823730977121565,0.000011793811020892639,0.000011796827046120182,0.000011816443931728668,0.00001179299609553704,0.000011801893002943852,0.00001205628429508276,0.000011798833627896796,0.000011793942231987387,0.000011807377392353622,0.000011800077970139909,0.000011810568204216971,0.000011821087981484109,0.000011810514581085185,0.000011794415892316099,0.000011817593629527108,0.00001171570686814911,0.00001180998786200115,0.000011796976395302047,0.000011816082835996699,0.000011805315697200152,0.000011834439462274797,0.000011826180212419982,0.000011813486665999773,0.000011801806337630422,0.000011812280707371623,0.000011813949193622529,0.000011800446569996508,0.000011828380329704822,0.000011808441533720467,0.00001181670330166916,0.000011555738483849063,0.000011780157113963311,0.00001195827805321562,0.000011808455517335416,0.000011798952477989619,0.00001180154411612734,0.000011842427320900744,0.000011801985119441919,0.000011819335039782967,0.0000118096963787447,0.000011817913623586093,0.000011811851150001638,0.000011814027773481657,0.000011944662218502215,0.000011863662754288019,0.00001186273237454579,0.00001179898849110212,0.000011823200658296355,0.00001176318557251265,0.00001160118322626375,0.00001181139153067643,0.000011802840423923094,0.00001189853672122698,0.000011805506575312998,0.000011780475758761562,0.000011910451190513171,0.000011793927488335475,0.000011786184117588538,0.000011806150704548247,0.000011782634044324498,0.000011585846310124874,0.00001199658727001875,0.00001180697529994803,0.000011804551117479165,0.000011798455246643144,0.000011818492630636467,0.00001180592334228502,0.000011803449069517653,0.000011790353722617442,0.000011810208798083595,0.00001180683680898683,0.000011805797741319969,0.000011817822603446516,0.000011805498911164978,0.00001178859100390048,0.000011812853264639491,0.000011808813763078828,0.000011884783842113187,0.00001174439954304264,0.000011848953443254604,0.000012055482604268435,0.000011803277539251301,0.000011782405691898114,0.000011808019166073947,0.000011816395434175015,0.000011797033343640765,0.000011748819582070942,0.000011802587474908675,0.000011809393655521417,0.000011924503113165318,0.000011873859588955279,0.000011657713601412458,0.000011806163456291205,0.00001181176867206637,0.000011918804896821567
0.00001800118652909481,0.000017999375366998906,0.000018014188671393515,0.000017991968995845403,0.000017985902247755652,0.000018059358088842057,0.000017988502955221123,0.000017992120233226044,0.000018314385960099155,0.000017986873933075233,0.000017943992789293646,0.000018000020834588704,0.00001799481887099627,0.00001800491614694258,0.000018012027745639983,0.000018000829675055367,0.000017983640446317074,0.00001800533637042543,0.0000178860383090029,0.00001800121151766869,0.000017986961514153013,0.000018007862545432582,0.00001800510865718263,0.00001806936475368683,0.000018043032541999433,0.000018000818477327,0.000017988569729252387,0.000018000045090447825,0.000018008711848617423,0.000017989206857920597,0.000018024937255574193,0.000017999142537170972,0.000018014491019534925,0.00001757792654817879,0.000017955392944914573,0.000018136228338724207,0.00001800194489625678,0.000017991458818362004,0.000018001410245316585,0.000018042230827311137,0.00001799681803571564,0.000018006199595770416,0.00001800382864343404,0.00001801218546636719,0.000018001950419248547,0.000018009134805756683,0.000018165432783828096,0.00001805160614243977,0.000018115177223175946,0.000017987927136252725,0.00001801664560481747,0.00001794096185891811,0.000017822282440439732,0.000018002071215085317,0.000017991989299786234,0.00001812200255706777,0.000017992755745098324,0.000017972334972807023,0.00001812071111966658,0.000017991299989821034,0.000017979465817424047,0.000017998470359145302,0.00001797597891879202,0.00001779492206864742,0.000018216539194126213,0.00001799411471390671,0.000018004313004225876,0.000017986516243897562,0.000018007213792625773,0.00001799800319861579,0.000017997554405705965,0.00001798373187550331,0.000017997281831561747,0.000018004666438099563,0.00001799924490940843,0.00001801187284475829,0.00001799614352676503,0.000017978492755732257,0.000018011026125331723,0.000018015639953897013,0.00001808406432734434,0.000017936837190799964,0.000018029527231862186,0.000018375156941405665,0.000017990715205903286,0.000017991241661997923,0.000018001618521409626,0.00001801067506329162,0.000017983267105521356,0.00001799600854039741,0.000017994425318427932,0.00001800301793531826,0.000018145703527751548,0.00001807072980273462,0.000017827306687769836,0.000017995282192109628,0.000018006132000026212,0.000018128339242179053
0.00002785296322171459,0.00002784888653736283,0.000027861163043699618,0.000027848721948044195,0.000027834164426172098,0.00002796425733577023,0.00002784510010724642,0.000027841396460289396,0.000028143507607929683,0.000027831748946508806,0.000027756253279299447,0.00002785180845519753,0.000027844320420241324,0.000027860095018906752,0.00002786181924300538,0.000027851253187903834,0.0000278318803905448,0.000027853848999523197,0.000027748902076533052,0.000027852912460842897,0.00002782962787921169,0.000027857306891249647,0.000027872881456650966,0.000027906566278617395,0.00002792454938674626,0.000027848274526546252,0.000027835073299657095,0.00002784895290405824,0.00002786042988346097,0.00002784386297238419,0.00002788319088350613,0.000027848293215446716,0.000027874432332562997,0.000027352608249988762,0.000027804842023373085,0.000027991086803466416,0.0000278594595625418,0.00002784465911216229,0.000027863570994086744,0.000027929767793765127,0.000027843032501372888,0.000027854965480197548,0.000027857776021600313,0.000027853992480049885,0.00002785020313909639,0.000027865982927702998,0.000028030703034344053,0.000027884170585838182,0.000028027019278820593,0.00002783577719542267,0.000027868765250762262,0.000027781102712973926,0.000027793360711670697,0.00002785009164652993,0.000027839822419905373,0.000027995094748320855,0.00002783604795622819,0.00002782233199584626,0.000027976993777478187,0.000027852377236255434,0.00002783339852870181,0.000027847222939247378,0.000027833053397637545,0.000027710246723381333,0.000028068263963222373,0.000027843747482529785,0.00002786361612946031,0.00002783981274049051,0.00002786073187358466,0.000027848456645714225,0.000027855730301418145,0.000027839279814295123,0.00002784034010911363,0.000027860025033350394,0.000027853640706666466,0.000027865110038115635,0.00002785452940755726,0.000027829569880923932,0.00002787367974496858,0.00002787918225721069,0.000027940906698187624,0.00002780051080352718,0.00002786857703892249,0.000028396177780636062,0.000027839193473898153,0.000027857184188801853,0.000027855409405215018,0.000027864496432005336,0.000027834346733738487,0.00002791695473323957,0.000027847231901972722,0.00002785503551576152,0.000027994733674102662,0.000027939571951805312,0.000027670375342869735,0.000027839345303245143,0.00002786108312752591,0.00002800436732471443
0.00004400530453449637,0.000043997469048867,0.000044004962836445685,0.00004400613225677958,0.00004397446792517014,0.00004415298393575181,0.000043998739579395455,0.000043987949426468146,0.0000442414992068591,0.00004397653603661032,0.00004390759030214375,0.00004400122175127842,0.000043984973402723407,0.000044011815504691875,0.000044008343950848295,0.00004400076522568761,0.00004398160286713362,0.000043996842110083506,0.00004391799043449907,0.00004400110118041122,0.00004396371920280522,0.00004400747820147576,0.00004403780148591861,0.00004410467625482548,0.00004412745990270961,0.00004399649764492497,0.0000439841403069267,0.0000439961673709613,0.00004400801596752364,0.00004400031983460711,0.000044041691404996184,0.0000439931552153763,0.00004403969824581985,0.000043538413590095435,0.000043972799616004824,0.000044220196454593485,0.00004401421831447913,0.00004399503418401548,0.000044021137935311763,0.000044128197321991505,0.000043986973422082234,0.00004400805731846898,0.00004400810617642289,0.00004399105414793673,0.000043998705921231403,0.00004401912467421911,0.00004418889291802317,0.00004400072423991333,0.00004420630159365183,0.000043980950093853196,0.000044017563030959666,0.00004393016318299348,0.00004406520114899791,0.00004399458800948812,0.00004398491651709615,0.00004416260031268225,0.000043976946904237895,0.00004396047919227521,0.0000441618415131202,0.000044003503110086204,0.00004398546225875565,0.00004399924892843487,0.00004399448985395097,0.000043936420809656605,0.00004420902680941806,0.00004399243568244369,0.000044025545999902164,0.00004400290694849069,0.0000440076147603189,0.000043997600236729114,0.000044016130125065827,0.00004398626104783283,0.0000439941752961963,0.000044010572099643396,0.00004400724653079782,0.00004401561974924542,0.00004400899805351667,0.00004397424937414307,0.00004403139896652358,0.000044031626344037514,0.000044104282855676744,0.00004397782550865829,0.00004401135020340221,0.00004466170492883316,0.00004398843897568876,0.000044005099320986334,0.00004400669768617661,0.000044017030982949234,0.000043995098762172195,0.000044144062175250614,0.00004399789554824067,0.000044002556317476715,0.00004416812115332123,0.00004410625355247494,0.00004385068987576377,0.0000439785183092279,0.00004401205074923612,0.000044151959450279884
0.00007242704565285678,0.00007242200002647064,0.00007241469253443014,0.00007242837748690635,0.00007237955428528734,0.00007257986354259927,0.00007241545316465161,0.00007239795417941933,0.0000725450462271793,0.00007238852976116445,0.00007238071684043646,0.00007241071762661031,0.00007238849899453741,0.00007242949931778961,0.00007241446241391348,0.00007241557151434766,0.00007238875896546553,0.00007239920227986721,0.00007235180809084452,0.00007241193193873263,0.00007236070894099252,0.00007242648282509547,0.00007246343710842174,0.0000725825914922436,0.00007257819454436308,0.0000724152342441285,0.00007241118880862105,0.0000724034418331189,0.0000724179545886889,0.00007242148335486727,0.00007247329251906478,0.00007239960607001157,0.00007246942325634807,0.00007202448614715889,0.000072410524229031,0.00007278923486535614,0.00007242664694347732,0.00007240690360400503,0.00007244192794646806,0.00007258148432180239,0.00007239557931140335,0.00007242601565903115,0.0000724201355006098,0.00007239520646028919,0.0000724126326459207,0.00007243145738048221,0.00007258673871642058,0.00007239320262613554,0.0000726367418467025,0.00007239220352348652,0.000072422713335448,0.00007234071580117994,0.00007257321840801652,0.00007240220965124343,0.00007239477366568947,0.00007262275005840384,0.00007237765420979348,0.00007236902967279804,0.000072575865237215,0.00007241904306873202,0.00007240244109227606,0.00007240837874799688,0.00007242309790430273,0.00007239068087038568,0.00007264471424633526,0.0000724170339846829,0.00007245295093189524,0.00007242465701021744,0.00007241631144066826,0.00007240918420105917,0.00007244061253221949,0.00007238770775931284,0.00007242048676180677,0.00007242720106983577,0.0000724309056918709,0.00007242915151275915,0.00007242485061467395,0.00007238635490305358,0.00007244767061801851,0.00007244969857380553,0.00007254273614038878,0.00007241724772364216,0.00007242464373648195,0.00007295862649302814,0.0000724012603453558,0.0000724201150309409,0.00007241822001319509,0.00007243185624543366,0.0000724231703250104,0.00007260593388209496,0.00007240836898368116,0.0000724122207375522,0.00007258993044947366,0.00007254069705967475,0.00007233193050359998,0.00007237861981573653,0.00007242392945474389,0.0000724989962094826
0.00012458957590599768,0.00012459010872706484,0.00012455752853678722,0.0001245855908141744,0.0001245222494422807,0.0001247013259843122,0.00012456607352120163,0.0001245383852586373,0.00012464236740625275,0.00012453249682786905,0.00012460166096847023,0.00012454930830907746,0.00012452759986413317,0.00012458922609690572,0.00012455295785545272,0.0001245658531449181,0.00012451779000889634,0.00012453454811287934,0.0001245429514283739,0.0001245587233904182,0.00012449211201877135,0.00012458296041692436,0.00012462974020418523,0.00012477882272630988,0.000124734169814013,0.0001245688527193151,0.00012457767848097497,0.00012454076821916132,0.0001245577789691533,0.0001245833441971738,0.00012464764357588193,0.00012453979336131047,0.00012463304976812086,0.00012412193513240422,0.00012458481488035087,0.00012512105265543715,0.00012456902882700962,0.00012454548266787748,0.00012459508214119068,0.00012473860731757977,0.00012453985989558348,0.00012457623498249887,0.0001245618166200559,0.00012453159392652747,0.00012456151165727582,0.00012457742536366878,0.00012464129447819065,0.00012453487685504014,0.0001247711612314443,0.0001245378038997973,0.00012455514263006644,0.0001245028338786313,0.00012481108568745313,0.00012454138450135367,0.00012453807319826282,0.00012481798125238842,0.00012451037447272194,0.0001245133659073251,0.00012469105665210894,0.00012456801366007733,0.00012455356350483504,0.00012455592848224708,0.00012459012370424455,0.00012456278759319562,0.0001248549746312028,0.0001245776021698793,0.0001246186144197484,0.00012457734863862888,0.00012456690455921909,0.00012455029806305348,0.00012459192956254945,0.00012452946472460105,0.00012457922824310127,0.00012459151216657137,0.00012459015734201458,0.00012457544088035428,0.0001245741020694394,0.000124538033152588,0.00012458734131665756,0.0001246172020714299,0.0001247152423049599,0.00012459819841028895,0.0001245699476221834,0.00012502727191412692,0.00012454581522312674,0.0001245763709066268,0.00012456152903293863,0.00012457058812075873,0.00012458638575193158,0.00012475654317869623,0.00012454985107985666,0.00012455278077661745,0.00012473288820705682,0.00012470929222902448,0.00012447779218617702,0.00012450205802068008,0.0001245734377208623,0.00012460526572467365
0.00022942902472537373,0.0002294303739160608,0.00022937067076515228,0.00022942142557377603,0.00022932675213490692,0.00022948581702637521,0.00022939404733478717,0.0002293436527820848,0.00022952175898691764,0.00022934724900599963,0.00022945174829614037,0.00022935062484613901,0.0002293311439200988,0.0002294238731280431,0.0002293586819965501,0.0002293756465248485,0.000229314470322267,0.0002293435928854353,0.00022941810274288354,0.00022938204298868762,0.0002292892699209836,0.00022940470257218522,0.00022948092650908265,0.00022965924677264478,0.00022955345636362177,0.0002293889059748935,0.0002294146606137707,0.000229343257930377,0.00022936279409583059,0.00022941194083688976,0.0002294902913184577,0.00022934034947266903,0.00022947103353085645,0.0002288582266316982,0.0002294393425151887,0.0002301358090076884,0.00022939153484574903,0.0002293600022688557,0.000229416117928071,0.00022958380390046242,0.00022936422738574632,0.0002293920078095023,0.0002293706885583366,0.0002293288751349245,0.00022938594595520758,0.00022938770126418117,0.0002293772212537705,0.00022933404304122703,0.00022959296877129697,0.00022935735111488903,0.0002293423069223378,0.0002293438459404446,0.00022965877367015796,0.00022935088724132573,0.0002293428202606866,0.0002296688731764175,0.00022931510006764678,0.00022934276418024865,0.00022951106939624304,0.00022938309556058987,0.0002293762951376536,0.00022937583315479183,0.00022943855227473408,0.00022943611150765686,0.00022962832200283412,0.00022940114503612044,0.00022945648865501557,0.00022941183936868095,0.00022938530330383493,0.00022936003939323874,0.00022940843527675066,0.0002293451863665503,0.0002293834545835868,0.0002294417789791926,0.0002294153063743332,0.00022939642263270827,0.00022940299143187531,0.00022936177734025656,0.00022940045833828962,0.00022946055462472813,0.0002295739953163353,0.0002294535061417452,0.00022937941773778895,0.00022977803505756816,0.00022934939524746228,0.00022940511235054647,0.0002293898428499859,0.0002293653928708921,0.00022941630464064493,0.0002294989379945603,0.00022935745438949605,0.00022936190639180065,0.00022963383576606088,0.00022953251955239867,0.00022928370611548568,0.00022927708395584513,0.0002293885411911533,0.0002294019144271743
0.0004776367038487317,0.00047761786800661104,0.000477545434234589,0.0004776181888672665,0.00047748993366385716,0.00047765615060899237,0.0004775846321103627,0.0004775032988662126,0.0004779170049139797,0.0004775181651777541,0.00047763384946715383,0.0004775058653535864,0.00047747425351747814,0.000477634729400418,0.0004775145221344451,0.0004775453165641714,0.00047747283617494547,0.00047750585192880797,0.0004776752340076872,0.00047755354613946734,0.0004774421331967771,0.0004775679842456628,0.0004777092072850136,0.0004779245465796552,0.0004777555994182832,0.0004775679355929948,0.00047760482852556463,0.00047751477460006124,0.0004775195028142225,0.00047758456174704626,0.0004776769125376251,0.0004774741234530079,0.0004776782855705668,0.00047706001679661484,0.0004776821021145825,0.00047848241741752905,0.0004775971174355207,0.00047754324041432807,0.00047761124643319516,0.0004777864770329161,0.0004775333442625575,0.0004775494558798408,0.00047751877408841995,0.00047747218254905573,0.0004775688173794026,0.0004775510890976707,0.0004775454397079378,0.00047750530984391336,0.00047785557259606183,0.0004775449151977996,0.0004774740792828772,0.0004775602848888327,0.0004777764566821444,0.0004775084723718832,0.00047747875162328654,0.0004778690390396653,0.00047747201390527184,0.00047751661224357353,0.00047772792276985467,0.00047755025557925414,0.00047756739201810594,0.00047754823918038747,0.0004776508549519615,0.0004776774675329012,0.0004775980844947999,0.00047758667191330104,0.0004776432505811883,0.00047760649306008516,0.00047755384393725507,0.0004775194994226851,0.0004775905154350584,0.0004775286148486164,0.0004775335135989685,0.00047765460298400565,0.00047759980571580375,0.000477590988085034,0.0004776040358312844,0.00047753840514316945,0.0004775878406486758,0.0004776436678710221,0.00047779585657974956,0.0004776546752008899,0.00047754785234375573,0.00047772788486623416,0.00047749632489967856,0.0004775939929947213,0.00047759408311214935,0.00047749525277288745,0.00047759949804242663,0.0004775399752408155,0.00047749819723688874,0.0004775283080088505,0.00047794135584795566,0.0004777026801478818,0.00047759229301594646,0.00047739398112964113,0.000477548002124394,0.00047740827239778545
0.001238076691159181,0.0012379816241172745,0.0012379541015289264,0.0012380581686002234,0.0012379249178424757,0.0012380613500358774,0.0012380335055453967,0.0012378693436524855,0.001238412600658636,0.0012379421425402104,0.0012380655610334424,0.0012379349795495261,0.00123779440903754,0.0012380896827305899,0.001237884035505457,0.0012379492433287598,0.0012378181523159447,0.0012379037190057307,0.0012382076775885554,0.0012379325323870704,0.00123783493278946,0.0012379312764205363,0.0012381755604000825,0.0012384025869129549,0.001238169163492728,0.0012379799590453687,0.001237980531216543,0.0012379068606326532,0.0012378926595820758,0.0012379654568488094,0.0012380627614436731,0.00123781604962604,0.0012381348057992963,0.0012378800260500172,0.001238193175386075,0.0012390197128458434,0.0012380391666082125,0.0012379471802548814,0.0012380649044354416,0.001238271487657658,0.0012379001563849528,0.0012378925537912633,0.0012378474312519671,0.001237842202689121,0.0012380047335307596,0.0012379391705009595,0.001237991110193441,0.0012379963518007735,0.0012383785053645274,0.0012379656449553623,0.0012378263011466606,0.0012380073493246037,0.0012381049693585403,0.0012378638705655147,0.0012378087509669396,0.0012382883783173667,0.0012378117238675793,0.0012378872810952526,0.001238185567725347,0.0012379275268469701,0.0012380133269773489,0.001237951081227295,0.0012380509418552302,0.001238113328960954,0.0012376717771884187,0.001238004461226032,0.0012380359971113737,0.0012379914264612748,0.0012379513385205915,0.0012378615261402102,0.001237973219884253,0.00123795328047337,0.0012379223080556112,0.0012380804221791856,0.0012380308372142994,0.0012380367822174667,0.0012380480647778093,0.0012379082836244202,0.0012379965352026282,0.0012380304350194781,0.001238272537990955,0.0012380384219052736,0.0012379395788139785,0.0012375747836520438,0.0012378275968135577,0.0012379854568604783,0.001238029969789696,0.0012378323248617227,0.0012380063477189012,0.0012377775918974193,0.0012378052745013826,0.0012379073400225053,0.0012385239323991241,0.0012380865142749256,0.0012381119319689175,0.0012377161851132804,0.0012378959315671144,0.001237681720866563
0.004584784571428466,0.00458463464381708,0.004584755649103451,0.004584896699191885,0.004584659832426856,0.004584761632160854,0.004584899460254846,0.004584515913320311,0.004585179804281683,0.00458473088361237,0.004584832248219692,0.004584746374739319,0.004584385989288869,0.00458477301137916,0.004584603270458062,0.004584618927142655,0.004584418241563016,0.004584531557365024,0.004585058595456474,0.004584665475977366,0.0045845930677468165,0.00458456009162019,0.004584899604672529,0.004585197334431567,0.00458493723835736,0.0045847739016029645,0.0045845607491267325,0.004584525893910557,0.004584573509300512,0.004584698387993882,0.004584676258961846,0.004584520342765521,0.004584882924710434,0.0045850865321833065,0.004585092284100792,0.0045859562564058015,0.004584730592425021,0.004584674748562103,0.004584860430401938,0.004585181422754554,0.004584481761682418,0.004584461964573738,0.004584368625090903,0.004584520429598473,0.004584865731336471,0.004584646233976979,0.004584776791001065,0.0045848236174836215,0.0045852786717406405,0.004584628943108378,0.004584547488242325,0.004584716281997024,0.004584673761966437,0.0045844569144273695,0.004584518483955196,0.004584992366925429,0.004584412939466693,0.004584583827933283,0.0045848740064775816,0.004584605364880565,0.004584767361484752,0.004584684899999357,0.004584672918152977,0.0045846603157511535,0.004583959980437908,0.004584759903142587,0.0045846804392965235,0.004584538805981534,0.004584609550340695,0.004584396342128016,0.004584579142737434,0.004584643720938744,0.004584689294563996,0.004584750341420663,0.004584818228128309,0.004584751334989286,0.004584775968053573,0.004584351859564187,0.004584714720661699,0.004584734430191786,0.004585107953304487,0.004584633436957688,0.004584585148645348,0.004583897430780464,0.004584461148445358,0.004584635235726285,0.004584770800843823,0.00458457103137278,0.004584608885586004,0.004584328416854943,0.004584311242310924,0.00458457809360523,0.004585361598861137,0.004584723822407665,0.004585018117876188,0.004584317132758265,0.004584438361390183,0.004584143427778708
0.02695831776158219,0.026958526380692162,0.026958816459793943,0.02695921611287759,0.026958485933481113,0.026958256566797983,0.02695865703875048,0.026958486740025392,0.026958781608366927,0.02695853289922813,0.02695867859013492,0.02695891091617251,0.02695816220288448,0.026958340557611246,0.026958245448364768,0.026958571693600192,0.02695841285388495,0.026958172340839484,0.026958979880616178,0.02695900468657412,0.026958607778559497,0.02695815512418767,0.02695842866367478,0.026959483063069743,0.02695873108890829,0.026958771641081028,0.026957949709501234,0.02695833192609669,0.026958637902958087,0.026958626827960068,0.026958397004000288,0.026958329575536937,0.02695827423407137,0.026959127430394327,0.02695935180406908,0.026960311005570215,0.026958502623466045,0.026958440440867315,0.02695897735381909,0.02695902301616809,0.026958038692851988,0.02695814153799947,0.026957920072536026,0.026958529273309523,0.02695914815838427,0.026958597860475626,0.026958823548146292,0.026958621115155037,0.026959422571636363,0.026958219463513067,0.026958199969781514,0.026958765995033315,0.026958354895350735,0.02695820325517232,0.026958704047311564,0.02695906237945348,0.026958120024170154,0.026958708294030628,0.02695878253180456,0.026958826652081498,0.02695846301251308,0.026958382059307843,0.026958417881663192,0.026958083514203812,0.02695748853177678,0.02695884797540062,0.026958111212490716,0.026958260427291846,0.026958635813679258,0.026957832988771774,0.026958825993738895,0.026958527941902864,0.02695832645907493,0.026958619333541024,0.026958754741760037,0.026958601422470106,0.026958786732670714,0.026957637482921834,0.026958581907784607,0.02695881449633797,0.026959092527313676,0.02695825962798275,0.026958322568283094,0.026957531156553912,0.026958501645663227,0.026958489782585436,0.02695867134295202,0.026958593226968884,0.02695808269779673,0.02695804603231055,0.026958178052895382,0.026958500558998844,0.026959348534295678,0.026958774956687324,0.026959118308515703,0.026958084245412007,0.02695815901962527,0.02695773100315206
