jk_index,pbp_rm,pbp_l,pbp_s
0,0.0010605639683974623,0.0016687895449396326,0.01942523575924875
1,0.001060564229517725,0.0016687895504343903,0.019425235760415084
2,0.0010605644906379879,0.0016687895559291482,0.01942523576158142
3,0.0010605647517582507,0.0016687895614239058,0.019425235762747753
4,0.0010605650128785137,0.0016687895669186634,0.019425235763914087
5,0.0010605652739987764,0.0016687895724134213,0.01942523576508042
6,0.0010605655351190392,0.001668789577908179,0.019425235766246756
7,0.001060565796239302,0.0016687895834029368,0.01942523576741309
8,0.001060566057359565,0.0016687895888976944,0.019425235768579425
9,0.0010605663184798278,0.0016687895943924523,0.01942523576974576
10,0.0010605665796000906,0.00166878959988721,0.019425235770912094
11,0.0010605668407203533,0.0016687896053819678,0.019425235772078428
12,0.0010605671018406163,0.0016687896108767255,0.019425235773244762
13,0.0010605673629608791,0.0016687896163714833,0.019425235774411097
14,0.001060567624081142,0.001668789621866241,0.01942523577557743
15,0.0010605678852014047,0.0016687896273609988,0.019425235776743766
16,0.0010605681463216677,0.0016687896328557565,0.0194252357779101
17,0.0010605684074419305,0.0016687896383505143,0.019425235779076434
18,0.0010605686685621933,0.001668789643845272,0.01942523578024277
19,0.001060568929682456,0.0016687896493400296,0.019425235781409103
20,0.001060569190802719,0.0016687896548347875,0.019425235782575438
21,0.0010605694519229818,0.0016687896603295451,0.019425235783741772
22,0.0010605697130432446,0.001668789665824303,0.019425235784908106
23,0.0010605699741635074,0.0016687896713190606,0.01942523578607444
24,0.0010605702352837702,0.0016687896768138185,0.019425235787240775
25,0.0010605704964040332,0.0016687896823085761,0.01942523578840711
26,0.001060570757524296,0.001668789687803334,0.019425235789573444
27,0.0010605710186445587,0.0016687896932980916,0.019425235790739778
28,0.0010605712797648215,0.0016687896987928495,0.019425235791906113
29,0.0010605715408850845,0.0016687897042876071,0.019425235793072447
30,0.0010605718020053473,0.001668789709782365,0.01942523579423878
31,0.00106057206312561,0.0016687897152771226,0.019425235795405116
32,0.0010605723242458729,0.0016687897207718805,0.01942523579657145
33,0.0010605725853661358,0.0016687897262666381,0.019425235797737785
34,0.0010605728464863986,0.0016687897317613958,0.01942523579890412
35,0.0010605731076066614,0.0016687897372561536,0.019425235800070453
36,0.0010605733687269242,0.0016687897427509113,0.019425235801236788
37,0.0010605736298471872,0.0016687897482456691,0.019425235802403122
38,0.00106057389096745,0.0016687897537404268,0.019425235803569457
39,0.0010605741520877128,0.0016687897592351847,0.01942523580473579
40,0.0010605744132079755,0.0016687897647299423,0.019425235805902125
41,0.0010605746743282385,0.0016687897702247002,0.01942523580706846
42,0.0010605749354485013,0.0016687897757194578,0.019425235808234794
43,0.001060575196568764,0.0016687897812142157,0.01942523580940113
44,0.0010605754576890269,0.0016687897867089733,0.019425235810567463
45,0.0010605757188092897,0.0016687897922037312,0.019425235811733797
46,0.0010605759799295527,0.0016687897976984888,0.01942523581290013
47,0.0010605762410498154,0.0016687898031932467,0.019425235814066466
48,0.0010605765021700782,0.0016687898086880043,0.0194252358152328
49,0.001060576763290341,0.001668789814182762,0.019425235816399135
50,0.001060577024410604,0.0016687898196775198,0.01942523581756547
51,0.0010605772855308668,0.0016687898251722775,0.019425235818731804
52,0.0010605775466511296,0.0016687898306670353,0.019425235819898138
53,0.0010605778077713924,0.001668789836161793,0.019425235821064472
54,0.0010605780688916554,0.0016687898416565508,0.019425235822230807
55,0.0010605783300119181,0.0016687898471513085,0.01942523582339714
56,0.001060578591132181,0.0016687898526460663,0.019425235824563476
57,0.0010605788522524437,0.001668789858140824,0.01942523582572981
58,0.0010605791133727067,0.0016687898636355818,0.019425235826896144
59,0.0010605793744929695,0.0016687898691303395,0.01942523582806248
60,0.0010605796356132323,0.0016687898746250973,0.019425235829228813
61,0.001060579896733495,0.001668789880119855,0.019425235830395148
62,0.001060580157853758,0.0016687898856146128,0.019425235831561482
63,0.0010605804189740208,0.0016687898911093705,0.019425235832727816
64,0.0010605806800942836,0.0016687898966041281,0.01942523583389415
65,0.0010605809412145464,0.001668789902098886,0.019425235835060485
66,0.0010605812023348092,0.0016687899075936436,0.01942523583622682
67,0.0010605814634550722,0.0016687899130884015,0.019425235837393154
68,0.001060581724575335,0.0016687899185831591,0.019425235838559488
69,0.0010605819856955977,0.001668789924077917,0.019425235839725823
70,0.0010605822468158605,0.0016687899295726746,0.019425235840892157
71,0.0010605825079361235,0.0016687899350674325,0.01942523584205849
72,0.0010605827690563863,0.0016687899405621901,0.019425235843224826
73,0.001060583030176649,0.001668789946056948,0.01942523584439116
74,0.0010605832912969119,0.0016687899515517057,0.019425235845557495
75,0.0010605835524171749,0.0016687899570464635,0.01942523584672383
76,0.0010605838135374376,0.0016687899625412212,0.019425235847890163
77,0.0010605840746577004,0.001668789968035979,0.019425235849056498
78,0.0010605843357779632,0.0016687899735307367,0.019425235850222832
79,0.0010605845968982262,0.0016687899790254943,0.019425235851389167
80,0.001060584858018489,0.0016687899845202522,0.0194252358525555
81,0.0010605851191387518,0.0016687899900150098,0.019425235853721835
82,0.0010605853802590146,0.0016687899955097677,0.01942523585488817
83,0.0010605856413792776,0.0016687900010045253,0.019425235856054504
84,0.0010605859024995403,0.0016687900064992832,0.01942523585722084
85,0.0010605861636198031,0.0016687900119940408,0.019425235858387173
86,0.001060586424740066,0.0016687900174887987,0.019425235859553507
87,0.0010605866858603287,0.0016687900229835563,0.01942523586071984
88,0.0010605869469805917,0.0016687900284783142,0.019425235861886176
89,0.0010605872081008545,0.0016687900339730718,0.01942523586305251
90,0.0010605874692211172,0.0016687900394678297,0.019425235864218845
91,0.00106058773034138,0.0016687900449625873,0.01942523586538518
92,0.001060587991461643,0.0016687900504573452,0.019425235866551514
93,0.0010605882525819058,0.0016687900559521028,0.019425235867717848
94,0.0010605885137021686,0.0016687900614468605,0.019425235868884182
95,0.0010605887748224314,0.0016687900669416183,0.019425235870050517
96,0.0010605890359426944,0.001668790072436376,0.01942523587121685
97,0.0010605892970629572,0.0016687900779311338,0.019425235872383186
98,0.00106058955818322,0.0016687900834258915,0.01942523587354952
99,0.0010605898193034827,0.0016687900889206493,0.019425235874715854
100,0.0010605900804237457,0.001668790094415407,0.01942523587588219
101,0.0010605903415440085,0.0016687900999101649,0.019425235877048523
102,0.0010605906026642713,0.0016687901054049225,0.019425235878214858
103,0.001060590863784534,0.0016687901108996804,0.019425235879381192
104,0.001060591124904797,0.001668790116394438,0.019425235880547526
105,0.0010605913860250598,0.0016687901218891959,0.01942523588171386
106,0.0010605916471453226,0.0016687901273839535,0.019425235882880195
107,0.0010605919082655854,0.0016687901328787114,0.01942523588404653
108,0.0010605921693858482,0.001668790138373469,0.019425235885212864
109,0.0010605924305061112,0.0016687901438682269,0.019425235886379198
110,0.001060592691626374,0.0016687901493629845,0.019425235887545533
111,0.0010605929527466368,0.0016687901548577422,0.019425235888711867
112,0.0010605932138668995,0.0016687901603525,0.0194252358898782
113,0.0010605934749871625,0.0016687901658472577,0.019425235891044536
114,0.0010605937361074253,0.0016687901713420155,0.01942523589221087
115,0.001060593997227688,0.0016687901768367732,0.019425235893377205
116,0.0010605942583479509,0.001668790182331531,0.01942523589454354
117,0.0010605945194682139,0.0016687901878262887,0.019425235895709873
118,0.0010605947805884767,0.0016687901933210465,0.019425235896876208
119,0.0010605950417087394,0.0016687901988158042,0.019425235898042542
120,0.0010605953028290022,0.001668790204310562,0.019425235899208877
121,0.0010605955639492652,0.0016687902098053197,0.01942523590037521
122,0.001060595825069528,0.0016687902153000775,0.019425235901541545
123,0.0010605960861897908,0.0016687902207948352,0.01942523590270788
124,0.0010605963473100536,0.001668790226289593,0.019425235903874214
125,0.0010605966084303166,0.0016687902317843507,0.01942523590504055
126,0.0010605968695505793,0.0016687902372791083,0.019425235906206883
127,0.0010605971306708421,0.0016687902427738662,0.019425235907373217
128,0.001060597391791105,0.0016687902482686238,0.01942523590853955
129,0.0010605976529113677,0.0016687902537633817,0.019425235909705886
130,0.0010605979140316307,0.0016687902592581393,0.01942523591087222
131,0.0010605981751518935,0.0016687902647528972,0.019425235912038555
132,0.0010605984362721563,0.0016687902702476548,0.01942523591320489
133,0.001060598697392419,0.0016687902757424127,0.019425235914371224
134,0.001060598958512682,0.0016687902812371703,0.019425235915537558
135,0.0010605992196329448,0.0016687902867319282,0.019425235916703892
136,0.0010605994807532076,0.0016687902922266858,0.019425235917870227
137,0.0010605997418734704,0.0016687902977214437,0.01942523591903656
138,0.0010606000029937334,0.0016687903032162014,0.019425235920202896
139,0.0010606002641139962,0.0016687903087109592,0.01942523592136923
140,0.001060600525234259,0.0016687903142057169,0.019425235922535564
141,0.0010606007863545217,0.0016687903197004745,0.0194252359237019
142,0.0010606010474747847,0.0016687903251952324,0.019425235924868233
143,0.0010606013085950475,0.00166879033068999,0.019425235926034568
144,0.0010606015697153103,0.0016687903361847479,0.019425235927200902
145,0.001060601830835573,0.0016687903416795055,0.019425235928367236
146,0.001060602091955836,0.0016687903471742634,0.01942523592953357
147,0.0010606023530760989,0.001668790352669021,0.019425235930699905
148,0.0010606026141963616,0.0016687903581637789,0.01942523593186624
149,0.0010606028753166244,0.0016687903636585365,0.019425235933032574
150,0.0010606031364368872,0.0016687903691532944,0.019425235934198908
151,0.0010606033975571502,0.001668790374648052,0.019425235935365243
152,0.001060603658677413,0.0016687903801428099,0.019425235936531577
153,0.0010606039197976758,0.0016687903856375675,0.01942523593769791
154,0.0010606041809179385,0.0016687903911323254,0.019425235938864246
155,0.0010606044420382015,0.001668790396627083,0.01942523594003058
156,0.0010606047031584643,0.0016687904021218407,0.019425235941196915
157,0.0010606049642787271,0.0016687904076165985,0.01942523594236325
158,0.00106060522539899,0.0016687904131113562,0.019425235943529583
159,0.0010606054865192529,0.001668790418606114,0.019425235944695918
160,0.0010606057476395157,0.0016687904241008717,0.019425235945862252
161,0.0010606060087597785,0.0016687904295956295,0.019425235947028587
162,0.0010606062698800412,0.0016687904350903872,0.01942523594819492
163,0.0010606065310003042,0.001668790440585145,0.019425235949361255
164,0.001060606792120567,0.0016687904460799027,0.01942523595052759
165,0.0010606070532408298,0.0016687904515746606,0.019425235951693924
166,0.0010606073143610926,0.0016687904570694182,0.01942523595286026
167,0.0010606075754813554,0.001668790462564176,0.019425235954026593
168,0.0010606078366016184,0.0016687904680589337,0.019425235955192927
169,0.0010606080977218811,0.0016687904735536916,0.01942523595635926
170,0.001060608358842144,0.0016687904790484492,0.019425235957525596
171,0.0010606086199624067,0.0016687904845432068,0.01942523595869193
172,0.0010606088810826697,0.0016687904900379647,0.019425235959858265
173,0.0010606091422029325,0.0016687904955327224,0.0194252359610246
174,0.0010606094033231953,0.0016687905010274802,0.019425235962190934
175,0.001060609664443458,0.0016687905065222379,0.019425235963357268
176,0.001060609925563721,0.0016687905120169957,0.019425235964523602
177,0.0010606101866839838,0.0016687905175117534,0.019425235965689937
178,0.0010606104478042466,0.0016687905230065112,0.01942523596685627
179,0.0010606107089245094,0.0016687905285012689,0.019425235968022606
180,0.0010606109700447724,0.0016687905339960267,0.01942523596918894
181,0.0010606112311650352,0.0016687905394907844,0.019425235970355274
182,0.001060611492285298,0.0016687905449855422,0.01942523597152161
183,0.0010606117534055607,0.0016687905504802999,0.019425235972687943
184,0.0010606120145258237,0.0016687905559750577,0.019425235973854277
185,0.0010606122756460865,0.0016687905614698154,0.019425235975020612
186,0.0010606125367663493,0.001668790566964573,0.019425235976186946
187,0.001060612797886612,0.0016687905724593309,0.01942523597735328
188,0.0010606130590068749,0.0016687905779540885,0.019425235978519615
189,0.0010606133201271379,0.0016687905834488464,0.01942523597968595
190,0.0010606135812474007,0.001668790588943604,0.019425235980852284
191,0.0010606138423676634,0.0016687905944383619,0.019425235982018618
192,0.0010606141034879262,0.0016687905999331195,0.019425235983184953
193,0.0010606143646081892,0.0016687906054278774,0.019425235984351287
194,0.001060614625728452,0.001668790610922635,0.01942523598551762
195,0.0010606148868487148,0.001668790616417393,0.019425235986683956
196,0.0010606151479689776,0.0016687906219121505,0.01942523598785029
197,0.0010606154090892406,0.0016687906274069084,0.019425235989016625
198,0.0010606156702095033,0.001668790632901666,0.01942523599018296
199,0.0010606159313297661,0.001668790638396424,0.019425235991349293
200,0.001060616192450029,0.0016687906438911815,0.019425235992515628
201,0.001060616453570292,0.0016687906493859392,0.019425235993681962
202,0.0010606167146905547,0.001668790654880697,0.019425235994848297
203,0.0010606169758108175,0.0016687906603754547,0.01942523599601463
204,0.0010606172369310803,0.0016687906658702126,0.019425235997180965
205,0.0010606174980513432,0.0016687906713649702,0.0194252359983473
206,0.001060617759171606,0.001668790676859728,0.019425235999513634
207,0.0010606180202918688,0.0016687906823544857,0.01942523600067997
208,0.0010606182814121316,0.0016687906878492436,0.019425236001846303
209,0.0010606185425323944,0.0016687906933440012,0.019425236003012637
210,0.0010606188036526574,0.001668790698838759,0.01942523600417897
211,0.0010606190647729202,0.0016687907043335167,0.019425236005345306
212,0.001060619325893183,0.0016687907098282746,0.01942523600651164
213,0.0010606195870134457,0.0016687907153230322,0.019425236007677975
214,0.0010606198481337087,0.00166879072081779,0.01942523600884431
215,0.0010606201092539715,0.0016687907263125477,0.019425236010010644
216,0.0010606203703742343,0.0016687907318073054,0.019425236011176978
217,0.001060620631494497,0.0016687907373020632,0.019425236012343312
218,0.00106062089261476,0.0016687907427968209,0.019425236013509647
219,0.0010606211537350228,0.0016687907482915787,0.01942523601467598
220,0.0010606214148552856,0.0016687907537863364,0.019425236015842316
221,0.0010606216759755484,0.0016687907592810942,0.01942523601700865
222,0.0010606219370958114,0.0016687907647758519,0.019425236018174984
223,0.0010606221982160742,0.0016687907702706097,0.01942523601934132
224,0.001060622459336337,0.0016687907757653674,0.019425236020507653
225,0.0010606227204565998,0.0016687907812601252,0.019425236021673987
226,0.0010606229815768628,0.0016687907867548829,0.019425236022840322
227,0.0010606232426971255,0.0016687907922496407,0.019425236024006656
228,0.0010606235038173883,0.0016687907977443984,0.01942523602517299
229,0.001060623764937651,0.0016687908032391563,0.019425236026339325
230,0.0010606240260579139,0.001668790808733914,0.01942523602750566
231,0.0010606242871781769,0.0016687908142286718,0.019425236028671994
232,0.0010606245482984397,0.0016687908197234294,0.019425236029838328
233,0.0010606248094187024,0.001668790825218187,0.019425236031004663
234,0.0010606250705389652,0.001668790830712945,0.019425236032170997
235,0.0010606253316592282,0.0016687908362077025,0.01942523603333733
236,0.001060625592779491,0.0016687908417024604,0.019425236034503666
237,0.0010606258538997538,0.001668790847197218,0.01942523603567
238,0.0010606261150200166,0.001668790852691976,0.019425236036836335
239,0.0010606263761402796,0.0016687908581867336,0.01942523603800267
240,0.0010606266372605424,0.0016687908636814914,0.019425236039169003
241,0.0010606268983808051,0.001668790869176249,0.019425236040335338
242,0.001060627159501068,0.001668790874671007,0.019425236041501672
243,0.001060627420621331,0.0016687908801657646,0.019425236042668007
244,0.0010606276817415937,0.0016687908856605224,0.01942523604383434
245,0.0010606279428618565,0.00166879089115528,0.019425236045000675
246,0.0010606282039821193,0.0016687908966500377,0.01942523604616701
247,0.0010606284651023823,0.0016687909021447956,0.019425236047333344
248,0.001060628726222645,0.0016687909076395532,0.01942523604849968
249,0.0010606289873429078,0.001668790913134311,0.019425236049666013
250,0.0010606292484631706,0.0016687909186290687,0.019425236050832347
251,0.0010606295095834334,0.0016687909241238266,0.01942523605199868
252,0.0010606297707036964,0.0016687909296185842,0.019425236053165016
253,0.0010606300318239592,0.001668790935113342,0.01942523605433135
254,0.001060630292944222,0.0016687909406080997,0.019425236055497685
255,0.0010606305540644847,0.0016687909461028576,0.01942523605666402
256,0.0010606308151847477,0.0016687909515976152,0.019425236057830354
257,0.0010606310763050105,0.001668790957092373,0.019425236058996688
258,0.0010606313374252733,0.0016687909625871307,0.019425236060163022
259,0.001060631598545536,0.0016687909680818886,0.019425236061329357
260,0.001060631859665799,0.0016687909735766462,0.01942523606249569
261,0.0010606321207860619,0.001668790979071404,0.019425236063662026
262,0.0010606323819063246,0.0016687909845661617,0.01942523606482836
263,0.0010606326430265874,0.0016687909900609194,0.019425236065994694
264,0.0010606329041468504,0.0016687909955556772,0.01942523606716103
265,0.0010606331652671132,0.001668791001050435,0.019425236068327363
266,0.001060633426387376,0.0016687910065451928,0.019425236069493697
267,0.0010606336875076388,0.0016687910120399504,0.019425236070660032
268,0.0010606339486279018,0.0016687910175347083,0.019425236071826366
269,0.0010606342097481646,0.001668791023029466,0.0194252360729927
270,0.0010606344708684273,0.0016687910285242238,0.019425236074159035
271,0.0010606347319886901,0.0016687910340189814,0.01942523607532537
272,0.001060634993108953,0.0016687910395137393,0.019425236076491704
273,0.001060635254229216,0.001668791045008497,0.019425236077658038
274,0.0010606355153494787,0.0016687910505032548,0.019425236078824373
275,0.0010606357764697415,0.0016687910559980124,0.019425236079990707
276,0.0010606360375900042,0.0016687910614927703,0.01942523608115704
277,0.0010606362987102672,0.001668791066987528,0.01942523608232338
278,0.00106063655983053,0.0016687910724822856,0.019425236083489714
279,0.0010606368209507928,0.0016687910779770434,0.019425236084656048
280,0.0010606370820710556,0.001668791083471801,0.019425236085822382
281,0.0010606373431913186,0.001668791088966559,0.019425236086988717
282,0.0010606376043115814,0.0016687910944613166,0.01942523608815505
283,0.0010606378654318442,0.0016687910999560744,0.019425236089321386
284,0.001060638126552107,0.001668791105450832,0.01942523609048772
285,0.00106063838767237,0.00166879111094559,0.019425236091654054
286,0.0010606386487926327,0.0016687911164403476,0.01942523609282039
287,0.0010606389099128955,0.0016687911219351054,0.019425236093986723
288,0.0010606391710331583,0.001668791127429863,0.019425236095153058
289,0.0010606394321534213,0.001668791132924621,0.019425236096319392
290,0.001060639693273684,0.0016687911384193786,0.019425236097485726
291,0.0010606399543939468,0.0016687911439141364,0.01942523609865206
292,0.0010606402155142096,0.001668791149408894,0.019425236099818395
293,0.0010606404766344724,0.0016687911549036517,0.01942523610098473
294,0.0010606407377547354,0.0016687911603984096,0.019425236102151064
295,0.0010606409988749982,0.0016687911658931672,0.0194252361033174
296,0.001060641259995261,0.001668791171387925,0.019425236104483733
297,0.0010606415211155238,0.0016687911768826827,0.019425236105650067
298,0.0010606417822357867,0.0016687911823774406,0.0194252361068164
299,0.0010606420433560495,0.0016687911878721982,0.019425236107982736
300,0.0010606423044763123,0.0016687911933669561,0.01942523610914907
301,0.001060642565596575,0.0016687911988617138,0.019425236110315405
302,0.001060642826716838,0.0016687912043564716,0.01942523611148174
303,0.0010606430878371009,0.0016687912098512293,0.019425236112648073
304,0.0010606433489573637,0.0016687912153459871,0.019425236113814408
305,0.0010606436100776264,0.0016687912208407448,0.019425236114980742
306,0.0010606438711978894,0.0016687912263355026,0.019425236116147077
307,0.0010606441323181522,0.0016687912318302603,0.01942523611731341
308,0.001060644393438415,0.001668791237325018,0.019425236118479745
309,0.0010606446545586778,0.0016687912428197758,0.01942523611964608
310,0.0010606449156789408,0.0016687912483145334,0.019425236120812414
311,0.0010606451767992036,0.0016687912538092913,0.01942523612197875
312,0.0010606454379194663,0.001668791259304049,0.019425236123145083
313,0.0010606456990397291,0.0016687912647988068,0.019425236124311417
314,0.001060645960159992,0.0016687912702935644,0.01942523612547775
315,0.001060646221280255,0.0016687912757883223,0.019425236126644086
316,0.0010606464824005177,0.00166879128128308,0.01942523612781042
317,0.0010606467435207805,0.0016687912867778378,0.019425236128976755
318,0.0010606470046410433,0.0016687912922725954,0.01942523613014309
319,0.0010606472657613063,0.0016687912977673533,0.019425236131309424
320,0.001060647526881569,0.001668791303262111,0.019425236132475758
321,0.0010606477880018318,0.0016687913087568688,0.019425236133642092
322,0.0010606480491220946,0.0016687913142516264,0.019425236134808427
323,0.0010606483102423576,0.001668791319746384,0.01942523613597476
324,0.0010606485713626204,0.001668791325241142,0.019425236137141096
325,0.0010606488324828832,0.0016687913307358996,0.01942523613830743
326,0.001060649093603146,0.0016687913362306574,0.019425236139473764
327,0.001060649354723409,0.001668791341725415,0.0194252361406401
328,0.0010606496158436717,0.001668791347220173,0.019425236141806433
329,0.0010606498769639345,0.0016687913527149306,0.019425236142972768
330,0.0010606501380841973,0.0016687913582096885,0.019425236144139102
331,0.0010606503992044603,0.001668791363704446,0.019425236145305436
332,0.001060650660324723,0.001668791369199204,0.01942523614647177
333,0.0010606509214449859,0.0016687913746939616,0.019425236147638105
334,0.0010606511825652486,0.0016687913801887195,0.01942523614880444
335,0.0010606514436855114,0.001668791385683477,0.019425236149970774
336,0.0010606517048057744,0.001668791391178235,0.01942523615113711
337,0.0010606519659260372,0.0016687913966729926,0.019425236152303443
338,0.0010606522270463,0.0016687914021677503,0.019425236153469777
339,0.0010606524881665628,0.0016687914076625081,0.01942523615463611
340,0.0010606527492868258,0.0016687914131572658,0.019425236155802446
341,0.0010606530104070885,0.0016687914186520236,0.01942523615696878
342,0.0010606532715273513,0.0016687914241467813,0.019425236158135115
343,0.0010606535326476141,0.0016687914296415391,0.01942523615930145
344,0.001060653793767877,0.0016687914351362968,0.019425236160467783
345,0.0010606540548881399,0.0016687914406310546,0.019425236161634118
346,0.0010606543160084027,0.0016687914461258123,0.019425236162800452
347,0.0010606545771286655,0.0016687914516205701,0.019425236163966787
348,0.0010606548382489285,0.0016687914571153278,0.01942523616513312
349,0.0010606550993691912,0.0016687914626100856,0.019425236166299455
350,0.001060655360489454,0.0016687914681048433,0.01942523616746579
351,0.0010606556216097168,0.0016687914735996011,0.019425236168632124
352,0.0010606558827299796,0.0016687914790943588,0.01942523616979846
353,0.0010606561438502426,0.0016687914845891164,0.019425236170964793
354,0.0010606564049705054,0.0016687914900838743,0.019425236172131127
355,0.0010606566660907681,0.001668791495578632,0.01942523617329746
356,0.001060656927211031,0.0016687915010733898,0.019425236174463796
357,0.001060657188331294,0.0016687915065681474,0.01942523617563013
358,0.0010606574494515567,0.0016687915120629053,0.019425236176796465
359,0.0010606577105718195,0.001668791517557663,0.0194252361779628
360,0.0010606579716920823,0.0016687915230524208,0.019425236179129134
361,0.0010606582328123453,0.0016687915285471784,0.019425236180295468
362,0.001060658493932608,0.0016687915340419363,0.019425236181461802
363,0.0010606587550528708,0.001668791539536694,0.019425236182628137
364,0.0010606590161731336,0.0016687915450314518,0.01942523618379447
365,0.0010606592772933966,0.0016687915505262095,0.019425236184960806
366,0.0010606595384136594,0.0016687915560209673,0.01942523618612714
367,0.0010606597995339222,0.001668791561515725,0.019425236187293474
368,0.001060660060654185,0.0016687915670104826,0.01942523618845981
369,0.001060660321774448,0.0016687915725052405,0.019425236189626143
370,0.0010606605828947107,0.001668791577999998,0.019425236190792478
371,0.0010606608440149735,0.001668791583494756,0.019425236191958812
372,0.0010606611051352363,0.0016687915889895136,0.019425236193125146
373,0.001060661366255499,0.0016687915944842715,0.01942523619429148
374,0.001060661627375762,0.0016687915999790291,0.019425236195457815
375,0.0010606618884960249,0.001668791605473787,0.01942523619662415
376,0.0010606621496162877,0.0016687916109685446,0.019425236197790484
377,0.0010606624107365504,0.0016687916164633025,0.01942523619895682
378,0.0010606626718568134,0.0016687916219580601,0.019425236200123153
379,0.0010606629329770762,0.001668791627452818,0.019425236201289487
380,0.001060663194097339,0.0016687916329475756,0.01942523620245582
381,0.0010606634552176018,0.0016687916384423335,0.019425236203622156
382,0.0010606637163378648,0.0016687916439370911,0.01942523620478849
383,0.0010606639774581276,0.001668791649431849,0.019425236205954825
384,0.0010606642385783903,0.0016687916549266066,0.01942523620712116
385,0.0010606644996986531,0.0016687916604213643,0.019425236208287493
386,0.0010606647608189161,0.0016687916659161221,0.019425236209453828
387,0.001060665021939179,0.0016687916714108798,0.019425236210620162
388,0.0010606652830594417,0.0016687916769056376,0.019425236211786497
389,0.0010606655441797045,0.0016687916824003953,0.01942523621295283
390,0.0010606658052999675,0.0016687916878951531,0.019425236214119165
391,0.0010606660664202302,0.0016687916933899108,0.0194252362152855
392,0.001060666327540493,0.0016687916988846687,0.019425236216451834
393,0.0010606665886607558,0.0016687917043794263,0.01942523621761817
394,0.0010606668497810186,0.0016687917098741842,0.019425236218784503
395,0.0010606671109012816,0.0016687917153689418,0.019425236219950837
396,0.0010606673720215444,0.0016687917208636997,0.01942523622111717
397,0.0010606676331418072,0.0016687917263584573,0.019425236222283506
398,0.00106066789426207,0.0016687917318532152,0.01942523622344984
399,0.001060668155382333,0.0016687917373479728,0.019425236224616175
400,0.0010606684165025957,0.0016687917428427305,0.01942523622578251
401,0.0010606686776228585,0.0016687917483374883,0.019425236226948844
402,0.0010606689387431213,0.001668791753832246,0.019425236228115178
403,0.0010606691998633843,0.0016687917593270038,0.019425236229281512
404,0.001060669460983647,0.0016687917648217615,0.019425236230447847
405,0.0010606697221039098,0.0016687917703165193,0.01942523623161418
406,0.0010606699832241726,0.001668791775811277,0.019425236232780516
407,0.0010606702443444356,0.0016687917813060348,0.01942523623394685
408,0.0010606705054646984,0.0016687917868007925,0.019425236235113184
409,0.0010606707665849612,0.0016687917922955503,0.01942523623627952
410,0.001060671027705224,0.001668791797790308,0.019425236237445853
411,0.001060671288825487,0.0016687918032850658,0.019425236238612188
412,0.0010606715499457498,0.0016687918087798235,0.019425236239778522
413,0.0010606718110660125,0.0016687918142745813,0.019425236240944856
414,0.0010606720721862753,0.001668791819769339,0.01942523624211119
415,0.001060672333306538,0.0016687918252640966,0.019425236243277525
416,0.001060672594426801,0.0016687918307588545,0.01942523624444386
417,0.0010606728555470639,0.0016687918362536121,0.019425236245610194
418,0.0010606731166673267,0.00166879184174837,0.01942523624677653
419,0.0010606733777875894,0.0016687918472431276,0.019425236247942863
420,0.0010606736389078524,0.0016687918527378855,0.019425236249109197
421,0.0010606739000281152,0.0016687918582326431,0.01942523625027553
422,0.001060674161148378,0.001668791863727401,0.019425236251441866
423,0.0010606744222686408,0.0016687918692221586,0.0194252362526082
424,0.0010606746833889038,0.0016687918747169165,0.019425236253774535
425,0.0010606749445091666,0.0016687918802116741,0.01942523625494087
426,0.0010606752056294294,0.001668791885706432,0.019425236256107203
427,0.0010606754667496921,0.0016687918912011896,0.019425236257273538
428,0.0010606757278699551,0.0016687918966959475,0.019425236258439872
429,0.001060675988990218,0.0016687919021907052,0.019425236259606207
430,0.0010606762501104807,0.0016687919076854628,0.01942523626077254
431,0.0010606765112307435,0.0016687919131802207,0.019425236261938875
432,0.0010606767723510065,0.0016687919186749783,0.01942523626310521
433,0.0010606770334712693,0.0016687919241697362,0.019425236264271544
434,0.001060677294591532,0.0016687919296644938,0.01942523626543788
435,0.0010606775557117948,0.0016687919351592517,0.019425236266604213
436,0.0010606778168320576,0.0016687919406540093,0.019425236267770547
437,0.0010606780779523206,0.0016687919461487672,0.01942523626893688
438,0.0010606783390725834,0.0016687919516435248,0.019425236270103216
439,0.0010606786001928462,0.0016687919571382827,0.01942523627126955
440,0.001060678861313109,0.0016687919626330403,0.019425236272435885
441,0.001060679122433372,0.0016687919681277982,0.01942523627360222
442,0.0010606793835536347,0.0016687919736225558,0.019425236274768554
443,0.0010606796446738975,0.0016687919791173137,0.019425236275934888
444,0.0010606799057941603,0.0016687919846120713,0.019425236277101222
445,0.0010606801669144233,0.001668791990106829,0.019425236278267557
446,0.001060680428034686,0.0016687919956015868,0.01942523627943389
447,0.0010606806891549489,0.0016687920010963445,0.019425236280600226
448,0.0010606809502752116,0.0016687920065911023,0.01942523628176656
449,0.0010606812113954746,0.00166879201208586,0.019425236282932894
450,0.0010606814725157374,0.0016687920175806178,0.01942523628409923
451,0.0010606817336360002,0.0016687920230753755,0.019425236285265563
452,0.001060681994756263,0.0016687920285701333,0.019425236286431898
453,0.001060682255876526,0.001668792034064891,0.019425236287598232
454,0.0010606825169967888,0.0016687920395596488,0.019425236288764566
455,0.0010606827781170516,0.0016687920450544065,0.0194252362899309
456,0.0010606830392373143,0.0016687920505491644,0.019425236291097235
457,0.0010606833003575771,0.001668792056043922,0.01942523629226357
458,0.0010606835614778401,0.0016687920615386799,0.019425236293429904
459,0.001060683822598103,0.0016687920670334375,0.01942523629459624
460,0.0010606840837183657,0.0016687920725281951,0.019425236295762573
461,0.0010606843448386285,0.001668792078022953,0.019425236296928907
462,0.0010606846059588915,0.0016687920835177106,0.01942523629809524
463,0.0010606848670791542,0.0016687920890124685,0.019425236299261576
464,0.001060685128199417,0.0016687920945072262,0.01942523630042791
465,0.0010606853893196798,0.001668792100001984,0.019425236301594245
466,0.0010606856504399428,0.0016687921054967417,0.01942523630276058
467,0.0010606859115602056,0.0016687921109914995,0.019425236303926913
468,0.0010606861726804684,0.0016687921164862572,0.019425236305093248
469,0.0010606864338007312,0.001668792121981015,0.019425236306259582
470,0.0010606866949209942,0.0016687921274757727,0.019425236307425917
471,0.001060686956041257,0.0016687921329705305,0.01942523630859225
472,0.0010606872171615197,0.0016687921384652882,0.019425236309758585
473,0.0010606874782817825,0.001668792143960046,0.01942523631092492
474,0.0010606877394020455,0.0016687921494548037,0.019425236312091254
475,0.0010606880005223083,0.0016687921549495613,0.01942523631325759
476,0.001060688261642571,0.0016687921604443192,0.019425236314423923
477,0.0010606885227628338,0.0016687921659390768,0.019425236315590257
478,0.0010606887838830966,0.0016687921714338347,0.01942523631675659
479,0.0010606890450033596,0.0016687921769285923,0.019425236317922926
480,0.0010606893061236224,0.0016687921824233502,0.01942523631908926
481,0.0010606895672438852,0.0016687921879181078,0.019425236320255595
482,0.001060689828364148,0.0016687921934128657,0.01942523632142193
483,0.001060690089484411,0.0016687921989076233,0.019425236322588264
484,0.0010606903506046737,0.0016687922044023812,0.019425236323754598
485,0.0010606906117249365,0.0016687922098971388,0.019425236324920932
486,0.0010606908728451993,0.0016687922153918967,0.019425236326087267
487,0.0010606911339654623,0.0016687922208866543,0.0194252363272536
488,0.001060691395085725,0.0016687922263814122,0.019425236328419936
489,0.0010606916562059879,0.0016687922318761698,0.01942523632958627
490,0.0010606919173262507,0.0016687922373709275,0.019425236330752604
491,0.0010606921784465137,0.0016687922428656854,0.01942523633191894
492,0.0010606924395667764,0.001668792248360443,0.019425236333085273
493,0.0010606927006870392,0.0016687922538552009,0.019425236334251608
494,0.001060692961807302,0.0016687922593499585,0.019425236335417942
495,0.001060693222927565,0.0016687922648447164,0.019425236336584276
496,0.0010606934840478278,0.001668792270339474,0.01942523633775061
497,0.0010606937451680906,0.0016687922758342319,0.019425236338916945
498,0.0010606940062883533,0.0016687922813289895,0.01942523634008328
499,0.0010606942674086161,0.0016687922868237474,0.019425236341249614
500,0.0010606945285288791,0.001668792292318505,0.019425236342415948
501,0.001060694789649142,0.0016687922978132629,0.019425236343582283
502,0.0010606950507694047,0.0016687923033080205,0.019425236344748617
503,0.0010606953118896675,0.0016687923088027784,0.01942523634591495
504,0.0010606955730099305,0.001668792314297536,0.019425236347081286
505,0.0010606958341301933,0.0016687923197922937,0.01942523634824762
506,0.001060696095250456,0.0016687923252870515,0.019425236349413955
507,0.0010606963563707188,0.0016687923307818092,0.01942523635058029
508,0.0010606966174909818,0.001668792336276567,0.019425236351746623
509,0.0010606968786112446,0.0016687923417713247,0.019425236352912958
510,0.0010606971397315074,0.0016687923472660825,0.019425236354079292
511,0.0010606974008517702,0.0016687923527608402,0.019425236355245627
512,0.0010606976619720332,0.001668792358255598,0.01942523635641196
513,0.001060697923092296,0.0016687923637503557,0.019425236357578295
514,0.0010606981842125587,0.0016687923692451135,0.01942523635874463
515,0.0010606984453328215,0.0016687923747398712,0.019425236359910964
516,0.0010606987064530845,0.001668792380234629,0.0194252363610773
517,0.0010606989675733473,0.0016687923857293867,0.019425236362243633
518,0.00106069922869361,0.0016687923912241445,0.019425236363409967
519,0.0010606994898138729,0.0016687923967189022,0.0194252363645763
520,0.0010606997509341356,0.0016687924022136598,0.019425236365742636
521,0.0010607000120543986,0.0016687924077084177,0.01942523636690897
522,0.0010607002731746614,0.0016687924132031753,0.019425236368075305
523,0.0010607005342949242,0.0016687924186979332,0.01942523636924164
524,0.001060700795415187,0.0016687924241926908,0.019425236370407974
525,0.00106070105653545,0.0016687924296874487,0.019425236371574308
526,0.0010607013176557128,0.0016687924351822063,0.019425236372740642
527,0.0010607015787759755,0.0016687924406769642,0.019425236373906977
528,0.0010607018398962383,0.0016687924461717219,0.01942523637507331
529,0.0010607021010165013,0.0016687924516664797,0.019425236376239646
530,0.001060702362136764,0.0016687924571612374,0.01942523637740598
531,0.0010607026232570269,0.0016687924626559952,0.019425236378572314
532,0.0010607028843772897,0.0016687924681507529,0.01942523637973865
533,0.0010607031454975527,0.0016687924736455107,0.019425236380904983
534,0.0010607034066178155,0.0016687924791402684,0.019425236382071318
535,0.0010607036677380782,0.0016687924846350262,0.019425236383237652
536,0.001060703928858341,0.0016687924901297839,0.019425236384403986
537,0.0010607041899786038,0.0016687924956245415,0.01942523638557032
538,0.0010607044510988668,0.0016687925011192994,0.019425236386736655
539,0.0010607047122191296,0.001668792506614057,0.01942523638790299
540,0.0010607049733393924,0.0016687925121088149,0.019425236389069324
541,0.0010607052344596551,0.0016687925176035725,0.019425236390235658
542,0.0010607054955799181,0.0016687925230983304,0.019425236391401993
543,0.001060705756700181,0.001668792528593088,0.019425236392568327
544,0.0010607060178204437,0.0016687925340878459,0.01942523639373466
545,0.0010607062789407065,0.0016687925395826035,0.019425236394900996
546,0.0010607065400609695,0.0016687925450773614,0.01942523639606733
547,0.0010607068011812323,0.001668792550572119,0.019425236397233665
548,0.001060707062301495,0.001668792556066877,0.0194252363984
549,0.0010607073234217578,0.0016687925615616345,0.019425236399566333
550,0.0010607075845420208,0.0016687925670563924,0.019425236400732668
551,0.0010607078456622836,0.00166879257255115,0.019425236401899002
552,0.0010607081067825464,0.0016687925780459077,0.019425236403065337
553,0.0010607083679028092,0.0016687925835406655,0.01942523640423167
554,0.0010607086290230722,0.0016687925890354232,0.019425236405398005
555,0.001060708890143335,0.001668792594530181,0.01942523640656434
556,0.0010607091512635977,0.0016687926000249387,0.019425236407730674
557,0.0010607094123838605,0.0016687926055196966,0.01942523640889701
558,0.0010607096735041233,0.0016687926110144542,0.019425236410063343
559,0.0010607099346243863,0.001668792616509212,0.019425236411229677
560,0.001060710195744649,0.0016687926220039697,0.01942523641239601
561,0.0010607104568649119,0.0016687926274987276,0.019425236413562346
562,0.0010607107179851747,0.0016687926329934852,0.01942523641472868
563,0.0010607109791054376,0.001668792638488243,0.019425236415895015
564,0.0010607112402257004,0.0016687926439830007,0.01942523641706135
565,0.0010607115013459632,0.0016687926494777586,0.019425236418227684
566,0.001060711762466226,0.0016687926549725162,0.019425236419394018
567,0.001060712023586489,0.0016687926604672739,0.019425236420560352
568,0.0010607122847067518,0.0016687926659620317,0.019425236421726687
569,0.0010607125458270146,0.0016687926714567894,0.01942523642289302
570,0.0010607128069472773,0.0016687926769515472,0.019425236424059356
571,0.0010607130680675403,0.0016687926824463049,0.01942523642522569
572,0.0010607133291878031,0.0016687926879410627,0.019425236426392024
573,0.001060713590308066,0.0016687926934358204,0.01942523642755836
574,0.0010607138514283287,0.0016687926989305782,0.019425236428724693
575,0.0010607141125485917,0.0016687927044253359,0.019425236429891028
576,0.0010607143736688545,0.0016687927099200937,0.019425236431057362
577,0.0010607146347891172,0.0016687927154148514,0.019425236432223696
578,0.00106071489590938,0.0016687927209096092,0.01942523643339003
579,0.0010607151570296428,0.0016687927264043669,0.019425236434556365
580,0.0010607154181499058,0.0016687927318991247,0.0194252364357227
581,0.0010607156792701686,0.0016687927373938824,0.019425236436889034
582,0.0010607159403904314,0.00166879274288864,0.019425236438055368
583,0.0010607162015106942,0.001668792748383398,0.019425236439221703
584,0.0010607164626309572,0.0016687927538781555,0.019425236440388037
585,0.00106071672375122,0.0016687927593729134,0.01942523644155437
586,0.0010607169848714827,0.001668792764867671,0.019425236442720706
587,0.0010607172459917455,0.001668792770362429,0.01942523644388704
588,0.0010607175071120085,0.0016687927758571865,0.019425236445053375
589,0.0010607177682322713,0.0016687927813519444,0.01942523644621971
590,0.001060718029352534,0.001668792786846702,0.019425236447386043
591,0.0010607182904727968,0.00166879279234146,0.019425236448552378
592,0.0010607185515930598,0.0016687927978362176,0.019425236449718712
593,0.0010607188127133226,0.0016687928033309754,0.019425236450885047
594,0.0010607190738335854,0.001668792808825733,0.01942523645205138
595,0.0010607193349538482,0.001668792814320491,0.019425236453217715
596,0.0010607195960741112,0.0016687928198152486,0.01942523645438405
597,0.001060719857194374,0.0016687928253100062,0.019425236455550384
598,0.0010607201183146368,0.001668792830804764,0.01942523645671672
599,0.0010607203794348995,0.0016687928362995217,0.019425236457883053
600,0.0010607206405551623,0.0016687928417942796,0.019425236459049387
601,0.0010607209016754253,0.0016687928472890372,0.01942523646021572
602,0.001060721162795688,0.001668792852783795,0.019425236461382056
603,0.0010607214239159509,0.0016687928582785527,0.01942523646254839
604,0.0010607216850362137,0.0016687928637733106,0.019425236463714725
605,0.0010607219461564767,0.0016687928692680682,0.01942523646488106
606,0.0010607222072767394,0.001668792874762826,0.019425236466047394
607,0.0010607224683970022,0.0016687928802575837,0.019425236467213728
608,0.001060722729517265,0.0016687928857523416,0.019425236468380062
609,0.001060722990637528,0.0016687928912470992,0.019425236469546397
610,0.0010607232517577908,0.001668792896741857,0.01942523647071273
611,0.0010607235128780536,0.0016687929022366147,0.019425236471879066
612,0.0010607237739983164,0.0016687929077313724,0.0194252364730454
613,0.0010607240351185794,0.0016687929132261302,0.019425236474211734
614,0.0010607242962388421,0.0016687929187208879,0.01942523647537807
615,0.001060724557359105,0.0016687929242156457,0.019425236476544403
616,0.0010607248184793677,0.0016687929297104034,0.019425236477710738
617,0.0010607250795996307,0.0016687929352051612,0.019425236478877072
618,0.0010607253407198935,0.0016687929406999189,0.019425236480043406
619,0.0010607256018401563,0.0016687929461946768,0.01942523648120974
620,0.001060725862960419,0.0016687929516894344,0.019425236482376075
621,0.0010607261240806818,0.0016687929571841923,0.01942523648354241
622,0.0010607263852009448,0.00166879296267895,0.019425236484708744
623,0.0010607266463212076,0.0016687929681737078,0.019425236485875078
624,0.0010607269074414704,0.0016687929736684654,0.019425236487041413
625,0.0010607271685617332,0.0016687929791632233,0.019425236488207747
626,0.0010607274296819962,0.001668792984657981,0.01942523648937408
627,0.001060727690802259,0.0016687929901527386,0.019425236490540416
628,0.0010607279519225217,0.0016687929956474964,0.01942523649170675
629,0.0010607282130427845,0.001668793001142254,0.019425236492873085
630,0.0010607284741630475,0.001668793006637012,0.01942523649403942
631,0.0010607287352833103,0.0016687930121317696,0.019425236495205753
632,0.001060728996403573,0.0016687930176265274,0.019425236496372088
633,0.0010607292575238359,0.001668793023121285,0.019425236497538422
634,0.0010607295186440989,0.001668793028616043,0.019425236498704757
635,0.0010607297797643616,0.0016687930341108006,0.01942523649987109
636,0.0010607300408846244,0.0016687930396055584,0.019425236501037425
637,0.0010607303020048872,0.001668793045100316,0.01942523650220376
638,0.0010607305631251502,0.001668793050595074,0.019425236503370094
639,0.001060730824245413,0.0016687930560898316,0.019425236504536432
640,0.0010607310853656758,0.0016687930615845894,0.019425236505702766
641,0.0010607313464859386,0.001668793067079347,0.0194252365068691
642,0.0010607316076062013,0.0016687930725741047,0.019425236508035435
643,0.0010607318687264643,0.0016687930780688626,0.01942523650920177
644,0.0010607321298467271,0.0016687930835636202,0.019425236510368104
645,0.00106073239096699,0.001668793089058378,0.01942523651153444
646,0.0010607326520872527,0.0016687930945531357,0.019425236512700773
647,0.0010607329132075157,0.0016687931000478936,0.019425236513867107
648,0.0010607331743277785,0.0016687931055426512,0.01942523651503344
649,0.0010607334354480412,0.001668793111037409,0.019425236516199776
650,0.001060733696568304,0.0016687931165321667,0.01942523651736611
651,0.001060733957688567,0.0016687931220269246,0.019425236518532445
652,0.0010607342188088298,0.0016687931275216822,0.01942523651969878
653,0.0010607344799290926,0.00166879313301644,0.019425236520865113
654,0.0010607347410493554,0.0016687931385111977,0.019425236522031448
655,0.0010607350021696184,0.0016687931440059556,0.019425236523197782
656,0.0010607352632898811,0.0016687931495007133,0.019425236524364117
657,0.001060735524410144,0.0016687931549954711,0.01942523652553045
658,0.0010607357855304067,0.0016687931604902288,0.019425236526696785
659,0.0010607360466506697,0.0016687931659849864,0.01942523652786312
660,0.0010607363077709325,0.0016687931714797443,0.019425236529029454
661,0.0010607365688911953,0.001668793176974502,0.01942523653019579
662,0.001060736830011458,0.0016687931824692598,0.019425236531362123
663,0.0010607370911317208,0.0016687931879640174,0.019425236532528457
664,0.0010607373522519838,0.0016687931934587753,0.01942523653369479
665,0.0010607376133722466,0.001668793198953533,0.019425236534861126
666,0.0010607378744925094,0.0016687932044482908,0.01942523653602746
667,0.0010607381356127722,0.0016687932099430484,0.019425236537193795
668,0.0010607383967330352,0.0016687932154378063,0.01942523653836013
669,0.001060738657853298,0.001668793220932564,0.019425236539526464
670,0.0010607389189735607,0.0016687932264273218,0.019425236540692798
671,0.0010607391800938235,0.0016687932319220794,0.019425236541859132
672,0.0010607394412140865,0.0016687932374168373,0.019425236543025467
673,0.0010607397023343493,0.001668793242911595,0.0194252365441918
674,0.001060739963454612,0.0016687932484063526,0.019425236545358136
675,0.0010607402245748749,0.0016687932539011104,0.01942523654652447
676,0.0010607404856951379,0.001668793259395868,0.019425236547690804
677,0.0010607407468154007,0.001668793264890626,0.01942523654885714
678,0.0010607410079356634,0.0016687932703853836,0.019425236550023473
679,0.0010607412690559262,0.0016687932758801414,0.019425236551189808
680,0.0010607415301761892,0.001668793281374899,0.019425236552356142
681,0.001060741791296452,0.001668793286869657,0.019425236553522476
682,0.0010607420524167148,0.0016687932923644146,0.01942523655468881
683,0.0010607423135369776,0.0016687932978591725,0.019425236555855145
684,0.0010607425746572403,0.00166879330335393,0.01942523655702148
685,0.0010607428357775033,0.001668793308848688,0.019425236558187814
686,0.0010607430968977661,0.0016687933143434456,0.01942523655935415
687,0.001060743358018029,0.0016687933198382035,0.019425236560520483
688,0.0010607436191382917,0.001668793325332961,0.019425236561686817
689,0.0010607438802585547,0.0016687933308277187,0.01942523656285315
690,0.0010607441413788175,0.0016687933363224766,0.019425236564019486
691,0.0010607444024990803,0.0016687933418172343,0.01942523656518582
692,0.001060744663619343,0.0016687933473119921,0.019425236566352155
693,0.001060744924739606,0.0016687933528067498,0.01942523656751849
694,0.0010607451858598688,0.0016687933583015076,0.019425236568684823
695,0.0010607454469801316,0.0016687933637962653,0.019425236569851158
696,0.0010607457081003944,0.0016687933692910231,0.019425236571017492
697,0.0010607459692206574,0.0016687933747857808,0.019425236572183827
698,0.0010607462303409202,0.0016687933802805386,0.01942523657335016
699,0.001060746491461183,0.0016687933857752963,0.019425236574516495
700,0.0010607467525814457,0.0016687933912700541,0.01942523657568283
701,0.0010607470137017087,0.0016687933967648118,0.019425236576849164
702,0.0010607472748219715,0.0016687934022595696,0.0194252365780155
703,0.0010607475359422343,0.0016687934077543273,0.019425236579181833
704,0.001060747797062497,0.001668793413249085,0.019425236580348167
705,0.0010607480581827599,0.0016687934187438428,0.0194252365815145
706,0.0010607483193030229,0.0016687934242386004,0.019425236582680836
707,0.0010607485804232856,0.0016687934297333583,0.01942523658384717
708,0.0010607488415435484,0.001668793435228116,0.019425236585013505
709,0.0010607491026638112,0.0016687934407228738,0.01942523658617984
710,0.0010607493637840742,0.0016687934462176314,0.019425236587346174
711,0.001060749624904337,0.0016687934517123893,0.019425236588512508
712,0.0010607498860245998,0.001668793457207147,0.019425236589678842
713,0.0010607501471448625,0.0016687934627019048,0.019425236590845177
714,0.0010607504082651255,0.0016687934681966624,0.01942523659201151
715,0.0010607506693853883,0.0016687934736914203,0.019425236593177846
716,0.001060750930505651,0.001668793479186178,0.01942523659434418
717,0.0010607511916259139,0.0016687934846809358,0.019425236595510514
718,0.0010607514527461769,0.0016687934901756935,0.01942523659667685
719,0.0010607517138664397,0.001668793495670451,0.019425236597843183
720,0.0010607519749867025,0.001668793501165209,0.019425236599009518
721,0.0010607522361069652,0.0016687935066599666,0.019425236600175852
722,0.001060752497227228,0.0016687935121547245,0.019425236601342186
723,0.001060752758347491,0.001668793517649482,0.01942523660250852
724,0.0010607530194677538,0.00166879352314424,0.019425236603674855
725,0.0010607532805880166,0.0016687935286389976,0.01942523660484119
726,0.0010607535417082794,0.0016687935341337555,0.019425236606007524
727,0.0010607538028285424,0.0016687935396285131,0.01942523660717386
728,0.0010607540639488051,0.001668793545123271,0.019425236608340193
729,0.001060754325069068,0.0016687935506180286,0.019425236609506527
730,0.0010607545861893307,0.0016687935561127865,0.01942523661067286
731,0.0010607548473095937,0.0016687935616075441,0.019425236611839196
732,0.0010607551084298565,0.001668793567102302,0.01942523661300553
733,0.0010607553695501193,0.0016687935725970596,0.019425236614171865
734,0.001060755630670382,0.0016687935780918173,0.0194252366153382
735,0.001060755891790645,0.0016687935835865751,0.019425236616504533
736,0.0010607561529109078,0.0016687935890813328,0.019425236617670868
737,0.0010607564140311706,0.0016687935945760906,0.019425236618837202
738,0.0010607566751514334,0.0016687936000708483,0.019425236620003537
739,0.0010607569362716964,0.0016687936055656061,0.01942523662116987
740,0.0010607571973919592,0.0016687936110603638,0.019425236622336205
741,0.001060757458512222,0.0016687936165551216,0.01942523662350254
742,0.0010607577196324847,0.0016687936220498793,0.019425236624668874
743,0.0010607579807527475,0.0016687936275446371,0.01942523662583521
744,0.0010607582418730105,0.0016687936330393948,0.019425236627001543
745,0.0010607585029932733,0.0016687936385341526,0.019425236628167877
746,0.001060758764113536,0.0016687936440289103,0.01942523662933421
747,0.0010607590252337989,0.0016687936495236682,0.019425236630500546
748,0.0010607592863540619,0.0016687936550184258,0.01942523663166688
749,0.0010607595474743246,0.0016687936605131834,0.019425236632833215
750,0.0010607598085945874,0.0016687936660079413,0.01942523663399955
751,0.0010607600697148502,0.001668793671502699,0.019425236635165884
752,0.0010607603308351132,0.0016687936769974568,0.019425236636332218
753,0.001060760591955376,0.0016687936824922144,0.019425236637498552
754,0.0010607608530756388,0.0016687936879869723,0.019425236638664887
755,0.0010607611141959016,0.00166879369348173,0.01942523663983122
756,0.0010607613753161646,0.0016687936989764878,0.019425236640997556
757,0.0010607616364364273,0.0016687937044712455,0.01942523664216389
758,0.0010607618975566901,0.0016687937099660033,0.019425236643330224
759,0.001060762158676953,0.001668793715460761,0.01942523664449656
760,0.001060762419797216,0.0016687937209555188,0.019425236645662893
761,0.0010607626809174787,0.0016687937264502765,0.019425236646829228
762,0.0010607629420377415,0.0016687937319450343,0.019425236647995562
763,0.0010607632031580042,0.001668793737439792,0.019425236649161896
764,0.001060763464278267,0.0016687937429345496,0.01942523665032823
765,0.00106076372539853,0.0016687937484293075,0.019425236651494565
766,0.0010607639865187928,0.0016687937539240651,0.0194252366526609
767,0.0010607642476390556,0.001668793759418823,0.019425236653827234
768,0.0010607645087593184,0.0016687937649135806,0.01942523665499357
769,0.0010607647698795814,0.0016687937704083385,0.019425236656159903
770,0.0010607650309998442,0.0016687937759030961,0.019425236657326237
771,0.001060765292120107,0.001668793781397854,0.01942523665849257
772,0.0010607655532403697,0.0016687937868926116,0.019425236659658906
773,0.0010607658143606327,0.0016687937923873695,0.01942523666082524
774,0.0010607660754808955,0.0016687937978821271,0.019425236661991575
775,0.0010607663366011583,0.001668793803376885,0.01942523666315791
776,0.001060766597721421,0.0016687938088716426,0.019425236664324243
777,0.001060766858841684,0.0016687938143664005,0.019425236665490578
778,0.0010607671199619468,0.0016687938198611581,0.019425236666656912
779,0.0010607673810822096,0.0016687938253559158,0.019425236667823247
780,0.0010607676422024724,0.0016687938308506736,0.01942523666898958
781,0.0010607679033227354,0.0016687938363454313,0.019425236670155915
782,0.0010607681644429982,0.0016687938418401892,0.01942523667132225
783,0.001060768425563261,0.0016687938473349468,0.019425236672488584
784,0.0010607686866835238,0.0016687938528297047,0.01942523667365492
785,0.0010607689478037865,0.0016687938583244623,0.019425236674821253
786,0.0010607692089240495,0.0016687938638192202,0.019425236675987587
787,0.0010607694700443123,0.0016687938693139778,0.01942523667715392
788,0.001060769731164575,0.0016687938748087357,0.019425236678320256
789,0.0010607699922848379,0.0016687938803034933,0.01942523667948659
790,0.0010607702534051009,0.0016687938857982512,0.019425236680652925
791,0.0010607705145253637,0.0016687938912930088,0.01942523668181926
792,0.0010607707756456264,0.0016687938967877667,0.019425236682985594
793,0.0010607710367658892,0.0016687939022825243,0.019425236684151928
794,0.0010607712978861522,0.0016687939077772822,0.019425236685318262
795,0.001060771559006415,0.0016687939132720398,0.019425236686484597
796,0.0010607718201266778,0.0016687939187667975,0.01942523668765093
797,0.0010607720812469406,0.0016687939242615553,0.019425236688817266
798,0.0010607723423672036,0.001668793929756313,0.0194252366899836
799,0.0010607726034874664,0.0016687939352510708,0.019425236691149934
800,0.0010607728646077291,0.0016687939407458285,0.01942523669231627
801,0.001060773125727992,0.0016687939462405863,0.019425236693482603
802,0.001060773386848255,0.001668793951735344,0.019425236694648938
803,0.0010607736479685177,0.0016687939572301018,0.019425236695815272
804,0.0010607739090887805,0.0016687939627248595,0.019425236696981606
805,0.0010607741702090433,0.0016687939682196173,0.01942523669814794
806,0.001060774431329306,0.001668793973714375,0.019425236699314275
807,0.001060774692449569,0.0016687939792091328,0.01942523670048061
808,0.0010607749535698318,0.0016687939847038905,0.019425236701646944
809,0.0010607752146900946,0.0016687939901986483,0.01942523670281328
810,0.0010607754758103574,0.001668793995693406,0.019425236703979613
811,0.0010607757369306204,0.0016687940011881636,0.019425236705145947
812,0.0010607759980508832,0.0016687940066829215,0.01942523670631228
813,0.001060776259171146,0.0016687940121776791,0.019425236707478616
814,0.0010607765202914087,0.001668794017672437,0.01942523670864495
815,0.0010607767814116717,0.0016687940231671946,0.019425236709811285
816,0.0010607770425319345,0.0016687940286619525,0.01942523671097762
817,0.0010607773036521973,0.0016687940341567101,0.019425236712143953
818,0.00106077756477246,0.001668794039651468,0.019425236713310288
819,0.001060777825892723,0.0016687940451462257,0.019425236714476622
820,0.0010607780870129859,0.0016687940506409835,0.019425236715642957
821,0.0010607783481332486,0.0016687940561357412,0.01942523671680929
822,0.0010607786092535114,0.001668794061630499,0.019425236717975625
823,0.0010607788703737744,0.0016687940671252567,0.01942523671914196
824,0.0010607791314940372,0.0016687940726200145,0.019425236720308294
825,0.0010607793926143,0.0016687940781147722,0.01942523672147463
826,0.0010607796537345628,0.0016687940836095298,0.019425236722640963
827,0.0010607799148548256,0.0016687940891042877,0.019425236723807297
828,0.0010607801759750886,0.0016687940945990453,0.01942523672497363
829,0.0010607804370953513,0.0016687941000938032,0.019425236726139966
830,0.0010607806982156141,0.0016687941055885608,0.0194252367273063
831,0.001060780959335877,0.0016687941110833187,0.019425236728472635
832,0.00106078122045614,0.0016687941165780763,0.01942523672963897
833,0.0010607814815764027,0.0016687941220728342,0.019425236730805304
834,0.0010607817426966655,0.0016687941275675918,0.019425236731971638
835,0.0010607820038169282,0.0016687941330623497,0.019425236733137972
836,0.0010607822649371912,0.0016687941385571073,0.019425236734304307
837,0.001060782526057454,0.0016687941440518652,0.01942523673547064
838,0.0010607827871777168,0.0016687941495466228,0.019425236736636976
839,0.0010607830482979796,0.0016687941550413807,0.01942523673780331
840,0.0010607833094182426,0.0016687941605361383,0.019425236738969644
841,0.0010607835705385054,0.001668794166030896,0.01942523674013598
842,0.0010607838316587681,0.0016687941715256538,0.019425236741302313
843,0.001060784092779031,0.0016687941770204115,0.019425236742468648
844,0.001060784353899294,0.0016687941825151693,0.019425236743634982
845,0.0010607846150195567,0.001668794188009927,0.019425236744801316
846,0.0010607848761398195,0.0016687941935046849,0.01942523674596765
847,0.0010607851372600823,0.0016687941989994425,0.019425236747133985
848,0.001060785398380345,0.0016687942044942004,0.01942523674830032
849,0.001060785659500608,0.001668794209988958,0.019425236749466654
850,0.0010607859206208708,0.0016687942154837159,0.01942523675063299
851,0.0010607861817411336,0.0016687942209784735,0.019425236751799323
852,0.0010607864428613964,0.0016687942264732314,0.019425236752965657
853,0.0010607867039816594,0.001668794231967989,0.01942523675413199
854,0.0010607869651019222,0.0016687942374627469,0.019425236755298326
855,0.001060787226222185,0.0016687942429575045,0.01942523675646466
856,0.0010607874873424477,0.0016687942484522622,0.019425236757630995
857,0.0010607877484627107,0.00166879425394702,0.01942523675879733
858,0.0010607880095829735,0.0016687942594417777,0.019425236759963663
859,0.0010607882707032363,0.0016687942649365355,0.019425236761129998
860,0.001060788531823499,0.0016687942704312932,0.019425236762296332
861,0.001060788792943762,0.001668794275926051,0.019425236763462667
862,0.0010607890540640249,0.0016687942814208087,0.019425236764629
863,0.0010607893151842877,0.0016687942869155665,0.019425236765795335
864,0.0010607895763045504,0.0016687942924103242,0.01942523676696167
865,0.0010607898374248134,0.001668794297905082,0.019425236768128004
866,0.0010607900985450762,0.0016687943033998397,0.01942523676929434
867,0.001060790359665339,0.0016687943088945975,0.019425236770460673
868,0.0010607906207856018,0.0016687943143893552,0.019425236771627007
869,0.0010607908819058646,0.001668794319884113,0.01942523677279334
870,0.0010607911430261276,0.0016687943253788707,0.019425236773959676
871,0.0010607914041463903,0.0016687943308736283,0.01942523677512601
872,0.0010607916652666531,0.0016687943363683862,0.019425236776292345
873,0.001060791926386916,0.0016687943418631438,0.01942523677745868
874,0.001060792187507179,0.0016687943473579017,0.019425236778625014
875,0.0010607924486274417,0.0016687943528526593,0.019425236779791348
876,0.0010607927097477045,0.0016687943583474172,0.019425236780957682
877,0.0010607929708679673,0.0016687943638421748,0.019425236782124017
878,0.0010607932319882303,0.0016687943693369327,0.01942523678329035
879,0.001060793493108493,0.0016687943748316903,0.019425236784456686
880,0.0010607937542287558,0.0016687943803264482,0.01942523678562302
881,0.0010607940153490186,0.0016687943858212058,0.019425236786789354
882,0.0010607942764692816,0.0016687943913159637,0.01942523678795569
883,0.0010607945375895444,0.0016687943968107214,0.019425236789122023
884,0.0010607947987098072,0.0016687944023054792,0.019425236790288358
885,0.00106079505983007,0.0016687944078002369,0.019425236791454692
886,0.001060795320950333,0.0016687944132949945,0.019425236792621026
887,0.0010607955820705957,0.0016687944187897524,0.01942523679378736
888,0.0010607958431908585,0.00166879442428451,0.019425236794953695
889,0.0010607961043111213,0.0016687944297792679,0.01942523679612003
890,0.001060796365431384,0.0016687944352740255,0.019425236797286364
891,0.001060796626551647,0.0016687944407687834,0.0194252367984527
892,0.0010607968876719099,0.001668794446263541,0.019425236799619033
893,0.0010607971487921726,0.0016687944517582989,0.019425236800785367
894,0.0010607974099124354,0.0016687944572530565,0.0194252368019517
895,0.0010607976710326984,0.0016687944627478144,0.019425236803118036
896,0.0010607979321529612,0.001668794468242572,0.01942523680428437
897,0.001060798193273224,0.0016687944737373299,0.019425236805450705
898,0.0010607984543934868,0.0016687944792320875,0.01942523680661704
899,0.0010607987155137498,0.0016687944847268454,0.019425236807783373
900,0.0010607989766340125,0.001668794490221603,0.019425236808949708
901,0.0010607992377542753,0.0016687944957163607,0.019425236810116042
902,0.001060799498874538,0.0016687945012111185,0.019425236811282377
903,0.001060799759994801,0.0016687945067058762,0.01942523681244871
904,0.0010608000211150639,0.001668794512200634,0.019425236813615045
905,0.0010608002822353267,0.0016687945176953917,0.01942523681478138
906,0.0010608005433555895,0.0016687945231901495,0.019425236815947714
907,0.0010608008044758522,0.0016687945286849072,0.01942523681711405
908,0.0010608010655961152,0.001668794534179665,0.019425236818280383
909,0.001060801326716378,0.0016687945396744227,0.019425236819446717
910,0.0010608015878366408,0.0016687945451691806,0.01942523682061305
911,0.0010608018489569036,0.0016687945506639382,0.019425236821779386
912,0.0010608021100771666,0.001668794556158696,0.01942523682294572
913,0.0010608023711974294,0.0016687945616534537,0.019425236824112055
914,0.0010608026323176921,0.0016687945671482116,0.01942523682527839
915,0.001060802893437955,0.0016687945726429692,0.019425236826444724
916,0.001060803154558218,0.001668794578137727,0.019425236827611058
917,0.0010608034156784807,0.0016687945836324847,0.019425236828777392
918,0.0010608036767987435,0.0016687945891272424,0.019425236829943727
919,0.0010608039379190063,0.0016687945946220002,0.01942523683111006
920,0.0010608041990392693,0.0016687946001167579,0.019425236832276396
921,0.001060804460159532,0.0016687946056115157,0.01942523683344273
922,0.0010608047212797948,0.0016687946111062734,0.019425236834609064
923,0.0010608049824000576,0.0016687946166010312,0.0194252368357754
924,0.0010608052435203206,0.0016687946220957889,0.019425236836941733
925,0.0010608055046405834,0.0016687946275905467,0.019425236838108068
926,0.0010608057657608462,0.0016687946330853044,0.019425236839274402
927,0.001060806026881109,0.0016687946385800622,0.019425236840440736
928,0.0010608062880013717,0.0016687946440748199,0.01942523684160707
929,0.0010608065491216347,0.0016687946495695777,0.019425236842773405
930,0.0010608068102418975,0.0016687946550643354,0.01942523684393974
931,0.0010608070713621603,0.001668794660559093,0.019425236845106074
932,0.001060807332482423,0.0016687946660538509,0.01942523684627241
933,0.001060807593602686,0.0016687946715486085,0.019425236847438743
934,0.0010608078547229489,0.0016687946770433664,0.019425236848605077
935,0.0010608081158432116,0.001668794682538124,0.01942523684977141
936,0.0010608083769634744,0.0016687946880328819,0.019425236850937746
937,0.0010608086380837374,0.0016687946935276395,0.01942523685210408
938,0.0010608088992040002,0.0016687946990223974,0.019425236853270415
939,0.001060809160324263,0.001668794704517155,0.01942523685443675
940,0.0010608094214445258,0.001668794710011913,0.019425236855603083
941,0.0010608096825647888,0.0016687947155066705,0.019425236856769418
942,0.0010608099436850516,0.0016687947210014284,0.019425236857935752
943,0.0010608102048053143,0.001668794726496186,0.019425236859102087
944,0.0010608104659255771,0.001668794731990944,0.01942523686026842
945,0.0010608107270458401,0.0016687947374857016,0.019425236861434755
946,0.001060810988166103,0.0016687947429804594,0.01942523686260109
947,0.0010608112492863657,0.001668794748475217,0.019425236863767424
948,0.0010608115104066285,0.0016687947539699747,0.01942523686493376
949,0.0010608117715268912,0.0016687947594647326,0.019425236866100093
950,0.0010608120326471542,0.0016687947649594902,0.019425236867266427
951,0.001060812293767417,0.001668794770454248,0.01942523686843276
952,0.0010608125548876798,0.0016687947759490057,0.019425236869599096
953,0.0010608128160079426,0.0016687947814437636,0.01942523687076543
954,0.0010608130771282056,0.0016687947869385212,0.019425236871931765
955,0.0010608133382484684,0.001668794792433279,0.0194252368730981
956,0.0010608135993687312,0.0016687947979280367,0.019425236874264434
957,0.001060813860488994,0.0016687948034227946,0.019425236875430768
958,0.001060814121609257,0.0016687948089175522,0.019425236876597102
959,0.0010608143827295197,0.00166879481441231,0.019425236877763437
960,0.0010608146438497825,0.0016687948199070677,0.01942523687892977
961,0.0010608149049700453,0.0016687948254018256,0.019425236880096106
962,0.0010608151660903083,0.0016687948308965832,0.01942523688126244
963,0.001060815427210571,0.0016687948363913409,0.019425236882428774
964,0.0010608156883308338,0.0016687948418860987,0.01942523688359511
965,0.0010608159494510966,0.0016687948473808564,0.019425236884761443
966,0.0010608162105713596,0.0016687948528756142,0.019425236885927778
967,0.0010608164716916224,0.0016687948583703719,0.019425236887094112
968,0.0010608167328118852,0.0016687948638651297,0.019425236888260446
969,0.001060816993932148,0.0016687948693598874,0.01942523688942678
970,0.0010608172550524108,0.0016687948748546452,0.019425236890593115
971,0.0010608175161726738,0.0016687948803494029,0.01942523689175945
972,0.0010608177772929365,0.0016687948858441607,0.019425236892925784
973,0.0010608180384131993,0.0016687948913389184,0.01942523689409212
974,0.001060818299533462,0.0016687948968336763,0.019425236895258453
975,0.001060818560653725,0.001668794902328434,0.019425236896424787
976,0.0010608188217739879,0.0016687949078231918,0.01942523689759112
977,0.0010608190828942507,0.0016687949133179494,0.019425236898757456
978,0.0010608193440145134,0.001668794918812707,0.01942523689992379
979,0.0010608196051347764,0.001668794924307465,0.019425236901090125
980,0.0010608198662550392,0.0016687949298022225,0.01942523690225646
981,0.001060820127375302,0.0016687949352969804,0.019425236903422793
982,0.0010608203884955648,0.001668794940791738,0.019425236904589128
983,0.0010608206496158278,0.001668794946286496,0.019425236905755462
984,0.0010608209107360906,0.0016687949517812536,0.019425236906921797
985,0.0010608211718563534,0.0016687949572760114,0.01942523690808813
986,0.0010608214329766161,0.001668794962770769,0.019425236909254465
987,0.0010608216940968791,0.001668794968265527,0.0194252369104208
988,0.001060821955217142,0.0016687949737602846,0.019425236911587134
989,0.0010608222163374047,0.0016687949792550424,0.01942523691275347
990,0.0010608224774576675,0.0016687949847498,0.019425236913919803
991,0.0010608227385779303,0.001668794990244558,0.019425236915086137
992,0.0010608229996981933,0.0016687949957393156,0.01942523691625247
993,0.001060823260818456,0.0016687950012340732,0.019425236917418806
994,0.0010608235219387188,0.001668795006728831,0.01942523691858514
995,0.0010608237830589816,0.0016687950122235887,0.019425236919751475
996,0.0010608240441792446,0.0016687950177183466,0.01942523692091781
997,0.0010608243052995074,0.0016687950232131042,0.019425236922084144
998,0.0010608245664197702,0.001668795028707862,0.019425236923250478
999,0.001060824827540033,0.0016687950342026197,0.019425236924416812
1000,0.001060825088660296,0.0016687950396973776,0.01942523692558315
1001,0.0010608253497805587,0.0016687950451921352,0.019425236926749485
1002,0.0010608256109008215,0.001668795050686893,0.01942523692791582
1003,0.0010608258720210843,0.0016687950561816507,0.019425236929082153
1004,0.0010608261331413473,0.0016687950616764086,0.019425236930248488
1005,0.00106082639426161,0.0016687950671711662,0.019425236931414822
1006,0.0010608266553818729,0.001668795072665924,0.019425236932581157
1007,0.0010608269165021356,0.0016687950781606817,0.01942523693374749
1008,0.0010608271776223986,0.0016687950836554394,0.019425236934913825
1009,0.0010608274387426614,0.0016687950891501973,0.01942523693608016
1010,0.0010608276998629242,0.001668795094644955,0.019425236937246494
1011,0.001060827960983187,0.0016687951001397128,0.01942523693841283
1012,0.0010608282221034498,0.0016687951056344704,0.019425236939579163
1013,0.0010608284832237128,0.0016687951111292283,0.019425236940745497
1014,0.0010608287443439755,0.001668795116623986,0.019425236941911832
1015,0.0010608290054642383,0.0016687951221187438,0.019425236943078166
1016,0.0010608292665845011,0.0016687951276135014,0.0194252369442445
1017,0.0010608295277047641,0.0016687951331082593,0.019425236945410835
1018,0.001060829788825027,0.001668795138603017,0.01942523694657717
1019,0.0010608300499452897,0.0016687951440977748,0.019425236947743504
1020,0.0010608303110655525,0.0016687951495925324,0.019425236948909838
1021,0.0010608305721858155,0.0016687951550872903,0.019425236950076172
1022,0.0010608308333060782,0.001668795160582048,0.019425236951242507
1023,0.001060831094426341,0.0016687951660768056,0.01942523695240884
1024,0.0010608313555466038,0.0016687951715715634,0.019425236953575176
1025,0.0010608316166668668,0.001668795177066321,0.01942523695474151
1026,0.0010608318777871296,0.001668795182561079,0.019425236955907844
1027,0.0010608321389073924,0.0016687951880558366,0.01942523695707418
1028,0.0010608324000276551,0.0016687951935505944,0.019425236958240513
1029,0.0010608326611479181,0.001668795199045352,0.019425236959406848
1030,0.001060832922268181,0.00166879520454011,0.019425236960573182
1031,0.0010608331833884437,0.0016687952100348676,0.019425236961739516
1032,0.0010608334445087065,0.0016687952155296254,0.01942523696290585
1033,0.0010608337056289693,0.001668795221024383,0.019425236964072185
1034,0.0010608339667492323,0.001668795226519141,0.01942523696523852
1035,0.001060834227869495,0.0016687952320138986,0.019425236966404854
1036,0.0010608344889897578,0.0016687952375086564,0.01942523696757119
1037,0.0010608347501100206,0.001668795243003414,0.019425236968737523
1038,0.0010608350112302836,0.0016687952484981717,0.019425236969903857
1039,0.0010608352723505464,0.0016687952539929296,0.01942523697107019
1040,0.0010608355334708092,0.0016687952594876872,0.019425236972236526
1041,0.001060835794591072,0.001668795264982445,0.01942523697340286
1042,0.001060836055711335,0.0016687952704772027,0.019425236974569195
1043,0.0010608363168315977,0.0016687952759719606,0.01942523697573553
1044,0.0010608365779518605,0.0016687952814667182,0.019425236976901863
1045,0.0010608368390721233,0.0016687952869614761,0.019425236978068198
1046,0.0010608371001923863,0.0016687952924562338,0.019425236979234532
1047,0.001060837361312649,0.0016687952979509916,0.019425236980400867
1048,0.0010608376224329119,0.0016687953034457493,0.0194252369815672
1049,0.0010608378835531747,0.0016687953089405071,0.019425236982733535
1050,0.0010608381446734377,0.0016687953144352648,0.01942523698389987
1051,0.0010608384057937004,0.0016687953199300226,0.019425236985066204
1052,0.0010608386669139632,0.0016687953254247803,0.01942523698623254
1053,0.001060838928034226,0.001668795330919538,0.019425236987398873
1054,0.0010608391891544888,0.0016687953364142958,0.019425236988565207
1055,0.0010608394502747518,0.0016687953419090534,0.019425236989731542
1056,0.0010608397113950146,0.0016687953474038113,0.019425236990897876
1057,0.0010608399725152773,0.001668795352898569,0.01942523699206421
1058,0.0010608402336355401,0.0016687953583933268,0.019425236993230545
1059,0.0010608404947558031,0.0016687953638880844,0.01942523699439688
1060,0.001060840755876066,0.0016687953693828423,0.019425236995563214
1061,0.0010608410169963287,0.0016687953748776,0.019425236996729548
1062,0.0010608412781165915,0.0016687953803723578,0.019425236997895882
1063,0.0010608415392368545,0.0016687953858671154,0.019425236999062217
1064,0.0010608418003571173,0.0016687953913618733,0.01942523700022855
1065,0.00106084206147738,0.001668795396856631,0.019425237001394886
1066,0.0010608423225976428,0.0016687954023513888,0.01942523700256122
1067,0.0010608425837179058,0.0016687954078461464,0.019425237003727554
1068,0.0010608428448381686,0.0016687954133409043,0.01942523700489389
1069,0.0010608431059584314,0.001668795418835662,0.019425237006060223
1070,0.0010608433670786942,0.0016687954243304196,0.019425237007226558
1071,0.0010608436281989572,0.0016687954298251774,0.019425237008392892
1072,0.00106084388931922,0.001668795435319935,0.019425237009559226
1073,0.0010608441504394827,0.001668795440814693,0.01942523701072556
1074,0.0010608444115597455,0.0016687954463094506,0.019425237011891895
1075,0.0010608446726800083,0.0016687954518042085,0.01942523701305823
1076,0.0010608449338002713,0.001668795457298966,0.019425237014224564
1077,0.001060845194920534,0.001668795462793724,0.0194252370153909
1078,0.0010608454560407969,0.0016687954682884816,0.019425237016557233
1079,0.0010608457171610596,0.0016687954737832395,0.019425237017723567
1080,0.0010608459782813226,0.001668795479277997,0.0194252370188899
1081,0.0010608462394015854,0.001668795484772755,0.019425237020056236
1082,0.0010608465005218482,0.0016687954902675126,0.01942523702122257
1083,0.001060846761642111,0.0016687954957622703,0.019425237022388905
1084,0.001060847022762374,0.0016687955012570281,0.01942523702355524
1085,0.0010608472838826368,0.0016687955067517858,0.019425237024721573
1086,0.0010608475450028995,0.0016687955122465436,0.019425237025887908
1087,0.0010608478061231623,0.0016687955177413013,0.019425237027054242
1088,0.0010608480672434253,0.0016687955232360591,0.019425237028220577
1089,0.001060848328363688,0.0016687955287308168,0.01942523702938691
1090,0.0010608485894839509,0.0016687955342255746,0.019425237030553245
1091,0.0010608488506042137,0.0016687955397203323,0.01942523703171958
1092,0.0010608491117244767,0.0016687955452150901,0.019425237032885914
1093,0.0010608493728447395,0.0016687955507098478,0.01942523703405225
1094,0.0010608496339650022,0.0016687955562046056,0.019425237035218583
1095,0.001060849895085265,0.0016687955616993633,0.019425237036384917
1096,0.0010608501562055278,0.0016687955671941211,0.019425237037551252
1097,0.0010608504173257908,0.0016687955726888788,0.019425237038717586
1098,0.0010608506784460536,0.0016687955781836366,0.01942523703988392
1099,0.0010608509395663164,0.0016687955836783943,0.019425237041050255
1100,0.0010608512006865791,0.001668795589173152,0.01942523704221659
1101,0.0010608514618068421,0.0016687955946679098,0.019425237043382924
1102,0.001060851722927105,0.0016687956001626674,0.019425237044549258
1103,0.0010608519840473677,0.0016687956056574253,0.019425237045715592
1104,0.0010608522451676305,0.001668795611152183,0.019425237046881927
1105,0.0010608525062878935,0.0016687956166469408,0.01942523704804826
1106,0.0010608527674081563,0.0016687956221416984,0.019425237049214596
1107,0.001060853028528419,0.0016687956276364563,0.01942523705038093
1108,0.0010608532896486818,0.001668795633131214,0.019425237051547264
1109,0.0010608535507689448,0.0016687956386259718,0.0194252370527136
1110,0.0010608538118892076,0.0016687956441207295,0.019425237053879933
1111,0.0010608540730094704,0.0016687956496154873,0.019425237055046268
1112,0.0010608543341297332,0.001668795655110245,0.019425237056212602
1113,0.001060854595249996,0.0016687956606050028,0.019425237057378936
1114,0.001060854856370259,0.0016687956660997605,0.01942523705854527
1115,0.0010608551174905217,0.001668795671594518,0.019425237059711605
1116,0.0010608553786107845,0.001668795677089276,0.01942523706087794
1117,0.0010608556397310473,0.0016687956825840336,0.019425237062044274
1118,0.0010608559008513103,0.0016687956880787915,0.01942523706321061
1119,0.001060856161971573,0.0016687956935735491,0.019425237064376943
1120,0.0010608564230918359,0.001668795699068307,0.019425237065543277
1121,0.0010608566842120986,0.0016687957045630646,0.01942523706670961
1122,0.0010608569453323616,0.0016687957100578225,0.019425237067875946
1123,0.0010608572064526244,0.0016687957155525801,0.01942523706904228
1124,0.0010608574675728872,0.001668795721047338,0.019425237070208615
1125,0.00106085772869315,0.0016687957265420956,0.01942523707137495
1126,0.001060857989813413,0.0016687957320368535,0.019425237072541283
1127,0.0010608582509336758,0.0016687957375316111,0.019425237073707618
1128,0.0010608585120539386,0.001668795743026369,0.019425237074873952
1129,0.0010608587731742013,0.0016687957485211266,0.019425237076040287
1130,0.0010608590342944643,0.0016687957540158843,0.01942523707720662
1131,0.0010608592954147271,0.0016687957595106421,0.019425237078372955
1132,0.00106085955653499,0.0016687957650053998,0.01942523707953929
1133,0.0010608598176552527,0.0016687957705001576,0.019425237080705624
1134,0.0010608600787755155,0.0016687957759949153,0.01942523708187196
1135,0.0010608603398957785,0.0016687957814896731,0.019425237083038293
1136,0.0010608606010160412,0.0016687957869844308,0.019425237084204627
1137,0.001060860862136304,0.0016687957924791887,0.019425237085370962
1138,0.0010608611232565668,0.0016687957979739463,0.019425237086537296
1139,0.0010608613843768298,0.0016687958034687042,0.01942523708770363
1140,0.0010608616454970926,0.0016687958089634618,0.019425237088869965
1141,0.0010608619066173554,0.0016687958144582197,0.0194252370900363
1142,0.0010608621677376182,0.0016687958199529773,0.019425237091202634
1143,0.0010608624288578812,0.0016687958254477352,0.019425237092368968
1144,0.001060862689978144,0.0016687958309424928,0.019425237093535302
1145,0.0010608629510984067,0.0016687958364372505,0.019425237094701637
1146,0.0010608632122186695,0.0016687958419320083,0.01942523709586797
1147,0.0010608634733389325,0.001668795847426766,0.019425237097034306
1148,0.0010608637344591953,0.0016687958529215238,0.01942523709820064
1149,0.001060863995579458,0.0016687958584162815,0.019425237099366974
1150,0.0010608642566997208,0.0016687958639110393,0.01942523710053331
1151,0.0010608645178199838,0.001668795869405797,0.019425237101699643
1152,0.0010608647789402466,0.0016687958749005548,0.019425237102865978
1153,0.0010608650400605094,0.0016687958803953125,0.019425237104032312
1154,0.0010608653011807722,0.0016687958858900703,0.019425237105198646
1155,0.001060865562301035,0.001668795891384828,0.01942523710636498
1156,0.001060865823421298,0.0016687958968795858,0.019425237107531315
1157,0.0010608660845415608,0.0016687959023743435,0.01942523710869765
1158,0.0010608663456618235,0.0016687959078691013,0.019425237109863984
1159,0.0010608666067820863,0.001668795913363859,0.01942523711103032
1160,0.0010608668679023493,0.0016687959188586166,0.019425237112196653
1161,0.001060867129022612,0.0016687959243533745,0.019425237113362987
1162,0.0010608673901428749,0.0016687959298481321,0.01942523711452932
1163,0.0010608676512631377,0.00166879593534289,0.019425237115695656
1164,0.0010608679123834007,0.0016687959408376476,0.01942523711686199
1165,0.0010608681735036634,0.0016687959463324055,0.019425237118028325
1166,0.0010608684346239262,0.0016687959518271631,0.01942523711919466
1167,0.001060868695744189,0.001668795957321921,0.019425237120360993
1168,0.001060868956864452,0.0016687959628166786,0.019425237121527328
1169,0.0010608692179847148,0.0016687959683114365,0.019425237122693662
1170,0.0010608694791049776,0.0016687959738061941,0.019425237123859997
1171,0.0010608697402252404,0.001668795979300952,0.01942523712502633
1172,0.0010608700013455034,0.0016687959847957097,0.019425237126192665
1173,0.0010608702624657661,0.0016687959902904675,0.019425237127359
1174,0.001060870523586029,0.0016687959957852252,0.019425237128525334
1175,0.0010608707847062917,0.0016687960012799828,0.01942523712969167
1176,0.0010608710458265545,0.0016687960067747407,0.019425237130858003
1177,0.0010608713069468175,0.0016687960122694983,0.019425237132024337
1178,0.0010608715680670803,0.0016687960177642562,0.019425237133190672
1179,0.001060871829187343,0.0016687960232590138,0.019425237134357006
1180,0.0010608720903076058,0.0016687960287537717,0.01942523713552334
1181,0.0010608723514278688,0.0016687960342485293,0.019425237136689675
1182,0.0010608726125481316,0.0016687960397432872,0.01942523713785601
1183,0.0010608728736683944,0.0016687960452380448,0.019425237139022344
1184,0.0010608731347886572,0.0016687960507328027,0.019425237140188678
1185,0.0010608733959089202,0.0016687960562275603,0.019425237141355012
1186,0.001060873657029183,0.0016687960617223182,0.019425237142521347
1187,0.0010608739181494457,0.0016687960672170758,0.01942523714368768
1188,0.0010608741792697085,0.0016687960727118337,0.019425237144854016
1189,0.0010608744403899715,0.0016687960782065913,0.01942523714602035
1190,0.0010608747015102343,0.001668796083701349,0.019425237147186684
1191,0.001060874962630497,0.0016687960891961068,0.01942523714835302
1192,0.0010608752237507599,0.0016687960946908645,0.019425237149519353
1193,0.0010608754848710229,0.0016687961001856223,0.019425237150685688
1194,0.0010608757459912856,0.00166879610568038,0.019425237151852022
1195,0.0010608760071115484,0.0016687961111751378,0.019425237153018356
1196,0.0010608762682318112,0.0016687961166698955,0.01942523715418469
1197,0.001060876529352074,0.0016687961221646533,0.019425237155351025
1198,0.001060876790472337,0.001668796127659411,0.01942523715651736
1199,0.0010608770515925998,0.0016687961331541688,0.019425237157683694
1200,0.0010608773127128625,0.0016687961386489265,0.01942523715885003
1201,0.0010608775738331253,0.0016687961441436844,0.019425237160016363
1202,0.0010608778349533883,0.001668796149638442,0.019425237161182697
1203,0.0010608780960736511,0.0016687961551331999,0.01942523716234903
1204,0.001060878357193914,0.0016687961606279575,0.019425237163515366
1205,0.0010608786183141767,0.0016687961661227151,0.0194252371646817
1206,0.0010608788794344397,0.001668796171617473,0.019425237165848035
1207,0.0010608791405547025,0.0016687961771122306,0.01942523716701437
1208,0.0010608794016749652,0.0016687961826069885,0.019425237168180703
1209,0.001060879662795228,0.0016687961881017462,0.019425237169347038
1210,0.001060879923915491,0.001668796193596504,0.019425237170513372
1211,0.0010608801850357538,0.0016687961990912617,0.019425237171679707
1212,0.0010608804461560166,0.0016687962045860195,0.01942523717284604
1213,0.0010608807072762794,0.0016687962100807772,0.019425237174012375
1214,0.0010608809683965424,0.001668796215575535,0.01942523717517871
1215,0.0010608812295168051,0.0016687962210702927,0.019425237176345044
1216,0.001060881490637068,0.0016687962265650505,0.01942523717751138
1217,0.0010608817517573307,0.0016687962320598082,0.019425237178677713
1218,0.0010608820128775935,0.001668796237554566,0.019425237179844047
1219,0.0010608822739978565,0.0016687962430493237,0.019425237181010382
1220,0.0010608825351181193,0.0016687962485440815,0.019425237182176716
1221,0.001060882796238382,0.0016687962540388392,0.01942523718334305
1222,0.0010608830573586448,0.0016687962595335968,0.019425237184509385
1223,0.0010608833184789078,0.0016687962650283547,0.01942523718567572
1224,0.0010608835795991706,0.0016687962705231123,0.019425237186842054
1225,0.0010608838407194334,0.0016687962760178702,0.019425237188008388
1226,0.0010608841018396962,0.0016687962815126278,0.019425237189174722
1227,0.0010608843629599592,0.0016687962870073857,0.019425237190341057
1228,0.001060884624080222,0.0016687962925021433,0.01942523719150739
1229,0.0010608848852004847,0.0016687962979969012,0.019425237192673726
1230,0.0010608851463207475,0.0016687963034916588,0.01942523719384006
1231,0.0010608854074410105,0.0016687963089864167,0.019425237195006394
1232,0.0010608856685612733,0.0016687963144811743,0.01942523719617273
1233,0.001060885929681536,0.0016687963199759322,0.019425237197339063
1234,0.0010608861908017989,0.0016687963254706898,0.019425237198505398
1235,0.0010608864519220619,0.0016687963309654477,0.019425237199671732
1236,0.0010608867130423247,0.0016687963364602054,0.019425237200838066
1237,0.0010608869741625874,0.001668796341954963,0.0194252372020044
1238,0.0010608872352828502,0.0016687963474497209,0.019425237203170735
1239,0.001060887496403113,0.0016687963529444785,0.01942523720433707
1240,0.001060887757523376,0.0016687963584392364,0.019425237205503404
1241,0.0010608880186436388,0.001668796363933994,0.01942523720666974
1242,0.0010608882797639016,0.0016687963694287519,0.019425237207836073
1243,0.0010608885408841643,0.0016687963749235095,0.019425237209002407
1244,0.0010608888020044273,0.0016687963804182674,0.01942523721016874
1245,0.0010608890631246901,0.001668796385913025,0.019425237211335076
1246,0.001060889324244953,0.0016687963914077829,0.01942523721250141
1247,0.0010608895853652157,0.0016687963969025405,0.019425237213667745
1248,0.0010608898464854787,0.0016687964023972984,0.01942523721483408
1249,0.0010608901076057415,0.001668796407892056,0.019425237216000413
1250,0.0010608903687260043,0.0016687964133868139,0.019425237217166748
1251,0.001060890629846267,0.0016687964188815715,0.019425237218333082
1252,0.00106089089096653,0.0016687964243763292,0.019425237219499417
1253,0.0010608911520867928,0.001668796429871087,0.01942523722066575
1254,0.0010608914132070556,0.0016687964353658447,0.019425237221832085
1255,0.0010608916743273184,0.0016687964408606025,0.01942523722299842
1256,0.0010608919354475814,0.0016687964463553602,0.019425237224164754
1257,0.0010608921965678442,0.001668796451850118,0.01942523722533109
1258,0.001060892457688107,0.0016687964573448757,0.019425237226497423
1259,0.0010608927188083697,0.0016687964628396335,0.019425237227663757
1260,0.0010608929799286325,0.0016687964683343912,0.019425237228830092
1261,0.0010608932410488955,0.001668796473829149,0.019425237229996426
1262,0.0010608935021691583,0.0016687964793239067,0.01942523723116276
1263,0.001060893763289421,0.0016687964848186645,0.019425237232329095
1264,0.0010608940244096839,0.0016687964903134222,0.01942523723349543
1265,0.0010608942855299469,0.00166879649580818,0.019425237234661764
1266,0.0010608945466502096,0.0016687965013029377,0.019425237235828098
1267,0.0010608948077704724,0.0016687965067976953,0.019425237236994432
1268,0.0010608950688907352,0.0016687965122924532,0.019425237238160767
1269,0.0010608953300109982,0.0016687965177872108,0.0194252372393271
1270,0.001060895591131261,0.0016687965232819687,0.019425237240493436
1271,0.0010608958522515238,0.0016687965287767263,0.01942523724165977
1272,0.0010608961133717865,0.0016687965342714842,0.019425237242826104
1273,0.0010608963744920495,0.0016687965397662419,0.01942523724399244
1274,0.0010608966356123123,0.0016687965452609997,0.019425237245158773
1275,0.001060896896732575,0.0016687965507557574,0.019425237246325108
1276,0.0010608971578528379,0.0016687965562505152,0.019425237247491442
1277,0.0010608974189731009,0.0016687965617452729,0.019425237248657776
1278,0.0010608976800933637,0.0016687965672400307,0.01942523724982411
1279,0.0010608979412136265,0.0016687965727347884,0.019425237250990445
1280,0.0010608982023338892,0.0016687965782295462,0.01942523725215678
1281,0.001060898463454152,0.0016687965837243039,0.019425237253323114
1282,0.001060898724574415,0.0016687965892190615,0.01942523725448945
1283,0.0010608989856946778,0.0016687965947138194,0.019425237255655783
1284,0.0010608992468149406,0.001668796600208577,0.019425237256822117
1285,0.0010608995079352034,0.0016687966057033349,0.01942523725798845
1286,0.0010608997690554664,0.0016687966111980925,0.019425237259154786
1287,0.0010609000301757291,0.0016687966166928504,0.01942523726032112
1288,0.001060900291295992,0.001668796622187608,0.019425237261487455
1289,0.0010609005524162547,0.0016687966276823659,0.01942523726265379
1290,0.0010609008135365177,0.0016687966331771235,0.019425237263820123
1291,0.0010609010746567805,0.0016687966386718814,0.019425237264986458
1292,0.0010609013357770433,0.001668796644166639,0.019425237266152792
1293,0.001060901596897306,0.001668796649661397,0.019425237267319127
1294,0.001060901858017569,0.0016687966551561545,0.01942523726848546
1295,0.0010609021191378318,0.0016687966606509124,0.019425237269651795
1296,0.0010609023802580946,0.00166879666614567,0.01942523727081813
1297,0.0010609026413783574,0.0016687966716404277,0.019425237271984464
1298,0.0010609029024986202,0.0016687966771351855,0.0194252372731508
1299,0.0010609031636188832,0.0016687966826299432,0.019425237274317133
1300,0.001060903424739146,0.001668796688124701,0.019425237275483467
1301,0.0010609036858594087,0.0016687966936194587,0.019425237276649802
1302,0.0010609039469796715,0.0016687966991142166,0.019425237277816136
1303,0.0010609042080999345,0.0016687967046089742,0.01942523727898247
1304,0.0010609044692201973,0.001668796710103732,0.019425237280148805
1305,0.00106090473034046,0.0016687967155984897,0.01942523728131514
1306,0.0010609049914607229,0.0016687967210932476,0.019425237282481474
1307,0.0010609052525809859,0.0016687967265880052,0.019425237283647808
1308,0.0010609055137012486,0.001668796732082763,0.019425237284814142
1309,0.0010609057748215114,0.0016687967375775207,0.019425237285980477
1310,0.0010609060359417742,0.0016687967430722786,0.01942523728714681
1311,0.0010609062970620372,0.0016687967485670362,0.019425237288313146
1312,0.0010609065581823,0.0016687967540617939,0.01942523728947948
1313,0.0010609068193025628,0.0016687967595565517,0.019425237290645814
1314,0.0010609070804228256,0.0016687967650513094,0.01942523729181215
1315,0.0010609073415430886,0.0016687967705460672,0.019425237292978483
1316,0.0010609076026633513,0.0016687967760408249,0.019425237294144818
1317,0.0010609078637836141,0.0016687967815355827,0.019425237295311152
1318,0.001060908124903877,0.0016687967870303404,0.019425237296477486
1319,0.0010609083860241397,0.0016687967925250982,0.01942523729764382
1320,0.0010609086471444027,0.0016687967980198559,0.019425237298810155
1321,0.0010609089082646655,0.0016687968035146137,0.01942523729997649
1322,0.0010609091693849282,0.0016687968090093714,0.019425237301142824
1323,0.001060909430505191,0.0016687968145041292,0.01942523730230916
1324,0.001060909691625454,0.0016687968199988869,0.019425237303475493
1325,0.0010609099527457168,0.0016687968254936447,0.019425237304641827
1326,0.0010609102138659796,0.0016687968309884024,0.01942523730580816
1327,0.0010609104749862424,0.00166879683648316,0.019425237306974496
1328,0.0010609107361065054,0.001668796841977918,0.01942523730814083
1329,0.0010609109972267682,0.0016687968474726755,0.019425237309307165
1330,0.001060911258347031,0.0016687968529674334,0.0194252373104735
1331,0.0010609115194672937,0.001668796858462191,0.019425237311639833
1332,0.0010609117805875567,0.001668796863956949,0.019425237312806168
1333,0.0010609120417078195,0.0016687968694517065,0.019425237313972502
1334,0.0010609123028280823,0.0016687968749464644,0.019425237315138837
1335,0.001060912563948345,0.001668796880441222,0.01942523731630517
1336,0.001060912825068608,0.00166879688593598,0.019425237317471505
1337,0.0010609130861888708,0.0016687968914307376,0.01942523731863784
1338,0.0010609133473091336,0.0016687968969254954,0.019425237319804174
1339,0.0010609136084293964,0.001668796902420253,0.01942523732097051
1340,0.0010609138695496592,0.001668796907915011,0.019425237322136843
1341,0.0010609141306699222,0.0016687969134097686,0.019425237323303177
1342,0.001060914391790185,0.0016687969189045262,0.019425237324469512
1343,0.0010609146529104478,0.001668796924399284,0.019425237325635846
1344,0.0010609149140307105,0.0016687969298940417,0.01942523732680218
1345,0.0010609151751509735,0.0016687969353887996,0.019425237327968515
1346,0.0010609154362712363,0.0016687969408835572,0.01942523732913485
1347,0.001060915697391499,0.001668796946378315,0.019425237330301184
1348,0.0010609159585117619,0.0016687969518730727,0.019425237331467518
1349,0.0010609162196320249,0.0016687969573678306,0.019425237332633852
1350,0.0010609164807522877,0.0016687969628625882,0.019425237333800187
1351,0.0010609167418725504,0.001668796968357346,0.01942523733496652
1352,0.0010609170029928132,0.0016687969738521037,0.019425237336132856
1353,0.0010609172641130762,0.0016687969793468616,0.01942523733729919
1354,0.001060917525233339,0.0016687969848416192,0.019425237338465524
1355,0.0010609177863536018,0.001668796990336377,0.01942523733963186
1356,0.0010609180474738646,0.0016687969958311347,0.019425237340798193
1357,0.0010609183085941276,0.0016687970013258926,0.019425237341964528
1358,0.0010609185697143904,0.0016687970068206502,0.019425237343130862
1359,0.0010609188308346531,0.0016687970123154079,0.019425237344297196
1360,0.001060919091954916,0.0016687970178101657,0.01942523734546353
1361,0.0010609193530751787,0.0016687970233049234,0.01942523734662987
1362,0.0010609196141954417,0.0016687970287996812,0.019425237347796203
1363,0.0010609198753157045,0.001668797034294439,0.019425237348962537
1364,0.0010609201364359673,0.0016687970397891968,0.019425237350128872
1365,0.00106092039755623,0.0016687970452839544,0.019425237351295206
1366,0.001060920658676493,0.0016687970507787123,0.01942523735246154
1367,0.0010609209197967558,0.00166879705627347,0.019425237353627875
1368,0.0010609211809170186,0.0016687970617682278,0.01942523735479421
1369,0.0010609214420372814,0.0016687970672629854,0.019425237355960544
1370,0.0010609217031575444,0.0016687970727577433,0.019425237357126878
1371,0.0010609219642778072,0.001668797078252501,0.019425237358293213
1372,0.00106092222539807,0.0016687970837472588,0.019425237359459547
1373,0.0010609224865183327,0.0016687970892420164,0.01942523736062588
1374,0.0010609227476385957,0.001668797094736774,0.019425237361792216
1375,0.0010609230087588585,0.001668797100231532,0.01942523736295855
1376,0.0010609232698791213,0.0016687971057262896,0.019425237364124884
1377,0.001060923530999384,0.0016687971112210474,0.01942523736529122
1378,0.001060923792119647,0.001668797116715805,0.019425237366457553
1379,0.0010609240532399099,0.001668797122210563,0.019425237367623888
1380,0.0010609243143601726,0.0016687971277053206,0.019425237368790222
1381,0.0010609245754804354,0.0016687971332000784,0.019425237369956556
1382,0.0010609248366006982,0.001668797138694836,0.01942523737112289
1383,0.0010609250977209612,0.001668797144189594,0.019425237372289225
1384,0.001060925358841224,0.0016687971496843516,0.01942523737345556
1385,0.0010609256199614868,0.0016687971551791094,0.019425237374621894
1386,0.0010609258810817495,0.001668797160673867,0.01942523737578823
1387,0.0010609261422020125,0.001668797166168625,0.019425237376954563
1388,0.0010609264033222753,0.0016687971716633826,0.019425237378120897
1389,0.0010609266644425381,0.0016687971771581402,0.01942523737928723
1390,0.001060926925562801,0.001668797182652898,0.019425237380453566
1391,0.001060927186683064,0.0016687971881476557,0.0194252373816199
1392,0.0010609274478033267,0.0016687971936424136,0.019425237382786235
1393,0.0010609277089235895,0.0016687971991371712,0.01942523738395257
1394,0.0010609279700438522,0.001668797204631929,0.019425237385118903
1395,0.0010609282311641152,0.0016687972101266867,0.019425237386285238
1396,0.001060928492284378,0.0016687972156214446,0.019425237387451572
1397,0.0010609287534046408,0.0016687972211162022,0.019425237388617907
1398,0.0010609290145249036,0.00166879722661096,0.01942523738978424
1399,0.0010609292756451666,0.0016687972321057178,0.019425237390950575
1400,0.0010609295367654294,0.0016687972376004756,0.01942523739211691
1401,0.0010609297978856921,0.0016687972430952333,0.019425237393283244
1402,0.001060930059005955,0.0016687972485899911,0.01942523739444958
1403,0.0010609303201262177,0.0016687972540847488,0.019425237395615913
1404,0.0010609305812464807,0.0016687972595795064,0.019425237396782247
1405,0.0010609308423667435,0.0016687972650742643,0.019425237397948582
1406,0.0010609311034870063,0.001668797270569022,0.019425237399114916
1407,0.001060931364607269,0.0016687972760637798,0.01942523740028125
1408,0.001060931625727532,0.0016687972815585374,0.019425237401447585
1409,0.0010609318868477948,0.0016687972870532953,0.01942523740261392
1410,0.0010609321479680576,0.001668797292548053,0.019425237403780254
1411,0.0010609324090883204,0.0016687972980428108,0.019425237404946588
1412,0.0010609326702085834,0.0016687973035375684,0.019425237406112923
1413,0.0010609329313288462,0.0016687973090323263,0.019425237407279257
1414,0.001060933192449109,0.001668797314527084,0.01942523740844559
1415,0.0010609334535693717,0.0016687973200218418,0.019425237409611926
1416,0.0010609337146896347,0.0016687973255165994,0.01942523741077826
1417,0.0010609339758098975,0.0016687973310113573,0.019425237411944594
1418,0.0010609342369301603,0.001668797336506115,0.01942523741311093
1419,0.001060934498050423,0.0016687973420008726,0.019425237414277263
1420,0.001060934759170686,0.0016687973474956304,0.019425237415443598
1421,0.0010609350202909489,0.001668797352990388,0.019425237416609932
1422,0.0010609352814112117,0.001668797358485146,0.019425237417776266
1423,0.0010609355425314744,0.0016687973639799036,0.0194252374189426
1424,0.0010609358036517372,0.0016687973694746614,0.019425237420108935
1425,0.0010609360647720002,0.001668797374969419,0.01942523742127527
1426,0.001060936325892263,0.001668797380464177,0.019425237422441604
1427,0.0010609365870125258,0.0016687973859589346,0.01942523742360794
1428,0.0010609368481327886,0.0016687973914536925,0.019425237424774273
1429,0.0010609371092530516,0.00166879739694845,0.019425237425940607
1430,0.0010609373703733143,0.001668797402443208,0.01942523742710694
1431,0.0010609376314935771,0.0016687974079379656,0.019425237428273276
1432,0.00106093789261384,0.0016687974134327235,0.01942523742943961
1433,0.001060938153734103,0.001668797418927481,0.019425237430605945
1434,0.0010609384148543657,0.0016687974244222387,0.01942523743177228
1435,0.0010609386759746285,0.0016687974299169966,0.019425237432938613
1436,0.0010609389370948913,0.0016687974354117543,0.019425237434104948
1437,0.0010609391982151543,0.0016687974409065121,0.019425237435271282
1438,0.001060939459335417,0.0016687974464012698,0.019425237436437617
1439,0.0010609397204556798,0.0016687974518960276,0.01942523743760395
1440,0.0010609399815759426,0.0016687974573907853,0.019425237438770285
1441,0.0010609402426962056,0.0016687974628855431,0.01942523743993662
1442,0.0010609405038164684,0.0016687974683803008,0.019425237441102954
1443,0.0010609407649367312,0.0016687974738750586,0.01942523744226929
1444,0.001060941026056994,0.0016687974793698163,0.019425237443435623
1445,0.0010609412871772567,0.0016687974848645741,0.019425237444601957
1446,0.0010609415482975197,0.0016687974903593318,0.019425237445768292
1447,0.0010609418094177825,0.0016687974958540896,0.019425237446934626
1448,0.0010609420705380453,0.0016687975013488473,0.01942523744810096
1449,0.001060942331658308,0.001668797506843605,0.019425237449267295
1450,0.001060942592778571,0.0016687975123383628,0.01942523745043363
1451,0.0010609428538988339,0.0016687975178331204,0.019425237451599964
1452,0.0010609431150190966,0.0016687975233278783,0.019425237452766298
1453,0.0010609433761393594,0.001668797528822636,0.019425237453932633
1454,0.0010609436372596224,0.0016687975343173938,0.019425237455098967
1455,0.0010609438983798852,0.0016687975398121514,0.0194252374562653
1456,0.001060944159500148,0.0016687975453069093,0.019425237457431636
1457,0.0010609444206204108,0.001668797550801667,0.01942523745859797
1458,0.0010609446817406738,0.0016687975562964248,0.019425237459764304
1459,0.0010609449428609365,0.0016687975617911824,0.01942523746093064
1460,0.0010609452039811993,0.0016687975672859403,0.019425237462096973
1461,0.001060945465101462,0.001668797572780698,0.019425237463263308
1462,0.001060945726221725,0.0016687975782754558,0.019425237464429642
1463,0.0010609459873419879,0.0016687975837702135,0.019425237465595976
1464,0.0010609462484622507,0.001668797589264971,0.01942523746676231
1465,0.0010609465095825135,0.001668797594759729,0.019425237467928645
1466,0.0010609467707027762,0.0016687976002544866,0.01942523746909498
1467,0.0010609470318230392,0.0016687976057492445,0.019425237470261314
1468,0.001060947292943302,0.001668797611244002,0.01942523747142765
1469,0.0010609475540635648,0.00166879761673876,0.019425237472593983
1470,0.0010609478151838276,0.0016687976222335176,0.019425237473760317
1471,0.0010609480763040906,0.0016687976277282755,0.01942523747492665
1472,0.0010609483374243534,0.0016687976332230331,0.019425237476092986
1473,0.0010609485985446161,0.001668797638717791,0.01942523747725932
1474,0.001060948859664879,0.0016687976442125486,0.019425237478425655
1475,0.001060949120785142,0.0016687976497073065,0.01942523747959199
1476,0.0010609493819054047,0.0016687976552020641,0.019425237480758323
1477,0.0010609496430256675,0.001668797660696822,0.019425237481924658
1478,0.0010609499041459303,0.0016687976661915796,0.019425237483090992
1479,0.0010609501652661933,0.0016687976716863375,0.019425237484257327
1480,0.001060950426386456,0.0016687976771810951,0.01942523748542366
1481,0.0010609506875067188,0.0016687976826758528,0.019425237486589995
1482,0.0010609509486269816,0.0016687976881706106,0.01942523748775633
1483,0.0010609512097472444,0.0016687976936653683,0.019425237488922664
1484,0.0010609514708675074,0.0016687976991601261,0.019425237490089
1485,0.0010609517319877702,0.0016687977046548838,0.019425237491255333
1486,0.001060951993108033,0.0016687977101496416,0.019425237492421667
1487,0.0010609522542282957,0.0016687977156443993,0.019425237493588002
1488,0.0010609525153485587,0.0016687977211391571,0.019425237494754336
1489,0.0010609527764688215,0.0016687977266339148,0.01942523749592067
1490,0.0010609530375890843,0.0016687977321286726,0.019425237497087005
1491,0.001060953298709347,0.0016687977376234303,0.01942523749825334
1492,0.00106095355982961,0.0016687977431181882,0.019425237499419674
1493,0.0010609538209498729,0.0016687977486129458,0.019425237500586008
1494,0.0010609540820701356,0.0016687977541077037,0.019425237501752343
1495,0.0010609543431903984,0.0016687977596024613,0.019425237502918677
1496,0.0010609546043106614,0.001668797765097219,0.01942523750408501
1497,0.0010609548654309242,0.0016687977705919768,0.019425237505251346
1498,0.001060955126551187,0.0016687977760867344,0.01942523750641768
1499,0.0010609553876714498,0.0016687977815814923,0.019425237507584014
1500,0.0010609556487917128,0.00166879778707625,0.01942523750875035
1501,0.0010609559099119756,0.0016687977925710078,0.019425237509916683
1502,0.0010609561710322383,0.0016687977980657655,0.019425237511083018
1503,0.0010609564321525011,0.0016687978035605233,0.019425237512249352
1504,0.001060956693272764,0.001668797809055281,0.019425237513415686
1505,0.001060956954393027,0.0016687978145500388,0.01942523751458202
1506,0.0010609572155132897,0.0016687978200447965,0.019425237515748355
1507,0.0010609574766335525,0.0016687978255395543,0.01942523751691469
1508,0.0010609577377538152,0.001668797831034312,0.019425237518081024
1509,0.0010609579988740782,0.0016687978365290698,0.01942523751924736
1510,0.001060958259994341,0.0016687978420238275,0.019425237520413693
1511,0.0010609585211146038,0.0016687978475185851,0.019425237521580027
1512,0.0010609587822348666,0.001668797853013343,0.01942523752274636
1513,0.0010609590433551296,0.0016687978585081006,0.019425237523912696
1514,0.0010609593044753924,0.0016687978640028585,0.01942523752507903
1515,0.0010609595655956552,0.0016687978694976161,0.019425237526245365
1516,0.001060959826715918,0.001668797874992374,0.0194252375274117
1517,0.001060960087836181,0.0016687978804871316,0.019425237528578033
1518,0.0010609603489564437,0.0016687978859818895,0.019425237529744368
1519,0.0010609606100767065,0.0016687978914766471,0.019425237530910702
1520,0.0010609608711969693,0.001668797896971405,0.019425237532077037
1521,0.0010609611323172323,0.0016687979024661626,0.01942523753324337
1522,0.001060961393437495,0.0016687979079609205,0.019425237534409705
1523,0.0010609616545577578,0.0016687979134556781,0.01942523753557604
1524,0.0010609619156780206,0.001668797918950436,0.019425237536742374
1525,0.0010609621767982834,0.0016687979244451936,0.01942523753790871
1526,0.0010609624379185464,0.0016687979299399513,0.019425237539075043
1527,0.0010609626990388092,0.0016687979354347092,0.019425237540241377
1528,0.001060962960159072,0.0016687979409294668,0.019425237541407712
1529,0.0010609632212793348,0.0016687979464242247,0.019425237542574046
1530,0.0010609634823995978,0.0016687979519189823,0.01942523754374038
1531,0.0010609637435198605,0.0016687979574137402,0.019425237544906715
1532,0.0010609640046401233,0.0016687979629084978,0.01942523754607305
1533,0.001060964265760386,0.0016687979684032557,0.019425237547239384
1534,0.001060964526880649,0.0016687979738980133,0.019425237548405718
1535,0.0010609647880009119,0.0016687979793927712,0.019425237549572053
1536,0.0010609650491211747,0.0016687979848875288,0.019425237550738387
1537,0.0010609653102414374,0.0016687979903822867,0.01942523755190472
1538,0.0010609655713617004,0.0016687979958770443,0.019425237553071056
1539,0.0010609658324819632,0.0016687980013718022,0.01942523755423739
1540,0.001060966093602226,0.0016687980068665598,0.019425237555403724
1541,0.0010609663547224888,0.0016687980123613175,0.01942523755657006
1542,0.0010609666158427518,0.0016687980178560753,0.019425237557736393
1543,0.0010609668769630146,0.001668798023350833,0.019425237558902728
1544,0.0010609671380832774,0.0016687980288455908,0.019425237560069062
1545,0.0010609673992035401,0.0016687980343403485,0.019425237561235396
1546,0.001060967660323803,0.0016687980398351063,0.01942523756240173
1547,0.001060967921444066,0.001668798045329864,0.019425237563568065
1548,0.0010609681825643287,0.0016687980508246218,0.0194252375647344
1549,0.0010609684436845915,0.0016687980563193795,0.019425237565900734
1550,0.0010609687048048543,0.0016687980618141373,0.01942523756706707
1551,0.0010609689659251173,0.001668798067308895,0.019425237568233403
1552,0.00106096922704538,0.0016687980728036528,0.019425237569399737
1553,0.0010609694881656428,0.0016687980782984105,0.01942523757056607
1554,0.0010609697492859056,0.0016687980837931684,0.019425237571732406
1555,0.0010609700104061686,0.001668798089287926,0.01942523757289874
1556,0.0010609702715264314,0.0016687980947826836,0.019425237574065075
1557,0.0010609705326466942,0.0016687981002774415,0.01942523757523141
1558,0.001060970793766957,0.0016687981057721991,0.019425237576397743
1559,0.00106097105488722,0.001668798111266957,0.019425237577564078
1560,0.0010609713160074827,0.0016687981167617146,0.019425237578730412
1561,0.0010609715771277455,0.0016687981222564725,0.019425237579896747
1562,0.0010609718382480083,0.0016687981277512302,0.01942523758106308
1563,0.0010609720993682713,0.001668798133245988,0.019425237582229415
1564,0.001060972360488534,0.0016687981387407457,0.01942523758339575
1565,0.0010609726216087969,0.0016687981442355035,0.019425237584562084
1566,0.0010609728827290596,0.0016687981497302612,0.01942523758572842
1567,0.0010609731438493224,0.001668798155225019,0.019425237586894753
1568,0.0010609734049695854,0.0016687981607197767,0.019425237588061087
1569,0.0010609736660898482,0.0016687981662145345,0.019425237589227422
1570,0.001060973927210111,0.0016687981717092922,0.019425237590393756
1571,0.0010609741883303738,0.0016687981772040498,0.01942523759156009
1572,0.0010609744494506368,0.0016687981826988077,0.019425237592726425
1573,0.0010609747105708995,0.0016687981881935653,0.01942523759389276
1574,0.0010609749716911623,0.0016687981936883232,0.019425237595059094
1575,0.0010609752328114251,0.0016687981991830808,0.019425237596225428
1576,0.0010609754939316881,0.0016687982046778387,0.019425237597391763
1577,0.001060975755051951,0.0016687982101725963,0.019425237598558097
1578,0.0010609760161722137,0.0016687982156673542,0.01942523759972443
1579,0.0010609762772924765,0.0016687982211621118,0.019425237600890766
1580,0.0010609765384127395,0.0016687982266568697,0.0194252376020571
1581,0.0010609767995330022,0.0016687982321516273,0.019425237603223434
1582,0.001060977060653265,0.0016687982376463852,0.01942523760438977
1583,0.0010609773217735278,0.0016687982431411428,0.019425237605556103
1584,0.0010609775828937908,0.0016687982486359007,0.019425237606722438
1585,0.0010609778440140536,0.0016687982541306583,0.019425237607888772
1586,0.0010609781051343164,0.001668798259625416,0.019425237609055106
1587,0.0010609783662545791,0.0016687982651201738,0.01942523761022144
1588,0.001060978627374842,0.0016687982706149315,0.019425237611387775
1589,0.001060978888495105,0.0016687982761096893,0.01942523761255411
1590,0.0010609791496153677,0.001668798281604447,0.019425237613720444
1591,0.0010609794107356305,0.0016687982870992049,0.01942523761488678
1592,0.0010609796718558933,0.0016687982925939625,0.019425237616053113
1593,0.0010609799329761563,0.0016687982980887204,0.019425237617219447
1594,0.001060980194096419,0.001668798303583478,0.01942523761838578
1595,0.0010609804552166818,0.0016687983090782359,0.019425237619552116
1596,0.0010609807163369446,0.0016687983145729935,0.01942523762071845
1597,0.0010609809774572076,0.0016687983200677514,0.019425237621884785
1598,0.0010609812385774704,0.001668798325562509,0.01942523762305112
1599,0.0010609814996977332,0.0016687983310572669,0.019425237624217453
1600,0.001060981760817996,0.0016687983365520245,0.019425237625383788
1601,0.001060982021938259,0.0016687983420467822,0.019425237626550122
1602,0.0010609822830585217,0.00166879834754154,0.019425237627716457
1603,0.0010609825441787845,0.0016687983530362977,0.01942523762888279
1604,0.0010609828052990473,0.0016687983585310555,0.019425237630049125
1605,0.0010609830664193103,0.0016687983640258132,0.01942523763121546
1606,0.001060983327539573,0.001668798369520571,0.019425237632381794
1607,0.0010609835886598359,0.0016687983750153287,0.01942523763354813
1608,0.0010609838497800987,0.0016687983805100865,0.019425237634714463
1609,0.0010609841109003614,0.0016687983860048442,0.019425237635880797
1610,0.0010609843720206244,0.001668798391499602,0.019425237637047132
1611,0.0010609846331408872,0.0016687983969943597,0.019425237638213466
1612,0.00106098489426115,0.0016687984024891175,0.0194252376393798
1613,0.0010609851553814128,0.0016687984079838752,0.019425237640546135
1614,0.0010609854165016758,0.001668798413478633,0.01942523764171247
1615,0.0010609856776219386,0.0016687984189733907,0.019425237642878804
1616,0.0010609859387422013,0.0016687984244681483,0.019425237644045138
1617,0.0010609861998624641,0.0016687984299629062,0.019425237645211473
1618,0.0010609864609827271,0.0016687984354576638,0.019425237646377807
1619,0.00106098672210299,0.0016687984409524217,0.01942523764754414
1620,0.0010609869832232527,0.0016687984464471793,0.019425237648710476
1621,0.0010609872443435155,0.0016687984519419372,0.01942523764987681
1622,0.0010609875054637785,0.0016687984574366948,0.019425237651043144
1623,0.0010609877665840413,0.0016687984629314527,0.01942523765220948
1624,0.001060988027704304,0.0016687984684262103,0.019425237653375813
1625,0.0010609882888245668,0.0016687984739209682,0.019425237654542148
1626,0.0010609885499448298,0.0016687984794157259,0.019425237655708482
1627,0.0010609888110650926,0.0016687984849104837,0.019425237656874816
1628,0.0010609890721853554,0.0016687984904052414,0.01942523765804115
1629,0.0010609893333056182,0.0016687984958999992,0.019425237659207485
1630,0.001060989594425881,0.0016687985013947569,0.01942523766037382
1631,0.001060989855546144,0.0016687985068895147,0.019425237661540154
1632,0.0010609901166664067,0.0016687985123842724,0.01942523766270649
1633,0.0010609903777866695,0.00166879851787903,0.019425237663872823
1634,0.0010609906389069323,0.0016687985233737879,0.019425237665039157
1635,0.0010609909000271953,0.0016687985288685455,0.01942523766620549
1636,0.001060991161147458,0.0016687985343633034,0.019425237667371826
1637,0.0010609914222677209,0.001668798539858061,0.01942523766853816
1638,0.0010609916833879836,0.0016687985453528189,0.019425237669704495
1639,0.0010609919445082466,0.0016687985508475765,0.01942523767087083
1640,0.0010609922056285094,0.0016687985563423344,0.019425237672037163
1641,0.0010609924667487722,0.001668798561837092,0.019425237673203498
1642,0.001060992727869035,0.0016687985673318499,0.019425237674369832
1643,0.001060992988989298,0.0016687985728266075,0.019425237675536167
1644,0.0010609932501095608,0.0016687985783213654,0.0194252376767025
1645,0.0010609935112298235,0.001668798583816123,0.019425237677868835
1646,0.0010609937723500863,0.001668798589310881,0.01942523767903517
1647,0.0010609940334703493,0.0016687985948056385,0.019425237680201504
1648,0.001060994294590612,0.0016687986003003962,0.01942523768136784
1649,0.0010609945557108749,0.001668798605795154,0.019425237682534173
1650,0.0010609948168311377,0.0016687986112899117,0.019425237683700507
1651,0.0010609950779514004,0.0016687986167846695,0.019425237684866842
1652,0.0010609953390716634,0.0016687986222794272,0.019425237686033176
1653,0.0010609956001919262,0.001668798627774185,0.01942523768719951
1654,0.001060995861312189,0.0016687986332689427,0.019425237688365845
1655,0.0010609961224324518,0.0016687986387637006,0.01942523768953218
1656,0.0010609963835527148,0.0016687986442584582,0.019425237690698514
1657,0.0010609966446729776,0.001668798649753216,0.019425237691864848
1658,0.0010609969057932404,0.0016687986552479737,0.019425237693031183
1659,0.0010609971669135031,0.0016687986607427316,0.019425237694197517
1660,0.0010609974280337661,0.0016687986662374892,0.01942523769536385
1661,0.001060997689154029,0.001668798671732247,0.019425237696530186
1662,0.0010609979502742917,0.0016687986772270047,0.01942523769769652
1663,0.0010609982113945545,0.0016687986827217624,0.019425237698862854
1664,0.0010609984725148175,0.0016687986882165202,0.01942523770002919
1665,0.0010609987336350803,0.0016687986937112779,0.019425237701195523
1666,0.001060998994755343,0.0016687986992060357,0.019425237702361858
1667,0.0010609992558756058,0.0016687987047007934,0.019425237703528192
1668,0.0010609995169958686,0.0016687987101955512,0.019425237704694526
1669,0.0010609997781161316,0.0016687987156903089,0.01942523770586086
1670,0.0010610000392363944,0.0016687987211850667,0.019425237707027195
1671,0.0010610003003566572,0.0016687987266798244,0.01942523770819353
1672,0.00106100056147692,0.0016687987321745822,0.019425237709359864
1673,0.001061000822597183,0.0016687987376693399,0.0194252377105262
1674,0.0010610010837174457,0.0016687987431640977,0.019425237711692533
1675,0.0010610013448377085,0.0016687987486588554,0.019425237712858867
1676,0.0010610016059579713,0.0016687987541536132,0.0194252377140252
1677,0.0010610018670782343,0.0016687987596483709,0.019425237715191536
1678,0.001061002128198497,0.0016687987651431285,0.01942523771635787
1679,0.0010610023893187599,0.0016687987706378864,0.019425237717524205
1680,0.0010610026504390226,0.001668798776132644,0.01942523771869054
1681,0.0010610029115592856,0.0016687987816274019,0.019425237719856873
1682,0.0010610031726795484,0.0016687987871221595,0.019425237721023208
1683,0.0010610034337998112,0.0016687987926169174,0.019425237722189542
1684,0.001061003694920074,0.001668798798111675,0.019425237723355877
1685,0.001061003956040337,0.001668798803606433,0.01942523772452221
1686,0.0010610042171605998,0.0016687988091011905,0.019425237725688545
1687,0.0010610044782808626,0.0016687988145959484,0.01942523772685488
1688,0.0010610047394011253,0.001668798820090706,0.019425237728021214
1689,0.0010610050005213881,0.001668798825585464,0.01942523772918755
1690,0.0010610052616416511,0.0016687988310802216,0.019425237730353883
1691,0.001061005522761914,0.0016687988365749794,0.019425237731520217
1692,0.0010610057838821767,0.001668798842069737,0.019425237732686552
1693,0.0010610060450024395,0.0016687988475644947,0.019425237733852886
1694,0.0010610063061227025,0.0016687988530592526,0.01942523773501922
1695,0.0010610065672429652,0.0016687988585540102,0.019425237736185555
1696,0.001061006828363228,0.001668798864048768,0.01942523773735189
1697,0.0010610070894834908,0.0016687988695435257,0.019425237738518224
1698,0.0010610073506037538,0.0016687988750382836,0.019425237739684558
1699,0.0010610076117240166,0.0016687988805330412,0.019425237740850892
1700,0.0010610078728442794,0.001668798886027799,0.019425237742017227
1701,0.0010610081339645422,0.0016687988915225567,0.01942523774318356
1702,0.0010610083950848052,0.0016687988970173146,0.019425237744349896
1703,0.001061008656205068,0.0016687989025120722,0.01942523774551623
1704,0.0010610089173253307,0.00166879890800683,0.019425237746682564
1705,0.0010610091784455935,0.0016687989135015877,0.0194252377478489
1706,0.0010610094395658565,0.0016687989189963456,0.019425237749015233
1707,0.0010610097006861193,0.0016687989244911032,0.019425237750181568
1708,0.001061009961806382,0.0016687989299858609,0.019425237751347902
1709,0.0010610102229266448,0.0016687989354806187,0.019425237752514236
1710,0.0010610104840469076,0.0016687989409753764,0.01942523775368057
1711,0.0010610107451671706,0.0016687989464701342,0.019425237754846905
1712,0.0010610110062874334,0.0016687989519648919,0.01942523775601324
1713,0.0010610112674076962,0.0016687989574596497,0.019425237757179574
1714,0.001061011528527959,0.0016687989629544074,0.01942523775834591
1715,0.001061011789648222,0.0016687989684491652,0.019425237759512243
1716,0.0010610120507684848,0.0016687989739439229,0.019425237760678577
1717,0.0010610123118887475,0.0016687989794386807,0.01942523776184491
1718,0.0010610125730090103,0.0016687989849334384,0.019425237763011246
1719,0.0010610128341292733,0.0016687989904281963,0.01942523776417758
1720,0.001061013095249536,0.001668798995922954,0.019425237765343915
1721,0.0010610133563697989,0.0016687990014177118,0.01942523776651025
1722,0.0010610136174900617,0.0016687990069124694,0.019425237767676583
1723,0.0010610138786103247,0.001668799012407227,0.01942523776884292
1724,0.0010610141397305874,0.001668799017901985,0.019425237770009256
1725,0.0010610144008508502,0.0016687990233967425,0.01942523777117559
1726,0.001061014661971113,0.0016687990288915004,0.019425237772341925
1727,0.001061014923091376,0.001668799034386258,0.01942523777350826
1728,0.0010610151842116388,0.001668799039881016,0.019425237774674593
1729,0.0010610154453319016,0.0016687990453757736,0.019425237775840928
1730,0.0010610157064521644,0.0016687990508705314,0.019425237777007262
1731,0.0010610159675724271,0.001668799056365289,0.019425237778173596
1732,0.0010610162286926901,0.001668799061860047,0.01942523777933993
1733,0.001061016489812953,0.0016687990673548046,0.019425237780506265
1734,0.0010610167509332157,0.0016687990728495624,0.0194252377816726
1735,0.0010610170120534785,0.00166879907834432,0.019425237782838934
1736,0.0010610172731737415,0.001668799083839078,0.01942523778400527
1737,0.0010610175342940043,0.0016687990893338356,0.019425237785171603
1738,0.001061017795414267,0.0016687990948285932,0.019425237786337937
1739,0.0010610180565345298,0.001668799100323351,0.01942523778750427
1740,0.0010610183176547928,0.0016687991058181087,0.019425237788670606
1741,0.0010610185787750556,0.0016687991113128666,0.01942523778983694
1742,0.0010610188398953184,0.0016687991168076242,0.019425237791003275
1743,0.0010610191010155812,0.001668799122302382,0.01942523779216961
1744,0.0010610193621358442,0.0016687991277971397,0.019425237793335944
1745,0.001061019623256107,0.0016687991332918976,0.019425237794502278
1746,0.0010610198843763697,0.0016687991387866552,0.019425237795668612
1747,0.0010610201454966325,0.001668799144281413,0.019425237796834947
1748,0.0010610204066168955,0.0016687991497761707,0.01942523779800128
1749,0.0010610206677371583,0.0016687991552709286,0.019425237799167615
1750,0.001061020928857421,0.0016687991607656862,0.01942523780033395
1751,0.0010610211899776839,0.001668799166260444,0.019425237801500284
1752,0.0010610214510979466,0.0016687991717552017,0.01942523780266662
1753,0.0010610217122182096,0.0016687991772499596,0.019425237803832953
1754,0.0010610219733384724,0.0016687991827447173,0.019425237804999287
1755,0.0010610222344587352,0.001668799188239475,0.019425237806165622
1756,0.001061022495578998,0.0016687991937342328,0.019425237807331956
1757,0.001061022756699261,0.0016687991992289904,0.01942523780849829
1758,0.0010610230178195238,0.0016687992047237483,0.019425237809664625
1759,0.0010610232789397865,0.001668799210218506,0.01942523781083096
1760,0.0010610235400600493,0.0016687992157132638,0.019425237811997294
1761,0.0010610238011803123,0.0016687992212080214,0.019425237813163628
1762,0.0010610240623005751,0.0016687992267027793,0.019425237814329963
1763,0.001061024323420838,0.001668799232197537,0.019425237815496297
1764,0.0010610245845411007,0.0016687992376922948,0.01942523781666263
1765,0.0010610248456613637,0.0016687992431870524,0.019425237817828966
1766,0.0010610251067816265,0.0016687992486818103,0.0194252378189953
1767,0.0010610253679018892,0.001668799254176568,0.019425237820161634
1768,0.001061025629022152,0.0016687992596713256,0.01942523782132797
1769,0.001061025890142415,0.0016687992651660834,0.019425237822494303
1770,0.0010610261512626778,0.001668799270660841,0.019425237823660638
1771,0.0010610264123829406,0.001668799276155599,0.019425237824826972
1772,0.0010610266735032034,0.0016687992816503566,0.019425237825993306
1773,0.0010610269346234661,0.0016687992871451144,0.01942523782715964
1774,0.0010610271957437291,0.001668799292639872,0.019425237828325975
1775,0.001061027456863992,0.00166879929813463,0.01942523782949231
1776,0.0010610277179842547,0.0016687993036293876,0.019425237830658644
1777,0.0010610279791045175,0.0016687993091241454,0.01942523783182498
1778,0.0010610282402247805,0.001668799314618903,0.019425237832991313
1779,0.0010610285013450433,0.001668799320113661,0.019425237834157647
1780,0.001061028762465306,0.0016687993256084186,0.01942523783532398
1781,0.0010610290235855688,0.0016687993311031765,0.019425237836490316
1782,0.0010610292847058318,0.001668799336597934,0.01942523783765665
1783,0.0010610295458260946,0.001668799342092692,0.019425237838822985
1784,0.0010610298069463574,0.0016687993475874496,0.01942523783998932
1785,0.0010610300680666202,0.0016687993530822072,0.019425237841155654
1786,0.0010610303291868832,0.001668799358576965,0.019425237842321988
1787,0.001061030590307146,0.0016687993640717227,0.019425237843488322
1788,0.0010610308514274087,0.0016687993695664806,0.019425237844654657
1789,0.0010610311125476715,0.0016687993750612383,0.01942523784582099
1790,0.0010610313736679345,0.0016687993805559961,0.019425237846987325
1791,0.0010610316347881973,0.0016687993860507538,0.01942523784815366
1792,0.00106103189590846,0.0016687993915455116,0.019425237849319994
1793,0.0010610321570287229,0.0016687993970402693,0.01942523785048633
1794,0.0010610324181489857,0.0016687994025350271,0.019425237851652663
1795,0.0010610326792692487,0.0016687994080297848,0.019425237852818997
1796,0.0010610329403895114,0.0016687994135245426,0.019425237853985332
1797,0.0010610332015097742,0.0016687994190193003,0.019425237855151666
1798,0.001061033462630037,0.0016687994245140581,0.019425237856318
1799,0.0010610337237503,0.0016687994300088158,0.019425237857484335
1800,0.0010610339848705628,0.0016687994355035734,0.01942523785865067
1801,0.0010610342459908256,0.0016687994409983313,0.019425237859817004
1802,0.0010610345071110883,0.001668799446493089,0.019425237860983338
1803,0.0010610347682313513,0.0016687994519878468,0.019425237862149673
1804,0.0010610350293516141,0.0016687994574826044,0.019425237863316007
1805,0.001061035290471877,0.0016687994629773623,0.01942523786448234
1806,0.0010610355515921397,0.00166879946847212,0.019425237865648676
1807,0.0010610358127124027,0.0016687994739668778,0.01942523786681501
1808,0.0010610360738326655,0.0016687994794616354,0.019425237867981344
1809,0.0010610363349529283,0.0016687994849563933,0.01942523786914768
1810,0.001061036596073191,0.001668799490451151,0.019425237870314013
1811,0.001061036857193454,0.0016687994959459088,0.019425237871480348
1812,0.0010610371183137168,0.0016687995014406664,0.019425237872646682
1813,0.0010610373794339796,0.0016687995069354243,0.019425237873813016
1814,0.0010610376405542424,0.001668799512430182,0.01942523787497935
1815,0.0010610379016745052,0.0016687995179249396,0.019425237876145685
1816,0.0010610381627947682,0.0016687995234196974,0.01942523787731202
1817,0.001061038423915031,0.001668799528914455,0.019425237878478354
1818,0.0010610386850352937,0.001668799534409213,0.01942523787964469
1819,0.0010610389461555565,0.0016687995399039706,0.019425237880811023
1820,0.0010610392072758195,0.0016687995453987285,0.019425237881977357
1821,0.0010610394683960823,0.001668799550893486,0.01942523788314369
1822,0.001061039729516345,0.001668799556388244,0.019425237884310026
1823,0.0010610399906366079,0.0016687995618830016,0.01942523788547636
1824,0.0010610402517568708,0.0016687995673777595,0.019425237886642695
1825,0.0010610405128771336,0.0016687995728725171,0.01942523788780903
1826,0.0010610407739973964,0.001668799578367275,0.019425237888975364
1827,0.0010610410351176592,0.0016687995838620326,0.019425237890141698
1828,0.0010610412962379222,0.0016687995893567905,0.019425237891308032
1829,0.001061041557358185,0.0016687995948515481,0.019425237892474367
1830,0.0010610418184784478,0.0016687996003463058,0.0194252378936407
1831,0.0010610420795987105,0.0016687996058410636,0.019425237894807035
1832,0.0010610423407189735,0.0016687996113358213,0.01942523789597337
1833,0.0010610426018392363,0.0016687996168305791,0.019425237897139704
1834,0.001061042862959499,0.0016687996223253368,0.01942523789830604
1835,0.0010610431240797619,0.0016687996278200946,0.019425237899472373
1836,0.0010610433852000247,0.0016687996333148523,0.019425237900638707
1837,0.0010610436463202877,0.0016687996388096101,0.019425237901805042
1838,0.0010610439074405504,0.0016687996443043678,0.019425237902971376
1839,0.0010610441685608132,0.0016687996497991256,0.01942523790413771
1840,0.001061044429681076,0.0016687996552938833,0.019425237905304045
1841,0.001061044690801339,0.0016687996607886411,0.01942523790647038
1842,0.0010610449519216018,0.0016687996662833988,0.019425237907636714
1843,0.0010610452130418646,0.0016687996717781566,0.019425237908803048
1844,0.0010610454741621274,0.0016687996772729143,0.019425237909969383
1845,0.0010610457352823904,0.001668799682767672,0.019425237911135717
1846,0.0010610459964026531,0.0016687996882624298,0.01942523791230205
1847,0.001061046257522916,0.0016687996937571874,0.019425237913468386
1848,0.0010610465186431787,0.0016687996992519453,0.01942523791463472
1849,0.0010610467797634417,0.001668799704746703,0.019425237915801054
1850,0.0010610470408837045,0.0016687997102414608,0.01942523791696739
1851,0.0010610473020039673,0.0016687997157362184,0.019425237918133723
1852,0.00106104756312423,0.0016687997212309763,0.019425237919300058
1853,0.0010610478242444928,0.001668799726725734,0.019425237920466392
1854,0.0010610480853647558,0.0016687997322204918,0.019425237921632726
1855,0.0010610483464850186,0.0016687997377152495,0.01942523792279906
1856,0.0010610486076052814,0.0016687997432100073,0.019425237923965395
1857,0.0010610488687255442,0.001668799748704765,0.01942523792513173
1858,0.0010610491298458072,0.0016687997541995228,0.019425237926298064
1859,0.00106104939096607,0.0016687997596942805,0.0194252379274644
1860,0.0010610496520863327,0.001668799765189038,0.019425237928630733
1861,0.0010610499132065955,0.001668799770683796,0.019425237929797067
1862,0.0010610501743268585,0.0016687997761785536,0.0194252379309634
1863,0.0010610504354471213,0.0016687997816733115,0.019425237932129736
1864,0.001061050696567384,0.0016687997871680691,0.01942523793329607
1865,0.0010610509576876469,0.001668799792662827,0.019425237934462405
1866,0.0010610512188079099,0.0016687997981575846,0.01942523793562874
1867,0.0010610514799281726,0.0016687998036523425,0.019425237936795074
1868,0.0010610517410484354,0.0016687998091471001,0.019425237937961408
1869,0.0010610520021686982,0.001668799814641858,0.019425237939127742
1870,0.0010610522632889612,0.0016687998201366156,0.019425237940294077
1871,0.001061052524409224,0.0016687998256313735,0.01942523794146041
1872,0.0010610527855294868,0.0016687998311261311,0.019425237942626745
1873,0.0010610530466497496,0.001668799836620889,0.01942523794379308
1874,0.0010610533077700123,0.0016687998421156466,0.019425237944959414
1875,0.0010610535688902753,0.0016687998476104043,0.01942523794612575
1876,0.0010610538300105381,0.0016687998531051621,0.019425237947292083
1877,0.001061054091130801,0.0016687998585999198,0.019425237948458417
1878,0.0010610543522510637,0.0016687998640946776,0.019425237949624752
1879,0.0010610546133713267,0.0016687998695894353,0.019425237950791086
1880,0.0010610548744915895,0.0016687998750841931,0.01942523795195742
1881,0.0010610551356118522,0.0016687998805789508,0.019425237953123755
1882,0.001061055396732115,0.0016687998860737087,0.01942523795429009
1883,0.001061055657852378,0.0016687998915684663,0.019425237955456424
1884,0.0010610559189726408,0.0016687998970632242,0.019425237956622758
1885,0.0010610561800929036,0.0016687999025579818,0.019425237957789093
1886,0.0010610564412131664,0.0016687999080527397,0.019425237958955427
1887,0.0010610567023334294,0.0016687999135474973,0.01942523796012176
1888,0.0010610569634536922,0.0016687999190422552,0.019425237961288096
1889,0.001061057224573955,0.0016687999245370128,0.01942523796245443
1890,0.0010610574856942177,0.0016687999300317705,0.019425237963620764
1891,0.0010610577468144807,0.0016687999355265283,0.0194252379647871
1892,0.0010610580079347435,0.001668799941021286,0.019425237965953433
1893,0.0010610582690550063,0.0016687999465160438,0.019425237967119768
1894,0.001061058530175269,0.0016687999520108015,0.019425237968286102
1895,0.0010610587912955318,0.0016687999575055593,0.019425237969452436
1896,0.0010610590524157948,0.001668799963000317,0.01942523797061877
1897,0.0010610593135360576,0.0016687999684950748,0.019425237971785105
1898,0.0010610595746563204,0.0016687999739898325,0.01942523797295144
1899,0.0010610598357765832,0.0016687999794845903,0.019425237974117774
1900,0.0010610600968968462,0.001668799984979348,0.01942523797528411
1901,0.001061060358017109,0.0016687999904741058,0.019425237976450443
1902,0.0010610606191373718,0.0016687999959688635,0.019425237977616777
1903,0.0010610608802576345,0.0016688000014636213,0.01942523797878311
1904,0.0010610611413778975,0.001668800006958379,0.019425237979949446
1905,0.0010610614024981603,0.0016688000124531368,0.01942523798111578
1906,0.001061061663618423,0.0016688000179478945,0.019425237982282115
1907,0.0010610619247386859,0.0016688000234426521,0.01942523798344845
1908,0.0010610621858589489,0.00166880002893741,0.019425237984614784
1909,0.0010610624469792117,0.0016688000344321676,0.019425237985781118
1910,0.0010610627080994744,0.0016688000399269255,0.019425237986947452
1911,0.0010610629692197372,0.0016688000454216831,0.019425237988113787
1912,0.0010610632303400002,0.001668800050916441,0.01942523798928012
1913,0.001061063491460263,0.0016688000564111986,0.019425237990446455
1914,0.0010610637525805258,0.0016688000619059565,0.01942523799161279
1915,0.0010610640137007886,0.0016688000674007141,0.019425237992779124
1916,0.0010610642748210514,0.001668800072895472,0.01942523799394546
1917,0.0010610645359413143,0.0016688000783902297,0.019425237995111793
1918,0.0010610647970615771,0.0016688000838849875,0.019425237996278127
1919,0.00106106505818184,0.0016688000893797452,0.019425237997444462
1920,0.0010610653193021027,0.001668800094874503,0.019425237998610796
1921,0.0010610655804223657,0.0016688001003692607,0.01942523799977713
1922,0.0010610658415426285,0.0016688001058640183,0.019425238000943465
1923,0.0010610661026628913,0.0016688001113587762,0.0194252380021098
1924,0.001061066363783154,0.0016688001168535338,0.019425238003276134
1925,0.001061066624903417,0.0016688001223482917,0.019425238004442468
1926,0.0010610668860236798,0.0016688001278430493,0.019425238005608803
1927,0.0010610671471439426,0.0016688001333378072,0.019425238006775137
1928,0.0010610674082642054,0.0016688001388325648,0.01942523800794147
1929,0.0010610676693844684,0.0016688001443273227,0.019425238009107806
1930,0.0010610679305047312,0.0016688001498220803,0.01942523801027414
1931,0.001061068191624994,0.0016688001553168382,0.019425238011440474
1932,0.0010610684527452567,0.0016688001608115958,0.01942523801260681
1933,0.0010610687138655197,0.0016688001663063537,0.019425238013773143
1934,0.0010610689749857825,0.0016688001718011113,0.019425238014939478
1935,0.0010610692361060453,0.0016688001772958692,0.019425238016105812
1936,0.001061069497226308,0.0016688001827906268,0.019425238017272146
1937,0.0010610697583465709,0.0016688001882853845,0.01942523801843848
1938,0.0010610700194668339,0.0016688001937801423,0.019425238019604815
1939,0.0010610702805870966,0.0016688001992749,0.01942523802077115
1940,0.0010610705417073594,0.0016688002047696578,0.019425238021937484
1941,0.0010610708028276222,0.0016688002102644155,0.01942523802310382
1942,0.0010610710639478852,0.0016688002157591733,0.019425238024270153
1943,0.001061071325068148,0.001668800221253931,0.019425238025436487
1944,0.0010610715861884108,0.0016688002267486888,0.01942523802660282
1945,0.0010610718473086735,0.0016688002322434465,0.019425238027769156
1946,0.0010610721084289365,0.0016688002377382044,0.01942523802893549
1947,0.0010610723695491993,0.001668800243232962,0.019425238030101825
1948,0.0010610726306694621,0.0016688002487277199,0.01942523803126816
1949,0.001061072891789725,0.0016688002542224775,0.019425238032434494
1950,0.0010610731529099879,0.0016688002597172354,0.019425238033600828
1951,0.0010610734140302507,0.001668800265211993,0.019425238034767162
1952,0.0010610736751505135,0.0016688002707067506,0.019425238035933497
1953,0.0010610739362707762,0.0016688002762015085,0.01942523803709983
1954,0.0010610741973910392,0.0016688002816962662,0.019425238038266165
1955,0.001061074458511302,0.001668800287191024,0.0194252380394325
1956,0.0010610747196315648,0.0016688002926857817,0.019425238040598834
1957,0.0010610749807518276,0.0016688002981805395,0.01942523804176517
1958,0.0010610752418720904,0.0016688003036752972,0.019425238042931503
1959,0.0010610755029923534,0.001668800309170055,0.019425238044097837
1960,0.0010610757641126161,0.0016688003146648127,0.019425238045264172
1961,0.001061076025232879,0.0016688003201595705,0.019425238046430506
1962,0.0010610762863531417,0.0016688003256543282,0.01942523804759684
1963,0.0010610765474734047,0.001668800331149086,0.019425238048763175
1964,0.0010610768085936675,0.0016688003366438437,0.01942523804992951
1965,0.0010610770697139303,0.0016688003421386015,0.019425238051095844
1966,0.001061077330834193,0.0016688003476333592,0.019425238052262178
1967,0.001061077591954456,0.0016688003531281168,0.019425238053428513
1968,0.0010610778530747188,0.0016688003586228747,0.019425238054594847
1969,0.0010610781141949816,0.0016688003641176323,0.01942523805576118
1970,0.0010610783753152444,0.0016688003696123902,0.019425238056927516
1971,0.0010610786364355074,0.0016688003751071478,0.01942523805809385
1972,0.0010610788975557702,0.0016688003806019057,0.019425238059260184
1973,0.001061079158676033,0.0016688003860966633,0.01942523806042652
1974,0.0010610794197962957,0.0016688003915914212,0.019425238061592853
1975,0.0010610796809165587,0.0016688003970861788,0.019425238062759188
1976,0.0010610799420368215,0.0016688004025809367,0.019425238063925522
1977,0.0010610802031570843,0.0016688004080756943,0.019425238065091856
1978,0.001061080464277347,0.0016688004135704522,0.01942523806625819
1979,0.0010610807253976099,0.0016688004190652098,0.019425238067424525
1980,0.0010610809865178729,0.0016688004245599677,0.01942523806859086
1981,0.0010610812476381357,0.0016688004300547254,0.019425238069757194
1982,0.0010610815087583984,0.001668800435549483,0.01942523807092353
1983,0.0010610817698786612,0.0016688004410442409,0.019425238072089863
1984,0.0010610820309989242,0.0016688004465389985,0.019425238073256197
1985,0.001061082292119187,0.0016688004520337564,0.01942523807442253
1986,0.0010610825532394498,0.001668800457528514,0.019425238075588866
1987,0.0010610828143597126,0.0016688004630232719,0.0194252380767552
1988,0.0010610830754799756,0.0016688004685180295,0.019425238077921535
1989,0.0010610833366002383,0.0016688004740127874,0.01942523807908787
1990,0.0010610835977205011,0.001668800479507545,0.019425238080254204
1991,0.001061083858840764,0.0016688004850023029,0.019425238081420538
1992,0.001061084119961027,0.0016688004904970605,0.019425238082586872
1993,0.0010610843810812897,0.0016688004959918184,0.019425238083753207
1994,0.0010610846422015525,0.001668800501486576,0.01942523808491954
1995,0.0010610849033218153,0.0016688005069813339,0.019425238086085875
1996,0.0010610851644420782,0.0016688005124760915,0.01942523808725221
1997,0.001061085425562341,0.0016688005179708492,0.019425238088418544
1998,0.0010610856866826038,0.001668800523465607,0.01942523808958488
1999,0.0010610859478028666,0.0016688005289603647,0.019425238090751213
