ensemble,jk_index,chi_unscaled,chi_vol_scaled,chi_scaled_gev2,chi_renorm
L48T16beta4.20ms0.035150m0.001041,0,6.24602244358504e-8,0.11052161825295306,0.7660956101769677,0.7884690469260077
L48T16beta4.20ms0.035150m0.001041,1,6.246632635639882e-8,0.11053241543050973,0.7661704522798903,0.788546074754881
L48T16beta4.20ms0.035150m0.001041,2,6.241307095618363e-8,0.11043818149098017,0.7655172569273028,0.7878738031607491
L48T16beta4.20ms0.035150m0.001041,3,6.241098458490967e-8,0.11043448971542927,0.765491666883581,0.7878474657726788
L48T16beta4.20ms0.035150m0.001041,4,6.24750887343335e-8,0.11054792021291857,0.7662779257853268,0.7886566869699566
L48T16beta4.20ms0.035150m0.001041,5,6.247451463293882e-8,0.11054690435657552,0.7662708842390911,0.7886494397789068
L48T16beta4.20ms0.035150m0.001041,6,6.2456706220519e-8,0.1105153928694342,0.7660524580854505,0.7884246345993745
L48T16beta4.20ms0.035150m0.001041,7,6.247891027390089e-8,0.11055468232017995,0.7663247982503738,0.7887049283217562
L48T16beta4.20ms0.035150m0.001041,8,6.245870720672852e-8,0.11051893355850431,0.7660770008527074,0.7884498941257977
L48T16beta4.20ms0.035150m0.001041,9,6.245691802405556e-8,0.11051576764986164,0.7660550559268935,0.7884273083094695
L48T16beta4.20ms0.035150m0.001041,10,6.24470279760718e-8,0.11049826748687572,0.7659337511699345,0.7883024609081314
L48T16beta4.20ms0.035150m0.001041,11,6.245022854815855e-8,0.1105039308095672,0.7659730072604762,0.7883428634530414
L48T16beta4.20ms0.035150m0.001041,12,6.24511306287317e-8,0.11050552701588315,0.7659840715813838,0.7883542509018728
L48T16beta4.20ms0.035150m0.001041,13,6.24502441393426e-8,0.11050395839773083,0.7659731984915801,0.7883430602689534
L48T16beta4.20ms0.035150m0.001041,14,6.244758046349181e-8,0.11049924509789578,0.7659405276135187,0.7883094352543403
L48T16beta4.20ms0.035150m0.001041,15,6.244644152177477e-8,0.11049722977241785,0.7659265581112066,0.7882950577797434
L48T16beta4.20ms0.035150m0.001041,16,6.245314407635314e-8,0.11050908975507275,0.766008767192039,0.7883796677354089
L48T16beta4.20ms0.035150m0.001041,17,6.24592534820036e-8,0.11051990017730788,0.7660837011022497,0.7884567900527559
L48T16beta4.20ms0.035150m0.001041,18,6.245951876571264e-8,0.11052036958940308,0.7660869548959525,0.7884601388718663
L48T16beta4.20ms0.035150m0.001041,19,6.246669364400616e-8,0.11053306533564687,0.7661749571856316,0.7885507112241273
L48T16beta4.20ms0.035150m0.001041,20,6.245776126553469e-8,0.1105172597420482,0.7660653985665705,0.7884379530007333
L48T16beta4.20ms0.035150m0.001041,21,6.247702352199847e-8,0.11055134376551767,0.7663016566052229,0.7886811108365049
L48T16beta4.20ms0.035150m0.001041,22,6.247196278467806e-8,0.11054238893252985,0.7662395849639434,0.7886172264241801
L48T16beta4.20ms0.035150m0.001041,23,6.242855756557106e-8,0.11046558461266616,0.7657072053877093,0.788069298970348
L48T16beta4.20ms0.035150m0.001041,24,6.247043999572657e-8,0.1105396944001183,0.7662209074465073,0.7885980034392469
L48T16beta4.20ms0.035150m0.001041,25,6.24144441796215e-8,0.11044061137140322,0.7655340999735302,0.787891138099665
L48T16beta4.20ms0.035150m0.001041,26,6.243944191088976e-8,0.11048484415694593,0.765840705535101,0.7882066979223589
L48T16beta4.20ms0.035150m0.001041,27,6.24092355347812e-8,0.11043139482020037,0.7654702141968913,0.7878253865710707
L48T16beta4.20ms0.035150m0.001041,28,6.234117412518087e-8,0.11031096206163205,0.7646354181712889,0.786966210747661
L48T16beta4.20ms0.035150m0.001041,29,6.247639556780881e-8,0.1105502326181618,0.7662939545363874,0.7886731838326252
L48T16beta4.20ms0.035150m0.001041,30,6.246017011991115e-8,0.11052152214241942,0.766094943973748,0.7884683612666583
L48T16beta4.20ms0.035150m0.001041,31,6.244624265945004e-8,0.11049687789110238,0.765924118998069,0.7882925474335342
L48T16beta4.20ms0.035150m0.001041,32,6.246074140966222e-8,0.11052253302363783,0.7661019510342316,0.788475572964817
L48T16beta4.20ms0.035150m0.001041,33,6.24462508996377e-8,0.11049689247188371,0.7659242200667354,0.7882926514538601
L48T16beta4.20ms0.035150m0.001041,34,6.244838161260523e-8,0.11050066270881981,0.7659503539762068,0.7883195485910054
L48T16beta4.20ms0.035150m0.001041,35,6.245751900219243e-8,0.11051683106384744,0.7660624271253903,0.7884348947801088
L48T16beta4.20ms0.035150m0.001041,36,6.246108699918231e-8,0.11052314453461712,0.7661061898056523,0.7884799355274237
L48T16beta4.20ms0.035150m0.001041,37,6.245138637486574e-8,0.11050597955150643,0.7659872083935291,0.7883574793230381
L48T16beta4.20ms0.035150m0.001041,38,6.245131332438887e-8,0.11050585029073304,0.7659863124049195,0.7883565571675322
L48T16beta4.20ms0.035150m0.001041,39,6.247544545880684e-8,0.11054855142688585,0.7662823011306852,0.7886611900950742
L48T16beta4.20ms0.035150m0.001041,40,6.245211724256184e-8,0.11050727280143038,0.7659961727310521,0.7883667054595273
L48T16beta4.20ms0.035150m0.001041,41,6.245334949842161e-8,0.11050945324367109,0.7660112867626347,0.7883822608887958
L48T16beta4.20ms0.035150m0.001041,42,6.245410271412997e-8,0.11051078603777698,0.7660205252060265,0.7883917691362775
L48T16beta4.20ms0.035150m0.001041,43,6.24534811767698e-8,0.11050968624482121,0.7660129018417579,0.788383923135492
L48T16beta4.20ms0.035150m0.001041,44,6.24537609532421e-8,0.11051018130145521,0.7660163333940648,0.7883874549045571
L48T16beta4.20ms0.035150m0.001041,45,6.245483836014349e-8,0.11051208774279982,0.7660295481512159,0.7884010555920403
L48T16beta4.20ms0.035150m0.001041,46,6.246641904459002e-8,0.1105325794396688,0.7661715891316554,0.7885472448078298
L48T16beta4.20ms0.035150m0.001041,47,6.246132688461965e-8,0.1105235690051817,0.7661091320810306,0.7884829637304738
L48T16beta4.20ms0.035150m0.001041,48,6.246828840439331e-8,0.11053588721949864,0.7661945174568748,0.7885708427432484
L48T16beta4.20ms0.035150m0.001041,49,6.222504529723013e-8,0.11010547535218039,0.7632110591314102,0.7855002540188473
L48T16beta4.20ms0.035150m0.001041,50,6.213308731007268e-8,0.10994275826872893,0.7620831635639778,0.784339418828994
L48T16beta4.20ms0.035150m0.001041,51,6.24790614871692e-8,0.11055494988782424,0.7663266529318465,0.788706837168268
L48T16beta4.20ms0.035150m0.001041,52,6.247509402426263e-8,0.11054792957330004,0.7662779906680824,0.7886567537475805
L48T16beta4.20ms0.035150m0.001041,53,6.224141813308149e-8,0.11013444662677997,0.7634118774567551,0.7857069371423198
L48T16beta4.20ms0.035150m0.001041,54,6.210747793675822e-8,0.10989744319971144,0.7617690560074841,0.7840161379193911
L48T16beta4.20ms0.035150m0.001041,55,6.217544688231832e-8,0.11001771234574956,0.7626027179306081,0.7848741465194302
L48T16beta4.20ms0.035150m0.001041,56,6.20771924360736e-8,0.10984385385424401,0.7613975941798,0.7836338277359718
L48T16beta4.20ms0.035150m0.001041,57,6.245050872364457e-8,0.1105044265722448,0.7659764437068205,0.7883464002590718
L48T16beta4.20ms0.035150m0.001041,58,6.247935359452512e-8,0.11055546676361155,0.7663302357265787,0.7887105245967171
L48T16beta4.20ms0.035150m0.001041,59,6.245400695722871e-8,0.11051061659862141,0.766019350715503,0.7883905603453494
L48T16beta4.20ms0.035150m0.001041,60,6.246814826932652e-8,0.11053563925442174,0.7661927986532607,0.7885690737428397
L48T16beta4.20ms0.035150m0.001041,61,6.245150556943948e-8,0.11050619046296722,0.7659886703549698,0.788358983980327
L48T16beta4.20ms0.035150m0.001041,62,6.246968750488127e-8,0.11053836288863728,0.7662116778938042,0.788588504342102
L48T16beta4.20ms0.035150m0.001041,63,6.245423518970673e-8,0.11051102044960075,0.7660221500634256,0.7883934414468192
L48T16beta4.20ms0.035150m0.001041,64,6.24518632592426e-8,0.11050682338505852,0.7659930575404218,0.7883634992913222
L48T16beta4.20ms0.035150m0.001041,65,6.245247560348589e-8,0.11050790691105139,0.7660005681480275,0.7883712292424433
L48T16beta4.20ms0.035150m0.001041,66,6.246124844156216e-8,0.11052343020238788,0.7661081699506103,0.7884819735015187
L48T16beta4.20ms0.035150m0.001041,67,6.247362887367063e-8,0.11054533703035171,0.7662600201044651,0.7886382583626966
L48T16beta4.20ms0.035150m0.001041,68,6.246714686966638e-8,0.11053386730576231,0.7661805161504264,0.7885564325356914
L48T16beta4.20ms0.035150m0.001041,69,6.237058242758556e-8,0.11036299922930468,0.7649961208677406,0.7873374475848349
L48T16beta4.20ms0.035150m0.001041,70,6.237491671682015e-8,0.11037066863274518,0.7650492823795003,0.7873921616517915
L48T16beta4.20ms0.035150m0.001041,71,6.243996934850627e-8,0.11048577744304008,0.7658471747344403,0.7882133560514092
L48T16beta4.20ms0.035150m0.001041,72,6.235372991638324e-8,0.11033317918260249,0.7647894191632694,0.7871247092611096
L48T16beta4.20ms0.035150m0.001041,73,6.241168963170793e-8,0.11043573727599751,0.7655003145191283,0.7878563659580703
L48T16beta4.20ms0.035150m0.001041,74,6.24315341642478e-8,0.11047085162067989,0.7657437143692268,0.7881068741782973
L48T16beta4.20ms0.035150m0.001041,75,6.245973375391425e-8,0.11052075000500616,0.7660895917983809,0.7884628527837031
L48T16beta4.20ms0.035150m0.001041,76,6.246247899657247e-8,0.11052560763502307,0.7661232631207037,0.7884975074600489
L48T16beta4.20ms0.035150m0.001041,77,6.246070191156785e-8,0.11052246313286579,0.7661014665768512,0.7884750743591025
L48T16beta4.20ms0.035150m0.001041,78,6.241364178957782e-8,0.11043919156468784,0.7655242583904159,0.7878810090980689
L48T16beta4.20ms0.035150m0.001041,79,6.244507527073561e-8,0.11049481222945909,0.7659098005837889,0.7882778108571709
L48T16beta4.20ms0.035150m0.001041,80,6.235482744876119e-8,0.11033512123541436,0.7648028807661433,0.7871385640033207
L48T16beta4.20ms0.035150m0.001041,81,6.247134150959381e-8,0.11054128960366398,0.7662319648165767,0.7886093837342445
L48T16beta4.20ms0.035150m0.001041,82,6.245291968271706e-8,0.11050869269681672,0.766006014928801,0.7883768350937082
L48T16beta4.20ms0.035150m0.001041,83,6.246097190589413e-8,0.1105229408802663,0.766104778147855,0.7884784826428709
L48T16beta4.20ms0.035150m0.001041,84,6.245544434334161e-8,0.11051316001310137,0.7660369807384684,0.788408705244263
L48T16beta4.20ms0.035150m0.001041,85,6.246939884444599e-8,0.11053785211207953,0.7662081373767103,0.7885848604259883
L48T16beta4.20ms0.035150m0.001041,86,6.242937053814349e-8,0.11046702314486984,0.7657171767690893,0.7880795615609031
L48T16beta4.20ms0.035150m0.001041,87,6.245127885633158e-8,0.11050578930047075,0.7659858896426316,0.7883561220586844
L48T16beta4.20ms0.035150m0.001041,88,6.245798625588589e-8,0.11051765785617493,0.7660681581487196,0.7884407931750902
L48T16beta4.20ms0.035150m0.001041,89,6.245598360923377e-8,0.1105141142289981,0.7660435950155773,0.7884155126880061
L48T16beta4.20ms0.035150m0.001041,90,6.246954232860409e-8,0.11053810600327973,0.766209897258053,0.7885866717037798
L48T16beta4.20ms0.035150m0.001041,91,6.246348475786667e-8,0.11052738730147185,0.7661355991204432,0.7885102037264525
L48T16beta4.20ms0.035150m0.001041,92,6.247618634830233e-8,0.11054986241010321,0.7662913883889403,0.7886705427421334
L48T16beta4.20ms0.035150m0.001041,93,6.244594522291465e-8,0.11049635158548124,0.7659204708391626,0.7882887927319828
L48T16beta4.20ms0.035150m0.001041,94,6.247567196388695e-8,0.11054895222128297,0.7662850792914926,0.7886640493906698
L48T16beta4.20ms0.035150m0.001041,95,6.246915011597378e-8,0.11053741199401236,0.766205086638542,0.788581720592547
L48T16beta4.20ms0.035150m0.001041,96,6.247852622274263e-8,0.11055400275240884,0.7663200877340558,0.7887000802371797
L48T16beta4.20ms0.035150m0.001041,97,6.245858758378998e-8,0.11051872188906403,0.7660755336372288,0.7884483840610295
L48T16beta4.20ms0.035150m0.001041,98,6.245674683119485e-8,0.11051546472888801,0.7660529561890161,0.7884251472498042
L48T16beta4.20ms0.035150m0.001041,99,6.246052010395336e-8,0.11052214142938256,0.766099236645457,0.7884727793036842
L48T16beta4.20ms0.035150m0.001041,100,6.246289884462771e-8,0.11052635054440109,0.7661284126979742,0.788502807428132
L48T16beta4.20ms0.035150m0.001041,101,6.245428455943245e-8,0.11051110780794805,0.7660227555996766,0.7883940646674517
L48T16beta4.20ms0.035150m0.001041,102,6.24565572965492e-8,0.11051512935263949,0.766050631482992,0.7884227546519105
L48T16beta4.20ms0.035150m0.001041,103,6.245395338754529e-8,0.11051052180856653,0.7660186936653613,0.788389884106389
L48T16beta4.20ms0.035150m0.001041,104,6.244972224326604e-8,0.11050303491723645,0.7659667972610876,0.7883364720937459
L48T16beta4.20ms0.035150m0.001041,105,6.245633593047981e-8,0.11051473765157797,0.7660479163538753,0.7884199602288143
L48T16beta4.20ms0.035150m0.001041,106,6.247534254694469e-8,0.11054836932722731,0.7662810388821656,0.7886598909832219
L48T16beta4.20ms0.035150m0.001041,107,6.245720271743014e-8,0.11051627140681654,0.7660585477866567,0.7884309021472398
L48T16beta4.20ms0.035150m0.001041,108,6.24558935673321e-8,0.11051395490237427,0.7660424906214413,0.7884143760405952
L48T16beta4.20ms0.035150m0.001041,109,6.244822950670936e-8,0.11050039356169603,0.7659484883463574,0.7883176284763752
L48T16beta4.20ms0.035150m0.001041,110,6.245163972956689e-8,0.11050642785555619,0.7659903158739476,0.7883606775558585
L48T16beta4.20ms0.035150m0.001041,111,6.245592649803053e-8,0.11051401317232307,0.7660428945275067,0.788414791742534
L48T16beta4.20ms0.035150m0.001041,112,6.243323564241657e-8,0.11047386233865814,0.765764583569869,0.7881283528534415
L48T16beta4.20ms0.035150m0.001041,113,6.242808281763936e-8,0.11046474455949395,0.7657013824450333,0.7880633059715617
L48T16beta4.20ms0.035150m0.001041,114,6.246123030114415e-8,0.11052339810342614,0.7661079474522966,0.7884817445052538
L48T16beta4.20ms0.035150m0.001041,115,6.244987936698678e-8,0.11050331294326084,0.7659687244362428,0.7883384555510816
L48T16beta4.20ms0.035150m0.001041,116,6.244505563013204e-8,0.11049477747596101,0.7659095596851961,0.7882775629232559
L48T16beta4.20ms0.035150m0.001041,117,6.246050014980562e-8,0.11052210612107685,0.7660989919011396,0.7884725274117321
L48T16beta4.20ms0.035150m0.001041,118,6.24454182877024e-8,0.11049541918837734,0.7659140078019802,0.7882821409450521
L48T16beta4.20ms0.035150m0.001041,119,6.246329448650955e-8,0.11052705062163302,0.7661332653784058,0.7885078018286533
L48T16beta4.20ms0.035150m0.001041,120,6.245890743378447e-8,0.11051928785467346,0.7660794567047313,0.788452421699744
L48T16beta4.20ms0.035150m0.001041,121,6.24586699120651e-8,0.11051886756664166,0.766076543421147,0.7884494233351788
L48T16beta4.20ms0.035150m0.001041,122,6.245580456646092e-8,0.11051379741782474,0.7660413989958934,0.7884132525346725
L48T16beta4.20ms0.035150m0.001041,123,6.24576311732467e-8,0.11051702954738718,0.7660638029410078,0.788436310775729
L48T16beta4.20ms0.035150m0.001041,124,6.247819608565846e-8,0.11055341858408226,0.7663160384919466,0.7886959127389926
L48T16beta4.20ms0.035150m0.001041,125,6.246109131910466e-8,0.11052315217859876,0.7661062427909493,0.7884799900601297
L48T16beta4.20ms0.035150m0.001041,126,6.247423683772021e-8,0.11054641280571445,0.7662674769875253,0.7886459330202737
L48T16beta4.20ms0.035150m0.001041,127,6.24503449124437e-8,0.11050413671291158,0.7659744345074777,0.7883443323820732
L48T16beta4.20ms0.035150m0.001041,128,6.245400334798924e-8,0.11051061021217322,0.7660193064469698,0.7883905147839759
L48T16beta4.20ms0.035150m0.001041,129,6.245002173271505e-8,0.11050356485543078,0.7659704705996685,0.7883402527103314
L48T16beta4.20ms0.035150m0.001041,130,6.24618215080324e-8,0.1105244442274611,0.7661151988031505,0.78848920762816
L48T16beta4.20ms0.035150m0.001041,131,6.246678392807879e-8,0.11053322509078542,0.7661760645500756,0.7885518509285927
L48T16beta4.20ms0.035150m0.001041,132,6.246357835215792e-8,0.11052755291394958,0.7661367470858294,0.78851138521759
L48T16beta4.20ms0.035150m0.001041,133,6.231185495932118e-8,0.11025908261857996,0.7642758087644699,0.7865960991290933
L48T16beta4.20ms0.035150m0.001041,134,6.217419566089524e-8,0.11001549834447562,0.7625873712800278,0.7848583516776432
L48T16beta4.20ms0.035150m0.001041,135,6.247847647783065e-8,0.11055391473017996,0.7663194775960194,0.788699452280369
L48T16beta4.20ms0.035150m0.001041,136,6.24475837326827e-8,0.11049925088263754,0.765940567711242,0.7883094765230974
L48T16beta4.20ms0.035150m0.001041,137,6.246337396334185e-8,0.11052719125366242,0.766134240188421,0.7885088051075045
L48T16beta4.20ms0.035150m0.001041,138,6.243851165268089e-8,0.11048319809109255,0.7658292956060367,0.7881949547720585
L48T16beta4.20ms0.035150m0.001041,139,6.247285900259102e-8,0.11054397476503273,0.7662505773773565,0.7886285398654949
L48T16beta4.20ms0.035150m0.001041,140,6.245684724238207e-8,0.11051564240367229,0.7660541877659186,0.7884264147942902
L48T16beta4.20ms0.035150m0.001041,141,6.246188881455152e-8,0.11052456332446212,0.7661160243401911,0.7884900572745944
L48T16beta4.20ms0.035150m0.001041,142,6.245460292622491e-8,0.11051167114907305,0.7660266604752087,0.7883980835829086
L48T16beta4.20ms0.035150m0.001041,143,6.242771756052912e-8,0.11046409824726458,0.7656969024440203,0.7880586951343738
L48T16beta4.20ms0.035150m0.001041,144,6.245747594203049e-8,0.11051675487009657,0.7660618989780559,0.7884343512084973
L48T16beta4.20ms0.035150m0.001041,145,6.244011919301062e-8,0.11048604258869489,0.7658490126275639,0.7882152476192765
L48T16beta4.20ms0.035150m0.001041,146,6.247076187845889e-8,0.1105402639626004,0.7662248554462214,0.7886020667383059
L48T16beta4.20ms0.035150m0.001041,147,6.245456816361551e-8,0.11051160963760906,0.7660262341001404,0.7883976447557709
L48T16beta4.20ms0.035150m0.001041,148,6.247807693530661e-8,0.11055320775087087,0.7663145770729024,0.7886944086399407
L48T16beta4.20ms0.035150m0.001041,149,6.246432760088805e-8,0.11052887868859858,0.7661459368729021,0.7885208433877694
L48T16beta4.20ms0.035150m0.001041,150,6.247483763739581e-8,0.11054747590391804,0.7662748459971347,0.7886535172381003
L48T16beta4.20ms0.035150m0.001041,151,6.24682935801568e-8,0.1105358963778672,0.7661945809393506,0.7885709080796979
L48T16beta4.20ms0.035150m0.001041,152,6.244912568998587e-8,0.11050197933291069,0.7659594803349431,0.7883289414804556
L48T16beta4.20ms0.035150m0.001041,153,6.231280543229977e-8,0.11026076445390234,0.7642874666344676,0.7866080974613173
L48T16beta4.20ms0.035150m0.001041,154,6.232086996050912e-8,0.110275034410762,0.7643863807788712,0.7867099003435286
L48T16beta4.20ms0.035150m0.001041,155,6.23435549148329e-8,0.11031517480225919,0.7646646193552048,0.7869962647374573
L48T16beta4.20ms0.035150m0.001041,156,6.247619565068137e-8,0.11054987887040246,0.7662915024857405,0.7886706601710732
L48T16beta4.20ms0.035150m0.001041,157,6.244011049012582e-8,0.1104860271891839,0.7658489058837618,0.7882151377580754
L48T16beta4.20ms0.035150m0.001041,158,6.241887309341152e-8,0.11044844821034508,0.7655884220872118,0.7879470466633386
L48T16beta4.20ms0.035150m0.001041,159,6.247580482000417e-8,0.1105491873064624,0.766286708816348,0.7886657265049786
L48T16beta4.20ms0.035150m0.001041,160,6.247520954742278e-8,0.11054813398829728,0.7662794075984036,0.7886582120586386
L48T16beta4.20ms0.035150m0.001041,161,6.243452974215823e-8,0.1104761522119162,0.7657804561374136,0.7881446889713333
L48T16beta4.20ms0.035150m0.001041,162,6.247543429132255e-8,0.1105485316663351,0.7662821641577433,0.7886610491219065
L48T16beta4.20ms0.035150m0.001041,163,6.242280061774509e-8,0.11045539785468264,0.7656365944909773,0.7879966259179128
L48T16beta4.20ms0.035150m0.001041,164,6.245768343831081e-8,0.1105171220289547,0.766064443989556,0.7884369705457773
L48T16beta4.20ms0.035150m0.001041,165,6.247641704386364e-8,0.11055027061943948,0.7662942179474057,0.7886734549364298
L48T16beta4.20ms0.035150m0.001041,166,6.2465094841353e-8,0.11053023629911858,0.7661553473346394,0.7885305286773059
L48T16beta4.20ms0.035150m0.001041,167,6.247594791586774e-8,0.11054944051058632,0.7662884639351282,0.7886675328811195
L48T16beta4.20ms0.035150m0.001041,168,6.245452804136162e-8,0.11051153864240423,0.766025741987234,0.7883971382709548
L48T16beta4.20ms0.035150m0.001041,169,6.245939217068721e-8,0.11052014558305023,0.7660854021654887,0.7884585407946908
L48T16beta4.20ms0.035150m0.001041,170,6.245401601434693e-8,0.11051063262493849,0.766019461804097,0.7883906746782298
L48T16beta4.20ms0.035150m0.001041,171,6.245531960725619e-8,0.11051293929609082,0.7660354508085275,0.7884071306334881
L48T16beta4.20ms0.035150m0.001041,172,6.246692283418082e-8,0.1105334708812436,0.7661777682800245,0.7885536044151172
L48T16beta4.20ms0.035150m0.001041,173,6.245694418155751e-8,0.11051581393482893,0.7660553767574316,0.788427638509702
L48T16beta4.20ms0.035150m0.001041,174,6.247241045544317e-8,0.11054318107341393,0.7662450757960858,0.788622877613312
L48T16beta4.20ms0.035150m0.001041,175,6.245440789031139e-8,0.11051132603848507,0.7660242682942883,0.7883956215395482
L48T16beta4.20ms0.035150m0.001041,176,6.245957794909718e-8,0.11052047431274489,0.7660876808000219,0.7884608859755987
L48T16beta4.20ms0.035150m0.001041,177,6.24564344331704e-8,0.11051491194933089,0.7660491245224262,0.7884212036813198
L48T16beta4.20ms0.035150m0.001041,178,6.2468199938048e-8,0.11053573068077766,0.7661934323874661,0.7885697259849336
L48T16beta4.20ms0.035150m0.001041,179,6.24620739975993e-8,0.11052489100068003,0.7661182956724072,0.7884923949399247
L48T16beta4.20ms0.035150m0.001041,180,6.245509839815472e-8,0.11051254787277962,0.766032737604675,0.7884043381918826
L48T16beta4.20ms0.035150m0.001041,181,6.245180282801367e-8,0.110506716453691,0.7659923163311223,0.7883627364353782
L48T16beta4.20ms0.035150m0.001041,182,6.244699509016574e-8,0.11049820929618576,0.7659333478132624,0.7883020457716308
L48T16beta4.20ms0.035150m0.001041,183,6.244776726635447e-8,0.11049957564033078,0.7659428188133078,0.7883117933674662
L48T16beta4.20ms0.035150m0.001041,184,6.244921694974008e-8,0.11050214081449047,0.765960599666449,0.7883300935014749
L48T16beta4.20ms0.035150m0.001041,185,6.244767599394675e-8,0.11049941413636094,0.7659416993266023,0.7883106411867147
L48T16beta4.20ms0.035150m0.001041,186,6.245058820106852e-8,0.11050456720532112,0.7659774185240925,0.7883474035453916
L48T16beta4.20ms0.035150m0.001041,187,6.244637252885932e-8,0.11049710769138575,0.7659257118899492,0.7882941868450201
L48T16beta4.20ms0.035150m0.001041,188,6.245208335800331e-8,0.11050721284365284,0.7659957571255723,0.7883662777164985
L48T16beta4.20ms0.035150m0.001041,189,6.244244383746056e-8,0.11049015598195902,0.7658775251717376,0.7882445928579536
L48T16beta4.20ms0.035150m0.001041,190,6.244585119131289e-8,0.1104961851991948,0.7659193175100163,0.7882876057204392
L48T16beta4.20ms0.035150m0.001041,191,6.24431425065033e-8,0.1104913922572674,0.7658860945819732,0.7882534125335025
L48T16beta4.20ms0.035150m0.001041,192,6.24454898510342e-8,0.1104955458176892,0.7659148855502564,0.788283044327525
L48T16beta4.20ms0.035150m0.001041,193,6.244687804309189e-8,0.11049800218466588,0.7659319121916284,0.7883005682233893
L48T16beta4.20ms0.035150m0.001041,194,6.244229799904777e-8,0.11048989792497105,0.7658757364146711,0.7882427518611371
L48T16beta4.20ms0.035150m0.001041,195,6.245965429619917e-8,0.11052060940680414,0.7660886172228447,0.7884618497461788
L48T16beta4.20ms0.035150m0.001041,196,6.245086667416527e-8,0.11050505995566857,0.7659808340900611,0.7883509188612454
L48T16beta4.20ms0.035150m0.001041,197,6.24620120594581e-8,0.11052478140287345,0.766117535980323,0.7884916130614156
L48T16beta4.20ms0.035150m0.001041,198,6.245789456360204e-8,0.11051749560924604,0.7660670335120924,0.7884396356940162
L48T16beta4.20ms0.035150m0.001041,199,6.24577370291889e-8,0.11051721685651295,0.7660651012996572,0.7884376470522894
L48T16beta4.20ms0.035150m0.001041,200,6.246188274893006e-8,0.11052455259151477,0.7661159499433086,0.7884899807049883
L48T16beta4.20ms0.035150m0.001041,201,6.245367788182507e-8,0.11051003430890877,0.7660153144952616,0.7883864062493271
L48T16beta4.20ms0.035150m0.001041,202,6.245232048931312e-8,0.11050763244086587,0.7659986656206527,0.7883692711527139
L48T16beta4.20ms0.035150m0.001041,203,6.246383403103172e-8,0.11052800533055776,0.7661398830730053,0.7885146127896933
L48T16beta4.20ms0.035150m0.001041,204,6.247184965754923e-8,0.11054218875724295,0.7662381974217503,0.7886157983595156
L48T16beta4.20ms0.035150m0.001041,205,6.246615427025378e-8,0.11053211092889449,0.7661683415855807,0.7885439024188063
L48T16beta4.20ms0.035150m0.001041,206,6.245876515472948e-8,0.11051903609586948,0.7660777116043826,0.788450625634618
L48T16beta4.20ms0.035150m0.001041,207,6.246952469186924e-8,0.11053807479557125,0.7662096809375823,0.7885864490657787
L48T16beta4.20ms0.035150m0.001041,208,6.245423193101174e-8,0.1105110146834312,0.7660221100944381,0.7883934003105576
L48T16beta4.20ms0.035150m0.001041,209,6.246274009589512e-8,0.11052606964296373,0.7661264655915034,0.7885008034573966
L48T16beta4.20ms0.035150m0.001041,210,6.24527656790768e-8,0.11050842019168738,0.7660041260224799,0.7883748910228285
L48T16beta4.20ms0.035150m0.001041,211,6.245178025437959e-8,0.11050667651027757,0.765992039457926,0.7883624514762396
L48T16beta4.20ms0.035150m0.001041,212,6.247488836853556e-8,0.11054756567124936,0.7662754682315858,0.7886541576445953
L48T16beta4.20ms0.035150m0.001041,213,6.24230765442969e-8,0.11045588609899012,0.7656399788227178,0.7880001090873585
L48T16beta4.20ms0.035150m0.001041,214,6.246004333122148e-8,0.11052129779338313,0.7660933888679274,0.7884667607447549
L48T16beta4.20ms0.035150m0.001041,215,6.245370721991403e-8,0.11051008622183572,0.7660156743367668,0.7883867765998224
L48T16beta4.20ms0.035150m0.001041,216,6.245485173038566e-8,0.11051211140106898,0.7660297121417223,0.7884012243718069
L48T16beta4.20ms0.035150m0.001041,217,6.245014679737599e-8,0.11050378615384648,0.7659720045596982,0.7883418314688917
L48T16beta4.20ms0.035150m0.001041,218,6.245872903244468e-8,0.11051897217849796,0.7660772685524394,0.7884501696435657
L48T16beta4.20ms0.035150m0.001041,219,6.245372107810563e-8,0.11051011074351771,0.7660158443121365,0.7883869515392372
L48T16beta4.20ms0.035150m0.001041,220,6.2455791020369e-8,0.11051377344839436,0.7660412328485308,0.7884130815350597
L48T16beta4.20ms0.035150m0.001041,221,6.24487467672698e-8,0.11050130883977442,0.7659548327206892,0.7883241581349665
L48T16beta4.20ms0.035150m0.001041,222,6.24632703025193e-8,0.11052700782873942,0.7661329687536508,0.7885074965411217
L48T16beta4.20ms0.035150m0.001041,223,6.24500692442146e-8,0.11050364892569889,0.7659710533441519,0.7883408524735742
L48T16beta4.20ms0.035150m0.001041,224,6.245253102888563e-8,0.1105080049847443,0.7660012479591524,0.7883719289071099
L48T16beta4.20ms0.035150m0.001041,225,6.245645090605561e-8,0.11051494109764004,0.7660493265678906,0.7884214116274203
L48T16beta4.20ms0.035150m0.001041,226,6.246041824804632e-8,0.11052196119820701,0.766097987348581,0.7884714935217216
L48T16beta4.20ms0.035150m0.001041,227,6.24666587475718e-8,0.11053300358738337,0.7661745291691552,0.7885502707076452
L48T16beta4.20ms0.035150m0.001041,228,6.245073138223117e-8,0.11050482056037936,0.7659791746890944,0.7883492109983086
L48T16beta4.20ms0.035150m0.001041,229,6.245239488628258e-8,0.11050776408422022,0.7659995781244456,0.788370210305721
L48T16beta4.20ms0.035150m0.001041,230,6.245759817344965e-8,0.1105169711551703,0.7660633981874246,0.788435894201521
L48T16beta4.20ms0.035150m0.001041,231,6.245390490394827e-8,0.11051043601819915,0.7660180989977763,0.7883892720718364
L48T16beta4.20ms0.035150m0.001041,232,6.245107527611052e-8,0.11050542907096983,0.7659833926629125,0.7883535521559293
L48T16beta4.20ms0.035150m0.001041,233,6.245224595604611e-8,0.11050750055633682,0.7659977514451243,0.7883683302791493
L48T16beta4.20ms0.035150m0.001041,234,6.24558093570924e-8,0.11051380589471299,0.7660414577545959,0.7884133130093933
L48T16beta4.20ms0.035150m0.001041,235,6.246163596024556e-8,0.11052411590584764,0.7661129229972876,0.7884868653585322
L48T16beta4.20ms0.035150m0.001041,236,6.245170906510484e-8,0.11050655054284919,0.765991166297585,0.7883615528156902
L48T16beta4.20ms0.035150m0.001041,237,6.246934651699748e-8,0.11053775952012457,0.7662074955629966,0.788584199868428
L48T16beta4.20ms0.035150m0.001041,238,6.241624690820004e-8,0.11044380124914654,0.765556211044421,0.7879138949132536
L48T16beta4.20ms0.035150m0.001041,239,6.246732795079808e-8,0.11053418772375458,0.7661827371712653,0.7885587184203261
L48T16beta4.20ms0.035150m0.001041,240,6.24641210497741e-8,0.11052851320218587,0.7661434034541849,0.7885182359818335
L48T16beta4.20ms0.035150m0.001041,241,6.245740955019821e-8,0.11051663739160833,0.7660610846599564,0.7884335131086474
L48T16beta4.20ms0.035150m0.001041,242,6.24504252565326e-8,0.11050427887952724,0.7659754199546862,0.7883453466087715
L48T16beta4.20ms0.035150m0.001041,243,6.244547268286665e-8,0.11049551543909741,0.765914674976921,0.7882828276045013
L48T16beta4.20ms0.035150m0.001041,244,6.24494593686212e-8,0.1105025697679129,0.7659635730153656,0.7883331536855501
L48T16beta4.20ms0.035150m0.001041,245,6.244829473011136e-8,0.11050050897267961,0.7659492883332677,0.7883184518265005
L48T16beta4.20ms0.035150m0.001041,246,6.245972046466547e-8,0.11052072649005254,0.7660894288012857,0.7884626850263597
L48T16beta4.20ms0.035150m0.001041,247,6.245271386591397e-8,0.11050832850974654,0.766003490516653,0.7883742369573737
L48T16beta4.20ms0.035150m0.001041,248,6.246294207519945e-8,0.11052642703968732,0.7661289429354418,0.7885033531509179
L48T16beta4.20ms0.035150m0.001041,249,6.246212342177875e-8,0.11052497845538169,0.7661189018765515,0.7884930188479561
L48T16beta4.20ms0.035150m0.001041,250,6.246037310910988e-8,0.11052188132612288,0.7660974337043801,0.7884709237086205
L48T16beta4.20ms0.035150m0.001041,251,6.242300804087628e-8,0.11045576488410544,0.7656391386052787,0.7879992443317919
L48T16beta4.20ms0.035150m0.001041,252,6.246830600481586e-8,0.11053591836295353,0.7661947333319629,0.7885710649228597
L48T16beta4.20ms0.035150m0.001041,253,6.246357906240839e-8,0.11052755417071788,0.7661367557972897,0.7885113941834642
L48T16beta4.20ms0.035150m0.001041,254,6.244544292786204e-8,0.11049546278844989,0.7659143100218055,0.7882824519910554
L48T16beta4.20ms0.035150m0.001041,255,6.247890985242397e-8,0.11055468157438834,0.7663247930808179,0.788704923001226
L48T16beta4.20ms0.035150m0.001041,256,6.239403247324025e-8,0.11040449342848938,0.7652837435459614,0.7876334701386238
L48T16beta4.20ms0.035150m0.001041,257,6.247324399685673e-8,0.11054465600160607,0.7662552994612037,0.7886333998554245
L48T16beta4.20ms0.035150m0.001041,258,6.245203671592507e-8,0.11050713031180136,0.7659951850448327,0.7883656889284287
L48T16beta4.20ms0.035150m0.001041,259,6.246828326268511e-8,0.11053587812138994,0.7661944543920984,0.7885707778366969
L48T16beta4.20ms0.035150m0.001041,260,6.245710046514111e-8,0.11051609047425417,0.7660572936280228,0.7884296113615341
L48T16beta4.20ms0.035150m0.001041,261,6.245760759764558e-8,0.11051698783102112,0.7660635137783499,0.7884360131682212
L48T16beta4.20ms0.035150m0.001041,262,6.245050729094329e-8,0.11050442403712,0.7659764261342585,0.788346382173312
L48T16beta4.20ms0.035150m0.001041,263,6.247182247655322e-8,0.11054214066123158,0.7662378640377142,0.7886154552391665
L48T16beta4.20ms0.035150m0.001041,264,6.246027607750239e-8,0.11052170963141031,0.766096243579157,0.7884696988263892
L48T16beta4.20ms0.035150m0.001041,265,6.245294783128685e-8,0.11050874250492279,0.7660063601804543,0.7883771904282623
L48T16beta4.20ms0.035150m0.001041,266,6.245670697951706e-8,0.11051539421246001,0.7660524673948165,0.7884246441806159
L48T16beta4.20ms0.035150m0.001041,267,6.24731803965706e-8,0.11054454346268058,0.7662545193823544,0.788632596994765
L48T16beta4.20ms0.035150m0.001041,268,6.245770247522754e-8,0.11051715571424582,0.7660646774837271,0.7884372108590282
L48T16beta4.20ms0.035150m0.001041,269,6.245236208740557e-8,0.1105077060475257,0.7659991758352139,0.7883697962678347
L48T16beta4.20ms0.035150m0.001041,270,6.247119477884726e-8,0.11054102996771642,0.7662301651147372,0.7886075314730184
L48T16beta4.20ms0.035150m0.001041,271,6.245624852853822e-8,0.11051458299628958,0.7660468443397355,0.788418856907041
L48T16beta4.20ms0.035150m0.001041,272,6.244968990547903e-8,0.11050297769642779,0.7659664006272795,0.7883360638764471
L48T16beta4.20ms0.035150m0.001041,273,6.245074707230876e-8,0.11050484832353233,0.7659793671331606,0.7883494090626069
L48T16beta4.20ms0.035150m0.001041,274,6.245144719292445e-8,0.11050608716735841,0.7659879543474256,0.7883582470621429
L48T16beta4.20ms0.035150m0.001041,275,6.245581523321141e-8,0.11051381629234107,0.7660415298271673,0.788413387186808
L48T16beta4.20ms0.035150m0.001041,276,6.245933248427616e-8,0.11052003996961711,0.7660846700916305,0.7884577873409839
L48T16beta4.20ms0.035150m0.001041,277,6.245084402303869e-8,0.11050501987513431,0.7659805562663933,0.7883506329238771
L48T16beta4.20ms0.035150m0.001041,278,6.24656812252925e-8,0.11053127388908078,0.7661625395304086,0.7885379309175329
L48T16beta4.20ms0.035150m0.001041,279,6.247736209189415e-8,0.11055194285546813,0.7663058092785949,0.7886853847866129
L48T16beta4.20ms0.035150m0.001041,280,6.246338163094677e-8,0.11052720482127465,0.7661343342341682,0.7885089018998105
L48T16beta4.20ms0.035150m0.001041,281,6.246492790953823e-8,0.11052994091794643,0.7661532998599201,0.7885284214071178
L48T16beta4.20ms0.035150m0.001041,282,6.246620098210382e-8,0.11053219358420521,0.7661689145220949,0.7885444920876431
L48T16beta4.20ms0.035150m0.001041,283,6.244712990619322e-8,0.11049844784937152,0.7659350013770746,0.7883037476269419
L48T16beta4.20ms0.035150m0.001041,284,6.247100069631336e-8,0.11054068654410701,0.7662277846273379,0.7886050814646827
L48T16beta4.20ms0.035150m0.001041,285,6.246643622136025e-8,0.11053260983348276,0.7661717998105055,0.7885474616394498
L48T16beta4.20ms0.035150m0.001041,286,6.245779969373867e-8,0.11051732773967915,0.7660658699013863,0.7884384381006451
L48T16beta4.20ms0.035150m0.001041,287,6.246595380259907e-8,0.11053175620699257,0.7661658827825323,0.7885413718076524
L48T16beta4.20ms0.035150m0.001041,288,6.245823456966443e-8,0.11051809724045325,0.7660712038005308,0.7884439277736298
L48T16beta4.20ms0.035150m0.001041,289,6.240638712185523e-8,0.11042635463328342,0.7654352774566174,0.7877894295208795
L48T16beta4.20ms0.035150m0.001041,290,6.245645936530483e-8,0.11051495606604467,0.7660494303234207,0.7884215184130784
L48T16beta4.20ms0.035150m0.001041,291,6.245184805044236e-8,0.11050679647351234,0.7659928709993838,0.7883633073024472
L48T16beta4.20ms0.035150m0.001041,292,6.245338197510498e-8,0.11050951071025296,0.7660116851000534,0.7883826708594583
L48T16beta4.20ms0.035150m0.001041,293,6.246264135584949e-8,0.11052589492521771,0.7661252545117132,0.7884995570086306
L48T16beta4.20ms0.035150m0.001041,294,6.246014127837555e-8,0.11052147110812974,0.7660945902226367,0.7884679971844238
L48T16beta4.20ms0.035150m0.001041,295,6.245384755788185e-8,0.11051033454594031,0.76601739562903,0.7883885481615599
L48T16beta4.20ms0.035150m0.001041,296,6.246173505246134e-8,0.11052429124674887,0.7661141383965627,0.7884881162529315
L48T16beta4.20ms0.035150m0.001041,297,6.246294605527291e-8,0.11052643408231586,0.7661289917523781,0.7885034033935284
L48T16beta4.20ms0.035150m0.001041,298,6.245810637066035e-8,0.1105178703959051,0.7660696313967309,0.7884423094485682
L48T16beta4.20ms0.035150m0.001041,299,6.245459624898658e-8,0.11051165933388679,0.7660265785766402,0.7883979992925336
L48T16beta4.20ms0.035150m0.001041,300,6.245286439939334e-8,0.11050859487452333,0.7660053368602863,0.7883761372225436
L48T16beta4.20ms0.035150m0.001041,301,6.245870001802141e-8,0.11051892083828838,0.7660769126808026,0.7884498033788768
L48T16beta4.20ms0.035150m0.001041,302,6.245280324768179e-8,0.11050848666828199,0.7660045868140256,0.7883753652715594
L48T16beta4.20ms0.035150m0.001041,303,6.246695735869985e-8,0.11053353197141333,0.7661781917348346,0.788554040236712
L48T16beta4.20ms0.035150m0.001041,304,6.245760045326032e-8,0.11051697518923145,0.7660634261500675,0.7884359229807989
L48T16beta4.20ms0.035150m0.001041,305,6.246360521696711e-8,0.11052760045047723,0.7661370765917281,0.7885117243465428
L48T16beta4.20ms0.035150m0.001041,306,6.240165209034622e-8,0.11041797612760909,0.7653772007063996,0.7877296566683992
L48T16beta4.20ms0.035150m0.001041,307,6.24727855707327e-8,0.11054384482941554,0.7662496767109753,0.7886276128956053
L48T16beta4.20ms0.035150m0.001041,308,6.232595273706058e-8,0.11028402824155206,0.7644487227387144,0.7867740629689348
L48T16beta4.20ms0.035150m0.001041,309,6.247468078289189e-8,0.11054719835426528,0.7662729221240142,0.7886515371792335
L48T16beta4.20ms0.035150m0.001041,310,6.239843041798614e-8,0.11041227546857477,0.7653376858139257,0.7876889877633769
L48T16beta4.20ms0.035150m0.001041,311,6.246869408208128e-8,0.11053660505480853,0.7661994932298359,0.7885759638311547
L48T16beta4.20ms0.035150m0.001041,312,6.242115680845664e-8,0.11045248918017339,0.7656164326185022,0.7879758752280988
L48T16beta4.20ms0.035150m0.001041,313,6.24401048312716e-8,0.11048601717599982,0.765848836476016,0.7882150663233113
L48T16beta4.20ms0.035150m0.001041,314,6.245832804342798e-8,0.11051826263966058,0.7660723502876043,0.7884451077432812
L48T16beta4.20ms0.035150m0.001041,315,6.247901777614142e-8,0.11055487254238451,0.7663261168014244,0.7887062853804266
L48T16beta4.20ms0.035150m0.001041,316,6.247852123313401e-8,0.1105539939234361,0.766320026534832,0.7887000172506634
L48T16beta4.20ms0.035150m0.001041,317,6.246182891395877e-8,0.11052445733204046,0.7661152896393224,0.7884893011171565
L48T16beta4.20ms0.035150m0.001041,318,6.246413378129499e-8,0.1105285357302556,0.7661435596105604,0.7885183966986774
L48T16beta4.20ms0.035150m0.001041,319,6.247852882900975e-8,0.11055400736412554,0.7663201197007965,0.788700113137493
L48T16beta4.20ms0.035150m0.001041,320,6.246486766560544e-8,0.1105298343179942,0.7661525609478704,0.7885276609155135
L48T16beta4.20ms0.035150m0.001041,321,6.246167742977333e-8,0.11052418928501588,0.7661134316349602,0.788487388850712
L48T16beta4.20ms0.035150m0.001041,322,6.247763400805773e-8,0.11055242400350593,0.7663091444215779,0.7886888173307683
L48T16beta4.20ms0.035150m0.001041,323,6.247868608790615e-8,0.11055428562933947,0.7663220485339265,0.7887020983012238
L48T16beta4.20ms0.035150m0.001041,324,6.247853337487771e-8,0.11055401540791161,0.7663201754573924,0.7887001705224322
L48T16beta4.20ms0.035150m0.001041,325,6.24047834235761e-8,0.11042351693408205,0.7654156075591301,0.787769185173935
L48T16beta4.20ms0.035150m0.001041,326,6.243856627830925e-8,0.11048329474961244,0.7658299656076973,0.7881956443407804
L48T16beta4.20ms0.035150m0.001041,327,6.234738204227484e-8,0.11032194679710813,0.7647115603574081,0.7870445766280064
L48T16beta4.20ms0.035150m0.001041,328,6.247270933531296e-8,0.11054370993297488,0.7662487416579729,0.7886266505348505
L48T16beta4.20ms0.035150m0.001041,329,6.247013023747966e-8,0.1105391462915736,0.7662171081576747,0.7885940931940961
L48T16beta4.20ms0.035150m0.001041,330,6.247450582346964e-8,0.11054688876846647,0.7662707761879957,0.7886493285722335
L48T16beta4.20ms0.035150m0.001041,331,6.246425576579801e-8,0.11052875157841813,0.7661450557914197,0.7885199365747457
L48T16beta4.20ms0.035150m0.001041,332,6.24552044068644e-8,0.11051273545222316,0.7660340378370687,0.788405676396909
L48T16beta4.20ms0.035150m0.001041,333,6.24570782094328e-8,0.11051605109340146,0.7660570206542928,0.7884293304157437
L48T16beta4.20ms0.035150m0.001041,334,6.243939663947356e-8,0.11048476405044255,0.7658401502659912,0.7882061264368941
L48T16beta4.20ms0.035150m0.001041,335,6.239066828965494e-8,0.11039854059983231,0.7652424807054928,0.7875910022376653
L48T16beta4.20ms0.035150m0.001041,336,6.246673863069192e-8,0.1105331449383277,0.7661755089624268,0.7885512791152862
L48T16beta4.20ms0.035150m0.001041,337,6.23675451833274e-8,0.1103576249106327,0.7649588680478184,0.7872991068150548
L48T16beta4.20ms0.035150m0.001041,338,6.238822997591992e-8,0.11039422607195096,0.7652125739693977,0.7875602220903934
L48T16beta4.20ms0.035150m0.001041,339,6.246312166853588e-8,0.11052674482506752,0.7661311457079726,0.7885056202543119
L48T16beta4.20ms0.035150m0.001041,340,6.247872848864553e-8,0.11055436065626059,0.7663225685932218,0.7887026335485892
L48T16beta4.20ms0.035150m0.001041,341,6.238844388441551e-8,0.11039460457704448,0.7652151976288696,0.7875629223725199
L48T16beta4.20ms0.035150m0.001041,342,6.247762355147834e-8,0.1105524055008815,0.7663090161681233,0.7886886853317361
L48T16beta4.20ms0.035150m0.001041,343,6.243853524872302e-8,0.11048323984362843,0.7658295850194108,0.7881952526376045
L48T16beta4.20ms0.035150m0.001041,344,6.247085794262918e-8,0.11054043394545994,0.7662260337055028,0.7886032794080566
L48T16beta4.20ms0.035150m0.001041,345,6.245204768084026e-8,0.11050714971391178,0.7659953195331967,0.7883658273444577
L48T16beta4.20ms0.035150m0.001041,346,6.24553435266486e-8,0.11051298162078595,0.7660357441879011,0.7884074325808587
L48T16beta4.20ms0.035150m0.001041,347,6.24660659592614e-8,0.11053195466506618,0.7661672584216279,0.7885427876215955
L48T16beta4.20ms0.035150m0.001041,348,6.245011000884441e-8,0.11050372105756993,0.7659715533360145,0.7883413670674475
L48T16beta4.20ms0.035150m0.001041,349,6.245666545373402e-8,0.11051532073374964,0.7660519580671542,0.7884241199782955
L48T16beta4.20ms0.035150m0.001041,350,6.246651463395462e-8,0.11053274858237294,0.7661727615672855,0.7885484514838524
L48T16beta4.20ms0.035150m0.001041,351,6.247775202350962e-8,0.11055263282854362,0.7663105919206935,0.7886903071033671
L48T16beta4.20ms0.035150m0.001041,352,6.246481732692623e-8,0.1105297452451108,0.7661519435270797,0.7885270254632594
L48T16beta4.20ms0.035150m0.001041,353,6.247739913302335e-8,0.1105520083987091,0.7663062636004729,0.7886858523767327
L48T16beta4.20ms0.035150m0.001041,354,6.247170427299998e-8,0.11054193150335381,0.7662364142314724,0.788613963092063
L48T16beta4.20ms0.035150m0.001041,355,6.239935157812392e-8,0.11041390543564608,0.7653489841520953,0.7877006160638268
L48T16beta4.20ms0.035150m0.001041,356,6.228056555071026e-8,0.11020371688614639,0.7638920336692255,0.7862011160753315
L48T16beta4.20ms0.035150m0.001041,357,6.247624262971483e-8,0.11054996199848675,0.7662920786993488,0.7886712532127099
L48T16beta4.20ms0.035150m0.001041,358,6.246298861974598e-8,0.11052650939895917,0.7661295138199222,0.7885039407077924
L48T16beta4.20ms0.035150m0.001041,359,6.247800924526452e-8,0.1105530879752367,0.7663137468318238,0.7886935541520892
L48T16beta4.20ms0.035150m0.001041,360,6.24706292298694e-8,0.11054002924463546,0.7662232284667633,0.7886003922437315
L48T16beta4.20ms0.035150m0.001041,361,6.247300041775446e-8,0.11054422499520482,0.7662523118817857,0.788630325025253
L48T16beta4.20ms0.035150m0.001041,362,6.245750397499341e-8,0.11051680447363954,0.7660622428117522,0.7884347050836835
L48T16beta4.20ms0.035150m0.001041,363,6.243425214243217e-8,0.11047566100697373,0.7657770512836296,0.788141184680508
L48T16beta4.20ms0.035150m0.001041,364,6.234516975150825e-8,0.1103180322105408,0.7646844258688591,0.7870166496903751
L48T16beta4.20ms0.035150m0.001041,365,6.247791715188886e-8,0.1105529250185871,0.766312617275671,0.7886923916078175
L48T16beta4.20ms0.035150m0.001041,366,6.24778429686922e-8,0.11055279375349773,0.766311707393873,0.7886914551533794
L48T16beta4.20ms0.035150m0.001041,367,6.213776307586894e-8,0.10995103190538397,0.7621405134003431,0.7843984435384684
L48T16beta4.20ms0.035150m0.001041,368,6.247890530290635e-8,0.1105546735241443,0.7663247372794578,0.7887048655702152
L48T16beta4.20ms0.035150m0.001041,369,6.247854477562651e-8,0.11055403558121739,0.7663203152914017,0.7887003144402234
L48T16beta4.20ms0.035150m0.001041,370,6.24759119385322e-8,0.11054937684969846,0.7662880226610361,0.7886670787198397
L48T16beta4.20ms0.035150m0.001041,371,6.246912894919451e-8,0.1105373745399891,0.7662048270208921,0.7885814533928943
L48T16beta4.20ms0.035150m0.001041,372,6.247558204354774e-8,0.11054879310976051,0.766283976388361,0.7886629142778073
L48T16beta4.20ms0.035150m0.001041,373,6.246622625424755e-8,0.11053223830255593,0.7661692244934174,0.7885448111115221
L48T16beta4.20ms0.035150m0.001041,374,6.247282226411802e-8,0.11054390975733344,0.7662501267676582,0.7886280760959672
L48T16beta4.20ms0.035150m0.001041,375,6.237502201551124e-8,0.11037085495583071,0.7650505739032778,0.7873934908938709
L48T16beta4.20ms0.035150m0.001041,376,6.247730358836706e-8,0.11055183933511503,0.7663050917132053,0.7886846462650872
L48T16beta4.20ms0.035150m0.001041,377,6.247916714642559e-8,0.11055513684891999,0.7663279488780785,0.7887081709619574
L48T16beta4.20ms0.035150m0.001041,378,6.246086616104411e-8,0.11052275376771503,0.7661034811517886,0.7884771477686872
L48T16beta4.20ms0.035150m0.001041,379,6.247827608372381e-8,0.11055356013841894,0.76631701969506,0.7886969225976491
L48T16beta4.20ms0.035150m0.001041,380,6.243011154381187e-8,0.11046833433365189,0.7657262654522439,0.7880889156744751
L48T16beta4.20ms0.035150m0.001041,381,6.243122461553006e-8,0.1104703038828912,0.7657399176503399,0.7881029665781459
L48T16beta4.20ms0.035150m0.001041,382,6.218013713725932e-8,0.11002601162054051,0.7626602454811952,0.7849333541331808
L48T16beta4.20ms0.035150m0.001041,383,6.212272715283574e-8,0.10992442626058255,0.7619560927592913,0.7842086369854065
L48T16beta4.20ms0.035150m0.001041,384,6.220807636747728e-8,0.11007544930611277,0.7630029295143544,0.785286046081069
L48T16beta4.20ms0.035150m0.001041,385,6.243255009846678e-8,0.11047264928783421,0.7657561751433022,0.7881196988630085
L48T16beta4.20ms0.035150m0.001041,386,6.247511590140587e-8,0.11054796828429245,0.7662782589985849,0.7886570299145402
L48T16beta4.20ms0.035150m0.001041,387,6.247312388249541e-8,0.11054444346260692,0.7662538262182599,0.7886318835871619
L48T16beta4.20ms0.035150m0.001041,388,6.246485498958502e-8,0.11052981188813098,0.7661524054722267,0.7885275008992819
L48T16beta4.20ms0.035150m0.001041,389,6.246181601126344e-8,0.11052443450108233,0.7661151313834349,0.7884891382394855
L48T16beta4.20ms0.035150m0.001041,390,6.246467276904006e-8,0.11052948945397885,0.7661501704761018,0.7885252006312199
L48T16beta4.20ms0.035150m0.001041,391,6.246985538017619e-8,0.11053865993927112,0.766213736940624,0.788590623522348
L48T16beta4.20ms0.035150m0.001041,392,6.246761275767952e-8,0.11053469168155669,0.7661862304232282,0.7885623136909546
L48T16beta4.20ms0.035150m0.001041,393,6.24618157602052e-8,0.11052443405684181,0.7661151283041213,0.7884891350702421
L48T16beta4.20ms0.035150m0.001041,394,6.247558878784281e-8,0.11054880504360179,0.766284059109403,0.7886629994146758
L48T16beta4.20ms0.035150m0.001041,395,6.240812720007529e-8,0.11042943365297163,0.7654566200998404,0.7878113954652568
L48T16beta4.20ms0.035150m0.001041,396,6.24749372233669e-8,0.11054765211850547,0.7662760674524844,0.7886547743654387
L48T16beta4.20ms0.035150m0.001041,397,6.247623885639248e-8,0.1105499553216985,0.7662920324182841,0.7886712055800301
L48T16beta4.20ms0.035150m0.001041,398,6.24749917865917e-8,0.11054774866660398,0.7662767366887444,0.7886554631464069
L48T16beta4.20ms0.035150m0.001041,399,6.231544211239294e-8,0.11026542998550015,0.7643198064005036,0.786641381693945
L48T16beta4.20ms0.035150m0.001041,400,6.24376237673276e-8,0.1104816270028207,0.7658184053942638,0.7881837465171314
L48T16beta4.20ms0.035150m0.001041,401,6.247799632996068e-8,0.11055306512196818,0.7663135884212886,0.788693391115254
L48T16beta4.20ms0.035150m0.001041,402,6.247878628274484e-8,0.11055446292130108,0.7663232774572417,0.7887033631146261
L48T16beta4.20ms0.035150m0.001041,403,6.242127550155099e-8,0.11045269920428044,0.7656178884291297,0.7879773735549429
L48T16beta4.20ms0.035150m0.001041,404,6.244487477301367e-8,0.11049445745435404,0.7659073414119556,0.7882752798664618
L48T16beta4.20ms0.035150m0.001041,405,6.24504310534516e-8,0.1105042891370131,0.7659754910558427,0.7883454197864016
L48T16beta4.20ms0.035150m0.001041,406,6.247307354901381e-8,0.11054435439892056,0.7662532088612195,0.7886312482005198
L48T16beta4.20ms0.035150m0.001041,407,6.24586688505019e-8,0.1105188656882353,0.766076530400718,0.7884494099344947
L48T16beta4.20ms0.035150m0.001041,408,6.245263471520906e-8,0.11050818845479041,0.7660025197066994,0.788373237795404
L48T16beta4.20ms0.035150m0.001041,409,6.244524052480036e-8,0.11049510464189954,0.7659118274803411,0.7882798969482169
L48T16beta4.20ms0.035150m0.001041,410,6.245284904309904e-8,0.11050856770199055,0.7660051485101841,0.7883759433717715
L48T16beta4.20ms0.035150m0.001041,411,6.245922769386868e-8,0.11051985454592521,0.7660833848021221,0.7884564645152423
L48T16beta4.20ms0.035150m0.001041,412,6.246708679189774e-8,0.11053376099983288,0.7661797792764359,0.7885556741416668
L48T16beta4.20ms0.035150m0.001041,413,6.246595900394612e-8,0.11053176541063056,0.766165946578799,0.788541437467057
L48T16beta4.20ms0.035150m0.001041,414,6.247066642481236e-8,0.11054009506004558,0.766223684675219,0.7886008617755255
L48T16beta4.20ms0.035150m0.001041,415,6.241459464005497e-8,0.11044087760692735,0.765535945421231,0.7878930374427373
L48T16beta4.20ms0.035150m0.001041,416,6.243378587682455e-8,0.1104748359630365,0.7657713323795047,0.7881352987586662
L48T16beta4.20ms0.035150m0.001041,417,6.243321498229958e-8,0.11047382578115961,0.765764330166602,0.7881280920496596
L48T16beta4.20ms0.035150m0.001041,418,6.246828662507091e-8,0.11053588407103747,0.7661944956328884,0.7885708202819034
L48T16beta4.20ms0.035150m0.001041,419,6.247416334602388e-8,0.11054628276421558,0.7662665755872109,0.7886450052950168
L48T16beta4.20ms0.035150m0.001041,420,6.244989485455541e-8,0.11050334034807988,0.7659689143964685,0.7883386510590001
L48T16beta4.20ms0.035150m0.001041,421,6.246133572966739e-8,0.11052358465624601,0.7661092405685089,0.7884830753862743
L48T16beta4.20ms0.035150m0.001041,422,6.246660022757192e-8,0.11053290003788215,0.7661738114017214,0.7885495319781747
L48T16beta4.20ms0.035150m0.001041,423,6.247122932663397e-8,0.11054109109905766,0.7662305888549331,0.7886079675883336
L48T16beta4.20ms0.035150m0.001041,424,6.246946918344323e-8,0.11053797657496567,0.7662090001081124,0.7885857483530267
L48T16beta4.20ms0.035150m0.001041,425,6.245616690686996e-8,0.110514438569033,0.7660458432225875,0.7884178265527706
L48T16beta4.20ms0.035150m0.001041,426,6.246317204918473e-8,0.110526833972215,0.7661317636435351,0.7885062562363716
L48T16beta4.20ms0.035150m0.001041,427,6.246855871855236e-8,0.11053636553283427,0.7661978329507347,0.7885742550644379
L48T16beta4.20ms0.035150m0.001041,428,6.247639767850809e-8,0.11055023635298505,0.7662939804248222,0.7886732104771188
L48T16beta4.20ms0.035150m0.001041,429,6.2463814604708e-8,0.11052797095622188,0.7661396448026266,0.7885143675607481
L48T16beta4.20ms0.035150m0.001041,430,6.246873599368645e-8,0.11053667921622035,0.7662000072897361,0.7885764929039155
L48T16beta4.20ms0.035150m0.001041,431,6.247306791855076e-8,0.11054434443597384,0.766253139801701,0.7886311771241528
L48T16beta4.20ms0.035150m0.001041,432,6.244512001152019e-8,0.11049489139702465,0.7659103493445237,0.7882783756441868
L48T16beta4.20ms0.035150m0.001041,433,6.232284829507642e-8,0.11027853501838547,0.7644106457161357,0.7867348739260743
L48T16beta4.20ms0.035150m0.001041,434,6.24197594248816e-8,0.11045001654906408,0.7655992932400858,0.7879582353027612
L48T16beta4.20ms0.035150m0.001041,435,6.221305824975757e-8,0.11008426460731502,0.7630640339721084,0.7853489350637601
L48T16beta4.20ms0.035150m0.001041,436,6.228359975407535e-8,0.11020908582404321,0.7639292491915739,0.7862394184582808
L48T16beta4.20ms0.035150m0.001041,437,6.22941570817103e-8,0.11022776671968809,0.7640587383573493,0.7863726892899758
L48T16beta4.20ms0.035150m0.001041,438,6.247541615158439e-8,0.11054849956857633,0.7662819416677683,0.7886608201342238
L48T16beta4.20ms0.035150m0.001041,439,6.247863324157542e-8,0.11055419211923694,0.7663214003559484,0.7887014311935342
L48T16beta4.20ms0.035150m0.001041,440,6.247254138724913e-8,0.11054341275357848,0.7662466817186178,0.7886245304360032
L48T16beta4.20ms0.035150m0.001041,441,6.246914558174649e-8,0.11053740397082412,0.7662050310247228,0.7885816633545543
L48T16beta4.20ms0.035150m0.001041,442,6.247888588156033e-8,0.11055463915861632,0.7663244990701323,0.7887046204041064
L48T16beta4.20ms0.035150m0.001041,443,6.247112129720289e-8,0.11054089994400419,0.7662292638377135,0.7886066038746529
L48T16beta4.20ms0.035150m0.001041,444,6.247885240007651e-8,0.11055457991406818,0.7663240884084992,0.7887041977493069
L48T16beta4.20ms0.035150m0.001041,445,6.242271100286682e-8,0.11045523928366477,0.7656354953344267,0.7879954946610482
L48T16beta4.20ms0.035150m0.001041,446,6.244131607890163e-8,0.11048816044476623,0.7658636928346119,0.7882303565543833
L48T16beta4.20ms0.035150m0.001041,447,6.247760894442037e-8,0.11055237965410139,0.7663088370076561,0.7886885009389776
L48T16beta4.20ms0.035150m0.001041,448,6.247794775841062e-8,0.11055297917597036,0.7663129926749298,0.7886927779704226
L48T16beta4.20ms0.035150m0.001041,449,6.243749380196696e-8,0.11048139703275409,0.7658168113255079,0.7881821058943997
L48T16beta4.20ms0.035150m0.001041,450,6.243155249323727e-8,0.11047088405331354,0.7657439391804326,0.7881071055550012
L48T16beta4.20ms0.035150m0.001041,451,6.228143717749324e-8,0.1102052592053333,0.7639027244641783,0.7862121190895706
L48T16beta4.20ms0.035150m0.001041,452,6.22009656614814e-8,0.11006286711095281,0.7629157143194378,0.7851962838102768
L48T16beta4.20ms0.035150m0.001041,453,6.23965562864508e-8,0.11040895924529867,0.7653146989618116,0.7876653295918152
L48T16beta4.20ms0.035150m0.001041,454,6.240027300318798e-8,0.11041553587149705,0.7653602857396746,0.7877122477085837
L48T16beta4.20ms0.035150m0.001041,455,6.247903055226452e-8,0.11055489514937661,0.766326273504861,0.7887064466603083
L48T16beta4.20ms0.035150m0.001041,456,6.232313754958323e-8,0.11027904684613615,0.7644141935197163,0.786738525341473
L48T16beta4.20ms0.035150m0.001041,457,6.237226949444809e-8,0.11036598444688006,0.7650168133088764,0.7873587443383003
L48T16beta4.20ms0.035150m0.001041,458,6.247732066168227e-8,0.11055186954586824,0.7663053011231449,0.7886848617907387
L48T16beta4.20ms0.035150m0.001041,459,6.247288582682151e-8,0.11054402222975751,0.7662509063855438,0.7886288784822008
L48T16beta4.20ms0.035150m0.001041,460,6.246044691391014e-8,0.1105220119216504,0.7660983389450192,0.7884718553863569
L48T16beta4.20ms0.035150m0.001041,461,6.24465775783522e-8,0.11049747052072201,0.7659282268907802,0.7882967752951846
L48T16beta4.20ms0.035150m0.001041,462,6.246503690053477e-8,0.11053013377446307,0.7661546366710626,0.788529797259157
L48T16beta4.20ms0.035150m0.001041,463,6.228905793841619e-8,0.11021874392840517,0.7639961956539156,0.7863083200583637
L48T16beta4.20ms0.035150m0.001041,464,6.23718842097098e-8,0.11036530269632361,0.7650120876622855,0.787353880681579
L48T16beta4.20ms0.035150m0.001041,465,6.247840253324328e-8,0.11055378388730305,0.7663185706408444,0.7886985188380246
L48T16beta4.20ms0.035150m0.001041,466,6.229554471249887e-8,0.1102302220935148,0.7640757581145671,0.7863902061006378
L48T16beta4.20ms0.035150m0.001041,467,6.244849846285563e-8,0.11050086947206608,0.7659517871837351,0.7883210236546383
L48T16beta4.20ms0.035150m0.001041,468,6.24790973536188e-8,0.11055501335250258,0.7663270928458854,0.7887072899297749
L48T16beta4.20ms0.035150m0.001041,469,6.247151171265395e-8,0.11054159077321321,0.766234052414218,0.7886115322991244
L48T16beta4.20ms0.035150m0.001041,470,6.246895921755426e-8,0.11053707420460417,0.7662027452053737,0.7885793107790013
L48T16beta4.20ms0.035150m0.001041,471,6.24674944755465e-8,0.1105344823846342,0.7661847796531792,0.7885608205518965
L48T16beta4.20ms0.035150m0.001041,472,6.24759327257162e-8,0.1105494136320385,0.7662882776228227,0.7886673411276569
L48T16beta4.20ms0.035150m0.001041,473,6.245664530199001e-8,0.11051528507580285,0.7660517108992522,0.7884238655919793
L48T16beta4.20ms0.035150m0.001041,474,6.243300709346491e-8,0.11047345792768754,0.7657617803402911,0.7881254677569546
L48T16beta4.20ms0.035150m0.001041,475,6.24546066259148e-8,0.11051167769557071,0.7660267058531465,0.7883981302860862
L48T16beta4.20ms0.035150m0.001041,476,6.247087376590524e-8,0.11054046194430386,0.7662262277832929,0.7886034791537908
L48T16beta4.20ms0.035150m0.001041,477,6.24756914724817e-8,0.11054898674119515,0.7662853185709531,0.7886642956581665
L48T16beta4.20ms0.035150m0.001041,478,6.247393148330305e-8,0.1105458724896232,0.7662637317131422,0.7886420783670371
L48T16beta4.20ms0.035150m0.001041,479,6.245990472587575e-8,0.11052105253510482,0.7660916888268554,0.7884650110548389
L48T16beta4.20ms0.035150m0.001041,480,6.247819062731643e-8,0.11055340892569884,0.76631597154355,0.7886958438354018
L48T16beta4.20ms0.035150m0.001041,481,6.244953396931648e-8,0.11050270177175436,0.7659644880179242,0.788334095410298
L48T16beta4.20ms0.035150m0.001041,482,6.237394816035495e-8,0.1103689547991996,0.765037402709472,0.7873799350419785
L48T16beta4.20ms0.035150m0.001041,483,6.24071964337609e-8,0.11042778668803976,0.7654452039386913,0.7877996459008667
L48T16beta4.20ms0.035150m0.001041,484,6.247879605138746e-8,0.11055448020664069,0.7663233972729212,0.7887034864294621
L48T16beta4.20ms0.035150m0.001041,485,6.245059509171458e-8,0.11050457939812638,0.7659775030401784,0.7883474905297272
L48T16beta4.20ms0.035150m0.001041,486,6.233382129033843e-8,0.11029795142625773,0.7645452331848271,0.7868733919540563
L48T16beta4.20ms0.035150m0.001041,487,6.24332147001241e-8,0.110473825281858,0.765764326705625,0.7881280884876065
L48T16beta4.20ms0.035150m0.001041,488,6.247158232804164e-8,0.1105417157251645,0.7662349185356419,0.7886124237151885
L48T16beta4.20ms0.035150m0.001041,489,6.246248443437692e-8,0.1105256172570658,0.7661233298171999,0.7884975761043826
L48T16beta4.20ms0.035150m0.001041,490,6.247904086981932e-8,0.11055491340600093,0.7663264000531326,0.7887065769043584
L48T16beta4.20ms0.035150m0.001041,491,6.24031257453435e-8,0.11042058371886446,0.7653952755794015,0.7877482594089708
L48T16beta4.20ms0.035150m0.001041,492,6.245430620253202e-8,0.11051114610480674,0.7660230210595548,0.7883943378799521
L48T16beta4.20ms0.035150m0.001041,493,6.247516246062714e-8,0.11054805066953083,0.766278830063056,0.7886576176566618
L48T16beta4.20ms0.035150m0.001041,494,6.247862466688725e-8,0.11055417694656632,0.7663212951845209,0.788701322950628
L48T16beta4.20ms0.035150m0.001041,495,6.24649242828826e-8,0.11052993450068084,0.7661532553777718,0.7885283756258907
L48T16beta4.20ms0.035150m0.001041,496,6.246705234958855e-8,0.11053370005513116,0.7661793568299571,0.7885552393578512
L48T16beta4.20ms0.035150m0.001041,497,6.247694709215057e-8,0.11055120852504186,0.7663007191674936,0.7886801460213786
L48T16beta4.20ms0.035150m0.001041,498,6.245550763042396e-8,0.11051327199782154,0.7660377569757683,0.7884095041511825
L48T16beta4.20ms0.035150m0.001041,499,6.245910265884723e-8,0.11051963329995573,0.7660818512056305,0.788454886130837
L48T16beta4.20ms0.035150m0.001041,500,6.245932065408441e-8,0.11052001903642406,0.7660845249903593,0.7884576380021031
L48T16beta4.20ms0.035150m0.001041,501,6.246329894555219e-8,0.11052705851178413,0.7661333200700599,0.7885078581175498
L48T16beta4.20ms0.035150m0.001041,502,6.245907862249916e-8,0.11051959076831083,0.7660815563917566,0.7884545827070722
L48T16beta4.20ms0.035150m0.001041,503,6.245297765437947e-8,0.11050879527605015,0.7660067259706919,0.7883775669012195
L48T16beta4.20ms0.035150m0.001041,504,6.24671269063477e-8,0.11053383198122889,0.7661802712936244,0.7885561805279697
L48T16beta4.20ms0.035150m0.001041,505,6.245708052881409e-8,0.11051605519748173,0.7660570491022827,0.7884293596945428
L48T16beta4.20ms0.035150m0.001041,506,6.244951593311687e-8,0.11050266985720418,0.7659642667978842,0.7883338677296381
L48T16beta4.20ms0.035150m0.001041,507,6.245787400026365e-8,0.11051745922299452,0.7660667812958474,0.7884393761119227
L48T16beta4.20ms0.035150m0.001041,508,6.245826206696551e-8,0.1105181458961576,0.766071541064155,0.7884442748868683
L48T16beta4.20ms0.035150m0.001041,509,6.24308881622129e-8,0.11046970853816718,0.7657357909375136,0.7880987193467485
L48T16beta4.20ms0.035150m0.001041,510,6.24788334773107e-8,0.11055454643076393,0.7663238563144273,0.7887039588770445
L48T16beta4.20ms0.035150m0.001041,511,6.24723157037932e-8,0.11054301341302236,0.7662439136353065,0.788621681512212
L48T16beta4.20ms0.035150m0.001041,512,6.247730394062011e-8,0.11055183995841694,0.766305096033707,0.788684650711767
L48T16beta4.20ms0.035150m0.001041,513,6.245414846010114e-8,0.1105108669839921,0.7660210862957123,0.7883923466123053
L48T16beta4.20ms0.035150m0.001041,514,6.246465902375298e-8,0.11052946513207823,0.7661500018855438,0.7885250271170596
L48T16beta4.20ms0.035150m0.001041,515,6.244803959866077e-8,0.11050005752472147,0.7659461590604211,0.7883152311648153
L48T16beta4.20ms0.035150m0.001041,516,6.24682484609756e-8,0.11053581654073943,0.7661940275374542,0.7885703385159777
L48T16beta4.20ms0.035150m0.001041,517,6.244656145471254e-8,0.1104974419903931,0.7659280291289299,0.788296571757799
L48T16beta4.20ms0.035150m0.001041,518,6.243565727877833e-8,0.11047814735639445,0.7657942857523851,0.78815892247325
L48T16beta4.20ms0.035150m0.001041,519,6.24689801239088e-8,0.11053711119781316,0.766203001628827,0.7885795746911727
L48T16beta4.20ms0.035150m0.001041,520,6.245731736010049e-8,0.11051647426381174,0.7660599539174751,0.788432349343401
L48T16beta4.20ms0.035150m0.001041,521,6.246128427053501e-8,0.11052349360075212,0.766108609404984,0.7884824257899363
L48T16beta4.20ms0.035150m0.001041,522,6.247201224977852e-8,0.1105424764596401,0.7662401916699977,0.7886178508487794
L48T16beta4.20ms0.035150m0.001041,523,6.244963199209165e-8,0.11050287522031038,0.7659656903001514,0.7883353328045726
L48T16beta4.20ms0.035150m0.001041,524,6.246537256536505e-8,0.11053072772398163,0.7661587537128327,0.78853403453706
L48T16beta4.20ms0.035150m0.001041,525,6.247862273428396e-8,0.11055417352687891,0.766321271480493,0.7887012985543359
L48T16beta4.20ms0.035150m0.001041,526,6.246403743004225e-8,0.11052836523941173,0.7661423778301165,0.7885171804049304
L48T16beta4.20ms0.035150m0.001041,527,6.2466714038151e-8,0.11053310142251511,0.7661752073266608,0.7885509686703994
L48T16beta4.20ms0.035150m0.001041,528,6.247791985124427e-8,0.1105529297950209,0.7663126503841708,0.7886924256832343
L48T16beta4.20ms0.035150m0.001041,529,6.247349425159592e-8,0.11054509882035993,0.7662583689195486,0.7886365589557555
L48T16beta4.20ms0.035150m0.001041,530,6.247520233562301e-8,0.11054812122721952,0.7662793191432596,0.7886581210202066
L48T16beta4.20ms0.035150m0.001041,531,6.24610092925395e-8,0.11052300703488846,0.766105236707605,0.7884789545946276
L48T16beta4.20ms0.035150m0.001041,532,6.245659917039131e-8,0.11051520344723065,0.7660511450797155,0.7884232832479678
L48T16beta4.20ms0.035150m0.001041,533,6.24763741547186e-8,0.11055019472829825,0.7662936918976512,0.7886729135236569
L48T16beta4.20ms0.035150m0.001041,534,6.246027030351236e-8,0.11052169941449662,0.7660961727592318,0.7884696259382037
L48T16beta4.20ms0.035150m0.001041,535,6.246595014014158e-8,0.1105317497263766,0.7661658378612622,0.7885413255744792
L48T16beta4.20ms0.035150m0.001041,536,6.247217905939132e-8,0.11054277162457929,0.7662422376458687,0.7886199565763461
L48T16beta4.20ms0.035150m0.001041,537,6.247889144467707e-8,0.11055464900239562,0.7663245673036257,0.7887046906303246
L48T16beta4.20ms0.035150m0.001041,538,6.24464173123713e-8,0.11049718693455628,0.76592626117475,0.7882947521714071
L48T16beta4.20ms0.035150m0.001041,539,6.247854814897302e-8,0.11055404155025958,0.7663203566666285,0.7887003570237928
L48T16beta4.20ms0.035150m0.001041,540,6.237156733962666e-8,0.11036474200358387,0.7650082011443954,0.7873498806598899
L48T16beta4.20ms0.035150m0.001041,541,6.240324533981622e-8,0.11042079533793528,0.7653967424457371,0.7877497691143995
L48T16beta4.20ms0.035150m0.001041,542,6.240693698332202e-8,0.11042732759775278,0.7654420216920043,0.7877963707182666
L48T16beta4.20ms0.035150m0.001041,543,6.243931889025443e-8,0.11048462647537628,0.7658391966457311,0.7882051449666343
L48T16beta4.20ms0.035150m0.001041,544,6.235201135064063e-8,0.11033013822864078,0.7647683403778006,0.7871030148803193
L48T16beta4.20ms0.035150m0.001041,545,6.242644640351827e-8,0.11046184897052629,0.7656813112767672,0.7880426486349275
L48T16beta4.20ms0.035150m0.001041,546,6.241243661268618e-8,0.11043705903792303,0.7655094764914633,0.7878657955011965
L48T16beta4.20ms0.035150m0.001041,547,6.228219315501128e-8,0.11020659688638412,0.7639119967820927,0.7862216622008632
L48T16beta4.20ms0.035150m0.001041,548,6.226262385085271e-8,0.11017196955061605,0.763671972700439,0.7859746283366996
L48T16beta4.20ms0.035150m0.001041,549,6.22952113114246e-8,0.11022963214964909,0.7640716688385241,0.7863859973993459
L48T16beta4.20ms0.035150m0.001041,550,6.247755968598281e-8,0.11055229249267538,0.7663082328363917,0.7886878791231955
L48T16beta4.20ms0.035150m0.001041,551,6.247722099804642e-8,0.11055169319385519,0.7663040787152107,0.788683603682996
L48T16beta4.20ms0.035150m0.001041,552,6.246532053531944e-8,0.11053063565827276,0.7661581155468655,0.7885333777337769
L48T16beta4.20ms0.035150m0.001041,553,6.247522095914246e-8,0.11054815418101571,0.7662795475669745,0.7886583561149211
L48T16beta4.20ms0.035150m0.001041,554,6.246348133896228e-8,0.11052738125181626,0.7661355571864337,0.7885101605677813
L48T16beta4.20ms0.035150m0.001041,555,6.246823645430719e-8,0.11053579529527585,0.7661938802716375,0.7885701869493368
L48T16beta4.20ms0.035150m0.001041,556,6.235837715828063e-8,0.11034140234701714,0.7648464191444442,0.7871833738980487
L48T16beta4.20ms0.035150m0.001041,557,6.247652246527223e-8,0.11055045715967018,0.7662955109763545,0.7886747857276383
L48T16beta4.20ms0.035150m0.001041,558,6.247888646817152e-8,0.11055464019660839,0.7663245062651155,0.7887046278092154
L48T16beta4.20ms0.035150m0.001041,559,6.245487137768799e-8,0.11051214616642033,0.7660299531224778,0.7884014723902841
L48T16beta4.20ms0.035150m0.001041,560,6.247862139820024e-8,0.11055417116271617,0.7663212550929779,0.7887012816882316
L48T16beta4.20ms0.035150m0.001041,561,6.247398878850193e-8,0.11054597388956808,0.7662644345806343,0.7886428017614207
L48T16beta4.20ms0.035150m0.001041,562,6.246236883447918e-8,0.11052541270628355,0.7661219119456664,0.7884961168246246
L48T16beta4.20ms0.035150m0.001041,563,6.247921298321744e-8,0.11055521795583972,0.7663285110817102,0.7887087495844632
L48T16beta4.20ms0.035150m0.001041,564,6.245525577115048e-8,0.11051282633988918,0.7660346678372719,0.7884063247959511
L48T16beta4.20ms0.035150m0.001041,565,6.245240003017783e-8,0.11050777318619882,0.7659996412160468,0.7883702752398806
L48T16beta4.20ms0.035150m0.001041,566,6.246213327935528e-8,0.11052499589808734,0.7661190227830352,0.7884931432854528
L48T16beta4.20ms0.035150m0.001041,567,6.245566793927139e-8,0.11051355565983842,0.766039723217571,0.7884115278160876
L48T16beta4.20ms0.035150m0.001041,568,6.245208878174204e-8,0.11050722244080666,0.7659958236495478,0.7883663461832732
L48T16beta4.20ms0.035150m0.001041,569,6.244856599568788e-8,0.11050098896952182,0.7659526154965822,0.7883218761579452
L48T16beta4.20ms0.035150m0.001041,570,6.24729318465838e-8,0.11054410366043833,0.7662514708333695,0.7886294594144412
L48T16beta4.20ms0.035150m0.001041,571,6.245538143240711e-8,0.11051304869396428,0.7660362091147479,0.78840791108566
L48T16beta4.20ms0.035150m0.001041,572,6.245618707099325e-8,0.11051447424888457,0.7660460905423254,0.788418081095357
L48T16beta4.20ms0.035150m0.001041,573,6.247185961846547e-8,0.11054220638280533,0.7662383195957303,0.7886159241015251
L48T16beta4.20ms0.035150m0.001041,574,6.246395197991032e-8,0.11052821403779586,0.766141329755577,0.7885161017219015
L48T16beta4.20ms0.035150m0.001041,575,6.245322799258337e-8,0.11050923824249248,0.7660097964527596,0.7883807270551708
L48T16beta4.20ms0.035150m0.001041,576,6.246841926582492e-8,0.11053611877513775,0.7661961225162417,0.7885724946775663
L48T16beta4.20ms0.035150m0.001041,577,6.2457222955602e-8,0.11051630721769498,0.7660587960146253,0.7884311576245813
L48T16beta4.20ms0.035150m0.001041,578,6.247275287769774e-8,0.11054378698000558,0.7662492757199321,0.7886272001938205
L48T16beta4.20ms0.035150m0.001041,579,6.24452773392826e-8,0.11049516978409504,0.7659122790223183,0.7882803616772502
L48T16beta4.20ms0.035150m0.001041,580,6.247024189504222e-8,0.11053934386650416,0.7662184776751443,0.7885955027076341
L48T16beta4.20ms0.035150m0.001041,581,6.24399577768583e-8,0.11048575696733301,0.7658470328042953,0.7882132099762658
L48T16beta4.20ms0.035150m0.001041,582,6.246552107807347e-8,0.11053099051306081,0.7661605752710324,0.7885359092929501
L48T16beta4.20ms0.035150m0.001041,583,6.24757070760443e-8,0.11054901435126224,0.7662855099538838,0.7886644926303394
L48T16beta4.20ms0.035150m0.001041,584,6.246008675226339e-8,0.11052137462570101,0.7660939214415757,0.7884673088719485
L48T16beta4.20ms0.035150m0.001041,585,6.246489168977244e-8,0.11052987682808502,0.7661528556123397,0.7885279641855103
L48T16beta4.20ms0.035150m0.001041,586,6.245467517763694e-8,0.11051179899592359,0.7660275466630201,0.7883989956513889
L48T16beta4.20ms0.035150m0.001041,587,6.245340888429436e-8,0.1105095583253101,0.7660120151502899,0.788383010548646
L48T16beta4.20ms0.035150m0.001041,588,6.244689201571287e-8,0.11049802690882748,0.7659320835705129,0.788300744607308
L48T16beta4.20ms0.035150m0.001041,589,6.244315616642195e-8,0.11049141642811097,0.7658862621254588,0.7882535849700113
L48T16beta4.20ms0.035150m0.001041,590,6.245133392103843e-8,0.1105058867359277,0.765986565029737,0.7883568171701304
L48T16beta4.20ms0.035150m0.001041,591,6.244751841716121e-8,0.11049913530865109,0.7659397665944554,0.7883086520100981
L48T16beta4.20ms0.035150m0.001041,592,6.244836009091757e-8,0.11050062462679608,0.7659500900054864,0.788319276911153
L48T16beta4.20ms0.035150m0.001041,593,6.246304054474257e-8,0.11052660127878672,0.766130150697428,0.7885045961849851
L48T16beta4.20ms0.035150m0.001041,594,6.245437788656369e-8,0.11051127294769361,0.7660239002882555,0.7883952427860845
L48T16beta4.20ms0.035150m0.001041,595,6.244216384039579e-8,0.11048966053499282,0.7658740909137898,0.7882410583042307
L48T16beta4.20ms0.035150m0.001041,596,6.247456299510488e-8,0.11054698993207421,0.7662714774172849,0.7886500502805712
L48T16beta4.20ms0.035150m0.001041,597,6.246825064170365e-8,0.11053582039947663,0.7661940542848154,0.7885703660444819
L48T16beta4.20ms0.035150m0.001041,598,6.246062531739112e-8,0.11052232760161469,0.7661005271235737,0.7884741074695648
L48T16beta4.20ms0.035150m0.001041,599,6.246277423237078e-8,0.11052613004650158,0.7661268842868313,0.7885012343805108
L48T16beta4.20ms0.035150m0.001041,600,6.247025891077687e-8,0.11053937397537017,0.7662186863788392,0.7885957175064153
L48T16beta4.20ms0.035150m0.001041,601,6.239180148633544e-8,0.11040054575962895,0.7652563797430041,0.7876053071895723
L48T16beta4.20ms0.035150m0.001041,602,6.246190631298314e-8,0.1105245942874469,0.7661162389643263,0.7884902781667195
L48T16beta4.20ms0.035150m0.001041,603,6.247339217186624e-8,0.1105449181931365,0.766257116877413,0.7886352703483596
L48T16beta4.20ms0.035150m0.001041,604,6.247283254769897e-8,0.11054392795384199,0.7662502528992291,0.7886282059111471
L48T16beta4.20ms0.035150m0.001041,605,6.246205331352419e-8,0.11052485440078827,0.7661180419752858,0.7884921338337066
L48T16beta4.20ms0.035150m0.001041,606,6.246013330592707e-8,0.11052145700110538,0.7660944924378811,0.7884678965439136
L48T16beta4.20ms0.035150m0.001041,607,6.245359013781028e-8,0.11050987904833143,0.7660142382854792,0.7883852986093797
L48T16beta4.20ms0.035150m0.001041,608,6.246329551386618e-8,0.1105270524395118,0.7661332779792795,0.7885078147975293
L48T16beta4.20ms0.035150m0.001041,609,6.23973921431421e-8,0.11041043827030994,0.765324951024588,0.7876758810609256
L48T16beta4.20ms0.035150m0.001041,610,6.247038506735931e-8,0.11053959720591042,0.7662202337316525,0.7885973100488889
L48T16beta4.20ms0.035150m0.001041,611,6.24782787203792e-8,0.11055356480390682,0.7663170520345232,0.78869695588157
L48T16beta4.20ms0.035150m0.001041,612,6.247895141454716e-8,0.11055475511740159,0.7663253028542043,0.7887054476622876
L48T16beta4.20ms0.035150m0.001041,613,6.247362762583705e-8,0.11054533482234513,0.7662600047993676,0.7886382426106214
L48T16beta4.20ms0.035150m0.001041,614,6.241870464501825e-8,0.11044815014562973,0.7655863560111483,0.7879449202485634
L48T16beta4.20ms0.035150m0.001041,615,6.247797795867293e-8,0.1105530326144889,0.7663133630912802,0.7886931592045962
L48T16beta4.20ms0.035150m0.001041,616,6.243834337636437e-8,0.11048290033086221,0.7658272316405524,0.788192830529501
L48T16beta4.20ms0.035150m0.001041,617,6.247192925795918e-8,0.11054232960793955,0.7662391737474871,0.7886168031983541
L48T16beta4.20ms0.035150m0.001041,618,6.247682038934475e-8,0.11055098432797464,0.7662991651150672,0.7886785465836331
L48T16beta4.20ms0.035150m0.001041,619,6.244463970551551e-8,0.11049404150899794,0.7659044582302179,0.7882723124828525
L48T16beta4.20ms0.035150m0.001041,620,6.22363407731448e-8,0.11012546238053808,0.7633496019335094,0.7856428428937586
L48T16beta4.20ms0.035150m0.001041,621,6.24787347873676e-8,0.11055437180167293,0.7663226458491614,0.7887027130607497
L48T16beta4.20ms0.035150m0.001041,622,6.247826834241644e-8,0.1105535464403923,0.7663169247453276,0.7886968248749576
L48T16beta4.20ms0.035150m0.001041,623,6.247732711740211e-8,0.11055188096908375,0.7663053803047147,0.7886849432847665
L48T16beta4.20ms0.035150m0.001041,624,6.241197141509754e-8,0.11043623588381547,0.7655037706869495,0.7878599230615334
L48T16beta4.20ms0.035150m0.001041,625,6.221191863520689e-8,0.11008224809127681,0.7630500562172658,0.7853345490956218
L48T16beta4.20ms0.035150m0.001041,626,6.213592989032459e-8,0.10994778813489244,0.7621180287645472,0.7843753022501997
L48T16beta4.20ms0.035150m0.001041,627,6.210544033508681e-8,0.10989383772060674,0.7617440641393015,0.7839904161762756
L48T16beta4.20ms0.035150m0.001041,628,6.234613888929374e-8,0.11031974707271638,0.7646963126689759,0.7870288836385071
L48T16beta4.20ms0.035150m0.001041,629,6.247704905875624e-8,0.11055138895209553,0.7663019698221254,0.7886814332007495
L48T16beta4.20ms0.035150m0.001041,630,6.247893761633936e-8,0.11055473070185926,0.7663251336145559,0.7887052734800805
L48T16beta4.20ms0.035150m0.001041,631,6.247549871394204e-8,0.11054864566035644,0.7662829543227873,0.7886618623633229
L48T16beta4.20ms0.035150m0.001041,632,6.240822757503078e-8,0.11042961126364487,0.7654578512323484,0.7878126625523701
L48T16beta4.20ms0.035150m0.001041,633,6.243854124696164e-8,0.1104832504573437,0.76582965858982,0.7881953283566004
L48T16beta4.20ms0.035150m0.001041,634,6.247923888217846e-8,0.11055526378332609,0.7663288287411572,0.7887090765209944
L48T16beta4.20ms0.035150m0.001041,635,6.24712830429623e-8,0.11054118614859659,0.7662312477037238,0.7886086456784716
L48T16beta4.20ms0.035150m0.001041,636,6.24721923035429e-8,0.11054279505973466,0.7662424000898318,0.7886201237644034
L48T16beta4.20ms0.035150m0.001041,637,6.247612641310468e-8,0.11054975635644917,0.7662906532636309,0.7886697861478593
L48T16beta4.20ms0.035150m0.001041,638,6.24577499022257e-8,0.1105172396349911,0.7660652591917729,0.7884378095555649
L48T16beta4.20ms0.035150m0.001041,639,6.246636775276581e-8,0.11053248868022203,0.7661709600202213,0.788546597323513
L48T16beta4.20ms0.035150m0.001041,640,6.246763957469212e-8,0.11053473913350961,0.7661865593428858,0.7885626522165453
L48T16beta4.20ms0.035150m0.001041,641,6.246147193838686e-8,0.11052382567376128,0.7661109112141559,0.7884847948222865
L48T16beta4.20ms0.035150m0.001041,642,6.246914252238228e-8,0.11053739855736482,0.7662049935005942,0.7885816247345524
L48T16beta4.20ms0.035150m0.001041,643,6.24154534984563e-8,0.11044239733282048,0.7655464796076988,0.7879038792748194
L48T16beta4.20ms0.035150m0.001041,644,6.24663377509954e-8,0.11053243559292933,0.7661705920384406,0.7885462185950095
L48T16beta4.20ms0.035150m0.001041,645,6.245320326884403e-8,0.11050919449452798,0.7660094932078009,0.7883804149540957
L48T16beta4.20ms0.035150m0.001041,646,6.245509696659174e-8,0.11051254533966903,0.7660327200460748,0.7884043201204922
L48T16beta4.20ms0.035150m0.001041,647,6.245917759280847e-8,0.11051976589350199,0.7660827702958081,0.7884558320625806
L48T16beta4.20ms0.035150m0.001041,648,6.24490705156249e-8,0.11050188170342382,0.7659588036028928,0.7883282449847864
L48T16beta4.20ms0.035150m0.001041,649,6.247915928505034e-8,0.11055512293843658,0.7663278524556733,0.7887080717235844
L48T16beta4.20ms0.035150m0.001041,650,6.245733554817777e-8,0.1105165064471052,0.7660601770003456,0.7884325789412945
L48T16beta4.20ms0.035150m0.001041,651,6.246761948470147e-8,0.11053470358483368,0.7661863129324097,0.7885623986097752
L48T16beta4.20ms0.035150m0.001041,652,6.247704091304135e-8,0.1105513745384811,0.7663018699121991,0.788681330373004
L48T16beta4.20ms0.035150m0.001041,653,6.246579496452758e-8,0.11053147514747255,0.76616393458029,0.788539366709144
L48T16beta4.20ms0.035150m0.001041,654,6.246619586142543e-8,0.11053218452330818,0.7661688517152564,0.7885444274465625
L48T16beta4.20ms0.035150m0.001041,655,6.245072039174543e-8,0.11050480111302258,0.7659790398870991,0.7883490722594888
L48T16beta4.20ms0.035150m0.001041,656,6.245304213775747e-8,0.11050890937758198,0.7660075168809594,0.7883783809096234
L48T16beta4.20ms0.035150m0.001041,657,6.247452484390067e-8,0.11054692242458661,0.7662710094799643,0.7886495686773767
L48T16beta4.20ms0.035150m0.001041,658,6.246267936055754e-8,0.11052596217348448,0.7661257206522094,0.7885000367625254
L48T16beta4.20ms0.035150m0.001041,659,6.244689784242297e-8,0.11049803721902786,0.7659321550370675,0.7883008181610073
L48T16beta4.20ms0.035150m0.001041,660,6.245357768344599e-8,0.11050985701068254,0.7660140855285223,0.7883851413912327
L48T16beta4.20ms0.035150m0.001041,661,6.245828532413517e-8,0.11051818704906811,0.7660718263211443,0.7884445684746445
L48T16beta4.20ms0.035150m0.001041,662,6.244779578119633e-8,0.11049962609654504,0.765943168557411,0.7883121533256697
L48T16beta4.20ms0.035150m0.001041,663,6.245215531122374e-8,0.1105073401628617,0.7659966396559637,0.7883671860207457
L48T16beta4.20ms0.035150m0.001041,664,6.24437370501258e-8,0.11049244428556018,0.7658933868589923,0.788260917777802
L48T16beta4.20ms0.035150m0.001041,665,6.245801744807619e-8,0.11051771304988228,0.7660685407313996,0.7884411869309048
L48T16beta4.20ms0.035150m0.001041,666,6.246548689498813e-8,0.11053093002704843,0.7661601560040211,0.7885354777814568
L48T16beta4.20ms0.035150m0.001041,667,6.24527307300617e-8,0.11050835835038375,0.7660036973610832,0.7883744498425914
L48T16beta4.20ms0.035150m0.001041,668,6.244761631774055e-8,0.110499308540985,0.7659409673779098,0.7883098878618291
L48T16beta4.20ms0.035150m0.001041,669,6.245793508318458e-8,0.11051756730751279,0.766067530498368,0.7884401471945259
L48T16beta4.20ms0.035150m0.001041,670,6.244856026944774e-8,0.11050097883710024,0.7659525452623256,0.7883218038725325
L48T16beta4.20ms0.035150m0.001041,671,6.245546552092077e-8,0.11051319748623471,0.7660372404885826,0.7884089725802484
L48T16beta4.20ms0.035150m0.001041,672,6.245055744682602e-8,0.11050451278655013,0.765977041312989,0.7883470153180276
L48T16beta4.20ms0.035150m0.001041,673,6.247757969778894e-8,0.11055232790300598,0.7663084782879084,0.7886881317430001
L48T16beta4.20ms0.035150m0.001041,674,6.245594899384293e-8,0.11051405297803324,0.766043170446194,0.7884150757192876
L48T16beta4.20ms0.035150m0.001041,675,6.245549087864987e-8,0.11051324235602634,0.7660375515096384,0.7884092926845178
L48T16beta4.20ms0.035150m0.001041,676,6.246536772189821e-8,0.11053071915360266,0.7661586943060867,0.7885339733953699
L48T16beta4.20ms0.035150m0.001041,677,6.247223322748097e-8,0.1105428674734972,0.7662429020356635,0.7886206403693105
L48T16beta4.20ms0.035150m0.001041,678,6.246721889713698e-8,0.11053399475635477,0.7661813995915208,0.7885573417772384
L48T16beta4.20ms0.035150m0.001041,679,6.239867197754365e-8,0.11041270290144811,0.7653406486229498,0.7876920370997476
L48T16beta4.20ms0.035150m0.001041,680,6.239187830374803e-8,0.11040068168588962,0.7652573219343443,0.7876062768971364
L48T16beta4.20ms0.035150m0.001041,681,6.247251921415469e-8,0.11054337351890872,0.7662464097581747,0.7886242505330923
L48T16beta4.20ms0.035150m0.001041,682,6.214062668250568e-8,0.1099560989771467,0.7621756364965774,0.7844345923870522
L48T16beta4.20ms0.035150m0.001041,683,6.246205553359384e-8,0.11052485832913936,0.7661180692051849,0.7884921618588412
L48T16beta4.20ms0.035150m0.001041,684,6.24780043534737e-8,0.11055307931934982,0.766313686832368,0.7886934924003794
L48T16beta4.20ms0.035150m0.001041,685,6.246897764991149e-8,0.11053710682014418,0.7662029712844198,0.7885795434605724
L48T16beta4.20ms0.035150m0.001041,686,6.24177333871763e-8,0.11044643153207363,0.7655744432078277,0.7879326595378171
L48T16beta4.20ms0.035150m0.001041,687,6.245765448312489e-8,0.11051707079356396,0.7660640888444852,0.7884366050288735
L48T16beta4.20ms0.035150m0.001041,688,6.24702888333281e-8,0.11053942692248675,0.7662190533889701,0.7885960952348925
L48T16beta4.20ms0.035150m0.001041,689,6.241707936528353e-8,0.11044527425864697,0.7655664214098669,0.7879244034672839
L48T16beta4.20ms0.035150m0.001041,690,6.246496830827225e-8,0.11053001240237512,0.766153795363948,0.7885289313820915
L48T16beta4.20ms0.035150m0.001041,691,6.245720588523373e-8,0.1105162770121563,0.7660585866408307,0.7884309421361304
L48T16beta4.20ms0.035150m0.001041,692,6.246552224583142e-8,0.11053099257937582,0.7661605895939755,0.7885359240341876
L48T16beta4.20ms0.035150m0.001041,693,6.244092749328811e-8,0.11048747285340349,0.7658589267016788,0.7882254512289366
L48T16beta4.20ms0.035150m0.001041,694,6.247893170024431e-8,0.11055472023349469,0.766325061051665,0.7887051987980268
L48T16beta4.20ms0.035150m0.001041,695,6.246794626920043e-8,0.11053528182085462,0.7661903210539364,0.788566523786474
L48T16beta4.20ms0.035150m0.001041,696,6.247388017496487e-8,0.11054578170095544,0.7662631023991588,0.7886414306742556
L48T16beta4.20ms0.035150m0.001041,697,6.246084701924924e-8,0.11052271989684499,0.7661032463712519,0.788476906131503
L48T16beta4.20ms0.035150m0.001041,698,6.247617306436392e-8,0.11054983890454614,0.7662912254569785,0.7886703750518256
L48T16beta4.20ms0.035150m0.001041,699,6.24653900268473e-8,0.11053075862158554,0.7661589678837714,0.7885342549627531
L48T16beta4.20ms0.035150m0.001041,700,6.246327386206324e-8,0.11052701412725276,0.7661330124126515,0.7885075414751616
L48T16beta4.20ms0.035150m0.001041,701,6.247888804709864e-8,0.11055464299047571,0.7663245256311864,0.7887046477408626
L48T16beta4.20ms0.035150m0.001041,702,6.247302901012133e-8,0.11054427558859742,0.766252662576759,0.7886306859620965
L48T16beta4.20ms0.035150m0.001041,703,6.2460892765892e-8,0.11052280084424845,0.766103807469175,0.7884774836160084
L48T16beta4.20ms0.035150m0.001041,704,6.245937243498111e-8,0.11052011066127089,0.7660851601004314,0.7884582916602453
L48T16beta4.20ms0.035150m0.001041,705,6.246965937091666e-8,0.11053831310637466,0.7662113328212883,0.788588149191917
L48T16beta4.20ms0.035150m0.001041,706,6.245741286065273e-8,0.11051664324936492,0.7660611252637919,0.7884335548982975
L48T16beta4.20ms0.035150m0.001041,707,6.244984440666168e-8,0.11050325108194445,0.765968295636125,0.7883380142280721
L48T16beta4.20ms0.035150m0.001041,708,6.231383579095515e-8,0.11026258764469299,0.7643001043290952,0.7866211042334565
L48T16beta4.20ms0.035150m0.001041,709,6.241470399628418e-8,0.11044107110971296,0.7655372867120749,0.7878944179053052
L48T16beta4.20ms0.035150m0.001041,710,6.245659676396223e-8,0.11051519918912178,0.7660511155640555,0.7884232528703178
L48T16beta4.20ms0.035150m0.001041,711,6.24743997594701e-8,0.11054670109118907,0.7662694752774533,0.7886479896692534
L48T16beta4.20ms0.035150m0.001041,712,6.246038596327436e-8,0.11052190407120702,0.7660975913650205,0.7884710859736606
L48T16beta4.20ms0.035150m0.001041,713,6.246610887310792e-8,0.11053203059991602,0.7661677847743547,0.7885433293461886
L48T16beta4.20ms0.035150m0.001041,714,6.241989350254145e-8,0.11045025379572904,0.7656009377475714,0.7879599278372603
L48T16beta4.20ms0.035150m0.001041,715,6.247615903647298e-8,0.1105498140825859,0.7662910534001892,0.7886701979702044
L48T16beta4.20ms0.035150m0.001041,716,6.247341895682288e-8,0.1105449655883673,0.7662574454038935,0.7886356084692905
L48T16beta4.20ms0.035150m0.001041,717,6.245165148471999e-8,0.11050644865597045,0.7659904600548446,0.788360825947486
L48T16beta4.20ms0.035150m0.001041,718,6.247509132710993e-8,0.11054792480076386,0.7662779575865997,0.7886567196999696
L48T16beta4.20ms0.035150m0.001041,719,6.246252453960122e-8,0.11052568822213724,0.7661238217212324,0.7884980823742249
L48T16beta4.20ms0.035150m0.001041,720,6.247832613645444e-8,0.11055364870532432,0.7663176336085957,0.7886975544402207
L48T16beta4.20ms0.035150m0.001041,721,6.247840409614199e-8,0.11055378665280857,0.7663185898103215,0.7886985385673366
L48T16beta4.20ms0.035150m0.001041,722,6.240514600525336e-8,0.11042415851220767,0.7654200547450598,0.7877737622376918
L48T16beta4.20ms0.035150m0.001041,723,6.237636471840967e-8,0.1103732308310138,0.7650670426048483,0.7874104405555826
L48T16beta4.20ms0.035150m0.001041,724,6.244195846986779e-8,0.1104892971375939,0.7658715719753553,0.788238465801467
L48T16beta4.20ms0.035150m0.001041,725,6.247035968739464e-8,0.11053955229677356,0.7662199224378701,0.7885969896639282
L48T16beta4.20ms0.035150m0.001041,726,6.24789160751764e-8,0.11055469258537454,0.7663248694049644,0.7887050015543807
L48T16beta4.20ms0.035150m0.001041,727,6.244442409776542e-8,0.11049365999712117,0.7659018137288195,0.7882695907501216
L48T16beta4.20ms0.035150m0.001041,728,6.247679561601713e-8,0.11055094049226508,0.7662988612618917,0.7886782338565785
L48T16beta4.20ms0.035150m0.001041,729,6.245637616947062e-8,0.11051480885334553,0.7660484098985991,0.7884204681872634
L48T16beta4.20ms0.035150m0.001041,730,6.245126667018874e-8,0.1105057677374322,0.7659857401755008,0.7883559682264413
L48T16beta4.20ms0.035150m0.001041,731,6.245333784124651e-8,0.11050943261662614,0.7660111437834707,0.7883821137339972
L48T16beta4.20ms0.035150m0.001041,732,6.245514262952013e-8,0.11051262613894224,0.7660332801172128,0.788404896548226
L48T16beta4.20ms0.035150m0.001041,733,6.245423171969057e-8,0.11051101430950432,0.766022107502513,0.7883933976429366
L48T16beta4.20ms0.035150m0.001041,734,6.244970655691921e-8,0.11050300716068495,0.7659666048627805,0.788336274076543
L48T16beta4.20ms0.035150m0.001041,735,6.246755189039612e-8,0.11053458397860301,0.7661854838655745,0.7885615453304603
L48T16beta4.20ms0.035150m0.001041,736,6.247593321757987e-8,0.11054941450237749,0.7662882836556956,0.7886673473367167
L48T16beta4.20ms0.035150m0.001041,737,6.225519161146832e-8,0.11015881841112807,0.7635808137906273,0.7858808071768036
L48T16beta4.20ms0.035150m0.001041,738,6.247905639567935e-8,0.11055494087857554,0.7663265904830153,0.78870677289565
L48T16beta4.20ms0.035150m0.001041,739,6.245427556736806e-8,0.11051109189674188,0.7660226453089897,0.7883939511557808
L48T16beta4.20ms0.035150m0.001041,740,6.245186079309008e-8,0.11050681902127069,0.7659930272922336,0.788363468159751
L48T16beta4.20ms0.035150m0.001041,741,6.2446780534604e-8,0.11049782964612681,0.7659307162173071,0.78829933732124
L48T16beta4.20ms0.035150m0.001041,742,6.247825058376867e-8,0.11055351501696231,0.7663167069295542,0.7886966006979841
L48T16beta4.20ms0.035150m0.001041,743,6.246099305340881e-8,0.11052297830020139,0.7661050375292182,0.7884787495993363
L48T16beta4.20ms0.035150m0.001041,744,6.241166460498385e-8,0.11043569299190997,0.7655000075579601,0.7878560500322557
L48T16beta4.20ms0.035150m0.001041,745,6.246874833787759e-8,0.11053670105892094,0.7662001586953824,0.7885766487312875
L48T16beta4.20ms0.035150m0.001041,746,6.243114938192975e-8,0.11047017075914199,0.7657389948849886,0.788102016863897
L48T16beta4.20ms0.035150m0.001041,747,6.245979246651248e-8,0.11052085389530478,0.7660903119280982,0.7884635939444463
L48T16beta4.20ms0.035150m0.001041,748,6.247874931199297e-8,0.11055439750259083,0.7663228239985651,0.788702896412917
L48T16beta4.20ms0.035150m0.001041,749,6.247239495871028e-8,0.11054315365237899,0.7662448857234571,0.7886226819897078
L48T16beta4.20ms0.035150m0.001041,750,6.241357222365082e-8,0.11043906846972787,0.7655234051409797,0.7878801309299123
L48T16beta4.20ms0.035150m0.001041,751,6.24724981816764e-8,0.1105433363025273,0.7662461517877713,0.7886239850287932
L48T16beta4.20ms0.035150m0.001041,752,6.245854004881767e-8,0.11051863777726151,0.7660749506048438,0.7884477840014771
L48T16beta4.20ms0.035150m0.001041,753,6.246212411021579e-8,0.11052497967355175,0.7661189103204629,0.7884930275384676
L48T16beta4.20ms0.035150m0.001041,754,6.24548890717387e-8,0.11051217747554762,0.7660301701459465,0.7884016957518141
L48T16beta4.20ms0.035150m0.001041,755,6.245576488823864e-8,0.11051372720832141,0.7660409123291839,0.7884127516551067
L48T16beta4.20ms0.035150m0.001041,756,6.245183284912947e-8,0.11050676957521482,0.7659926845501807,0.7883631154080888
L48T16beta4.20ms0.035150m0.001041,757,6.245179143299177e-8,0.11050669629051882,0.7659921765673553,0.7883625925898807
L48T16beta4.20ms0.035150m0.001041,758,6.246240626232508e-8,0.11052547893380889,0.7661223710107548,0.7884965892964778
L48T16beta4.20ms0.035150m0.001041,759,6.246562675988879e-8,0.11053117751407393,0.766161871493957,0.788537243371413
L48T16beta4.20ms0.035150m0.001041,760,6.246149514494514e-8,0.11052386673711637,0.7661111958503797,0.788485087771168
L48T16beta4.20ms0.035150m0.001041,761,6.247038553444875e-8,0.11053959803241209,0.7662202394606612,0.7885973159452104
L48T16beta4.20ms0.035150m0.001041,762,6.246898132074402e-8,0.11053711331557955,0.7662030163084126,0.7885795897994681
L48T16beta4.20ms0.035150m0.001041,763,6.247664631453576e-8,0.11055067630747421,0.7662970300291272,0.7886763491435828
L48T16beta4.20ms0.035150m0.001041,764,6.246872325190376e-8,0.11053665666999266,0.7661998510074961,0.7885763320575313
L48T16beta4.20ms0.035150m0.001041,765,6.246146168730254e-8,0.1105238075347546,0.7661107854811671,0.7884846654173291
L48T16beta4.20ms0.035150m0.001041,766,6.245738928121043e-8,0.11051660152620199,0.7660608360540204,0.7884332572423002
L48T16beta4.20ms0.035150m0.001041,767,6.244920761099696e-8,0.11050212428984602,0.7659604851236312,0.7883299756134917
L48T16beta4.20ms0.035150m0.001041,768,6.244470431740017e-8,0.11049415583791872,0.7659052507166626,0.788273128113465
L48T16beta4.20ms0.035150m0.001041,769,6.244315311649633e-8,0.11049141103135299,0.7658862247170978,0.7882535464691579
L48T16beta4.20ms0.035150m0.001041,770,6.245558198942305e-8,0.1105134035739884,0.766038669013842,0.7884104428248692
L48T16beta4.20ms0.035150m0.001041,771,6.246837308653784e-8,0.11053603706218229,0.766195556111791,0.7885719117315586
L48T16beta4.20ms0.035150m0.001041,772,6.246402669985778e-8,0.11052834625265075,0.7661422462208036,0.7885170449520338
L48T16beta4.20ms0.035150m0.001041,773,6.246130723837569e-8,0.11052353424170311,0.7661088911132564,0.788482715725357
L48T16beta4.20ms0.035150m0.001041,774,6.246752178570624e-8,0.11053453070919719,0.7661851146214518,0.7885611653027489
L48T16beta4.20ms0.035150m0.001041,775,6.247738582122846e-8,0.11055198484386078,0.7663061003268422,0.7886856843347778
L48T16beta4.20ms0.035150m0.001041,776,6.247892082275022e-8,0.11055470098607348,0.7663249276355503,0.7887050614855616
L48T16beta4.20ms0.035150m0.001041,777,6.246102055070004e-8,0.11052302695588831,0.7661053747927216,0.7884790967124505
L48T16beta4.20ms0.035150m0.001041,778,6.246604550064846e-8,0.11053191846412344,0.7661670074898758,0.7885425293615078
L48T16beta4.20ms0.035150m0.001041,779,6.246466203023173e-8,0.11052947045195821,0.7661500387610145,0.7885250650694599
L48T16beta4.20ms0.035150m0.001041,780,6.245629364262727e-8,0.11051466282440695,0.7660473976791748,0.7884194264064803
L48T16beta4.20ms0.035150m0.001041,781,6.24612509070162e-8,0.11052343456493977,0.7661082001902313,0.7884820046242726
L48T16beta4.20ms0.035150m0.001041,782,6.245609550119619e-8,0.11051431221869262,0.7660449674080397,0.7884169251604998
L48T16beta4.20ms0.035150m0.001041,783,6.244916487835778e-8,0.1105020486756375,0.7659599609934734,0.7883294361763764
L48T16beta4.20ms0.035150m0.001041,784,6.245113518744513e-8,0.11050553508239891,0.7659841274955337,0.7883543084489674
L48T16beta4.20ms0.035150m0.001041,785,6.246997169826903e-8,0.1105388657608795,0.7662151636210612,0.7885920918682694
L48T16beta4.20ms0.035150m0.001041,786,6.246839757323025e-8,0.11053608039069887,0.7661958564492894,0.7885722208402626
L48T16beta4.20ms0.035150m0.001041,787,6.247833744638892e-8,0.1105536687179367,0.7663177723287369,0.7886976972116138
L48T16beta4.20ms0.035150m0.001041,788,6.24613300634659e-8,0.11052357463006113,0.7661091710706465,0.7884830038587617
L48T16beta4.20ms0.035150m0.001041,789,6.245313286104283e-8,0.11050906990989517,0.7660086296324949,0.7883795261585076
L48T16beta4.20ms0.035150m0.001041,790,6.247094297143073e-8,0.11054058440154346,0.7662270766122837,0.7886043527724051
L48T16beta4.20ms0.035150m0.001041,791,6.246907837922522e-8,0.11053728505784441,0.7662042067632507,0.7885808150209407
L48T16beta4.20ms0.035150m0.001041,792,6.247034874495271e-8,0.11053953293442897,0.7662197882251482,0.7885968515315914
L48T16beta4.20ms0.035150m0.001041,793,6.241747511460027e-8,0.11044597452598198,0.7655712754080237,0.7879293992240141
L48T16beta4.20ms0.035150m0.001041,794,6.247869061548318e-8,0.11055429364076025,0.7663221040661778,0.7887021554552667
L48T16beta4.20ms0.035150m0.001041,795,6.245014926954785e-8,0.11050379052828536,0.7659720348817154,0.7883418626764482
L48T16beta4.20ms0.035150m0.001041,796,6.246947698490054e-8,0.11053799037942592,0.7662090957956039,0.7885858468350233
L48T16beta4.20ms0.035150m0.001041,797,6.244847020070318e-8,0.11050081946297866,0.7659514405389524,0.7883206668862691
L48T16beta4.20ms0.035150m0.001041,798,6.245425337555218e-8,0.11051105262894506,0.7660223731189219,0.788393671016539
L48T16beta4.20ms0.035150m0.001041,799,6.240629831783197e-8,0.11042619749705077,0.7654341882454754,0.7877883084998741
L48T16beta4.20ms0.035150m0.001041,800,6.244973023589138e-8,0.1105030490599632,0.7659668952933192,0.7883365729889594
L48T16beta4.20ms0.035150m0.001041,801,6.24465231907655e-8,0.11049737428341021,0.7659275598087806,0.7882960887313909
L48T16beta4.20ms0.035150m0.001041,802,6.244956912839405e-8,0.11050276398475768,0.7659649192558077,0.7883345392422669
L48T16beta4.20ms0.035150m0.001041,803,6.24469082874934e-8,0.11049805570128751,0.7659322831493609,0.7883009500147559
L48T16beta4.20ms0.035150m0.001041,804,6.247308699627552e-8,0.11054437819347364,0.7662533737963964,0.7886314179525454
L48T16beta4.20ms0.035150m0.001041,805,6.247738961809367e-8,0.11055199156230744,0.7663061468966679,0.7886857322646518
L48T16beta4.20ms0.035150m0.001041,806,6.247762076638901e-8,0.1105524005727439,0.7663089820080683,0.7886886501740539
L48T16beta4.20ms0.035150m0.001041,807,6.243175890444795e-8,0.11047124929217131,0.7657464708831894,0.7881097111948628
L48T16beta4.20ms0.035150m0.001041,808,6.24785696927655e-8,0.11055407967139715,0.7663206209084719,0.7887006289826863
L48T16beta4.20ms0.035150m0.001041,809,6.246900084548576e-8,0.11053714786406338,0.7662032557859212,0.7885798362707969
L48T16beta4.20ms0.035150m0.001041,810,6.246634150474917e-8,0.11053244223509154,0.7661706380794902,0.7885462659806647
L48T16beta4.20ms0.035150m0.001041,811,6.243635056122843e-8,0.110479374100278,0.7658027890942547,0.7881676741509396
L48T16beta4.20ms0.035150m0.001041,812,6.247611624618505e-8,0.11054973836636955,0.7662905285629503,0.7886696578053581
L48T16beta4.20ms0.035150m0.001041,813,6.247833627834235e-8,0.110553666651111,0.7663177580022538,0.7886976824667329
L48T16beta4.20ms0.035150m0.001041,814,6.247630221674699e-8,0.11055006743607174,0.7662928095542918,0.7886720054119037
L48T16beta4.20ms0.035150m0.001041,815,6.247781806773345e-8,0.11055274969194845,0.7663114019752588,0.7886911408151683
L48T16beta4.20ms0.035150m0.001041,816,6.242870400659401e-8,0.11046584373595592,0.7657090015359915,0.7880711475742369
L48T16beta4.20ms0.035150m0.001041,817,6.24777833636302e-8,0.11055268828400946,0.7663109763177881,0.7886907027265854
L48T16beta4.20ms0.035150m0.001041,818,6.242745580879279e-8,0.11046363508489619,0.7656936919711479,0.7880553909012568
L48T16beta4.20ms0.035150m0.001041,819,6.247439962785388e-8,0.11054670085829786,0.7662694736631362,0.7886479880077911
L48T16beta4.20ms0.035150m0.001041,820,6.247809322955014e-8,0.11055323658307856,0.7663147769272664,0.7886946143309507
L48T16beta4.20ms0.035150m0.001041,821,6.240046526338523e-8,0.1104158760705328,0.7653626438755036,0.7877146747125828
L48T16beta4.20ms0.035150m0.001041,822,6.234317005428976e-8,0.11031449380230421,0.7646598989115097,0.7869914064355797
L48T16beta4.20ms0.035150m0.001041,823,6.240436968325065e-8,0.11042278483216089,0.7654105328952149,0.7877639623070141
L48T16beta4.20ms0.035150m0.001041,824,6.247878273680319e-8,0.11055445664685662,0.7663232339650775,0.788703318352295
L48T16beta4.20ms0.035150m0.001041,825,6.245527524016095e-8,0.11051286078975808,0.7660349066312178,0.7884065705637539
L48T16beta4.20ms0.035150m0.001041,826,6.246160957279079e-8,0.11052406921398526,0.7661125993463009,0.7884865322554814
L48T16beta4.20ms0.035150m0.001041,827,6.242609322908654e-8,0.11046122403825823,0.7656769794738603,0.7880381903238967
L48T16beta4.20ms0.035150m0.001041,828,6.247624527985529e-8,0.1105499666878361,0.7662921112042108,0.7886712866668601
L48T16beta4.20ms0.035150m0.001041,829,6.246284801823805e-8,0.11052626060852772,0.7661277892952509,0.7885021658192459
L48T16beta4.20ms0.035150m0.001041,830,6.24438675096769e-8,0.110492675130083,0.7658949869891599,0.7882625646389658
L48T16beta4.20ms0.035150m0.001041,831,6.247779912008669e-8,0.11055271616461804,0.7663111695760139,0.7886909016288204
L48T16beta4.20ms0.035150m0.001041,832,6.246509508300028e-8,0.11053023672670667,0.7661553502985242,0.7885305317277495
L48T16beta4.20ms0.035150m0.001041,833,6.247276696319423e-8,0.11054381190389723,0.7662494484832727,0.7886273780026275
L48T16beta4.20ms0.035150m0.001041,834,6.245849885668727e-8,0.11051856488894013,0.7660744453695431,0.7884472640110337
L48T16beta4.20ms0.035150m0.001041,835,6.247901134863656e-8,0.11055486116909463,0.7663260379659208,0.7887062042425719
L48T16beta4.20ms0.035150m0.001041,836,6.24786501759481e-8,0.11055422208413525,0.7663216080617115,0.7887016449652394
L48T16beta4.20ms0.035150m0.001041,837,6.247831259115322e-8,0.11055362473729308,0.7663174674709312,0.7886973834505893
L48T16beta4.20ms0.035150m0.001041,838,6.24679333909134e-8,0.11053525903308632,0.7661901630974249,0.7885663612169221
L48T16beta4.20ms0.035150m0.001041,839,6.247254876054652e-8,0.11054342580042179,0.7662467721545843,0.7886246235131066
L48T16beta4.20ms0.035150m0.001041,840,6.247228775034688e-8,0.11054296395018179,0.7662435707769081,0.7886213286408065
L48T16beta4.20ms0.035150m0.001041,841,6.247229263648428e-8,0.1105429725960651,0.7662436307070227,0.78862139032115
L48T16beta4.20ms0.035150m0.001041,842,6.247742200348626e-8,0.11055204886735284,0.7663065441143745,0.7886861410829016
L48T16beta4.20ms0.035150m0.001041,843,6.247874532348994e-8,0.11055439044504639,0.7663227750782372,0.7887028460638955
L48T16beta4.20ms0.035150m0.001041,844,6.247086444305224e-8,0.11054044544777654,0.7662261134353727,0.7886033614663972
L48T16beta4.20ms0.035150m0.001041,845,6.247304508756678e-8,0.11054430403718696,0.7662528597720218,0.7886308889163478
L48T16beta4.20ms0.035150m0.001041,846,6.245733524061883e-8,0.11051650590288828,0.7660601732280321,0.7884325750588125
L48T16beta4.20ms0.035150m0.001041,847,6.237443499028574e-8,0.11036981623113089,0.7650433738419207,0.7873860805583454
L48T16beta4.20ms0.035150m0.001041,848,6.243179290070238e-8,0.11047130944759165,0.765746887858657,0.7881101403478892
L48T16beta4.20ms0.035150m0.001041,849,6.24553070200063e-8,0.11051291702330458,0.7660352964216842,0.7884069717378548
L48T16beta4.20ms0.035150m0.001041,850,6.247076357687737e-8,0.11054026696790434,0.7662248762778939,0.7886020881783569
L48T16beta4.20ms0.035150m0.001041,851,6.247391748838964e-8,0.11054584772601579,0.7662635600608336,0.7886419017017093
L48T16beta4.20ms0.035150m0.001041,852,6.247869934810921e-8,0.11055430909289751,0.7663222111747663,0.7887022656919075
L48T16beta4.20ms0.035150m0.001041,853,6.246450433232705e-8,0.11052919140993141,0.7661481045433007,0.7885230743638911
L48T16beta4.20ms0.035150m0.001041,854,6.246693372206652e-8,0.1105334901470525,0.7661779018235959,0.7885537418587615
L48T16beta4.20ms0.035150m0.001041,855,6.247823124695336e-8,0.11055348080100905,0.7663164697570263,0.7886963565989519
L48T16beta4.20ms0.035150m0.001041,856,6.246803834436117e-8,0.11053544474527345,0.7661914503866771,0.7885676861008091
L48T16beta4.20ms0.035150m0.001041,857,6.245120671383465e-8,0.11050566164634243,0.7659850047907006,0.7883552113650981
L48T16beta4.20ms0.035150m0.001041,858,6.246518037944592e-8,0.11053038765637893,0.7661563964880499,0.7885316084707137
L48T16beta4.20ms0.035150m0.001041,859,6.247083305312793e-8,0.11054038990418438,0.7662257284274187,0.7886029652144796
L48T16beta4.20ms0.035150m0.001041,860,6.245449765306022e-8,0.11051148487115578,0.7660253692645211,0.7883967546630627
L48T16beta4.20ms0.035150m0.001041,861,6.245612079835724e-8,0.11051435698131079,0.7660452776862081,0.7884172445001859
L48T16beta4.20ms0.035150m0.001041,862,6.2461786327462e-8,0.11052438197642683,0.7661147673016503,0.7884887635248756
L48T16beta4.20ms0.035150m0.001041,863,6.245839915937084e-8,0.11051838847733025,0.7660732225485054,0.788446005478123
L48T16beta4.20ms0.035150m0.001041,864,6.24485350958401e-8,0.11050093429310637,0.7659522364995811,0.7883214860925275
L48T16beta4.20ms0.035150m0.001041,865,6.247654462922295e-8,0.11055049637816039,0.7662957828246468,0.7886750655151232
L48T16beta4.20ms0.035150m0.001041,866,6.246736722487087e-8,0.11053425721812671,0.7661832188809459,0.7885592141980955
L48T16beta4.20ms0.035150m0.001041,867,6.247879206845199e-8,0.11055447315894787,0.7663233484208812,0.7887034361507229
L48T16beta4.20ms0.035150m0.001041,868,6.245941808063531e-8,0.11052019142997793,0.7660857199596959,0.7884588678699178
L48T16beta4.20ms0.035150m0.001041,869,6.246373479862023e-8,0.11052782974158415,0.7661386659541827,0.788513360125528
L48T16beta4.20ms0.035150m0.001041,870,6.243391066476597e-8,0.11047505677180477,0.7657728629454766,0.7881368740240471
L48T16beta4.20ms0.035150m0.001041,871,6.244196444255386e-8,0.11048930770609466,0.765871645232354,0.7882385411978994
L48T16beta4.20ms0.035150m0.001041,872,6.24424950534443e-8,0.1104902466072082,0.7658781533529628,0.7882452393848953
L48T16beta4.20ms0.035150m0.001041,873,6.246699886530447e-8,0.11053360541618804,0.7661787008272671,0.7885545641969328
L48T16beta4.20ms0.035150m0.001041,874,6.247523501669077e-8,0.11054817905545386,0.7662797199875213,0.7886585335709232
L48T16beta4.20ms0.035150m0.001041,875,6.242976455538902e-8,0.11046772034735333,0.7657220095228117,0.7880845354527658
L48T16beta4.20ms0.035150m0.001041,876,6.24680246618909e-8,0.11053542053452542,0.7661912825665884,0.7885675133796191
L48T16beta4.20ms0.035150m0.001041,877,6.244944616690417e-8,0.11050254640784427,0.7659634110918766,0.7883329870331672
L48T16beta4.20ms0.035150m0.001041,878,6.244759588514137e-8,0.11049927238607288,0.765940716765225,0.7883096299301269
L48T16beta4.20ms0.035150m0.001041,879,6.243703354044324e-8,0.11048058261287518,0.7658111660634865,0.788176295765342
L48T16beta4.20ms0.035150m0.001041,880,6.245545068323234e-8,0.11051317123136051,0.7660370584993554,0.7884087852761176
L48T16beta4.20ms0.035150m0.001041,881,6.244999789752969e-8,0.11050352267973765,0.7659701782531224,0.7883399518259515
L48T16beta4.20ms0.035150m0.001041,882,6.246378921200988e-8,0.11052792602455355,0.7661393333526642,0.7885140470150462
L48T16beta4.20ms0.035150m0.001041,883,6.24544467605897e-8,0.11051139481835417,0.7660247450512943,0.7883961122200026
L48T16beta4.20ms0.035150m0.001041,884,6.247228175712757e-8,0.11054295334534803,0.7662434972680623,0.7886212529851719
L48T16beta4.20ms0.035150m0.001041,885,6.247715506419426e-8,0.11055157652574996,0.766303270014391,0.7886827713644758
L48T16beta4.20ms0.035150m0.001041,886,6.246548385037987e-8,0.11053092463969937,0.7661601186608792,0.7885354393477272
L48T16beta4.20ms0.035150m0.001041,887,6.247705513925838e-8,0.11055139971137382,0.7663020444015244,0.7886815099582023
L48T16beta4.20ms0.035150m0.001041,888,6.245361645609264e-8,0.11050992561779516,0.766014561088043,0.7883856308392299
L48T16beta4.20ms0.035150m0.001041,889,6.247738685358438e-8,0.11055198667058566,0.766306112989034,0.7886856973667624
L48T16beta4.20ms0.035150m0.001041,890,6.244938603247877e-8,0.11050244000166226,0.7659626735229719,0.7883322279239338
L48T16beta4.20ms0.035150m0.001041,891,6.245235737585372e-8,0.11050769771056665,0.7659991180464497,0.7883697367913787
L48T16beta4.20ms0.035150m0.001041,892,6.246050789402859e-8,0.11052211982426255,0.7660990868866329,0.788472625171229
L48T16beta4.20ms0.035150m0.001041,893,6.246418468750491e-8,0.11052862580736869,0.7661441839923058,0.7885190393151774
L48T16beta4.20ms0.035150m0.001041,894,6.2468757077109e-8,0.11053671652274621,0.7662002658849879,0.7885767590513115
L48T16beta4.20ms0.035150m0.001041,895,6.246605084436397e-8,0.11053192791967839,0.7661670730323394,0.7885425968181061
L48T16beta4.20ms0.035150m0.001041,896,6.246572873656102e-8,0.1105313579589401,0.7661631222720585,0.7885385306778594
L48T16beta4.20ms0.035150m0.001041,897,6.246373938255873e-8,0.11052783785273496,0.7661387221777264,0.788513417991052
L48T16beta4.20ms0.035150m0.001041,898,6.246342497684649e-8,0.11052728152063052,0.7661348658861722,0.7885094490784437
L48T16beta4.20ms0.035150m0.001041,899,6.245310907949095e-8,0.11050902782910502,0.7660083379437818,0.7883792259511723
L48T16beta4.20ms0.035150m0.001041,900,6.24787541586688e-8,0.110554406078648,0.7663228834446704,0.7887029575951159
L48T16beta4.20ms0.035150m0.001041,901,6.239527646217129e-8,0.11040669463207116,0.7652990014876,0.7876491736807693
L48T16beta4.20ms0.035150m0.001041,902,6.247178895852512e-8,0.11054208135201936,0.7662374529278531,0.7886150321230487
L48T16beta4.20ms0.035150m0.001041,903,6.247367724249129e-8,0.11054542261762555,0.76626061336428,0.7886388689483658
L48T16beta4.20ms0.035150m0.001041,904,6.245198832086407e-8,0.11050704467809598,0.7659945914631714,0.7883650780115138
L48T16beta4.20ms0.035150m0.001041,905,6.24630104864271e-8,0.11052654809143914,0.7661297820221031,0.788504216742683
L48T16beta4.20ms0.035150m0.001041,906,6.245548289811625e-8,0.11051322823469556,0.7660374536257157,0.7884091919419444
L48T16beta4.20ms0.035150m0.001041,907,6.245731147628967e-8,0.11051646385257324,0.7660598817505612,0.7884322750688887
L48T16beta4.20ms0.035150m0.001041,908,6.246378095839824e-8,0.11052791142001885,0.7661392321193479,0.7885139428252619
L48T16beta4.20ms0.035150m0.001041,909,6.246112732210646e-8,0.11052321588490237,0.7661066843798465,0.7884804445454084
L48T16beta4.20ms0.035150m0.001041,910,6.247352972270401e-8,0.11054516158549252,0.7662588039845911,0.7886370067266537
L48T16beta4.20ms0.035150m0.001041,911,6.247004884528607e-8,0.11053900227036603,0.7662161098551106,0.7885930657366079
L48T16beta4.20ms0.035150m0.001041,912,6.24677584520371e-8,0.110534949483643,0.7661880174134094,0.7885641528692847
L48T16beta4.20ms0.035150m0.001041,913,6.24702559047354e-8,0.11053936865626396,0.7662186495087319,0.7885956795595351
L48T16beta4.20ms0.035150m0.001041,914,6.247814511673581e-8,0.11055332839600075,0.7663154133410086,0.788695269330836
L48T16beta4.20ms0.035150m0.001041,915,6.242003608648923e-8,0.11045050609403229,0.7656026865875326,0.7879617277512125
L48T16beta4.20ms0.035150m0.001041,916,6.24385024229652e-8,0.11048318175936908,0.765829182400477,0.7881948382603874
L48T16beta4.20ms0.035150m0.001041,917,6.247291616455822e-8,0.11054407591153316,0.766251278488064,0.7886292614517877
L48T16beta4.20ms0.035150m0.001041,918,6.247900842709182e-8,0.11055485599950302,0.7663260021321942,0.7887061673623392
L48T16beta4.20ms0.035150m0.001041,919,6.247614700258452e-8,0.11054979278895724,0.7662909058005096,0.7886700460599505
L48T16beta4.20ms0.035150m0.001041,920,6.241123095092779e-8,0.1104349256532001,0.7654946886454572,0.78785057578359
L48T16beta4.20ms0.035150m0.001041,921,6.236710491308333e-8,0.11035684586476338,0.7649534679855498,0.7872935490466852
L48T16beta4.20ms0.035150m0.001041,922,6.241965313241651e-8,0.11044982846752331,0.7655979895273369,0.7879568935157376
L48T16beta4.20ms0.035150m0.001041,923,6.243121896193591e-8,0.11047029387901466,0.7657398483071107,0.7881028952097827
L48T16beta4.20ms0.035150m0.001041,924,6.247290895648307e-8,0.11054406315704601,0.7662511900786037,0.7886291704603736
L48T16beta4.20ms0.035150m0.001041,925,6.24655666225553e-8,0.11053107110274618,0.7661611338893838,0.7885364842254694
L48T16beta4.20ms0.035150m0.001041,926,6.246586835796501e-8,0.11053160501510506,0.7661648347754261,0.788540293194026
L48T16beta4.20ms0.035150m0.001041,927,6.247880882401613e-8,0.11055450280744947,0.7663235539334974,0.7887036476652316
L48T16beta4.20ms0.035150m0.001041,928,6.247643223320076e-8,0.11055029749654621,0.7662944042497221,0.7886736466796115
L48T16beta4.20ms0.035150m0.001041,929,6.245757743835532e-8,0.11051693446500147,0.7660631438645353,0.7884356324512598
L48T16beta4.20ms0.035150m0.001041,930,6.244992382706866e-8,0.11050339161413084,0.7659692697540649,0.7883390167946362
L48T16beta4.20ms0.035150m0.001041,931,6.247898902478794e-8,0.11055482166766957,0.766325764156427,0.7887059224366095
L48T16beta4.20ms0.035150m0.001041,932,6.245304332407794e-8,0.11050891147674283,0.766007531431578,0.7883783958851854
L48T16beta4.20ms0.035150m0.001041,933,6.247866361893474e-8,0.1105542458711237,0.766321772944453,0.7887018146632985
L48T16beta4.20ms0.035150m0.001041,934,6.247430643754017e-8,0.11054653596064708,0.7662683306526701,0.7886468116162795
L48T16beta4.20ms0.035150m0.001041,935,6.24712385349194e-8,0.11054110739286091,0.7662307017976436,0.7886080838294791
L48T16beta4.20ms0.035150m0.001041,936,6.245086249823874e-8,0.11050505256648349,0.7659807828709211,0.7883508661462761
L48T16beta4.20ms0.035150m0.001041,937,6.24568539728741e-8,0.11051565431308949,0.7660542703176617,0.7884264997569155
L48T16beta4.20ms0.035150m0.001041,938,6.245665094165575e-8,0.11051529505503349,0.7660517800716449,0.7884239367845169
L48T16beta4.20ms0.035150m0.001041,939,6.245113795183911e-8,0.11050553997391666,0.7659841614017534,0.7883543433454011
L48T16beta4.20ms0.035150m0.001041,940,6.246116465244299e-8,0.1105232819398876,0.7661071422489496,0.7884809157863482
L48T16beta4.20ms0.035150m0.001041,941,6.24657688925587e-8,0.11053142901385363,0.7661636147988437,0.7885390375886415
L48T16beta4.20ms0.035150m0.001041,942,6.246219856328392e-8,0.11052511141617113,0.766119823512325,0.7884939673996385
L48T16beta4.20ms0.035150m0.001041,943,6.246764133167573e-8,0.11053474224244292,0.7661865808928793,0.7885626743958954
L48T16beta4.20ms0.035150m0.001041,944,6.247783188464405e-8,0.11055277414058487,0.7663115714443034,0.788691315233471
L48T16beta4.20ms0.035150m0.001041,945,6.24408841019528e-8,0.11048739607365063,0.765858394492392,0.7882249034767455
L48T16beta4.20ms0.035150m0.001041,946,6.245412324139111e-8,0.1105108223601908,0.766020776979772,0.7883920282629485
L48T16beta4.20ms0.035150m0.001041,947,6.245629619952846e-8,0.11051466734877202,0.7660474290404259,0.7884194586836208
L48T16beta4.20ms0.035150m0.001041,948,6.246321130892996e-8,0.1105269034412349,0.7661322451774832,0.7885067518332763
L48T16beta4.20ms0.035150m0.001041,949,6.245870320281214e-8,0.1105189264736864,0.7660769517433296,0.7884498435822053
L48T16beta4.20ms0.035150m0.001041,950,6.246473192487623e-8,0.11052959412857459,0.7661508960422811,0.7885259473871944
L48T16beta4.20ms0.035150m0.001041,951,6.246795694274762e-8,0.1105353007073975,0.7661904519685739,0.7885666585244077
L48T16beta4.20ms0.035150m0.001041,952,6.245696096149153e-8,0.11051584362645234,0.7660555825689527,0.7884278503318449
L48T16beta4.20ms0.035150m0.001041,953,6.245256648598984e-8,0.11050806772509741,0.7660016828524325,0.7883723765012295
L48T16beta4.20ms0.035150m0.001041,954,6.246280584709542e-8,0.11052618598787162,0.7661272720520368,0.788501633470204
L48T16beta4.20ms0.035150m0.001041,955,6.246629290139017e-8,0.11053235623280867,0.766170041942984,0.7885456524342919
L48T16beta4.20ms0.035150m0.001041,956,6.245555229483994e-8,0.11051335103025503,0.7660383047998167,0.7884100679741566
L48T16beta4.20ms0.035150m0.001041,957,6.245702092752446e-8,0.11051594973466855,0.7660563180724671,0.7884286073153693
L48T16beta4.20ms0.035150m0.001041,958,6.232689258485312e-8,0.11028569127590522,0.7644602502872401,0.7867859271737138
L48T16beta4.20ms0.035150m0.001041,959,6.24577153623255e-8,0.11051717851760484,0.7660648355483077,0.7884373735398054
L48T16beta4.20ms0.035150m0.001041,960,6.246272914510505e-8,0.11052605026584732,0.7661263312763889,0.7885006652196768
L48T16beta4.20ms0.035150m0.001041,961,6.242251297402717e-8,0.1104548888771778,0.7656330664442631,0.7879929948363698
L48T16beta4.20ms0.035150m0.001041,962,6.243386087886819e-8,0.11047496867705264,0.7657722523047356,0.7881362455498505
L48T16beta4.20ms0.035150m0.001041,963,6.24612263860071e-8,0.11052339117570074,0.766107899431827,0.7884816950823704
L48T16beta4.20ms0.035150m0.001041,964,6.245830065017854e-8,0.11051821416807273,0.7660720143002087,0.7884447619435428
L48T16beta4.20ms0.035150m0.001041,965,6.24530222356365e-8,0.1105088741613362,0.766007272774768,0.7883781296744335
L48T16beta4.20ms0.035150m0.001041,966,6.246062738498393e-8,0.11052233126016228,0.7661005524832932,0.7884741335699023
L48T16beta4.20ms0.035150m0.001041,967,6.245264941411907e-8,0.11050821446410011,0.7660026999937628,0.7883734233476604
L48T16beta4.20ms0.035150m0.001041,968,6.245791255585355e-8,0.1105175274460313,0.7660672541930942,0.7884398628198956
L48T16beta4.20ms0.035150m0.001041,969,6.247434522719725e-8,0.11054660459785917,0.7662688064208295,0.7886473012790086
L48T16beta4.20ms0.035150m0.001041,970,6.246919406547066e-8,0.1105374897614165,0.7662056256938676,0.7885822753907121
L48T16beta4.20ms0.035150m0.001041,971,6.246500070252195e-8,0.11053006972309293,0.7661541926902898,0.7885293403121492
L48T16beta4.20ms0.035150m0.001041,972,6.24625587877785e-8,0.110525748823328,0.7661242417866182,0.7884985147074088
L48T16beta4.20ms0.035150m0.001041,973,6.246150710306015e-8,0.11052388789666603,0.7661113425206726,0.7884852387248931
L48T16beta4.20ms0.035150m0.001041,974,6.246460687820098e-8,0.11052937286198404,0.766149362302852,0.7885243688556771
L48T16beta4.20ms0.035150m0.001041,975,6.245429141661859e-8,0.11051111994154693,0.7660228397053654,0.7883941512294048
L48T16beta4.20ms0.035150m0.001041,976,6.236708043360839e-8,0.11035680254901789,0.7649531677365758,0.7872932400290912
L48T16beta4.20ms0.035150m0.001041,977,6.244930881261997e-8,0.11050230336328429,0.7659617263954939,0.7883312531360744
L48T16beta4.20ms0.035150m0.001041,978,6.245033380745403e-8,0.1105041170629433,0.7659742983010533,0.7883441921978088
L48T16beta4.20ms0.035150m0.001041,979,6.246563203113088e-8,0.11053118684138923,0.7661619361475099,0.7885373099131403
L48T16beta4.20ms0.035150m0.001041,980,6.245589603534725e-8,0.11051395926945796,0.766042520892475,0.7884144071956792
L48T16beta4.20ms0.035150m0.001041,981,6.245272908548974e-8,0.11050835544035971,0.7660036771898564,0.7883744290822742
L48T16beta4.20ms0.035150m0.001041,982,6.246265851511229e-8,0.11052592528805277,0.7661254649758289,0.788499773619245
L48T16beta4.20ms0.035150m0.001041,983,6.245630571870495e-8,0.11051468419268828,0.7660475457963196,0.7884195788493118
L48T16beta4.20ms0.035150m0.001041,984,6.245609899343976e-8,0.11051431839811984,0.7660450102415789,0.7884169692449708
L48T16beta4.20ms0.035150m0.001041,985,6.245855923643628e-8,0.11051867172921538,0.7660751859474242,0.7884480262171191
L48T16beta4.20ms0.035150m0.001041,986,6.24512913988845e-8,0.11050581149416694,0.7659860434812515,0.7883562803900839
L48T16beta4.20ms0.035150m0.001041,987,6.247029753406356e-8,0.11053944231819451,0.7662191601064098,0.7885962050689612
L48T16beta4.20ms0.035150m0.001041,988,6.245006591998086e-8,0.11050364304356036,0.7659710125713098,0.7883408105099817
L48T16beta4.20ms0.035150m0.001041,989,6.245545096016426e-8,0.11051317172138378,0.7660370618960184,0.7884087887719784
L48T16beta4.20ms0.035150m0.001041,990,6.2450636786452e-8,0.11050465317579679,0.7659780144401229,0.7883480168648498
L48T16beta4.20ms0.035150m0.001041,991,6.245406361517054e-8,0.11051071685326305,0.7660200456441703,0.7883912755690586
L48T16beta4.20ms0.035150m0.001041,992,6.244738100352224e-8,0.1104988921590645,0.7659380811700665,0.7883069173637381
L48T16beta4.20ms0.035150m0.001041,993,6.247881665939128e-8,0.11055451667192641,0.7663236500370026,0.7887037465753913
L48T16beta4.20ms0.035150m0.001041,994,6.245993651419884e-8,0.11052110878365246,0.7660920787213041,0.7884654123359588
L48T16beta4.20ms0.035150m0.001041,995,6.245191179366318e-8,0.11050690926535678,0.7659936528313751,0.7883641119674483
L48T16beta4.20ms0.035150m0.001041,996,6.245438655748909e-8,0.11051128829065333,0.766024006640065,0.788395352243845
L48T16beta4.20ms0.035150m0.001041,997,6.245291182304805e-8,0.11050867878935247,0.7660059185273235,0.788376735876874
L48T16beta4.20ms0.035150m0.001041,998,6.245508485929317e-8,0.11051252391614319,0.7660325715459955,0.7884041672835428
L48T16beta4.20ms0.035150m0.001041,999,6.245799564766143e-8,0.11051767447465877,0.7660682733419979,0.7884409117325302
L48T16beta4.20ms0.035150m0.001041,1000,6.243464108369057e-8,0.11047634922764013,0.7657818217786666,0.7881460944954518
L48T16beta4.20ms0.035150m0.001041,1001,6.245849365869933e-8,0.11051855569124602,0.7660743816144769,0.7884471983940329
L48T16beta4.20ms0.035150m0.001041,1002,6.245860103303238e-8,0.11051874568712186,0.7660756985966994,0.7884485538380585
L48T16beta4.20ms0.035150m0.001041,1003,6.245674542622109e-8,0.1105154622428263,0.7660529389565415,0.7884251295140637
L48T16beta4.20ms0.035150m0.001041,1004,6.245220838477054e-8,0.11050743407501669,0.7659972906208229,0.7883678559967061
L48T16beta4.20ms0.035150m0.001041,1005,6.24517195185122e-8,0.11050656903986081,0.7659912945121335,0.7883616847746802
L48T16beta4.20ms0.035150m0.001041,1006,6.244929022883453e-8,0.11050227047979629,0.76596149845913,0.7883310185429437
L48T16beta4.20ms0.035150m0.001041,1007,6.245819288952541e-8,0.11051802348861431,0.7660706925796408,0.7884434016227909
L48T16beta4.20ms0.035150m0.001041,1008,6.246034908732887e-8,0.11052183882025399,0.766097139069176,0.7884706204687435
L48T16beta4.20ms0.035150m0.001041,1009,6.24540883817904e-8,0.11051076067710341,0.7660203494150728,0.7883915882114375
L48T16beta4.20ms0.035150m0.001041,1010,6.245853769952658e-8,0.11051863362025671,0.7660749217900004,0.7884477543451106
L48T16beta4.20ms0.035150m0.001041,1011,6.246182536637388e-8,0.11052445105468832,0.7661152461270033,0.7884892563340821
L48T16beta4.20ms0.035150m0.001041,1012,6.246417020169027e-8,0.1105286001751253,0.7661440063189288,0.7885188564529388
L48T16beta4.20ms0.035150m0.001041,1013,6.247248387614183e-8,0.11054331098928444,0.7662459763255898,0.7886238044423268
L48T16beta4.20ms0.035150m0.001041,1014,6.24647062215957e-8,0.11052954864733938,0.7661505807829212,0.7885256229208435
L48T16beta4.20ms0.035150m0.001041,1015,6.247751243589278e-8,0.11055220888496406,0.7663076532981833,0.7886872826598653
L48T16beta4.20ms0.035150m0.001041,1016,6.247765327440699e-8,0.11055245809477149,0.7663093807298161,0.7886890605402697
L48T16beta4.20ms0.035150m0.001041,1017,6.247486191160746e-8,0.11054751885645589,0.7662751437284855,0.7886538236645453
L48T16beta4.20ms0.035150m0.001041,1018,6.240427182935819e-8,0.11042261168243808,0.7654093326843906,0.7877627270446367
L48T16beta4.20ms0.035150m0.001041,1019,6.246658171091649e-8,0.11053286727317882,0.7661735842887294,0.7885492982324621
L48T16beta4.20ms0.035150m0.001041,1020,6.239055561068129e-8,0.11039834121754344,0.7652410986600734,0.787589579830305
L48T16beta4.20ms0.035150m0.001041,1021,6.246930215349376e-8,0.11053768102014691,0.7662069514297382,0.7885836398440316
L48T16beta4.20ms0.035150m0.001041,1022,6.2469756417959e-8,0.11053848482839876,0.7662125231358251,0.7885893742689908
L48T16beta4.20ms0.035150m0.001041,1023,6.242023938973772e-8,0.11045086583343798,0.7656051801700902,0.7879642941575937
L48T16beta4.20ms0.035150m0.001041,1024,6.24551982198269e-8,0.11051272450443356,0.766033961950978,0.7884055982946031
L48T16beta4.20ms0.035150m0.001041,1025,6.245437552545924e-8,0.11051126876978541,0.7660238713285173,0.7883952129805918
L48T16beta4.20ms0.035150m0.001041,1026,6.245746245824683e-8,0.11051673101091894,0.7660617335949251,0.7884341809954354
L48T16beta4.20ms0.035150m0.001041,1027,6.247892659187384e-8,0.11055471119437618,0.7663249983957872,0.7887051343123156
L48T16beta4.20ms0.035150m0.001041,1028,6.246316578175152e-8,0.11052682288216742,0.7661316867713638,0.7885061771191872
L48T16beta4.20ms0.035150m0.001041,1029,6.247343622027433e-8,0.11054499613556126,0.766257657145918,0.7886358263951343
L48T16beta4.20ms0.035150m0.001041,1030,6.246736171335676e-8,0.11053424746565682,0.7661831512803761,0.7885591446232851
L48T16beta4.20ms0.035150m0.001041,1031,6.241892016900737e-8,0.11044853150929382,0.7655889994851902,0.7879476409239343
L48T16beta4.20ms0.035150m0.001041,1032,6.242480893770721e-8,0.11045895152062266,0.7656612272091706,0.7880219780222442
L48T16beta4.20ms0.035150m0.001041,1033,6.247506144935245e-8,0.11054787193290858,0.7662775911258792,0.7886563425369483
L48T16beta4.20ms0.035150m0.001041,1034,6.243553933604474e-8,0.11047793866002976,0.7657928391451839,0.7881574336186136
L48T16beta4.20ms0.035150m0.001041,1035,6.247466813871683e-8,0.11054717598075156,0.7662727670389646,0.7886513775650031
L48T16beta4.20ms0.035150m0.001041,1036,6.24778995165296e-8,0.11055289381331267,0.7663124009720724,0.7886921689871811
L48T16beta4.20ms0.035150m0.001041,1037,6.241085320244025e-8,0.11043425723782835,0.7654900554335105,0.78784580726102
L48T16beta4.20ms0.035150m0.001041,1038,6.245087674459758e-8,0.11050507777501657,0.7659809576072923,0.7883510459857351
L48T16beta4.20ms0.035150m0.001041,1039,6.237960389765454e-8,0.11037896246799059,0.7651067722251383,0.7874513304594389
L48T16beta4.20ms0.035150m0.001041,1040,6.199997610862098e-8,0.1097072217248738,0.7604505100149618,0.7826590844547302
L48T16beta4.20ms0.035150m0.001041,1041,6.245302286442665e-8,0.11050887527396275,0.76600728048709,0.78837813761199
L48T16beta4.20ms0.035150m0.001041,1042,6.246574421665459e-8,0.11053138535053222,0.7661633121406002,0.7885387260914163
L48T16beta4.20ms0.035150m0.001041,1043,6.247508991172444e-8,0.11054792229627887,0.7662779402264217,0.7886567018327963
L48T16beta4.20ms0.035150m0.001041,1044,6.247913193430597e-8,0.11055507454206025,0.7663275169896164,0.7887077264604102
L48T16beta4.20ms0.035150m0.001041,1045,6.24260091327085e-8,0.11046107523207198,0.7656759480035664,0.788037128730032
L48T16beta4.20ms0.035150m0.001041,1046,6.246782775616771e-8,0.1105350721153616,0.766188867451825,0.7885650277326445
L48T16beta4.20ms0.035150m0.001041,1047,6.24650988582472e-8,0.11053024340690037,0.7661553966031944,0.7885305793847243
L48T16beta4.20ms0.035150m0.001041,1048,6.243650663128053e-8,0.11047965026186521,0.7658047033458103,0.7881696443072485
L48T16beta4.20ms0.035150m0.001041,1049,6.245744698481931e-8,0.1105167036311222,0.7660615438081447,0.7884339856660275
L48T16beta4.20ms0.035150m0.001041,1050,6.247050366885668e-8,0.11053980706793917,0.7662216884188124,0.7885988072194553
L48T16beta4.20ms0.035150m0.001041,1051,6.242558278425423e-8,0.1104603208204199,0.7656707186967208,0.7880317467039115
L48T16beta4.20ms0.035150m0.001041,1052,6.244301087522028e-8,0.11049115933939778,0.7658844800801203,0.7882517508809355
L48T16beta4.20ms0.035150m0.001041,1053,6.247856993444305e-8,0.11055408009903882,0.7663206238727283,0.7887006320335123
L48T16beta4.20ms0.035150m0.001041,1054,6.247567505007468e-8,0.11054895768220574,0.7662851171446207,0.7886640883492795
L48T16beta4.20ms0.035150m0.001041,1055,6.245730552242574e-8,0.11051645331737772,0.7660598087244223,0.7884321999100582
L48T16beta4.20ms0.035150m0.001041,1056,6.245244301810215e-8,0.11050784925212725,0.7660001684773625,0.7883708178995976
L48T16beta4.20ms0.035150m0.001041,1057,6.245081440219138e-8,0.11050496746187438,0.7659801929567623,0.7883502590039713
L48T16beta4.20ms0.035150m0.001041,1058,6.245306361318242e-8,0.11050894737774514,0.7660077802842521,0.7883786520054767
L48T16beta4.20ms0.035150m0.001041,1059,6.245432969456984e-8,0.11051118767330988,0.766023309197281,0.7883946344325956
L48T16beta4.20ms0.035150m0.001041,1060,6.246471534070963e-8,0.11052956478335615,0.7661506926319134,0.7885257380363292
L48T16beta4.20ms0.035150m0.001041,1061,6.245461233015209e-8,0.11051168778905887,0.766026775817531,0.7883982022937454
L48T16beta4.20ms0.035150m0.001041,1062,6.245767726263615e-8,0.11051711110127133,0.7660643682428342,0.7884368925869107
L48T16beta4.20ms0.035150m0.001041,1063,6.245840915825311e-8,0.11051840617007246,0.7660733451881514,0.7884461316993981
L48T16beta4.20ms0.035150m0.001041,1064,6.245287387852084e-8,0.11050861164757403,0.7660054531249657,0.7883762568826745
L48T16beta4.20ms0.035150m0.001041,1065,6.245196822310009e-8,0.11050700911566536,0.7659943449573527,0.7883648243066168
L48T16beta4.20ms0.035150m0.001041,1066,6.244515940045986e-8,0.11049496109465051,0.7659108324630852,0.7882788728719827
L48T16beta4.20ms0.035150m0.001041,1067,6.245102112003021e-8,0.1105053332433021,0.7659827284204163,0.7883528685145652
L48T16beta4.20ms0.035150m0.001041,1068,6.244307642994218e-8,0.11049127533664266,0.7658852841307803,0.7882525784134903
L48T16beta4.20ms0.035150m0.001041,1069,6.244482162692327e-8,0.11049436341383517,0.7659066895573247,0.7882746089747444
L48T16beta4.20ms0.035150m0.001041,1070,6.244326479233776e-8,0.11049160863862748,0.7658875944587639,0.78825495621344
L48T16beta4.20ms0.035150m0.001041,1071,6.24497202044139e-8,0.11050303130954467,0.765966772253882,0.7883364463562175
L48T16beta4.20ms0.035150m0.001041,1072,6.245084554543694e-8,0.1105050225689754,0.7659805749391188,0.7883506521419301
L48T16beta4.20ms0.035150m0.001041,1073,6.245428162168269e-8,0.11051110260968211,0.76602271956719,0.7883940275826545
L48T16beta4.20ms0.035150m0.001041,1074,6.245189942662174e-8,0.11050688738222322,0.7659935011454623,0.7883639558516247
L48T16beta4.20ms0.035150m0.001041,1075,6.245470424498146e-8,0.11051185042977583,0.7660279031837536,0.7883993625841311
L48T16beta4.20ms0.035150m0.001041,1076,6.245940808244327e-8,0.11052017373845704,0.7660855973285158,0.7884587416573559
L48T16beta4.20ms0.035150m0.001041,1077,6.24651156442338e-8,0.11053027310923366,0.7661556024889523,0.7885307912832721
L48T16beta4.20ms0.035150m0.001041,1078,6.245886564837715e-8,0.11051921391656522,0.7660789441926902,0.7884518942200467
L48T16beta4.20ms0.035150m0.001041,1079,6.247439277975259e-8,0.11054668874077438,0.7662693896688761,0.7886479015605209
L48T16beta4.20ms0.035150m0.001041,1080,6.247214015338198e-8,0.11054270278148512,0.76624176045061,0.78861946544484
L48T16beta4.20ms0.035150m0.001041,1081,6.24534179875998e-8,0.11050957443335419,0.7660121268053857,0.7883831254645726
L48T16beta4.20ms0.035150m0.001041,1082,6.24515027051873e-8,0.11050618539475318,0.7659886352239558,0.7883589478233294
L48T16beta4.20ms0.035150m0.001041,1083,6.246298748609275e-8,0.11052650739299152,0.766129499915285,0.7885039263970772
L48T16beta4.20ms0.035150m0.001041,1084,6.24524223917208e-8,0.11050781275432298,0.7659999154878743,0.7883705575216787
L48T16beta4.20ms0.035150m0.001041,1085,6.245222926691042e-8,0.11050747102537853,0.7659975467472754,0.7883681196032027
L48T16beta4.20ms0.035150m0.001041,1086,6.245952540912344e-8,0.11052038134473247,0.7660870363796151,0.7884602227352182
L48T16beta4.20ms0.035150m0.001041,1087,6.245775146041321e-8,0.11051724239216029,0.7660652783034657,0.788437829225405
L48T16beta4.20ms0.035150m0.001041,1088,6.247368004689414e-8,0.11054542757993786,0.7662606477612217,0.7886389043498528
L48T16beta4.20ms0.035150m0.001041,1089,6.247121587543991e-8,0.1105410672975464,0.7662304238715246,0.7886077977866677
L48T16beta4.20ms0.035150m0.001041,1090,6.24612866339292e-8,0.11052349778271196,0.7661086383928067,0.7884824556243337
L48T16beta4.20ms0.035150m0.001041,1091,6.247329698405423e-8,0.11054474976096841,0.7662559493669601,0.7886340687413513
L48T16beta4.20ms0.035150m0.001041,1092,6.247605526618243e-8,0.11054963046396235,0.7662897806227574,0.7886688880219483
L48T16beta4.20ms0.035150m0.001041,1093,6.247359087053626e-8,0.11054526978486953,0.7662595539832707,0.7886377786286672
L48T16beta4.20ms0.035150m0.001041,1094,6.238382962361543e-8,0.11038643977175805,0.7651586021719196,0.7875046740737319
L48T16beta4.20ms0.035150m0.001041,1095,6.226870034297199e-8,0.11018272173327934,0.7637465029151459,0.7860513351688189
L48T16beta4.20ms0.035150m0.001041,1096,6.244800171054331e-8,0.11049999048275849,0.7659456943499477,0.7883147528827065
L48T16beta4.20ms0.035150m0.001041,1097,6.242191409436392e-8,0.11045382917638233,0.7656257209842494,0.7879854348558931
L48T16beta4.20ms0.035150m0.001041,1098,6.245973257730777e-8,0.11052074792303393,0.7660895773669076,0.7884628379307659
L48T16beta4.20ms0.035150m0.001041,1099,6.246766218326875e-8,0.11053477913875293,0.7661868366446641,0.7885629376167825
L48T16beta4.20ms0.035150m0.001041,1100,6.247571305782548e-8,0.11054902493585658,0.7662855833224371,0.7886645681415845
L48T16beta4.20ms0.035150m0.001041,1101,6.247892299954496e-8,0.11055470483785082,0.7663249543346681,0.7887050889644137
L48T16beta4.20ms0.035150m0.001041,1102,6.247738304862398e-8,0.11055197993781476,0.7663060663199178,0.7886856493346983
L48T16beta4.20ms0.035150m0.001041,1103,6.247279436011757e-8,0.11054386038198595,0.76624978451573,0.7886277238487436
L48T16beta4.20ms0.035150m0.001041,1104,6.247794502370684e-8,0.11055297433698857,0.7663129591328703,0.7886927434487842
L48T16beta4.20ms0.035150m0.001041,1105,6.247646068144805e-8,0.11055034783492323,0.7662947531770203,0.788674005797156
L48T16beta4.20ms0.035150m0.001041,1106,6.247620224746883e-8,0.11054989054323316,0.7662915833975521,0.7886707434458736
L48T16beta4.20ms0.035150m0.001041,1107,6.247331438883853e-8,0.11054478055824689,0.7662561628424794,0.7886342884513158
L48T16beta4.20ms0.035150m0.001041,1108,6.244695175714442e-8,0.11049813261961786,0.7659328163192162,0.7883014987555684
L48T16beta4.20ms0.035150m0.001041,1109,6.245451051784077e-8,0.11051150763502475,0.7660255270553712,0.7883969170621151
L48T16beta4.20ms0.035150m0.001041,1110,6.246960195680491e-8,0.11053821151371149,0.7662106286179433,0.7885874244226677
L48T16beta4.20ms0.035150m0.001041,1111,6.245432543055293e-8,0.11051118012825137,0.7660232568976829,0.7883945806056141
L48T16beta4.20ms0.035150m0.001041,1112,6.242931374040458e-8,0.11046692264286118,0.765716480125764,0.78807884457246
L48T16beta4.20ms0.035150m0.001041,1113,6.244833709712232e-8,0.11050058393991921,0.7659498079788725,0.7883189866480937
L48T16beta4.20ms0.035150m0.001041,1114,6.2459469741723e-8,0.11052028284282608,0.7660863536002704,0.7884595200156465
L48T16beta4.20ms0.035150m0.001041,1115,6.243591371269243e-8,0.1104786011090253,0.7657974310003836,0.7881621595766334
L48T16beta4.20ms0.035150m0.001041,1116,6.245714647757e-8,0.11051617189195875,0.7660578579859019,0.788430192201201
L48T16beta4.20ms0.035150m0.001041,1117,6.246364245799979e-8,0.1105276663474418,0.7661375333654896,0.7885121944601521
L48T16beta4.20ms0.035150m0.001041,1118,6.247612228809722e-8,0.11054974905736395,0.7662906026690302,0.7886697340756686
L48T16beta4.20ms0.035150m0.001041,1119,6.243894101821146e-8,0.11048395784137668,0.7658345619183357,0.7882003748843578
L48T16beta4.20ms0.035150m0.001041,1120,6.247314895707866e-8,0.11054448783137989,0.7662541337664367,0.7886322001171284
L48T16beta4.20ms0.035150m0.001041,1121,6.247748114092763e-8,0.1105521535093995,0.7663072694549353,0.7886868876066685
L48T16beta4.20ms0.035150m0.001041,1122,6.246988517479357e-8,0.11053871266001233,0.7662141023816033,0.7885909996358471
L48T16beta4.20ms0.035150m0.001041,1123,6.247535268882391e-8,0.11054838727299862,0.7662811632757172,0.7886600190096245
L48T16beta4.20ms0.035150m0.001041,1124,6.245996895473444e-8,0.11052116618627186,0.7660924766153582,0.7884658218503083
L48T16beta4.20ms0.035150m0.001041,1125,6.247893446970239e-8,0.11055472513397321,0.7663250950199976,0.7887052337583874
L48T16beta4.20ms0.035150m0.001041,1126,6.247688880330366e-8,0.11055110538455933,0.7663000042352284,0.7886794102098763
L48T16beta4.20ms0.035150m0.001041,1127,6.24787788242714e-8,0.11055444972374116,0.7663231859765623,0.7887032689622995
L48T16beta4.20ms0.035150m0.001041,1128,6.244938124500461e-8,0.1105024315303608,0.765962614802995,0.7883321674890695
L48T16beta4.20ms0.035150m0.001041,1129,6.244696276463011e-8,0.11049815209705557,0.7659329513297216,0.7883016377089876
L48T16beta4.20ms0.035150m0.001041,1130,6.246035632097997e-8,0.11052185161999707,0.7660972277923338,0.7884707117830165
L48T16beta4.20ms0.035150m0.001041,1131,6.243058999112217e-8,0.11046918093277094,0.7657321337690396,0.7880949553725096
L48T16beta4.20ms0.035150m0.001041,1132,6.241259048692331e-8,0.11043733131407715,0.7655113638106116,0.7878677379385507
L48T16beta4.20ms0.035150m0.001041,1133,6.247223471747598e-8,0.11054287011000166,0.7662429203109522,0.7886206591783198
L48T16beta4.20ms0.035150m0.001041,1134,6.239292754323187e-8,0.11040253828577759,0.765270191208668,0.7876195220121401
L48T16beta4.20ms0.035150m0.001041,1135,6.238748773813168e-8,0.11039291270296733,0.7652034701738797,0.787550852423109
L48T16beta4.20ms0.035150m0.001041,1136,6.24085775453915e-8,0.110430230526399,0.7654621437362494,0.7878170804166873
L48T16beta4.20ms0.035150m0.001041,1137,6.247901171244738e-8,0.11055486181284768,0.7663260424281825,0.7887062088351516
L48T16beta4.20ms0.035150m0.001041,1138,6.245535322461744e-8,0.11051299878107027,0.766035863136743,0.7884075550035416
L48T16beta4.20ms0.035150m0.001041,1139,6.246481295759508e-8,0.11052973751370168,0.766151889935767,0.7885269703068394
L48T16beta4.20ms0.035150m0.001041,1140,6.246750590453188e-8,0.11053450260790383,0.7661849198335198,0.7885609648261334
L48T16beta4.20ms0.035150m0.001041,1141,6.247483648987168e-8,0.11054747387340622,0.7662748319223661,0.7886535027522852
L48T16beta4.20ms0.035150m0.001041,1142,6.24659351749568e-8,0.11053172324590116,0.7661656543082496,0.7885411366608932
L48T16beta4.20ms0.035150m0.001041,1143,6.247792857241387e-8,0.11055294522688631,0.7663127573522421,0.7886925357752543
L48T16beta4.20ms0.035150m0.001041,1144,6.245541667699319e-8,0.1105131110582725,0.766036641401422,0.788408355997049
L48T16beta4.20ms0.035150m0.001041,1145,6.241835507569088e-8,0.11044753159249289,0.765582068426056,0.7879405074467063
L48T16beta4.20ms0.035150m0.001041,1146,6.245939831372801e-8,0.11052015645298893,0.7660854775119454,0.7884586183416029
L48T16beta4.20ms0.035150m0.001041,1147,6.240488061115084e-8,0.1104236889047743,0.7654167995973439,0.787770412025025
L48T16beta4.20ms0.035150m0.001041,1148,6.240770217511921e-8,0.11042868158321253,0.765451407026144,0.7878060301463666
L48T16beta4.20ms0.035150m0.001041,1149,6.24703467928431e-8,0.11053952948022566,0.7662197642818688,0.7885968268890605
L48T16beta4.20ms0.035150m0.001041,1150,6.247477389282387e-8,0.11054736310968284,0.7662740641485715,0.7886527125560432
L48T16beta4.20ms0.035150m0.001041,1151,6.246484199327348e-8,0.11052978889152161,0.7661522460681051,0.7885273368398431
L48T16beta4.20ms0.035150m0.001041,1152,6.24355599667861e-8,0.11047797516554894,0.765793092188149,0.7881576940515711
L48T16beta4.20ms0.035150m0.001041,1153,6.244163774471367e-8,0.110488729623414,0.7658676381737262,0.788234417115141
L48T16beta4.20ms0.035150m0.001041,1154,6.208902652391562e-8,0.109864793941326,0.7615427432379104,0.7837832157992765
L48T16beta4.20ms0.035150m0.001041,1155,6.247593533467181e-8,0.11054941824851239,0.7662883096225386,0.7886673740619083
L48T16beta4.20ms0.035150m0.001041,1156,6.246525520785225e-8,0.11053052006314873,0.7661573142835608,0.7885325530699806
L48T16beta4.20ms0.035150m0.001041,1157,6.246156164739018e-8,0.1105239844113308,0.7661120115251819,0.7884859272673423
L48T16beta4.20ms0.035150m0.001041,1158,6.246212841235563e-8,0.11052498728606774,0.7661189630876515,0.7884930818466954
L48T16beta4.20ms0.035150m0.001041,1159,6.242933170810442e-8,0.11046695443620294,0.7657167005056313,0.7880790713884105
L48T16beta4.20ms0.035150m0.001041,1160,6.244169439348966e-8,0.11048882986183693,0.7658683329899711,0.7882351322231447
L48T16beta4.20ms0.035150m0.001041,1161,6.244648456640986e-8,0.11049730593869439,0.7659270860680989,0.788295601155351
L48T16beta4.20ms0.035150m0.001041,1162,6.244055423929016e-8,0.11048681239090524,0.7658543486161549,0.788220739442729
L48T16beta4.20ms0.035150m0.001041,1163,6.240667621108114e-8,0.11042686616857417,0.7654388232329722,0.7877930788498482
L48T16beta4.20ms0.035150m0.001041,1164,6.247075577301756e-8,0.11054025315919291,0.7662247805609349,0.7886019896660322
L48T16beta4.20ms0.035150m0.001041,1165,6.240452376078331e-8,0.11042305746804076,0.765412422707851,0.7877659073106772
L48T16beta4.20ms0.035150m0.001041,1166,6.247720716350229e-8,0.11055166871401673,0.7663039090298851,0.7886834290420959
L48T16beta4.20ms0.035150m0.001041,1167,6.245695002989745e-8,0.1105158242833027,0.7660554484892833,0.7884277123364464
L48T16beta4.20ms0.035150m0.001041,1168,6.243107896903227e-8,0.11047004616549147,0.7657381312471753,0.7881011280039759
L48T16beta4.20ms0.035150m0.001041,1169,6.242406436832452e-8,0.11045763402594792,0.7656520948158642,0.7880125789219872
L48T16beta4.20ms0.035150m0.001041,1170,6.24351485484559e-8,0.11047724717233334,0.7657880460042845,0.7881525004964465
L48T16beta4.20ms0.035150m0.001041,1171,6.246716829910147e-8,0.11053390522454767,0.766180778989638,0.7885567030509899
L48T16beta4.20ms0.035150m0.001041,1172,6.247141409838414e-8,0.11054141804749598,0.766232855142446,0.7886103000616327
L48T16beta4.20ms0.035150m0.001041,1173,6.246721707396664e-8,0.11053399153030591,0.7661813772297249,0.7885573187623774
L48T16beta4.20ms0.035150m0.001041,1174,6.24696625153521e-8,0.11053831867036511,0.766211371388844,0.7885881888858187
L48T16beta4.20ms0.035150m0.001041,1175,6.247526273953502e-8,0.11054822811025052,0.766280060017508,0.7886588835313146
L48T16beta4.20ms0.035150m0.001041,1176,6.247428417436642e-8,0.1105464965665845,0.7662680575873742,0.788646530576249
L48T16beta4.20ms0.035150m0.001041,1177,6.242226712637998e-8,0.11045445385664984,0.7656300510403803,0.7879898913691341
L48T16beta4.20ms0.035150m0.001041,1178,6.247374298559883e-8,0.11054553894821353,0.7662614197255527,0.7886396988590136
L48T16beta4.20ms0.035150m0.001041,1179,6.245399580927319e-8,0.11051059687262625,0.766019213982088,0.7883904196187038
L48T16beta4.20ms0.035150m0.001041,1180,6.23566283109038e-8,0.11033830781055157,0.7648249689445711,0.7871612972558834
L48T16beta4.20ms0.035150m0.001041,1181,6.247286876823821e-8,0.11054399204507201,0.7662506971562961,0.7886286631425182
L48T16beta4.20ms0.035150m0.001041,1182,6.247899986296488e-8,0.1105548408455202,0.7663258970903037,0.7887060592527533
L48T16beta4.20ms0.035150m0.001041,1183,6.244322851552122e-8,0.11049154444781636,0.765887149511437,0.7882544982716504
L48T16beta4.20ms0.035150m0.001041,1184,6.243821048718195e-8,0.11048266518717481,0.7658256017101412,0.7881911529977924
L48T16beta4.20ms0.035150m0.001041,1185,6.244167654338393e-8,0.11048879827657465,0.7658681140524352,0.7882349068916482
L48T16beta4.20ms0.035150m0.001041,1186,6.226713393221314e-8,0.11017995001330105,0.763727290361606,0.7860315615223218
L48T16beta4.20ms0.035150m0.001041,1187,6.246375657610275e-8,0.11052786827622968,0.7661389330623126,0.7885136350344164
L48T16beta4.20ms0.035150m0.001041,1188,6.21829976460844e-8,0.11003107321081225,0.7626953305817301,0.78496946387642
L48T16beta4.20ms0.035150m0.001041,1189,6.247387132998372e-8,0.11054576605000896,0.7662629939124974,0.7886413190192958
L48T16beta4.20ms0.035150m0.001041,1190,6.247809389119204e-8,0.11055323775383535,0.7663147850425264,0.7886946226832128
L48T16beta4.20ms0.035150m0.001041,1191,6.247677034023783e-8,0.11055089576748131,0.7662985512459779,0.788677914786806
L48T16beta4.20ms0.035150m0.001041,1192,6.237696327495568e-8,0.11037428996006238,0.7650743841017207,0.7874179964571766
L48T16beta4.20ms0.035150m0.001041,1193,6.242341868736391e-8,0.1104564915115672,0.7656441753222349,0.7880044281435321
L48T16beta4.20ms0.035150m0.001041,1194,6.246515917797503e-8,0.11053035014096985,0.7661561364448957,0.78853134083313
L48T16beta4.20ms0.035150m0.001041,1195,6.245377838257871e-8,0.11051021214217832,0.7660165471707264,0.7883876749244585
L48T16beta4.20ms0.035150m0.001041,1196,6.245198815973532e-8,0.11050704439298317,0.7659945894868733,0.7883650759774988
L48T16beta4.20ms0.035150m0.001041,1197,6.245719768676435e-8,0.11051626250519428,0.766058486083853,0.7884308386424367
L48T16beta4.20ms0.035150m0.001041,1198,6.247887851439746e-8,0.11055462612262791,0.7663244087094079,0.7887045274044424
L48T16beta4.20ms0.035150m0.001041,1199,6.247143094653068e-8,0.11054144785981954,0.7662330617906163,0.7886105127448589
L48T16beta4.20ms0.035150m0.001041,1200,6.246026044103172e-8,0.11052168196311328,0.7660960517925977,0.7884695014387999
L48T16beta4.20ms0.035150m0.001041,1201,6.245325745069341e-8,0.11050929036779336,0.7660101577663634,0.7883810989207566
L48T16beta4.20ms0.035150m0.001041,1202,6.24520673122405e-8,0.11050718445112481,0.7659955603189076,0.7883660751621941
L48T16beta4.20ms0.035150m0.001041,1203,6.24558264392609e-8,0.11051383612113186,0.7660416672731242,0.7884135286468048
L48T16beta4.20ms0.035150m0.001041,1204,6.245802206015248e-8,0.11051772121082214,0.766068597300063,0.7884412451516276
L48T16beta4.20ms0.035150m0.001041,1205,6.245649446955418e-8,0.11051501818203097,0.7660498608888174,0.7884219615529209
L48T16beta4.20ms0.035150m0.001041,1206,6.245572478583232e-8,0.11051365624823628,0.7660404204597147,0.7884122454208371
L48T16beta4.20ms0.035150m0.001041,1207,6.24469146359236e-8,0.110498066934657,0.7659323610149874,0.7883010301544088
L48T16beta4.20ms0.035150m0.001041,1208,6.24614123382548e-8,0.1105237202129964,0.7661101801985384,0.7884840424577259
L48T16beta4.20ms0.035150m0.001041,1209,6.244566778259617e-8,0.11049586066260601,0.765917067940566,0.7882852904534453
L48T16beta4.20ms0.035150m0.001041,1210,6.244303548239328e-8,0.1104912028811014,0.7658847818953537,0.7882520615105308
L48T16beta4.20ms0.035150m0.001041,1211,6.244864807919536e-8,0.11050113421398997,0.7659536222783431,0.7883229123422607
L48T16beta4.20ms0.035150m0.001041,1212,6.246088516801939e-8,0.11052278740002561,0.7661037142787179,0.7884773877039711
L48T16beta4.20ms0.035150m0.001041,1213,6.24558958303639e-8,0.11051395890674567,0.7660425183782854,0.788414404608064
L48T16beta4.20ms0.035150m0.001041,1214,6.244770686490023e-8,0.11049946876164873,0.7659420779692049,0.788311030887384
L48T16beta4.20ms0.035150m0.001041,1215,6.244830266237544e-8,0.11050052300859879,0.765949385625148,0.7883185519597413
L48T16beta4.20ms0.035150m0.001041,1216,6.24493083123964e-8,0.11050230247815268,0.765961720260084,0.788331246821483
L48T16beta4.20ms0.035150m0.001041,1217,6.246364008996397e-8,0.11052766215726872,0.7661375043207356,0.7885121645671607
L48T16beta4.20ms0.035150m0.001041,1218,6.246275950899146e-8,0.11052610399389415,0.7661267036996439,0.7885010485193654
L48T16beta4.20ms0.035150m0.001041,1219,6.243437237231618e-8,0.11047587375038706,0.7657785259434982,0.7881427024070758
L48T16beta4.20ms0.035150m0.001041,1220,6.24709108554953e-8,0.110540527573295,0.7662266826995598,0.7886039473556584
L48T16beta4.20ms0.035150m0.001041,1221,6.246322407299872e-8,0.11052692602689718,0.7661324017330693,0.7885069129609895
L48T16beta4.20ms0.035150m0.001041,1222,6.246139295005234e-8,0.110523685906115,0.7661099423957297,0.7884837977100059
L48T16beta4.20ms0.035150m0.001041,1223,6.243306879340827e-8,0.11047356710400971,0.7657625371107988,0.7881262466285641
L48T16beta4.20ms0.035150m0.001041,1224,6.243014915404884e-8,0.11046840088391312,0.7657267267544199,0.7880893904487491
L48T16beta4.20ms0.035150m0.001041,1225,6.246319609930439e-8,0.11052687652822833,0.7661320586263223,0.7885065598339827
L48T16beta4.20ms0.035150m0.001041,1226,6.247073986686737e-8,0.11054022501370554,0.7662245854666659,0.7886017888741333
L48T16beta4.20ms0.035150m0.001041,1227,6.24653203335996e-8,0.11053063530133517,0.7661581130727041,0.7885333751873588
L48T16beta4.20ms0.035150m0.001041,1228,6.246334888182574e-8,0.11052714687262195,0.7661339325552103,0.7885084884900208
L48T16beta4.20ms0.035150m0.001041,1229,6.246163876986137e-8,0.11052412087738414,0.7661129574581681,0.7884869008258254
L48T16beta4.20ms0.035150m0.001041,1230,6.245829060433306e-8,0.11051819639223043,0.7660718910845431,0.7884446351294258
L48T16beta4.20ms0.035150m0.001041,1231,6.235295470245718e-8,0.1103318074632663,0.7647799109043563,0.78711492331828
L48T16beta4.20ms0.035150m0.001041,1232,6.247229203027985e-8,0.11054297152340334,0.766243623271722,0.7886213826687051
L48T16beta4.20ms0.035150m0.001041,1233,6.247397366148463e-8,0.11054594712273452,0.7662642490426915,0.7886426108049356
L48T16beta4.20ms0.035150m0.001041,1234,6.247146109813476e-8,0.11054150121223871,0.7662334316101572,0.7886108933647934
L48T16beta4.20ms0.035150m0.001041,1235,6.247784787848353e-8,0.11055280244123601,0.766311767614111,0.7886915171323191
L48T16beta4.20ms0.035150m0.001041,1236,6.247662830381829e-8,0.11055064443801396,0.7662968091216342,0.7886761217845976
L48T16beta4.20ms0.035150m0.001041,1237,6.246392816957954e-8,0.11052817190608225,0.7661410377138809,0.7885158011512745
L48T16beta4.20ms0.035150m0.001041,1238,6.24615422183981e-8,0.11052395003227333,0.7661117732220749,0.788485682004713
L48T16beta4.20ms0.035150m0.001041,1239,6.245441408764986e-8,0.11051133700450197,0.7660243443067242,0.7883956997718891
L48T16beta4.20ms0.035150m0.001041,1240,6.245779260826053e-8,0.11051731520212398,0.7660657829956194,0.788438348656839
L48T16beta4.20ms0.035150m0.001041,1241,6.242072496047652e-8,0.11045172503726432,0.7656111358581267,0.787970423778502
L48T16beta4.20ms0.035150m0.001041,1242,6.245829687114157e-8,0.11051820748117262,0.7660719679490523,0.7884447142387243
L48T16beta4.20ms0.035150m0.001041,1243,6.246092183298644e-8,0.11052285227765818,0.7661041639868411,0.7884778505455937
L48T16beta4.20ms0.035150m0.001041,1244,6.245877963903036e-8,0.11051906172543433,0.7660778892591928,0.7884508084777475
L48T16beta4.20ms0.035150m0.001041,1245,6.245322908777167e-8,0.11050924018039751,0.7660098098856114,0.7883807408803223
L48T16beta4.20ms0.035150m0.001041,1246,6.24771397306879e-8,0.11055154939353978,0.7663030819437907,0.7886825778013683
L48T16beta4.20ms0.035150m0.001041,1247,6.245742724168452e-8,0.110516668696198,0.7660613016519721,0.7884337364378057
L48T16beta4.20ms0.035150m0.001041,1248,6.246488450579675e-8,0.11052986411624119,0.7661527674984674,0.7885278734983168
L48T16beta4.20ms0.035150m0.001041,1249,6.245609804050641e-8,0.11051431671193096,0.7660449985535316,0.78841695721558
L48T16beta4.20ms0.035150m0.001041,1250,6.247121650023513e-8,0.11054106840310404,0.7662304315348476,0.7886078056737942
L48T16beta4.20ms0.035150m0.001041,1251,6.245816829055921e-8,0.1105179799614324,0.7660703908650666,0.7884430910967944
L48T16beta4.20ms0.035150m0.001041,1252,6.24743565972445e-8,0.1105466247168394,0.7662689458782739,0.7886474448092374
L48T16beta4.20ms0.035150m0.001041,1253,6.246347689791528e-8,0.11052737339350793,0.766135502715502,0.7885101045060535
L48T16beta4.20ms0.035150m0.001041,1254,6.243752453772604e-8,0.11048145141881918,0.7658171883099059,0.7881824938884373
L48T16beta4.20ms0.035150m0.001041,1255,6.247316378892605e-8,0.11054451407591856,0.7662543156840216,0.7886323873475248
L48T16beta4.20ms0.035150m0.001041,1256,6.246545751589006e-8,0.11053087804155702,0.7661597956595256,0.7885351069132817
L48T16beta4.20ms0.035150m0.001041,1257,6.246248466659217e-8,0.11052561766796418,0.7661233326653978,0.7884975790357608
L48T16beta4.20ms0.035150m0.001041,1258,6.247478201666139e-8,0.11054737748458586,0.7662741637901644,0.7886528151076188
L48T16beta4.20ms0.035150m0.001041,1259,6.246016005567933e-8,0.11052150433404301,0.7660948205325679,0.7884682342204407
L48T16beta4.20ms0.035150m0.001041,1260,6.246154628719096e-8,0.11052395723188835,0.7661118231271845,0.7884857333672762
L48T16beta4.20ms0.035150m0.001041,1261,6.245489483184437e-8,0.11051218766789334,0.7660302407955755,0.7884017684647298
L48T16beta4.20ms0.035150m0.001041,1262,6.241995217270365e-8,0.11045035761093827,0.7656016573567965,0.7879606684623107
L48T16beta4.20ms0.035150m0.001041,1263,6.247780892600691e-8,0.11055273351591931,0.7663112898489155,0.7886910254142315
L48T16beta4.20ms0.035150m0.001041,1264,6.247490103759603e-8,0.11054758808879711,0.7662756236218632,0.7886543175729676
L48T16beta4.20ms0.035150m0.001041,1265,6.247590247508603e-8,0.11054936010439544,0.7662879065886936,0.7886669592576627
L48T16beta4.20ms0.035150m0.001041,1266,6.246898654742096e-8,0.11053712256403805,0.766203080415359,0.7885796557786257
L48T16beta4.20ms0.035150m0.001041,1267,6.24749262530003e-8,0.11054763270674894,0.7662759328972573,0.7886546358805939
L48T16beta4.20ms0.035150m0.001041,1268,6.24355968022899e-8,0.1104780403449415,0.7657935439879625,0.7881581590459709
L48T16beta4.20ms0.035150m0.001041,1269,6.247484651593757e-8,0.11054749161424908,0.7662749548954284,0.7886536293167138
L48T16beta4.20ms0.035150m0.001041,1270,6.247884563500065e-8,0.11055456794345586,0.7663240054325738,0.7887041123501114
L48T16beta4.20ms0.035150m0.001041,1271,6.247396045187368e-8,0.11054592374869782,0.766264087022381,0.7886424440529035
L48T16beta4.20ms0.035150m0.001041,1272,6.245467942898287e-8,0.11051180651856117,0.7660275988072043,0.7883990493184179
L48T16beta4.20ms0.035150m0.001041,1273,6.242656944804385e-8,0.11046206669436906,0.7656828204591588,0.7880442018922312
L48T16beta4.20ms0.035150m0.001041,1274,6.247772901285927e-8,0.11055259211184211,0.7663103096873461,0.7886900166275368
L48T16beta4.20ms0.035150m0.001041,1275,6.242725700173294e-8,0.11046328330137038,0.7656912535358525,0.7880528812526858
L48T16beta4.20ms0.035150m0.001041,1276,6.247764234574607e-8,0.110552438756812,0.7663092466861231,0.788688922581898
L48T16beta4.20ms0.035150m0.001041,1277,6.246532505202607e-8,0.11053064365045867,0.7661581709457878,0.7885334347505968
L48T16beta4.20ms0.035150m0.001041,1278,6.247884950098322e-8,0.11055457478420377,0.7663240528501472,0.7887041611524911
L48T16beta4.20ms0.035150m0.001041,1279,6.247635701576162e-8,0.11055016440139376,0.7662934816825931,0.7886726971693739
L48T16beta4.20ms0.035150m0.001041,1280,6.247294108626769e-8,0.11054412000980027,0.7662515841611927,0.7886295760519463
L48T16beta4.20ms0.035150m0.001041,1281,6.246879344110524e-8,0.11053678086781937,0.766200711901603,0.7885772180936174
L48T16beta4.20ms0.035150m0.001041,1282,6.246912268352525e-8,0.11053736345306278,0.7662047501703563,0.7885813742979773
L48T16beta4.20ms0.035150m0.001041,1283,6.212480948550193e-8,0.10992811088993007,0.7619816332681335,0.7842349233919559
L48T16beta4.20ms0.035150m0.001041,1284,6.247863197045753e-8,0.11055418987002943,0.766321384765261,0.7887014151475286
L48T16beta4.20ms0.035150m0.001041,1285,6.247116832419472e-8,0.11054098315694948,0.7662298406395474,0.7886071975216941
L48T16beta4.20ms0.035150m0.001041,1286,6.245812868083839e-8,0.11051790987314047,0.7660699050385503,0.7884425910819592
L48T16beta4.20ms0.035150m0.001041,1287,6.245088672457408e-8,0.11050509543430553,0.7659810800150527,0.7883511719683526
L48T16beta4.20ms0.035150m0.001041,1288,6.247810116059248e-8,0.1105532506168359,0.7663148742041618,0.7886947144487689
L48T16beta4.20ms0.035150m0.001041,1289,6.241362608788381e-8,0.11043916378097994,0.7655240658038704,0.7878808108871302
L48T16beta4.20ms0.035150m0.001041,1290,6.241740119972544e-8,0.11044584373568057,0.7655703688172829,0.7879284661567469
L48T16beta4.20ms0.035150m0.001041,1291,6.23507759670359e-8,0.11032795225194295,0.7647531879833764,0.7870874199678416
L48T16beta4.20ms0.035150m0.001041,1292,6.246544416681609e-8,0.1105308544207444,0.7661596319286544,0.7885349384007329
L48T16beta4.20ms0.035150m0.001041,1293,6.247778516210371e-8,0.11055269146635797,0.7663109983766692,0.788690725429685
L48T16beta4.20ms0.035150m0.001041,1294,6.247630164745593e-8,0.11055006642872714,0.7662928025717459,0.7886719982254362
L48T16beta4.20ms0.035150m0.001041,1295,6.247578458115457e-8,0.11054915149438474,0.7662864605800668,0.7886654710190817
L48T16beta4.20ms0.035150m0.001041,1296,6.24772522568566e-8,0.11055174850544455,0.7663044621150059,0.7886839982797893
L48T16beta4.20ms0.035150m0.001041,1297,6.246764582403175e-8,0.1105347501915411,0.7661866359931333,0.7885627311053247
L48T16beta4.20ms0.035150m0.001041,1298,6.247066627120061e-8,0.11054009478823389,0.7662236827911192,0.7886008598364015
L48T16beta4.20ms0.035150m0.001041,1299,6.245324280928846e-8,0.11050926446023726,0.766009978184619,0.7883809140944178
L48T16beta4.20ms0.035150m0.001041,1300,6.246507370891361e-8,0.11053019890585877,0.7661550881381795,0.7885302619111437
L48T16beta4.20ms0.035150m0.001041,1301,6.247728841050438e-8,0.110551812478312,0.7663049055516267,0.7886844546667534
L48T16beta4.20ms0.035150m0.001041,1302,6.246014871084508e-8,0.11052148425967648,0.7660946813843693,0.7884680910084889
L48T16beta4.20ms0.035150m0.001041,1303,6.245800934742779e-8,0.11051769871601175,0.766068441374229,0.7884410846720581
L48T16beta4.20ms0.035150m0.001041,1304,6.247561542961934e-8,0.11054885218547938,0.7662843858797312,0.7886633357281669
L48T16beta4.20ms0.035150m0.001041,1305,6.245293719597938e-8,0.11050872368604403,0.7660062297348398,0.7883770561730492
L48T16beta4.20ms0.035150m0.001041,1306,6.245622448236817e-8,0.11051454044726497,0.7660465494053915,0.788418553359288
L48T16beta4.20ms0.035150m0.001041,1307,6.244954484053829e-8,0.11050272100807697,0.7659646213571073,0.7883342326435849
L48T16beta4.20ms0.035150m0.001041,1308,6.247774463344807e-8,0.11055261975203662,0.7663105012791089,0.7886902138146407
L48T16beta4.20ms0.035150m0.001041,1309,6.24792284536309e-8,0.11055524533030317,0.7663287008315222,0.788708944875823
L48T16beta4.20ms0.035150m0.001041,1310,6.246353517829049e-8,0.11052747651900002,0.7661362175438591,0.788510840210613
L48T16beta4.20ms0.035150m0.001041,1311,6.247607138374103e-8,0.110549658983531,0.7662899783100214,0.7886690914825694
L48T16beta4.20ms0.035150m0.001041,1312,6.241741455814335e-8,0.11044586737302703,0.7655705326627608,0.7879286347872495
L48T16beta4.20ms0.035150m0.001041,1313,6.244272903369637e-8,0.11049066062871278,0.7658810231992624,0.7882481930436118
L48T16beta4.20ms0.035150m0.001041,1314,6.234263535197384e-8,0.11031354766152784,0.7646533406081947,0.7869846566003169
L48T16beta4.20ms0.035150m0.001041,1315,6.219691651305595e-8,0.11005570225619014,0.7628660501553766,0.7851451692292982
L48T16beta4.20ms0.035150m0.001041,1316,6.24429225452713e-8,0.1104910030420263,0.7658833966836586,0.7882506358444253
L48T16beta4.20ms0.035150m0.001041,1317,6.247765320735575e-8,0.1105524579761262,0.7663093799074102,0.7886890596938458
L48T16beta4.20ms0.035150m0.001041,1318,6.247714186516858e-8,0.11055155317044357,0.7663031081239123,0.7886826047460672
L48T16beta4.20ms0.035150m0.001041,1319,6.24786195194458e-8,0.11055416783831279,0.7663212320494244,0.7887012579717028
L48T16beta4.20ms0.035150m0.001041,1320,6.241965186080756e-8,0.11044982621744687,0.7655979739306265,0.787956877463533
L48T16beta4.20ms0.035150m0.001041,1321,6.247465977420814e-8,0.11054716117998763,0.7662726644454589,0.7886512719753057
L48T16beta4.20ms0.035150m0.001041,1322,6.247887286021537e-8,0.11055461611771102,0.7663243393589674,0.7887044560286571
L48T16beta4.20ms0.035150m0.001041,1323,6.24738640753459e-8,0.11054575321313045,0.7662629049319303,0.788641227440096
L48T16beta4.20ms0.035150m0.001041,1324,6.246594858165432e-8,0.11053174696867703,0.7661658187458931,0.7885413059008552
L48T16beta4.20ms0.035150m0.001041,1325,6.247042209787646e-8,0.11053966273037365,0.7662206879233703,0.7885977775050472
L48T16beta4.20ms0.035150m0.001041,1326,6.247441434977884e-8,0.11054672690833187,0.7662696542324856,0.7886481738505774
L48T16beta4.20ms0.035150m0.001041,1327,6.243503669418317e-8,0.11047704924932968,0.7657866740740987,0.78815108849973
L48T16beta4.20ms0.035150m0.001041,1328,6.24785207295689e-8,0.11055399303239175,0.7663200203584368,0.7887000108938897
L48T16beta4.20ms0.035150m0.001041,1329,6.246365552237508e-8,0.11052768946448807,0.766137693604436,0.7885123593787963
L48T16beta4.20ms0.035150m0.001041,1330,6.247899309345925e-8,0.11055482886706952,0.7663258140600457,0.7887059737976384
L48T16beta4.20ms0.035150m0.001041,1331,6.246955412313236e-8,0.11053812687336725,0.7662100419218997,0.7885868205924613
L48T16beta4.20ms0.035150m0.001041,1332,6.247091193418329e-8,0.11054052948200319,0.7662266959300299,0.7886039609725177
L48T16beta4.20ms0.035150m0.001041,1333,6.246484920065851e-8,0.11052980164478762,0.7661523344691008,0.7885274278225455
L48T16beta4.20ms0.035150m0.001041,1334,6.246376186252304e-8,0.11052787763040237,0.7661389979020313,0.7885137017677465
L48T16beta4.20ms0.035150m0.001041,1335,6.247014998389776e-8,0.11053918123230755,0.7662173503541184,0.788594342463765
L48T16beta4.20ms0.035150m0.001041,1336,6.246959191263761e-8,0.1105381937408387,0.7662105054228612,0.7885872976297352
L48T16beta4.20ms0.035150m0.001041,1337,6.247873409218786e-8,0.11055437057157184,0.7663226373225487,0.7887027042851215
L48T16beta4.20ms0.035150m0.001041,1338,6.246412704200821e-8,0.11052852380527635,0.7661434769509468,0.7885183116250314
L48T16beta4.20ms0.035150m0.001041,1339,6.246540870988997e-8,0.11053079168070643,0.7661591970375585,0.7885344908088613
L48T16beta4.20ms0.035150m0.001041,1340,6.245409810907558e-8,0.11051077788926218,0.7660204687234893,0.7883917110041962
L48T16beta4.20ms0.035150m0.001041,1341,6.245043322716673e-8,0.11050429298334118,0.7659755177171882,0.7883454472263782
L48T16beta4.20ms0.035150m0.001041,1342,6.24518799452972e-8,0.11050685291056495,0.7659932622004804,0.7883637099283748
L48T16beta4.20ms0.035150m0.001041,1343,6.245290630077313e-8,0.11050866901784162,0.7660058507947687,0.788376666166224
L48T16beta4.20ms0.035150m0.001041,1344,6.246781322015526e-8,0.11053504639429457,0.766188689162755,0.7885648442367319
L48T16beta4.20ms0.035150m0.001041,1345,6.246403622551894e-8,0.11052836310804146,0.766142363056234,0.788517165199584
L48T16beta4.20ms0.035150m0.001041,1346,6.247153761331339e-8,0.11054163660370486,0.7662343700944966,0.7886118592570955
L48T16beta4.20ms0.035150m0.001041,1347,6.245999966323399e-8,0.11052122052410196,0.7660928532654088,0.7884662095002342
L48T16beta4.20ms0.035150m0.001041,1348,6.245893998969125e-8,0.11051934546143896,0.7660798560138515,0.7884528326704862
L48T16beta4.20ms0.035150m0.001041,1349,6.246429331666666e-8,0.11052881802362878,0.7661455163654232,0.7885204105995812
L48T16beta4.20ms0.035150m0.001041,1350,6.246638544152415e-8,0.11053251997998462,0.7661711769787775,0.7885468206182344
L48T16beta4.20ms0.035150m0.001041,1351,6.246173893226855e-8,0.11052429811195909,0.7661141859837,0.7884881652298271
L48T16beta4.20ms0.035150m0.001041,1352,6.246068626181136e-8,0.11052243544105989,0.7661012746273369,0.7884748768037992
L48T16beta4.20ms0.035150m0.001041,1353,6.247011703945316e-8,0.11053912293803525,0.7662169462794514,0.7885939265883006
L48T16beta4.20ms0.035150m0.001041,1354,6.246123395187987e-8,0.11052340456330077,0.7661079922297952,0.7884817905904566
L48T16beta4.20ms0.035150m0.001041,1355,6.245543951366827e-8,0.11051315146712962,0.7660369215009043,0.7884086442766957
L48T16beta4.20ms0.035150m0.001041,1356,6.245829258482399e-8,0.11051819989665368,0.766071915375929,0.7884446601302294
L48T16beta4.20ms0.035150m0.001041,1357,6.247515329317685e-8,0.11054803444798422,0.7662787176212021,0.7886575019310001
L48T16beta4.20ms0.035150m0.001041,1358,6.245733774916906e-8,0.11051651034169767,0.7660602039962423,0.7884326067255928
L48T16beta4.20ms0.035150m0.001041,1359,6.24699142562558e-8,0.11053876411884546,0.7662144590754952,0.7885913667468047
L48T16beta4.20ms0.035150m0.001041,1360,6.24633762307132e-8,0.11052719526571256,0.7661342679984914,0.788508833729754
L48T16beta4.20ms0.035150m0.001041,1361,6.247662666376811e-8,0.11055064153599109,0.7662967890058685,0.7886761010813611
L48T16beta4.20ms0.035150m0.001041,1362,6.244774190972693e-8,0.11049953077248834,0.765942507805763,0.7883114732771025
L48T16beta4.20ms0.035150m0.001041,1363,6.245593182245073e-8,0.11051402259373554,0.7660429598333071,0.7884148589555573
L48T16beta4.20ms0.035150m0.001041,1364,6.246162889648651e-8,0.11052410340672378,0.7661128363579126,0.7884867761888978
L48T16beta4.20ms0.035150m0.001041,1365,6.246044414047958e-8,0.11052200701414269,0.7660983049279628,0.7884718203758495
L48T16beta4.20ms0.035150m0.001041,1366,6.244905924940134e-8,0.11050186176815668,0.7659586654188808,0.7883281027651798
L48T16beta4.20ms0.035150m0.001041,1367,6.24575695059501e-8,0.11051692042883254,0.7660630465709238,0.7884355323162373
L48T16beta4.20ms0.035150m0.001041,1368,6.245483568055158e-8,0.11051208300133697,0.7660295152851221,0.7884010217661087
L48T16beta4.20ms0.035150m0.001041,1369,6.246919455737478e-8,0.11053749063182705,0.7662056317272367,0.7885822816002827
L48T16beta4.20ms0.035150m0.001041,1370,6.245715987094867e-8,0.11051619559116728,0.766058022260185,0.788430361273032
L48T16beta4.20ms0.035150m0.001041,1371,6.245048621179614e-8,0.11050438673815934,0.7659761675914459,0.7883461160798866
L48T16beta4.20ms0.035150m0.001041,1372,6.245599818810207e-8,0.11051414002589735,0.7660437738302885,0.788415696724911
L48T16beta4.20ms0.035150m0.001041,1373,6.245780905925608e-8,0.11051734431169997,0.7660659847725997,0.7884385563266144
L48T16beta4.20ms0.035150m0.001041,1374,6.245794943449388e-8,0.11051759270175275,0.7660677065219919,0.7884403283588312
L48T16beta4.20ms0.035150m0.001041,1375,6.24627845014158e-8,0.1105261482172892,0.7661270102401141,0.7885013640121958
L48T16beta4.20ms0.035150m0.001041,1376,6.242500648608892e-8,0.11045930107695273,0.7656636502063561,0.7880244717818431
L48T16beta4.20ms0.035150m0.001041,1377,6.247356887917444e-8,0.11054523087177054,0.7662592842518392,0.7886375010198651
L48T16beta4.20ms0.035150m0.001041,1378,6.24676188783414e-8,0.11053470251189651,0.7661863054951998,0.7885623909553654
L48T16beta4.20ms0.035150m0.001041,1379,6.245919108558031e-8,0.11051978976858397,0.766082935789182,0.7884560023891052
L48T16beta4.20ms0.035150m0.001041,1380,6.245418779567954e-8,0.11051093658719666,0.7660215687597797,0.7883928431664928
L48T16beta4.20ms0.035150m0.001041,1381,6.245565506341143e-8,0.11051353287636476,0.7660395652908283,0.7884113652771738
L48T16beta4.20ms0.035150m0.001041,1382,6.245676490477995e-8,0.1105154967095908,0.7660531778676016,0.7884253754024011
L48T16beta4.20ms0.035150m0.001041,1383,6.244924634547207e-8,0.11050219282941516,0.7659609602149652,0.788330464579629
L48T16beta4.20ms0.035150m0.001041,1384,6.245949771939754e-8,0.11052033234853781,0.7660866967558361,0.7884598731928977
L48T16beta4.20ms0.035150m0.001041,1385,6.246007595629241e-8,0.11052135552253264,0.7660937890253693,0.7884671725885933
L48T16beta4.20ms0.035150m0.001041,1386,6.24696540543906e-8,0.11053830369893064,0.7662112676123122,0.7885880820785456
L48T16beta4.20ms0.035150m0.001041,1387,6.245045762380016e-8,0.11050433615250092,0.7659758169500831,0.7883457551982193
L48T16beta4.20ms0.035150m0.001041,1388,6.245364457535e-8,0.11050997537403373,0.7660149059801695,0.7883859858037573
L48T16beta4.20ms0.035150m0.001041,1389,6.245416378677332e-8,0.11051089410410936,0.7660212742824892,0.7883925400891414
L48T16beta4.20ms0.035150m0.001041,1390,6.246901417987938e-8,0.11053717145889953,0.7662034193367332,0.788580004598028
L48T16beta4.20ms0.035150m0.001041,1391,6.24548623432836e-8,0.11051213018029471,0.7660298423124765,0.7884013583441325
L48T16beta4.20ms0.035150m0.001041,1392,6.245657289694907e-8,0.11051515695711027,0.7660508228271309,0.7884229515841586
L48T16beta4.20ms0.035150m0.001041,1393,6.245813696613404e-8,0.11051792453373914,0.7660700066604815,0.7884426956717078
L48T16beta4.20ms0.035150m0.001041,1394,6.24538410824975e-8,0.11051032308792902,0.7660173162062683,0.7883884664192964
L48T16beta4.20ms0.035150m0.001041,1395,6.24600586657609e-8,0.11052132492742127,0.7660935769511987,0.7884669543209034
L48T16beta4.20ms0.035150m0.001041,1396,6.245556160046111e-8,0.11051336749629112,0.7660384189363826,0.7884101854440234
L48T16beta4.20ms0.035150m0.001041,1397,6.244842804958313e-8,0.11050074487775197,0.765950923541322,0.7883201347899832
L48T16beta4.20ms0.035150m0.001041,1398,6.246151725607965e-8,0.11052390586214977,0.7661114670508634,0.7884853668919254
L48T16beta4.20ms0.035150m0.001041,1399,6.246713594521978e-8,0.11053384797525992,0.7661803821584232,0.7885562946305192
L48T16beta4.20ms0.035150m0.001041,1400,6.245013186383838e-8,0.11050375972936982,0.7659718213948487,0.788341642954805
L48T16beta4.20ms0.035150m0.001041,1401,6.245663147490432e-8,0.11051526060916189,0.7660515413054069,0.7884236910452311
L48T16beta4.20ms0.035150m0.001041,1402,6.246077997961643e-8,0.11052260127209185,0.7661024241076615,0.7884760598541183
L48T16beta4.20ms0.035150m0.001041,1403,6.247867242123421e-8,0.11055426144654615,0.7663218809076094,0.7887019257794646
L48T16beta4.20ms0.035150m0.001041,1404,6.247127081198146e-8,0.11054116450621845,0.7662310976866398,0.7886084912802142
L48T16beta4.20ms0.035150m0.001041,1405,6.247714151088858e-8,0.11055155254355503,0.7663031037785493,0.7886826002738
L48T16beta4.20ms0.035150m0.001041,1406,6.247048975240108e-8,0.11053978244316065,0.7662215177288151,0.7885986315445425
L48T16beta4.20ms0.035150m0.001041,1407,6.247796937231297e-8,0.11055301742116537,0.7663132577766942,0.7886930508143507
L48T16beta4.20ms0.035150m0.001041,1408,6.246924710494534e-8,0.11053758361328184,0.7662062762408212,0.7885829449365621
L48T16beta4.20ms0.035150m0.001041,1409,6.246741339464534e-8,0.11053433891424988,0.7661837851687212,0.7885597970240203
L48T16beta4.20ms0.035150m0.001041,1410,6.239689243704505e-8,0.11040955405436298,0.7653188219616398,0.7876695730017785
L48T16beta4.20ms0.035150m0.001041,1411,6.236405250293213e-8,0.11035144471046832,0.7649160291508608,0.7872550168296707
L48T16beta4.20ms0.035150m0.001041,1412,6.23612120358686e-8,0.11034641858353249,0.7648811898692559,0.7872191600843798
L48T16beta4.20ms0.035150m0.001041,1413,6.233549890654235e-8,0.1103009199211573,0.764565809710464,0.7868945694067689
L48T16beta4.20ms0.035150m0.001041,1414,6.230501327982993e-8,0.11024697645828722,0.7641918932699,0.7865097329247359
L48T16beta4.20ms0.035150m0.001041,1415,6.247483049392874e-8,0.11054746326375306,0.766274758380114,0.7886534270622686
L48T16beta4.20ms0.035150m0.001041,1416,6.247889622888252e-8,0.11055465746791321,0.766324625983511,0.7887047510239263
L48T16beta4.20ms0.035150m0.001041,1417,6.241546807002328e-8,0.11044242311680025,0.7655466583328571,0.787904063219556
L48T16beta4.20ms0.035150m0.001041,1418,6.247871943668829e-8,0.1105543446390757,0.7663224575679289,0.7887025192808585
L48T16beta4.20ms0.035150m0.001041,1419,6.247269905376849e-8,0.11054369174006984,0.7662486155513801,0.7886265207453782
L48T16beta4.20ms0.035150m0.001041,1420,6.246493539791543e-8,0.11052995416842021,0.7661533917073791,0.7885285159369355
L48T16beta4.20ms0.035150m0.001041,1421,6.246935008833222e-8,0.1105377658395014,0.7662075393666156,0.7885842449513096
L48T16beta4.20ms0.035150m0.001041,1422,6.246851113116162e-8,0.11053628132827882,0.7661972492754203,0.7885736543431796
L48T16beta4.20ms0.035150m0.001041,1423,6.24704123373033e-8,0.11053964545931275,0.7662205682066656,0.7885976542920764
L48T16beta4.20ms0.035150m0.001041,1424,6.24759901713919e-8,0.11054951528055318,0.7662889822133101,0.7886680662953549
L48T16beta4.20ms0.035150m0.001041,1425,6.247141966259291e-8,0.11054142789320762,0.7662329233893336,0.7886103703016363
L48T16beta4.20ms0.035150m0.001041,1426,6.246019667005723e-8,0.11052156912215952,0.7660952696201982,0.7884686964234492
L48T16beta4.20ms0.035150m0.001041,1427,6.246350887668017e-8,0.11052742997903701,0.7661358949457834,0.7885105081912229
L48T16beta4.20ms0.035150m0.001041,1428,6.24669445127591e-8,0.11053350924088087,0.7661780341750611,0.7885538780754847
L48T16beta4.20ms0.035150m0.001041,1429,6.246797402491316e-8,0.11053533093381113,0.7661906614870659,0.7885668741617817
L48T16beta4.20ms0.035150m0.001041,1430,6.245498223855074e-8,0.11051234233161285,0.7660313128681568,0.7884028718466514
L48T16beta4.20ms0.035150m0.001041,1431,6.245600564516711e-8,0.11051415322096514,0.7660438652936934,0.7884157908594586
L48T16beta4.20ms0.035150m0.001041,1432,6.244962771613232e-8,0.1105028676541201,0.7659656378540756,0.7883352788268355
L48T16beta4.20ms0.035150m0.001041,1433,6.245855052310809e-8,0.11051865631122512,0.7660750790755303,0.7884479162240854
L48T16beta4.20ms0.035150m0.001041,1434,6.239239896207292e-8,0.1104016029762171,0.765263707983397,0.787612849447538
L48T16beta4.20ms0.035150m0.001041,1435,6.242723045572153e-8,0.1104632363289465,0.7656909279401156,0.7880525461480893
L48T16beta4.20ms0.035150m0.001041,1436,6.24022702333742e-8,0.11041906991438913,0.7653847824380454,0.7877374598207022
L48T16beta4.20ms0.035150m0.001041,1437,6.247518278675131e-8,0.11054808663603842,0.766279079369789,0.7886578742442725
L48T16beta4.20ms0.035150m0.001041,1438,6.246511750211544e-8,0.11053027639670321,0.7661556252764941,0.7885308147363125
L48T16beta4.20ms0.035150m0.001041,1439,6.247445092744062e-8,0.1105467916314802,0.7662701028697803,0.7886486355900985
L48T16beta4.20ms0.035150m0.001041,1440,6.247910871841667e-8,0.11055503346219417,0.7663272322389445,0.7887074333937382
L48T16beta4.20ms0.035150m0.001041,1441,6.247492493351535e-8,0.11054763037195728,0.7662759167133316,0.7886546192240249
L48T16beta4.20ms0.035150m0.001041,1442,6.245358860017538e-8,0.11050987632752954,0.7660142194258713,0.7883852791989864
L48T16beta4.20ms0.035150m0.001041,1443,6.246071877704458e-8,0.11052249297585462,0.7661016734375822,0.7884752872610971
L48T16beta4.20ms0.035150m0.001041,1444,6.226519781117612e-8,0.11017652410133744,0.7637035431874544,0.7860071208239001
L48T16beta4.20ms0.035150m0.001041,1445,6.245011190197713e-8,0.11050372440741527,0.7659715765559225,0.7883413909654812
L48T16beta4.20ms0.035150m0.001041,1446,6.244963932980762e-8,0.11050288820419335,0.7659657802997,0.7883354254325127
L48T16beta4.20ms0.035150m0.001041,1447,6.247694704740606e-8,0.11055120844586769,0.7663007186186872,0.7886801454565445
L48T16beta4.20ms0.035150m0.001041,1448,6.246747733969495e-8,0.11053445206322471,0.7661845694762103,0.788560604236815
L48T16beta4.20ms0.035150m0.001041,1449,6.242457990507973e-8,0.11045854625380125,0.7656584180471464,0.7880190868200568
L48T16beta4.20ms0.035150m0.001041,1450,6.244664887709557e-8,0.11049759668185205,0.7659291013937908,0.7882976753376155
L48T16beta4.20ms0.035150m0.001041,1451,6.247202515646476e-8,0.11054249929766002,0.766240349974835,0.7886180137768298
L48T16beta4.20ms0.035150m0.001041,1452,6.247889774894922e-8,0.11055466015762866,0.7663246446276389,0.7887047702125467
L48T16beta4.20ms0.035150m0.001041,1453,6.247583445024009e-8,0.11054923973633524,0.7662870722411335,0.788666100543402
L48T16beta4.20ms0.035150m0.001041,1454,6.245705066003209e-8,0.1105160023455083,0.7660566827516494,0.7884289826448236
L48T16beta4.20ms0.035150m0.001041,1455,6.245148451284607e-8,0.11050615320391476,0.7659884120887863,0.7883587181716096
L48T16beta4.20ms0.035150m0.001041,1456,6.245899956339376e-8,0.11051945087543749,0.7660805867053019,0.7884535847014126
L48T16beta4.20ms0.035150m0.001041,1457,6.246363633473159e-8,0.11052765551249018,0.7661374582615506,0.7885121171628403
L48T16beta4.20ms0.035150m0.001041,1458,6.245566269414268e-8,0.11051354637873004,0.7660396588843074,0.7884114616040033
L48T16beta4.20ms0.035150m0.001041,1459,6.243203275486387e-8,0.11047173386281449,0.7657498297504266,0.7881131681561273
L48T16beta4.20ms0.035150m0.001041,1460,6.246892704072892e-8,0.11053701726861268,0.7662023505458146,0.7885789045936086
L48T16beta4.20ms0.035150m0.001041,1461,6.245400624260162e-8,0.11051061533410877,0.766019341950362,0.7883905513242269
L48T16beta4.20ms0.035150m0.001041,1462,6.245851359514091e-8,0.11051859096822117,0.7660746261416223,0.7884474500624704
L48T16beta4.20ms0.035150m0.001041,1463,6.247158591943678e-8,0.11054172208003762,0.7662349625853082,0.7886124690513031
L48T16beta4.20ms0.035150m0.001041,1464,6.246018539417126e-8,0.11052154916979501,0.7660951313176733,0.7884685540818686
L48T16beta4.20ms0.035150m0.001041,1465,6.240123724865411e-8,0.11041724207685048,0.765372112533853,0.7877244198983341
L48T16beta4.20ms0.035150m0.001041,1466,6.246165031898906e-8,0.1105241413132422,0.7661130991120944,0.7884870466166832
L48T16beta4.20ms0.035150m0.001041,1467,6.246281512510564e-8,0.11052620240505093,0.7661273858499452,0.788501750591523
L48T16beta4.20ms0.035150m0.001041,1468,6.245748424021767e-8,0.11051676955350644,0.766062000758106,0.7884344559609825
L48T16beta4.20ms0.035150m0.001041,1469,6.246771285287198e-8,0.1105348687971971,0.7661874581243491,0.7885635772464689
L48T16beta4.20ms0.035150m0.001041,1470,6.24559198480854e-8,0.11051400140543136,0.7660428129636984,0.7884147077966956
L48T16beta4.20ms0.035150m0.001041,1471,6.246326741670335e-8,0.1105270027223689,0.7661329333581499,0.7885074601119131
L48T16beta4.20ms0.035150m0.001041,1472,6.24628326971475e-8,0.11052623349828697,0.7661276013769346,0.7885019724128697
L48T16beta4.20ms0.035150m0.001041,1473,6.247048397001134e-8,0.1105397722113839,0.7662214468058648,0.788598558550323
L48T16beta4.20ms0.035150m0.001041,1474,6.246696112534451e-8,0.1105335386363856,0.7661782379339952,0.7885540877850958
L48T16beta4.20ms0.035150m0.001041,1475,6.24782570742463e-8,0.11055352650168074,0.7663167865374401,0.7886966826307782
L48T16beta4.20ms0.035150m0.001041,1476,6.242787317162171e-8,0.1104643735967358,0.7656988110662837,0.7880606594969898
L48T16beta4.20ms0.035150m0.001041,1477,6.247356682368646e-8,0.11054522723464213,0.7662592590405896,0.7886374750723335
L48T16beta4.20ms0.035150m0.001041,1478,6.246826680319488e-8,0.11053584899678284,0.7661942525109281,0.7885705700596886
L48T16beta4.20ms0.035150m0.001041,1479,6.246987553530685e-8,0.11053869560321047,0.7662139841500641,0.7885908779514155
L48T16beta4.20ms0.035150m0.001041,1480,6.24228011639762e-8,0.1104553988212233,0.7656366011906852,0.7879966328132822
L48T16beta4.20ms0.035150m0.001041,1481,6.247777137982787e-8,0.11055266707900677,0.7663108293324316,0.7886905514485955
L48T16beta4.20ms0.035150m0.001041,1482,6.247668953384015e-8,0.1105507527828232,0.7662975601283971,0.788676894724135
L48T16beta4.20ms0.035150m0.001041,1483,6.247864570048616e-8,0.11055421416493064,0.766321553168669,0.7887015884690733
L48T16beta4.20ms0.035150m0.001041,1484,6.246569055708794e-8,0.11053129040143152,0.7661626539880108,0.7885380487178117
L48T16beta4.20ms0.035150m0.001041,1485,6.245911576488109e-8,0.11051965649071566,0.7660820119555333,0.7884550515753598
L48T16beta4.20ms0.035150m0.001041,1486,6.247538578167059e-8,0.11054844582986423,0.7662815691705854,0.7886604367584481
L48T16beta4.20ms0.035150m0.001041,1487,6.247801339227949e-8,0.11055309531326357,0.7663137976963539,0.7886936065020923
L48T16beta4.20ms0.035150m0.001041,1488,6.247794497012268e-8,0.11055297424217292,0.7663129584756427,0.7886927427723626
L48T16beta4.20ms0.035150m0.001041,1489,6.247824910817893e-8,0.1105535124059476,0.7663166888309509,0.7886965820708203
L48T16beta4.20ms0.035150m0.001041,1490,6.24407012976844e-8,0.11048707260661622,0.7658561523367032,0.7882225958400282
L48T16beta4.20ms0.035150m0.001041,1491,6.225918581640846e-8,0.11016588604493191,0.7636298040544058,0.7859312281765809
L48T16beta4.20ms0.035150m0.001041,1492,6.240803836351125e-8,0.11042927645915898,0.7654555304895746,0.7878102740334716
L48T16beta4.20ms0.035150m0.001041,1493,6.236197138758559e-8,0.11034776223513384,0.7648905035728524,0.7872287457900026
L48T16beta4.20ms0.035150m0.001041,1494,6.247768447276252e-8,0.11055251329938805,0.7663097633881149,0.7886894543739115
L48T16beta4.20ms0.035150m0.001041,1495,6.244391965004336e-8,0.11049276739100153,0.7658956265082496,0.7882632228348887
L48T16beta4.20ms0.035150m0.001041,1496,6.246540354541765e-8,0.11053078254231725,0.7661591336935726,0.7885344256149461
L48T16beta4.20ms0.035150m0.001041,1497,6.245728096487775e-8,0.11051640986348417,0.7660595075178565,0.7884318899069062
L48T16beta4.20ms0.035150m0.001041,1498,6.235081783751783e-8,0.11032802634058834,0.7647537015388863,0.7870879485214817
L48T16beta4.20ms0.035150m0.001041,1499,6.244156093499437e-8,0.11048859371076636,0.7658666960767467,0.7882334475046934
L48T16beta4.20ms0.035150m0.001041,1500,6.241028940347671e-8,0.11043325961134874,0.7654831402500494,0.787838690123106
L48T16beta4.20ms0.035150m0.001041,1501,6.247074782980802e-8,0.11054023910390605,0.7662246831348047,0.788601889394621
L48T16beta4.20ms0.035150m0.001041,1502,6.2372119246656e-8,0.11036571858761889,0.7650149704692933,0.7873568476795147
L48T16beta4.20ms0.035150m0.001041,1503,6.241988839344073e-8,0.11045024475531837,0.7656008750827369,0.7879598633423308
L48T16beta4.20ms0.035150m0.001041,1504,6.247509062020461e-8,0.11054792354991469,0.7662779489161687,0.7886567107763232
L48T16beta4.20ms0.035150m0.001041,1505,6.245288762882225e-8,0.11050863597834737,0.7660056217770261,0.7883764304601335
L48T16beta4.20ms0.035150m0.001041,1506,6.246175909882494e-8,0.11052433379611597,0.7661144333332808,0.788488419803128
L48T16beta4.20ms0.035150m0.001041,1507,6.246192778315279e-8,0.11052463227831093,0.766116502303161,0.7884905491962323
L48T16beta4.20ms0.035150m0.001041,1508,6.246640155793078e-8,0.1105325484975149,0.7661713746519123,0.7885470240643138
L48T16beta4.20ms0.035150m0.001041,1509,6.246696541742732e-8,0.11053354623110595,0.7661782905778309,0.7885541419663683
L48T16beta4.20ms0.035150m0.001041,1510,6.246432087451302e-8,0.1105288667864663,0.7661458543716555,0.7885207584771154
L48T16beta4.20ms0.035150m0.001041,1511,6.245534208084838e-8,0.11051297906248295,0.7660357264546763,0.7884074143297439
L48T16beta4.20ms0.035150m0.001041,1512,6.245172526134772e-8,0.11050657920164747,0.7659913649499382,0.7883617572695855
L48T16beta4.20ms0.035150m0.001041,1513,6.241765367838721e-8,0.11044629048960318,0.7655734655527846,0.7879316533308505
L48T16beta4.20ms0.035150m0.001041,1514,6.245553594945034e-8,0.1105133221075458,0.7660381043181288,0.7884098616375019
L48T16beta4.20ms0.035150m0.001041,1515,6.245189675704568e-8,0.11050688265848313,0.7659934684022162,0.7883639221521286
L48T16beta4.20ms0.035150m0.001041,1516,6.247859680610813e-8,0.11055412764769776,0.7663209534627168,0.7887009712490106
L48T16beta4.20ms0.035150m0.001041,1517,6.247862669791439e-8,0.11055418054041197,0.7663213200957503,0.7887013485893772
L48T16beta4.20ms0.035150m0.001041,1518,6.247897606895865e-8,0.1105547987426924,0.7663256052488336,0.7887057588881999
L48T16beta4.20ms0.035150m0.001041,1519,6.244084867937217e-8,0.11048733339438604,0.7658579600225552,0.7882244563184357
L48T16beta4.20ms0.035150m0.001041,1520,6.242922386806027e-8,0.11046676361626434,0.765715377811306,0.7880777100654631
L48T16beta4.20ms0.035150m0.001041,1521,6.247871646788916e-8,0.11055433938586876,0.7663224211546115,0.7887024818041084
L48T16beta4.20ms0.035150m0.001041,1522,6.240062130865664e-8,0.11041615218827128,0.7653645578231157,0.7877166445560718
L48T16beta4.20ms0.035150m0.001041,1523,6.247788813613998e-8,0.1105528736760319,0.7663122613877752,0.7886920253263947
L48T16beta4.20ms0.035150m0.001041,1524,6.246904853418725e-8,0.11053723224788538,0.7662038407038461,0.7885804382709554
L48T16beta4.20ms0.035150m0.001041,1525,6.247685231483e-8,0.11055104081922687,0.766299556691856,0.788678949596225
L48T16beta4.20ms0.035150m0.001041,1526,6.247464122980539e-8,0.1105471283661862,0.766272436992137,0.788651037879324
L48T16beta4.20ms0.035150m0.001041,1527,6.245992051631414e-8,0.11052108047584341,0.7660918825018805,0.7884652103860457
L48T16beta4.20ms0.035150m0.001041,1528,6.247867082496674e-8,0.11055425862199555,0.7663218613288534,0.7887019056289208
L48T16beta4.20ms0.035150m0.001041,1529,6.247773679339327e-8,0.11055260587927918,0.7663104051182063,0.7886901148454072
L48T16beta4.20ms0.035150m0.001041,1530,6.243856852895573e-8,0.11048329873206836,0.7658299932126317,0.7881956727519029
L48T16beta4.20ms0.035150m0.001041,1531,6.246571079775718e-8,0.110531326216729,0.7661629022466104,0.7885383042266789
L48T16beta4.20ms0.035150m0.001041,1532,6.24579257216693e-8,0.11051755074257362,0.7660674156762419,0.7884400290190774
L48T16beta4.20ms0.035150m0.001041,1533,6.245873987715531e-8,0.11051899136790977,0.766077401566454,0.7884503065421876
L48T16beta4.20ms0.035150m0.001041,1534,6.244700228484613e-8,0.11049822202697124,0.7659334360584314,0.7883021365939555
L48T16beta4.20ms0.035150m0.001041,1535,6.24679233707273e-8,0.11053524130264758,0.7661900401964802,0.788566234726717
L48T16beta4.20ms0.035150m0.001041,1536,6.245408479301101e-8,0.11051075432685878,0.7660203053974894,0.7883915429083428
L48T16beta4.20ms0.035150m0.001041,1537,6.245948271370691e-8,0.11052030579638839,0.7660865127060056,0.7884596837679846
L48T16beta4.20ms0.035150m0.001041,1538,6.221417178415374e-8,0.11008623497525008,0.763077691845105,0.7853629918080641
L48T16beta4.20ms0.035150m0.001041,1539,6.246148041045317e-8,0.1105238406648454,0.7661110151268918,0.7884849017697417
L48T16beta4.20ms0.035150m0.001041,1540,6.224260740708963e-8,0.11013655101383771,0.7634264643015058,0.7857219499885305
L48T16beta4.20ms0.035150m0.001041,1541,6.221499087018476e-8,0.11008768432504756,0.7630877382101059,0.7853733315720989
L48T16beta4.20ms0.035150m0.001041,1542,6.220181288338942e-8,0.11006436624639684,0.7629261057804106,0.7852069787486378
L48T16beta4.20ms0.035150m0.001041,1543,6.242714438971544e-8,0.11046308403755856,0.7656898723116727,0.7880514596905489
L48T16beta4.20ms0.035150m0.001041,1544,6.232995523630393e-8,0.11029111055189318,0.7644978147349051,0.7868245886721681
L48T16beta4.20ms0.035150m0.001041,1545,6.22629070559617e-8,0.11017247067412667,0.7636754463061254,0.785978203387292
L48T16beta4.20ms0.035150m0.001041,1546,6.245699552282611e-8,0.11051590478176615,0.7660560064753178,0.7884282866181821
L48T16beta4.20ms0.035150m0.001041,1547,6.241375200848742e-8,0.11043938659396225,0.7655256102623244,0.787882400450716
L48T16beta4.20ms0.035150m0.001041,1548,6.24323676040082e-8,0.1104723263689996,0.7657539367875348,0.7881173951371874
L48T16beta4.20ms0.035150m0.001041,1549,6.245502804446431e-8,0.11051242338389436,0.7660318746930562,0.7884034500793642
L48T16beta4.20ms0.035150m0.001041,1550,6.242339630865995e-8,0.11045645191307715,0.7656439008399222,0.7880041456451016
L48T16beta4.20ms0.035150m0.001041,1551,6.245372987489282e-8,0.11051012630918636,0.766015952207683,0.7883870625858188
L48T16beta4.20ms0.035150m0.001041,1552,6.245983412861128e-8,0.11052092761522206,0.766090822927719,0.7884641198675539
L48T16beta4.20ms0.035150m0.001041,1553,6.245590991202692e-8,0.1105139838238541,0.7660426910946073,0.7884145823684792
L48T16beta4.20ms0.035150m0.001041,1554,6.240342769907987e-8,0.11042111801754625,0.7653989791432934,0.7877520711335823
L48T16beta4.20ms0.035150m0.001041,1555,6.238299417243141e-8,0.11038496146428056,0.765148355082826,0.7874941277235583
L48T16beta4.20ms0.035150m0.001041,1556,6.243576496826661e-8,0.11047833790992866,0.7657956066000922,0.7881602818956497
L48T16beta4.20ms0.035150m0.001041,1557,6.242402490240819e-8,0.11045756419211403,0.7656516107531582,0.7880120807224735
L48T16beta4.20ms0.035150m0.001041,1558,6.243173813038639e-8,0.11047121253305106,0.7657462160823539,0.7881094489526972
L48T16beta4.20ms0.035150m0.001041,1559,6.247789683815298e-8,0.11055288907400022,0.7663123681208844,0.7886921351765906
L48T16beta4.20ms0.035150m0.001041,1560,6.241157781705348e-8,0.11043553942309725,0.7654989430748739,0.7878549544614766
L48T16beta4.20ms0.035150m0.001041,1561,6.245309449408155e-8,0.11050900202063146,0.7660081590488416,0.7883790418316954
L48T16beta4.20ms0.035150m0.001041,1562,6.245639017400431e-8,0.11051483363397575,0.7660485816689038,0.7884206449740334
L48T16beta4.20ms0.035150m0.001041,1563,6.24673226788594e-8,0.11053417839520671,0.7661826725091685,0.7885586518698053
L48T16beta4.20ms0.035150m0.001041,1564,6.245826599926557e-8,0.11051815285425245,0.7660715892951346,0.7884443245264094
L48T16beta4.20ms0.035150m0.001041,1565,6.247624654261222e-8,0.11054996892224914,0.7662921266923483,0.7886713026073209
L48T16beta4.20ms0.035150m0.001041,1566,6.241310272249911e-8,0.11043823770058595,0.7655176465518208,0.787874204164055
L48T16beta4.20ms0.035150m0.001041,1567,6.241278043946442e-8,0.11043766742977999,0.7655136936422637,0.7878701358117637
L48T16beta4.20ms0.035150m0.001041,1568,6.232863637608488e-8,0.11028877686566367,0.7644816384717972,0.786807939989437
L48T16beta4.20ms0.035150m0.001041,1569,6.234269898785282e-8,0.1103136602634339,0.7646541211236023,0.7869854599102842
L48T16beta4.20ms0.035150m0.001041,1570,6.234999939939522e-8,0.11032657813724667,0.7647436631206994,0.7870776169363436
L48T16beta4.20ms0.035150m0.001041,1571,6.24661304369233e-8,0.11053206875648355,0.7661680492617857,0.7885436015578421
L48T16beta4.20ms0.035150m0.001041,1572,6.246035492361426e-8,0.11052184914739757,0.7660972106531745,0.7884706941433167
L48T16beta4.20ms0.035150m0.001041,1573,6.245598436435888e-8,0.11051411556517084,0.7660436042774401,0.7884155222203569
L48T16beta4.20ms0.035150m0.001041,1574,6.24283027322118e-8,0.11046513369217228,0.7657040797710529,0.7880660820716302
L48T16beta4.20ms0.035150m0.001041,1575,6.24331916954267e-8,0.11047378457569007,0.7657640445452925,0.7881277980869235
L48T16beta4.20ms0.035150m0.001041,1576,6.246878355326899e-8,0.11053676337156998,0.7662005906239737,0.7885770932741359
L48T16beta4.20ms0.035150m0.001041,1577,6.24592978863684e-8,0.11051997874958806,0.766084245736683,0.7884573505929637
L48T16beta4.20ms0.035150m0.001041,1578,6.24602802429165e-8,0.11052171700199395,0.7660962946693587,0.7884697514086545
L48T16beta4.20ms0.035150m0.001041,1579,6.247179529104042e-8,0.11054209255722787,0.7662375305982779,0.7886151120617992
L48T16beta4.20ms0.035150m0.001041,1580,6.246667323501263e-8,0.11053302922250427,0.7661747068624779,0.788550453590412
L48T16beta4.20ms0.035150m0.001041,1581,6.245451839366598e-8,0.11051152157107694,0.76602562365501,0.7883970164828977
L48T16beta4.20ms0.035150m0.001041,1582,6.246602829383196e-8,0.11053188801714343,0.766166796442498,0.7885423121505976
L48T16beta4.20ms0.035150m0.001041,1583,6.24706522531181e-8,0.11054006998362939,0.7662235108546338,0.7886006828785976
L48T16beta4.20ms0.035150m0.001041,1584,6.247670700878535e-8,0.11055078370424944,0.7662977744644633,0.7886771153197782
L48T16beta4.20ms0.035150m0.001041,1585,6.246058397065369e-8,0.11052225443972052,0.766100019991966,0.7884735855274337
L48T16beta4.20ms0.035150m0.001041,1586,6.246345764818522e-8,0.1105273393316496,0.7661352666111041,0.7885098615063455
L48T16beta4.20ms0.035150m0.001041,1587,6.247039972909147e-8,0.11053962314943494,0.7662204135627169,0.788597495131829
L48T16beta4.20ms0.035150m0.001041,1588,6.247618901685856e-8,0.11054986713203874,0.7662914211196779,0.7886705764287557
L48T16beta4.20ms0.035150m0.001041,1589,6.247075505231926e-8,0.11054025188393746,0.7662247717213284,0.7886019805682695
L48T16beta4.20ms0.035150m0.001041,1590,6.246368895822818e-8,0.11052774862829393,0.766138103706393,0.7885127814575745
L48T16beta4.20ms0.035150m0.001041,1591,6.24738859746435e-8,0.1105457919633244,0.7662631735341634,0.7886415038867222
L48T16beta4.20ms0.035150m0.001041,1592,6.247243215491077e-8,0.11054321947001428,0.7662453419473367,0.7886231515373762
L48T16beta4.20ms0.035150m0.001041,1593,6.245957793939071e-8,0.11052047429556956,0.7660876806809688,0.7884608858530687
L48T16beta4.20ms0.035150m0.001041,1594,6.247051562009696e-8,0.11053982821532421,0.7662218350047845,0.7885989580863968
L48T16beta4.20ms0.035150m0.001041,1595,6.246474437961766e-8,0.11052961616689083,0.766151048803864,0.7885261046101024
L48T16beta4.20ms0.035150m0.001041,1596,6.247761172504001e-8,0.11055238457433,0.766308871112889,0.7886885360402367
L48T16beta4.20ms0.035150m0.001041,1597,6.24719811831184e-8,0.11054242148805488,0.7662398106269873,0.7886174586775997
L48T16beta4.20ms0.035150m0.001041,1598,6.246069770646918e-8,0.11052245569206144,0.7661014149999051,0.7884750212758777
L48T16beta4.20ms0.035150m0.001041,1599,6.244253240868148e-8,0.11049031270625444,0.7658786115274806,0.7882457109401694
L48T16beta4.20ms0.035150m0.001041,1600,6.24686023422396e-8,0.1105364427237274,0.766198368009896,0.7885748057497327
L48T16beta4.20ms0.035150m0.001041,1601,6.242769499104529e-8,0.11046405831119488,0.7656966256217284,0.788058410227626
L48T16beta4.20ms0.035150m0.001041,1602,6.243989239752421e-8,0.11048564128043195,0.7658462309048257,0.7882123846577257
L48T16beta4.20ms0.035150m0.001041,1603,6.247388617734791e-8,0.11054579232200416,0.766263176020401,0.7886415064455691
L48T16beta4.20ms0.035150m0.001041,1604,6.243319497703901e-8,0.11047379038241117,0.7657640847953686,0.7881278395124829
L48T16beta4.20ms0.035150m0.001041,1605,6.247065856749874e-8,0.11054008115674913,0.7662235883026309,0.7886007625884245
L48T16beta4.20ms0.035150m0.001041,1606,6.247810496365394e-8,0.11055325734624667,0.7663149208499868,0.7886947624568618
L48T16beta4.20ms0.035150m0.001041,1607,6.246688405282773e-8,0.11053340225872518,0.7661772926137165,0.7885531148572141
L48T16beta4.20ms0.035150m0.001041,1608,6.247186719354867e-8,0.11054221978670295,0.7662384125066674,0.7886160197258794
L48T16beta4.20ms0.035150m0.001041,1609,6.247677098523595e-8,0.11055089690878743,0.7662985591570962,0.7886779229289645
L48T16beta4.20ms0.035150m0.001041,1610,6.247085693887989e-8,0.11054043216935368,0.766226021394181,0.7886032667371887
L48T16beta4.20ms0.035150m0.001041,1611,6.247809111247038e-8,0.11055323283696519,0.7663147509605729,0.788694587605913
L48T16beta4.20ms0.035150m0.001041,1612,6.247207623148761e-8,0.11054258967348285,0.7662409764271276,0.7886186585243464
L48T16beta4.20ms0.035150m0.001041,1613,6.245597635298225e-8,0.11051410138926421,0.7660435060152175,0.7884154210884357
L48T16beta4.20ms0.035150m0.001041,1614,6.244785056826187e-8,0.11049972304072347,0.7659438405391527,0.7883128449323
L48T16beta4.20ms0.035150m0.001041,1615,6.245195223341774e-8,0.11050698082237015,0.7659941488385337,0.7883646224602463
L48T16beta4.20ms0.035150m0.001041,1616,6.245805374716037e-8,0.11051777728009536,0.7660689859518467,0.788441645153791
L48T16beta4.20ms0.035150m0.001041,1617,6.246951087758762e-8,0.11053805035158673,0.7662095115007832,0.7885862746806631
L48T16beta4.20ms0.035150m0.001041,1618,6.241061740501675e-8,0.1104338400008898,0.7654871632989934,0.7878428306631698
L48T16beta4.20ms0.035150m0.001041,1619,6.246002046649287e-8,0.11052125733488607,0.7660931084243592,0.7884664721109733
L48T16beta4.20ms0.035150m0.001041,1620,6.242522319610056e-8,0.11045968453925045,0.7656663082273624,0.7880272074290152
L48T16beta4.20ms0.035150m0.001041,1621,6.242695135134478e-8,0.11046274246156676,0.7656875046312859,0.788049022863248
L48T16beta4.20ms0.035150m0.001041,1622,6.247247169843321e-8,0.11054328944117,0.7662458269619077,0.7886236507165536
L48T16beta4.20ms0.035150m0.001041,1623,6.245795277485174e-8,0.11051759861242245,0.7660677474926018,0.788440370525967
L48T16beta4.20ms0.035150m0.001041,1624,6.245664044538843e-8,0.11051527648218236,0.7660516513314043,0.7884238042844824
L48T16beta4.20ms0.035150m0.001041,1625,6.246785747805291e-8,0.11053512470740524,0.7661892320007198,0.7885654029280063
L48T16beta4.20ms0.035150m0.001041,1626,6.244292799649064e-8,0.11049101268780628,0.7658834635446928,0.7882507046581024
L48T16beta4.20ms0.035150m0.001041,1627,6.241924164643961e-8,0.11044910035460878,0.765592942513763,0.7879516991066722
L48T16beta4.20ms0.035150m0.001041,1628,6.244254516188535e-8,0.11049033527269159,0.7658787679498053,0.7882458719307293
L48T16beta4.20ms0.035150m0.001041,1629,6.245764671214923e-8,0.11051705704304012,0.7660639935308613,0.7884365069316632
L48T16beta4.20ms0.035150m0.001041,1630,6.238352505450465e-8,0.11038590084524444,0.7651548665295828,0.7875008293338407
L48T16beta4.20ms0.035150m0.001041,1631,6.246574195416733e-8,0.11053138134712437,0.7661632843904347,0.7885386975308212
L48T16beta4.20ms0.035150m0.001041,1632,6.245613548844795e-8,0.11051438297501498,0.7660454578650997,0.7884174299411113
L48T16beta4.20ms0.035150m0.001041,1633,6.245989543582464e-8,0.1105210360966195,0.7660915748812615,0.7884648937815212
L48T16beta4.20ms0.035150m0.001041,1634,6.24536250625042e-8,0.11050994084659943,0.7660146666485685,0.7883857394825974
L48T16beta4.20ms0.035150m0.001041,1635,6.245763064725215e-8,0.11051702861665455,0.7660637964895084,0.7884363041358168
L48T16beta4.20ms0.035150m0.001041,1636,6.242406840856506e-8,0.11045764117504042,0.76565214437077,0.7880126299241191
L48T16beta4.20ms0.035150m0.001041,1637,6.247393240693096e-8,0.11054587412395694,0.7662637430417485,0.7886420900264897
L48T16beta4.20ms0.035150m0.001041,1638,6.245362648159673e-8,0.11050994335764394,0.7660146840542146,0.7883857573965666
L48T16beta4.20ms0.035150m0.001041,1639,6.244574199626664e-8,0.11049599198161793,0.7659179781961355,0.7882862272925706
L48T16beta4.20ms0.035150m0.001041,1640,6.245050047169618e-8,0.11050441197065318,0.7659763424939047,0.7883462960902836
L48T16beta4.20ms0.035150m0.001041,1641,6.245695780213646e-8,0.110515838036062,0.7660555438184027,0.7884278104496046
L48T16beta4.20ms0.035150m0.001041,1642,6.245104684521555e-8,0.11050537876329725,0.7659830439484461,0.7883531932574324
L48T16beta4.20ms0.035150m0.001041,1643,6.247715640072818e-8,0.1105515788907093,0.7663032864074281,0.7886827882362633
L48T16beta4.20ms0.035150m0.001041,1644,6.24700637607408e-8,0.11053902866284554,0.7662162927981675,0.7885932540224248
L48T16beta4.20ms0.035150m0.001041,1645,6.245624697205091e-8,0.11051458024212887,0.7660468252488963,0.7884188372586636
L48T16beta4.20ms0.035150m0.001041,1646,6.245794310044926e-8,0.11051758149383815,0.7660676288328093,0.7884402484007751
L48T16beta4.20ms0.035150m0.001041,1647,6.245851489913776e-8,0.11051859327560709,0.7660746421355811,0.7884474665235248
L48T16beta4.20ms0.035150m0.001041,1648,6.245265912013917e-8,0.11050823163863091,0.766002819041356,0.7883735458719787
L48T16beta4.20ms0.035150m0.001041,1649,6.245272978779907e-8,0.11050835668307639,0.7660036858039159,0.7883744379479029
L48T16beta4.20ms0.035150m0.001041,1650,6.245371362357533e-8,0.11051009755293509,0.7660157528798213,0.7883868574366872
L48T16beta4.20ms0.035150m0.001041,1651,6.245467305977654e-8,0.11051179524842891,0.7660275206867516,0.7883989689164966
L48T16beta4.20ms0.035150m0.001041,1652,6.245056754732429e-8,0.110504530659099,0.7659771651989894,0.7883471428220563
L48T16beta4.20ms0.035150m0.001041,1653,6.244750161812258e-8,0.1104991055832226,0.7659395605486098,0.7883084399467873
L48T16beta4.20ms0.035150m0.001041,1654,6.245561427844754e-8,0.11051346070851312,0.7660390650495614,0.7884108504266125
L48T16beta4.20ms0.035150m0.001041,1655,6.245795528536973e-8,0.11051760305471374,0.7660677782849473,0.7884404022175876
L48T16beta4.20ms0.035150m0.001041,1656,6.247055639978998e-8,0.11053990037384917,0.7662223351814024,0.7885994728704211
L48T16beta4.20ms0.035150m0.001041,1657,6.246500001027157e-8,0.11053006849817526,0.7661541841996066,0.7885293315734997
L48T16beta4.20ms0.035150m0.001041,1658,6.247819401565468e-8,0.11055341492126852,0.7663160131026556,0.7886958866082201
L48T16beta4.20ms0.035150m0.001041,1659,6.2464702585963e-8,0.11052954221418912,0.7661505361906663,0.7885255770262942
L48T16beta4.20ms0.035150m0.001041,1660,6.246079199107673e-8,0.11052262252603451,0.7661025714322521,0.7884762114812494
L48T16beta4.20ms0.035150m0.001041,1661,6.246289367542556e-8,0.11052634139764261,0.7661283492959753,0.7885027421745096
L48T16beta4.20ms0.035150m0.001041,1662,6.247425370579245e-8,0.11054644265329598,0.7662676838800911,0.7886461459550329
L48T16beta4.20ms0.035150m0.001041,1663,6.247336887631423e-8,0.1105448769723095,0.7662568311496512,0.7886349762760622
L48T16beta4.20ms0.035150m0.001041,1664,6.247310608775801e-8,0.11054441197531734,0.7662536079598349,0.7886316589546094
L48T16beta4.20ms0.035150m0.001041,1665,6.247845507039958e-8,0.11055387685033008,0.7663192150266943,0.788699182042839
L48T16beta4.20ms0.035150m0.001041,1666,6.244887625330211e-8,0.110501537961683,0.7659564209103225,0.7883257927068786
L48T16beta4.20ms0.035150m0.001041,1667,6.240504430870688e-8,0.1104239785630162,0.7654188074027947,0.7877724784674235
L48T16beta4.20ms0.035150m0.001041,1668,6.246218636368681e-8,0.11052508982932563,0.766119673880173,0.7884938133975548
L48T16beta4.20ms0.035150m0.001041,1669,6.24644768530143e-8,0.11052914278605691,0.7661477675003097,0.7885227274777291
L48T16beta4.20ms0.035150m0.001041,1670,6.247487037576281e-8,0.11054753383354177,0.7662752475441907,0.788653930512136
L48T16beta4.20ms0.035150m0.001041,1671,6.247368474288694e-8,0.11054543588936563,0.7662607053591491,0.7886389636298988
L48T16beta4.20ms0.035150m0.001041,1672,6.247804016339636e-8,0.11055314268400529,0.7663141260530848,0.7886939444483163
L48T16beta4.20ms0.035150m0.001041,1673,6.247698872825997e-8,0.11055128219897162,0.7663012298483457,0.7886806716164079
L48T16beta4.20ms0.035150m0.001041,1674,6.247302550949076e-8,0.11054426939432963,0.7662526196403503,0.7886306417717517
L48T16beta4.20ms0.035150m0.001041,1675,6.229825340600802e-8,0.11023501505083583,0.764108981149313,0.7864243993973936
L48T16beta4.20ms0.035150m0.001041,1676,6.246579696881961e-8,0.11053147869401117,0.7661639591636044,0.7885393920104017
L48T16beta4.20ms0.035150m0.001041,1677,6.247903042004162e-8,0.11055489491541187,0.7663262718831029,0.7887064449911875
L48T16beta4.20ms0.035150m0.001041,1678,6.244640097118722e-8,0.1104971580192886,0.7659260607446443,0.788294545887841
L48T16beta4.20ms0.035150m0.001041,1679,6.245577160929219e-8,0.11051373910103747,0.7660409947651607,0.7884128364985847
L48T16beta4.20ms0.035150m0.001041,1680,6.246848874441636e-8,0.1105362417155599,0.7661969746944781,0.7885733717432392
L48T16beta4.20ms0.035150m0.001041,1681,6.24724919259187e-8,0.11054332523313921,0.7662460750588042,0.7886239060589951
L48T16beta4.20ms0.035150m0.001041,1682,6.246456406691447e-8,0.11052929710861129,0.7661488372080584,0.7885238284257543
L48T16beta4.20ms0.035150m0.001041,1683,6.247856554473218e-8,0.11055407233156833,0.7663205700314515,0.7887005766198282
L48T16beta4.20ms0.035150m0.001041,1684,6.24617639207403e-8,0.1105243423283602,0.7661144924756905,0.788488480672762
L48T16beta4.20ms0.035150m0.001041,1685,6.246065208577927e-8,0.11052237496752801,0.7661008554468359,0.7884744453813427
L48T16beta4.20ms0.035150m0.001041,1686,6.245500221612646e-8,0.11051237768137372,0.7660315578998262,0.7884031240343474
L48T16beta4.20ms0.035150m0.001041,1687,6.246190438024867e-8,0.11052459086752738,0.7661162152586894,0.7884902537687715
L48T16beta4.20ms0.035150m0.001041,1688,6.24649327810802e-8,0.11052994953800355,0.7661533596110168,0.7885284829032152
L48T16beta4.20ms0.035150m0.001041,1689,6.247908700473479e-8,0.11055499504044208,0.7663269659133506,0.7887071592902393
L48T16beta4.20ms0.035150m0.001041,1690,6.246666089332437e-8,0.11053300738423245,0.7661745554875303,0.7885502977946353
L48T16beta4.20ms0.035150m0.001041,1691,6.24639913063144e-8,0.11052828362476674,0.7661418121071183,0.7885165981602767
L48T16beta4.20ms0.035150m0.001041,1692,6.245277697762938e-8,0.11050844018415981,0.7660042646030184,0.788375033650542
L48T16beta4.20ms0.035150m0.001041,1693,6.245235182703851e-8,0.11050768789209348,0.7659990499883692,0.7883696667456962
L48T16beta4.20ms0.035150m0.001041,1694,6.24566523936984e-8,0.11051529762438228,0.7660517978814352,0.7884239551144332
L48T16beta4.20ms0.035150m0.001041,1695,6.245106544226627e-8,0.11050541167025778,0.765983272047513,0.7883534280180178
L48T16beta4.20ms0.035150m0.001041,1696,6.24604025819621e-8,0.11052193347750966,0.7660977951988018,0.7884712957603048
L48T16beta4.20ms0.035150m0.001041,1697,6.245152236366136e-8,0.1105062201798726,0.7659888763417362,0.7883591959828332
L48T16beta4.20ms0.035150m0.001041,1698,6.245580588211803e-8,0.11051379974584315,0.7660414151328693,0.7884132691429206
L48T16beta4.20ms0.035150m0.001041,1699,6.245911034147323e-8,0.11051964689414731,0.7660819454356161,0.788454983112762
L48T16beta4.20ms0.035150m0.001041,1700,6.246646007253686e-8,0.11053265203747194,0.7661720923531895,0.7885477627256956
L48T16beta4.20ms0.035150m0.001041,1701,6.24715779945206e-8,0.11054170805712037,0.7662348653835522,0.7886123690108188
L48T16beta4.20ms0.035150m0.001041,1702,6.247519345472672e-8,0.1105481055127222,0.7662792102160868,0.7886580089118705
L48T16beta4.20ms0.035150m0.001041,1703,6.246880249313395e-8,0.11053679688513071,0.7662008229277726,0.7885773323622504
L48T16beta4.20ms0.035150m0.001041,1704,6.247119713894904e-8,0.11054103414385043,0.7662301940621773,0.788607561265854
L48T16beta4.20ms0.035150m0.001041,1705,6.247901100550447e-8,0.110554860561932,0.7663260337572905,0.7887061999110305
L48T16beta4.20ms0.035150m0.001041,1706,6.247218556867244e-8,0.11054278314256996,0.7662423174843858,0.7886200387465069
L48T16beta4.20ms0.035150m0.001041,1707,6.247777645561277e-8,0.11055267606046604,0.7663108915886364,0.7886906155229615
L48T16beta4.20ms0.035150m0.001041,1708,6.244377979347687e-8,0.11049251991872311,0.765893911120535,0.7882614573501392
L48T16beta4.20ms0.035150m0.001041,1709,6.245852078862962e-8,0.11051860369689803,0.7660747143721749,0.788447540869752
L48T16beta4.20ms0.035150m0.001041,1710,6.241564253868417e-8,0.11044273183421056,0.7655487982495229,0.7879062656314111
L48T16beta4.20ms0.035150m0.001041,1711,6.232043939258457e-8,0.11027427253287542,0.7643810997188067,0.7867044650527627
L48T16beta4.20ms0.035150m0.001041,1712,6.244448435141346e-8,0.11049376661426429,0.7659025527600298,0.7882703513643665
L48T16beta4.20ms0.035150m0.001041,1713,6.24382793436657e-8,0.11048278702679483,0.7658264462580181,0.788192022210265
L48T16beta4.20ms0.035150m0.001041,1714,6.247480985369002e-8,0.11054742674142859,0.7662745052206609,0.788653166509421
L48T16beta4.20ms0.035150m0.001041,1715,6.244960085010435e-8,0.11050282011543586,0.7659653083332281,0.7883349396824976
L48T16beta4.20ms0.035150m0.001041,1716,6.247036883059322e-8,0.11053956847540744,0.7662200345822684,0.7885971050834473
L48T16beta4.20ms0.035150m0.001041,1717,6.247222968771366e-8,0.11054286120997807,0.7662428586192298,0.7886205956849217
L48T16beta4.20ms0.035150m0.001041,1718,6.246474681966082e-8,0.11052962048447887,0.7661510787318119,0.7885261354120809
L48T16beta4.20ms0.035150m0.001041,1719,6.245540228474637e-8,0.11051308559159473,0.7660364648756857,0.7884081743159673
L48T16beta4.20ms0.035150m0.001041,1720,6.246062508097437e-8,0.1105223271832819,0.766100524223843,0.788474104485149
L48T16beta4.20ms0.035150m0.001041,1721,6.231482282971811e-8,0.11026433418214697,0.7643122106907071,0.7866335641552666
L48T16beta4.20ms0.035150m0.001041,1722,6.239337914663543e-8,0.11040333738535528,0.7652757302759406,0.7876252228450848
L48T16beta4.20ms0.035150m0.001041,1723,6.236462262834463e-8,0.11035245353142223,0.7649230219303409,0.7872622138297564
L48T16beta4.20ms0.035150m0.001041,1724,6.247648086288576e-8,0.11055038354541219,0.7662950007091254,0.7886742605583116
L48T16beta4.20ms0.035150m0.001041,1725,6.247872364100281e-8,0.11055435207849253,0.7663225091352573,0.7887025723541847
L48T16beta4.20ms0.035150m0.001041,1726,6.247610124058886e-8,0.11054971181438725,0.7662903445142781,0.7886694683816371
L48T16beta4.20ms0.035150m0.001041,1727,6.247583346442333e-8,0.11054923799196009,0.7662870601497602,0.7886660880989063
L48T16beta4.20ms0.035150m0.001041,1728,6.247152471564826e-8,0.11054161378164756,0.7662342119003062,0.7886116964429234
L48T16beta4.20ms0.035150m0.001041,1729,6.245750861958105e-8,0.11051681269210731,0.766062299779178,0.7884347637148144
L48T16beta4.20ms0.035150m0.001041,1730,6.24600675897934e-8,0.11052134071824692,0.7660936864074518,0.7884670669737712
L48T16beta4.20ms0.035150m0.001041,1731,6.245458636909042e-8,0.11051164185168716,0.7660264573963986,0.788397874573284
L48T16beta4.20ms0.035150m0.001041,1732,6.24579303691503e-8,0.11051755896616111,0.7660674726791558,0.7884400876867327
L48T16beta4.20ms0.035150m0.001041,1733,6.24516507620031e-8,0.11050644737714316,0.7659904511904796,0.7883608168242416
L48T16beta4.20ms0.035150m0.001041,1734,6.245936695141189e-8,0.11052010095824868,0.766085092842615,0.7884582224381982
L48T16beta4.20ms0.035150m0.001041,1735,6.24527542764208e-8,0.11050840001500686,0.7660039861650783,0.7883747470809619
L48T16beta4.20ms0.035150m0.001041,1736,6.246683672353736e-8,0.11053331851087109,0.7661767121040896,0.7885525173940957
L48T16beta4.20ms0.035150m0.001041,1737,6.245871353541025e-8,0.11051894475692944,0.7660770784761122,0.788449974016155
L48T16beta4.20ms0.035150m0.001041,1738,6.245740238117837e-8,0.11051662470622844,0.7660609967295225,0.7884334226102495
L48T16beta4.20ms0.035150m0.001041,1739,6.247552498688929e-8,0.11054869214960096,0.7662832765693007,0.7886621940208837
L48T16beta4.20ms0.035150m0.001041,1740,6.247846617360582e-8,0.11055389649714263,0.7663193512112444,0.7886993222045903
L48T16beta4.20ms0.035150m0.001041,1741,6.246103940727933e-8,0.11052306032207737,0.7661056060749935,0.7884793347492047
L48T16beta4.20ms0.035150m0.001041,1742,6.246411246259633e-8,0.11052849800741525,0.7661432981295683,0.7885181275812645
L48T16beta4.20ms0.035150m0.001041,1743,6.246574659050233e-8,0.11053138955098933,0.7661633412566392,0.7885387560577746
L48T16beta4.20ms0.035150m0.001041,1744,6.245382678324135e-8,0.11051029778579563,0.7660171408210937,0.788388285912086
L48T16beta4.20ms0.035150m0.001041,1745,6.245107006248329e-8,0.11050541984560243,0.7659833287160251,0.7883534863415053
L48T16beta4.20ms0.035150m0.001041,1746,6.245702834317859e-8,0.1105159628564609,0.7660564090279531,0.7884287009271645
L48T16beta4.20ms0.035150m0.001041,1747,6.245881346532541e-8,0.11051912158011629,0.7660783041500515,0.788451235485285
L48T16beta4.20ms0.035150m0.001041,1748,6.24670089909809e-8,0.11053362333328896,0.766178825022086,0.7885546920187989
L48T16beta4.20ms0.035150m0.001041,1749,6.244777700956196e-8,0.11049959288066362,0.7659429383170168,0.7883119163612208
L48T16beta4.20ms0.035150m0.001041,1750,6.244477380330945e-8,0.11049427879128958,0.7659061029846547,0.7882740052715148
L48T16beta4.20ms0.035150m0.001041,1751,6.247843312192006e-8,0.11055383801311014,0.7663189458212287,0.7886989049753632
L48T16beta4.20ms0.035150m0.001041,1752,6.24661525509858e-8,0.11053210788669793,0.7661683204981821,0.7885438807155609
L48T16beta4.20ms0.035150m0.001041,1753,6.247187186625378e-8,0.11054222805492381,0.7662384698189635,0.7886160787119523
L48T16beta4.20ms0.035150m0.001041,1754,6.24605044556634e-8,0.11052211374017164,0.7660990447139302,0.7884725817668937
L48T16beta4.20ms0.035150m0.001041,1755,6.246068312632409e-8,0.11052242989290295,0.7661012361695334,0.7884748372228549
L48T16beta4.20ms0.035150m0.001041,1756,6.246258119597127e-8,0.11052578847399769,0.7661245166306213,0.7884987975780928
L48T16beta4.20ms0.035150m0.001041,1757,6.245320465473244e-8,0.11050919694681872,0.7660095102061872,0.7883804324489114
L48T16beta4.20ms0.035150m0.001041,1758,6.247832150594682e-8,0.11055364051177073,0.7663175768138659,0.7886974959868294
L48T16beta4.20ms0.035150m0.001041,1759,6.247011190841841e-8,0.11053911385881295,0.7662168833455886,0.788593861816486
L48T16beta4.20ms0.035150m0.001041,1760,6.247139212815113e-8,0.11054137917178383,0.7662325856701664,0.7886100227195508
L48T16beta4.20ms0.035150m0.001041,1761,6.246434198272653e-8,0.11052890413685908,0.7661461132709767,0.788521024937461
L48T16beta4.20ms0.035150m0.001041,1762,6.247906566010263e-8,0.11055495727171313,0.7663267041142754,0.7887068898454539
L48T16beta4.20ms0.035150m0.001041,1763,6.247854397734306e-8,0.11055403416867718,0.7663203055001874,0.7887003043630616
L48T16beta4.20ms0.035150m0.001041,1764,6.246383027011289e-8,0.11052799867571719,0.766139836944074,0.7885145653135897
L48T16beta4.20ms0.035150m0.001041,1765,6.246516227774706e-8,0.11053035562592964,0.7661561744646395,0.7885313799632213
L48T16beta4.20ms0.035150m0.001041,1766,6.246358116016235e-8,0.1105275578826348,0.7661367815269459,0.788511420664542
L48T16beta4.20ms0.035150m0.001041,1767,6.245041818572453e-8,0.11050426636793037,0.7659753332288527,0.7883452573501537
L48T16beta4.20ms0.035150m0.001041,1768,6.241349934081977e-8,0.11043893950559905,0.7655225112086023,0.7878792108906896
L48T16beta4.20ms0.035150m0.001041,1769,6.247688291445797e-8,0.11055109496441176,0.7662999320065601,0.7886793358718062
L48T16beta4.20ms0.035150m0.001041,1770,6.246008223344088e-8,0.11052136662977109,0.7660938660167014,0.7884672518284186
L48T16beta4.20ms0.035150m0.001041,1771,6.245179486230959e-8,0.11050670235860066,0.765992218629089,0.7883626358800061
L48T16beta4.20ms0.035150m0.001041,1772,6.244108523012095e-8,0.11048775196431257,0.7658608613968594,0.7882274424259162
L48T16beta4.20ms0.035150m0.001041,1773,6.245706623308223e-8,0.11051602990158448,0.7660568737603347,0.7884291792318215
L48T16beta4.20ms0.035150m0.001041,1774,6.245651883232598e-8,0.11051506129127352,0.7660501597063882,0.7884222690973084
L48T16beta4.20ms0.035150m0.001041,1775,6.241192023107574e-8,0.11043614531512205,0.7655031428977481,0.7878592769380643
L48T16beta4.20ms0.035150m0.001041,1776,6.24609525992189e-8,0.11052290671764507,0.7661045413450054,0.7884782389243132
L48T16beta4.20ms0.035150m0.001041,1777,6.24306872917215e-8,0.11046935310345701,0.7657333271935379,0.7880961836503698
L48T16beta4.20ms0.035150m0.001041,1778,6.243673715826259e-8,0.11048005817290522,0.7658075308365948,0.7881725543734783
L48T16beta4.20ms0.035150m0.001041,1779,6.246198092701729e-8,0.11052472631489113,0.7661171541304906,0.7884912200598511
L48T16beta4.20ms0.035150m0.001041,1780,6.246439322988712e-8,0.11052899481727482,0.7661467418345964,0.7885216718579648
L48T16beta4.20ms0.035150m0.001041,1781,6.244835083160718e-8,0.11050060824270563,0.7659499764369379,0.7883191600258921
L48T16beta4.20ms0.035150m0.001041,1782,6.246992099831894e-8,0.11053877604873741,0.7662145417691618,0.7885914518554982
L48T16beta4.20ms0.035150m0.001041,1783,6.24624679020372e-8,0.11052558800355355,0.7661231270425058,0.7884973674077558
L48T16beta4.20ms0.035150m0.001041,1784,6.245916741837058e-8,0.11051974789011902,0.7660826455029134,0.7884557036251723
L48T16beta4.20ms0.035150m0.001041,1785,6.244675139805646e-8,0.11049777808982177,0.7659303588477753,0.7882989695149109
L48T16beta4.20ms0.035150m0.001041,1786,6.245155000979757e-8,0.11050626909893652,0.765989215430873,0.7883595449748976
L48T16beta4.20ms0.035150m0.001041,1787,6.244685301520736e-8,0.11049795789852501,0.765931605216227,0.788300252282926
L48T16beta4.20ms0.035150m0.001041,1788,6.245798020540588e-8,0.11051764715001997,0.7660680839375522,0.788440716796623
L48T16beta4.20ms0.035150m0.001041,1789,6.246689891466167e-8,0.11053342855632423,0.7661774748990964,0.7885533024661469
L48T16beta4.20ms0.035150m0.001041,1790,6.24523123863879e-8,0.11050761810296657,0.765998566235556,0.7883691688651255
L48T16beta4.20ms0.035150m0.001041,1791,6.24481914670629e-8,0.11050032625160672,0.76594802177733,0.7883171482814342
L48T16beta4.20ms0.035150m0.001041,1792,6.24578813658864e-8,0.11051747225625774,0.7660668716376818,0.788439469092145
L48T16beta4.20ms0.035150m0.001041,1793,6.247935114477655e-8,0.11055546242885006,0.7663302056795905,0.7887104936722218
L48T16beta4.20ms0.035150m0.001041,1794,6.245155962297534e-8,0.11050628610918542,0.7659893333397239,0.7883596663272172
L48T16beta4.20ms0.035150m0.001041,1795,6.245826539657505e-8,0.11051815178780845,0.7660715819029332,0.7884443169183226
L48T16beta4.20ms0.035150m0.001041,1796,6.245191718570477e-8,0.1105069188064234,0.7659937189665744,0.7883641800340928
L48T16beta4.20ms0.035150m0.001041,1797,6.245749480104425e-8,0.11051678824059338,0.7660621302901877,0.7884345892759834
L48T16beta4.20ms0.035150m0.001041,1798,6.245962387119202e-8,0.11052055557060589,0.7660882440499235,0.7884614656749303
L48T16beta4.20ms0.035150m0.001041,1799,6.246352827943594e-8,0.11052746431167007,0.7661361329270931,0.7885107531226571
L48T16beta4.20ms0.035150m0.001041,1800,6.24566203289587e-8,0.11051524088672321,0.7660514045966441,0.7884235503439577
L48T16beta4.20ms0.035150m0.001041,1801,6.245897588660038e-8,0.11051940898001454,0.7660802963014867,0.7884532858165001
L48T16beta4.20ms0.035150m0.001041,1802,6.246549936685636e-8,0.11053095209567004,0.7661603089756697,0.7885356352205654
L48T16beta4.20ms0.035150m0.001041,1803,6.246596370667008e-8,0.11053177373196893,0.7661660042592864,0.7885414968320739
L48T16beta4.20ms0.035150m0.001041,1804,6.24534065189791e-8,0.11050955413995098,0.7660119861389048,0.7883829806899979
L48T16beta4.20ms0.035150m0.001041,1805,6.244840899378678e-8,0.11050071115905388,0.7659506898155859,0.7883198942384045
L48T16beta4.20ms0.035150m0.001041,1806,6.24514154784963e-8,0.1105060310495658,0.7659875653593232,0.7883578467138387
L48T16beta4.20ms0.035150m0.001041,1807,6.222247307785282e-8,0.11010092388201438,0.7631795099976829,0.785467783508547
L48T16beta4.20ms0.035150m0.001041,1808,6.239831168449679e-8,0.1104120653729899,0.7653362295078399,0.7876874889266048
L48T16beta4.20ms0.035150m0.001041,1809,6.241844647323765e-8,0.11044769331789278,0.765583189447634,0.7879416612071554
L48T16beta4.20ms0.035150m0.001041,1810,6.245446003465033e-8,0.1105114183064328,0.7660249078621016,0.7883962797856178
L48T16beta4.20ms0.035150m0.001041,1811,6.247839939228936e-8,0.11055377832947305,0.7663185321159908,0.788698479188072
L48T16beta4.20ms0.035150m0.001041,1812,6.246782765200923e-8,0.11053507193105608,0.7661888661742864,0.788565026417796
L48T16beta4.20ms0.035150m0.001041,1813,6.245792383604574e-8,0.11051754740601552,0.7660673925484363,0.7884400052158358
L48T16beta4.20ms0.035150m0.001041,1814,6.245965855831215e-8,0.11052061694849372,0.7660886694990905,0.788461903549126
L48T16beta4.20ms0.035150m0.001041,1815,6.246468921205508e-8,0.11052951854943352,0.7661503721551982,0.7885254082002529
L48T16beta4.20ms0.035150m0.001041,1816,6.243823202039413e-8,0.11048270328959084,0.7658258658222138,0.7881914248231251
L48T16beta4.20ms0.035150m0.001041,1817,6.247894034564437e-8,0.11055473553128804,0.7663251670903977,0.7887053079335673
L48T16beta4.20ms0.035150m0.001041,1818,6.246116163190878e-8,0.11052327659513689,0.766107105201084,0.7884808776565184
L48T16beta4.20ms0.035150m0.001041,1819,6.247516912080433e-8,0.11054806245452788,0.7662789117523637,0.7886577017316646
L48T16beta4.20ms0.035150m0.001041,1820,6.24773312980805e-8,0.11055188836667709,0.766305431582138,0.7886849960597211
L48T16beta4.20ms0.035150m0.001041,1821,6.247495904984857e-8,0.11054769073985365,0.7662763351616058,0.7886550498928703
L48T16beta4.20ms0.035150m0.001041,1822,6.247678518188275e-8,0.11055092202935643,0.7662987332837325,0.7886781021408816
L48T16beta4.20ms0.035150m0.001041,1823,6.247070904309829e-8,0.11054017047190921,0.7662242074027956,0.7886013997690979
L48T16beta4.20ms0.035150m0.001041,1824,6.247473852370076e-8,0.11054730052500983,0.7662736303344091,0.7886522660725566
L48T16beta4.20ms0.035150m0.001041,1825,6.245243788649534e-8,0.11050784017189269,0.7660001055364831,0.7883707531205616
L48T16beta4.20ms0.035150m0.001041,1826,6.245591437134548e-8,0.11051399171449344,0.7660427457896458,0.7884146386608587
L48T16beta4.20ms0.035150m0.001041,1827,6.246195435798978e-8,0.1105246793017409,0.7661168282524533,0.7884908846647096
L48T16beta4.20ms0.035150m0.001041,1828,6.246657929967542e-8,0.11053286300655527,0.7661735547140486,0.7885492677940675
L48T16beta4.20ms0.035150m0.001041,1829,6.245708167400518e-8,0.11051605722386529,0.7660570631484356,0.7884293741509065
L48T16beta4.20ms0.035150m0.001041,1830,6.2469958305415e-8,0.11053884206259929,0.7662149993532128,0.7885919228030611
L48T16beta4.20ms0.035150m0.001041,1831,6.245438179796151e-8,0.11051127986880255,0.7660239482628622,0.7883952921617655
L48T16beta4.20ms0.035150m0.001041,1832,6.244719608642343e-8,0.11049856495343585,0.7659358130998039,0.788304583055625
L48T16beta4.20ms0.035150m0.001041,1833,6.241924698144423e-8,0.11044910979475009,0.7655930079493848,0.7879517664533084
L48T16beta4.20ms0.035150m0.001041,1834,6.246504835373376e-8,0.11053015404057798,0.7661547771483911,0.7885299418390551
L48T16beta4.20ms0.035150m0.001041,1835,6.246213187638687e-8,0.11052499341557402,0.7661190055751569,0.788493125575027
L48T16beta4.20ms0.035150m0.001041,1836,6.245606425815056e-8,0.11051425693499818,0.7660445842016019,0.7884165307627108
L48T16beta4.20ms0.035150m0.001041,1837,6.246185583012707e-8,0.1105245049594466,0.7661156197751579,0.788489640894443
L48T16beta4.20ms0.035150m0.001041,1838,6.246067708366114e-8,0.11052241920058004,0.7661011620542448,0.7884747609430667
L48T16beta4.20ms0.035150m0.001041,1839,6.245616361562105e-8,0.11051443274526021,0.7660458028543153,0.7884177850055634
L48T16beta4.20ms0.035150m0.001041,1840,6.246924646224787e-8,0.11053758247604667,0.766206268357921,0.7885829368234458
L48T16beta4.20ms0.035150m0.001041,1841,6.246037640156803e-8,0.11052188715203538,0.7660974740874841,0.7884709652710927
L48T16beta4.20ms0.035150m0.001041,1842,6.245941573572688e-8,0.1105201872807281,0.7660856911986071,0.788458838268876
L48T16beta4.20ms0.035150m0.001041,1843,6.245733764151604e-8,0.11051651015120867,0.7660602026758419,0.7884326053666307
L48T16beta4.20ms0.035150m0.001041,1844,6.246031151230581e-8,0.11052177233230279,0.7660966781989105,0.7884701461389938
L48T16beta4.20ms0.035150m0.001041,1845,6.246534719838116e-8,0.11053068283781392,0.7661584425782638,0.7885337143159625
L48T16beta4.20ms0.035150m0.001041,1846,6.24674474434693e-8,0.1105343991626905,0.7661842027889715,0.7885602268406599
L48T16beta4.20ms0.035150m0.001041,1847,6.24622953022283e-8,0.11052528259302451,0.7661210100479368,0.7884951885874256
L48T16beta4.20ms0.035150m0.001041,1848,6.245401369578746e-8,0.11051062852231244,0.7660194333661872,0.7883906454098052
L48T16beta4.20ms0.035150m0.001041,1849,6.245480048159517e-8,0.11051202071776917,0.7660290835581114,0.788400577430728
L48T16beta4.20ms0.035150m0.001041,1850,6.245970968713229e-8,0.11052070741950934,0.7660892966112249,0.7884625489757549
L48T16beta4.20ms0.035150m0.001041,1851,6.24626954822108e-8,0.1105259907002985,0.7661259183896959,0.7885002402748357
L48T16beta4.20ms0.035150m0.001041,1852,6.238972269736732e-8,0.11039686740075595,0.7652308826988077,0.7875790655170318
L48T16beta4.20ms0.035150m0.001041,1853,6.244019935811892e-8,0.11048618443860939,0.7658499958795152,0.7882162595866062
L48T16beta4.20ms0.035150m0.001041,1854,6.220299401714582e-8,0.11006645622950706,0.7629405927822424,0.7852218888360671
L48T16beta4.20ms0.035150m0.001041,1855,6.246201364707355e-8,0.11052478421211454,0.7661175554529592,0.7884916331027404
L48T16beta4.20ms0.035150m0.001041,1856,6.245811039270292e-8,0.11051787751279682,0.7660696807284325,0.7884423602209774
L48T16beta4.20ms0.035150m0.001041,1857,6.245764592542693e-8,0.11051705565095704,0.7660639838814484,0.788436497000444
L48T16beta4.20ms0.035150m0.001041,1858,6.245394816119901e-8,0.11051051256069314,0.7660186295624707,0.7883898181314056
L48T16beta4.20ms0.035150m0.001041,1859,6.246374388339545e-8,0.11052784581683953,0.766138777381999,0.7885134748075375
L48T16beta4.20ms0.035150m0.001041,1860,6.247860892150805e-8,0.11055414908555869,0.7663211020621619,0.7887011241882277
L48T16beta4.20ms0.035150m0.001041,1861,6.246168663992457e-8,0.11052420558212062,0.7661135446005554,0.7884875051154105
L48T16beta4.20ms0.035150m0.001041,1862,6.247389861340782e-8,0.11054581432726396,0.7662633285528484,0.7886416634326499
L48T16beta4.20ms0.035150m0.001041,1863,6.247524318008557e-8,0.11054819350035239,0.7662798201142976,0.7886586366218516
L48T16beta4.20ms0.035150m0.001041,1864,6.24676201085207e-8,0.11053470468866433,0.7661863205837618,0.7885624064845812
L48T16beta4.20ms0.035150m0.001041,1865,6.246075504064814e-8,0.11052255714328574,0.7661021182228475,0.7884757450360922
L48T16beta4.20ms0.035150m0.001041,1866,6.246222080269797e-8,0.11052515076819158,0.7661200962862004,0.7884942481397377
L48T16beta4.20ms0.035150m0.001041,1867,6.245685774529627e-8,0.11051566098828489,0.7660543165876854,0.7884265473782319
L48T16beta4.20ms0.035150m0.001041,1868,6.245619124910195e-8,0.11051448164193092,0.7660461417882305,0.788418133837873
L48T16beta4.20ms0.035150m0.001041,1869,6.240137632206548e-8,0.11041748816335784,0.765373818315907,0.7877261754968946
L48T16beta4.20ms0.035150m0.001041,1870,6.247861303092206e-8,0.11055415635705172,0.7663211524655036,0.7887011760635736
L48T16beta4.20ms0.035150m0.001041,1871,6.247267981660766e-8,0.1105436577004524,0.7662483796011479,0.7886262779043381
L48T16beta4.20ms0.035150m0.001041,1872,6.246201733111535e-8,0.11052479073092333,0.766117600638968,0.7884916796083838
L48T16beta4.20ms0.035150m0.001041,1873,6.246073133616006e-8,0.11052251519885781,0.7661018274793476,0.7884754458015747
L48T16beta4.20ms0.035150m0.001041,1874,6.247466577903773e-8,0.11054717180536545,0.7662727380967087,0.7886513477775031
L48T16beta4.20ms0.035150m0.001041,1875,6.247337049861314e-8,0.110544879842922,0.7662568510476917,0.788634996755215
L48T16beta4.20ms0.035150m0.001041,1876,6.243724252880026e-8,0.11048095241192124,0.7658137293758078,0.7881789339379096
L48T16beta4.20ms0.035150m0.001041,1877,6.247274902402606e-8,0.11054378016104144,0.7662492284533559,0.7886271515468477
L48T16beta4.20ms0.035150m0.001041,1878,6.247477793983167e-8,0.11054737027074983,0.76627411378648,0.7886527636436019
L48T16beta4.20ms0.035150m0.001041,1879,6.246537898049116e-8,0.11053073907536765,0.766158832396507,0.7885341155186513
L48T16beta4.20ms0.035150m0.001041,1880,6.247902967037246e-8,0.1105548935888933,0.7663262626881591,0.78870643552771
L48T16beta4.20ms0.035150m0.001041,1881,6.225929334822039e-8,0.11016607631946222,0.7636311229681596,0.7859325856085471
L48T16beta4.20ms0.035150m0.001041,1882,6.247062904213026e-8,0.11054002891243632,0.7662232261640799,0.7886003898737993
L48T16beta4.20ms0.035150m0.001041,1883,6.247758530705404e-8,0.11055233782844352,0.7663085470874269,0.788688202551774
L48T16beta4.20ms0.035150m0.001041,1884,6.247822033902601e-8,0.11055346149973704,0.7663163359676374,0.7886962189023112
L48T16beta4.20ms0.035150m0.001041,1885,6.247653977924083e-8,0.11055048779625283,0.7662957233379887,0.7886750042911871
L48T16beta4.20ms0.035150m0.001041,1886,6.247875081793899e-8,0.11055440016732013,0.7663228424694983,0.7887029154232845
L48T16beta4.20ms0.035150m0.001041,1887,6.247375073551248e-8,0.11054555266146875,0.7662615147808443,0.7886397966903471
L48T16beta4.20ms0.035150m0.001041,1888,6.247050027706846e-8,0.11053980106626489,0.766221646817392,0.7885987644030863
L48T16beta4.20ms0.035150m0.001041,1889,6.240215181560262e-8,0.110418860377458,0.7653833300043439,0.7877359649694053
L48T16beta4.20ms0.035150m0.001041,1890,6.188643787826022e-8,0.10950631900532087,0.7590579255237553,0.7812258302342917
L48T16beta4.20ms0.035150m0.001041,1891,6.23318837444229e-8,0.11029452299301148,0.7645214685340626,0.7868489332686259
L48T16beta4.20ms0.035150m0.001041,1892,6.233954336204486e-8,0.11030807647192423,0.7646154163142508,0.7869456247464542
L48T16beta4.20ms0.035150m0.001041,1893,6.208980702830465e-8,0.10986617502198828,0.7615523163861267,0.7837930685264687
L48T16beta4.20ms0.035150m0.001041,1894,6.223580813193469e-8,0.11012451988683075,0.7633430689103489,0.7856361190769444
L48T16beta4.20ms0.035150m0.001041,1895,6.220574452330605e-8,0.11007132317314341,0.7629743286631834,0.7852566099564331
L48T16beta4.20ms0.035150m0.001041,1896,6.244980034526931e-8,0.11050317311654438,0.7659677552083636,0.78833745801739
L48T16beta4.20ms0.035150m0.001041,1897,6.238844212821371e-8,0.11039460146949458,0.7652151760884652,0.7875629002030389
L48T16beta4.20ms0.035150m0.001041,1898,6.226433006615498e-8,0.11017498865081939,0.763692900003613,0.785996166811231
L48T16beta4.20ms0.035150m0.001041,1899,6.241590348395282e-8,0.11044319356955695,0.7655519988307985,0.7879095596840521
L48T16beta4.20ms0.035150m0.001041,1900,6.240815363565139e-8,0.11042948042998332,0.765456944341051,0.7878117291757688
L48T16beta4.20ms0.035150m0.001041,1901,6.229153619651379e-8,0.11022312913671764,0.7640265923210203,0.7863396044448338
L48T16beta4.20ms0.035150m0.001041,1902,6.243647064985509e-8,0.11047958659374038,0.7658042620215544,0.7881691900943397
L48T16beta4.20ms0.035150m0.001041,1903,6.246065829781281e-8,0.11052238595954743,0.7661009316395118,0.7884745237991873
L48T16beta4.20ms0.035150m0.001041,1904,6.246056023537215e-8,0.11052221244080443,0.7660997288707739,0.7884732859041937
L48T16beta4.20ms0.035150m0.001041,1905,6.246150606367554e-8,0.1105238860575041,0.7661113297722717,0.7884852256041815
L48T16beta4.20ms0.035150m0.001041,1906,6.246616469444283e-8,0.11053212937420515,0.7661684694417572,0.7885440340089581
L48T16beta4.20ms0.035150m0.001041,1907,6.245251249721092e-8,0.11050797219346481,0.7660010206619441,0.788371694971801
L48T16beta4.20ms0.035150m0.001041,1908,6.245681266580683e-8,0.11051558122139055,0.7660537636726217,0.7884259783155619
L48T16beta4.20ms0.035150m0.001041,1909,6.24641490609454e-8,0.11052856276716919,0.7661437470205995,0.7885185895819324
L48T16beta4.20ms0.035150m0.001041,1910,6.246919037744569e-8,0.11053748323555959,0.766205580459004,0.7885822288347871
L48T16beta4.20ms0.035150m0.001041,1911,6.245747223321361e-8,0.11051674830744895,0.7660618534881727,0.7884343043901049
L48T16beta4.20ms0.035150m0.001041,1912,6.245359404964497e-8,0.11050988597021338,0.7660142862654442,0.7883853479905754
L48T16beta4.20ms0.035150m0.001041,1913,6.247648764324685e-8,0.1105503955430713,0.7662950838725293,0.7886743461504608
L48T16beta4.20ms0.035150m0.001041,1914,6.245119206679047e-8,0.11050563572880787,0.7659848251397892,0.7883550264675722
L48T16beta4.20ms0.035150m0.001041,1915,6.245215543183298e-8,0.11050734037627635,0.7659966411352763,0.7883671875432611
L48T16beta4.20ms0.035150m0.001041,1916,6.244921358204095e-8,0.11050213485544116,0.7659605583604892,0.7883300509891953
L48T16beta4.20ms0.035150m0.001041,1917,6.245697654672295e-8,0.11051587120408296,0.7660557737270454,0.7884280470726135
L48T16beta4.20ms0.035150m0.001041,1918,6.24751353156996e-8,0.1105480026373416,0.7662784971214116,0.7886572749916242
L48T16beta4.20ms0.035150m0.001041,1919,6.245512454140735e-8,0.11051259413253314,0.7660330582604404,0.7884046682122382
L48T16beta4.20ms0.035150m0.001041,1920,6.244668915145329e-8,0.11049766794620036,0.7659295953723017,0.7882981837425203
L48T16beta4.20ms0.035150m0.001041,1921,6.245535154999677e-8,0.11051299581787588,0.7660358425969587,0.7884075338639033
L48T16beta4.20ms0.035150m0.001041,1922,6.246909453015469e-8,0.11053731363646188,0.7662044048598199,0.7885810189028205
L48T16beta4.20ms0.035150m0.001041,1923,6.245389410042653e-8,0.11051041690166993,0.766017966488957,0.7883891356931637
L48T16beta4.20ms0.035150m0.001041,1924,6.244596433498131e-8,0.11049638540374805,0.7659207052550729,0.7882890339938918
L48T16beta4.20ms0.035150m0.001041,1925,6.246590832487169e-8,0.11053167573542735,0.7661653249829466,0.7885407977178105
L48T16beta4.20ms0.035150m0.001041,1926,6.247318832786186e-8,0.11054455749687839,0.766254616662303,0.7886326971157255
L48T16beta4.20ms0.035150m0.001041,1927,6.244476943630732e-8,0.11049427106400159,0.7659060494219083,0.7882739501444954
L48T16beta4.20ms0.035150m0.001041,1928,6.247259631688556e-8,0.11054350995003212,0.7662473554490392,0.7886252238423825
L48T16beta4.20ms0.035150m0.001041,1929,6.246437985883518e-8,0.1105289711575728,0.766146577834158,0.7885215030679762
L48T16beta4.20ms0.035150m0.001041,1930,6.243055615722002e-8,0.11046912106462843,0.7657317187848774,0.7880945282689439
L48T16beta4.20ms0.035150m0.001041,1931,6.247683885601465e-8,0.11055101700422995,0.7662993916149698,0.7886787796983514
L48T16beta4.20ms0.035150m0.001041,1932,6.246735717442462e-8,0.11053423943414348,0.7661830956088503,0.7885590873259005
L48T16beta4.20ms0.035150m0.001041,1933,6.245553571666758e-8,0.11051332169564322,0.7660381014629701,0.7884098586989597
L48T16beta4.20ms0.035150m0.001041,1934,6.246252585792086e-8,0.11052569055486694,0.7661238378908651,0.7884980990160836
L48T16beta4.20ms0.035150m0.001041,1935,6.246919624725421e-8,0.1105374936220214,0.7662056524541749,0.7885823029325408
L48T16beta4.20ms0.035150m0.001041,1936,6.246300156240846e-8,0.11052653230063803,0.7661296725660202,0.7885041040899902
L48T16beta4.20ms0.035150m0.001041,1937,6.245741752386642e-8,0.11051665150079096,0.7660611824596725,0.788433613764555
L48T16beta4.20ms0.035150m0.001041,1938,6.246622507989757e-8,0.1105322362245765,0.7661692100896209,0.78854479628707
L48T16beta4.20ms0.035150m0.001041,1939,6.246121932036784e-8,0.11052337867324992,0.7661078127693909,0.7884816058890015
L48T16beta4.20ms0.035150m0.001041,1940,6.247861589972842e-8,0.11055416143332425,0.7663211876523761,0.788701212278061
L48T16beta4.20ms0.035150m0.001041,1941,6.246336755422904e-8,0.11052717991291677,0.7661341615785019,0.7885087242018223
L48T16beta4.20ms0.035150m0.001041,1942,6.245586332722653e-8,0.11051390139335418,0.7660421197163998,0.7884139943034586
L48T16beta4.20ms0.035150m0.001041,1943,6.246145473032533e-8,0.11052379522457823,0.7661107001515073,0.7884845775956595
L48T16beta4.20ms0.035150m0.001041,1944,6.24484487066778e-8,0.11050078142990258,0.7659511769075192,0.7883203955556126
L48T16beta4.20ms0.035150m0.001041,1945,6.244598797069032e-8,0.11049642722647333,0.7659209951549744,0.7882893323601741
L48T16beta4.20ms0.035150m0.001041,1946,6.245612077757635e-8,0.11051435694453958,0.7660452774313234,0.7884172442378574
L48T16beta4.20ms0.035150m0.001041,1947,6.246692130070337e-8,0.11053346816779819,0.7661777494714092,0.7885535850572059
L48T16beta4.20ms0.035150m0.001041,1948,6.245031629177311e-8,0.11050408606943635,0.7659740834653498,0.7883439710879366
L48T16beta4.20ms0.035150m0.001041,1949,6.244897731327802e-8,0.11050171678448069,0.7659576604448359,0.7883270684413738
L48T16beta4.20ms0.035150m0.001041,1950,6.245887550321141e-8,0.11051923135441849,0.766079065065539,0.7884520186229262
L48T16beta4.20ms0.035150m0.001041,1951,6.24535337567074e-8,0.11050977928354856,0.7660135467523348,0.7883845868803577
L48T16beta4.20ms0.035150m0.001041,1952,6.247045922920534e-8,0.11053972843322044,0.7662211433515778,0.7885982462338063
L48T16beta4.20ms0.035150m0.001041,1953,6.247374705210162e-8,0.11054554614377636,0.766261469602574,0.7886397501926683
L48T16beta4.20ms0.035150m0.001041,1954,6.247462949318717e-8,0.1105471075985689,0.7662722930385765,0.7886508897216722
L48T16beta4.20ms0.035150m0.001041,1955,6.247855762960792e-8,0.11055405832597759,0.7663204729497967,0.7887004767029524
L48T16beta4.20ms0.035150m0.001041,1956,6.246885062760272e-8,0.11053688205772544,0.7662014133131827,0.7885779399895693
L48T16beta4.20ms0.035150m0.001041,1957,6.247700818715485e-8,0.11055131663094128,0.7663014685182206,0.7886809172565163
L48T16beta4.20ms0.035150m0.001041,1958,6.245521456065015e-8,0.11051275341906275,0.7660341623766578,0.7884058045736141
L48T16beta4.20ms0.035150m0.001041,1959,6.245696938456398e-8,0.1105158585308432,0.7660556858807624,0.7884279566608241
L48T16beta4.20ms0.035150m0.001041,1960,6.247863118014943e-8,0.11055418847160137,0.7663213750718669,0.7887014051710438
L48T16beta4.20ms0.035150m0.001041,1961,6.247124462468576e-8,0.11054111816853196,0.7662307764906713,0.7886081607038791
L48T16beta4.20ms0.035150m0.001041,1962,6.246562760769465e-8,0.11053117901424267,0.7661618818925804,0.7885372540737229
L48T16beta4.20ms0.035150m0.001041,1963,6.245629391873216e-8,0.11051466331296683,0.766047401065694,0.7884194298919011
L48T16beta4.20ms0.035150m0.001041,1964,6.245934645211215e-8,0.11052006468531178,0.7660848414118255,0.788457963664499
L48T16beta4.20ms0.035150m0.001041,1965,6.247115024031404e-8,0.11054095115802896,0.7662296188346831,0.7886069692391303
L48T16beta4.20ms0.035150m0.001041,1966,6.246110277205684e-8,0.11052317244427695,0.7661063832652506,0.7884801346369122
L48T16beta4.20ms0.035150m0.001041,1967,6.246773748382416e-8,0.1105349123809773,0.766187760231242,0.7885638881762416
L48T16beta4.20ms0.035150m0.001041,1968,6.246341854560897e-8,0.1105272701407358,0.7661347870048861,0.7885093678934694
L48T16beta4.20ms0.035150m0.001041,1969,6.245348635692229e-8,0.11050969541095601,0.7660129653780662,0.7883839885273461
L48T16beta4.20ms0.035150m0.001041,1970,6.239887533400507e-8,0.11041306273501263,0.765343142858182,0.7876946041778644
L48T16beta4.20ms0.035150m0.001041,1971,6.245419960208819e-8,0.1105109574783062,0.7660217135693432,0.7883929922051469
L48T16beta4.20ms0.035150m0.001041,1972,6.246398578181072e-8,0.11052827384931217,0.766141744347227,0.7885165284214919
L48T16beta4.20ms0.035150m0.001041,1973,6.246608219429044e-8,0.11053198339249548,0.7661674575497066,0.7885429925651095
L48T16beta4.20ms0.035150m0.001041,1974,6.247821681443012e-8,0.11055345526306329,0.7663162927372862,0.7886961744094393
L48T16beta4.20ms0.035150m0.001041,1975,6.24763561783444e-8,0.11055016291960743,0.76629347141139,0.7886726865982054
L48T16beta4.20ms0.035150m0.001041,1976,6.245772899284184e-8,0.11051720263642184,0.7660650027311641,0.7884375456051529
L48T16beta4.20ms0.035150m0.001041,1977,6.247900741012352e-8,0.11055485420000608,0.7663259896587368,0.7887061545246008
L48T16beta4.20ms0.035150m0.001041,1978,6.246837583457308e-8,0.11053604192475369,0.7661955898173652,0.7885719464214872
L48T16beta4.20ms0.035150m0.001041,1979,6.246551397322082e-8,0.11053097794122299,0.7661604881276308,0.7885358196045694
L48T16beta4.20ms0.035150m0.001041,1980,6.247275543639126e-8,0.11054379150754212,0.7662493071031666,0.7886272324935866
L48T16beta4.20ms0.035150m0.001041,1981,6.224796470028739e-8,0.11014603059414693,0.7634921733001254,0.785789577985386
L48T16beta4.20ms0.035150m0.001041,1982,6.247604999105595e-8,0.11054962112977375,0.766289715921561,0.788668821431186
L48T16beta4.20ms0.035150m0.001041,1983,6.199116798393532e-8,0.10969163599487,0.760342475410275,0.7825478947537832
L48T16beta4.20ms0.035150m0.001041,1984,6.241825850057295e-8,0.11044736070552581,0.7655808838998304,0.7879392883269883
L48T16beta4.20ms0.035150m0.001041,1985,6.244773917639608e-8,0.11049952593593593,0.7659424742805431,0.7883114387727954
L48T16beta4.20ms0.035150m0.001041,1986,6.242714766632634e-8,0.1104630898354298,0.765689912500405,0.7880515010529728
L48T16beta4.20ms0.035150m0.001041,1987,6.247843733333717e-8,0.1105538454650948,0.7663189974756726,0.7886989581383491
L48T16beta4.20ms0.035150m0.001041,1988,6.247834134883732e-8,0.11055367562320986,0.7663178201935759,0.7886977464743212
L48T16beta4.20ms0.035150m0.001041,1989,6.247909881396777e-8,0.11055501593654918,0.7663271107575554,0.7887073083645463
L48T16beta4.20ms0.035150m0.001041,1990,6.244798053656775e-8,0.1104999530160016,0.7659454346440329,0.7883144855922111
L48T16beta4.20ms0.035150m0.001041,1991,6.241822273994761e-8,0.11044729742810058,0.7655804452837618,0.7879388369013582
L48T16beta4.20ms0.035150m0.001041,1992,6.246496943651114e-8,0.11053001439876224,0.7661538092021764,0.7885289456244583
L48T16beta4.20ms0.035150m0.001041,1993,6.242446713913602e-8,0.11045834671762128,0.7656570349350101,0.7880176633148267
L48T16beta4.20ms0.035150m0.001041,1994,6.247445330849597e-8,0.11054679584469099,0.7662701320742231,0.7886486656474424
L48T16beta4.20ms0.035150m0.001041,1995,6.246949720861842e-8,0.11053802616472846,0.7662093438462896,0.7885861021299044
L48T16beta4.20ms0.035150m0.001041,1996,6.245902925767268e-8,0.11051950341863259,0.7660809509155962,0.7884539595482853
L48T16beta4.20ms0.035150m0.001041,1997,6.246156847007212e-8,0.11052399648387545,0.7661120952076651,0.7884860133937304
L48T16beta4.20ms0.035150m0.001041,1998,6.246351007036008e-8,0.11052743209122019,0.766135909586668,0.7885105232596872
L48T16beta4.20ms0.035150m0.001041,1999,6.245321293728668e-8,0.11050921160256652,0.766009611794494,0.7883805370040535
L48T16beta4.20ms0.035150m0.001041,2000,6.245150179651471e-8,0.11050618378688248,0.7659886240787815,0.788358936352666
L48T16beta4.20ms0.035150m0.001041,2001,6.246817484540198e-8,0.11053568628004314,0.7661931246177434,0.788569409226951
L48T16beta4.20ms0.035150m0.001041,2002,6.245441581101293e-8,0.11051134005394467,0.7660243654443505,0.7883957215268291
L48T16beta4.20ms0.035150m0.001041,2003,6.245032262725387e-8,0.11050409727989216,0.7659741611721471,0.7883440510641219
L48T16beta4.20ms0.035150m0.001041,2004,6.24716981999224e-8,0.11054192075721309,0.7662363397431383,0.7886138864283346
L48T16beta4.20ms0.035150m0.001041,2005,6.247395109254893e-8,0.11054590718763474,0.7662639722271225,0.7886423259051072
L48T16beta4.20ms0.035150m0.001041,2006,6.244393248158073e-8,0.11049279009604762,0.7658957838913607,0.7882633848142944
L48T16beta4.20ms0.035150m0.001041,2007,6.245083439036095e-8,0.11050500283038076,0.7659804381183687,0.7883505113253989
L48T16beta4.20ms0.035150m0.001041,2008,6.244012288609047e-8,0.11048604912349627,0.7658490579244275,0.7882152942390123
L48T16beta4.20ms0.035150m0.001041,2009,6.243503167790328e-8,0.11047704037316287,0.7657866125477428,0.7881510251765278
L48T16beta4.20ms0.035150m0.001041,2010,6.247887551254044e-8,0.11055462081092596,0.7663243718906243,0.7887044895103847
L48T16beta4.20ms0.035150m0.001041,2011,6.247820228175381e-8,0.11055342954789948,0.7663161144891351,0.7886959909556407
L48T16beta4.20ms0.035150m0.001041,2012,6.247899778914997e-8,0.11055483717596279,0.766325871654268,0.7887060330738709
L48T16beta4.20ms0.035150m0.001041,2013,6.24779929871587e-8,0.11055305920697368,0.7663135474207008,0.7886933489172647
L48T16beta4.20ms0.035150m0.001041,2014,6.246202870016086e-8,0.11052481084813104,0.766117740084126,0.7884918231259674
L48T16beta4.20ms0.035150m0.001041,2015,6.247901966767304e-8,0.11055487588939675,0.7663261400016943,0.7887063092582487
L48T16beta4.20ms0.035150m0.001041,2016,6.243079551846361e-8,0.11046954460764684,0.7657346546308436,0.788097549854814
L48T16beta4.20ms0.035150m0.001041,2017,6.246324264322793e-8,0.1105269588863978,0.7661326295031615,0.7885071473829927
L48T16beta4.20ms0.035150m0.001041,2018,6.245060919866546e-8,0.11050460435998097,0.7659776760666642,0.7883476686093644
L48T16beta4.20ms0.035150m0.001041,2019,6.246042878843135e-8,0.11052197984912321,0.7660981166299402,0.7884716265786779
L48T16beta4.20ms0.035150m0.001041,2020,6.244201813434841e-8,0.11048940271222174,0.7658723037802295,0.7882392189783343
L48T16beta4.20ms0.035150m0.001041,2021,6.244549262972377e-8,0.11049555073450258,0.7659149196318165,0.7882830794044199
L48T16beta4.20ms0.035150m0.001041,2022,6.245063412535177e-8,0.11050464846705446,0.7659779818008357,0.7883479832723486
L48T16beta4.20ms0.035150m0.001041,2023,6.245024302280992e-8,0.11050395642205751,0.7659731847969321,0.7883430461743601
L48T16beta4.20ms0.035150m0.001041,2024,6.24464821965292e-8,0.1104973017452569,0.7659270570007174,0.7882955712390712
L48T16beta4.20ms0.035150m0.001041,2025,6.247730359859043e-8,0.110551839353205,0.7663050918385983,0.7886846463941423
L48T16beta4.20ms0.035150m0.001041,2026,6.246050814255081e-8,0.11052212026401567,0.7660990899348412,0.7884726283084587
L48T16beta4.20ms0.035150m0.001041,2027,6.246225255525012e-8,0.11052520695344353,0.7661204857419065,0.7884946489693017
L48T16beta4.20ms0.035150m0.001041,2028,6.24586752573418e-8,0.1105188770249591,0.7660766089827591,0.7884494908114849
L48T16beta4.20ms0.035150m0.001041,2029,6.247840655467831e-8,0.11055379100311974,0.7663186199650944,0.7886985696027645
L48T16beta4.20ms0.035150m0.001041,2030,6.247776842012947e-8,0.11055266184190334,0.7663107930307376,0.7886905140867287
L48T16beta4.20ms0.035150m0.001041,2031,6.247544664531418e-8,0.11054855352637738,0.7662823156835958,0.7886612050729953
L48T16beta4.20ms0.035150m0.001041,2032,6.24449424341371e-8,0.11049457717881744,0.7659081712983372,0.7882761339892576
L48T16beta4.20ms0.035150m0.001041,2033,6.247818841058747e-8,0.11055340500325904,0.7663159443546257,0.7886958158524385
L48T16beta4.20ms0.035150m0.001041,2034,6.247889393114239e-8,0.11055465340212639,0.7663245978009572,0.7887047220183152
L48T16beta4.20ms0.035150m0.001041,2035,6.24748864976976e-8,0.11054756236085397,0.7662754452851304,0.7886541340280002
L48T16beta4.20ms0.035150m0.001041,2036,6.244564105337599e-8,0.11049581336599931,0.7659167400977119,0.7882849530361057
L48T16beta4.20ms0.035150m0.001041,2037,6.247252187734803e-8,0.11054337823135478,0.7662464424231347,0.788624284152016
L48T16beta4.20ms0.035150m0.001041,2038,6.2461270449581e-8,0.11052346914496097,0.7661084398863458,0.7884822513205915
L48T16beta4.20ms0.035150m0.001041,2039,6.245744302145506e-8,0.11051669661806013,0.7660614951961524,0.7884339356343465
L48T16beta4.20ms0.035150m0.001041,2040,6.246462269733028e-8,0.1105294008534904,0.7661495563297808,0.7885245685490647
L48T16beta4.20ms0.035150m0.001041,2041,6.246362003991335e-8,0.11052762667926555,0.7661372584001374,0.7885119114645751
L48T16beta4.20ms0.035150m0.001041,2042,6.247524420308083e-8,0.11054819531051384,0.7662798326616778,0.7886586495356717
L48T16beta4.20ms0.035150m0.001041,2043,6.246761633977232e-8,0.11053469801996961,0.7661862743587984,0.788562358909641
L48T16beta4.20ms0.035150m0.001041,2044,6.247327702283133e-8,0.1105447144401434,0.7662557045358634,0.7886338167600857
L48T16beta4.20ms0.035150m0.001041,2045,6.234971920430748e-8,0.11032608233988436,0.7647402264339336,0.7870740798828703
L48T16beta4.20ms0.035150m0.001041,2046,6.235760004901151e-8,0.1103400272739245,0.7648368876385125,0.7871735640292832
L48T16beta4.20ms0.035150m0.001041,2047,6.235506577227909e-8,0.11033554294220622,0.7648058038840557,0.7871415724894206
L48T16beta4.20ms0.035150m0.001041,2048,6.247889496176126e-8,0.11055465522577762,0.7663246104418434,0.7887047350283721
L48T16beta4.20ms0.035150m0.001041,2049,6.247637684150118e-8,0.11055019948248479,0.766293724851941,0.7886729474403602
L48T16beta4.20ms0.035150m0.001041,2050,6.244090954912827e-8,0.1104874411017151,0.7658587066105375,0.7882252247101442
L48T16beta4.20ms0.035150m0.001041,2051,6.247466771262729e-8,0.11054717522679802,0.7662727618128333,0.7886513721862453
L48T16beta4.20ms0.035150m0.001041,2052,6.247219322534863e-8,0.1105427966908441,0.7662424113960883,0.7886201354008534
L48T16beta4.20ms0.035150m0.001041,2053,6.243765000684765e-8,0.11048167343291672,0.7658187272307814,0.7881840777527225
L48T16beta4.20ms0.035150m0.001041,2054,6.247148499554317e-8,0.11054154349803376,0.7662337247198898,0.7886111950346482
L48T16beta4.20ms0.035150m0.001041,2055,6.246971174224381e-8,0.11053840577597165,0.7662119751731882,0.7885888103033808
L48T16beta4.20ms0.035150m0.001041,2056,6.24624937721216e-8,0.11052563377994355,0.7661234443477715,0.788497693979762
L48T16beta4.20ms0.035150m0.001041,2057,6.247923462292115e-8,0.11055525624668952,0.766328776499937,0.7887090227540958
L48T16beta4.20ms0.035150m0.001041,2058,6.245211850389819e-8,0.11050727503332974,0.7659961882017656,0.7883667213820551
L48T16beta4.20ms0.035150m0.001041,2059,6.247152994125519e-8,0.1105416230282127,0.7662342759941285,0.7886117624085736
L48T16beta4.20ms0.035150m0.001041,2060,6.245052199833253e-8,0.11050445006143346,0.7659766065253224,0.788346567832606
L48T16beta4.20ms0.035150m0.001041,2061,6.243712519118129e-8,0.11048074478628994,0.7658122901905405,0.7881774527219609
L48T16beta4.20ms0.035150m0.001041,2062,6.245887508720261e-8,0.11051923061830257,0.7660790599630516,0.7884520133714232
L48T16beta4.20ms0.035150m0.001041,2063,6.247697041174042e-8,0.11055124978840314,0.7663010051900877,0.7886804403971186
L48T16beta4.20ms0.035150m0.001041,2064,6.24635291168215e-8,0.11052746579340036,0.766136143197908,0.7885107636934259
L48T16beta4.20ms0.035150m0.001041,2065,6.24519843565523e-8,0.11050703766335732,0.7659945428395574,0.7883650279678716
L48T16beta4.20ms0.035150m0.001041,2066,6.245948198798443e-8,0.11052030451224279,0.7660865038047758,0.7884596746067989
L48T16beta4.20ms0.035150m0.001041,2067,6.244805404601587e-8,0.1105000830889118,0.765946336262079,0.7883154135415584
L48T16beta4.20ms0.035150m0.001041,2068,6.245694298464278e-8,0.11051581181692183,0.766055362076871,0.788427623400403
L48T16beta4.20ms0.035150m0.001041,2069,6.245648607925068e-8,0.11051500333562386,0.7660497579789299,0.7884218556376019
L48T16beta4.20ms0.035150m0.001041,2070,6.24675019098688e-8,0.11053449553945938,0.7661848708376368,0.7885609143993502
L48T16beta4.20ms0.035150m0.001041,2071,6.245805801766152e-8,0.11051778483662758,0.7660690383309763,0.7884416990626267
