ensemble,jk_index,chi_unscaled,chi_vol_scaled,chi_scaled_gev2,chi_renorm
L48T16beta4.405ms0.021032m0.000760,0,3.271941326011972e-12,5.789608562021056e-6,0.00008651332965016672,0.00007245182766921265
L48T16beta4.405ms0.021032m0.000760,1,3.2714879433154435e-12,5.788806314034264e-6,0.00008650134176811926,0.00007244178824560322
L48T16beta4.405ms0.021032m0.000760,2,3.2710781543209807e-12,5.788081203882654e-6,0.00008649050654620279,0.00007243271413373832
L48T16beta4.405ms0.021032m0.000760,3,3.270824935753693e-12,5.7876331407179585e-6,0.0000864838111995561,0.00007242710701974337
L48T16beta4.405ms0.021032m0.000760,4,3.271916679735487e-12,5.789564951124912e-6,0.00008651267797850462,0.00007245128191744065
L48T16beta4.405ms0.021032m0.000760,5,3.2714441555766582e-12,5.788728832856541e-6,0.00008650018397746755,0.00007244081863723057
L48T16beta4.405ms0.021032m0.000760,6,3.2717379681450036e-12,5.789248725969476e-6,0.00008650795266921595,0.00007244732463946221
L48T16beta4.405ms0.021032m0.000760,7,3.2711306680476047e-12,5.788174125451531e-6,0.00008649189506050971,0.00007243387696494236
L48T16beta4.405ms0.021032m0.000760,8,3.2711750840466088e-12,5.788252718318121e-6,0.00008649306946297624,0.00007243486048511737
L48T16beta4.405ms0.021032m0.000760,9,3.2716249672794554e-12,5.7890487741019125e-6,0.00008650496481578038,0.00007244482241878604
L48T16beta4.405ms0.021032m0.000760,10,3.2716092936626854e-12,5.789021040075899e-6,0.00008650455039001924,0.00007244447535199357
L48T16beta4.405ms0.021032m0.000760,11,3.2716847195643583e-12,5.789154504096984e-6,0.00008650654472464979,0.00007244614553610914
L48T16beta4.405ms0.021032m0.000760,12,3.270245150859841e-12,5.786607227582265e-6,0.0000864684811197502,0.00007241426862472674
L48T16beta4.405ms0.021032m0.000760,13,3.271794789947372e-12,5.789349270557756e-6,0.00008650945509326022,0.00007244858286600811
L48T16beta4.405ms0.021032m0.000760,14,3.2718581154804673e-12,5.7894613233154535e-6,0.00008651112948230759,0.00007244998510711018
L48T16beta4.405ms0.021032m0.000760,15,3.271825823818426e-12,5.789404184123638e-6,0.0000865102756591718,0.00007244927006068964
L48T16beta4.405ms0.021032m0.000760,16,3.271955055251377e-12,5.789632855525764e-6,0.0000865136926646881,0.00007245213168092566
L48T16beta4.405ms0.021032m0.000760,17,3.271959642199484e-12,5.789640972002005e-6,0.00008651381394808354,0.00007245223325144319
L48T16beta4.405ms0.021032m0.000760,18,3.271370911552448e-12,5.788599229606534e-6,0.00008649824733381169,0.00007243919676724847
L48T16beta4.405ms0.021032m0.000760,19,3.2715925512359198e-12,5.7889914148205254e-6,0.00008650410770387618,0.00007244410461813928
L48T16beta4.405ms0.021032m0.000760,20,3.271368839987792e-12,5.788595564030878e-6,0.00008649819255961553,0.00007243915089581298
L48T16beta4.405ms0.021032m0.000760,21,3.271260839898885e-12,5.78840446089756e-6,0.0000864953369316067,0.00007243675940921524
L48T16beta4.405ms0.021032m0.000760,22,3.271947878804436e-12,5.789620157003843e-6,0.00008651350291241017,0.00007245197277016131
L48T16beta4.405ms0.021032m0.000760,23,3.271542825584416e-12,5.788903426672508e-6,0.00008650279290900306,0.0000724430035243315
L48T16beta4.405ms0.021032m0.000760,24,3.271495549525726e-12,5.7888197730103855e-6,0.0000865015428837604,0.00007244195667277891
L48T16beta4.405ms0.021032m0.000760,25,3.271875863970616e-12,5.789492728771814e-6,0.00008651159876975075,0.00007245037811860443
L48T16beta4.405ms0.021032m0.000760,26,3.2715471059992406e-12,5.788911000746688e-6,0.0000865029060873586,0.00007244309830716723
L48T16beta4.405ms0.021032m0.000760,27,3.2719352313981584e-12,5.789597777772562e-6,0.00008651316850261504,0.00007245169271388623
L48T16beta4.405ms0.021032m0.000760,28,3.2719261976329572e-12,5.789581792777984e-6,0.00008651292964102524,0.00007245149267582492
L48T16beta4.405ms0.021032m0.000760,29,3.271939254209088e-12,5.789604896023863e-6,0.0000865132748696716,0.00007245178179250201
L48T16beta4.405ms0.021032m0.000760,30,3.2719103792794324e-12,5.789553802644336e-6,0.0000865125113882827,0.00007245114240407203
L48T16beta4.405ms0.021032m0.000760,31,3.2717847066421746e-12,5.789331428431542e-6,0.00008650918848080614,0.00007244835958758784
L48T16beta4.405ms0.021032m0.000760,32,3.271958379590997e-12,5.789638737851641e-6,0.00008651378056347992,0.00007245220529302847
L48T16beta4.405ms0.021032m0.000760,33,3.271231026708187e-12,5.788351707291389e-6,0.00008649454864167794,0.00007243609924451804
L48T16beta4.405ms0.021032m0.000760,34,3.2718774058485128e-12,5.78949545708158e-6,0.00008651163953851077,0.00007245041226098674
L48T16beta4.405ms0.021032m0.000760,35,3.264613827764955e-12,5.77664275904291e-6,0.00008631958342791161,0.00007228957211896219
L48T16beta4.405ms0.021032m0.000760,36,3.268039156979381e-12,5.782703783178619e-6,0.00008641015248339316,0.00007236542047234828
L48T16beta4.405ms0.021032m0.000760,37,3.271014916588144e-12,5.7879693064850565e-6,0.00008648883447868016,0.00007243131383683042
L48T16beta4.405ms0.021032m0.000760,38,3.2719105901774014e-12,5.789554175822387e-6,0.00008651251696463133,0.0000724511470740651
L48T16beta4.405ms0.021032m0.000760,39,3.2718851498075284e-12,5.789509159800227e-6,0.0000865118442963632,0.00007245058373838448
L48T16beta4.405ms0.021032m0.000760,40,3.2700196615042685e-12,5.786208230481281e-6,0.00008646251896058917,0.00007240927552909839
L48T16beta4.405ms0.021032m0.000760,41,3.2716249367862693e-12,5.7890487201450735e-6,0.0000865049640095107,0.00007244482174356393
L48T16beta4.405ms0.021032m0.000760,42,3.2677126931305687e-12,5.782126114539134e-6,0.00008640152045984599,0.00007235819146053003
L48T16beta4.405ms0.021032m0.000760,43,3.2719411735460416e-12,5.789608292236861e-6,0.00008651332561881836,0.0000724518242931022
L48T16beta4.405ms0.021032m0.000760,44,3.2718428759680828e-12,5.789434357424995e-6,0.0000865107265346911,0.00007244964765285443
L48T16beta4.405ms0.021032m0.000760,45,3.271940479442246e-12,5.78960706403963e-6,0.00008651330726603495,0.00007245180892330074
L48T16beta4.405ms0.021032m0.000760,46,3.270306878637335e-12,5.786716453156163e-6,0.00008647011326257638,0.00007241563548612546
L48T16beta4.405ms0.021032m0.000760,47,3.271868964728442e-12,5.789480520755966e-6,0.00008651141634703804,0.00007245022534608951
L48T16beta4.405ms0.021032m0.000760,48,3.2696386701874093e-12,5.7855340770138555e-6,0.00008645244517744176,0.00007240083909504221
L48T16beta4.405ms0.021032m0.000760,49,3.271953842684008e-12,5.789630709921757e-6,0.00008651366060322062,0.00007245210483059027
L48T16beta4.405ms0.021032m0.000760,50,3.2719214621629167e-12,5.789573413496341e-6,0.00008651280443056459,0.00007245138781653036
L48T16beta4.405ms0.021032m0.000760,51,3.2716153634610808e-12,5.7890317804142055e-6,0.00008650471088142699,0.00007244460975782286
L48T16beta4.405ms0.021032m0.000760,52,3.271501522457963e-12,5.7888303419467366e-6,0.00008650170081393216,0.00007244208893366442
L48T16beta4.405ms0.021032m0.000760,53,3.271668926013017e-12,5.789126557850105e-6,0.00008650612712770124,0.00007244579581356033
L48T16beta4.405ms0.021032m0.000760,54,3.2719570910024213e-12,5.7896364577302364e-6,0.00008651374649193733,0.00007245217675932689
L48T16beta4.405ms0.021032m0.000760,55,3.271954955327959e-12,5.789632678714074e-6,0.00008651369002261518,0.00007245212946828383
L48T16beta4.405ms0.021032m0.000760,56,3.271850888648301e-12,5.789448535638286e-6,0.000086510938397795,0.00007244982508064683
L48T16beta4.405ms0.021032m0.000760,57,3.2718499830377314e-12,5.789446933185741e-6,0.00008651091445256557,0.0000724498050273713
L48T16beta4.405ms0.021032m0.000760,58,3.2719371283416787e-12,5.789601134361007e-6,0.00008651321865965752,0.00007245173471862021
L48T16beta4.405ms0.021032m0.000760,59,3.2717863071241633e-12,5.7893342604396075e-6,0.0000865092307991157,0.00007244839502766261
L48T16beta4.405ms0.021032m0.000760,60,3.2643048638153562e-12,5.776096055985086e-6,0.00008631141411882004,0.00007228273061399558
L48T16beta4.405ms0.021032m0.000760,61,3.271923094501285e-12,5.789576301873378e-6,0.00008651284759118799,0.00007245142396201292
L48T16beta4.405ms0.021032m0.000760,62,3.271908314345456e-12,5.7895501488014825e-6,0.00008651245678940822,0.00007245109667946218
L48T16beta4.405ms0.021032m0.000760,63,3.271953559364722e-12,5.789630208596214e-6,0.0000865136531119815,0.00007245209855694473
L48T16beta4.405ms0.021032m0.000760,64,3.271027623869063e-12,5.787991791662839e-6,0.00008648917047161937,0.00007243159521893222
L48T16beta4.405ms0.021032m0.000760,65,3.271622018982759e-12,5.789043557173461e-6,0.00008650488685993136,0.00007244475713354314
L48T16beta4.405ms0.021032m0.000760,66,3.271635537774181e-12,5.789067478296356e-6,0.0000865052443100022,0.0000724450564852273
L48T16beta4.405ms0.021032m0.000760,67,3.271713311995291e-12,5.789205097602931e-6,0.00008650730073649607,0.00007244677866906361
L48T16beta4.405ms0.021032m0.000760,68,3.2713330560883184e-12,5.788532245422709e-6,0.00008649724639830552,0.00007243835851946521
L48T16beta4.405ms0.021032m0.000760,69,3.2717841955239654e-12,5.789330524022182e-6,0.00008650917496634065,0.00007244834826970505
L48T16beta4.405ms0.021032m0.000760,70,3.2719530374997824e-12,5.789629285170815e-6,0.00008651363931336196,0.00007245208700109306
L48T16beta4.405ms0.021032m0.000760,71,3.271959621526586e-12,5.789640935421891e-6,0.00008651381340147191,0.00007245223279367545
L48T16beta4.405ms0.021032m0.000760,72,3.2718865279433684e-12,5.789511598373008e-6,0.00008651188073562305,0.00007245061425496482
L48T16beta4.405ms0.021032m0.000760,73,3.2719346997394002e-12,5.789596837017276e-6,0.00008651315444503734,0.00007245168094116634
L48T16beta4.405ms0.021032m0.000760,74,3.2719282101303004e-12,5.789585353835683e-6,0.00008651298285342385,0.00007245153723931067
L48T16beta4.405ms0.021032m0.000760,75,3.2715516590924996e-12,5.7889190573177235e-6,0.00008650302647559874,0.00007244319912802411
L48T16beta4.405ms0.021032m0.000760,76,3.2716607314060036e-12,5.789112057722444e-6,0.0000865059104542749,0.00007244561435729446
L48T16beta4.405ms0.021032m0.000760,77,3.2719207150533875e-12,5.789572091506948e-6,0.00008651278467625773,0.00007245137127300298
L48T16beta4.405ms0.021032m0.000760,78,3.2719057482326724e-12,5.789545608136763e-6,0.00008651238893887575,0.00007245103985706145
L48T16beta4.405ms0.021032m0.000760,79,3.2719222267689703e-12,5.789574766445343e-6,0.00008651282464749667,0.00007245140474748982
L48T16beta4.405ms0.021032m0.000760,80,3.271498573420113e-12,5.788825123706834e-6,0.00008650162283848632,0.0000724420236320099
L48T16beta4.405ms0.021032m0.000760,81,3.271233711312939e-12,5.788356457624329e-6,0.00008649461962525398,0.000072436158690731
L48T16beta4.405ms0.021032m0.000760,82,3.2719545236323233e-12,5.789631914840734e-6,0.00008651367860816024,0.00007245211990908497
L48T16beta4.405ms0.021032m0.000760,83,3.270817148715111e-12,5.787619361771225e-6,0.00008648360530263781,0.0000724269345884186
L48T16beta4.405ms0.021032m0.000760,84,3.268626990353828e-12,5.7837439378753686e-6,0.00008642569537289995,0.00007237843708789851
L48T16beta4.405ms0.021032m0.000760,85,3.271256642202122e-12,5.788397033190673e-6,0.00008649522594039761,0.00007243666645803666
L48T16beta4.405ms0.021032m0.000760,86,3.2719569192400215e-12,5.789636153801479e-6,0.00008651374195037144,0.00007245217295592744
L48T16beta4.405ms0.021032m0.000760,87,3.2718260672212844e-12,5.7894046148181805e-6,0.00008651028209498149,0.0000724492754504507
L48T16beta4.405ms0.021032m0.000760,88,3.271682919778164e-12,5.7891513194257074e-6,0.00008650649713654206,0.00007244610568276638
L48T16beta4.405ms0.021032m0.000760,89,3.271933625000174e-12,5.789594935296308e-6,0.00008651312602788076,0.00007245165714281133
L48T16beta4.405ms0.021032m0.000760,90,3.2717380553761623e-12,5.789248880322569e-6,0.00008650795497569312,0.00007244732657105456
L48T16beta4.405ms0.021032m0.000760,91,3.2718654259174326e-12,5.789474258928971e-6,0.00008651132277741287,0.00007245014698486605
L48T16beta4.405ms0.021032m0.000760,92,3.271912241468132e-12,5.7895570977350985e-6,0.00008651256062637374,0.00007245118363921695
L48T16beta4.405ms0.021032m0.000760,93,3.2718704235309354e-12,5.789483102066131e-6,0.00008651145491920314,0.00007245025764890193
L48T16beta4.405ms0.021032m0.000760,94,3.271942484845688e-12,5.78961061254487e-6,0.00008651336029086389,0.0000724518533297036
L48T16beta4.405ms0.021032m0.000760,95,3.271944392906516e-12,5.7896139888050785e-6,0.00008651341074185885,0.00007245189558061229
L48T16beta4.405ms0.021032m0.000760,96,3.2718959621301605e-12,5.789528291902379e-6,0.00008651213018475143,0.00007245082315971205
L48T16beta4.405ms0.021032m0.000760,97,3.271948496106166e-12,5.78962124930197e-6,0.00008651351923447181,0.00007245198643930574
L48T16beta4.405ms0.021032m0.000760,98,3.270938762688123e-12,5.787834554291278e-6,0.00008648682089506106,0.00007242962753237355
L48T16beta4.405ms0.021032m0.000760,99,3.269981272171154e-12,5.786140301631236e-6,0.00008646150390906473,0.00007240842545965335
L48T16beta4.405ms0.021032m0.000760,100,3.271923017910978e-12,5.789576166348974e-6,0.00008651284556606534,0.00007245142226604494
L48T16beta4.405ms0.021032m0.000760,101,3.2714132270023873e-12,5.788674105610368e-6,0.00008649936619570593,0.00007244013377417532
L48T16beta4.405ms0.021032m0.000760,102,3.2718792076464103e-12,5.789498645312509e-6,0.00008651168717980991,0.00007245045215887542
L48T16beta4.405ms0.021032m0.000760,103,3.2718174596063e-12,5.789389383884479e-6,0.00008651005450122033,0.00007244908484879395
L48T16beta4.405ms0.021032m0.000760,104,3.269327639768587e-12,5.784983717396601e-6,0.00008644422122888226,0.0000723939518314702
L48T16beta4.405ms0.021032m0.000760,105,3.2718994416885683e-12,5.789534448883554e-6,0.00008651222218767985,0.00007245090020888287
L48T16beta4.405ms0.021032m0.000760,106,3.2718953284833415e-12,5.789527170682075e-6,0.00008651211343050964,0.00007245080912863216
L48T16beta4.405ms0.021032m0.000760,107,3.271957380595045e-12,5.7896369701562755e-6,0.00008651375414904962,0.0000724521831718853
L48T16beta4.405ms0.021032m0.000760,108,3.271874136248397e-12,5.789489671615723e-6,0.00008651155308708501,0.00007245033986100137
L48T16beta4.405ms0.021032m0.000760,109,3.2717385488257936e-12,5.789249753467875e-6,0.00008650796802298414,0.00007244733749769539
L48T16beta4.405ms0.021032m0.000760,110,3.2716796542411592e-12,5.7891455411494125e-6,0.00008650641079254892,0.000072446033372752
L48T16beta4.405ms0.021032m0.000760,111,3.2714040124353566e-12,5.788657800692015e-6,0.00008649912255353889,0.0000724399297325511
L48T16beta4.405ms0.021032m0.000760,112,3.271783518347594e-12,5.7893293257775535e-6,0.0000865091570611349,0.00007244833327473391
L48T16beta4.405ms0.021032m0.000760,113,3.2715570218036725e-12,5.788928546484988e-6,0.00008650316827092859,0.00007244331787655505
L48T16beta4.405ms0.021032m0.000760,114,3.2715437369653975e-12,5.788905039335636e-6,0.00008650281700680784,0.00007244302370538344
L48T16beta4.405ms0.021032m0.000760,115,3.271971702757513e-12,5.789662312821742e-6,0.00008651413284103686,0.00007245250031291674
L48T16beta4.405ms0.021032m0.000760,116,3.2713457747909472e-12,5.788554750810887e-6,0.00008649758269324593,0.00007243864015448224
L48T16beta4.405ms0.021032m0.000760,117,3.271486527274879e-12,5.788803808390135e-6,0.00008650130432662139,0.00007244175688968428
L48T16beta4.405ms0.021032m0.000760,118,3.2718307215217457e-12,5.7894128504725265e-6,0.00008651040515923907,0.00007244937851237674
L48T16beta4.405ms0.021032m0.000760,119,3.2718384711055895e-12,5.78942656314415e-6,0.00008651061006581743,0.00007244955011432715
L48T16beta4.405ms0.021032m0.000760,120,3.2717791964546247e-12,5.789321678308958e-6,0.00008650904278605662,0.00007244823757343202
L48T16beta4.405ms0.021032m0.000760,121,3.2716752553211314e-12,5.789137757383593e-6,0.00008650629448079985,0.00007244593596581096
L48T16beta4.405ms0.021032m0.000760,122,3.271816129592519e-12,5.789387030462334e-6,0.0000865100193343548,0.00007244905539779847
L48T16beta4.405ms0.021032m0.000760,123,3.2718596068407896e-12,5.789463962235786e-6,0.00008651116891533354,0.00007245001813086284
L48T16beta4.405ms0.021032m0.000760,124,3.2716358321975396e-12,5.789067999270245e-6,0.00008650525209484385,0.0000724450630047545
L48T16beta4.405ms0.021032m0.000760,125,3.27136919392845e-12,5.788596190318962e-6,0.0000864982019181528,0.00007243915873325411
L48T16beta4.405ms0.021032m0.000760,126,3.271829064487073e-12,5.78940991839607e-6,0.00008651036134562121,0.00007244934182003461
L48T16beta4.405ms0.021032m0.000760,127,3.27189714698367e-12,5.789530388467488e-6,0.00008651216151343739,0.00007245084939636905
L48T16beta4.405ms0.021032m0.000760,128,3.271806919763579e-12,5.7893707339279e-6,0.00008650977581746751,0.00007244885146109156
L48T16beta4.405ms0.021032m0.000760,129,3.271950228195899e-12,5.7896243141862536e-6,0.00008651356503261888,0.0000724520247936203
L48T16beta4.405ms0.021032m0.000760,130,3.2719534823111938e-12,5.789630072252153e-6,0.00008651365107461084,0.00007245209685071946
L48T16beta4.405ms0.021032m0.000760,131,3.2716728783878628e-12,5.789133551466728e-6,0.00008650623163235884,0.00007244588333248341
L48T16beta4.405ms0.021032m0.000760,132,3.271721033454994e-12,5.789218760509675e-6,0.00008650750489944463,0.00007244694964825058
L48T16beta4.405ms0.021032m0.000760,133,3.2714124469247476e-12,5.788672725284827e-6,0.00008649934556968998,0.00007244011650062268
L48T16beta4.405ms0.021032m0.000760,134,3.27138807179145e-12,5.7886295941689606e-6,0.00008649870106731902,0.00007243957675287628
L48T16beta4.405ms0.021032m0.000760,135,3.271924224919693e-12,5.789578302117099e-6,0.0000865128774805566,0.00007245144899329299
L48T16beta4.405ms0.021032m0.000760,136,3.2719421496985738e-12,5.789610019511435e-6,0.0000865133514292463,0.00007245184590841496
L48T16beta4.405ms0.021032m0.000760,137,3.2719561873506155e-12,5.789634858743668e-6,0.00008651372259849953,0.000072452156749425
L48T16beta4.405ms0.021032m0.000760,138,3.2719492990536953e-12,5.78962267009514e-6,0.00008651354046519003,0.00007245200421927496
L48T16beta4.405ms0.021032m0.000760,139,3.2718259873222546e-12,5.7894044734390845e-6,0.00008651027998237298,0.00007244927368121643
L48T16beta4.405ms0.021032m0.000760,140,3.2717681900290987e-12,5.789302202747169e-6,0.00008650875176539796,0.00007244799385401103
L48T16beta4.405ms0.021032m0.000760,141,3.271929290375241e-12,5.789587265298858e-6,0.0000865130114161569,0.00007245156115958077
L48T16beta4.405ms0.021032m0.000760,142,3.2719417047945182e-12,5.789609232266166e-6,0.00008651333966554782,0.00007245183605673708
L48T16beta4.405ms0.021032m0.000760,143,3.271953794310486e-12,5.789630624326164e-6,0.00008651365932417736,0.00007245210375943716
L48T16beta4.405ms0.021032m0.000760,144,3.2714084841208085e-12,5.788665713214215e-6,0.00008649924078927696,0.00007244002875076428
L48T16beta4.405ms0.021032m0.000760,145,3.2717596234555076e-12,5.789287044435064e-6,0.0000865085252568114,0.00007244780416114931
L48T16beta4.405ms0.021032m0.000760,146,3.2714144428387738e-12,5.788676256998811e-6,0.00008649939834360947,0.00007244016069689782
L48T16beta4.405ms0.021032m0.000760,147,3.2719588049471203e-12,5.789639490507391e-6,0.00008651379181031196,0.00007245221471184913
L48T16beta4.405ms0.021032m0.000760,148,3.2717479887035883e-12,5.789266457067316e-6,0.00008650821762258821,0.00007244754652846064
L48T16beta4.405ms0.021032m0.000760,149,3.271926055847583e-12,5.789581541892734e-6,0.00008651292589208123,0.00007245148953621803
L48T16beta4.405ms0.021032m0.000760,150,3.2715785950843294e-12,5.788966719801059e-6,0.00008650373868957462,0.00007244379558182438
L48T16beta4.405ms0.021032m0.000760,151,3.2718792411042117e-12,5.789498704515152e-6,0.00008651168806446692,0.0000724504528997441
L48T16beta4.405ms0.021032m0.000760,152,3.2717111375426013e-12,5.789201249969782e-6,0.00008650724324183965,0.00007244673051933969
L48T16beta4.405ms0.021032m0.000760,153,3.2718038517176e-12,5.789365305106445e-6,0.00008650969469533031,0.00007244878352419527
L48T16beta4.405ms0.021032m0.000760,154,3.27119483669612e-12,5.788287670078357e-6,0.00008649359174235364,0.00007243529787546635
L48T16beta4.405ms0.021032m0.000760,155,3.2716344013736033e-12,5.7890654674673525e-6,0.00008650521426245916,0.0000724450313214818
L48T16beta4.405ms0.021032m0.000760,156,3.2719580735474052e-12,5.789638196316074e-6,0.00008651377247138795,0.0000724521985161901
L48T16beta4.405ms0.021032m0.000760,157,3.271897568422266e-12,5.789531134191284e-6,0.00008651217265668618,0.00007245085872844243
L48T16beta4.405ms0.021032m0.000760,158,3.2719461066526915e-12,5.789617021230951e-6,0.00008651345605498432,0.00007245193352873857
L48T16beta4.405ms0.021032m0.000760,159,3.271912491025214e-12,5.789557539319368e-6,0.00008651256722490713,0.0000724511891652533
L48T16beta4.405ms0.021032m0.000760,160,3.271950415787227e-12,5.789624646123856e-6,0.00008651356999271712,0.00007245202894752565
L48T16beta4.405ms0.021032m0.000760,161,3.2719646969877107e-12,5.7896499163082385e-6,0.00008651394760162944,0.00007245234518152048
L48T16beta4.405ms0.021032m0.000760,162,3.271861181210341e-12,5.789466748038624e-6,0.0000865112105432047,0.00007245005299272007
L48T16beta4.405ms0.021032m0.000760,163,3.271949278049925e-12,5.789622632929557e-6,0.0000865135399098298,0.00007245200375418058
L48T16beta4.405ms0.021032m0.000760,164,3.2719085254948878e-12,5.78955052242449e-6,0.00008651246237240576,0.00007245110135502347
L48T16beta4.405ms0.021032m0.000760,165,3.27171995723346e-12,5.789216856165805e-6,0.00008650747644309439,0.00007244692581707227
L48T16beta4.405ms0.021032m0.000760,166,3.2714457601085232e-12,5.788731672030749e-6,0.00008650022640285981,0.00007244085416698328
L48T16beta4.405ms0.021032m0.000760,167,3.2714592225590193e-12,5.788755493459953e-6,0.00008650058236322144,0.00007244115227108911
L48T16beta4.405ms0.021032m0.000760,168,3.271807363291206e-12,5.789371518737617e-6,0.00008650978754477188,0.00007244886128229065
L48T16beta4.405ms0.021032m0.000760,169,3.2703410487802254e-12,5.786776916267243e-6,0.00008647101675458357,0.00007241639212845412
L48T16beta4.405ms0.021032m0.000760,170,3.2717162099464663e-12,5.789210225446394e-6,0.00008650737736116025,0.00007244684283948668
L48T16beta4.405ms0.021032m0.000760,171,3.271936431458556e-12,5.789599901245834e-6,0.00008651320023338599,0.00007245171928727506
L48T16beta4.405ms0.021032m0.000760,172,3.2719481076356805e-12,5.789620561914323e-6,0.00008651350896293213,0.00007245197783725765
L48T16beta4.405ms0.021032m0.000760,173,3.271792418321294e-12,5.789345074031817e-6,0.00008650939238514652,0.00007244853035019968
L48T16beta4.405ms0.021032m0.000760,174,3.271839218665105e-12,5.789427885929781e-6,0.00008651062983202238,0.00007244956666781873
L48T16beta4.405ms0.021032m0.000760,175,3.2718560892320737e-12,5.789457737925656e-6,0.00008651107590631776,0.00007244994023912973
L48T16beta4.405ms0.021032m0.000760,176,3.2718179700892344e-12,5.789390287169738e-6,0.00008651006799888854,0.00007244909615260962
L48T16beta4.405ms0.021032m0.000760,177,3.2719460678876993e-12,5.789616952637383e-6,0.00008651345503,0.00007245193267035076
L48T16beta4.405ms0.021032m0.000760,178,3.2719558183089483e-12,5.789634205734771e-6,0.0000865137128406768,0.00007245214857759653
L48T16beta4.405ms0.021032m0.000760,179,3.271847587218275e-12,5.7894426938502955e-6,0.00008651085110475527,0.00007244975197583978
L48T16beta4.405ms0.021032m0.000760,180,3.271761457546536e-12,5.7892902898077844e-6,0.00008650857375197252,0.00007244784477411693
L48T16beta4.405ms0.021032m0.000760,181,3.271949280961601e-12,5.789622638081686e-6,0.00008651353998681736,0.00007245200381865491
L48T16beta4.405ms0.021032m0.000760,182,3.271944400000417e-12,5.7896140013575376e-6,0.00008651341092942854,0.00007245189573769521
L48T16beta4.405ms0.021032m0.000760,183,3.2713641124322155e-12,5.788587198753657e-6,0.00008649806755842105,0.00007243904621177136
L48T16beta4.405ms0.021032m0.000760,184,3.2716831509255144e-12,5.789151728434472e-6,0.00008650650324830413,0.0000724461108011491
L48T16beta4.405ms0.021032m0.000760,185,3.271879097082141e-12,5.78949844967213e-6,0.00008651168425638247,0.0000724504497106092
L48T16beta4.405ms0.021032m0.000760,186,3.2719477873381125e-12,5.7896199951567445e-6,0.00008651350049395108,0.0000724519707447881
L48T16beta4.405ms0.021032m0.000760,187,3.2716731916709392e-12,5.78913410581236e-6,0.00008650623991586987,0.00007244589026962843
L48T16beta4.405ms0.021032m0.000760,188,3.271807381767112e-12,5.7893715514302155e-6,0.00008650978803329292,0.00007244886169140961
L48T16beta4.405ms0.021032m0.000760,189,3.271901505974035e-12,5.789538101578888e-6,0.00008651227676940712,0.00007245094591913253
L48T16beta4.405ms0.021032m0.000760,190,3.271554672121042e-12,5.788924388787364e-6,0.0000865031061430211,0.00007244326584664862
L48T16beta4.405ms0.021032m0.000760,191,3.271726117598206e-12,5.789227756758733e-6,0.00008650763932916507,0.00007244706222834636
L48T16beta4.405ms0.021032m0.000760,192,3.2717522057232907e-12,5.7892739189656026e-6,0.00008650832912471471,0.00007244763990751433
L48T16beta4.405ms0.021032m0.000760,193,3.271295627303801e-12,5.788466016236511e-6,0.00008649625674462573,0.00007243752971980914
L48T16beta4.405ms0.021032m0.000760,194,3.2718673166537896e-12,5.789477604534014e-6,0.0000865113727703319,0.0000724501888521525
L48T16beta4.405ms0.021032m0.000760,195,3.271823116396724e-12,5.789399393416744e-6,0.0000865102040722933,0.00007244921010923239
L48T16beta4.405ms0.021032m0.000760,196,3.27195000888054e-12,5.789623926113867e-6,0.00008651355923370625,0.00007245201993723782
L48T16beta4.405ms0.021032m0.000760,197,3.27194814674478e-12,5.789620631116779e-6,0.00008651350999701499,0.00007245197870326515
L48T16beta4.405ms0.021032m0.000760,198,3.2717910017116293e-12,5.78934256738068e-6,0.00008650935492860108,0.00007244849898167894
L48T16beta4.405ms0.021032m0.000760,199,3.2718463785022593e-12,5.78944055506115e-6,0.0000865108191451213,0.00007244972521078633
L48T16beta4.405ms0.021032m0.000760,200,3.271687847709972e-12,5.78916003926306e-6,0.00008650662743588014,0.00007244621480381427
L48T16beta4.405ms0.021032m0.000760,201,3.271971809152792e-12,5.789662501085209e-6,0.00008651413565423212,0.00007245250266886743
L48T16beta4.405ms0.021032m0.000760,202,3.271521735112539e-12,5.788866107673055e-6,0.0000865022352562935,0.0000724425365100786
L48T16beta4.405ms0.021032m0.000760,203,3.2712281906301215e-12,5.788346688930662e-6,0.0000864944736529993,0.00007243603644417451
L48T16beta4.405ms0.021032m0.000760,204,3.267000267562328e-12,5.780865497444047e-6,0.00008638268323084483,0.00007234241595316168
L48T16beta4.405ms0.021032m0.000760,205,3.2718656377815485e-12,5.789474633816592e-6,0.00008651132837930737,0.00007245015167625288
L48T16beta4.405ms0.021032m0.000760,206,3.2719433834814708e-12,5.789612202655725e-6,0.00008651338405167313,0.00007245187322853378
L48T16beta4.405ms0.021032m0.000760,207,3.271148449505864e-12,5.78820558924404e-6,0.00008649236521966198,0.00007243427070646189
L48T16beta4.405ms0.021032m0.000760,208,3.268635828745586e-12,5.783759577162109e-6,0.00008642592906862477,0.00007237863279973217
L48T16beta4.405ms0.021032m0.000760,209,3.271255841107477e-12,5.78839561567613e-6,0.00008649520475867148,0.00007243664871909657
L48T16beta4.405ms0.021032m0.000760,210,3.2708388150370433e-12,5.787657699721227e-6,0.0000864841781813862,0.00007242741435393592
L48T16beta4.405ms0.021032m0.000760,211,3.2673228098603526e-12,5.781436227009218e-6,0.00008639121156475268,0.00007234955812860557
L48T16beta4.405ms0.021032m0.000760,212,3.2692667732647815e-12,5.7848760158223794e-6,0.00008644261185897501,0.00007239260404157877
L48T16beta4.405ms0.021032m0.000760,213,3.2715929339227584e-12,5.788992091974171e-6,0.00008650411782249058,0.0000724441130921179
L48T16beta4.405ms0.021032m0.000760,214,3.2712910768575198e-12,5.788457964349229e-6,0.00008649613642637427,0.00007243742895756527
L48T16beta4.405ms0.021032m0.000760,215,3.2718105900764534e-12,5.789377228443762e-6,0.00008650987286413065,0.0000724489327342103
L48T16beta4.405ms0.021032m0.000760,216,3.2711585440607175e-12,5.788223451276206e-6,0.00008649263212956795,0.00007243449423398752
L48T16beta4.405ms0.021032m0.000760,217,3.271551901780674e-12,5.788919486747653e-6,0.0000865030328925115,0.00007244320450195966
L48T16beta4.405ms0.021032m0.000760,218,3.2710252518327036e-12,5.787987594410918e-6,0.00008648910775265743,0.00007243154269403877
L48T16beta4.405ms0.021032m0.000760,219,3.2715500256556353e-12,5.788916166996928e-6,0.00008650298328593003,0.00007244316295821714
L48T16beta4.405ms0.021032m0.000760,220,3.270506581940948e-12,5.787069822560213e-6,0.0000864753936132967,0.00007242005759150471
L48T16beta4.405ms0.021032m0.000760,221,3.246260954369404e-12,5.744167863449938e-6,0.00008583431550043556,0.00007188317753910886
L48T16beta4.405ms0.021032m0.000760,222,3.271635309101755e-12,5.789067073666901e-6,0.00008650523826367955,0.00007244505142164776
L48T16beta4.405ms0.021032m0.000760,223,3.2711622461240926e-12,5.78823000197369e-6,0.00008649273001574538,0.00007243457621016954
L48T16beta4.405ms0.021032m0.000760,224,3.271021872303593e-12,5.787981614428783e-6,0.00008648901839460151,0.00007243146785985432
L48T16beta4.405ms0.021032m0.000760,225,3.2707656664496236e-12,5.787528265343948e-6,0.00008648224406117244,0.00007242579459724656
L48T16beta4.405ms0.021032m0.000760,226,3.27181093278069e-12,5.789377834849313e-6,0.00008650988192556592,0.00007244894032283912
L48T16beta4.405ms0.021032m0.000760,227,3.2718962118328264e-12,5.789528733744255e-6,0.0000865121367871342,0.00007245082868897211
L48T16beta4.405ms0.021032m0.000760,228,3.2719391029475323e-12,5.789604628370776e-6,0.00008651327087016807,0.00007245177844306046
L48T16beta4.405ms0.021032m0.000760,229,3.2719227081351472e-12,5.789575618209315e-6,0.00008651283737528932,0.00007245141540656218
L48T16beta4.405ms0.021032m0.000760,230,3.271877442694446e-12,5.789495522279427e-6,0.00008651164051275331,0.00007245041307688011
L48T16beta4.405ms0.021032m0.000760,231,3.271959086479696e-12,5.789639988671401e-6,0.00008651379925430868,0.00007245222094593087
L48T16beta4.405ms0.021032m0.000760,232,3.27188295300111e-12,5.78950527261278e-6,0.00008651178621065231,0.00007245053509367351
L48T16beta4.405ms0.021032m0.000760,233,3.271183683773599e-12,5.788267935294238e-6,0.00008649329684817111,0.0000724350509121073
L48T16beta4.405ms0.021032m0.000760,234,3.270287266833521e-12,5.786681750618444e-6,0.000086469594707297,0.00007241520121457575
L48T16beta4.405ms0.021032m0.000760,235,3.270073789900683e-12,5.7863040091631415e-6,0.00008646395016834501,0.00007241047411454301
L48T16beta4.405ms0.021032m0.000760,236,3.2577547230941297e-12,5.764505765382816e-6,0.00008613822199004762,0.00007213768838387656
L48T16beta4.405ms0.021032m0.000760,237,3.2615428042664383e-12,5.771208668950943e-6,0.00008623838256218142,0.00007222156929033145
L48T16beta4.405ms0.021032m0.000760,238,3.270549496229946e-12,5.787145758192995e-6,0.00008647652830908152,0.00007242100785875013
L48T16beta4.405ms0.021032m0.000760,239,3.258865160973956e-12,5.766470654118908e-6,0.00008616758305394864,0.00007216227722759051
L48T16beta4.405ms0.021032m0.000760,240,3.2705659841630157e-12,5.7871749331289e-6,0.00008647696426616228,0.00007242137295725476
L48T16beta4.405ms0.021032m0.000760,241,3.2664930861504895e-12,5.779968054136879e-6,0.00008636927285813246,0.00007233118524436032
L48T16beta4.405ms0.021032m0.000760,242,3.2713942789547666e-12,5.788640577570649e-6,0.00008649886519078967,0.00007243971420042869
L48T16beta4.405ms0.021032m0.000760,243,3.270925843066632e-12,5.7878116933827994e-6,0.00008648647928762939,0.0000724293414483346
L48T16beta4.405ms0.021032m0.000760,244,3.271618773774545e-12,5.789037814868392e-6,0.00008650480105345135,0.00007244468527367685
L48T16beta4.405ms0.021032m0.000760,245,3.2719681949029107e-12,5.789656105771243e-6,0.00008651404008992937,0.00007245242263717264
L48T16beta4.405ms0.021032m0.000760,246,3.271724979807965e-12,5.789225743470759e-6,0.00008650760924487795,0.00007244703703382901
L48T16beta4.405ms0.021032m0.000760,247,3.271736998636386e-12,5.7892470104511234e-6,0.00008650792703445963,0.00007244730317126817
L48T16beta4.405ms0.021032m0.000760,248,3.2719099623671688e-12,5.789553064929759e-6,0.00008651250036471459,0.00007245113317222694
L48T16beta4.405ms0.021032m0.000760,249,3.2719258774147985e-12,5.789581226160918e-6,0.00008651292117414386,0.00007245148558511377
L48T16beta4.405ms0.021032m0.000760,250,3.2719351062358055e-12,5.789597556301283e-6,0.00008651316519319998,0.00007245168994236916
L48T16beta4.405ms0.021032m0.000760,251,3.2717505797111995e-12,5.789271041782736e-6,0.00008650828613136425,0.00007244760390211688
L48T16beta4.405ms0.021032m0.000760,252,3.2717537324604734e-12,5.789276620484299e-6,0.00008650836949313945,0.00007244767371463011
L48T16beta4.405ms0.021032m0.000760,253,3.2719063843014762e-12,5.789546733642702e-6,0.00008651240575715719,0.00007245105394177225
L48T16beta4.405ms0.021032m0.000760,254,3.2714392983588664e-12,5.78872023814566e-6,0.00008650005554787725,0.00007244071108202974
L48T16beta4.405ms0.021032m0.000760,255,3.271377308318796e-12,5.788610548505477e-6,0.00008649841647057199,0.00007243933841325215
L48T16beta4.405ms0.021032m0.000760,256,3.271335409966409e-12,5.788536410544082e-6,0.00008649730863714507,0.00007243841064227329
L48T16beta4.405ms0.021032m0.000760,257,3.2715974597786142e-12,5.789000100349384e-6,0.00008650423749054712,0.00007244421330984673
L48T16beta4.405ms0.021032m0.000760,258,3.2718811746422022e-12,5.789502125856487e-6,0.00008651173918910299,0.0000724504957148032
L48T16beta4.405ms0.021032m0.000760,259,3.2717571312595836e-12,5.789282634564158e-6,0.00008650845936071302,0.00007244774897551742
L48T16beta4.405ms0.021032m0.000760,260,3.2717189457967115e-12,5.789215066456799e-6,0.00008650744969971726,0.00007244690342044787
L48T16beta4.405ms0.021032m0.000760,261,3.271497474487508e-12,5.78882317917636e-6,0.00008650159378163313,0.00007244199929793182
L48T16beta4.405ms0.021032m0.000760,262,3.271642186850468e-12,5.789079243650672e-6,0.00008650542011808413,0.00007244520371822488
L48T16beta4.405ms0.021032m0.000760,263,3.271931622667226e-12,5.789591392224222e-6,0.00008651307308423871,0.0000724516128043996
L48T16beta4.405ms0.021032m0.000760,264,3.271150014663932e-12,5.788208358747417e-6,0.0000864924066039725,0.00007243430536434578
L48T16beta4.405ms0.021032m0.000760,265,3.2718775150363536e-12,5.789495650286407e-6,0.00008651164242554412,0.00007245041467877419
L48T16beta4.405ms0.021032m0.000760,266,3.2713243230462833e-12,5.788516792549353e-6,0.00008649701548813044,0.0000724381651404301
L48T16beta4.405ms0.021032m0.000760,267,3.271469180291582e-12,5.7887731133889064e-6,0.00008650084565541221,0.0000724413727689073
L48T16beta4.405ms0.021032m0.000760,268,3.2719602591174023e-12,5.789642063620988e-6,0.00008651383025999685,0.00007245224691208875
L48T16beta4.405ms0.021032m0.000760,269,3.2718702240546763e-12,5.789482749098476e-6,0.00008651144964485569,0.00007245025323182407
L48T16beta4.405ms0.021032m0.000760,270,3.2718567434326766e-12,5.789458895515305e-6,0.00008651109320402172,0.0000724499547253398
L48T16beta4.405ms0.021032m0.000760,271,3.271783982892226e-12,5.789330147776273e-6,0.00008650916934414944,0.00007244834356132046
L48T16beta4.405ms0.021032m0.000760,272,3.2719536652570755e-12,5.789630395969768e-6,0.00008651365591187893,0.00007245210090175894
L48T16beta4.405ms0.021032m0.000760,273,3.2718516563645536e-12,5.789449894090699e-6,0.00008651095869696379,0.00007244984208047662
L48T16beta4.405ms0.021032m0.000760,274,3.2716631371648622e-12,5.789116314645383e-6,0.00008650597406489272,0.00007244566762891792
L48T16beta4.405ms0.021032m0.000760,275,3.2714797287634512e-12,5.7887917786145215e-6,0.00008650112456732816,0.00007244160634768818
L48T16beta4.405ms0.021032m0.000760,276,3.2717865370009643e-12,5.78933466720017e-6,0.00008650923687728322,0.0000724484001179111
L48T16beta4.405ms0.021032m0.000760,277,3.271718181402416e-12,5.789213713882496e-6,0.00008650742948838427,0.00007244688649417743
L48T16beta4.405ms0.021032m0.000760,278,3.2716015473743292e-12,5.789007333235549e-6,0.00008650434557057679,0.00007244430382301637
L48T16beta4.405ms0.021032m0.000760,279,3.271844146954255e-12,5.78943660639944e-6,0.00008651076014080892,0.00007244967579677937
L48T16beta4.405ms0.021032m0.000760,280,3.2715750695743843e-12,5.788960481509925e-6,0.00008650364547164262,0.00007244371751513139
L48T16beta4.405ms0.021032m0.000760,281,3.2718915820036763e-12,5.789520541391209e-6,0.00008651201436992206,0.00007245072616892354
L48T16beta4.405ms0.021032m0.000760,282,3.268031803661373e-12,5.782690771688297e-6,0.00008640995805447116,0.00007236525764506133
L48T16beta4.405ms0.021032m0.000760,283,3.2717689949883313e-12,5.789303627099993e-6,0.00008650877304930758,0.00007244801167852616
L48T16beta4.405ms0.021032m0.000760,284,3.2714055510310006e-12,5.788660523193927e-6,0.00008649916323551296,0.00007243996380225325
L48T16beta4.405ms0.021032m0.000760,285,3.271389590918571e-12,5.788632282221866e-6,0.0000864987412345263,0.00007243961039147962
L48T16beta4.405ms0.021032m0.000760,286,3.27183722743623e-12,5.78942436250604e-6,0.00008651057718198287,0.00007244952257528866
L48T16beta4.405ms0.021032m0.000760,287,3.2719572317025348e-12,5.789636706695148e-6,0.00008651375021218598,0.00007245217987490242
L48T16beta4.405ms0.021032m0.000760,288,3.2717371876173776e-12,5.789247344847696e-6,0.00008650793203130193,0.00007244730735594536
L48T16beta4.405ms0.021032m0.000760,289,3.2716774751297884e-12,5.789141685272857e-6,0.00008650635317471242,0.00007244598511986913
L48T16beta4.405ms0.021032m0.000760,290,3.2714080122705173e-12,5.788664878288337e-6,0.00008649922831309364,0.00007244001830240577
L48T16beta4.405ms0.021032m0.000760,291,3.270569730735325e-12,5.787181562583697e-6,0.00008647706332919946,0.00007242145591901484
L48T16beta4.405ms0.021032m0.000760,292,3.2718463948208784e-12,5.789440583936489e-6,0.00008651081957660157,0.00007244972557213566
L48T16beta4.405ms0.021032m0.000760,293,3.2712865068897762e-12,5.788449877919266e-6,0.00008649601559195627,0.00007243732776305033
L48T16beta4.405ms0.021032m0.000760,294,3.2713694892650157e-12,5.788596712908746e-6,0.00008649820972714053,0.00007243916527300279
L48T16beta4.405ms0.021032m0.000760,295,3.271665229931812e-12,5.789120017737903e-6,0.00008650602939969827,0.00007244571396984378
L48T16beta4.405ms0.021032m0.000760,296,3.2716598082062655e-12,5.789110424146357e-6,0.00008650588604397064,0.00007244559391453535
L48T16beta4.405ms0.021032m0.000760,297,3.2716336941010923e-12,5.789064215968448e-6,0.00008650519556148205,0.00007244501566008053
L48T16beta4.405ms0.021032m0.000760,298,3.2718502341697654e-12,5.789447377556843e-6,0.00008651092109274224,0.0000724498105882824
L48T16beta4.405ms0.021032m0.000760,299,3.2712485758941303e-12,5.788382760084539e-6,0.00008649501265932291,0.00007243648784274429
L48T16beta4.405ms0.021032m0.000760,300,3.2713834357683714e-12,5.788621390855932e-6,0.00008649857848633332,0.00007243947409567319
L48T16beta4.405ms0.021032m0.000760,301,3.2714218603459975e-12,5.788689382070153e-6,0.00008649959446975712,0.00007244032494555071
L48T16beta4.405ms0.021032m0.000760,302,3.2718878066719512e-12,5.789513861047431e-6,0.00008651191454645777,0.00007245064257033288
L48T16beta4.405ms0.021032m0.000760,303,3.271939281195028e-12,5.789604943774729e-6,0.00008651327558320626,0.00007245178239006182
L48T16beta4.405ms0.021032m0.000760,304,3.271924181654838e-12,5.78957822556115e-6,0.00008651287633659152,0.00007245144803526304
L48T16beta4.405ms0.021032m0.000760,305,3.2714396208004867e-12,5.788720808697079e-6,0.00008650006407354913,0.00007244071822197585
L48T16beta4.405ms0.021032m0.000760,306,3.2715336603570545e-12,5.788887209059318e-6,0.00008650255057142513,0.00007244280057525412
L48T16beta4.405ms0.021032m0.000760,307,3.271729345071668e-12,5.789233467682654e-6,0.00008650772466672088,0.00007244713369550538
L48T16beta4.405ms0.021032m0.000760,308,3.2715560118889364e-12,5.78892675946914e-6,0.00008650314156779494,0.00007244329551363312
L48T16beta4.405ms0.021032m0.000760,309,3.271802286572767e-12,5.789362535626487e-6,0.00008650965331136972,0.00007244874886660442
L48T16beta4.405ms0.021032m0.000760,310,3.271939429915485e-12,5.789605206931413e-6,0.00008651327951552062,0.00007245178568323485
L48T16beta4.405ms0.021032m0.000760,311,3.2718285658493647e-12,5.789409036070607e-6,0.0000865103481611524,0.00007244933077851227
L48T16beta4.405ms0.021032m0.000760,312,3.2719383287594185e-12,5.789603258466586e-6,0.00008651325039987696,0.00007245176129992183
L48T16beta4.405ms0.021032m0.000760,313,3.2719455075754047e-12,5.7896159611804665e-6,0.00008651344021479477,0.00007245192026314484
L48T16beta4.405ms0.021032m0.000760,314,3.2716129471804847e-12,5.789027504873347e-6,0.00008650464699260416,0.00007244455625321264
L48T16beta4.405ms0.021032m0.000760,315,3.271946892513978e-12,5.789618411790494e-6,0.00008651347683392555,0.00007245195093036066
L48T16beta4.405ms0.021032m0.000760,316,3.2719350008860827e-12,5.789597369887899e-6,0.00008651316240765024,0.00007245168760957062
L48T16beta4.405ms0.021032m0.000760,317,3.271956319051004e-12,5.789635091783818e-6,0.00008651372608078664,0.00007245215966571625
L48T16beta4.405ms0.021032m0.000760,318,3.2719438359426484e-12,5.78961300327311e-6,0.00008651339601518931,0.00007245188324755185
L48T16beta4.405ms0.021032m0.000760,319,3.2718530028293024e-12,5.789452276622371e-6,0.00008651099429880901,0.00007244987189575209
L48T16beta4.405ms0.021032m0.000760,320,3.2705020390120844e-12,5.787061783974791e-6,0.00008647527349381313,0.00007241995699572186
L48T16beta4.405ms0.021032m0.000760,321,3.2717517291746136e-12,5.789273075726062e-6,0.00008650831652430146,0.00007244762935511768
L48T16beta4.405ms0.021032m0.000760,322,3.2716695112863136e-12,5.789127593474816e-6,0.0000865061426028998,0.00007244580877348712
L48T16beta4.405ms0.021032m0.000760,323,3.271875233433996e-12,5.78949161305492e-6,0.00008651158209774565,0.00007245036415639486
L48T16beta4.405ms0.021032m0.000760,324,3.271811245865243e-12,5.789378388843663e-6,0.0000865098902038278,0.00007244894725558816
L48T16beta4.405ms0.021032m0.000760,325,3.2706499662356563e-12,5.787323537054939e-6,0.00008647918483432384,0.00007242323260388286
L48T16beta4.405ms0.021032m0.000760,326,3.270568472335533e-12,5.7871793358805004e-6,0.00008647703005587786,0.00007242142805379486
L48T16beta4.405ms0.021032m0.000760,327,3.2715127258583538e-12,5.788850166050033e-6,0.00008650199704279895,0.00007244233701477394
L48T16beta4.405ms0.021032m0.000760,328,3.2696081628796807e-12,5.7854800951870344e-6,0.00008645163853437964,0.00007240016356025049
L48T16beta4.405ms0.021032m0.000760,329,3.2710822090544643e-12,5.788088378620021e-6,0.00008649061375732291,0.00007243280391922724
L48T16beta4.405ms0.021032m0.000760,330,3.2714777304936146e-12,5.788788242731997e-6,0.00008650107173111874,0.00007244156209924744
L48T16beta4.405ms0.021032m0.000760,331,3.270347367632777e-12,5.786788097299905e-6,0.00008647118383122687,0.0000724165320491833
L48T16beta4.405ms0.021032m0.000760,332,3.270463674137046e-12,5.786993898402627e-6,0.00008647425908898417,0.00007241910746786121
L48T16beta4.405ms0.021032m0.000760,333,3.27186187548619e-12,5.7894679765402995e-6,0.00008651122890053737,0.0000724500683663314
L48T16beta4.405ms0.021032m0.000760,334,3.2715817449616323e-12,5.788972293420749e-6,0.00008650382197541207,0.00007244386533074246
L48T16beta4.405ms0.021032m0.000760,335,3.271524910440535e-12,5.788871726327034e-6,0.00008650231921507217,0.00007244260682256095
L48T16beta4.405ms0.021032m0.000760,336,3.2719250973636285e-12,5.7895798458822145e-6,0.00008651290054882778,0.00007245146831214726
L48T16beta4.405ms0.021032m0.000760,337,3.2691312946594422e-12,5.7846362902236326e-6,0.00008643902967210904,0.00007238960408785439
L48T16beta4.405ms0.021032m0.000760,338,3.2719121071737052e-12,5.7895568601048705e-6,0.00008651255707549771,0.00007245118066548495
L48T16beta4.405ms0.021032m0.000760,339,3.271273026426595e-12,5.78842602461712e-6,0.00008649565915532162,0.00007243702926008284
L48T16beta4.405ms0.021032m0.000760,340,3.271942889727437e-12,5.789611328971787e-6,0.00008651337099633342,0.00007245186229515245
L48T16beta4.405ms0.021032m0.000760,341,3.271919296829066e-12,5.789569581998721e-6,0.0000865127471770192,0.00007245133986872831
L48T16beta4.405ms0.021032m0.000760,342,3.2717215416482924e-12,5.789219659743487e-6,0.00008650751833657261,0.00007244696090136597
L48T16beta4.405ms0.021032m0.000760,343,3.2717945729613536e-12,5.789348886607072e-6,0.0000865094493559376,0.00007244857806120507
L48T16beta4.405ms0.021032m0.000760,344,3.2715188720220633e-12,5.788861041514624e-6,0.00008650215955338031,0.00007244247311158911
L48T16beta4.405ms0.021032m0.000760,345,3.2711856005826888e-12,5.7882713270342515e-6,0.00008649334753047869,0.00007243509335673206
L48T16beta4.405ms0.021032m0.000760,346,3.271845696111341e-12,5.789439347589527e-6,0.00008651080110203784,0.00007244971010034751
L48T16beta4.405ms0.021032m0.000760,347,3.271702499063854e-12,5.7891859644235155e-6,0.0000865070148320104,0.00007244653923425502
L48T16beta4.405ms0.021032m0.000760,348,3.2719058032501093e-12,5.789545705488577e-6,0.00008651239039359061,0.00007245104107533325
L48T16beta4.405ms0.021032m0.000760,349,3.2716586502989917e-12,5.7891083752618575e-6,0.00008650585542776953,0.00007244556827455899
L48T16beta4.405ms0.021032m0.000760,350,3.2715396676205956e-12,5.7888978387439505e-6,0.00008650270940935016,0.00007244293359635061
L48T16beta4.405ms0.021032m0.000760,351,3.271755197973056e-12,5.789279213667779e-6,0.00008650840824272586,0.00007244770616602654
L48T16beta4.405ms0.021032m0.000760,352,3.2719249538577184e-12,5.789579591952525e-6,0.00008651289675439112,0.0000724514651344419
L48T16beta4.405ms0.021032m0.000760,353,3.271952826535639e-12,5.78962891187567e-6,0.00008651363373526361,0.00007245208232963465
L48T16beta4.405ms0.021032m0.000760,354,3.2716826117625737e-12,5.789150774400745e-6,0.0000865064889923085,0.00007244609886226128
L48T16beta4.405ms0.021032m0.000760,355,3.271533436065377e-12,5.788886812181475e-6,0.00008650254464093375,0.00007244279560867913
L48T16beta4.405ms0.021032m0.000760,356,3.271910688327344e-12,5.789554349495962e-6,0.00008651251955981184,0.0000724511492474362
L48T16beta4.405ms0.021032m0.000760,357,3.271831675691126e-12,5.789414538848528e-6,0.00008651043038841096,0.00007244939964090828
L48T16beta4.405ms0.021032m0.000760,358,3.271853596533224e-12,5.789453327164837e-6,0.00008651100999692153,0.00007244988504236138
L48T16beta4.405ms0.021032m0.000760,359,3.271817430635126e-12,5.789389332620798e-6,0.00008651005373519416,0.00007244908420727436
L48T16beta4.405ms0.021032m0.000760,360,3.2719475304091968e-12,5.789619540528222e-6,0.0000865134937004992,0.00007245196505551447
L48T16beta4.405ms0.021032m0.000760,361,3.2719567928865285e-12,5.7896359302225114e-6,0.00008651373860946146,0.00007245217015803452
L48T16beta4.405ms0.021032m0.000760,362,3.271560421264527e-12,5.788934561735785e-6,0.00008650325815599931,0.0000724433931520956
L48T16beta4.405ms0.021032m0.000760,363,3.271362179714788e-12,5.7885837788642855e-6,0.00008649801645548147,0.00007243900341488228
L48T16beta4.405ms0.021032m0.000760,364,3.2718668051650034e-12,5.789476699468929e-6,0.00008651135924606798,0.00007245017752606388
L48T16beta4.405ms0.021032m0.000760,365,3.2717939858219373e-12,5.789347847680315e-6,0.00008650943383139703,0.00007244856505995611
L48T16beta4.405ms0.021032m0.000760,366,3.2719473333416876e-12,5.789619191822783e-6,0.00008651348848984146,0.00007245196069177448
L48T16beta4.405ms0.021032m0.000760,367,3.271944475293705e-12,5.789614134586903e-6,0.00008651341292025672,0.00007245189740494281
L48T16beta4.405ms0.021032m0.000760,368,3.2719459925811763e-12,5.789616819384599e-6,0.00008651345303882186,0.0000724519310028101
L48T16beta4.405ms0.021032m0.000760,369,3.27190382031951e-12,5.789542196748404e-6,0.00008651233796296562,0.00007245099716655502
L48T16beta4.405ms0.021032m0.000760,370,3.2719558679794897e-12,5.789634293625404e-6,0.00008651371415401452,0.00007245214967747002
L48T16beta4.405ms0.021032m0.000760,371,3.2717830723450424e-12,5.789328536588527e-6,0.00008650914526839112,0.00007244832339873163
L48T16beta4.405ms0.021032m0.000760,372,3.271956472999242e-12,5.789635364190915e-6,0.00008651373015132867,0.00007245216307464999
L48T16beta4.405ms0.021032m0.000760,373,3.2719592946645127e-12,5.789640357048605e-6,0.0000865138047589189,0.00007245222555584558
L48T16beta4.405ms0.021032m0.000760,374,3.271761252088107e-12,5.789289926254847e-6,0.00008650856831945064,0.00007244784022457364
L48T16beta4.405ms0.021032m0.000760,375,3.2719545901244097e-12,5.789632032496619e-6,0.00008651368036627606,0.00007245212138144426
L48T16beta4.405ms0.021032m0.000760,376,3.2717834319105285e-12,5.789329172829587e-6,0.00008650915477565434,0.00007244833136072546
L48T16beta4.405ms0.021032m0.000760,377,3.271948791204504e-12,5.789621771470216e-6,0.00008651352703716057,0.00007245199297377925
L48T16beta4.405ms0.021032m0.000760,378,3.27190723774011e-12,5.789548243778468e-6,0.00008651242832290961,0.00007245107283978499
L48T16beta4.405ms0.021032m0.000760,379,3.271023917980805e-12,5.787985234197331e-6,0.00008648907248430831,0.00007243151315805439
L48T16beta4.405ms0.021032m0.000760,380,3.2719483328405654e-12,5.789620960408061e-6,0.00008651351491756962,0.00007245198282405413
L48T16beta4.405ms0.021032m0.000760,381,3.26223495811279e-12,5.7724334158017546e-6,0.00008625668378702368,0.00007223689591333589
L48T16beta4.405ms0.021032m0.000760,382,3.27183918622639e-12,5.789427828530383e-6,0.00008651062897431101,0.00007244956594951606
L48T16beta4.405ms0.021032m0.000760,383,3.1692449625977337e-12,5.607890222457737e-6,0.00008379793733206595,0.00007017778346029275
L48T16beta4.405ms0.021032m0.000760,384,3.2716355139778493e-12,5.789067436189413e-6,0.00008650524368080391,0.00007244505595829619
L48T16beta4.405ms0.021032m0.000760,385,3.2713966754359675e-12,5.788644818077032e-6,0.00008649892855609714,0.00007243976726661347
L48T16beta4.405ms0.021032m0.000760,386,3.2719124573159498e-12,5.789557479671768e-6,0.0000865125663336012,0.00007245118841881639
L48T16beta4.405ms0.021032m0.000760,387,3.271948037795167e-12,5.78962043833349e-6,0.00008651350711628064,0.00007245197629075289
L48T16beta4.405ms0.021032m0.000760,388,3.270333688778598e-12,5.786763892950443e-6,0.00008647082214894013,0.00007241622915316928
L48T16beta4.405ms0.021032m0.000760,389,3.2719356515132653e-12,5.789598521154481e-6,0.00008651317961086947,0.00007245170201665309
L48T16beta4.405ms0.021032m0.000760,390,3.2710590521133635e-12,5.7880474030611376e-6,0.00008649000146514541,0.00007243229114636891
L48T16beta4.405ms0.021032m0.000760,391,3.2719160246481467e-12,5.7895637919662055e-6,0.00008651266065735447,0.00007245126741159523
L48T16beta4.405ms0.021032m0.000760,392,3.2718820610357118e-12,5.789503694304983e-6,0.00008651176262621456,0.00007245051534254815
L48T16beta4.405ms0.021032m0.000760,393,3.271912115736679e-12,5.789556875256813e-6,0.00008651255730191111,0.00007245118085509808
L48T16beta4.405ms0.021032m0.000760,394,3.2719699284484814e-12,5.789659173231591e-6,0.00008651408592657023,0.00007245246102372437
L48T16beta4.405ms0.021032m0.000760,395,3.2719519754792853e-12,5.789627405955282e-6,0.00008651361123250102,0.00007245206348437365
L48T16beta4.405ms0.021032m0.000760,396,3.2719368108366723e-12,5.789600572544788e-6,0.00008651321026451453,0.00007245172768798741
L48T16beta4.405ms0.021032m0.000760,397,3.2717351372550148e-12,5.7892437167889055e-6,0.00008650787781771514,0.00007244726195400022
L48T16beta4.405ms0.021032m0.000760,398,3.271836275384432e-12,5.789422677877042e-6,0.00008651055200880192,0.00007244950149364754
L48T16beta4.405ms0.021032m0.000760,399,3.27195408566335e-12,5.789631139866899e-6,0.00008651366702783211,0.00007245211021097323
L48T16beta4.405ms0.021032m0.000760,400,3.2719326249851355e-12,5.789593165797698e-6,0.0000865130995865048,0.00007245163499910213
L48T16beta4.405ms0.021032m0.000760,401,3.2719438498392827e-12,5.789613027862815e-6,0.00008651339638262992,0.00007245188355527025
L48T16beta4.405ms0.021032m0.000760,402,3.2717178592254938e-12,5.789213143799453e-6,0.00008650742096971124,0.00007244687936009263
L48T16beta4.405ms0.021032m0.000760,403,3.2718730751014024e-12,5.789487793945829e-6,0.00008651152502932034,0.00007245031636362428
L48T16beta4.405ms0.021032m0.000760,404,3.271940032658836e-12,5.789606273468896e-6,0.0000865132954526445,0.00007245179903000762
L48T16beta4.405ms0.021032m0.000760,405,3.271014473695792e-12,5.78796852279944e-6,0.00008648882276817307,0.00007243130402969846
L48T16beta4.405ms0.021032m0.000760,406,3.2710532262207523e-12,5.788037094307287e-6,0.00008648984742284521,0.00007243216214143715
L48T16beta4.405ms0.021032m0.000760,407,3.27164701045164e-12,5.789087778877884e-6,0.00008650554765881812,0.00007244531052904024
L48T16beta4.405ms0.021032m0.000760,408,3.2719112808665954e-12,5.789555397977576e-6,0.00008651253522712933,0.00007245116236825575
L48T16beta4.405ms0.021032m0.000760,409,3.2718926018842843e-12,5.789522346041388e-6,0.00008651204133656311,0.00007245074875252352
L48T16beta4.405ms0.021032m0.000760,410,3.2719314703601143e-12,5.789591122721052e-6,0.00008651306905708967,0.00007245160943180592
L48T16beta4.405ms0.021032m0.000760,411,3.2718237995685008e-12,5.789400602270074e-6,0.00008651022213602341,0.00007244922523696204
L48T16beta4.405ms0.021032m0.000760,412,3.2719634892643117e-12,5.7896477792755e-6,0.00008651391566824124,0.00007245231843844692
L48T16beta4.405ms0.021032m0.000760,413,3.2710321889134276e-12,5.7879998693810206e-6,0.00008648929117585843,0.00007243169630442693
L48T16beta4.405ms0.021032m0.000760,414,3.2712309800949052e-12,5.788351624810492e-6,0.00008649454740917715,0.00007243609821234259
L48T16beta4.405ms0.021032m0.000760,415,3.2711753334978117e-12,5.78825315971504e-6,0.00008649307605871008,0.0000724348660088092
L48T16beta4.405ms0.021032m0.000760,416,3.2494783734574005e-12,5.749860996438413e-6,0.00008591938720877264,0.00007195442206035072
L48T16beta4.405ms0.021032m0.000760,417,3.27164971746306e-12,5.789092568858796e-6,0.00008650561923484836,0.00007244537047141247
L48T16beta4.405ms0.021032m0.000760,418,3.271957582506524e-12,5.789637327432984e-6,0.00008651375948778664,0.00007245218764288713
L48T16beta4.405ms0.021032m0.000760,419,3.2719529238782535e-12,5.789629084120701e-6,0.00008651363630909758,0.00007245208448512879
L48T16beta4.405ms0.021032m0.000760,420,3.2717298603323976e-12,5.789234379422088e-6,0.00008650773829071864,0.00007244714510511754
L48T16beta4.405ms0.021032m0.000760,421,3.271771545351596e-12,5.789308139896379e-6,0.00008650884048340735,0.00007244806815217936
L48T16beta4.405ms0.021032m0.000760,422,3.2686453622999305e-12,5.783776446519583e-6,0.00008642618114512847,0.0000723788439048125
L48T16beta4.405ms0.021032m0.000760,423,3.27186131283132e-12,5.789466980938261e-6,0.00008651121402339216,0.00007245005590725295
L48T16beta4.405ms0.021032m0.000760,424,3.2705561054824496e-12,5.787157453080241e-6,0.00008647670306418366,0.00007242115420991468
L48T16beta4.405ms0.021032m0.000760,425,3.2717155605633634e-12,5.789209076381176e-6,0.00008650736019083571,0.00007244682845995234
L48T16beta4.405ms0.021032m0.000760,426,3.2719058761081776e-12,5.789545834408889e-6,0.00008651239232002921,0.00007245104268865686
L48T16beta4.405ms0.021032m0.000760,427,3.271846075304169e-12,5.789440018560618e-6,0.00008651081112826718,0.00007244971849695696
L48T16beta4.405ms0.021032m0.000760,428,3.271955744127391e-12,5.789634074472583e-6,0.00008651371087924386,0.00007245214693496641
L48T16beta4.405ms0.021032m0.000760,429,3.2719000017494e-12,5.789535439895514e-6,0.00008651223699623615,0.00007245091261052056
L48T16beta4.405ms0.021032m0.000760,430,3.271854580282583e-12,5.7894550678817824e-6,0.000086511036008217,0.00007244990682589351
L48T16beta4.405ms0.021032m0.000760,431,3.2717466865889552e-12,5.789264153011932e-6,0.00008650818319340342,0.00007244751769524646
L48T16beta4.405ms0.021032m0.000760,432,3.2715794947391985e-12,5.788968311715159e-6,0.0000865037624773295,0.0000724438155032206
L48T16beta4.405ms0.021032m0.000760,433,3.271725058793787e-12,5.78922588323396e-6,0.00008650761133334037,0.00007244703878284179
L48T16beta4.405ms0.021032m0.000760,434,3.2719566337369787e-12,5.789635648611839e-6,0.00008651373440139167,0.00007245216663392617
L48T16beta4.405ms0.021032m0.000760,435,3.27181436941835e-12,5.789383915883427e-6,0.00008650997279362776,0.00007244901642159967
L48T16beta4.405ms0.021032m0.000760,436,3.27175082163175e-12,5.789271469854376e-6,0.0000865082925279803,0.00007244760925905466
L48T16beta4.405ms0.021032m0.000760,437,3.271781106606565e-12,5.789325058269332e-6,0.00008650909329234265,0.00007244827987064502
L48T16beta4.405ms0.021032m0.000760,438,3.271570813498522e-12,5.788952950502857e-6,0.00008650353293683302,0.00007244362327124245
L48T16beta4.405ms0.021032m0.000760,439,3.271950442098188e-12,5.789624692680365e-6,0.00008651357068840467,0.00007245202953013916
L48T16beta4.405ms0.021032m0.000760,440,3.271908866769756e-12,5.789551126300814e-6,0.00008651247139604716,0.00007245110891200127
L48T16beta4.405ms0.021032m0.000760,441,3.2718796166442098e-12,5.789499369022663e-6,0.00008651169799411188,0.00007245046121546756
L48T16beta4.405ms0.021032m0.000760,442,3.271914814714521e-12,5.789561651022533e-6,0.00008651262866552571,0.00007245124061957979
L48T16beta4.405ms0.021032m0.000760,443,3.2719310552477957e-12,5.789590388191428e-6,0.00008651305808111386,0.0000724516002398177
L48T16beta4.405ms0.021032m0.000760,444,3.2719755092706382e-12,5.789669048340135e-6,0.00008651423348896786,0.00007245258460196886
L48T16beta4.405ms0.021032m0.000760,445,3.2681172034686438e-12,5.782841884256068e-6,0.00008641221610892336,0.00007236714868512071
L48T16beta4.405ms0.021032m0.000760,446,3.2719094870625713e-12,5.789552223891582e-6,0.00008651248779719603,0.00007245112264737843
L48T16beta4.405ms0.021032m0.000760,447,3.271804376878027e-12,5.789366234363116e-6,0.00008650970858108577,0.00007244879515302016
L48T16beta4.405ms0.021032m0.000760,448,3.2719057928739557e-12,5.789545687128264e-6,0.00008651239011923495,0.00007245104084557017
L48T16beta4.405ms0.021032m0.000760,449,3.2719570991286436e-12,5.789636472109359e-6,0.00008651374670680261,0.00007245217693926889
L48T16beta4.405ms0.021032m0.000760,450,3.2707419903435006e-12,5.787486371137095e-6,0.00008648161804176386,0.00007242527032832186
L48T16beta4.405ms0.021032m0.000760,451,3.2717427943666835e-12,5.789257265833604e-6,0.00008650808027923873,0.00007244743150830446
L48T16beta4.405ms0.021032m0.000760,452,3.271791080525398e-12,5.789342706839437e-6,0.00008650935701251425,0.00007244850072688188
L48T16beta4.405ms0.021032m0.000760,453,3.2719042623251247e-12,5.789542978864963e-6,0.0000865123496500265,0.00007245100695405163
L48T16beta4.405ms0.021032m0.000760,454,3.2716130391894386e-12,5.789027667680614e-6,0.0000865046494254109,0.0000724445582906015
L48T16beta4.405ms0.021032m0.000760,455,3.271966384939086e-12,5.789652903090935e-6,0.00008651399223271516,0.00007245238255846279
L48T16beta4.405ms0.021032m0.000760,456,3.27183569431983e-12,5.7894216496994985e-6,0.00008651053664488539,0.00007244948862691547
L48T16beta4.405ms0.021032m0.000760,457,3.271490587725835e-12,5.788810993244409e-6,0.00008650141168891708,0.00007244184680177733
L48T16beta4.405ms0.021032m0.000760,458,3.2719030654543353e-12,5.789540861035614e-6,0.00008651231800359191,0.00007245098045129148
L48T16beta4.405ms0.021032m0.000760,459,3.271876060694018e-12,5.7894930768683656e-6,0.00008651160397130995,0.00007245038247472473
L48T16beta4.405ms0.021032m0.000760,460,3.271951051326635e-12,5.789625770693044e-6,0.00008651358679700085,0.00007245204302051386
L48T16beta4.405ms0.021032m0.000760,461,3.2719555295501226e-12,5.7896336947841145e-6,0.00008651370520561096,0.00007245214218350122
L48T16beta4.405ms0.021032m0.000760,462,3.271666578792076e-12,5.789122404508372e-6,0.00008650606506488325,0.00007244574383816403
L48T16beta4.405ms0.021032m0.000760,463,3.2717826777865077e-12,5.789327838428247e-6,0.00008650913483587744,0.00007244831466187356
L48T16beta4.405ms0.021032m0.000760,464,3.271857687252373e-12,5.789460565577831e-6,0.00008651111815953784,0.00007244997562469439
L48T16beta4.405ms0.021032m0.000760,465,3.2714480826728646e-12,5.788735781743319e-6,0.00008650028781373319,0.00007244090559639923
L48T16beta4.405ms0.021032m0.000760,466,3.2718548763735375e-12,5.789455591806436e-6,0.0000865110438371515,0.0000724499133823469
L48T16beta4.405ms0.021032m0.000760,467,3.271813892737324e-12,5.789383072409698e-6,0.0000865099601897151,0.00007244900586627239
L48T16beta4.405ms0.021032m0.000760,468,3.2719294196668793e-12,5.789587494076792e-6,0.0000865130148347543,0.00007245156402253416
L48T16beta4.405ms0.021032m0.000760,469,3.2718958152361186e-12,5.789528031977485e-6,0.00008651212630072926,0.00007245081990698202
L48T16beta4.405ms0.021032m0.000760,470,3.2718773794713774e-12,5.789495410407977e-6,0.00008651163884107352,0.00007245041167690792
L48T16beta4.405ms0.021032m0.000760,471,3.27164969949008e-12,5.7890925370561105e-6,0.00008650561875962519,0.00007244537007343002
L48T16beta4.405ms0.021032m0.000760,472,3.2719016894360776e-12,5.789538426209835e-6,0.00008651228162032301,0.00007245094998160156
L48T16beta4.405ms0.021032m0.000760,473,3.2719558689721064e-12,5.789634295381811e-6,0.00008651371418026028,0.0000724521496994499
L48T16beta4.405ms0.021032m0.000760,474,3.2715754998803564e-12,5.788961242924294e-6,0.0000865036568493535,0.00007244372704355841
L48T16beta4.405ms0.021032m0.000760,475,3.271938223714098e-12,5.789603072591833e-6,0.00008651324762237591,0.00007245175897386377
L48T16beta4.405ms0.021032m0.000760,476,3.271956564042049e-12,5.7896355252886125e-6,0.00008651373255858956,0.00007245216509064512
L48T16beta4.405ms0.021032m0.000760,477,3.27134305238735e-12,5.788549933593949e-6,0.00008649751071023145,0.00007243857987127522
L48T16beta4.405ms0.021032m0.000760,478,3.271722746645304e-12,5.7892217919519595e-6,0.00008650755019787248,0.00007244698758406812
L48T16beta4.405ms0.021032m0.000760,479,3.2716891755797006e-12,5.789162388891364e-6,0.00008650666254605483,0.00007244624420733319
L48T16beta4.405ms0.021032m0.000760,480,3.271598926588216e-12,5.789002695827904e-6,0.00008650427627442799,0.00007244424578996354
L48T16beta4.405ms0.021032m0.000760,481,3.2719449397853974e-12,5.789614956491947e-6,0.0000865134252018715,0.00007245190769035711
L48T16beta4.405ms0.021032m0.000760,482,3.2715564310643662e-12,5.788927501188326e-6,0.0000865031526512034,0.00007244330479559235
L48T16beta4.405ms0.021032m0.000760,483,3.271654071927093e-12,5.789100273960977e-6,0.00008650573437113745,0.0000724454668939477
L48T16beta4.405ms0.021032m0.000760,484,3.2719550573424894e-12,5.789632859225929e-6,0.00008651369271997917,0.00007245213172722996
L48T16beta4.405ms0.021032m0.000760,485,3.27190043708463e-12,5.789536210209015e-6,0.00008651224850692554,0.00007245092225031233
L48T16beta4.405ms0.021032m0.000760,486,3.2717634462078427e-12,5.789293808688284e-6,0.000086508626334123,0.00007244788880979237
L48T16beta4.405ms0.021032m0.000760,487,3.271788525622566e-12,5.7893381860104134e-6,0.00008650928945838387,0.00007244844415270734
L48T16beta4.405ms0.021032m0.000760,488,3.271878669039335e-12,5.78949769226237e-6,0.00008651167293851192,0.00007245044023229634
L48T16beta4.405ms0.021032m0.000760,489,3.271883751660535e-12,5.78950668581827e-6,0.00008651180732798884,0.00007245055277868962
L48T16beta4.405ms0.021032m0.000760,490,3.2716850488219467e-12,5.789155086709068e-6,0.00008650655343054254,0.00007244615282698378
L48T16beta4.405ms0.021032m0.000760,491,3.271494355606317e-12,5.788817660403421e-6,0.00008650151131536321,0.00007244193023537231
L48T16beta4.405ms0.021032m0.000760,492,3.271923495518446e-12,5.789577011462016e-6,0.00008651285819447405,0.00007245143284188678
L48T16beta4.405ms0.021032m0.000760,493,3.2719231951129175e-12,5.789576479902844e-6,0.00008651285025145797,0.00007245142618989414
L48T16beta4.405ms0.021032m0.000760,494,3.2715884732752046e-12,5.788984198983223e-6,0.00008650399987860534,0.00007244401431832105
L48T16beta4.405ms0.021032m0.000760,495,3.271785189993585e-12,5.789332283708329e-6,0.00008650920126109031,0.00007244837029061997
L48T16beta4.405ms0.021032m0.000760,496,3.2717189305236487e-12,5.789215039431542e-6,0.00008650744929588254,0.0000724469030822507
L48T16beta4.405ms0.021032m0.000760,497,3.2714822700740512e-12,5.7887962753924715e-6,0.00008650119176206662,0.00007244166262088482
L48T16beta4.405ms0.021032m0.000760,498,3.2712835419568235e-12,5.788444631553424e-6,0.00008649593719622836,0.00007243726210942456
L48T16beta4.405ms0.021032m0.000760,499,3.2718398653482905e-12,5.78942903021757e-6,0.00008651064693095845,0.00007244958098756779
L48T16beta4.405ms0.021032m0.000760,500,3.271930750051237e-12,5.789589848154662e-6,0.00008651305001141825,0.00007245159348173548
L48T16beta4.405ms0.021032m0.000760,501,3.2719466865129184e-12,5.789618047277387e-6,0.000086513471387056,0.00007245194636880171
L48T16beta4.405ms0.021032m0.000760,502,3.2719492916156872e-12,5.789622656933793e-6,0.00008651354026852182,0.00007245200405457234
L48T16beta4.405ms0.021032m0.000760,503,3.2717431964823403e-12,5.789257977366e-6,0.0000865080909115701,0.00007244744041250272
L48T16beta4.405ms0.021032m0.000760,504,3.2718293702924366e-12,5.789410459510098e-6,0.00008651036943141421,0.00007244934859159783
L48T16beta4.405ms0.021032m0.000760,505,3.2719219403924248e-12,5.789574259710065e-6,0.00008651281707542064,0.00007245139840614625
L48T16beta4.405ms0.021032m0.000760,506,3.271455279726529e-12,5.788748516728261e-6,0.00008650047811087306,0.00007244106496346601
L48T16beta4.405ms0.021032m0.000760,507,3.271421599658373e-12,5.788688920790701e-6,0.0000864995875769213,0.00007244031917304656
L48T16beta4.405ms0.021032m0.000760,508,3.2719444389506975e-12,5.789614070278969e-6,0.00008651341195931206,0.00007245189660018593
L48T16beta4.405ms0.021032m0.000760,509,3.2717120990573453e-12,5.789202951343199e-6,0.00008650726866523015,0.00007244675181052238
L48T16beta4.405ms0.021032m0.000760,510,3.2718058834584727e-12,5.789368900215031e-6,0.00008650974841654667,0.00007244882851379774
L48T16beta4.405ms0.021032m0.000760,511,3.271923303122853e-12,5.789576671023401e-6,0.00008651285310734635,0.00007245142858159879
L48T16beta4.405ms0.021032m0.000760,512,3.2719499654833363e-12,5.78962384932373e-6,0.00008651355808624172,0.0000724520189762772
L48T16beta4.405ms0.021032m0.000760,513,3.2719565440176607e-12,5.789635489856018e-6,0.00008651373202912513,0.00007245216464723755
L48T16beta4.405ms0.021032m0.000760,514,3.271647529987239e-12,5.78908869818158e-6,0.00008650556139584763,0.00007244532203331247
L48T16beta4.405ms0.021032m0.000760,515,3.2717718667741296e-12,5.789308708644553e-6,0.0000865088489821336,0.00007244807526955943
L48T16beta4.405ms0.021032m0.000760,516,3.2718354350086343e-12,5.789421190855598e-6,0.00008651052978844368,0.00007244948288489011
L48T16beta4.405ms0.021032m0.000760,517,3.271664091744524e-12,5.789118003747366e-6,0.00008650599930491287,0.00007244568876653448
L48T16beta4.405ms0.021032m0.000760,518,3.271946917395571e-12,5.789618455817776e-6,0.00008651347749181921,0.00007245195148132313
L48T16beta4.405ms0.021032m0.000760,519,3.271893999978338e-12,5.78952481992967e-6,0.00008651207830353766,0.0000724507797110461
L48T16beta4.405ms0.021032m0.000760,520,3.271971493037449e-12,5.789661941727961e-6,0.0000865141272958332,0.00007245249566900648
L48T16beta4.405ms0.021032m0.000760,521,3.2718879128422372e-12,5.789514048912779e-6,0.00008651191735370401,0.00007245064492130147
L48T16beta4.405ms0.021032m0.000760,522,3.2719479762529295e-12,5.789620329436224e-6,0.00008651350548904367,0.00007245197492799996
L48T16beta4.405ms0.021032m0.000760,523,3.271947872928145e-12,5.78962014660591e-6,0.00008651350275703528,0.0000724519726400404
L48T16beta4.405ms0.021032m0.000760,524,3.271649921915638e-12,5.7890929306319075e-6,0.00008650562464077454,0.00007244537499868282
L48T16beta4.405ms0.021032m0.000760,525,3.2717760957184677e-12,5.7893161916431485e-6,0.00008650896079955913,0.00007244816891266482
L48T16beta4.405ms0.021032m0.000760,526,3.271506334359492e-12,5.788838856471759e-6,0.00008650182804531614,0.0000724421954854102
L48T16beta4.405ms0.021032m0.000760,527,3.2717976240137342e-12,5.78935428535883e-6,0.00008650953002874745,0.00007244864562180574
L48T16beta4.405ms0.021032m0.000760,528,3.2718209166918648e-12,5.789395501100587e-6,0.0000865101459099448,0.00007244916140034017
L48T16beta4.405ms0.021032m0.000760,529,3.2719093698146826e-12,5.789552016424726e-6,0.00008651248469704716,0.00007245112005111433
L48T16beta4.405ms0.021032m0.000760,530,3.271640092230634e-12,5.789075537279524e-6,0.0000865053647342865,0.0000724451573362699
L48T16beta4.405ms0.021032m0.000760,531,3.27001704435775e-12,5.7862035995137964e-6,0.00008646244976067482,0.00007240921757663846
L48T16beta4.405ms0.021032m0.000760,532,3.271718162079477e-12,5.7892136796910965e-6,0.00008650742897746686,0.00007244688606630231
L48T16beta4.405ms0.021032m0.000760,533,3.271814435222222e-12,5.789384032321536e-6,0.00008650997453354652,0.00007244901787871957
L48T16beta4.405ms0.021032m0.000760,534,3.2719516497554124e-12,5.789626829596009e-6,0.00008651360262004316,0.0000724520562717474
L48T16beta4.405ms0.021032m0.000760,535,3.2719237998017976e-12,5.789577549882886e-6,0.00008651286624002355,0.0000724514395797475
L48T16beta4.405ms0.021032m0.000760,536,3.2716165650964305e-12,5.789033906674311e-6,0.00008650474265384123,0.00007244463636608647
L48T16beta4.405ms0.021032m0.000760,537,3.2718893088716483e-12,5.789516519147733e-6,0.0000865119542660874,0.0000724506758341059
L48T16beta4.405ms0.021032m0.000760,538,3.271833993133565e-12,5.7894186394980354e-6,0.00008651049166385623,0.00007244945095690802
L48T16beta4.405ms0.021032m0.000760,539,3.27190918819229e-12,5.7895516950489875e-6,0.0000865124798947734,0.00007245111602938136
L48T16beta4.405ms0.021032m0.000760,540,3.271855532638783e-12,5.789456753049413e-6,0.00008651106118944663,0.00007244992791427512
L48T16beta4.405ms0.021032m0.000760,541,3.2719162575425025e-12,5.789564204066247e-6,0.00008651266681530908,0.00007245127256866257
L48T16beta4.405ms0.021032m0.000760,542,3.2716030518504273e-12,5.789009995363879e-6,0.00008650438535039668,0.00007244433713719659
L48T16beta4.405ms0.021032m0.000760,543,3.271929385587038e-12,5.789587433773467e-6,0.00008651301393364996,0.00007245156326789141
L48T16beta4.405ms0.021032m0.000760,544,3.2716713338497532e-12,5.7891308184497905e-6,0.00008650619079326018,0.000072445849131195
L48T16beta4.405ms0.021032m0.000760,545,3.271696983555878e-12,5.789176204886587e-6,0.00008650686899658362,0.00007244641710228701
L48T16beta4.405ms0.021032m0.000760,546,3.2711692463617108e-12,5.788242388698149e-6,0.00008649291510887645,0.00007243473121906458
L48T16beta4.405ms0.021032m0.000760,547,3.271981432598508e-12,5.789679529502947e-6,0.00008651439010755161,0.00007245271576444621
L48T16beta4.405ms0.021032m0.000760,548,3.2717575839192846e-12,5.789283435532824e-6,0.00008650847132947835,0.00007244775899893146
L48T16beta4.405ms0.021032m0.000760,549,3.2718945905588258e-12,5.789525864945307e-6,0.00008651209391906351,0.000072450792788492
L48T16beta4.405ms0.021032m0.000760,550,3.271848335095428e-12,5.789444017197977e-6,0.00008651087087935884,0.00007244976853636492
L48T16beta4.405ms0.021032m0.000760,551,3.2717022915540166e-12,5.789185597240669e-6,0.0000865070093452473,0.00007244653463928664
L48T16beta4.405ms0.021032m0.000760,552,3.271851765750918e-12,5.789450087646808e-6,0.00008651096158924627,0.00007244984450266003
L48T16beta4.405ms0.021032m0.000760,553,3.2719010544790045e-12,5.789537302671073e-6,0.0000865122648314368,0.00007245093592150822
L48T16beta4.405ms0.021032m0.000760,554,3.2719509782832783e-12,5.789625641444869e-6,0.00008651358486566302,0.00007245204140308733
L48T16beta4.405ms0.021032m0.000760,555,3.2713754609134683e-12,5.788607279573477e-6,0.00008649836762336777,0.00007243929750546098
L48T16beta4.405ms0.021032m0.000760,556,3.271750620832002e-12,5.7892711145448444e-6,0.00008650828721863851,0.00007244760481267029
L48T16beta4.405ms0.021032m0.000760,557,3.2719220320969762e-12,5.789574421978701e-6,0.0000865128195001787,0.00007245140043679463
L48T16beta4.405ms0.021032m0.000760,558,3.271663149936531e-12,5.789116337244493e-6,0.00008650597440258814,0.00007244566791172578
L48T16beta4.405ms0.021032m0.000760,559,3.2704434947152783e-12,5.786958191480833e-6,0.0000864737255253308,0.00007241866062733362
L48T16beta4.405ms0.021032m0.000760,560,3.271897973515773e-12,5.789531850992902e-6,0.0000865121833677548,0.00007245086769858034
L48T16beta4.405ms0.021032m0.000760,561,3.271480737262054e-12,5.788793563124561e-6,0.00008650115123301785,0.00007244162867925214
L48T16beta4.405ms0.021032m0.000760,562,3.2718557742416965e-12,5.789457180559003e-6,0.00008651106757766402,0.00007244993326417931
L48T16beta4.405ms0.021032m0.000760,563,3.2717470984984305e-12,5.789264881874215e-6,0.00008650819408469293,0.00007244752681631294
L48T16beta4.405ms0.021032m0.000760,564,3.2712030388602555e-12,5.788302183578134e-6,0.00008649380861559768,0.00007243547949907241
L48T16beta4.405ms0.021032m0.000760,565,3.2706971194348643e-12,5.787406973320648e-6,0.00008648043161104161,0.00007242427673491172
L48T16beta4.405ms0.021032m0.000760,566,3.2714264027454656e-12,5.7886974197188246e-6,0.00008649971457524296,0.00007244042552961096
L48T16beta4.405ms0.021032m0.000760,567,3.271285675090187e-12,5.788448406073184e-6,0.00008649599359836136,0.0000724373093441991
L48T16beta4.405ms0.021032m0.000760,568,3.271444369981873e-12,5.788729212240565e-6,0.00008650018964655119,0.0000724408233848859
L48T16beta4.405ms0.021032m0.000760,569,3.271156465547744e-12,5.788219773405698e-6,0.00008649257717165151,0.00007243444820869283
L48T16beta4.405ms0.021032m0.000760,570,3.2716179928631073e-12,5.789036433067468e-6,0.00008650478040538896,0.0000724446679816611
L48T16beta4.405ms0.021032m0.000760,571,3.2713383330506402e-12,5.7885415828597825e-6,0.00008649738592635184,0.00007243847536922707
L48T16beta4.405ms0.021032m0.000760,572,3.2559595483193103e-12,5.761329253883667e-6,0.00008609075581275437,0.0000720979371535023
L48T16beta4.405ms0.021032m0.000760,573,3.271876789089413e-12,5.789494365743622e-6,0.0000865116232307968,0.00007245039860385798
L48T16beta4.405ms0.021032m0.000760,574,3.2718821558504623e-12,5.789503862077029e-6,0.00008651176513320933,0.00007245051744206684
L48T16beta4.405ms0.021032m0.000760,575,3.2718438233347296e-12,5.789436033763751e-6,0.00008651075158399206,0.00007244966863075048
L48T16beta4.405ms0.021032m0.000760,576,3.271828924435469e-12,5.789409670578678e-6,0.00008651035764251979,0.00007244933871881927
L48T16beta4.405ms0.021032m0.000760,577,3.2719440012728918e-12,5.789613295820346e-6,0.00008651340038668269,0.00007245188690852163
L48T16beta4.405ms0.021032m0.000760,578,3.271906290280819e-12,5.7895465672757815e-6,0.00008651240327115905,0.00007245105185983748
L48T16beta4.405ms0.021032m0.000760,579,3.271881094796112e-12,5.789501984571066e-6,0.00008651173707789427,0.00007245049394674121
L48T16beta4.405ms0.021032m0.000760,580,3.2718514228084533e-12,5.7894494808197194e-6,0.00008651095252151199,0.00007244983690875603
L48T16beta4.405ms0.021032m0.000760,581,3.2718758076958646e-12,5.789492629195217e-6,0.00008651159728179127,0.00007245037687249145
L48T16beta4.405ms0.021032m0.000760,582,3.271888272791535e-12,5.789514685832983e-6,0.0000865119268711156,0.00007245065289179419
L48T16beta4.405ms0.021032m0.000760,583,3.2719700527638013e-12,5.789659393204069e-6,0.0000865140892135889,0.00007245246377648526
L48T16beta4.405ms0.021032m0.000760,584,3.2719570092902117e-12,5.7896363131427694e-6,0.00008651374433138658,0.0000724521749499427
L48T16beta4.405ms0.021032m0.000760,585,3.271917989949873e-12,5.789567269512581e-6,0.00008651271262185478,0.00007245131093001069
L48T16beta4.405ms0.021032m0.000760,586,3.2709619053884822e-12,5.787875504651568e-6,0.00008648743281069943,0.00007243013998989378
L48T16beta4.405ms0.021032m0.000760,587,3.2719298515345684e-12,5.789588258254576e-6,0.00008651302625375852,0.00007245157358554287
L48T16beta4.405ms0.021032m0.000760,588,3.271713645011588e-12,5.789205686865945e-6,0.00008650730954177275,0.00007244678604316875
L48T16beta4.405ms0.021032m0.000760,589,3.2719409699669667e-12,5.7896079320093885e-6,0.00008651332023598846,0.00007245181978517417
L48T16beta4.405ms0.021032m0.000760,590,3.2719505231089483e-12,5.789624836026637e-6,0.00008651357283040844,0.0000724520313239909
L48T16beta4.405ms0.021032m0.000760,591,3.271949135523397e-12,5.789622380732856e-6,0.00008651353614128896,0.00007245200059816204
L48T16beta4.405ms0.021032m0.000760,592,3.271797157682392e-12,5.789353460198578e-6,0.00008650951769849054,0.0000724486352956554
L48T16beta4.405ms0.021032m0.000760,593,3.2719503828985258e-12,5.78962458792822e-6,0.00008651356912310768,0.00007245202821925876
L48T16beta4.405ms0.021032m0.000760,594,3.271879982813906e-12,5.789500016949688e-6,0.00008651170767599686,0.00007245046932370089
L48T16beta4.405ms0.021032m0.000760,595,3.27192084987721e-12,5.789572330073926e-6,0.00008651278824113149,0.0000724513742584576
L48T16beta4.405ms0.021032m0.000760,596,3.2717679970379357e-12,5.78930186125471e-6,0.0000865087466625228,0.00007244798958053512
L48T16beta4.405ms0.021032m0.000760,597,3.27171668932741e-12,5.7892110736975505e-6,0.00008650739003646137,0.00007244685345459923
L48T16beta4.405ms0.021032m0.000760,598,3.2719496496326912e-12,5.789623290434857e-6,0.00008651354973484166,0.00007245201198227755
L48T16beta4.405ms0.021032m0.000760,599,3.2719611907080605e-12,5.789643712044573e-6,0.00008651385489216524,0.00007245226754065115
L48T16beta4.405ms0.021032m0.000760,600,3.2719500570025993e-12,5.789624011264503e-6,0.00008651356050610058,0.00007245202100282268
L48T16beta4.405ms0.021032m0.000760,601,3.2717685258776623e-12,5.789302797021799e-6,0.00008650876064556255,0.00007244800129083213
L48T16beta4.405ms0.021032m0.000760,602,3.2718916887430625e-12,5.789520730263564e-6,0.00008651201719221585,0.00007245072853249391
L48T16beta4.405ms0.021032m0.000760,603,3.271481502648966e-12,5.788794917455271e-6,0.00008650117147059658,0.00007244164562750245
L48T16beta4.405ms0.021032m0.000760,604,3.2718985528201344e-12,5.789532876055749e-6,0.00008651219868512887,0.00007245088052633475
L48T16beta4.405ms0.021032m0.000760,605,3.2719209122532455e-12,5.789572440446575e-6,0.00008651278989041489,0.00007245137563967362
L48T16beta4.405ms0.021032m0.000760,606,3.271508591636122e-12,5.788842850659552e-6,0.00008650188772991856,0.00007244224546913579
L48T16beta4.405ms0.021032m0.000760,607,3.2713078785104173e-12,5.788487694403585e-6,0.0000864965806785142,0.00007243780100288607
L48T16beta4.405ms0.021032m0.000760,608,3.2714217433628066e-12,5.788689175071672e-6,0.00008649959137660711,0.0000724403223551479
L48T16beta4.405ms0.021032m0.000760,609,3.2719400814691097e-12,5.7896063598373085e-6,0.00008651329674323589,0.00007245180011083188
L48T16beta4.405ms0.021032m0.000760,610,3.2710903575378866e-12,5.788102797133279e-6,0.00008649082921119639,0.00007243298435416108
L48T16beta4.405ms0.021032m0.000760,611,3.2714913691269637e-12,5.788812375911827e-6,0.00008650143234992738,0.00007244186410463648
L48T16beta4.405ms0.021032m0.000760,612,3.2717731681608438e-12,5.7893110114119045e-6,0.00008650888339207148,0.00007244810408665502
L48T16beta4.405ms0.021032m0.000760,613,3.2719550914090957e-12,5.7896329195058355e-6,0.00008651369362073358,0.00007245213248157965
L48T16beta4.405ms0.021032m0.000760,614,3.2715855799430056e-12,5.78897907931291e-6,0.00008650392337607141,0.00007244395025017772
L48T16beta4.405ms0.021032m0.000760,615,3.271825783849059e-12,5.789404113398962e-6,0.00008651027460234262,0.00007244926917563291
L48T16beta4.405ms0.021032m0.000760,616,3.2713046585808428e-12,5.788481996828361e-6,0.00008649649554042614,0.00007243772970277418
L48T16beta4.405ms0.021032m0.000760,617,3.2717402097912287e-12,5.789252692499705e-6,0.00008650801194053518,0.00007244737427707787
L48T16beta4.405ms0.021032m0.000760,618,3.2713093281808367e-12,5.7884902595548016e-6,0.00008649661900921832,0.00007243783310348352
L48T16beta4.405ms0.021032m0.000760,619,3.2716130650107086e-12,5.789027713370629e-6,0.00008650465010815054,0.0000724445588623716
L48T16beta4.405ms0.021032m0.000760,620,3.2714143847111377e-12,5.788676154143586e-6,0.0000864993968066579,0.0000724401594097557
L48T16beta4.405ms0.021032m0.000760,621,3.271894312123214e-12,5.789525372261288e-6,0.00008651208655695355,0.00007245078662298752
L48T16beta4.405ms0.021032m0.000760,622,3.271960409148113e-12,5.78964232909613e-6,0.00008651383422695561,0.0000724522502342752
L48T16beta4.405ms0.021032m0.000760,623,3.2713777603432223e-12,5.788611348350042e-6,0.00008649842842254004,0.00007243934842259906
L48T16beta4.405ms0.021032m0.000760,624,3.2717974564467945e-12,5.789353988853822e-6,0.00008650952559811362,0.00007244864191130796
L48T16beta4.405ms0.021032m0.000760,625,3.2716415702369523e-12,5.7890781525703205e-6,0.00008650540381421952,0.00007244519006431982
L48T16beta4.405ms0.021032m0.000760,626,3.271898256583596e-12,5.789532351873489e-6,0.00008651219085234497,0.00007245087396665763
L48T16beta4.405ms0.021032m0.000760,627,3.271954049743859e-12,5.789631076308366e-6,0.00008651366607808563,0.00007245210941559444
L48T16beta4.405ms0.021032m0.000760,628,3.2719392035856343e-12,5.7896048064470795e-6,0.00008651327353113796,0.00007245178067152783
L48T16beta4.405ms0.021032m0.000760,629,3.27193600763768e-12,5.789599151306661e-6,0.00008651318902714739,0.00007245170990244996
L48T16beta4.405ms0.021032m0.000760,630,3.2716192141522683e-12,5.7890385941044425e-6,0.00008650481269746917,0.00007244469502512643
L48T16beta4.405ms0.021032m0.000760,631,3.2718926024666195e-12,5.789522347071814e-6,0.00008651204135196061,0.00007245074876541837
L48T16beta4.405ms0.021032m0.000760,632,3.2717513858351024e-12,5.78927246819641e-6,0.0000865083074460689,0.00007244762175242173
L48T16beta4.405ms0.021032m0.000760,633,3.271906572263381e-12,5.78954706623603e-6,0.00008651241072705385,0.00007245105810388343
L48T16beta4.405ms0.021032m0.000760,634,3.271948190552265e-12,5.789620708632898e-6,0.00008651351115532776,0.00007245197967331078
L48T16beta4.405ms0.021032m0.000760,635,3.2719298945214904e-12,5.789588334318731e-6,0.00008651302739037479,0.00007245157453741846
L48T16beta4.405ms0.021032m0.000760,636,3.2717555107929113e-12,5.789279767193754e-6,0.00008650841651398887,0.00007244771309291427
L48T16beta4.405ms0.021032m0.000760,637,3.271905172184094e-12,5.789544588834933e-6,0.00008651237370758777,0.00007245102710140107
L48T16beta4.405ms0.021032m0.000760,638,3.27119587977749e-12,5.788289515781635e-6,0.00008649361932244553,0.00007243532097280952
L48T16beta4.405ms0.021032m0.000760,639,3.2718162546092882e-12,5.7893872516760064e-6,0.0000865100226399205,0.00007244905816609183
L48T16beta4.405ms0.021032m0.000760,640,3.2702778813246537e-12,5.786665143223298e-6,0.00008646934654526056,0.00007241499338772213
L48T16beta4.405ms0.021032m0.000760,641,3.2718951481844378e-12,5.7895268516482135e-6,0.00008651210866323023,0.0000724508051362057
L48T16beta4.405ms0.021032m0.000760,642,3.2711561357342902e-12,5.788219189810026e-6,0.00008649256845106112,0.00007243444090550945
L48T16beta4.405ms0.021032m0.000760,643,3.27164545576237e-12,5.789085027898752e-6,0.00008650550655131283,0.00007244527610297086
L48T16beta4.405ms0.021032m0.000760,644,3.2719558385980343e-12,5.789634241635741e-6,0.00008651371337714009,0.0000724521490268654
L48T16beta4.405ms0.021032m0.000760,645,3.271952440765071e-12,5.789628229265452e-6,0.00008651362353511238,0.00007245207378737183
L48T16beta4.405ms0.021032m0.000760,646,3.2719019615983515e-12,5.789538907793358e-6,0.0000865122888165598,0.00007245095600819318
L48T16beta4.405ms0.021032m0.000760,647,3.2717467540736583e-12,5.789264272424224e-6,0.000086508184977765,0.00007244751918958563
L48T16beta4.405ms0.021032m0.000760,648,3.2718498607473496e-12,5.789446716796334e-6,0.00008651091121908823,0.00007244980231944937
L48T16beta4.405ms0.021032m0.000760,649,3.271935435877206e-12,5.789598139592511e-6,0.00008651317390924108,0.00007245169724174268
L48T16beta4.405ms0.021032m0.000760,650,3.2719355046192234e-12,5.7895982612295865e-6,0.00008651317572684729,0.00007245169876392305
L48T16beta4.405ms0.021032m0.000760,651,3.271956235830017e-12,5.7896349445266115e-6,0.00008651372388034232,0.00007245215782292262
L48T16beta4.405ms0.021032m0.000760,652,3.271938757569848e-12,5.789604017234634e-6,0.00008651326173804422,0.00007245177079523248
L48T16beta4.405ms0.021032m0.000760,653,3.271912465799514e-12,5.789557494683198e-6,0.00008651256655791495,0.00007245118860667115
L48T16beta4.405ms0.021032m0.000760,654,3.271957785688552e-12,5.789637686957894e-6,0.00008651376486011825,0.00007245219214202322
L48T16beta4.405ms0.021032m0.000760,655,3.2719500690992886e-12,5.789624032669256e-6,0.00008651356082594888,0.00007245202127068422
L48T16beta4.405ms0.021032m0.000760,656,3.2719293602951636e-12,5.789587389020204e-6,0.00008651301326490807,0.00007245156270784393
L48T16beta4.405ms0.021032m0.000760,657,3.2715659174760334e-12,5.788944287128152e-6,0.00008650340348120858,0.00007244351485677463
L48T16beta4.405ms0.021032m0.000760,658,3.2719648497580437e-12,5.789650186631065e-6,0.0000865139516410265,0.00007245234856437143
L48T16beta4.405ms0.021032m0.000760,659,3.27143405979096e-12,5.788710968646429e-6,0.00008649991703501684,0.00007244059508244987
L48T16beta4.405ms0.021032m0.000760,660,3.2708627075336145e-12,5.78769997682492e-6,0.00008648480992236993,0.00007242794341447571
L48T16beta4.405ms0.021032m0.000760,661,3.271437776492123e-12,5.78871754524507e-6,0.0000865000153082317,0.00007244067738276193
L48T16beta4.405ms0.021032m0.000760,662,3.271588598477262e-12,5.788984420524758e-6,0.00008650400318907023,0.00007244401709071731
L48T16beta4.405ms0.021032m0.000760,663,3.2716320525380056e-12,5.78906131126853e-6,0.00008650515215694805,0.00007244497931033154
L48T16beta4.405ms0.021032m0.000760,664,3.2719558820746473e-12,5.78963431856639e-6,0.00008651371452670427,0.0000724521499895844
L48T16beta4.405ms0.021032m0.000760,665,3.27181485401384e-12,5.789384773361578e-6,0.00008650998560680663,0.00007244902715217993
L48T16beta4.405ms0.021032m0.000760,666,3.2717661028737422e-12,5.7892985095842064e-6,0.00008650869657896844,0.0000724479476373448
L48T16beta4.405ms0.021032m0.000760,667,3.2719435900913355e-12,5.7896125682460955e-6,0.00008651338951464007,0.00007245187780357374
L48T16beta4.405ms0.021032m0.000760,668,3.2717046879293384e-12,5.789189837559702e-6,0.00008650707270775521,0.00007244658770312688
L48T16beta4.405ms0.021032m0.000760,669,3.2719545838907766e-12,5.78963202146638e-6,0.0000865136802014527,0.00007245212124341058
L48T16beta4.405ms0.021032m0.000760,670,3.2718619130997468e-12,5.789468043096435e-6,0.00008651122989507661,0.00007245006919922252
L48T16beta4.405ms0.021032m0.000760,671,3.271547617580671e-12,5.788911905975705e-6,0.00008650291961407211,0.00007244310963530729
L48T16beta4.405ms0.021032m0.000760,672,3.271732003921324e-12,5.789238172442673e-6,0.00008650779496930698,0.00007244719257141356
L48T16beta4.405ms0.021032m0.000760,673,3.2718903803815615e-12,5.789518415154522e-6,0.00008651198259785776,0.00007245069956095299
L48T16beta4.405ms0.021032m0.000760,674,3.271922928906344e-12,5.789576008857766e-6,0.00008651284321269574,0.00007245142029518184
L48T16beta4.405ms0.021032m0.000760,675,3.2719118743852285e-12,5.789556448192179e-6,0.00008651255092034264,0.00007245117551076213
L48T16beta4.405ms0.021032m0.000760,676,3.2719553488409373e-12,5.789633375024271e-6,0.00008651370042748331,0.00007245213818198975
L48T16beta4.405ms0.021032m0.000760,677,3.2719314666278754e-12,5.78959111611696e-6,0.00008651306895840563,0.00007245160934916157
L48T16beta4.405ms0.021032m0.000760,678,3.27195649188543e-12,5.789635397609495e-6,0.00008651373065069795,0.00007245216349285396
L48T16beta4.405ms0.021032m0.000760,679,3.271927928160973e-12,5.7895848548988535e-6,0.00008651297539787899,0.00007245153099555779
L48T16beta4.405ms0.021032m0.000760,680,3.271520043746562e-12,5.788863114848317e-6,0.00008650219053492237,0.00007244249905752548
L48T16beta4.405ms0.021032m0.000760,681,3.2712535700003874e-12,5.788391597015725e-6,0.00008649514470837817,0.0000724365984291179
L48T16beta4.405ms0.021032m0.000760,682,3.2719670342560147e-12,5.789654052039059e-6,0.00008651400940128999,0.00007245239693653181
L48T16beta4.405ms0.021032m0.000760,683,3.271636629758469e-12,5.789069410531977e-6,0.00008650527318313508,0.0000724450806654462
L48T16beta4.405ms0.021032m0.000760,684,3.271956076561353e-12,5.78963466270517e-6,0.00008651371966912304,0.00007245215429617668
L48T16beta4.405ms0.021032m0.000760,685,3.2700963251063657e-12,5.786343884578611e-6,0.0000864645460212298,0.00007241097312008006
L48T16beta4.405ms0.021032m0.000760,686,3.2719581059464155e-12,5.789638253645216e-6,0.00008651377332804947,0.00007245219923361357
L48T16beta4.405ms0.021032m0.000760,687,3.271888659753243e-12,5.789515370550891e-6,0.00008651193710276172,0.00007245066146043285
L48T16beta4.405ms0.021032m0.000760,688,3.2718921934952897e-12,5.789521623408497e-6,0.00008651203053835855,0.00007245073970941236
L48T16beta4.405ms0.021032m0.000760,689,3.2714463706604595e-12,5.788732752385305e-6,0.0000865002425464503,0.00007244086768666448
L48T16beta4.405ms0.021032m0.000760,690,3.2719483191159847e-12,5.7896209361228e-6,0.00008651351455467827,0.00007245198252014558
L48T16beta4.405ms0.021032m0.000760,691,3.27182802597174e-12,5.789408080772267e-6,0.00008651033388625981,0.00007244931882379892
L48T16beta4.405ms0.021032m0.000760,692,3.271754773900717e-12,5.789278463283649e-6,0.00008650839702983835,0.00007244769677563321
L48T16beta4.405ms0.021032m0.000760,693,3.271922132298327e-12,5.789574599282185e-6,0.00008651282214960043,0.00007245140265559084
L48T16beta4.405ms0.021032m0.000760,694,3.2718967675129096e-12,5.789529717004603e-6,0.00008651215147985924,0.00007245084099360524
L48T16beta4.405ms0.021032m0.000760,695,3.271912281093392e-12,5.789557167850887e-6,0.00008651256167410438,0.00007245118451665399
L48T16beta4.405ms0.021032m0.000760,696,3.271952238059499e-12,5.789627870583618e-6,0.00008651361817537875,0.0000724520692987861
L48T16beta4.405ms0.021032m0.000760,697,3.2718746097398143e-12,5.789490509445529e-6,0.00008651156560666132,0.00007245035034569996
L48T16beta4.405ms0.021032m0.000760,698,3.2718796364833096e-12,5.789499404127395e-6,0.00008651169851867708,0.00007245046165477222
L48T16beta4.405ms0.021032m0.000760,699,3.2719257457011752e-12,5.78958099309735e-6,0.0000865129176915068,0.00007245148266852945
L48T16beta4.405ms0.021032m0.000760,700,3.2715493476984052e-12,5.7889149673705925e-6,0.00008650296536007761,0.00007244314794595514
L48T16beta4.405ms0.021032m0.000760,701,3.271736071122074e-12,5.7892453692405185e-6,0.0000865079025100738,0.00007244728263296982
L48T16beta4.405ms0.021032m0.000760,702,3.2719485859843026e-12,5.789621408338816e-6,0.00008651352161093769,0.00007245198842951115
L48T16beta4.405ms0.021032m0.000760,703,3.271913070779562e-12,5.789558565178453e-6,0.00008651258255417928,0.00007245120200297194
L48T16beta4.405ms0.021032m0.000760,704,3.2719536750905986e-12,5.789630413369912e-6,0.0000865136561718869,0.00007245210111950635
L48T16beta4.405ms0.021032m0.000760,705,3.2719452110874034e-12,5.78961543655325e-6,0.00008651343237536196,0.00007245191369789949
L48T16beta4.405ms0.021032m0.000760,706,3.271947545258743e-12,5.789619566804079e-6,0.00008651349409313574,0.00007245196538433356
L48T16beta4.405ms0.021032m0.000760,707,3.271899171140951e-12,5.789533970157121e-6,0.00008651221503413616,0.00007245089421804519
L48T16beta4.405ms0.021032m0.000760,708,3.2719104171312172e-12,5.789553869622009e-6,0.00008651251238912093,0.00007245114324223834
L48T16beta4.405ms0.021032m0.000760,709,3.271908927094384e-12,5.789551233043554e-6,0.00008651247299108933,0.0000724511102477922
L48T16beta4.405ms0.021032m0.000760,710,3.2719076462746885e-12,5.789548966668966e-6,0.00008651243912496354,0.00007245108188611985
L48T16beta4.405ms0.021032m0.000760,711,3.271782062827353e-12,5.789326750275242e-6,0.00008650911857575578,0.00007244830104460166
L48T16beta4.405ms0.021032m0.000760,712,3.268521989542413e-12,5.7835581418795926e-6,0.00008642291904872224,0.0000723761120154306
L48T16beta4.405ms0.021032m0.000760,713,3.271109173633656e-12,5.788136091687893e-6,0.0000864913267271766,0.00007243340100604821
L48T16beta4.405ms0.021032m0.000760,714,3.271780098002083e-12,5.789323273571942e-6,0.00008650906662385341,0.00007244825753673655
L48T16beta4.405ms0.021032m0.000760,715,3.2719578633508854e-12,5.789637824379218e-6,0.00008651376691358632,0.00007245219386172948
L48T16beta4.405ms0.021032m0.000760,716,3.2716844484741105e-12,5.789154024410381e-6,0.00008650653755675841,0.00007244613953325579
L48T16beta4.405ms0.021032m0.000760,717,3.271947603412849e-12,5.7896196697061406e-6,0.00008651349563078717,0.00007245196667206179
L48T16beta4.405ms0.021032m0.000760,718,3.2718510064917597e-12,5.789448744158987e-6,0.00008651094151369133,0.00007244982769009887
L48T16beta4.405ms0.021032m0.000760,719,3.2719533695499327e-12,5.7896298727242584e-6,0.00008651364809309279,0.00007245209435380445
L48T16beta4.405ms0.021032m0.000760,720,3.271411389390878e-12,5.788670854008256e-6,0.00008649931760745988,0.00007244009308325239
L48T16beta4.405ms0.021032m0.000760,721,3.2718950557652023e-12,5.789526688114964e-6,0.00008651210621957522,0.0000724508030897318
L48T16beta4.405ms0.021032m0.000760,722,3.2719565078731767e-12,5.789635425899366e-6,0.00008651373107342962,0.00007245216384687665
L48T16beta4.405ms0.021032m0.000760,723,3.271944674637615e-12,5.78961448732037e-6,0.00008651341819110473,0.00007245190181909
L48T16beta4.405ms0.021032m0.000760,724,3.2717160975028426e-12,5.78921002648055e-6,0.00008650737438804084,0.00007244684034960521
L48T16beta4.405ms0.021032m0.000760,725,3.271785291955176e-12,5.789332464126509e-6,0.00008650920395705453,0.00007244837254839384
L48T16beta4.405ms0.021032m0.000760,726,3.271950272757773e-12,5.789624393037242e-6,0.00008651356621087844,0.00007245202578037065
L48T16beta4.405ms0.021032m0.000760,727,3.271959047966167e-12,5.789639920522789e-6,0.0000865137982359733,0.0000724522200931113
L48T16beta4.405ms0.021032m0.000760,728,3.2713172927522304e-12,5.788504352640875e-6,0.00008649682960027783,0.00007243800946598412
L48T16beta4.405ms0.021032m0.000760,729,3.271468675036429e-12,5.78877221935406e-6,0.00008650083229597166,0.00007244136158085237
L48T16beta4.405ms0.021032m0.000760,730,3.2711941965377353e-12,5.7882865373360196e-6,0.00008649357481593967,0.0000724352837001984
L48T16beta4.405ms0.021032m0.000760,731,3.271473891687358e-12,5.788781450071813e-6,0.00008650097022932576,0.00007244147709511638
L48T16beta4.405ms0.021032m0.000760,732,3.2719623372862686e-12,5.789645740882608e-6,0.00008651388520881477,0.00007245229292976374
L48T16beta4.405ms0.021032m0.000760,733,3.2671984263145963e-12,5.781216133807741e-6,0.00008638792274211655,0.00007234680385695945
L48T16beta4.405ms0.021032m0.000760,734,3.271849185966493e-12,5.7894455227905026e-6,0.00008651089337722224,0.00007244978737752301
L48T16beta4.405ms0.021032m0.000760,735,3.2718690881305545e-12,5.7894807391125486e-6,0.00008651141960991062,0.00007245022807862893
L48T16beta4.405ms0.021032m0.000760,736,3.2717577829190876e-12,5.789283787657404e-6,0.00008650847659122783,0.00007244776340545896
L48T16beta4.405ms0.021032m0.000760,737,3.2718470025405483e-12,5.789441659279429e-6,0.00008651083564530418,0.00007244973902910093
L48T16beta4.405ms0.021032m0.000760,738,3.270699032776413e-12,5.787410358924945e-6,0.000086480482201664,0.00007242431910275341
L48T16beta4.405ms0.021032m0.000760,739,3.2711427513961138e-12,5.788195506598384e-6,0.00008649221455606563,0.0000724341445310741
L48T16beta4.405ms0.021032m0.000760,740,3.2714922970515575e-12,5.7888140178484135e-6,0.00008650145688516144,0.00007244188465201983
L48T16beta4.405ms0.021032m0.000760,741,3.2719622564872664e-12,5.789645597911036e-6,0.00008651388307241011,0.00007245229114060104
L48T16beta4.405ms0.021032m0.000760,742,3.2717913971436667e-12,5.789343267086598e-6,0.00008650936538421103,0.00007244850773787932
L48T16beta4.405ms0.021032m0.000760,743,3.2717274808977348e-12,5.7892301690790765e-6,0.00008650767537613833,0.00007244709241640068
L48T16beta4.405ms0.021032m0.000760,744,3.271666134893872e-12,5.789121619042929e-6,0.00008650605332778047,0.0000724457340087591
L48T16beta4.405ms0.021032m0.000760,745,3.2718867315224434e-12,5.789511958600481e-6,0.00008651188611845295,0.00007245061876289285
L48T16beta4.405ms0.021032m0.000760,746,3.2718924949463747e-12,5.7895221568177516e-6,0.00008651203850902014,0.00007245074638455713
L48T16beta4.405ms0.021032m0.000760,747,3.271934476255051e-12,5.789596441567978e-6,0.0000865131485358925,0.00007245167599246832
L48T16beta4.405ms0.021032m0.000760,748,3.2719587385212084e-12,5.7896393729686e-6,0.00008651379005394585,0.00007245221324095517
L48T16beta4.405ms0.021032m0.000760,749,3.2719317883680465e-12,5.789591685427184e-6,0.0000865130774655305,0.00007245161647357519
L48T16beta4.405ms0.021032m0.000760,750,3.271685830659827e-12,5.789156470149305e-6,0.00008650657410310097,0.00007244617013951408
L48T16beta4.405ms0.021032m0.000760,751,3.2718999840278825e-12,5.789535408537785e-6,0.00008651223652766189,0.00007245091221810632
L48T16beta4.405ms0.021032m0.000760,752,3.2719302825684594e-12,5.789589020956977e-6,0.00008651303765071627,0.00007245158313008847
L48T16beta4.405ms0.021032m0.000760,753,3.2716953584834642e-12,5.789173329366452e-6,0.00008650682602807916,0.0000724463811176972
L48T16beta4.405ms0.021032m0.000760,754,3.271712015386372e-12,5.789202803289754e-6,0.00008650726645288775,0.00007244674995776453
L48T16beta4.405ms0.021032m0.000760,755,3.2719523452621063e-12,5.78962806027563e-6,0.00008651362100992057,0.00007245207167261377
L48T16beta4.405ms0.021032m0.000760,756,3.27183669956265e-12,5.789423428448522e-6,0.00008651056322448899,0.0000724495108863854
L48T16beta4.405ms0.021032m0.000760,757,3.2718729338189537e-12,5.789487543950492e-6,0.00008651152129367417,0.00007245031323515386
L48T16beta4.405ms0.021032m0.000760,758,3.267736978941595e-12,5.782169087601742e-6,0.0000864021626004487,0.00007235872923037978
L48T16beta4.405ms0.021032m0.000760,759,3.271873713962768e-12,5.789488924393127e-6,0.00008651154192143985,0.00007245033051017183
L48T16beta4.405ms0.021032m0.000760,760,3.2719282428998875e-12,5.78958541182055e-6,0.00008651298371988379,0.00007245153796493997
L48T16beta4.405ms0.021032m0.000760,761,3.2719522542325343e-12,5.789627899201351e-6,0.00008651361860300963,0.00007245206965691171
L48T16beta4.405ms0.021032m0.000760,762,3.271452854300624e-12,5.788744225005034e-6,0.00008650041398023932,0.00007244101125634778
L48T16beta4.405ms0.021032m0.000760,763,3.2719267577334936e-12,5.7895827838602e-6,0.00008651294445063138,0.0000724515050783418
L48T16beta4.405ms0.021032m0.000760,764,3.271874879996264e-12,5.789490987656749e-6,0.00008651157275250624,0.00007245035633009019
L48T16beta4.405ms0.021032m0.000760,765,3.2556763971826185e-12,5.760828225875522e-6,0.00008608326901968914,0.00007209166723136255
L48T16beta4.405ms0.021032m0.000760,766,3.271947478740187e-12,5.789619449101356e-6,0.00008651349233432003,0.00007245196391138814
L48T16beta4.405ms0.021032m0.000760,767,3.2241925591452003e-12,5.705118456015776e-6,0.0000852508055408579,0.00007139450876164368
L48T16beta4.405ms0.021032m0.000760,768,3.270636255908909e-12,5.787299277015649e-6,0.00008647882231987163,0.00007242292901095995
L48T16beta4.405ms0.021032m0.000760,769,3.2702816629429514e-12,5.78667183469099e-6,0.00008646944653494796,0.0000724150771255187
L48T16beta4.405ms0.021032m0.000760,770,3.2718550081401003e-12,5.78945582496368e-6,0.00008651104732118834,0.00007244991630010347
L48T16beta4.405ms0.021032m0.000760,771,3.263766254344506e-12,5.7751430016074815e-6,0.00008629717275748085,0.00007227080398186047
L48T16beta4.405ms0.021032m0.000760,772,3.271953004425793e-12,5.7896292266473165e-6,0.00008651363843885331,0.00007245208626872325
L48T16beta4.405ms0.021032m0.000760,773,3.2719379076913995e-12,5.789602513398516e-6,0.00008651323926642658,0.00007245175197605426
L48T16beta4.405ms0.021032m0.000760,774,3.2719404275879478e-12,5.789606972284901e-6,0.00008651330589495657,0.00007245180777507151
L48T16beta4.405ms0.021032m0.000760,775,3.2718217771052856e-12,5.789397023578044e-6,0.0000865101686601174,0.00007244918045279822
L48T16beta4.405ms0.021032m0.000760,776,3.2719580264709022e-12,5.78963811301552e-6,0.00008651377122663915,0.00007245219747375737
L48T16beta4.405ms0.021032m0.000760,777,3.271898879298396e-12,5.789533453749891e-6,0.00008651220731753349,0.0000724508877556657
L48T16beta4.405ms0.021032m0.000760,778,3.2719018298317886e-12,5.789538674636115e-6,0.00008651228533252295,0.0000724509530904366
L48T16beta4.405ms0.021032m0.000760,779,3.2719429511770303e-12,5.789611437705122e-6,0.00008651337262112078,0.00007245186365585392
L48T16beta4.405ms0.021032m0.000760,780,3.2714866637795324e-12,5.788804049931297e-6,0.00008650130793593797,0.00007244175991235817
L48T16beta4.405ms0.021032m0.000760,781,3.2718158773487544e-12,5.789386584124055e-6,0.00008651001266478289,0.00007244904981226989
L48T16beta4.405ms0.021032m0.000760,782,3.2717647567928053e-12,5.789296127731679e-6,0.00008650866098727157,0.00007244791783056823
L48T16beta4.405ms0.021032m0.000760,783,3.270728830138183e-12,5.787463084522271e-6,0.00008648127007306042,0.00007242497891694471
L48T16beta4.405ms0.021032m0.000760,784,3.271678639058937e-12,5.7891437448128955e-6,0.0000865063839501378,0.00007244601089319014
L48T16beta4.405ms0.021032m0.000760,785,3.2717453480651403e-12,5.78926178453152e-6,0.00008650814780152425,0.00007244748805581007
L48T16beta4.405ms0.021032m0.000760,786,3.2714846590510696e-12,5.788800502620414e-6,0.00008650125492895618,0.00007244171552090166
L48T16beta4.405ms0.021032m0.000760,787,3.271935124182316e-12,5.789597588057131e-6,0.00008651316566772328,0.0000724516903397655
L48T16beta4.405ms0.021032m0.000760,788,3.2718286544966566e-12,5.789409192929508e-6,0.0000865103505050735,0.00007244933274146258
L48T16beta4.405ms0.021032m0.000760,789,3.2715734350787288e-12,5.788957589315628e-6,0.00008650360225397843,0.0000724436813218792
L48T16beta4.405ms0.021032m0.000760,790,3.2671238918224563e-12,5.781084247110865e-6,0.00008638595197722613,0.00007234515341166049
L48T16beta4.405ms0.021032m0.000760,791,3.271687866212348e-12,5.789160072002496e-6,0.00008650662792510104,0.00007244621521351932
L48T16beta4.405ms0.021032m0.000760,792,3.270450175542066e-12,5.786970013016771e-6,0.00008647390217292702,0.00007241880856339447
L48T16beta4.405ms0.021032m0.000760,793,3.2719445068059775e-12,5.789614190346987e-6,0.00008651341375347205,0.00007245189810273093
L48T16beta4.405ms0.021032m0.000760,794,3.271959432042669e-12,5.789640600135405e-6,0.00008651380839133176,0.00007245222859786178
L48T16beta4.405ms0.021032m0.000760,795,3.271960514471366e-12,5.789642515462677e-6,0.00008651383701180546,0.00007245225256648763
L48T16beta4.405ms0.021032m0.000760,796,3.271201842717385e-12,5.788300067036817e-6,0.00008649377698840999,0.00007243545301243085
L48T16beta4.405ms0.021032m0.000760,797,3.2719525480867925e-12,5.789628419168233e-6,0.0000865136263728037,0.0000724520761638371
L48T16beta4.405ms0.021032m0.000760,798,3.2719357597084895e-12,5.7895987126029e-6,0.00008651318247165705,0.00007245170441246064
L48T16beta4.405ms0.021032m0.000760,799,3.2718165679188345e-12,5.789387806068476e-6,0.00008651003092413142,0.00007244906510382298
L48T16beta4.405ms0.021032m0.000760,800,3.271811344968098e-12,5.78937856420339e-6,0.00008650989282420424,0.00007244894945005996
L48T16beta4.405ms0.021032m0.000760,801,3.2719070892314117e-12,5.7895479809964845e-6,0.00008651242439619434,0.00007245106955130101
L48T16beta4.405ms0.021032m0.000760,802,3.2716788229709657e-12,5.789144070240081e-6,0.00008650638881295175,0.00007244601496562338
L48T16beta4.405ms0.021032m0.000760,803,3.271958673365846e-12,5.78963925767801e-6,0.00008651378833117432,0.00007245221179819547
L48T16beta4.405ms0.021032m0.000760,804,3.27189412825089e-12,5.789525046904359e-6,0.00008651208169518942,0.00007245078255143347
L48T16beta4.405ms0.021032m0.000760,805,3.2718671543808057e-12,5.789477317396513e-6,0.00008651136847967544,0.00007245018525888076
L48T16beta4.405ms0.021032m0.000760,806,3.2719624469505655e-12,5.789645934930511e-6,0.00008651388810844607,0.00007245229535810152
L48T16beta4.405ms0.021032m0.000760,807,3.271847748247179e-12,5.789442978786433e-6,0.00008651085536251703,0.00007244975554156338
L48T16beta4.405ms0.021032m0.000760,808,3.2719516316103785e-12,5.78962679748888e-6,0.0000865136021402707,0.00007245205586995508
L48T16beta4.405ms0.021032m0.000760,809,3.271950294833569e-12,5.789624432099745e-6,0.00008651356679458408,0.0000724520262692033
L48T16beta4.405ms0.021032m0.000760,810,3.2718969725081177e-12,5.789530079737884e-6,0.00008651215690013309,0.00007245084553289125
L48T16beta4.405ms0.021032m0.000760,811,3.2719292161804486e-12,5.789587134013251e-6,0.000086513009454374,0.00007245155951665758
L48T16beta4.405ms0.021032m0.000760,812,3.271635231902643e-12,5.789066937065233e-6,0.00008650523622245951,0.00007244504971219878
L48T16beta4.405ms0.021032m0.000760,813,3.2717784455996216e-12,5.789320349692054e-6,0.00008650902293271577,0.00007244822094696722
L48T16beta4.405ms0.021032m0.000760,814,3.2717571778463957e-12,5.7892827169982175e-6,0.00008650846059251391,0.00007244775000710672
L48T16beta4.405ms0.021032m0.000760,815,3.2719450023599563e-12,5.789615067215877e-6,0.00008651342685640405,0.0000724519090759691
L48T16beta4.405ms0.021032m0.000760,816,3.2717510488483383e-12,5.789271871907767e-6,0.00008650829853580917,0.00007244761429039704
L48T16beta4.405ms0.021032m0.000760,817,3.271375900894145e-12,5.788608058106964e-6,0.0000864983792568873,0.00007243930724811862
L48T16beta4.405ms0.021032m0.000760,818,3.271582322293995e-12,5.7889733149942e-6,0.00008650383724064457,0.00007244387811483017
L48T16beta4.405ms0.021032m0.000760,819,3.271959400067175e-12,5.7896405435556644e-6,0.00008651380754586842,0.0000724522278898164
L48T16beta4.405ms0.021032m0.000760,820,3.2719585201984662e-12,5.7896389866526204e-6,0.00008651378428127896,0.00007245220840655256
L48T16beta4.405ms0.021032m0.000760,821,3.2714878097489356e-12,5.7888060776920686e-6,0.00008650133823649012,0.00007244178528798978
L48T16beta4.405ms0.021032m0.000760,822,3.271825225627877e-12,5.7894031256422104e-6,0.00008651025984242845,0.00007244925681473128
L48T16beta4.405ms0.021032m0.000760,823,3.2612759484157602e-12,5.770736474995132e-6,0.00008623132663242031,0.0000722156602008401
L48T16beta4.405ms0.021032m0.000760,824,3.2718490758786798e-12,5.789445327993199e-6,0.00008651089046639276,0.00007244978493980716
L48T16beta4.405ms0.021032m0.000760,825,3.2719484282905906e-12,5.789621129304208e-6,0.00008651351744136167,0.00007245198493763995
L48T16beta4.405ms0.021032m0.000760,826,3.2714039424095547e-12,5.7886576767833195e-6,0.00008649912070198817,0.0000724399281819434
L48T16beta4.405ms0.021032m0.000760,827,3.2718261815310276e-12,5.78940481708607e-6,0.00008651028511744293,0.00007244927798165435
L48T16beta4.405ms0.021032m0.000760,828,3.2717321116268574e-12,5.789238363024599e-6,0.00008650779781714665,0.00007244719495637771
L48T16beta4.405ms0.021032m0.000760,829,3.2719063264782427e-12,5.789546631326109e-6,0.00008651240422825435,0.00007245105266137065
L48T16beta4.405ms0.021032m0.000760,830,3.2715200011963913e-12,5.788863039556981e-6,0.00008650218940985424,0.00007244249811532105
L48T16beta4.405ms0.021032m0.000760,831,3.2719721992776386e-12,5.789663191400202e-6,0.00008651414596951473,0.00007245251130754867
L48T16beta4.405ms0.021032m0.000760,832,3.2718603292937192e-12,5.789465240596016e-6,0.00008651118801769579,0.00007245003412840984
L48T16beta4.405ms0.021032m0.000760,833,3.271757731700064e-12,5.789283697026776e-6,0.00008650847523694674,0.00007244776227129686
L48T16beta4.405ms0.021032m0.000760,834,3.271893326957722e-12,5.789523629038534e-6,0.00008651206050821414,0.0000724507648080974
L48T16beta4.405ms0.021032m0.000760,835,3.271866796443211e-12,5.7894766840359616e-6,0.00008651135901545525,0.00007245017733293394
L48T16beta4.405ms0.021032m0.000760,836,3.2719378824789344e-12,5.789602468785765e-6,0.00008651323859978434,0.00007245175141776517
L48T16beta4.405ms0.021032m0.000760,837,3.2719554870264217e-12,5.789633619539616e-6,0.0000865137040812427,0.00007245214124188291
L48T16beta4.405ms0.021032m0.000760,838,3.2719229773857454e-12,5.78957609464071e-6,0.00008651284449453854,0.00007245142136867945
L48T16beta4.405ms0.021032m0.000760,839,3.2719363877172454e-12,5.78959982384681e-6,0.00008651319907682294,0.00007245171831869477
L48T16beta4.405ms0.021032m0.000760,840,3.271921707273076e-12,5.789573847211904e-6,0.000086512810911517,0.00007245139324409682
L48T16beta4.405ms0.021032m0.000760,841,3.2718928352021566e-12,5.7895227588908305e-6,0.0000865120475057159,0.00007245075391896893
L48T16beta4.405ms0.021032m0.000760,842,3.2715148517787025e-12,5.788853927806564e-6,0.00008650205325421279,0.00007244238408982799
L48T16beta4.405ms0.021032m0.000760,843,3.271820470834897e-12,5.789394712169167e-6,0.00008651013412105039,0.0000724491515275616
L48T16beta4.405ms0.021032m0.000760,844,3.2717505611161793e-12,5.789271008879368e-6,0.00008650828563969373,0.00007244760349036035
L48T16beta4.405ms0.021032m0.000760,845,3.2718801865650344e-12,5.7895003774816045e-6,0.00008651171306337603,0.00007245047383543878
L48T16beta4.405ms0.021032m0.000760,846,3.27159487693693e-12,5.7889955300833434e-6,0.00008650416919768617,0.00007244415611701167
L48T16beta4.405ms0.021032m0.000760,847,3.271894392022244e-12,5.789525513640384e-6,0.00008651208866956206,0.00007245078839222179
L48T16beta4.405ms0.021032m0.000760,848,3.2719630176654835e-12,5.789646944794578e-6,0.00008651390319870684,0.00007245230799565665
L48T16beta4.405ms0.021032m0.000760,849,3.2716274059799548e-12,5.7890530893141626e-6,0.00008650502929740741,0.00007244487641984863
L48T16beta4.405ms0.021032m0.000760,850,3.2716736132154143e-12,5.7891348517235056e-6,0.00008650625106191819,0.00007244589960404631
L48T16beta4.405ms0.021032m0.000760,851,3.2710475419811666e-12,5.788027036204499e-6,0.00008648969712598959,0.00007243203627318163
L48T16beta4.405ms0.021032m0.000760,852,3.2717869336506116e-12,5.789335369060615e-6,0.00008650924736508793,0.00007244840890107345
L48T16beta4.405ms0.021032m0.000760,853,3.2718059283115142e-12,5.789368979581232e-6,0.00008650974960250497,0.00007244882950699552
L48T16beta4.405ms0.021032m0.000760,854,3.2713347443043916e-12,5.7885352326737805e-6,0.00008649729103639009,0.00007243839590226881
L48T16beta4.405ms0.021032m0.000760,855,3.271945508991538e-12,5.7896159636862746e-6,0.00008651344025223871,0.0000724519202945028
L48T16beta4.405ms0.021032m0.000760,856,3.271951175761069e-12,5.78962599087629e-6,0.000086513590087169,0.00007245204577591233
L48T16beta4.405ms0.021032m0.000760,857,3.2713719872181168e-12,5.7886011329668155e-6,0.00008649827577546431,0.00007243922058611803
L48T16beta4.405ms0.021032m0.000760,858,3.2716997469214593e-12,5.789181094584608e-6,0.00008650694206267303,0.00007244647829253064
L48T16beta4.405ms0.021032m0.000760,859,3.2719331806784535e-12,5.7895941490814645e-6,0.00008651311427957978,0.00007245164730402832
L48T16beta4.405ms0.021032m0.000760,860,3.270601798489501e-12,5.787238305576814e-6,0.00008647791123199225,0.00007242216600735929
L48T16beta4.405ms0.021032m0.000760,861,3.2713589326536894e-12,5.788578033280589e-6,0.00008649793060000937,0.00007243893151398686
L48T16beta4.405ms0.021032m0.000760,862,3.2719531205884206e-12,5.789629432193834e-6,0.00008651364151030683,0.00007245208884095601
L48T16beta4.405ms0.021032m0.000760,863,3.271948679991725e-12,5.789621574682317e-6,0.0000865135240965859,0.00007245199051115286
L48T16beta4.405ms0.021032m0.000760,864,3.271889593421779e-12,5.789517022651222e-6,0.00008651196178987124,0.00007245068213500649
L48T16beta4.405ms0.021032m0.000760,865,3.2714889541698567e-12,5.788808102712845e-6,0.00008650136849609887,0.00007244181062933276
L48T16beta4.405ms0.021032m0.000760,866,3.2718703785720148e-12,5.78948302251258e-6,0.00008651145373044528,0.00007245025665335963
L48T16beta4.405ms0.021032m0.000760,867,3.2717864489624773e-12,5.789334511418533e-6,0.0000865092345494595,0.00007244839816844176
L48T16beta4.405ms0.021032m0.000760,868,3.2719471492708403e-12,5.789618866114572e-6,0.00008651348362282818,0.00007245195661582445
L48T16beta4.405ms0.021032m0.000760,869,3.2718460709895947e-12,5.7894400109261e-6,0.00008651081101418562,0.00007244971840141771
L48T16beta4.405ms0.021032m0.000760,870,3.271942808875495e-12,5.78961118590654e-6,0.00008651336885852898,0.0000724518605048175
L48T16beta4.405ms0.021032m0.000760,871,3.2715632989133817e-12,5.788939653654859e-6,0.00008650333424385027,0.00007244345687295674
L48T16beta4.405ms0.021032m0.000760,872,3.2717922444677816e-12,5.789344766402894e-6,0.00008650938778828955,0.00007244852650049595
L48T16beta4.405ms0.021032m0.000760,873,3.2712283759053438e-12,5.7883470167699805e-6,0.00008649447855185745,0.00007243604054679347
L48T16beta4.405ms0.021032m0.000760,874,3.2718167305094557e-12,5.7893880937680275e-6,0.00008651003522318649,0.00007244906870412825
L48T16beta4.405ms0.021032m0.000760,875,3.2709800671645348e-12,5.787907641405764e-6,0.00008648791302582621,0.00007243054215293329
L48T16beta4.405ms0.021032m0.000760,876,3.2719626567368037e-12,5.7896463061413855e-6,0.00008651389365539944,0.00007245230000347712
L48T16beta4.405ms0.021032m0.000760,877,3.271622074966343e-12,5.789043656234845e-6,0.0000865048883401921,0.00007244475837320871
L48T16beta4.405ms0.021032m0.000760,878,3.271718083067185e-12,5.789213539881058e-6,0.00008650742688830455,0.0000724468843167034
L48T16beta4.405ms0.021032m0.000760,879,3.2719451586110653e-12,5.789615343697839e-6,0.00008651343098783624,0.00007245191253589619
L48T16beta4.405ms0.021032m0.000760,880,3.259707270581909e-12,5.7679607434911115e-6,0.00008618984925583167,0.00007218092437743666
L48T16beta4.405ms0.021032m0.000760,881,3.271952880229587e-12,5.789629006885608e-6,0.00008651363515498413,0.00007245208351859994
L48T16beta4.405ms0.021032m0.000760,882,3.2719383788137717e-12,5.789603347036362e-6,0.00008651325172336301,0.00007245176240829419
L48T16beta4.405ms0.021032m0.000760,883,3.271953624599494e-12,5.789630324027316e-6,0.0000865136548368527,0.00007245210000146283
L48T16beta4.405ms0.021032m0.000760,884,3.271955845347828e-12,5.789634253579312e-6,0.00008651371355561125,0.00007245214917632863
L48T16beta4.405ms0.021032m0.000760,885,3.271956858425703e-12,5.789636046192245e-6,0.00008651374034238137,0.00007245217160929312
L48T16beta4.405ms0.021032m0.000760,886,3.271559115086783e-12,5.78893225049084e-6,0.00008650322361938192,0.00007244336422891044
L48T16beta4.405ms0.021032m0.000760,887,3.2711481929210554e-12,5.788205135224406e-6,0.00008649235843530861,0.00007243426502480794
L48T16beta4.405ms0.021032m0.000760,888,3.27188724477147e-12,5.789512866780262e-6,0.00008651189968925934,0.00007245063012795914
L48T16beta4.405ms0.021032m0.000760,889,3.271925264507052e-12,5.789580141637822e-6,0.00008651290496826341,0.00007245147201326696
L48T16beta4.405ms0.021032m0.000760,890,3.2719486770138746e-12,5.789621569413095e-6,0.00008651352401784862,0.00007245199044521319
L48T16beta4.405ms0.021032m0.000760,891,3.271963334905792e-12,5.7896475061424216e-6,0.00008651391158685097,0.00007245231502042816
L48T16beta4.405ms0.021032m0.000760,892,3.2716463942351707e-12,5.789086688500096e-6,0.00008650553136545181,0.00007244529688392715
L48T16beta4.405ms0.021032m0.000760,893,3.2716856735881547e-12,5.789156192215379e-6,0.0000865065699499723,0.00007244616666141696
L48T16beta4.405ms0.021032m0.000760,894,3.2716768156219947e-12,5.789140518292282e-6,0.00008650633573668115,0.00007244597051613996
L48T16beta4.405ms0.021032m0.000760,895,3.2715165375860258e-12,5.78885691079542e-6,0.00008650209782860766,0.00007244242141929373
L48T16beta4.405ms0.021032m0.000760,896,3.2719591725726543e-12,5.78964014101048e-6,0.00008651380153069073,0.00007245222285231964
L48T16beta4.405ms0.021032m0.000760,897,3.271965774850371e-12,5.789651823556036e-6,0.00008651397610137267,0.00007245236904903885
L48T16beta4.405ms0.021032m0.000760,898,3.2719771966396785e-12,5.789672034092405e-6,0.00008651427810465608,0.00007245262196601632
L48T16beta4.405ms0.021032m0.000760,899,3.27190258690719e-12,5.789540014259839e-6,0.00008651230535033722,0.00007245096985464202
L48T16beta4.405ms0.021032m0.000760,900,3.271927629714208e-12,5.789584326805659e-6,0.00008651296750665455,0.0000724515243869388
L48T16beta4.405ms0.021032m0.000760,901,3.27195184462593e-12,5.789627174413933e-6,0.00008651360777261029,0.00007245206058683858
L48T16beta4.405ms0.021032m0.000760,902,3.271942564122678e-12,5.7896107528232835e-6,0.00008651336238702505,0.0000724518550851638
L48T16beta4.405ms0.021032m0.000760,903,3.2718427121995564e-12,5.7894340676411735e-6,0.00008651072220449104,0.00007244964402646634
L48T16beta4.405ms0.021032m0.000760,904,3.271928927037811e-12,5.78958662238345e-6,0.0000865130018091598,0.00007245155311406338
L48T16beta4.405ms0.021032m0.000760,905,3.269795315471121e-12,5.7858112564573155e-6,0.00008645658703199158,0.00007240430775048858
L48T16beta4.405ms0.021032m0.000760,906,3.2716248256528997e-12,5.789048523497688e-6,0.0000865049610710357,0.00007244481928269594
L48T16beta4.405ms0.021032m0.000760,907,3.2703620902300706e-12,5.7868141485235836e-6,0.00008647157311110265,0.00007241685805719372
L48T16beta4.405ms0.021032m0.000760,908,3.271406500978451e-12,5.7886622040993416e-6,0.00008649918835305288,0.000072439984837297
L48T16beta4.405ms0.021032m0.000760,909,3.2701748884710147e-12,5.786482900252583e-6,0.00008646662331345086,0.00007241271277821862
L48T16beta4.405ms0.021032m0.000760,910,3.2719022394119233e-12,5.789539399376695e-6,0.0000865122961622224,0.0000724509621599236
L48T16beta4.405ms0.021032m0.000760,911,3.2717314539587134e-12,5.7892371992992325e-6,0.00008650778042775751,0.00007244718039338458
L48T16beta4.405ms0.021032m0.000760,912,3.271315078171355e-12,5.788500434002024e-6,0.00008649677104459293,0.00007243796042768669
L48T16beta4.405ms0.021032m0.000760,913,3.271946814692826e-12,5.789618274088144e-6,0.00008651347477625816,0.00007245194920713763
L48T16beta4.405ms0.021032m0.000760,914,3.2710097120471393e-12,5.787960097195476e-6,0.0000864886968655243,0.00007243119859072103
L48T16beta4.405ms0.021032m0.000760,915,3.2718953485474345e-12,5.789527206184926e-6,0.00008651211396102389,0.00007245080957291892
L48T16beta4.405ms0.021032m0.000760,916,3.2717012385597143e-12,5.789183733996735e-6,0.00008650698150304778,0.00007244651132243766
L48T16beta4.405ms0.021032m0.000760,917,3.271832486341361e-12,5.789415973271421e-6,0.00008651045182279624,0.0000724494175914414
L48T16beta4.405ms0.021032m0.000760,918,3.2717467961738428e-12,5.789264346919322e-6,0.00008650818609093505,0.00007244752012182585
L48T16beta4.405ms0.021032m0.000760,919,3.271923912271891e-12,5.789577748895568e-6,0.00008651286921384284,0.00007245144207021508
L48T16beta4.405ms0.021032m0.000760,920,3.2713495255719517e-12,5.7885613877128525e-6,0.00008649768186756513,0.00007243872320943704
L48T16beta4.405ms0.021032m0.000760,921,3.269274367841596e-12,5.784889454213404e-6,0.00008644281266701587,0.00007239277221115022
L48T16beta4.405ms0.021032m0.000760,922,3.271857604613721e-12,5.78946041935105e-6,0.00008651111597449104,0.00007244997379479564
L48T16beta4.405ms0.021032m0.000760,923,3.271905472179341e-12,5.789545119668123e-6,0.0000865123816397556,0.00007245103374430869
L48T16beta4.405ms0.021032m0.000760,924,3.2719174872755233e-12,5.789566380044395e-6,0.00008651269933065322,0.00007245129979910347
L48T16beta4.405ms0.021032m0.000760,925,3.2719014198546072e-12,5.789537949192972e-6,0.00008651227449232519,0.00007245094401215764
L48T16beta4.405ms0.021032m0.000760,926,3.2718864936914736e-12,5.789511537765239e-6,0.00008651187982996944,0.00007245061349651223
L48T16beta4.405ms0.021032m0.000760,927,3.27155258744061e-12,5.788920700003711e-6,0.00008650305102203098,0.00007244321968478555
L48T16beta4.405ms0.021032m0.000760,928,3.2718870477436654e-12,5.789512518145079e-6,0.00008651189447965143,0.00007245062576509833
L48T16beta4.405ms0.021032m0.000760,929,3.271657638544606e-12,5.789106584990801e-6,0.00008650582867599375,0.00007244554587090101
L48T16beta4.405ms0.021032m0.000760,930,3.2718693245189213e-12,5.789481157395145e-6,0.0000865114258602503,0.00007245023331306545
L48T16beta4.405ms0.021032m0.000760,931,3.2719564766785414e-12,5.789635370701332e-6,0.00008651373024861294,0.00007245216315612211
L48T16beta4.405ms0.021032m0.000760,932,3.2716164456118453e-12,5.789033695249683e-6,0.00008650473949455188,0.00007244463372029433
L48T16beta4.405ms0.021032m0.000760,933,3.2719147561501338e-12,5.7895615473944895e-6,0.00008651262711702601,0.00007245123932276652
L48T16beta4.405ms0.021032m0.000760,934,3.271878405532679e-12,5.7894972259947206e-6,0.00008651166597113814,0.00007245043439736931
L48T16beta4.405ms0.021032m0.000760,935,3.2712991151472497e-12,5.788472187877834e-6,0.00008649634896661871,0.00007243760695243872
L48T16beta4.405ms0.021032m0.000760,936,3.2719506507197558e-12,5.789625061830388e-6,0.00008651357620456303,0.00007245203414972503
L48T16beta4.405ms0.021032m0.000760,937,3.271826997567863e-12,5.7894062610404015e-6,0.00008651030669425521,0.00007244929605146498
L48T16beta4.405ms0.021032m0.000760,938,3.271127280815788e-12,5.788168131839674e-6,0.00008649180549878671,0.00007243380196019399
L48T16beta4.405ms0.021032m0.000760,939,3.2719507596693686e-12,5.789625254613677e-6,0.00008651357908529738,0.00007245203656223729
L48T16beta4.405ms0.021032m0.000760,940,3.2718512935829893e-12,5.789449252158879e-6,0.00008651094910466431,0.00007244983404726796
L48T16beta4.405ms0.021032m0.000760,941,3.2715178301185986e-12,5.788859197895617e-6,0.00008650213200443339,0.00007244245004032873
L48T16beta4.405ms0.021032m0.000760,942,3.2717652495012828e-12,5.789296999565534e-6,0.00008650867401496575,0.00007244792874079741
L48T16beta4.405ms0.021032m0.000760,943,3.2719530048228395e-12,5.7896292273498795e-6,0.00008651363844935162,0.0000724520862775152
L48T16beta4.405ms0.021032m0.000760,944,3.2717988395986578e-12,5.789356436302316e-6,0.00008650956217000205,0.00007244867253896
L48T16beta4.405ms0.021032m0.000760,945,3.271851077192541e-12,5.78944886926204e-6,0.00008651094338308916,0.00007244982925565286
L48T16beta4.405ms0.021032m0.000760,946,3.271941228854646e-12,5.789608390103888e-6,0.00008651332708123198,0.00007245182551782145
L48T16beta4.405ms0.021032m0.000760,947,3.2718988441332938e-12,5.789533391526228e-6,0.0000865122063877338,0.00007245088697699162
L48T16beta4.405ms0.021032m0.000760,948,3.2715283596381055e-12,5.788877829585558e-6,0.00008650241041523034,0.00007244268319944032
L48T16beta4.405ms0.021032m0.000760,949,3.2714377968341488e-12,5.788717581239715e-6,0.00008650001584609476,0.00007244067783320306
L48T16beta4.405ms0.021032m0.000760,950,3.271318084383929e-12,5.788505753411e-6,0.0000864968505317944,0.00007243802699538263
L48T16beta4.405ms0.021032m0.000760,951,3.2712367445908627e-12,5.788361824924683e-6,0.00008649469982808978,0.00007243622585774517
L48T16beta4.405ms0.021032m0.000760,952,3.271105553136907e-12,5.788129685320269e-6,0.00008649123099770056,0.00007243332083602668
L48T16beta4.405ms0.021032m0.000760,953,3.2719304538279334e-12,5.789589323995821e-6,0.00008651304217898432,0.00007245158692235143
L48T16beta4.405ms0.021032m0.000760,954,3.2717461213532816e-12,5.789263152843234e-6,0.00008650816824801923,0.0000724475051790203
L48T16beta4.405ms0.021032m0.000760,955,3.2715148260500767e-12,5.788853882280481e-6,0.00008650205257392275,0.00007244238352010934
L48T16beta4.405ms0.021032m0.000760,956,3.271417812944643e-12,5.788682220306783e-6,0.00008649948745250567,0.0000724402353224199
L48T16beta4.405ms0.021032m0.000760,957,3.271282770137755e-12,5.7884432658411936e-6,0.0000864959167885771,0.00007243724501874458
L48T16beta4.405ms0.021032m0.000760,958,3.2716552164009538e-12,5.7891022990754284e-6,0.00008650576463214597,0.00007244549223646292
L48T16beta4.405ms0.021032m0.000760,959,3.270767356306823e-12,5.787531255498947e-6,0.00008648228874265,0.00007242583201639024
L48T16beta4.405ms0.021032m0.000760,960,3.2707492605596358e-12,5.78749923558098e-6,0.00008648181027339101,0.00007242543131545274
L48T16beta4.405ms0.021032m0.000760,961,3.270969701228266e-12,5.787889299171782e-6,0.00008648763894033009,0.00007243031261610685
L48T16beta4.405ms0.021032m0.000760,962,3.271093325647213e-12,5.788108049119625e-6,0.00008649090769091072,0.00007243305007812246
L48T16beta4.405ms0.021032m0.000760,963,3.2712618692159697e-12,5.78840628224532e-6,0.00008649536414775742,0.00007243678220177068
L48T16beta4.405ms0.021032m0.000760,964,3.2717438725337462e-12,5.789259173620033e-6,0.00008650810878703066,0.00007244745538256333
L48T16beta4.405ms0.021032m0.000760,965,3.270588638045955e-12,5.787215018540452e-6,0.00008647756325698984,0.00007242187459070696
L48T16beta4.405ms0.021032m0.000760,966,3.2711259976270476e-12,5.788165861273127e-6,0.00008649177157002105,0.00007243377354606297
L48T16beta4.405ms0.021032m0.000760,967,3.263600955878084e-12,5.774850510599505e-6,0.00008629280210431463,0.00007226714371573406
L48T16beta4.405ms0.021032m0.000760,968,3.2714205985713086e-12,5.7886871493951705e-6,0.00008649956110719994,0.0000724402970055991
L48T16beta4.405ms0.021032m0.000760,969,3.271892977583101e-12,5.789523010829925e-6,0.00008651205127040737,0.00007245075707176374
L48T16beta4.405ms0.021032m0.000760,970,3.2718409311010266e-12,5.789430916037196e-6,0.00008651067511050344,0.00007244960458693155
L48T16beta4.405ms0.021032m0.000760,971,3.2719552972645717e-12,5.789633283761336e-6,0.00008651369906375375,0.00007245213703991489
L48T16beta4.405ms0.021032m0.000760,972,3.2719499605070178e-12,5.789623840518274e-6,0.00008651355795466298,0.00007245201886608471
L48T16beta4.405ms0.021032m0.000760,973,3.271922240850893e-12,5.789574791362911e-6,0.00008651282501983648,0.00007245140505931114
L48T16beta4.405ms0.021032m0.000760,974,3.2713371811123018e-12,5.788539544537147e-6,0.00008649735546797521,0.00007243844986142308
L48T16beta4.405ms0.021032m0.000760,975,3.271771550407324e-12,5.789308148842348e-6,0.00008650884061708574,0.00007244806826413024
L48T16beta4.405ms0.021032m0.000760,976,3.27157466235006e-12,5.788959760937885e-6,0.00008650363470423308,0.00007244370849780998
L48T16beta4.405ms0.021032m0.000760,977,3.2714675180688325e-12,5.788770172132293e-6,0.00008650080170461654,0.00007244133596168365
L48T16beta4.405ms0.021032m0.000760,978,3.270787142400901e-12,5.787566266438407e-6,0.00008648281190633446,0.00007242627014731482
L48T16beta4.405ms0.021032m0.000760,979,3.2717008551714265e-12,5.7891830556018944e-6,0.00008650697136588638,0.00007244650283292657
L48T16beta4.405ms0.021032m0.000760,980,3.2714898101363545e-12,5.7888096173215955e-6,0.00008650139112869049,0.00007244182958332094
L48T16beta4.405ms0.021032m0.000760,981,3.271307399592695e-12,5.788486846972085e-6,0.00008649656801546109,0.00007243779039803078
L48T16beta4.405ms0.021032m0.000760,982,3.271472743785661e-12,5.788779418891901e-6,0.00008650093987768187,0.00007244145167669726
L48T16beta4.405ms0.021032m0.000760,983,3.271821970797898e-12,5.789397366311698e-6,0.00008651017378153957,0.00007244918474180661
L48T16beta4.405ms0.021032m0.000760,984,3.27151476621514e-12,5.788853776404236e-6,0.00008650205099182848,0.00007244238219516183
L48T16beta4.405ms0.021032m0.000760,985,3.271373475600589e-12,5.788603766617925e-6,0.00008649831512975298,0.00007243925354393102
L48T16beta4.405ms0.021032m0.000760,986,3.271682538825096e-12,5.78915064533992e-6,0.00008650648706377023,0.00007244609724717925
L48T16beta4.405ms0.021032m0.000760,987,3.271404502258628e-12,5.788658667420579e-6,0.00008649913550494539,0.00007243994057889205
L48T16beta4.405ms0.021032m0.000760,988,3.2719233245633746e-12,5.789576708961804e-6,0.00008651285367425471,0.00007245142905636432
L48T16beta4.405ms0.021032m0.000760,989,3.2719686173341233e-12,5.789656853251446e-6,0.00008651405125942392,0.0000724524319912259
L48T16beta4.405ms0.021032m0.000760,990,3.271941441698144e-12,5.789608766724498e-6,0.00008651333270902228,0.00007245183023089509
L48T16beta4.405ms0.021032m0.000760,991,3.27185999472894e-12,5.789464648593007e-6,0.00008651117917147571,0.00007245002672001608
L48T16beta4.405ms0.021032m0.000760,992,3.271908159298722e-12,5.789549874450628e-6,0.00008651245268982088,0.00007245109324620401
L48T16beta4.405ms0.021032m0.000760,993,3.271896014077103e-12,5.7895283838210396e-6,0.00008651213155827942,0.00007245082430999274
L48T16beta4.405ms0.021032m0.000760,994,3.2719528601125544e-12,5.789628971289082e-6,0.00008651363462307011,0.00007245208307314093
L48T16beta4.405ms0.021032m0.000760,995,3.271845041593101e-12,5.7894381894378275e-6,0.00008651078379593524,0.0000724496956071039
L48T16beta4.405ms0.021032m0.000760,996,3.270520095081072e-12,5.787093733683295e-6,0.00008647575091394169,0.00007242035681805004
L48T16beta4.405ms0.021032m0.000760,997,3.2719414086109194e-12,5.789608708177581e-6,0.00008651333183416369,0.00007245182949823222
L48T16beta4.405ms0.021032m0.000760,998,3.2718740564023066e-12,5.789489530330302e-6,0.00008651155097587628,0.00007245033809293936
L48T16beta4.405ms0.021032m0.000760,999,3.2719239538956195e-12,5.78957782254759e-6,0.00008651287031441495,0.00007245144299190496
L48T16beta4.405ms0.021032m0.000760,1000,3.2653907625286606e-12,5.778017523353114e-6,0.00008634012634315118,0.00007230677607771374
L48T16beta4.405ms0.021032m0.000760,1001,3.271914211097667e-12,5.789560582939411e-6,0.00008651261270530556,0.00007245122725346472
L48T16beta4.405ms0.021032m0.000760,1002,3.2718018600122686e-12,5.789361780839629e-6,0.00008650964203269283,0.00007244873942111484
L48T16beta4.405ms0.021032m0.000760,1003,3.2716481168619574e-12,5.7890897366399616e-6,0.00008650557691338932,0.00007244533502870012
L48T16beta4.405ms0.021032m0.000760,1004,3.2719453821086494e-12,5.789615739170556e-6,0.00008651343689733102,0.00007245191748488727
L48T16beta4.405ms0.021032m0.000760,1005,3.271756839747901e-12,5.789282118742398e-6,0.00008650845165285893,0.00007244774252046455
L48T16beta4.405ms0.021032m0.000760,1006,3.2717760329056807e-12,5.789316080497681e-6,0.0000865089591387276,0.00007244816752177764
L48T16beta4.405ms0.021032m0.000760,1007,3.27193344654092e-12,5.7895946195176545e-6,0.00008651312130924348,0.00007245165319112093
L48T16beta4.405ms0.021032m0.000760,1008,3.271928691787645e-12,5.7895862061148676e-6,0.00008651299558891527,0.00007245154790483046
L48T16beta4.405ms0.021032m0.000760,1009,3.271947535292871e-12,5.789619549169747e-6,0.00008651349382962833,0.00007245196516365551
L48T16beta4.405ms0.021032m0.000760,1010,3.2717370969451476e-12,5.789247184405724e-6,0.00008650792963383945,0.00007244730534815605
L48T16beta4.405ms0.021032m0.000760,1011,3.2719095535811275e-12,5.789552341594305e-6,0.00008651248955601172,0.00007245112412032384
L48T16beta4.405ms0.021032m0.000760,1012,3.2719422110158182e-12,5.789610128010582e-6,0.00008651335305053422,0.00007245184726618575
L48T16beta4.405ms0.021032m0.000760,1013,3.2717512556567263e-12,5.789272237849419e-6,0.00008650830400402527,0.00007244761886983298
L48T16beta4.405ms0.021032m0.000760,1014,3.271892746978381e-12,5.78952260278133e-6,0.00008651204517299297,0.00007245075196539667
L48T16beta4.405ms0.021032m0.000760,1015,3.2718987926231027e-12,5.789533300380387e-6,0.00008651220502575394,0.00007245088583638208
L48T16beta4.405ms0.021032m0.000760,1016,3.2719014439950462e-12,5.7895379919088025e-6,0.00008651227513062202,0.00007245094454670847
L48T16beta4.405ms0.021032m0.000760,1017,3.2715898225060453e-12,5.788986586409417e-6,0.00008650403555358876,0.00007244404419484714
L48T16beta4.405ms0.021032m0.000760,1018,3.2716596740838923e-12,5.789110186820573e-6,0.00008650588249764388,0.00007244559094461319
L48T16beta4.405ms0.021032m0.000760,1019,3.2718547675562735e-12,5.7894553992573344e-6,0.00008651104095991658,0.00007244991097276528
L48T16beta4.405ms0.021032m0.000760,1020,3.271434907300363e-12,5.788712468290588e-6,0.00008649993944399459,0.00007244061384916942
L48T16beta4.405ms0.021032m0.000760,1021,3.2718446850584046e-12,5.789437558559665e-6,0.00008651077436880906,0.00007244968771222199
L48T16beta4.405ms0.021032m0.000760,1022,3.2716214847431975e-12,5.789042611851515e-6,0.0000865048727341147,0.00007244474530367556
L48T16beta4.405ms0.021032m0.000760,1023,3.2719569571976854e-12,5.789636220966503e-6,0.00008651374295400922,0.00007245217379643829
L48T16beta4.405ms0.021032m0.000760,1024,3.271685596561096e-12,5.789156055918156e-6,0.00008650656791330151,0.00007244616495577781
L48T16beta4.405ms0.021032m0.000760,1025,3.271739515965366e-12,5.789251464794268e-6,0.00008650799359510058,0.00007244735891343076
L48T16beta4.405ms0.021032m0.000760,1026,3.2715409017740695e-12,5.788900022543966e-6,0.00008650274204157541,0.00007244296092467528
L48T16beta4.405ms0.021032m0.000760,1027,3.2719500368061575e-12,5.789623975527465e-6,0.00008651355997208688,0.00007245202055560526
L48T16beta4.405ms0.021032m0.000760,1028,3.2718904689891487e-12,5.789518571943167e-6,0.00008651198494072906,0.00007245070152302413
L48T16beta4.405ms0.021032m0.000760,1029,3.2719369992750333e-12,5.789600905981192e-6,0.00008651321524700914,0.00007245173186064892
L48T16beta4.405ms0.021032m0.000760,1030,3.2719059273801407e-12,5.789545925133192e-6,0.00008651239367571007,0.00007245104382399123
L48T16beta4.405ms0.021032m0.000760,1031,3.271679424642291e-12,5.789145134880644e-6,0.00008650640472173022,0.00007244602828865788
L48T16beta4.405ms0.021032m0.000760,1032,3.271906193705828e-12,5.789546396389039e-6,0.0000865124007176218,0.00007245104972134113
L48T16beta4.405ms0.021032m0.000760,1033,3.2718460559018204e-12,5.789439984228706e-6,0.00008651081061525009,0.00007244971806732344
L48T16beta4.405ms0.021032m0.000760,1034,3.2719582325116666e-12,5.789638477598884e-6,0.00008651377667455853,0.00007245220203619553
L48T16beta4.405ms0.021032m0.000760,1035,3.271885676714961e-12,5.789510092148176e-6,0.0000865118582283112,0.00007245059540589398
L48T16beta4.405ms0.021032m0.000760,1036,3.2719511123924167e-12,5.789625878747234e-6,0.00008651358841163985,0.00007245204437271644
L48T16beta4.405ms0.021032m0.000760,1037,3.271364223221478e-12,5.788587394792155e-6,0.00008649807048779755,0.00007243904866501969
L48T16beta4.405ms0.021032m0.000760,1038,3.2707519484069357e-12,5.787503991651517e-6,0.00008648188134270319,0.00007242549083346666
L48T16beta4.405ms0.021032m0.000760,1039,3.27103411620455e-12,5.788003279668698e-6,0.0000864893421353212,0.00007243173898115929
L48T16beta4.405ms0.021032m0.000760,1040,3.270837061136212e-12,5.787654596242815e-6,0.00008648413180653234,0.00007242737551664999
L48T16beta4.405ms0.021032m0.000760,1041,3.2714724685925974e-12,5.7887789319454805e-6,0.00008650093260130806,0.00007244144558299373
L48T16beta4.405ms0.021032m0.000760,1042,3.2717636551205783e-12,5.78929417835352e-6,0.0000865086318579801,0.00007244789343582565
L48T16beta4.405ms0.021032m0.000760,1043,3.271560661596891e-12,5.788934986997174e-6,0.00008650326451062214,0.00007244339847386554
L48T16beta4.405ms0.021032m0.000760,1044,3.271935680881486e-12,5.7895985731207245e-6,0.00008651318038739395,0.00007245170266696464
L48T16beta4.405ms0.021032m0.000760,1045,3.271934098173954e-12,5.789595772564063e-6,0.00008651313853905842,0.00007245166762047635
L48T16beta4.405ms0.021032m0.000760,1046,3.271917899846743e-12,5.789567110077616e-6,0.00008651271023943988,0.00007245130893482319
L48T16beta4.405ms0.021032m0.000760,1047,3.271951827288224e-12,5.789627143735349e-6,0.00008651360731418438,0.00007245206020292323
L48T16beta4.405ms0.021032m0.000760,1048,3.2719398070172e-12,5.789605874202339e-6,0.00008651328948645888,0.00007245179403353997
L48T16beta4.405ms0.021032m0.000760,1049,3.2713980384178587e-12,5.788647229835325e-6,0.00008649896459467178,0.00007243979744763424
L48T16beta4.405ms0.021032m0.000760,1050,3.271956239151974e-12,5.789634950404722e-6,0.00008651372396817812,0.00007245215789648197
L48T16beta4.405ms0.021032m0.000760,1051,3.2684306852272854e-12,5.783396581450495e-6,0.00008642050487330584,0.00007237409022963252
L48T16beta4.405ms0.021032m0.000760,1052,3.271668655280111e-12,5.789126078795809e-6,0.00008650611996925835,0.00007244578981861974
L48T16beta4.405ms0.021032m0.000760,1053,3.271850824141448e-12,5.789448421495216e-6,0.0000865109366921707,0.00007244982365224731
L48T16beta4.405ms0.021032m0.000760,1054,3.2718013817959954e-12,5.7893609346493236e-6,0.00008650962938818672,0.00007244872883179199
L48T16beta4.405ms0.021032m0.000760,1055,3.2718126961312326e-12,5.789380955048724e-6,0.00008650992855027939,0.00007244897936937356
L48T16beta4.405ms0.021032m0.000760,1056,3.2719528393337775e-12,5.789628934521618e-6,0.00008651363407365892,0.00007245208261302866
L48T16beta4.405ms0.021032m0.000760,1057,3.2717700097735068e-12,5.789305422733947e-6,0.0000865087998812204,0.00007244803414929606
L48T16beta4.405ms0.021032m0.000760,1058,3.2717679763120982e-12,5.789301824580921e-6,0.00008650874611451138,0.00007244798912159509
L48T16beta4.405ms0.021032m0.000760,1059,3.2719549621174573e-12,5.789632690727901e-6,0.00008651369020213616,0.00007245212961862625
L48T16beta4.405ms0.021032m0.000760,1060,3.2719065241810265e-12,5.789546981155649e-6,0.00008651240945570936,0.00007245105703917777
L48T16beta4.405ms0.021032m0.000760,1061,3.271950180867933e-12,5.789624230440743e-6,0.00008651356378122116,0.00007245202374561935
L48T16beta4.405ms0.021032m0.000760,1062,3.271583009780346e-12,5.788974531482048e-6,0.00008650385541845625,0.00007244389333809905
L48T16beta4.405ms0.021032m0.000760,1063,3.2718521500788827e-12,5.789450767704381e-6,0.00008651097175125365,0.00007244985301297874
L48T16beta4.405ms0.021032m0.000760,1064,3.271935728513854e-12,5.789598657404867e-6,0.00008651318164684037,0.00007245170372170609
L48T16beta4.405ms0.021032m0.000760,1065,3.2719190443073688e-12,5.7895691351686485e-6,0.00008651274050009847,0.00007245133427704536
L48T16beta4.405ms0.021032m0.000760,1066,3.2719499183803635e-12,5.789623765976339e-6,0.00008651355684079304,0.00007245201793325836
L48T16beta4.405ms0.021032m0.000760,1067,3.2719395961854054e-12,5.789605501141382e-6,0.00008651328391185998,0.00007245178936501224
L48T16beta4.405ms0.021032m0.000760,1068,3.2719381329756937e-12,5.789602912032767e-6,0.00008651324522316372,0.00007245175696460915
L48T16beta4.405ms0.021032m0.000760,1069,3.27195610334877e-12,5.789634710104755e-6,0.00008651372037740855,0.00007245215488934053
L48T16beta4.405ms0.021032m0.000760,1070,3.2719362806866916e-12,5.7895996344592415e-6,0.0000865131962468304,0.00007245171594867696
L48T16beta4.405ms0.021032m0.000760,1071,3.2718639575858186e-12,5.7894716607572935e-6,0.0000865112839532885,0.00007245011447104674
L48T16beta4.405ms0.021032m0.000760,1072,3.271950793378633e-12,5.789625314261276e-6,0.00008651357997660331,0.00007245203730867422
L48T16beta4.405ms0.021032m0.000760,1073,3.2716182675267753e-12,5.789036919077138e-6,0.00008650478766776505,0.00007244467406364203
L48T16beta4.405ms0.021032m0.000760,1074,3.2716773451367008e-12,5.789141455253728e-6,0.000086506349737568,0.00007244598224138328
L48T16beta4.405ms0.021032m0.000760,1075,3.2719546068533104e-12,5.789632062097941e-6,0.00008651368080860456,0.0000724521217518786
L48T16beta4.405ms0.021032m0.000760,1076,3.271249037474147e-12,5.788383576837454e-6,0.00008649502486395012,0.00007243649806368424
L48T16beta4.405ms0.021032m0.000760,1077,3.2710733377078308e-12,5.788072681020551e-6,0.00008649037919023895,0.00007243260747766137
L48T16beta4.405ms0.021032m0.000760,1078,3.271260949430833e-12,5.788404654711275e-6,0.00008649533982773856,0.00007243676183462236
L48T16beta4.405ms0.021032m0.000760,1079,3.2717180350907094e-12,5.789213454988028e-6,0.0000865074256197596,0.00007244688325434226
L48T16beta4.405ms0.021032m0.000760,1080,3.2719260264264228e-12,5.789581489832815e-6,0.00008651292511415698,0.00007245148888473422
L48T16beta4.405ms0.021032m0.000760,1081,3.2719049093524173e-12,5.7895441237616405e-6,0.00008651236675806112,0.0000724510212814204
L48T16beta4.405ms0.021032m0.000760,1082,3.2719350998698236e-12,5.789597545036856e-6,0.00008651316502487718,0.00007245168980140481
L48T16beta4.405ms0.021032m0.000760,1083,3.27172336266325e-12,5.789222881978466e-6,0.00008650756648598962,0.00007244700122478523
L48T16beta4.405ms0.021032m0.000760,1084,3.271837014248625e-12,5.789423985276543e-6,0.00008651057154509402,0.00007244951785459532
L48T16beta4.405ms0.021032m0.000760,1085,3.2714480662483664e-12,5.788735752680629e-6,0.00008650028737945339,0.00007244090523270538
L48T16beta4.405ms0.021032m0.000760,1086,3.271908397182631e-12,5.789550295379545e-6,0.00008651245897970417,0.00007245109851375691
L48T16beta4.405ms0.021032m0.000760,1087,3.2719583902186135e-12,5.7896387566569105e-6,0.0000865137808444845,0.0000724522055283598
L48T16beta4.405ms0.021032m0.000760,1088,3.271698134620714e-12,5.789178241663584e-6,0.00008650689943186399,0.0000724464425907487
L48T16beta4.405ms0.021032m0.000760,1089,3.2718039363150154e-12,5.789365454799203e-6,0.00008650969693216874,0.00007244878539746765
L48T16beta4.405ms0.021032m0.000760,1090,3.2717025623928015e-12,5.789186076482315e-6,0.00008650701650648973,0.00007244654063657173
L48T16beta4.405ms0.021032m0.000760,1091,3.2714124566259218e-12,5.788672742450783e-6,0.00008649934582619852,0.00007244011671543943
L48T16beta4.405ms0.021032m0.000760,1092,3.2716999701675804e-12,5.789181489612369e-6,0.00008650694796551887,0.00007244648323595347
L48T16beta4.405ms0.021032m0.000760,1093,3.2717078791789067e-12,5.7891954843864585e-6,0.00008650715708751585,0.0000724466583681666
L48T16beta4.405ms0.021032m0.000760,1094,3.271686713016695e-12,5.789158031455077e-6,0.00008650659743347979,0.00007244618967787415
L48T16beta4.405ms0.021032m0.000760,1095,3.271720583296687e-12,5.789217963967155e-6,0.0000865074929968186,0.00007244693968022583
L48T16beta4.405ms0.021032m0.000760,1096,3.2716975931813722e-12,5.789177283601829e-6,0.00008650688511567809,0.00007244643060145365
L48T16beta4.405ms0.021032m0.000760,1097,3.2716247616886773e-12,5.789048410314787e-6,0.00008650495937975908,0.0000724448178663121
L48T16beta4.405ms0.021032m0.000760,1098,3.2719494724307517e-12,5.789622976880987e-6,0.00008651354504944902,0.00007245200805842833
L48T16beta4.405ms0.021032m0.000760,1099,3.2713396017868812e-12,5.788543827853036e-6,0.00008649741947297927,0.00007243850346333093
L48T16beta4.405ms0.021032m0.000760,1100,3.2719179514231086e-12,5.789567201340551e-6,0.00008651271160316944,0.00007245131007689805
L48T16beta4.405ms0.021032m0.000760,1101,3.2715602240514342e-12,5.7889342127727395e-6,0.00008650325294149221,0.0000724433887851319
L48T16beta4.405ms0.021032m0.000760,1102,3.2717161130273683e-12,5.7892100539507635e-6,0.00008650737479852448,0.00007244684069337062
L48T16beta4.405ms0.021032m0.000760,1103,3.271949945485418e-12,5.789623813937973e-6,0.00008651355755747719,0.00007245201853345577
L48T16beta4.405ms0.021032m0.000760,1104,3.2718642093266575e-12,5.789472106205659e-6,0.00008651129060956256,0.00007245012004543884
L48T16beta4.405ms0.021032m0.000760,1105,3.2719179204269967e-12,5.789567146493799e-6,0.00008651271078360193,0.00007245130939053949
L48T16beta4.405ms0.021032m0.000760,1106,3.271894975350012e-12,5.789526545822536e-6,0.00008651210409331893,0.000072450801309068
L48T16beta4.405ms0.021032m0.000760,1107,3.2719366689454188e-12,5.789600321472188e-6,0.00008651320651277097,0.000072451724546036
L48T16beta4.405ms0.021032m0.000760,1108,3.2719056547678806e-12,5.789545442753431e-6,0.00008651238646757521,0.0000724510377874354
L48T16beta4.405ms0.021032m0.000760,1109,3.2719414983037676e-12,5.789608866886564e-6,0.00008651333420573034,0.0000724518314843347
L48T16beta4.405ms0.021032m0.000760,1110,3.271770906649049e-12,5.789307009730106e-6,0.00008650882359548716,0.00007244805400914858
L48T16beta4.405ms0.021032m0.000760,1111,3.2718471106166584e-12,5.78944185051708e-6,0.00008651083850294226,0.00007244974142227089
L48T16beta4.405ms0.021032m0.000760,1112,3.271938791067354e-12,5.789604076507533e-6,0.00008651326262375105,0.00007245177153698036
L48T16beta4.405ms0.021032m0.000760,1113,3.2718902098367715e-12,5.789518113380292e-6,0.00008651197808848668,0.00007245069578451556
L48T16beta4.405ms0.021032m0.000760,1114,3.2717918938755507e-12,5.7893441460397585e-6,0.00008650937851828798,0.00007244851873720028
L48T16beta4.405ms0.021032m0.000760,1115,3.271867556059711e-12,5.789478028156089e-6,0.00008651137910045867,0.00007245019415340787
L48T16beta4.405ms0.021032m0.000760,1116,3.2712952506256023e-12,5.788465349714986e-6,0.00008649624678488564,0.00007243752137888207
L48T16beta4.405ms0.021032m0.000760,1117,3.271752653764015e-12,5.789274711761119e-6,0.00008650834097134978,0.00007244764982864863
L48T16beta4.405ms0.021032m0.000760,1118,3.2719583890142385e-12,5.789638754525803e-6,0.00008651378081263963,0.00007245220550169085
L48T16beta4.405ms0.021032m0.000760,1119,3.2719468170618714e-12,5.789618278280104e-6,0.00008651347483889804,0.00007245194925959629
L48T16beta4.405ms0.021032m0.000760,1120,3.271893086744472e-12,5.789523203987915e-6,0.0000865120541567408,0.00007245075948896504
L48T16beta4.405ms0.021032m0.000760,1121,3.2718424482429142e-12,5.789433600577286e-6,0.00008651071522521919,0.0000724496381815751
L48T16beta4.405ms0.021032m0.000760,1122,3.2719589221288346e-12,5.789639697857153e-6,0.00008651379490871112,0.00007245221730664793
L48T16beta4.405ms0.021032m0.000760,1123,3.271938796017203e-12,5.789604085266152e-6,0.00008651326275462989,0.00007245177164658672
L48T16beta4.405ms0.021032m0.000760,1124,3.271824215421973e-12,5.78940133811115e-6,0.00008651023313159607,0.00007244923444536192
L48T16beta4.405ms0.021032m0.000760,1125,3.2719609309204086e-12,5.789643252357597e-6,0.00008651384802312556,0.00007245226178807543
L48T16beta4.405ms0.021032m0.000760,1126,3.2719148134704415e-12,5.789561648821169e-6,0.00008651262863263102,0.00007245124059203166
L48T16beta4.405ms0.021032m0.000760,1127,3.2719508274320044e-12,5.789625374517764e-6,0.00008651358087700775,0.00007245203806273081
L48T16beta4.405ms0.021032m0.000760,1128,3.2718734885858295e-12,5.789488525594945e-6,0.00008651153596225312,0.0000724503255195655
L48T16beta4.405ms0.021032m0.000760,1129,3.2719208275499508e-12,5.7895722905664665e-6,0.00008651278765077692,0.00007245137376405671
L48T16beta4.405ms0.021032m0.000760,1130,3.2718123336805405e-12,5.789380313702373e-6,0.00008650991896672849,0.00007244897134349152
L48T16beta4.405ms0.021032m0.000760,1131,3.271956869212138e-12,5.78963606527854e-6,0.00008651374062758526,0.00007245217184814122
L48T16beta4.405ms0.021032m0.000760,1132,3.2719616762432277e-12,5.789644571185457e-6,0.00008651386773019007,0.00007245227829203901
L48T16beta4.405ms0.021032m0.000760,1133,3.2717021830014505e-12,5.7891854051599426e-6,0.00008650700647501125,0.00007244653223556632
L48T16beta4.405ms0.021032m0.000760,1134,3.2719506596136017e-12,5.789625077567799e-6,0.00008651357643972502,0.0000724520343466648
L48T16beta4.405ms0.021032m0.000760,1135,3.2718740089552267e-12,5.789489446374023e-6,0.00008651154972132906,0.00007245033704230082
L48T16beta4.405ms0.021032m0.000760,1136,3.271593406792136e-12,5.7889929287032946e-6,0.00008650413032561954,0.00007244412356304242
L48T16beta4.405ms0.021032m0.000760,1137,3.2717830752434833e-12,5.789328541717237e-6,0.00008650914534502873,0.0000724483234629129
L48T16beta4.405ms0.021032m0.000760,1138,3.271950176407775e-12,5.789624222548619e-6,0.00008651356366329023,0.0000724520236468564
L48T16beta4.405ms0.021032m0.000760,1139,3.271940120710558e-12,5.789606429273952e-6,0.00008651329778081817,0.00007245180097977002
L48T16beta4.405ms0.021032m0.000760,1140,3.2714528942170517e-12,5.788744295636035e-6,0.0000865004150356687,0.00007244101214023223
L48T16beta4.405ms0.021032m0.000760,1141,3.2718610385911683e-12,5.789466495677992e-6,0.00008651120677221424,0.00007245004983465009
L48T16beta4.405ms0.021032m0.000760,1142,3.2718248031304897e-12,5.789402378044914e-6,0.0000865102486711842,0.00007244924745921269
L48T16beta4.405ms0.021032m0.000760,1143,3.271848437387891e-12,5.7894441982016265e-6,0.00008651087358407166,0.00007244977080146542
L48T16beta4.405ms0.021032m0.000760,1144,3.2719518153635885e-12,5.78962712263504e-6,0.00008651360699888535,0.00007245205993887154
L48T16beta4.405ms0.021032m0.000760,1145,3.2719193425688453e-12,5.78956966293398e-6,0.00008651274838642372,0.00007245134088156145
L48T16beta4.405ms0.021032m0.000760,1146,3.271957452156094e-12,5.789637096781548e-6,0.00008651375604119376,0.00007245218475648853
L48T16beta4.405ms0.021032m0.000760,1147,3.271942336059057e-12,5.789610349271092e-6,0.00008651335635679979,0.00007245185003506523
L48T16beta4.405ms0.021032m0.000760,1148,3.2719260850437497e-12,5.789581593554534e-6,0.00008651292666405646,0.00007245149018271975
L48T16beta4.405ms0.021032m0.000760,1149,3.271936931935914e-12,5.789600786826506e-6,0.00008651321346649695,0.00007245173036953348
L48T16beta4.405ms0.021032m0.000760,1150,3.2719324736309357e-12,5.789592897980679e-6,0.00008651309558455171,0.00007245163164760916
L48T16beta4.405ms0.021032m0.000760,1151,3.271967121632757e-12,5.789654206649758e-6,0.00008651401171161653,0.00007245239887134789
L48T16beta4.405ms0.021032m0.000760,1152,3.2718821496035943e-12,5.789503851023371e-6,0.00008651176496803602,0.00007245051730374009
L48T16beta4.405ms0.021032m0.000760,1153,3.271840802537307e-12,5.789430688547294e-6,0.00008651067171115292,0.00007244960174009675
L48T16beta4.405ms0.021032m0.000760,1154,3.2719079312483357e-12,5.789549470921855e-6,0.00008651244665994556,0.00007245108819639852
L48T16beta4.405ms0.021032m0.000760,1155,3.271875281728109e-12,5.789491698510001e-6,0.00008651158337468925,0.00007245036522578957
L48T16beta4.405ms0.021032m0.000760,1156,3.271829582580069e-12,5.78941083514712e-6,0.00008651037504450688,0.00007244935329236273
L48T16beta4.405ms0.021032m0.000760,1157,3.2719779471373395e-12,5.7896733620770024e-6,0.00008651429794854845,0.00007245263858456835
L48T16beta4.405ms0.021032m0.000760,1158,3.27144119972284e-12,5.788723602555973e-6,0.00008650010582180084,0.0000724407531846475
L48T16beta4.405ms0.021032m0.000760,1159,3.271715320760395e-12,5.789208652056538e-6,0.00008650735385021062,0.000072446823149905
L48T16beta4.405ms0.021032m0.000760,1160,3.2718036114117057e-12,5.789364879891894e-6,0.00008650968834140737,0.00007244877820301145
L48T16beta4.405ms0.021032m0.000760,1161,3.2717712145455254e-12,5.7893075545443e-6,0.00008650883173657121,0.00007244806082701608
L48T16beta4.405ms0.021032m0.000760,1162,3.2713188870932303e-12,5.788507173782632e-6,0.00008649687175621365,0.00007243804477007668
L48T16beta4.405ms0.021032m0.000760,1163,3.271541204508939e-12,5.788900558224841e-6,0.00008650275004618151,0.00007244296762824737
L48T16beta4.405ms0.021032m0.000760,1164,3.270923857912571e-12,5.787808180708273e-6,0.00008648642679821392,0.00007242929749032142
L48T16beta4.405ms0.021032m0.000760,1165,3.2716814976230805e-12,5.7891488029621074e-6,0.00008650645953337033,0.00007244607419145134
L48T16beta4.405ms0.021032m0.000760,1166,3.2715954058957707e-12,5.788996466061201e-6,0.0000865041831838754,0.00007244416782994627
L48T16beta4.405ms0.021032m0.000760,1167,3.2717459446675028e-12,5.7892628402026955e-6,0.00008650816357627438,0.00007244750126660064
L48T16beta4.405ms0.021032m0.000760,1168,3.271954886705055e-12,5.7896325572877674e-6,0.00008651368820815847,0.00007245212794874107
L48T16beta4.405ms0.021032m0.000760,1169,3.271720559738583e-12,5.78921792228175e-6,0.0000865074923739193,0.0000724469391585699
L48T16beta4.405ms0.021032m0.000760,1170,3.2718076676672016e-12,5.789372057322419e-6,0.00008650979559277098,0.00007244886802220283
L48T16beta4.405ms0.021032m0.000760,1171,3.2664820841454167e-12,5.779948586396959e-6,0.0000863689819543549,0.0000723309416228231
L48T16beta4.405ms0.021032m0.000760,1172,3.270952592300932e-12,5.7878590254039144e-6,0.00008648718656355345,0.00007242993376669261
L48T16beta4.405ms0.021032m0.000760,1173,3.2715478302256453e-12,5.788912282245033e-6,0.00008650292523661328,0.00007244311434398496
L48T16beta4.405ms0.021032m0.000760,1174,3.2716433341963e-12,5.789081273846995e-6,0.00008650545045503039,0.00007244522912433526
L48T16beta4.405ms0.021032m0.000760,1175,3.2718678405436674e-12,5.789478531542484e-6,0.0000865113866224928,0.00007245020045284315
L48T16beta4.405ms0.021032m0.000760,1176,3.2717901353954476e-12,5.789341034458453e-6,0.00008650933202235372,0.00007244847979851385
L48T16beta4.405ms0.021032m0.000760,1177,3.2719637015254744e-12,5.789648154865684e-6,0.00008651392128063403,0.0000724523231386257
L48T16beta4.405ms0.021032m0.000760,1178,3.2719040544844152e-12,5.789542611096647e-6,0.00008651234415451481,0.00007245100235175661
L48T16beta4.405ms0.021032m0.000760,1179,3.2718929102439818e-12,5.789522891675239e-6,0.00008651204948989517,0.0000724507555806483
L48T16beta4.405ms0.021032m0.000760,1180,3.2718712612200505e-12,5.789484584333565e-6,0.00008651147706852286,0.00007245027619816713
L48T16beta4.405ms0.021032m0.000760,1181,3.2719373128360425e-12,5.789601460818618e-6,0.00008651322353786899,0.00007245173880394832
L48T16beta4.405ms0.021032m0.000760,1182,3.271954881437569e-12,5.789632547967098e-6,0.00008651368806888098,0.00007245212783210114
L48T16beta4.405ms0.021032m0.000760,1183,3.271893130697541e-12,5.78952328176164e-6,0.00008651205531890296,0.00007245076046223439
L48T16beta4.405ms0.021032m0.000760,1184,3.2718424414931204e-12,5.789433588633715e-6,0.00008651071504674805,0.0000724496380321119
L48T16beta4.405ms0.021032m0.000760,1185,3.27194511661676e-12,5.7896152693900915e-6,0.00008651342987746573,0.00007245191160600049
L48T16beta4.405ms0.021032m0.000760,1186,3.2718798801508657e-12,5.789499835290313e-6,0.00008651170496148563,0.00007245046705039456
L48T16beta4.405ms0.021032m0.000760,1187,3.2719372614582003e-12,5.7896013699069646e-6,0.00008651322217938858,0.00007245173766626943
L48T16beta4.405ms0.021032m0.000760,1188,3.271946848706493e-12,5.789618334274375e-6,0.0000865134756756128,0.00007245194996031504
L48T16beta4.405ms0.021032m0.000760,1189,3.271954708722257e-12,5.78963224235219e-6,0.00008651368350211916,0.000072452124007601
L48T16beta4.405ms0.021032m0.000760,1190,3.2719597169898463e-12,5.789641104341457e-6,0.0000865138159256139,0.00007245223490755432
L48T16beta4.405ms0.021032m0.000760,1191,3.271802947112882e-12,5.789363704433725e-6,0.00008650967077669658,0.00007244876349319268
L48T16beta4.405ms0.021032m0.000760,1192,3.2719547391889735e-12,5.789632296262191e-6,0.00008651368430768897,0.00007245212468223698
L48T16beta4.405ms0.021032m0.000760,1193,3.2717134607422173e-12,5.789205360806453e-6,0.00008650730466951031,0.00007244678196282274
L48T16beta4.405ms0.021032m0.000760,1194,3.271779828010331e-12,5.789322795829097e-6,0.00008650905948500735,0.00007244825155820761
L48T16beta4.405ms0.021032m0.000760,1195,3.2718681838037693e-12,5.789479138931623e-6,0.00008651139569862569,0.0000724502080537807
L48T16beta4.405ms0.021032m0.000760,1196,3.2716301911036947e-12,5.789058017512637e-6,0.00008650510293880382,0.00007244493809189134
L48T16beta4.405ms0.021032m0.000760,1197,3.2717690198434544e-12,5.789303671080437e-6,0.00008650877370650134,0.00007244801222890248
L48T16beta4.405ms0.021032m0.000760,1198,3.271895649072077e-12,5.7895277379548665e-6,0.00008651212190718945,0.00007245081622754914
L48T16beta4.405ms0.021032m0.000760,1199,3.271900193165611e-12,5.78953577860114e-6,0.00008651224205746804,0.00007245091684912173
L48T16beta4.405ms0.021032m0.000760,1200,3.2718578724878906e-12,5.789460893346893e-6,0.00008651112305734615,0.00007244997972643415
L48T16beta4.405ms0.021032m0.000760,1201,3.2719605545069077e-12,5.789642586304447e-6,0.00008651383807038435,0.00007245225345300968
L48T16beta4.405ms0.021032m0.000760,1202,3.2714462307676743e-12,5.788732504848938e-6,0.00008650023884754821,0.00007244086458896592
L48T16beta4.405ms0.021032m0.000760,1203,3.2718817974364116e-12,5.789503227873402e-6,0.00008651175565639119,0.00007245050950556969
L48T16beta4.405ms0.021032m0.000760,1204,3.271836807546116e-12,5.789423619522241e-6,0.00008651056607967747,0.00007244951327750391
L48T16beta4.405ms0.021032m0.000760,1205,3.271812417430923e-12,5.7893804618963304e-6,0.00008650992118117054,0.00007244897319800774
L48T16beta4.405ms0.021032m0.000760,1206,3.2717134095364287e-12,5.789205270199244e-6,0.00008650730331557916,0.0000724467808289537
L48T16beta4.405ms0.021032m0.000760,1207,3.271913090353964e-12,5.789558599814809e-6,0.0000865125830717456,0.00007245120243641527
L48T16beta4.405ms0.021032m0.000760,1208,3.271810094125428e-12,5.789376350872309e-6,0.00008650985975070033,0.00007244892175218017
L48T16beta4.405ms0.021032m0.000760,1209,3.2719148921518613e-12,5.789561788045738e-6,0.00008651263071304474,0.00007245124233430395
L48T16beta4.405ms0.021032m0.000760,1210,3.2719571774527215e-12,5.789636610701622e-6,0.00008651374877776785,0.00007245217867362841
L48T16beta4.405ms0.021032m0.000760,1211,3.271927792000427e-12,5.789584613966579e-6,0.00008651297179766094,0.0000724515279805036
L48T16beta4.405ms0.021032m0.000760,1212,3.2717705086891476e-12,5.789306305551203e-6,0.00008650881307303803,0.00007244804519697277
L48T16beta4.405ms0.021032m0.000760,1213,3.2719423896603607e-12,5.789610444117098e-6,0.0000865133577740707,0.00007245185122197907
L48T16beta4.405ms0.021032m0.000760,1214,3.27193897410588e-12,5.78960440038908e-6,0.00008651326746346875,0.0000724517755900713
L48T16beta4.405ms0.021032m0.000760,1215,3.268336704115991e-12,5.7832302845055306e-6,0.00008641801992078007,0.00007237200917052993
L48T16beta4.405ms0.021032m0.000760,1216,3.2719550245729023e-12,5.7896328012410625e-6,0.00008651369185351923,0.00007245213100160067
L48T16beta4.405ms0.021032m0.000760,1217,3.2719298075417947e-12,5.7895881804105945e-6,0.00008651302509054653,0.00007245157261139434
L48T16beta4.405ms0.021032m0.000760,1218,3.271931178914606e-12,5.789590607016386e-6,0.00008651306135098529,0.00007245160297821838
L48T16beta4.405ms0.021032m0.000760,1219,3.27179604159737e-12,5.789351485317382e-6,0.00008650948818811069,0.0000724486105817649
L48T16beta4.405ms0.021032m0.000760,1220,3.271423188612773e-12,5.78869173240102e-6,0.00008649962959043014,0.00007244035435786161
L48T16beta4.405ms0.021032m0.000760,1221,3.2712654580548625e-12,5.788412632595254e-6,0.00008649545904016876,0.00007243686167078038
L48T16beta4.405ms0.021032m0.000760,1222,3.2693609367396226e-12,5.785042635454533e-6,0.00008644510163337139,0.000072394689138826
L48T16beta4.405ms0.021032m0.000760,1223,3.2714746533023266e-12,5.7887827977281744e-6,0.00008650099036717061,0.00007244149395984313
L48T16beta4.405ms0.021032m0.000760,1224,3.2718675907086527e-12,5.789478089466421e-6,0.00008651138001661057,0.00007245019492065241
L48T16beta4.405ms0.021032m0.000760,1225,3.2718971962571647e-12,5.789530475655558e-6,0.0000865121628162768,0.00007245085048745058
L48T16beta4.405ms0.021032m0.000760,1226,3.2719058391431304e-12,5.789545769000273e-6,0.0000865123913426372,0.00007245104187012593
L48T16beta4.405ms0.021032m0.000760,1227,3.2718293108677814e-12,5.789410354359835e-6,0.00008651036786016819,0.00007244934727573533
L48T16beta4.405ms0.021032m0.000760,1228,3.2718200519903397e-12,5.78939397103545e-6,0.00008651012304639052,0.000072449142252929
L48T16beta4.405ms0.021032m0.000760,1229,3.2717839197485666e-12,5.789330036045336e-6,0.0000865091676745693,0.00007244834216310664
L48T16beta4.405ms0.021032m0.000760,1230,3.271760320113637e-12,5.789288277152117e-6,0.00008650854367713389,0.00007244781958751235
L48T16beta4.405ms0.021032m0.000760,1231,3.271779037755061e-12,5.7893213974945235e-6,0.0000865090385898849,0.00007244823405928788
L48T16beta4.405ms0.021032m0.000760,1232,3.2719271645210665e-12,5.789583503659421e-6,0.00008651295520649278,0.00007245151408599207
L48T16beta4.405ms0.021032m0.000760,1233,3.271944595162102e-12,5.789614346690675e-6,0.00008651341608969441,0.00007245190005923382
L48T16beta4.405ms0.021032m0.000760,1234,3.2719390734072582e-12,5.789604576100088e-6,0.00008651327008909434,0.00007245177778893906
L48T16beta4.405ms0.021032m0.000760,1235,3.2719647826703873e-12,5.7896500679213356e-6,0.00008651394986716324,0.00007245234707882423
L48T16beta4.405ms0.021032m0.000760,1236,3.2719312882877354e-12,5.789590800549076e-6,0.00008651306424291785,0.00007245160540010875
L48T16beta4.405ms0.021032m0.000760,1237,3.2715819659181175e-12,5.788972684397063e-6,0.0000865038278177177,0.00007244387022346504
L48T16beta4.405ms0.021032m0.000760,1238,3.2719521133603672e-12,5.789627649931996e-6,0.00008651361487821172,0.00007245206653752632
L48T16beta4.405ms0.021032m0.000760,1239,3.271775873279675e-12,5.789315798043933e-6,0.00008650895491805985,0.00007244816398711895
L48T16beta4.405ms0.021032m0.000760,1240,3.2719477133550785e-12,5.789619864245837e-6,0.00008651349853776729,0.00007245196910655396
L48T16beta4.405ms0.021032m0.000760,1241,3.2718025309020675e-12,5.789362967960343e-6,0.00008650965977167545,0.00007244875427688004
L48T16beta4.405ms0.021032m0.000760,1242,3.271715217131208e-12,5.789208468687593e-6,0.00008650735111015354,0.00007244682085520492
L48T16beta4.405ms0.021032m0.000760,1243,3.271906884077385e-12,5.789547617982178e-6,0.00008651241897172116,0.00007245106500849822
L48T16beta4.405ms0.021032m0.000760,1244,3.27194585882938e-12,5.789616582714541e-6,0.00008651344950229352,0.00007245192804109375
L48T16beta4.405ms0.021032m0.000760,1245,3.2719462471675166e-12,5.789617269868e-6,0.00008651345977033375,0.00007245193664021118
L48T16beta4.405ms0.021032m0.000760,1246,3.271527636563136e-12,5.788876550124646e-6,0.00008650239129642077,0.00007244266718811927
L48T16beta4.405ms0.021032m0.000760,1247,3.2719689591251524e-12,5.789657458041102e-6,0.00008651406029671312,0.00007245243955963326
L48T16beta4.405ms0.021032m0.000760,1248,3.271798197772677e-12,5.789355300609214e-6,0.0000865095451994952,0.00007244865832676584
L48T16beta4.405ms0.021032m0.000760,1249,3.2719723459334525e-12,5.789663450903558e-6,0.00008651414984723794,0.00007245251455500354
L48T16beta4.405ms0.021032m0.000760,1250,3.271706202913939e-12,5.7891925182825335e-6,0.00008650711276543019,0.00007244662125000083
L48T16beta4.405ms0.021032m0.000760,1251,3.2718245192156337e-12,5.789401875665526e-6,0.00008651024116419766,0.00007244924117237924
L48T16beta4.405ms0.021032m0.000760,1252,3.2718658725552587e-12,5.789475049242099e-6,0.00008651133458695395,0.00007245015687493546
L48T16beta4.405ms0.021032m0.000760,1253,3.271609125116364e-12,5.7890207418379025e-6,0.00008650454593348962,0.00007244447161980896
L48T16beta4.405ms0.021032m0.000760,1254,3.2692392804149633e-12,5.784827367994426e-6,0.00008644188492112913,0.00007239199525706257
L48T16beta4.405ms0.021032m0.000760,1255,3.271564858261333e-12,5.788942412877397e-6,0.00008650337547453564,0.00007244349140218504
L48T16beta4.405ms0.021032m0.000760,1256,3.2716643796827865e-12,5.78911851324606e-6,0.0000865060069182822,0.00007244569514245972
L48T16beta4.405ms0.021032m0.000760,1257,3.271727840198523e-12,5.789230804851761e-6,0.00008650768487640268,0.00007244710037253321
L48T16beta4.405ms0.021032m0.000760,1258,3.2717986564807225e-12,5.789356112280257e-6,0.0000865095573281847,0.00007244866848411067
L48T16beta4.405ms0.021032m0.000760,1259,3.2719220102064685e-12,5.78957438324406e-6,0.00008651281892137226,0.00007245139995206489
L48T16beta4.405ms0.021032m0.000760,1260,3.2718885422671264e-12,5.789515162662497e-6,0.00008651193399631386,0.00007245065885889358
L48T16beta4.405ms0.021032m0.000760,1261,3.271462483649101e-12,5.788761263867542e-6,0.00008650066858963358,0.0000724412244826336
L48T16beta4.405ms0.021032m0.000760,1262,3.271303663872995e-12,5.788480236720676e-6,0.00008649646923937752,0.0000724377076765841
L48T16beta4.405ms0.021032m0.000760,1263,3.271907888234944e-12,5.7895493948108626e-6,0.00008651244552262941,0.00007245108724393681
L48T16beta4.405ms0.021032m0.000760,1264,3.2713049445868114e-12,5.788482502907914e-6,0.00008649650310270375,0.00007243773603591193
L48T16beta4.405ms0.021032m0.000760,1265,3.2712469165830565e-12,5.788379823980054e-6,0.00008649496878551478,0.00007243645109999496
L48T16beta4.405ms0.021032m0.000760,1266,3.2706410161414285e-12,5.787307700113806e-6,0.00008647894818507644,0.00007242303441857939
L48T16beta4.405ms0.021032m0.000760,1267,3.271904499600229e-12,5.7895433987166164e-6,0.0000865123559238124,0.00007245101220812354
L48T16beta4.405ms0.021032m0.000760,1268,3.270947016031577e-12,5.787849158351427e-6,0.00008648703912153637,0.00007242981028926253
L48T16beta4.405ms0.021032m0.000760,1269,3.271568537031302e-12,5.788948922357852e-6,0.00008650347274481262,0.0000724435728625724
L48T16beta4.405ms0.021032m0.000760,1270,3.2718492183257987e-12,5.789445580049388e-6,0.00008651089423283394,0.0000724497880940673
L48T16beta4.405ms0.021032m0.000760,1271,3.2718235160639263e-12,5.789400100616668e-6,0.0000865102146398851,0.00007244921895921358
L48T16beta4.405ms0.021032m0.000760,1272,3.2719241155862682e-12,5.789578108654665e-6,0.00008651287458967389,0.00007245144657228183
L48T16beta4.405ms0.021032m0.000760,1273,3.2718695317640606e-12,5.789481524109616e-6,0.00008651143134001453,0.00007245023790217253
L48T16beta4.405ms0.021032m0.000760,1274,3.2716090180328704e-12,5.789020552356659e-6,0.00008650454310209727,0.00007244446924861887
L48T16beta4.405ms0.021032m0.000760,1275,3.2711787551932813e-12,5.788259214309366e-6,0.00008649316653168581,0.00007243494177669922
L48T16beta4.405ms0.021032m0.000760,1276,3.271819523891767e-12,5.789393036579812e-6,0.00008651010908294761,0.00007244913055904364
L48T16beta4.405ms0.021032m0.000760,1277,3.2717415109926544e-12,5.789254994939194e-6,0.00008650804634557386,0.00007244740309007054
L48T16beta4.405ms0.021032m0.000760,1278,3.271514382032759e-12,5.78885309660427e-6,0.00008650204083367048,0.00007244237368806684
L48T16beta4.405ms0.021032m0.000760,1279,3.27013337657741e-12,5.7864094461191826e-6,0.00008646552569837222,0.00007241179356474196
L48T16beta4.405ms0.021032m0.000760,1280,3.2715956959516156e-12,5.788996979306897e-6,0.00008650419085323569,0.00007244417425276195
L48T16beta4.405ms0.021032m0.000760,1281,3.271601760561934e-12,5.789007710465047e-6,0.00008650435120746563,0.0000724443085437097
L48T16beta4.405ms0.021032m0.000760,1282,3.268353865638777e-12,5.783260651339578e-6,0.00008641847368823191,0.00007237238918458505
L48T16beta4.405ms0.021032m0.000760,1283,3.271950641680326e-12,5.78962504583537e-6,0.00008651357596555166,0.00007245203394956154
L48T16beta4.405ms0.021032m0.000760,1284,3.2717328864899506e-12,5.789239734123146e-6,0.00008650781830528489,0.00007244721211446268
L48T16beta4.405ms0.021032m0.000760,1285,3.27194601378347e-12,5.789616856901464e-6,0.00008651345359943124,0.00007245193147230046
L48T16beta4.405ms0.021032m0.000760,1286,3.2712629077180677e-12,5.788408119845705e-6,0.00008649539160676887,0.0000724368051977133
L48T16beta4.405ms0.021032m0.000760,1287,3.2719413501391762e-12,5.7896086047134684e-6,0.00008651333028811361,0.00007245182820347042
L48T16beta4.405ms0.021032m0.000760,1288,3.271829887750158e-12,5.789411375137048e-6,0.0000865103831135026,0.00007244936004985882
L48T16beta4.405ms0.021032m0.000760,1289,3.2716367377816394e-12,5.789069601675953e-6,0.00008650527603937338,0.00007244508305744389
L48T16beta4.405ms0.021032m0.000760,1290,3.2719337279411468e-12,5.789595117447477e-6,0.00008651312874974078,0.00007245165942227201
L48T16beta4.405ms0.021032m0.000760,1291,3.2717681880041606e-12,5.789302199164098e-6,0.00008650875171185661,0.00007244799380917207
L48T16beta4.405ms0.021032m0.000760,1292,3.2719372786370872e-12,5.789601400304524e-6,0.00008651322263361516,0.00007245173804666799
L48T16beta4.405ms0.021032m0.000760,1293,3.271940499731332e-12,5.7896070999406e-6,0.00008651330780249823,0.0000724518093725696
L48T16beta4.405ms0.021032m0.000760,1294,3.2716481053476033e-12,5.789089716265634e-6,0.00008650557660893853,0.00007244533477373345
L48T16beta4.405ms0.021032m0.000760,1295,3.2719268550231685e-12,5.789582956011556e-6,0.00008651294702306556,0.00007245150723266367
L48T16beta4.405ms0.021032m0.000760,1296,3.271952244544595e-12,5.7896278820588135e-6,0.00008651361834685103,0.00007245206944238803
L48T16beta4.405ms0.021032m0.000760,1297,3.2719245842866556e-12,5.789578938006877e-6,0.00008651288698257066,0.00007245145695089082
L48T16beta4.405ms0.021032m0.000760,1298,3.2719468401038145e-12,5.789618319052177e-6,0.00008651347544814956,0.00007245194976982271
L48T16beta4.405ms0.021032m0.000760,1299,3.2717842793537574e-12,5.789330672356652e-6,0.00008650917718288237,0.00007244835012597968
L48T16beta4.405ms0.021032m0.000760,1300,3.2719256129552305e-12,5.789580758207118e-6,0.00008651291418157415,0.00007245147972908606
L48T16beta4.405ms0.021032m0.000760,1301,3.2717091602633e-12,5.789197751229422e-6,0.00008650719096064052,0.00007244668673570027
L48T16beta4.405ms0.021032m0.000760,1302,3.2713163891401293e-12,5.788502753724563e-6,0.00008649680570788986,0.00007243798945696143
L48T16beta4.405ms0.021032m0.000760,1303,3.271943322680387e-12,5.78961209506991e-6,0.00008651338244403299,0.00007245187188219252
L48T16beta4.405ms0.021032m0.000760,1304,3.2719361036568056e-12,5.789599321209815e-6,0.00008651319156598701,0.00007245171202863759
L48T16beta4.405ms0.021032m0.000760,1305,3.271940418442639e-12,5.789606956102533e-6,0.00008651330565314566,0.0000724518075725635
L48T16beta4.405ms0.021032m0.000760,1306,3.2718593476884125e-12,5.7894635036729106e-6,0.00008651116206309115,0.00007245001239235426
L48T16beta4.405ms0.021032m0.000760,1307,3.2719513315886616e-12,5.789626266608852e-6,0.000086513594207403,0.00007245204922646134
L48T16beta4.405ms0.021032m0.000760,1308,3.2707989861582e-12,5.787587223635322e-6,0.00008648312506686437,0.00007242653240808825
L48T16beta4.405ms0.021032m0.000760,1309,3.271891211426762e-12,5.789519885665735e-6,0.0000865120045715059,0.00007245071796309951
L48T16beta4.405ms0.021032m0.000760,1310,3.271941058190742e-12,5.789608088118889e-6,0.00008651332256871138,0.00007245182173874641
L48T16beta4.405ms0.021032m0.000760,1311,3.271916117080617e-12,5.789563955522874e-6,0.00008651266310135941,0.0000724512694583622
L48T16beta4.405ms0.021032m0.000760,1312,3.2719843309467303e-12,5.789684658048973e-6,0.00008651446674271412,0.00007245277994366124
L48T16beta4.405ms0.021032m0.000760,1313,3.2693977315861535e-12,5.785107742905214e-6,0.00008644607452511062,0.00007239550390095475
L48T16beta4.405ms0.021032m0.000760,1314,3.2719579347134112e-12,5.789637950653209e-6,0.00008651376880048131,0.00007245219544193673
L48T16beta4.405ms0.021032m0.000760,1315,3.27168314604184e-12,5.789151719792947e-6,0.00008650650311917501,0.00007244611069300807
L48T16beta4.405ms0.021032m0.000760,1316,3.2717378842093325e-12,5.789248577447656e-6,0.0000865079504498747,0.00007244732278084308
L48T16beta4.405ms0.021032m0.000760,1317,3.271965208344148e-12,5.789650821139136e-6,0.00008651396112239391,0.00007245235650467846
L48T16beta4.405ms0.021032m0.000760,1318,3.2717826784350173e-12,5.789327839575767e-6,0.00008650913485302467,0.00007244831467623375
L48T16beta4.405ms0.021032m0.000760,1319,3.2718488173351075e-12,5.789444870507587e-6,0.00008651088363024776,0.00007244977921477956
L48T16beta4.405ms0.021032m0.000760,1320,3.2719189492146856e-12,5.789568966904808e-6,0.00008651273798575489,0.0000724513321713723
L48T16beta4.405ms0.021032m0.000760,1321,3.271894834795482e-12,5.7895262971152314e-6,0.00008651210037691967,0.00007245079819671617
L48T16beta4.405ms0.021032m0.000760,1322,3.2719611339965577e-12,5.789643611695157e-6,0.00008651385339265762,0.000072452266284867
L48T16beta4.405ms0.021032m0.000760,1323,3.2716735439175313e-12,5.789134729102842e-6,0.00008650624922961436,0.00007244589806955721
L48T16beta4.405ms0.021032m0.000760,1324,3.2715297745007648e-12,5.788880333145417e-6,0.00008650244782558325,0.00007244271452927647
L48T16beta4.405ms0.021032m0.000760,1325,3.2715881312062428e-12,5.788983593701773e-6,0.00008650399083396733,0.00007244400674375935
L48T16beta4.405ms0.021032m0.000760,1326,3.2718342261867394e-12,5.789419051879102e-6,0.00008651049782601016,0.00007244945611749213
L48T16beta4.405ms0.021032m0.000760,1327,3.2716404415523152e-12,5.789076155394458e-6,0.00008650537397069351,0.00007244516507143131
L48T16beta4.405ms0.021032m0.000760,1328,3.2719164445514954e-12,5.789564534973424e-6,0.00008651267176000982,0.00007245127670967307
L48T16beta4.405ms0.021032m0.000760,1329,3.271033472830087e-12,5.7880021412356e-6,0.00008648932512387099,0.00007243172473467654
L48T16beta4.405ms0.021032m0.000760,1330,3.2712942703702543e-12,5.788463615180595e-6,0.00008649622086597524,0.00007243749967271913
L48T16beta4.405ms0.021032m0.000760,1331,3.269546262585398e-12,5.78537056434951e-6,0.0000864500018300408,0.00007239879287874761
L48T16beta4.405ms0.021032m0.000760,1332,3.271778649721327e-12,5.789320710879696e-6,0.00008650902832989336,0.00007244822546691094
L48T16beta4.405ms0.021032m0.000760,1333,3.271954252727364e-12,5.789631435481994e-6,0.00008651367144516809,0.00007245211391033455
L48T16beta4.405ms0.021032m0.000760,1334,3.2719120734247362e-12,5.789556800387015e-6,0.00008651255618314196,0.00007245117991816883
L48T16beta4.405ms0.021032m0.000760,1335,3.2719486092777086e-12,5.789621449555846e-6,0.00008651352222683814,0.0000724519889453058
L48T16beta4.405ms0.021032m0.000760,1336,3.2719435855120636e-12,5.789612560143202e-6,0.00008651338939355965,0.0000724518777021732
L48T16beta4.405ms0.021032m0.000760,1337,3.270296686250176e-12,5.786698418012472e-6,0.00008646984376588853,0.00007241540979226229
L48T16beta4.405ms0.021032m0.000760,1338,3.2716560572664424e-12,5.789103786963366e-6,0.00008650578686545212,0.00007244551085606378
L48T16beta4.405ms0.021032m0.000760,1339,3.2703293057933774e-12,5.786756137380819e-6,0.00008647070625852297,0.0000724161320990787
L48T16beta4.405ms0.021032m0.000760,1340,3.269476632347848e-12,5.785247355593812e-6,0.00008644816073843966,0.00007239725103020302
L48T16beta4.405ms0.021032m0.000760,1341,3.2715674220447758e-12,5.7889469494204135e-6,0.00008650344326347806,0.00007244354817300629
L48T16beta4.405ms0.021032m0.000760,1342,3.2699109638043203e-12,5.786015892944758e-6,0.0000864596448870619,0.00007240686859503692
L48T16beta4.405ms0.021032m0.000760,1343,3.271824659809868e-12,5.789402124443087e-6,0.00008651024488164675,0.00007244924428561025
L48T16beta4.405ms0.021032m0.000760,1344,3.2718087966562412e-12,5.7893740550369124e-6,0.0000865098254443457,0.00007244889302183185
L48T16beta4.405ms0.021032m0.000760,1345,3.271928421782658e-12,5.7895857283486035e-6,0.00008651298844971927,0.00007245154192600846
L48T16beta4.405ms0.021032m0.000760,1346,3.2710337697680748e-12,5.788002666659055e-6,0.00008648933297520187,0.0000724317313098861
L48T16beta4.405ms0.021032m0.000760,1347,3.27194424527132e-12,5.7896137275687334e-6,0.00008651340683823984,0.00007245189231147062
L48T16beta4.405ms0.021032m0.000760,1348,3.271856145149483e-12,5.789457836869946e-6,0.00008651107738482877,0.00007244994147732997
L48T16beta4.405ms0.021032m0.000760,1349,3.2719554552494513e-12,5.789633563311157e-6,0.00008651370324102852,0.0000724521405382335
L48T16beta4.405ms0.021032m0.000760,1350,3.2719467153252735e-12,5.789618098260042e-6,0.00008651347214888286,0.00007245194700680453
L48T16beta4.405ms0.021032m0.000760,1351,3.271943240200554e-12,5.789611949124154e-6,0.0000865133802631855,0.00007245187005581053
L48T16beta4.405ms0.021032m0.000760,1352,3.271846849902564e-12,5.78944138919079e-6,0.00008651083160940655,0.00007244973564918062
L48T16beta4.405ms0.021032m0.000760,1353,3.271862610260802e-12,5.789469276703402e-6,0.00008651124832869695,0.00007245008463672204
L48T16beta4.405ms0.021032m0.000760,1354,3.271877103312167e-12,5.7894949217519864e-6,0.00008651163153915383,0.00007245040556181064
L48T16beta4.405ms0.021032m0.000760,1355,3.271866596464026e-12,5.789476330178393e-6,0.00008651135372780998,0.00007245017290471963
L48T16beta4.405ms0.021032m0.000760,1356,3.2719549680863926e-12,5.789632701289765e-6,0.00008651369035996065,0.00007245212975079862
L48T16beta4.405ms0.021032m0.000760,1357,3.27193212002115e-12,5.789592272278064e-6,0.00008651308623476303,0.00007245162381749465
L48T16beta4.405ms0.021032m0.000760,1358,3.271944032599876e-12,5.789613351252568e-6,0.0000865134012149988,0.00007245188760220682
L48T16beta4.405ms0.021032m0.000760,1359,3.2719328885050263e-12,5.789593632088766e-6,0.00008651310655422852,0.00007245164083432221
L48T16beta4.405ms0.021032m0.000760,1360,3.2705478168150745e-12,5.7871427865154035e-6,0.00008647648390370933,0.00007242097067083485
L48T16beta4.405ms0.021032m0.000760,1361,3.2719432898313906e-12,5.78961203694453e-6,0.00008651338157547337,0.00007245187115480482
L48T16beta4.405ms0.021032m0.000760,1362,3.2719514629581777e-12,5.789626499063533e-6,0.00008651359768094153,0.00007245205213542596
L48T16beta4.405ms0.021032m0.000760,1363,3.2718410535899317e-12,5.7894311327778836e-6,0.00008651067834922992,0.00007244960729924945
L48T16beta4.405ms0.021032m0.000760,1364,3.271627448252193e-12,5.789053164113704e-6,0.00008650503041512673,0.00007244487735589869
L48T16beta4.405ms0.021032m0.000760,1365,3.2714544553252433e-12,5.788747057973269e-6,0.00008650045631289654,0.0000724410467084382
L48T16beta4.405ms0.021032m0.000760,1366,3.2717909239566517e-12,5.789342429795424e-6,0.0000865093528726834,0.00007244849725992122
L48T16beta4.405ms0.021032m0.000760,1367,3.271928106779046e-12,5.789585170958532e-6,0.00008651298012071559,0.00007245153495076497
L48T16beta4.405ms0.021032m0.000760,1368,3.2719268505497758e-12,5.789582948096013e-6,0.00008651294690478469,0.00007245150713360765
L48T16beta4.405ms0.021032m0.000760,1369,3.2719152015306453e-12,5.789562335482834e-6,0.00008651263889332246,0.00007245124918499474
L48T16beta4.405ms0.021032m0.000760,1370,3.2712636510027138e-12,5.788409435067074e-6,0.00008649541125994207,0.00007243682165654483
L48T16beta4.405ms0.021032m0.000760,1371,3.271945380348409e-12,5.78961573605586e-6,0.00008651343685078854,0.00007245191744590961
L48T16beta4.405ms0.021032m0.000760,1372,3.270489540286559e-12,5.787039667829938e-6,0.00008647494301528255,0.00007241968023174059
L48T16beta4.405ms0.021032m0.000760,1373,3.2719260025374467e-12,5.789581447561941e-6,0.00008651292448250907,0.00007245148835575163
L48T16beta4.405ms0.021032m0.000760,1374,3.2719516496362984e-12,5.78962682938524e-6,0.00008651360261689366,0.0000724520562691098
L48T16beta4.405ms0.021032m0.000760,1375,3.2718776491719618e-12,5.7894958876356095e-6,0.00008651164597222082,0.00007245041764898942
L48T16beta4.405ms0.021032m0.000760,1376,3.2719503572360744e-12,5.789624542519231e-6,0.00008651356844456737,0.00007245202765100546
L48T16beta4.405ms0.021032m0.000760,1377,3.2717995444624188e-12,5.789357683539005e-6,0.00008650958080728946,0.00007244868814702342
L48T16beta4.405ms0.021032m0.000760,1378,3.271929241101746e-12,5.789587178110789e-6,0.0000865130101133175,0.00007245156006849924
L48T16beta4.405ms0.021032m0.000760,1379,3.2719402810115432e-12,5.789606712922057e-6,0.00008651330201933304,0.00007245180452937503
L48T16beta4.405ms0.021032m0.000760,1380,3.27187444814181e-12,5.7894902235023846e-6,0.00008651156133385199,0.00007245034676737455
L48T16beta4.405ms0.021032m0.000760,1381,3.2713396958869477e-12,5.788543994360469e-6,0.00008649742196107709,0.00007243850554702411
L48T16beta4.405ms0.021032m0.000760,1382,3.271888335855785e-12,5.789514797423408e-6,0.00008651192853859605,0.0000724506542882496
L48T16beta4.405ms0.021032m0.000760,1383,3.271811538197489e-12,5.789378906117387e-6,0.00008650989793337838,0.00007244895372881106
L48T16beta4.405ms0.021032m0.000760,1384,3.2716062949939986e-12,5.789015734015621e-6,0.00008650447110228552,0.00007244440895134474
L48T16beta4.405ms0.021032m0.000760,1385,3.2715100038120987e-12,5.788845349465402e-6,0.00008650192506923294,0.00007244227673947969
L48T16beta4.405ms0.021032m0.000760,1386,3.2708369912030543e-12,5.787654472498051e-6,0.00008648412995743124,0.00007242737396809377
L48T16beta4.405ms0.021032m0.000760,1387,3.2716614120499162e-12,5.789113262102789e-6,0.00008650592845116584,0.00007244562942904868
L48T16beta4.405ms0.021032m0.000760,1388,3.2716199940710894e-12,5.789039974148959e-6,0.00008650483331928582,0.00007244471229516229
L48T16beta4.405ms0.021032m0.000760,1389,3.2719508524194763e-12,5.789625418732396e-6,0.00008651358153770097,0.00007245203861603782
L48T16beta4.405ms0.021032m0.000760,1390,3.271816747423645e-12,5.789388123697212e-6,0.00008651003567041421,0.00007244906907866551
L48T16beta4.405ms0.021032m0.000760,1391,3.2719112494072623e-12,5.789555342311167e-6,0.0000865125343953138,0.00007245116167163992
L48T16beta4.405ms0.021032m0.000760,1392,3.271960844271585e-12,5.78964309903493e-6,0.00008651384573204591,0.00007245225986937795
L48T16beta4.405ms0.021032m0.000760,1393,3.271914676979023e-12,5.789561407303426e-6,0.00008651262502366439,0.00007245123756965084
L48T16beta4.405ms0.021032m0.000760,1394,3.2716643524056786e-12,5.789118464979981e-6,0.00008650600619704879,0.00007244569453845247
L48T16beta4.405ms0.021032m0.000760,1395,3.27164449553141e-12,5.789083328796955e-6,0.00008650548116186686,0.0000724452548402155
L48T16beta4.405ms0.021032m0.000760,1396,3.2717647011665634e-12,5.789296029302601e-6,0.00008650865951645931,0.00007244791659881542
L48T16beta4.405ms0.021032m0.000760,1397,3.2719269366692037e-12,5.789583100481929e-6,0.00008651294918186661,0.00007245150904058254
L48T16beta4.405ms0.021032m0.000760,1398,3.2717428445401507e-12,5.78925735461415e-6,0.0000865080816058743,0.00007244743261931443
L48T16beta4.405ms0.021032m0.000760,1399,3.271369520922872e-12,5.7885967689264364e-6,0.00008649821056420523,0.00007243916597401462
L48T16beta4.405ms0.021032m0.000760,1400,3.2717669799366545e-12,5.789300061522472e-6,0.00008650871976936988,0.00007244796705847882
L48T16beta4.405ms0.021032m0.000760,1401,3.2715981542794565e-12,5.7890013292491785e-6,0.00008650425585382884,0.00007244422868844015
L48T16beta4.405ms0.021032m0.000760,1402,3.2681360025840496e-12,5.782875148764403e-6,0.00008641271317592614,0.00007236756496100526
L48T16beta4.405ms0.021032m0.000760,1403,3.271816092481888e-12,5.789386964796112e-6,0.00008651001835311342,0.00007244905457604381
L48T16beta4.405ms0.021032m0.000760,1404,3.2713922741071898e-12,5.788637030048997e-6,0.00008649881218065838,0.0000724396698063346
L48T16beta4.405ms0.021032m0.000760,1405,3.2719562536574134e-12,5.789634976071691e-6,0.00008651372435171613,0.00007245215821768136
L48T16beta4.405ms0.021032m0.000760,1406,3.27152224840127e-12,5.788867015923092e-6,0.0000865022488281497,0.00007244254787602407
L48T16beta4.405ms0.021032m0.000760,1407,3.271378415404093e-12,5.788612507461911e-6,0.00008649844574299031,0.00007243936292785835
L48T16beta4.405ms0.021032m0.000760,1408,3.2719220017626088e-12,5.789574368302887e-6,0.00008651281869810835,0.00007245139976508933
L48T16beta4.405ms0.021032m0.000760,1409,3.2713084708114406e-12,5.788488742463661e-6,0.00008649659633953272,0.00007243781411843046
L48T16beta4.405ms0.021032m0.000760,1410,3.2715677832381533e-12,5.788947588541982e-6,0.00008650345281378432,0.00007244355617104713
L48T16beta4.405ms0.021032m0.000760,1411,3.271453910603649e-12,5.78874609410366e-6,0.00008650044190992468,0.00007244103464646302
L48T16beta4.405ms0.021032m0.000760,1412,3.271053685418489e-12,5.788037906844824e-6,0.00008648985956448261,0.00007243217230962538
L48T16beta4.405ms0.021032m0.000760,1413,3.2718985112361106e-12,5.789532802473983e-6,0.00008651219758560658,0.00007245087960552405
L48T16beta4.405ms0.021032m0.000760,1414,3.271242009707958e-12,5.78837114140196e-6,0.00008649483904293672,0.00007243634244521372
L48T16beta4.405ms0.021032m0.000760,1415,3.271135389951883e-12,5.788182480728939e-6,0.00008649201991227835,0.00007243398152384515
L48T16beta4.405ms0.021032m0.000760,1416,3.2713783085720626e-12,5.788612318425625e-6,0.0000864984429182469,0.0000724393605622365
L48T16beta4.405ms0.021032m0.000760,1417,3.271532767981375e-12,5.788885630025539e-6,0.00008650252697613914,0.00007244278081504373
L48T16beta4.405ms0.021032m0.000760,1418,3.271651641141058e-12,5.78909597275315e-6,0.0000865056700987766,0.00007244541306813806
L48T16beta4.405ms0.021032m0.000760,1419,3.271943038792001e-12,5.789611592737359e-6,0.00008651337493774633,0.00007245186559594518
L48T16beta4.405ms0.021032m0.000760,1420,3.2719258752839813e-12,5.789581222390497e-6,0.00008651292111780296,0.00007245148553793028
L48T16beta4.405ms0.021032m0.000760,1421,3.265632233701882e-12,5.778444799832937e-6,0.00008634651107720611,0.00007231212306474258
L48T16beta4.405ms0.021032m0.000760,1422,3.2712931840240297e-12,5.788461692921368e-6,0.00008649619214191827,0.000072437475617346
L48T16beta4.405ms0.021032m0.000760,1423,3.271363436076407e-12,5.788586001960992e-6,0.00008649804967491179,0.00007243903123497026
L48T16beta4.405ms0.021032m0.000760,1424,3.271623073221141e-12,5.789045422618759e-6,0.00008650491473502557,0.00007244478047794025
L48T16beta4.405ms0.021032m0.000760,1425,3.271270304274461e-12,5.788421207845139e-6,0.00008649558717895606,0.00007243696898244406
L48T16beta4.405ms0.021032m0.000760,1426,3.27186501247271e-12,5.789473527350111e-6,0.00008651131184552993,0.00007245013782980403
L48T16beta4.405ms0.021032m0.000760,1427,3.271890786719148e-12,5.7895191341575045e-6,0.0000865119933418211,0.00007245070855863905
L48T16beta4.405ms0.021032m0.000760,1428,3.2717519266656392e-12,5.789273425180902e-6,0.00008650832174615739,0.00007244763372823576
L48T16beta4.405ms0.021032m0.000760,1429,3.2716173608838844e-12,5.789035314797929e-6,0.00008650476369524003,0.00007244465398750742
L48T16beta4.405ms0.021032m0.000760,1430,3.271898898409577e-12,5.789533487566591e-6,0.00008651220782285182,0.00007245088817885178
L48T16beta4.405ms0.021032m0.000760,1431,3.2719490240326852e-12,5.789622183453164e-6,0.00008651353319336548,0.00007245199812938127
L48T16beta4.405ms0.021032m0.000760,1432,3.271870522051455e-12,5.789483276395432e-6,0.00008651145752418205,0.00007245025983047884
L48T16beta4.405ms0.021032m0.000760,1433,3.2714856569617606e-12,5.7888022683954404e-6,0.00008650128131469111,0.0000724417376180135
L48T16beta4.405ms0.021032m0.000760,1434,3.271482040236955e-12,5.788795868702165e-6,0.00008650118568494895,0.00007244165753151553
L48T16beta4.405ms0.021032m0.000760,1435,3.271146747326982e-12,5.7882025772861695e-6,0.00008649232021238705,0.00007243423301447454
L48T16beta4.405ms0.021032m0.000760,1436,3.271081702647876e-12,5.788087482547742e-6,0.00008649060036743729,0.00007243279270567564
L48T16beta4.405ms0.021032m0.000760,1437,3.2714923336460278e-12,5.788814082601304e-6,0.00008650145785275504,0.00007244188546234496
L48T16beta4.405ms0.021032m0.000760,1438,3.2716515536187316e-12,5.789095817884844e-6,0.00008650566778460066,0.00007244541113009827
L48T16beta4.405ms0.021032m0.000760,1439,3.2717331929570588e-12,5.789240276408113e-6,0.00008650782640857505,0.00007244721890067914
L48T16beta4.405ms0.021032m0.000760,1440,3.27175413582021e-12,5.789277334218058e-6,0.0000865083801583655,0.0000724476826463765
L48T16beta4.405ms0.021032m0.000760,1441,3.2716318686789165e-12,5.78906098593502e-6,0.00008650514729553387,0.00007244497523907057
L48T16beta4.405ms0.021032m0.000760,1442,3.2716337178312497e-12,5.789064257958297e-6,0.00008650519618893062,0.00007244501618554633
L48T16beta4.405ms0.021032m0.000760,1443,3.27141215480426e-12,5.788672208385803e-6,0.0000864993378457385,0.00007244011003208883
L48T16beta4.405ms0.021032m0.000760,1444,3.2718173960258893e-12,5.789389271380722e-6,0.00008651005282009209,0.00007244908344090902
L48T16beta4.405ms0.021032m0.000760,1445,3.2719521151073727e-12,5.789627653023273e-6,0.00008651361492440425,0.00007245206657621091
L48T16beta4.405ms0.021032m0.000760,1446,3.271414507041224e-12,5.788676370603249e-6,0.00008649940004118507,0.00007244016211855684
L48T16beta4.405ms0.021032m0.000760,1447,3.2718133550169864e-12,5.789382120928617e-6,0.00008650994597186332,0.00007244899395932868
L48T16beta4.405ms0.021032m0.000760,1448,3.2714284420699304e-12,5.788701028246364e-6,0.00008649976849697691,0.00007244047068713975
L48T16beta4.405ms0.021032m0.000760,1449,3.2717060947451847e-12,5.789192326880951e-6,0.00008650710990534251,0.00007244661885477941
L48T16beta4.405ms0.021032m0.000760,1450,3.271738691100859e-12,5.789250005219619e-6,0.00008650797178487604,0.00007244734064814568
L48T16beta4.405ms0.021032m0.000760,1451,3.271718006066596e-12,5.789213403630672e-6,0.00008650742485233366,0.0000724468826116504
L48T16beta4.405ms0.021032m0.000760,1452,3.2719152988997296e-12,5.789562507774702e-6,0.00008651264146785632,0.00007245125134107502
L48T16beta4.405ms0.021032m0.000760,1453,3.271702706825154e-12,5.789186332051319e-6,0.00008650702032542243,0.00007244654383479164
L48T16beta4.405ms0.021032m0.000760,1454,3.271915811579656e-12,5.789563414947477e-6,0.00008651265502361513,0.00007245126269353949
L48T16beta4.405ms0.021032m0.000760,1455,3.271961424224456e-12,5.789644125245297e-6,0.00008651386106656719,0.00007245227271149254
L48T16beta4.405ms0.021032m0.000760,1456,3.2719221060535404e-12,5.78957455284277e-6,0.00008651282145566261,0.00007245140207444266
L48T16beta4.405ms0.021032m0.000760,1457,3.2719460693964767e-12,5.7896169553071225e-6,0.00008651345506989356,0.00007245193270376019
L48T16beta4.405ms0.021032m0.000760,1458,3.2719578862737146e-12,5.789637864940522e-6,0.00008651376751968835,0.0000724521943693183
L48T16beta4.405ms0.021032m0.000760,1459,3.2719523672452583e-12,5.789628099174202e-6,0.00008651362159117662,0.00007245207215939497
L48T16beta4.405ms0.021032m0.000760,1460,3.2719536951811613e-12,5.7896304489196e-6,0.00008651365670310104,0.00007245210156437924
L48T16beta4.405ms0.021032m0.000760,1461,3.271900883404819e-12,5.789536999960092e-6,0.00008651226030806796,0.00007245093213334817
L48T16beta4.405ms0.021032m0.000760,1462,3.271780191096298e-12,5.7893234382995484e-6,0.00008650906908535554,0.00007244825959815677
L48T16beta4.405ms0.021032m0.000760,1463,3.2719503162740905e-12,5.7896244700381475e-6,0.00008651356736149245,0.00007245202674396885
L48T16beta4.405ms0.021032m0.000760,1464,3.2719005207688384e-12,5.789536358285878e-6,0.00008651225071961787,0.00007245092410336322
L48T16beta4.405ms0.021032m0.000760,1465,3.271954856225104e-12,5.789632503354347e-6,0.00008651368740223874,0.00007245212727381203
L48T16beta4.405ms0.021032m0.000760,1466,3.2718525320113326e-12,5.789451443523157e-6,0.00008651098184992128,0.00007244986147025266
L48T16beta4.405ms0.021032m0.000760,1467,3.2719523898901547e-12,5.789628139243712e-6,0.00008651362218992983,0.00007245207266082942
L48T16beta4.405ms0.021032m0.000760,1468,3.2719269162610037e-12,5.789583064370191e-6,0.00008651294864225384,0.0000724515085886761
L48T16beta4.405ms0.021032m0.000760,1469,3.2719131175251926e-12,5.789558647893538e-6,0.00008651258379017948,0.00007245120303807801
L48T16beta4.405ms0.021032m0.000760,1470,3.2715234392634196e-12,5.7888691231203215e-6,0.00008650228031570998,0.00007244257424573264
L48T16beta4.405ms0.021032m0.000760,1471,3.2719398147331407e-12,5.78960588785548e-6,0.00008651328969047592,0.00007245179420439696
L48T16beta4.405ms0.021032m0.000760,1472,3.2719503576066513e-12,5.7896245431749566e-6,0.00008651356845436579,0.00007245202765921128
L48T16beta4.405ms0.021032m0.000760,1473,3.271762746240991e-12,5.789292570116539e-6,0.00008650860782631465,0.00007244787331016304
L48T16beta4.405ms0.021032m0.000760,1474,3.271562204533579e-12,5.788937717180441e-6,0.00008650330530737764,0.00007244343263969307
L48T16beta4.405ms0.021032m0.000760,1475,3.2718419889790032e-12,5.789432787922655e-6,0.00008651070308183208,0.00007244962801192156
L48T16beta4.405ms0.021032m0.000760,1476,3.2717400041739808e-12,5.789252328665742e-6,0.00008650800650381399,0.00007244736972401779
L48T16beta4.405ms0.021032m0.000760,1477,3.2716763625255424e-12,5.7891397165507966e-6,0.00008650632375636768,0.00007244596048305476
L48T16beta4.405ms0.021032m0.000760,1478,3.2719132160192425e-12,5.789558822176001e-6,0.0000865125863944585,0.0000724512052190688
L48T16beta4.405ms0.021032m0.000760,1479,3.271385344795346e-12,5.788624768825711e-6,0.00008649862896287418,0.00007243951636797567
L48T16beta4.405ms0.021032m0.000760,1480,3.2714315081042063e-12,5.788706453508166e-6,0.00008649984956592271,0.00007244053857949016
L48T16beta4.405ms0.021032m0.000760,1481,3.271922453575277e-12,5.789575167772752e-6,0.0000865128306444773,0.0000724514097697472
L48T16beta4.405ms0.021032m0.000760,1482,3.2719484333198487e-12,5.789621138203339e-6,0.00008651351757434017,0.00007245198504900471
L48T16beta4.405ms0.021032m0.000760,1483,3.2717746713531576e-12,5.789313671268614e-6,0.00008650892313794685,0.00007244813737240792
L48T16beta4.405ms0.021032m0.000760,1484,3.271903673081361e-12,5.789541936214622e-6,0.00008651233406984492,0.0000724509939062053
L48T16beta4.405ms0.021032m0.000760,1485,3.2717817512251076e-12,5.789326198903794e-6,0.00008650911033668758,0.00007244829414467592
L48T16beta4.405ms0.021032m0.000760,1486,3.2716414469671887e-12,5.789077934447925e-6,0.00008650540055484637,0.00007244518733471107
L48T16beta4.405ms0.021032m0.000760,1487,3.270830358961547e-12,5.7876427369324066e-6,0.00008648395459447736,0.00007242722710787506
L48T16beta4.405ms0.021032m0.000760,1488,3.271531105996853e-12,5.788882689190464e-6,0.00008650248303164244,0.00007244274401309524
L48T16beta4.405ms0.021032m0.000760,1489,3.2711377547752277e-12,5.788186665217632e-6,0.00008649208244052114,0.00007243403388901812
L48T16beta4.405ms0.021032m0.000760,1490,3.2717386772571642e-12,5.789249980723589e-6,0.00008650797141883521,0.00007244734034159954
L48T16beta4.405ms0.021032m0.000760,1491,3.271047270626221e-12,5.788026556049521e-6,0.00008648968995109936,0.00007243203026446699
L48T16beta4.405ms0.021032m0.000760,1492,3.271662985360676e-12,5.7891160460321264e-6,0.00008650597005104153,0.00007244566426746071
L48T16beta4.405ms0.021032m0.000760,1493,3.2706190535829578e-12,5.7872688379815435e-6,0.00008647836747354418,0.00007242254809338499
L48T16beta4.405ms0.021032m0.000760,1494,3.2715621607393286e-12,5.788937639687741e-6,0.00008650330414941482,0.00007244343166994051
L48T16beta4.405ms0.021032m0.000760,1495,3.271817799862082e-12,5.789389985957558e-6,0.0000865100634979161,0.00007244909238320575
L48T16beta4.405ms0.021032m0.000760,1496,3.2719731256140455e-12,5.789664830526536e-6,0.00008651417046275558,0.00007245253181976422
L48T16beta4.405ms0.021032m0.000760,1497,3.271338434456366e-12,5.788541762294375e-6,0.00008649738860761844,0.00007243847761469221
L48T16beta4.405ms0.021032m0.000760,1498,3.2718115413473928e-12,5.789378911691054e-6,0.00008650989801666492,0.00007244895379856057
L48T16beta4.405ms0.021032m0.000760,1499,3.271737121138526e-12,5.78924722721523e-6,0.00008650793027353605,0.00007244730588387913
L48T16beta4.405ms0.021032m0.000760,1500,3.2719327505048303e-12,5.789593387901283e-6,0.00008651310290536834,0.00007245163777853196
L48T16beta4.405ms0.021032m0.000760,1501,3.2716868090490553e-12,5.78915820138165e-6,0.00008650659997266935,0.00007244619180435483
L48T16beta4.405ms0.021032m0.000760,1502,3.2719336229752358e-12,5.789594931713236e-6,0.00008651312597433942,0.00007245165709797236
L48T16beta4.405ms0.021032m0.000760,1503,3.2719288084531985e-12,5.789586412551298e-6,0.00008651299867366663,0.0000724515504881997
L48T16beta4.405ms0.021032m0.000760,1504,3.2717831489353497e-12,5.789328672112931e-6,0.00008650914729351377,0.00007244832509469962
L48T16beta4.405ms0.021032m0.000760,1505,3.271779643661551e-12,5.789322469629092e-6,0.00008650905461064526,0.00007244824747610323
L48T16beta4.405ms0.021032m0.000760,1506,3.2717756707329213e-12,5.789315439643124e-6,0.00008650894956252551,0.00007244815950204998
L48T16beta4.405ms0.021032m0.000760,1507,3.271924436638225e-12,5.789578676747113e-6,0.00008651288307860171,0.00007245145368145608
L48T16beta4.405ms0.021032m0.000760,1508,3.271916661140467e-12,5.7895649182215445e-6,0.0000865126774868341,0.00007245128150568412
L48T16beta4.405ms0.021032m0.000760,1509,3.271453867127036e-12,5.78874601717301e-6,0.0000865004407603605,0.00007244103368374402
L48T16beta4.405ms0.021032m0.000760,1510,3.27190864892347e-12,5.78955074082791e-6,0.00008651246563597824,0.00007245110408814902
L48T16beta4.405ms0.021032m0.000760,1511,3.2719224866625013e-12,5.7895752263196695e-6,0.00008651283151933589,0.00007245141050241006
L48T16beta4.405ms0.021032m0.000760,1512,3.2719087692286183e-12,5.789550953704502e-6,0.00008651246881696405,0.00007245110675211117
L48T16beta4.405ms0.021032m0.000760,1513,3.2719216338194374e-12,5.789573717237748e-6,0.00008651280896933094,0.00007245139161758527
L48T16beta4.405ms0.021032m0.000760,1514,3.271955515203502e-12,5.789633669398171e-6,0.00008651370482627227,0.0000724521418658186
L48T16beta4.405ms0.021032m0.000760,1515,3.271942938233308e-12,5.789611414801568e-6,0.0000865133722788761,0.00007245186336923621
L48T16beta4.405ms0.021032m0.000760,1516,3.2719564945324078e-12,5.789635402293249e-6,0.00008651373072068664,0.00007245216355146698
L48T16beta4.405ms0.021032m0.000760,1517,3.271941130400301e-12,5.789608215891681e-6,0.00008651332447800278,0.00007245182333770985
L48T16beta4.405ms0.021032m0.000760,1518,3.271693722148159e-12,5.789170433916947e-6,0.00008650678276177284,0.00007244634488370896
L48T16beta4.405ms0.021032m0.000760,1519,3.2719218792869386e-12,5.789574151585618e-6,0.0000865128154597318,0.00007245139705306449
L48T16beta4.405ms0.021032m0.000760,1520,3.2708586289243897e-12,5.787692759840098e-6,0.00008648470207995187,0.0000724278531002973
L48T16beta4.405ms0.021032m0.000760,1521,3.271937339901392e-12,5.789601508709996e-6,0.00008651322425350332,0.00007245173940326653
L48T16beta4.405ms0.021032m0.000760,1522,3.270990517724689e-12,5.787926133379341e-6,0.00008648818934886061,0.0000724307735636182
L48T16beta4.405ms0.021032m0.000760,1523,3.2713252453989884e-12,5.788518424626639e-6,0.00008649703987603831,0.00007243818556443303
L48T16beta4.405ms0.021032m0.000760,1524,3.271944514918965e-12,5.789614204702691e-6,0.00008651341396798737,0.00007245189828237986
L48T16beta4.405ms0.021032m0.000760,1525,3.271876020711416e-12,5.789493006120271e-6,0.00008651160291413085,0.00007245038158937494
L48T16beta4.405ms0.021032m0.000760,1526,3.271810341419344e-12,5.789376788451969e-6,0.0000865098662893934,0.00007244892722810239
L48T16beta4.405ms0.021032m0.000760,1527,3.2717895941413943e-12,5.789340076724561e-6,0.00008650931771106703,0.00007244846781332171
L48T16beta4.405ms0.021032m0.000760,1528,3.271928697200715e-12,5.789586215693143e-6,0.00008651299573204211,0.0000724515480246941
L48T16beta4.405ms0.021032m0.000760,1529,3.2718239807144375e-12,5.789400922802737e-6,0.0000865102269256992,0.00007244922924814466
L48T16beta4.405ms0.021032m0.000760,1530,3.271829747102984e-12,5.7894111262658116e-6,0.00008651037939465372,0.00007244935693545554
L48T16beta4.405ms0.021032m0.000760,1531,3.2716303236114114e-12,5.789058251981331e-6,0.00008650510644243748,0.00007244494102605957
L48T16beta4.405ms0.021032m0.000760,1532,3.27170797665387e-12,5.789195656865677e-6,0.00008650715966484926,0.00007244666052659141
L48T16beta4.405ms0.021032m0.000760,1533,3.2719563331726313e-12,5.789635116771642e-6,0.00008651372645417629,0.00007245215997841676
L48T16beta4.405ms0.021032m0.000760,1534,3.2715876158925735e-12,5.788982681868664e-6,0.00008650397720856978,0.0000724439953329749
L48T16beta4.405ms0.021032m0.000760,1535,3.2718852937766596e-12,5.7895094145495735e-6,0.00008651184810304787,0.00007245058692634711
L48T16beta4.405ms0.021032m0.000760,1536,3.271939246400503e-12,5.7896048822067905e-6,0.00008651327466320496,0.00007245178161959355
L48T16beta4.405ms0.021032m0.000760,1537,3.2719658476819696e-12,5.78965195242951e-6,0.00008651397802711138,0.00007245237066177634
L48T16beta4.405ms0.021032m0.000760,1538,3.271955438097034e-12,5.789633532960435e-6,0.00008651370278750182,0.00007245214015842107
L48T16beta4.405ms0.021032m0.000760,1539,3.2719038238664605e-12,5.7895422030246335e-6,0.00008651233805675047,0.00007245099724509648
L48T16beta4.405ms0.021032m0.000760,1540,3.2719007219523983e-12,5.789536714274554e-6,0.00008651225603910801,0.00007245092855824647
L48T16beta4.405ms0.021032m0.000760,1541,3.2719657673197187e-12,5.789651810230757e-6,0.00008651397590225486,0.00007245236888228479
L48T16beta4.405ms0.021032m0.000760,1542,3.2719473966838702e-12,5.789619303905001e-6,0.00008651349016467074,0.00007245196209438425
L48T16beta4.405ms0.021032m0.000760,1543,3.271815192006456e-12,5.7893853714300475e-6,0.00008650999454366205,0.00007244903463647756
L48T16beta4.405ms0.021032m0.000760,1544,3.2717052097545735e-12,5.789190760914845e-6,0.00008650708650532495,0.00007244659925809938
L48T16beta4.405ms0.021032m0.000760,1545,3.271949840479802e-12,5.7896236281334765e-6,0.00008651355478102599,0.00007245201620827693
L48T16beta4.405ms0.021032m0.000760,1546,3.271951533195738e-12,5.789626623346929e-6,0.00008651359953809134,0.00007245205369072267
L48T16beta4.405ms0.021032m0.000760,1547,3.2719136648408254e-12,5.789559616353225e-6,0.00008651259826174025,0.00007245121515749397
L48T16beta4.405ms0.021032m0.000760,1548,3.2718679875435885e-12,5.7894787916547286e-6,0.00008651139050931451,0.0000724502037079177
L48T16beta4.405ms0.021032m0.000760,1549,3.271402148076135e-12,5.788654501760575e-6,0.00008649907325805713,0.00007243988844934348
L48T16beta4.405ms0.021032m0.000760,1550,3.271936314012144e-12,5.789599693427697e-6,0.00008651319712798795,0.00007245171668661498
L48T16beta4.405ms0.021032m0.000760,1551,3.271811708993742e-12,5.7893792083365744e-6,0.0000865099024493984,0.00007244895751081674
L48T16beta4.405ms0.021032m0.000760,1552,3.2719455441963448e-12,5.789616025980195e-6,0.00008651344118308825,0.00007245192107405608
L48T16beta4.405ms0.021032m0.000760,1553,3.2717165800469247e-12,5.789210880328792e-6,0.00008650738714697845,0.00007244685103476035
L48T16beta4.405ms0.021032m0.000760,1554,3.2719544354747223e-12,5.789631758848328e-6,0.00008651367627718703,0.00007245211795697805
L48T16beta4.405ms0.021032m0.000760,1555,3.271858359333312e-12,5.789461754806234e-6,0.00008651113593001537,0.00007244999050683546
L48T16beta4.405ms0.021032m0.000760,1556,3.27189250871066e-12,5.789522181173269e-6,0.00008651203887296132,0.00007245074668934489
L48T16beta4.405ms0.021032m0.000760,1557,3.2719355428283503e-12,5.789598328839567e-6,0.00008651317673713399,0.00007245169961000212
L48T16beta4.405ms0.021032m0.000760,1558,3.2700302102011307e-12,5.786226896105015e-6,0.00008646279787845416,0.00007240950911286137
L48T16beta4.405ms0.021032m0.000760,1559,3.271955544373199e-12,5.7896337210131335e-6,0.00008651370559754761,0.00007245214251173419
L48T16beta4.405ms0.021032m0.000760,1560,3.2719598316569315e-12,5.789641307241654e-6,0.00008651381895752382,0.00007245223744667073
L48T16beta4.405ms0.021032m0.000760,1561,3.271931820595003e-12,5.789591742451881e-6,0.00008651307831764277,0.00007245161718718882
L48T16beta4.405ms0.021032m0.000760,1562,3.271919647540411e-12,5.789570202572626e-6,0.00008651275645017027,0.00007245134763466156
L48T16beta4.405ms0.021032m0.000760,1563,3.271909573433462e-12,5.789552376722455e-6,0.00008651249008092688,0.00007245112455992156
L48T16beta4.405ms0.021032m0.000760,1564,3.271945051051116e-12,5.78961515337352e-6,0.00008651342814384594,0.00007245191015415575
L48T16beta4.405ms0.021032m0.000760,1565,3.2719266042881813e-12,5.789582512343017e-6,0.00008651294039338721,0.00007245150168054453
L48T16beta4.405ms0.021032m0.000760,1566,3.271937406592002e-12,5.789601626717163e-6,0.00008651322601686827,0.00007245174088002179
L48T16beta4.405ms0.021032m0.000760,1567,3.2719662842745143e-12,5.7896527249677934e-6,0.00008651398957104539,0.0000724523803294093
L48T16beta4.405ms0.021032m0.000760,1568,3.2600070000724375e-12,5.768491106432176e-6,0.00008619777439679121,0.00007218756140030212
L48T16beta4.405ms0.021032m0.000760,1569,3.2719233277926877e-12,5.789576714675983e-6,0.00008651285375964091,0.00007245142912787221
L48T16beta4.405ms0.021032m0.000760,1570,3.27175957333498e-12,5.7892869557481935e-6,0.00008650852393157561,0.0000724478030513116
L48T16beta4.405ms0.021032m0.000760,1571,3.271848637367076e-12,5.789444552059195e-6,0.00008651087887171694,0.00007244977522967974
L48T16beta4.405ms0.021032m0.000760,1572,3.2719573346302728e-12,5.789636888822898e-6,0.00008651375293369607,0.00007245218215407006
L48T16beta4.405ms0.021032m0.000760,1573,3.2719540584524166e-12,5.7896310917179145e-6,0.00008651366630834842,0.0000724521096084313
L48T16beta4.405ms0.021032m0.000760,1574,3.2718274308516852e-12,5.789407027723993e-6,0.00008651031815070336,0.00007244930564583167
L48T16beta4.405ms0.021032m0.000760,1575,3.2718030116462046e-12,5.789363818623633e-6,0.00008650967248302076,0.00007244876492217833
L48T16beta4.405ms0.021032m0.000760,1576,3.271928897259309e-12,5.789586569691224e-6,0.00008651300102178708,0.00007245155245466683
L48T16beta4.405ms0.021032m0.000760,1577,3.2718560958892233e-12,5.789457749705296e-6,0.00008651107608233931,0.0000724499403865415
L48T16beta4.405ms0.021032m0.000760,1578,3.2697122029439752e-12,5.785664191167682e-6,0.00008645438945546359,0.0000724024673585335
L48T16beta4.405ms0.021032m0.000760,1579,3.2691901224608227e-12,5.784740384370997e-6,0.00008644058513672968,0.00007239090673399108
L48T16beta4.405ms0.021032m0.000760,1580,3.271955043564969e-12,5.789632834846993e-6,0.00008651369235568806,0.00007245213142214914
L48T16beta4.405ms0.021032m0.000760,1581,3.2719608173385843e-12,5.7896430513777394e-6,0.00008651384501991102,0.00007245225927299038
L48T16beta4.405ms0.021032m0.000760,1582,3.2718964334113514e-12,5.789529125821251e-6,0.0000865121426458872,0.00007245083359546876
L48T16beta4.405ms0.021032m0.000760,1583,3.2716678572030212e-12,5.789124666620744e-6,0.00008650609886731932,0.00007244577214649852
L48T16beta4.405ms0.021032m0.000760,1584,3.2718217018384673e-12,5.7893968903955165e-6,0.00008651016666998909,0.00007244917878613674
L48T16beta4.405ms0.021032m0.000760,1585,3.271800922452675e-12,5.78936012185418e-6,0.00008650961724269994,0.00007244871866038005
L48T16beta4.405ms0.021032m0.000760,1586,3.271371036622157e-12,5.788599450913881e-6,0.00008649825064077715,0.00007243919953671407
L48T16beta4.405ms0.021032m0.000760,1587,3.2716886202569595e-12,5.789161406263323e-6,0.00008650664786277826,0.00007244623191061281
L48T16beta4.405ms0.021032m0.000760,1588,3.271891945221992e-12,5.7895211840958485e-6,0.00008651202397376965,0.00007245073421180333
L48T16beta4.405ms0.021032m0.000760,1589,3.271314778268752e-12,5.788499903332765e-6,0.00008649676311487471,0.00007243795378683053
L48T16beta4.405ms0.021032m0.000760,1590,3.271004082388239e-12,5.787950135671682e-6,0.0000864885480118354,0.00007243107393106616
L48T16beta4.405ms0.021032m0.000760,1591,3.271148107000151e-12,5.788204983189771e-6,0.00008649235616347584,0.00007243426312222903
L48T16beta4.405ms0.021032m0.000760,1592,3.271852883252073e-12,5.789452065033812e-6,0.00008651099113707008,0.00007244986924790851
L48T16beta4.405ms0.021032m0.000760,1593,3.2716061842444407e-12,5.789015538047379e-6,0.00008650446817395885,0.00007244440649897562
L48T16beta4.405ms0.021032m0.000760,1594,3.2712548082963818e-12,5.788393788145815e-6,0.0000864951774501357,0.00007243662584917195
L48T16beta4.405ms0.021032m0.000760,1595,3.2713466030965254e-12,5.788556216474415e-6,0.00008649760459445575,0.00007243865849596425
L48T16beta4.405ms0.021032m0.000760,1596,3.2714956115576545e-12,5.788819882774146e-6,0.00008650154452394527,0.00007244195804637524
L48T16beta4.405ms0.021032m0.000760,1597,3.2719448088261628e-12,5.789614724763248e-6,0.0000865134217391812,0.0000724519047904775
L48T16beta4.405ms0.021032m0.000760,1598,3.2719069758613456e-12,5.789547780391327e-6,0.00008651242139857887,0.00007245106704090499
L48T16beta4.405ms0.021032m0.000760,1599,3.2716459104999485e-12,5.789085832544165e-6,0.0000865055185750193,0.00007244528617239615
L48T16beta4.405ms0.021032m0.000760,1600,3.271869618439354e-12,5.7894816774791205e-6,0.00008651143363179407,0.00007245023982145615
L48T16beta4.405ms0.021032m0.000760,1601,3.2703437996917752e-12,5.786781783928205e-6,0.0000864710894913762,0.00007241645304292344
L48T16beta4.405ms0.021032m0.000760,1602,3.271126250373738e-12,5.788166308501319e-6,0.00008649177825289081,0.00007243377914272803
L48T16beta4.405ms0.021032m0.000760,1603,3.2713551793977606e-12,5.788571391999314e-6,0.00008649783136025074,0.00007243884840422886
L48T16beta4.405ms0.021032m0.000760,1604,3.2709021155297272e-12,5.7877697081706175e-6,0.0000864858519083406,0.00007242881604055873
L48T16beta4.405ms0.021032m0.000760,1605,3.271079060209483e-12,5.788082806826994e-6,0.00008649053049878105,0.00007243273419316823
L48T16beta4.405ms0.021032m0.000760,1606,3.271523407155577e-12,5.788869066306393e-6,0.0000865022794667472,0.00007244257353475659
L48T16beta4.405ms0.021032m0.000760,1607,3.2712360325140867e-12,5.788360564924766e-6,0.00008649468100008318,0.00007243621008996124
L48T16beta4.405ms0.021032m0.000760,1608,3.271584533579383e-12,5.788977227801778e-6,0.00008650389570919355,0.00007244392708015438
L48T16beta4.405ms0.021032m0.000760,1609,3.2715549827439055e-12,5.788924938425824e-6,0.0000865031143561935,0.00007244327272488754
L48T16beta4.405ms0.021032m0.000760,1610,3.271760275048837e-12,5.789288197411216e-6,0.0000865085424855765,0.00007244781858962553
L48T16beta4.405ms0.021032m0.000760,1611,3.2719309036818377e-12,5.789590119999709e-6,0.00008651305407356164,0.00007245159688363567
L48T16beta4.405ms0.021032m0.000760,1612,3.2719555124903497e-12,5.789633664597324e-6,0.00008651370475453388,0.00007245214180574026
L48T16beta4.405ms0.021032m0.000760,1613,3.2716734582745594e-12,5.789134577560001e-6,0.00008650624696513042,0.0000724458961731327
L48T16beta4.405ms0.021032m0.000760,1614,3.27101841560184e-12,5.787975497891819e-6,0.00008648892699602541,0.000072431391316807
L48T16beta4.405ms0.021032m0.000760,1615,3.2713295408486477e-12,5.788526025304538e-6,0.00008649715345192963,0.00007243828068019079
L48T16beta4.405ms0.021032m0.000760,1616,3.2718090401914484e-12,5.789374485965643e-6,0.00008650983188365482,0.00007244889841452357
L48T16beta4.405ms0.021032m0.000760,1617,3.2716075345605424e-12,5.789017927393912e-6,0.00008650450387763762,0.00007244443639953305
L48T16beta4.405ms0.021032m0.000760,1618,3.2719563189715946e-12,5.789635091643305e-6,0.00008651372607868699,0.00007245215966395787
L48T16beta4.405ms0.021032m0.000760,1619,3.271772256316641e-12,5.78930939792912e-6,0.00008650885928201869,0.0000724480838953458
L48T16beta4.405ms0.021032m0.000760,1620,3.270791175574749e-12,5.787573403026602e-6,0.00008648291854739672,0.00007242635945540061
L48T16beta4.405ms0.021032m0.000760,1621,3.2718737097937776e-12,5.789488917016215e-6,0.00008651154181120767,0.00007245033041785631
L48T16beta4.405ms0.021032m0.000760,1622,3.2719315641160737e-12,5.789591288619597e-6,0.00008651307153608896,0.00007245161150787941
L48T16beta4.405ms0.021032m0.000760,1623,3.2719401389350012e-12,5.7896064615215945e-6,0.00008651329826269027,0.00007245180138332071
L48T16beta4.405ms0.021032m0.000760,1624,3.2681373740495052e-12,5.782877575534126e-6,0.00008641274943881451,0.00007236759532988079
L48T16beta4.405ms0.021032m0.000760,1625,3.2718460251439365e-12,5.7894399298034915e-6,0.00008651080980198157,0.00007244971738624006
L48T16beta4.405ms0.021032m0.000760,1626,3.2719505577711247e-12,5.7896248973603875e-6,0.00008651357374691028,0.00007245203209152851
L48T16beta4.405ms0.021032m0.000760,1627,3.2718790156875686e-12,5.789498305646713e-6,0.00008651168210423034,0.00007245044790825858
L48T16beta4.405ms0.021032m0.000760,1628,3.271803847839777e-12,5.789365298244746e-6,0.00008650969459279688,0.00007244878343832717
L48T16beta4.405ms0.021032m0.000760,1629,3.2715653276366997e-12,5.788943243423966e-6,0.00008650338788527954,0.00007244350179574037
L48T16beta4.405ms0.021032m0.000760,1630,3.2713355876845093e-12,5.788536725011284e-6,0.0000864973133361855,0.00007243841457755203
L48T16beta4.405ms0.021032m0.000760,1631,3.2719231631771284e-12,5.78957642339336e-6,0.00008651284940704447,0.00007245142548272795
L48T16beta4.405ms0.021032m0.000760,1632,3.27194440263416e-12,5.789614006017872e-6,0.00008651341099906728,0.00007245189579601518
L48T16beta4.405ms0.021032m0.000760,1633,3.271929805940373e-12,5.789588177576924e-6,0.00008651302504820337,0.00007245157257593345
L48T16beta4.405ms0.021032m0.000760,1634,3.2718614900464943e-12,5.78946729451555e-6,0.00008651121870913473,0.00007245005983139521
L48T16beta4.405ms0.021032m0.000760,1635,3.2481051592360935e-12,5.747431132323809e-6,0.00008588307808132475,0.00007192401446125226
L48T16beta4.405ms0.021032m0.000760,1636,3.271954559565049e-12,5.7896319784226866e-6,0.00008651367955825668,0.00007245212070475685
L48T16beta4.405ms0.021032m0.000760,1637,3.2719617029115307e-12,5.789644618374272e-6,0.00008651386843532608,0.00007245227888256527
L48T16beta4.405ms0.021032m0.000760,1638,3.2674463715062174e-12,5.7816548658818495e-6,0.0000863944786555516,0.0000723522942006132
L48T16beta4.405ms0.021032m0.000760,1639,3.2714347278087877e-12,5.788712150685271e-6,0.00008649993469806173,0.00007244060987461994
L48T16beta4.405ms0.021032m0.000760,1640,3.2719772900912354e-12,5.7896721994523184e-6,0.00008651428057560664,0.00007245262403534928
L48T16beta4.405ms0.021032m0.000760,1641,3.2718630867433045e-12,5.789470119825849e-6,0.00008651126092736049,0.00007245009518765336
L48T16beta4.405ms0.021032m0.000760,1642,3.271801373696243e-12,5.789360920317038e-6,0.00008650962917402134,0.00007244872865243613
L48T16beta4.405ms0.021032m0.000760,1643,3.2719457484239293e-12,5.789616387355187e-6,0.00008651344658306539,0.00007245192559634432
L48T16beta4.405ms0.021032m0.000760,1644,3.2718102259581652e-12,5.7893765841466466e-6,0.00008650986323648688,0.00007244892467140206
L48T16beta4.405ms0.021032m0.000760,1645,3.2718016593051647e-12,5.7893614256940285e-6,0.00008650963672580065,0.00007244873497678193
L48T16beta4.405ms0.021032m0.000760,1646,3.271936593241849e-12,5.789600187516841e-6,0.00008651320451109453,0.00007245172286970339
L48T16beta4.405ms0.021032m0.000760,1647,3.271774957147368e-12,5.789314176973467e-6,0.00008650893069462538,0.00007244814370085663
L48T16beta4.405ms0.021032m0.000760,1648,3.271630981570723e-12,5.78905941622191e-6,0.00008650512383952537,0.00007244495559550012
L48T16beta4.405ms0.021032m0.000760,1649,3.271785070747228e-12,5.789332072705239e-6,0.00008650919810809996,0.00007244836765010301
L48T16beta4.405ms0.021032m0.000760,1650,3.271880317153692e-12,5.789500608554578e-6,0.0000865117165162679,0.00007245047672711255
L48T16beta4.405ms0.021032m0.000760,1651,3.271732568164381e-12,5.789239170854964e-6,0.00008650780988844541,0.00007244720506565984
L48T16beta4.405ms0.021032m0.000760,1652,3.27161873657127e-12,5.789037749038238e-6,0.00008650480006976034,0.00007244468444987071
L48T16beta4.405ms0.021032m0.000760,1653,3.2714861363956436e-12,5.788803116740272e-6,0.00008650129399139201,0.00007244174823429834
L48T16beta4.405ms0.021032m0.000760,1654,3.2716601984105215e-12,5.789111114601862e-6,0.00008650589636135293,0.000072445602554975
L48T16beta4.405ms0.021032m0.000760,1655,3.271373176399435e-12,5.788603237189861e-6,0.00008649830721858176,0.00007243924691860732
L48T16beta4.405ms0.021032m0.000760,1656,3.2716162870711004e-12,5.789033414716274e-6,0.0000865047353025795,0.00007244463020966698
L48T16beta4.405ms0.021032m0.000760,1657,3.2719597121723464e-12,5.789641095817026e-6,0.00008651381579823447,0.0000724522348008786
L48T16beta4.405ms0.021032m0.000760,1658,3.2716377773425286e-12,5.789071441149839e-6,0.00008650530352638031,0.00007244510607683174
L48T16beta4.405ms0.021032m0.000760,1659,3.27175002780306e-12,5.789270065196736e-6,0.0000865082715383731,0.00007244759168100732
L48T16beta4.405ms0.021032m0.000760,1660,3.2719601353976524e-12,5.789641844702355e-6,0.00008651382698872563,0.00007245224417251579
L48T16beta4.405ms0.021032m0.000760,1661,3.271855244634346e-12,5.789456243433626e-6,0.00008651105357432756,0.00007244992153688453
L48T16beta4.405ms0.021032m0.000760,1662,3.2709351143584004e-12,5.7878280986739875e-6,0.00008648672442965399,0.00007242954674603603
L48T16beta4.405ms0.021032m0.000760,1663,3.2719566519084824e-12,5.789635680765806e-6,0.00008651373488186401,0.0000724521670363046
L48T16beta4.405ms0.021032m0.000760,1664,3.27168837157338e-12,5.789160966224692e-6,0.00008650664128734114,0.00007244622640391877
L48T16beta4.405ms0.021032m0.000760,1665,3.271927260169615e-12,5.789583672906849e-6,0.00008651295773553397,0.00007245151620397385
L48T16beta4.405ms0.021032m0.000760,1666,3.271824266363064e-12,5.789401428249984e-6,0.00008651023447852835,0.00007244923557336966
L48T16beta4.405ms0.021032m0.000760,1667,3.2719537124791623e-12,5.789630479527928e-6,0.00008651365716047711,0.00007245210194741538
L48T16beta4.405ms0.021032m0.000760,1668,3.2718819965553287e-12,5.7895035802087505e-6,0.00008651176092129014,0.00007245051391473477
L48T16beta4.405ms0.021032m0.000760,1669,3.271707090326535e-12,5.789194088534275e-6,0.0000865071362294874,0.00007244664090031177
L48T16beta4.405ms0.021032m0.000760,1670,3.271935104965256e-12,5.789597554053082e-6,0.00008651316515960541,0.0000724516899142349
L48T16beta4.405ms0.021032m0.000760,1671,3.2719305177392163e-12,5.7895894370850465e-6,0.00008651304386886116,0.00007245158833756301
L48T16beta4.405ms0.021032m0.000760,1672,3.271842872844649e-12,5.789434351898166e-6,0.00008651072645210446,0.00007244964758369105
L48T16beta4.405ms0.021032m0.000760,1673,3.2717777473400706e-12,5.7893191141413294e-6,0.00008650900447005012,0.0000724482054851433
L48T16beta4.405ms0.021032m0.000760,1674,3.2719774494260737e-12,5.7896724813908534e-6,0.00008651428478857566,0.00007245262756356056
L48T16beta4.405ms0.021032m0.000760,1675,3.271950122025613e-12,5.789624126320905e-6,0.00008651356222537267,0.00007245202244265173
L48T16beta4.405ms0.021032m0.000760,1676,3.271861832115456e-12,5.789467899797e-6,0.00008651122775377275,0.00007245006740595693
L48T16beta4.405ms0.021032m0.000760,1677,3.271702618548439e-12,5.789186175848143e-6,0.00008650701799129974,0.00007244654188004714
L48T16beta4.405ms0.021032m0.000760,1678,3.2718379158622577e-12,5.789425580656621e-6,0.00008651059538464054,0.00007244953781936517
L48T16beta4.405ms0.021032m0.000760,1679,3.2715938948154626e-12,5.788993792246906e-6,0.00008650414322943374,0.00007244413436952653
L48T16beta4.405ms0.021032m0.000760,1680,3.2717252096053565e-12,5.789226150090809e-6,0.0000865076153209458,0.0000724470421223191
L48T16beta4.405ms0.021032m0.000760,1681,3.271887988506102e-12,5.78951418279787e-6,0.00008651191935433062,0.00007245064659675488
L48T16beta4.405ms0.021032m0.000760,1682,3.2717576821486367e-12,5.7892836093469124e-6,0.00008650847392675852,0.00007244776117406095
L48T16beta4.405ms0.021032m0.000760,1683,3.2719491589756216e-12,5.789622422230911e-6,0.00008651353676138872,0.00007245200111747347
L48T16beta4.405ms0.021032m0.000760,1684,3.2719453388305597e-12,5.789615662591188e-6,0.00008651343575301599,0.00007245191652656425
L48T16beta4.405ms0.021032m0.000760,1685,3.2719628190494922e-12,5.789646593349143e-6,0.00008651389794710571,0.00007245230359762803
L48T16beta4.405ms0.021032m0.000760,1686,3.271785060053437e-12,5.789332053782875e-6,0.00008650919782534567,0.00007244836741330638
L48T16beta4.405ms0.021032m0.000760,1687,3.2719478133049662e-12,5.789620041104365e-6,0.0000865135011805401,0.00007245197131978192
L48T16beta4.405ms0.021032m0.000760,1688,3.271938183612382e-12,5.789603001632969e-6,0.0000865132465620473,0.00007245175808587638
L48T16beta4.405ms0.021032m0.000760,1689,3.271942370059489e-12,5.789610409433904e-6,0.00008651335725580448,0.0000724518507879496
L48T16beta4.405ms0.021032m0.000760,1690,3.2719405891330127e-12,5.78960725813437e-6,0.00008651331016636615,0.00007245181135222466
L48T16beta4.405ms0.021032m0.000760,1691,3.271835523682396e-12,5.7894213477613365e-6,0.00008651053213306469,0.00007244948484842657
L48T16beta4.405ms0.021032m0.000760,1692,3.2718342430215193e-12,5.789419081667774e-6,0.00008651049827113821,0.000072449456490271
L48T16beta4.405ms0.021032m0.000760,1693,3.2715372191659824e-12,5.788893506272069e-6,0.00008650264466981482,0.00007244287937929902
L48T16beta4.405ms0.021032m0.000760,1694,3.2719290660703285e-12,5.789586868397596e-6,0.00008651300548531557,0.00007245155619271272
L48T16beta4.405ms0.021032m0.000760,1695,3.271954549003607e-12,5.7896319597345106e-6,0.00008651367927900181,0.00007245212047089086
L48T16beta4.405ms0.021032m0.000760,1696,3.2717089788129607e-12,5.789197430158127e-6,0.00008650718616291603,0.00007244668271777715
L48T16beta4.405ms0.021032m0.000760,1697,3.2719387469554664e-12,5.789603998452783e-6,0.00008651326145738957,0.00007245177056019421
L48T16beta4.405ms0.021032m0.000760,1698,3.271865183268963e-12,5.7894738295692985e-6,0.00008651131636154994,0.0000724501416118097
L48T16beta4.405ms0.021032m0.000760,1699,3.2718822785775954e-12,5.789504079239255e-6,0.00008651176837823479,0.00007245052015965992
L48T16beta4.405ms0.021032m0.000760,1700,3.2716483247159018e-12,5.789090104431696e-6,0.00008650558240925097,0.00007244533963128822
L48T16beta4.405ms0.021032m0.000760,1701,3.2718086390287037e-12,5.789373776119398e-6,0.00008650982127651939,0.00007244888953142598
L48T16beta4.405ms0.021032m0.000760,1702,3.271405023130951e-12,5.78865958908957e-6,0.0000864991492773192,0.00007243995211276386
L48T16beta4.405ms0.021032m0.000760,1703,3.271550499120583e-12,5.788917004779896e-6,0.00008650299580480645,0.00007244317344232959
L48T16beta4.405ms0.021032m0.000760,1704,3.271793946342261e-12,5.789347777822133e-6,0.00008650943278751577,0.00007244856418574278
L48T16beta4.405ms0.021032m0.000760,1705,3.2719195986904328e-12,5.7895701161339574e-6,0.00008651275515852904,0.0000724513465529581
L48T16beta4.405ms0.021032m0.000760,1706,3.271712308552416e-12,5.7892033220388606e-6,0.00008650727420448476,0.00007244675644945053
L48T16beta4.405ms0.021032m0.000760,1707,3.271949587203716e-12,5.789623179968534e-6,0.00008651354808415849,0.00007245201059988927
L48T16beta4.405ms0.021032m0.000760,1708,3.271906485707202e-12,5.789546913077294e-6,0.00008651240843842379,0.00007245105618723739
L48T16beta4.405ms0.021032m0.000760,1709,3.271215288359571e-12,5.788323858724187e-6,0.00008649413250434346,0.00007243575074434395
L48T16beta4.405ms0.021032m0.000760,1710,3.2719523680525865e-12,5.789628100602746e-6,0.00008651362161252316,0.00007245207217727195
L48T16beta4.405ms0.021032m0.000760,1711,3.2717912340898244e-12,5.78934297856739e-6,0.00008650936107290791,0.00007244850412731675
L48T16beta4.405ms0.021032m0.000760,1712,3.2719628647628016e-12,5.789646674237564e-6,0.00008651389915581034,0.00007245230460987505
L48T16beta4.405ms0.021032m0.000760,1713,3.271957347798988e-12,5.789636912124571e-6,0.00008651375328188979,0.00007245218244566988
L48T16beta4.405ms0.021032m0.000760,1714,3.271955448539362e-12,5.789633551437842e-6,0.0000865137030636072,0.00007245214038964948
L48T16beta4.405ms0.021032m0.000760,1715,3.2718653719190822e-12,5.789474163380402e-6,0.00008651132134964367,0.00007245014578916027
L48T16beta4.405ms0.021032m0.000760,1716,3.2719634713972105e-12,5.789647747660165e-6,0.0000865139151958176,0.00007245231804280897
L48T16beta4.405ms0.021032m0.000760,1717,3.2719448686743345e-12,5.789614830662912e-6,0.00008651342332162542,0.00007245190611571808
L48T16beta4.405ms0.021032m0.000760,1718,3.2683099964127752e-12,5.783183025972506e-6,0.00008641731374297848,0.00007237141777181031
L48T16beta4.405ms0.021032m0.000760,1719,3.271795678326115e-12,5.789350842519067e-6,0.00008650947858286329,0.00007244860253771282
L48T16beta4.405ms0.021032m0.000760,1720,3.271747192122041e-12,5.789265047538572e-6,0.00008650819656019278,0.00007244752888945576
L48T16beta4.405ms0.021032m0.000760,1721,3.2706465887711884e-12,5.787317560726132e-6,0.0000864790955308591,0.00007242315781541657
L48T16beta4.405ms0.021032m0.000760,1722,3.2656147802836014e-12,5.778413916497985e-6,0.00008634604959175184,0.00007231173658713572
L48T16beta4.405ms0.021032m0.000760,1723,3.2482621907535944e-12,5.747708995197144e-6,0.00008588723014827381,0.00007192749166921873
L48T16beta4.405ms0.021032m0.000760,1724,3.268494042312358e-12,5.783508690038533e-6,0.00008642218009661838,0.00007237549316940189
L48T16beta4.405ms0.021032m0.000760,1725,3.2706750653836004e-12,5.78736794929445e-6,0.00008647984848035037,0.00007242378838375796
L48T16beta4.405ms0.021032m0.000760,1726,3.2710792627430015e-12,5.788083165204384e-6,0.00008649053585396541,0.00007243273867794412
L48T16beta4.405ms0.021032m0.000760,1727,3.2716616424031732e-12,5.789113669706428e-6,0.00008650593454193131,0.0000724456345298475
L48T16beta4.405ms0.021032m0.000760,1728,3.271446736168411e-12,5.788733399141391e-6,0.00008650025221083814,0.00007244087578024457
L48T16beta4.405ms0.021032m0.000760,1729,3.271893500864174e-12,5.789523936761132e-6,0.00008651206510647087,0.0000724507686589734
L48T16beta4.405ms0.021032m0.000760,1730,3.271958165463715e-12,5.7896383589594105e-6,0.0000865137749017451,0.00007245220055152752
L48T16beta4.405ms0.021032m0.000760,1731,3.250857659872618e-12,5.752301605130121e-6,0.00008595585689096807,0.00007198496411832327
L48T16beta4.405ms0.021032m0.000760,1732,3.271790560989799e-12,5.789341787535741e-6,0.00008650934327548472,0.00007244848922260966
L48T16beta4.405ms0.021032m0.000760,1733,3.271915163017116e-12,5.789562267334222e-6,0.00008651263787498706,0.00007245124833217518
L48T16beta4.405ms0.021032m0.000760,1734,3.271457246351744e-12,5.788751996616513e-6,0.00008650053011036773,0.00007244110851118797
L48T16beta4.405ms0.021032m0.000760,1735,3.2718608875678408e-12,5.789466228446442e-6,0.00008651120277900971,0.00007245004649048373
L48T16beta4.405ms0.021032m0.000760,1736,3.271934012808915e-12,5.789595621513016e-6,0.00008651313628192326,0.00007245166573020617
L48T16beta4.405ms0.021032m0.000760,1737,3.2717221730848848e-12,5.789220777052857e-6,0.00008650753503237386,0.00007244697488350398
L48T16beta4.405ms0.021032m0.000760,1738,3.271909532974404e-12,5.789552305131285e-6,0.00008651248901114981,0.00007245112366402142
L48T16beta4.405ms0.021032m0.000760,1739,3.2716732535969886e-12,5.789134215388771e-6,0.00008650624155325521,0.00007244589164088024
L48T16beta4.405ms0.021032m0.000760,1740,3.2716509173646393e-12,5.789094692051043e-6,0.00008650565096142001,0.00007244539704128455
L48T16beta4.405ms0.021032m0.000760,1741,3.2713723017849775e-12,5.788601689584068e-6,0.00008649828409291985,0.00007243922755169037
L48T16beta4.405ms0.021032m0.000760,1742,3.271847958205471e-12,5.789443350301751e-6,0.00008651086091401968,0.00007244976019074882
L48T16beta4.405ms0.021032m0.000760,1743,3.2717849290544977e-12,5.78933182198392e-6,0.00008650919436160555,0.00007244836451254758
L48T16beta4.405ms0.021032m0.000760,1744,3.271579354264078e-12,5.788968063148367e-6,0.00008650375876302989,0.00007244381239262715
L48T16beta4.405ms0.021032m0.000760,1745,3.2719077865777553e-12,5.789549214931314e-6,0.00008651244283471389,0.00007245108499290344
L48T16beta4.405ms0.021032m0.000760,1746,3.271905991106135e-12,5.789546037894555e-6,0.00008651239536068773,0.00007245104523509991
L48T16beta4.405ms0.021032m0.000760,1747,3.2718913562826307e-12,5.789520141984139e-6,0.00008651200840163678,0.0000724507211706975
L48T16beta4.405ms0.021032m0.000760,1748,3.270861117467484e-12,5.787697163247424e-6,0.00008648476787946586,0.00007242790820504321
L48T16beta4.405ms0.021032m0.000760,1749,3.271325646111747e-12,5.788519133676645e-6,0.00008649705047127567,0.00007243819443756639
L48T16beta4.405ms0.021032m0.000760,1750,3.2715579789641378e-12,5.788930240153631e-6,0.00008650319357918768,0.00007244333907131929
L48T16beta4.405ms0.021032m0.000760,1751,3.2714842933710644e-12,5.788799855559884e-6,0.00008650124526001907,0.00007244170742351173
L48T16beta4.405ms0.021032m0.000760,1752,3.27194175259894e-12,5.789609316854752e-6,0.00008651334092954348,0.00007245183711528837
L48T16beta4.405ms0.021032m0.000760,1753,3.2717102291791747e-12,5.7891996426461326e-6,0.00008650721922382197,0.0000724467104051066
L48T16beta4.405ms0.021032m0.000760,1754,3.271918773323e-12,5.789568655669396e-6,0.00008651273333500665,0.00007245132827653654
L48T16beta4.405ms0.021032m0.000760,1755,3.2719287971373677e-12,5.789586392528252e-6,0.000086512998374465,0.00007245155023762901
L48T16beta4.405ms0.021032m0.000760,1756,3.2718819025214366e-12,5.7895034138184115e-6,0.00008651175843494205,0.00007245051183250692
L48T16beta4.405ms0.021032m0.000760,1757,3.271444867904897e-12,5.788730093301414e-6,0.00008650020281212308,0.00007244083441058275
L48T16beta4.405ms0.021032m0.000760,1758,3.2711467763510953e-12,5.788202628643525e-6,0.00008649232097981301,0.00007243423365716641
L48T16beta4.405ms0.021032m0.000760,1759,3.271571610384472e-12,5.788954360570232e-6,0.00008650355400727714,0.00007244364091698783
L48T16beta4.405ms0.021032m0.000760,1760,3.271875460928517e-12,5.789492015600105e-6,0.00008651158811292335,0.00007245036919389162
L48T16beta4.405ms0.021032m0.000760,1761,3.2719188394842142e-12,5.7895687727398115e-6,0.00008651273508437389,0.0000724513297415692
L48T16beta4.405ms0.021032m0.000760,1762,3.2717461670268863e-12,5.789263233661399e-6,0.00008650816945567403,0.00007244750619038811
L48T16beta4.405ms0.021032m0.000760,1763,3.271782578564539e-12,5.789327662857752e-6,0.00008650913221235152,0.00007244831246476418
L48T16beta4.405ms0.021032m0.000760,1764,3.2716715813289576e-12,5.789131256357313e-6,0.00008650619733685245,0.00007244585461122012
L48T16beta4.405ms0.021032m0.000760,1765,3.271688477134861e-12,5.789161153012777e-6,0.00008650664407848997,0.00007244622874140635
L48T16beta4.405ms0.021032m0.000760,1766,3.27137591890683e-12,5.788608089979906e-6,0.00008649837973316032,0.00007243930764698028
L48T16beta4.405ms0.021032m0.000760,1767,3.2716345857885577e-12,5.789065793784451e-6,0.00008650521913857098,0.00007244503540505152
L48T16beta4.405ms0.021032m0.000760,1768,3.2715566037267386e-12,5.7889278067095595e-6,0.00008650315721656543,0.00007244330861892021
L48T16beta4.405ms0.021032m0.000760,1769,3.2719563550234344e-12,5.7896351554360265e-6,0.0000865137270319329,0.00007245216046226731
L48T16beta4.405ms0.021032m0.000760,1770,3.271935935732524e-12,5.7895990240725e-6,0.00008651318712590473,0.00007245170831022706
L48T16beta4.405ms0.021032m0.000760,1771,3.2718877413180654e-12,5.78951374540556e-6,0.0000865119128184371,0.0000724506411231772
L48T16beta4.405ms0.021032m0.000760,1772,3.271636104412753e-12,5.789068480947443e-6,0.0000865052592924804,0.00007244506903251838
L48T16beta4.405ms0.021032m0.000760,1773,3.2709954208807834e-12,5.787934809376762e-6,0.00008648831899310458,0.00007243088213604815
L48T16beta4.405ms0.021032m0.000760,1774,3.2714413453463324e-12,5.7887238602326654e-6,0.00008650010967222844,0.00007244075640924327
L48T16beta4.405ms0.021032m0.000760,1775,3.271706833079982e-12,5.789193633343702e-6,0.00008650712942763687,0.00007244663520400458
L48T16beta4.405ms0.021032m0.000760,1776,3.2714777036135534e-12,5.788788195168482e-6,0.00008650107102038362,0.00007244156150403213
L48T16beta4.405ms0.021032m0.000760,1777,3.271675762535048e-12,5.789138654884417e-6,0.00008650630789203202,0.00007244594719723952
L48T16beta4.405ms0.021032m0.000760,1778,3.2719574323964037e-12,5.789637061817329e-6,0.00008651375551872822,0.00007245218431894227
L48T16beta4.405ms0.021032m0.000760,1779,3.2719419610881592e-12,5.789609685770587e-6,0.00008651334644220242,0.00007245184173194359
L48T16beta4.405ms0.021032m0.000760,1780,3.2717734944670518e-12,5.789311588801603e-6,0.00008650889201992684,0.00007244811131217613
L48T16beta4.405ms0.021032m0.000760,1781,3.2718523929258757e-12,5.789451197415335e-6,0.00008651097817236572,0.00007244985839043105
L48T16beta4.405ms0.021032m0.000760,1782,3.271668947599122e-12,5.789126596046114e-6,0.00008650612769845899,0.00007244579629154957
L48T16beta4.405ms0.021032m0.000760,1783,3.2712520298297915e-12,5.788388871726981e-6,0.00008649510398476083,0.00007243656432454099
L48T16beta4.405ms0.021032m0.000760,1784,3.2717560775505972e-12,5.78928077005561e-6,0.00008650843149961656,0.00007244772564284293
L48T16beta4.405ms0.021032m0.000760,1785,3.271494607704498e-12,5.7888181064840935e-6,0.00008650151798108572,0.00007244193581767714
L48T16beta4.405ms0.021032m0.000760,1786,3.2717396695033224e-12,5.789251736475383e-6,0.00008650799765479437,0.0000724473623132795
L48T16beta4.405ms0.021032m0.000760,1787,3.271842394707785e-12,5.789433505848374e-6,0.000086510713809698,0.0000724496369961266
L48T16beta4.405ms0.021032m0.000760,1788,3.271943772679875e-12,5.789612891331404e-6,0.00008651339434245969,0.00007245188184670047
L48T16beta4.405ms0.021032m0.000760,1789,3.2719551304784904e-12,5.7896329886380354e-6,0.00008651369465376659,0.00007245213334670795
L48T16beta4.405ms0.021032m0.000760,1790,3.2719403212059036e-12,5.7896067840448526e-6,0.00008651330308211125,0.00007245180541941388
L48T16beta4.405ms0.021032m0.000760,1791,3.271813019261067e-12,5.789381526817919e-6,0.00008650993709414833,0.00007244898652455903
L48T16beta4.405ms0.021032m0.000760,1792,3.2719041913464107e-12,5.789542853270116e-6,0.00008651234777327987,0.00007245100538234328
L48T16beta4.405ms0.021032m0.000760,1793,3.2717783746473774e-12,5.789320224144044e-6,0.00008650902105666902,0.00007244821937584499
L48T16beta4.405ms0.021032m0.000760,1794,3.271304073784002e-12,5.788480962046726e-6,0.00008649648007782556,0.00007243771675339775
L48T16beta4.405ms0.021032m0.000760,1795,3.2666275027618013e-12,5.78020590056693e-6,0.00008637282696483737,0.00007233416168195143
L48T16beta4.405ms0.021032m0.000760,1796,3.2718905830077243e-12,5.789518773695844e-6,0.00008651198795549175,0.00007245070404778035
L48T16beta4.405ms0.021032m0.000760,1797,3.271872386860663e-12,5.789486576123111e-6,0.00008651150683156188,0.00007245030112365067
L48T16beta4.405ms0.021032m0.000760,1798,3.271910522825047e-12,5.789554056644282e-6,0.0000865125151837692,0.00007245114558265658
L48T16beta4.405ms0.021032m0.000760,1799,3.2716600696482786e-12,5.789110886760679e-6,0.00008650589295675326,0.00007244559970374423
L48T16beta4.405ms0.021032m0.000760,1800,3.27191490614114e-12,5.789561812799375e-6,0.00008651263108293496,0.00007245124264407381
L48T16beta4.405ms0.021032m0.000760,1801,3.2719268778533535e-12,5.789582996408929e-6,0.00008651294762671798,0.00007245150773820104
L48T16beta4.405ms0.021032m0.000760,1802,3.27173748757292e-12,5.78924787561063e-6,0.00008650793996241991,0.00007244731399797377
L48T16beta4.405ms0.021032m0.000760,1803,3.2711964881324345e-12,5.788290592248675e-6,0.00008649363540794542,0.00007243533444384192
L48T16beta4.405ms0.021032m0.000760,1804,3.2705295870249232e-12,5.787110529412165e-6,0.00008647600189022322,0.00007242056700173356
L48T16beta4.405ms0.021032m0.000760,1805,3.2714636302934837e-12,5.788763292822671e-6,0.00008650069890803284,0.00007244124987321152
L48T16beta4.405ms0.021032m0.000760,1806,3.271487794568517e-12,5.788806050830743e-6,0.000086501337835105,0.00007244178495184406
L48T16beta4.405ms0.021032m0.000760,1807,3.2713404988080073e-12,5.788545415106802e-6,0.00008649744319109542,0.00007243852332640719
L48T16beta4.405ms0.021032m0.000760,1808,3.271865324366123e-12,5.789474079236773e-6,0.00008651132009229689,0.0000724501447361772
L48T16beta4.405ms0.021032m0.000760,1809,3.271571217506768e-12,5.788953665384136e-6,0.0000865035436192063,0.00007244363221734904
L48T16beta4.405ms0.021032m0.000760,1810,3.271693956564527e-12,5.789170848710147e-6,0.00008650678895997095,0.00007244635007447878
L48T16beta4.405ms0.021032m0.000760,1811,3.271821246240621e-12,5.789396084227884e-6,0.0000865101546235363,0.00007244916869766224
L48T16beta4.405ms0.021032m0.000760,1812,3.2718892134745626e-12,5.789516350345261e-6,0.00008651195174369512,0.00007245067372169234
L48T16beta4.405ms0.021032m0.000760,1813,3.271864739992799e-12,5.789473045204538e-6,0.00008651130464089451,0.00007245013179617886
L48T16beta4.405ms0.021032m0.000760,1814,3.2719390718323064e-12,5.789604573313255e-6,0.00008651327004745105,0.0000724517777540643
L48T16beta4.405ms0.021032m0.000760,1815,3.271666710413055e-12,5.789122637408009e-6,0.00008650606854507069,0.00007244574675269687
L48T16beta4.405ms0.021032m0.000760,1816,3.2714488218943996e-12,5.788737089775127e-6,0.00008650030735947377,0.00007244092196525977
L48T16beta4.405ms0.021032m0.000760,1817,3.271663113540584e-12,5.789116272842884e-6,0.0000865059734402437,0.00007244566710579663
L48T16beta4.405ms0.021032m0.000760,1818,3.271661960689038e-12,5.7891142329043535e-6,0.00008650594295772097,0.00007244564157777115
L48T16beta4.405ms0.021032m0.000760,1819,3.2710216569057614e-12,5.7879812332883515e-6,0.00008648901269927211,0.0000724314630902191
L48T16beta4.405ms0.021032m0.000760,1820,3.271200438495577e-12,5.788297582305646e-6,0.00008649373985941162,0.0000724354219182191
L48T16beta4.405ms0.021032m0.000760,1821,3.270899413679914e-12,5.787764927323025e-6,0.00008648578046878828,0.0000724287562124819
L48T16beta4.405ms0.021032m0.000760,1822,3.270745624988347e-12,5.78749280253938e-6,0.00008648171414532942,0.00007242535081163003
L48T16beta4.405ms0.021032m0.000760,1823,3.2704829947865194e-12,5.787028085750892e-6,0.00008647476994585794,0.00007241953529227084
L48T16beta4.405ms0.021032m0.000760,1824,3.271696774868136e-12,5.78917583561947e-6,0.00008650686347867555,0.00007244641248123583
L48T16beta4.405ms0.021032m0.000760,1825,3.2716941790959643e-12,5.789171242473294e-6,0.00008650679484391985,0.0000724463550020761
L48T16beta4.405ms0.021032m0.000760,1826,3.2713360918544014e-12,5.788537617125791e-6,0.00008649732666693068,0.00007243842574157562
L48T16beta4.405ms0.021032m0.000760,1827,3.2718814770197295e-12,5.789502660905055e-6,0.00008651174718426064,0.00007245050241046256
L48T16beta4.405ms0.021032m0.000760,1828,3.2717026984871733e-12,5.7891863172974956e-6,0.00008650702010495807,0.0000724465436501606
L48T16beta4.405ms0.021032m0.000760,1829,3.271974186999268e-12,5.789666708617969e-6,0.00008651419852681923,0.00007245255532241649
L48T16beta4.405ms0.021032m0.000760,1830,3.27191541953575e-12,5.789562721236763e-6,0.00008651264465759071,0.0000724512540123638
L48T16beta4.405ms0.021032m0.000760,1831,3.271822255917129e-12,5.789397870822194e-6,0.00008651018132037096,0.000072449191055309
L48T16beta4.405ms0.021032m0.000760,1832,3.2698255056311853e-12,5.785864677100225e-6,0.00008645738528935916,0.00007240497626256026
L48T16beta4.405ms0.021032m0.000760,1833,3.2715988789823173e-12,5.789002611590599e-6,0.00008650427501568148,0.00007244424473580822
L48T16beta4.405ms0.021032m0.000760,1834,3.2719484342859957e-12,5.789621139912909e-6,0.00008651351759988604,0.00007245198507039846
L48T16beta4.405ms0.021032m0.000760,1835,3.271900930137215e-12,5.789537082651758e-6,0.00008651226154371824,0.0000724509331681612
L48T16beta4.405ms0.021032m0.000760,1836,3.2719450642860057e-12,5.789615176792287e-6,0.00008651342849378938,0.0000724519104472209
L48T16beta4.405ms0.021032m0.000760,1837,3.2716979857679084e-12,5.789177978272712e-6,0.00008650689549605017,0.00007244643929464502
L48T16beta4.405ms0.021032m0.000760,1838,3.2713698007084425e-12,5.788597263999169e-6,0.00008649821796200941,0.00007243917216941175
L48T16beta4.405ms0.021032m0.000760,1839,3.2719352595752388e-12,5.789597827631117e-6,0.00008651316924764462,0.00007245169333782192
L48T16beta4.405ms0.021032m0.000760,1840,3.271936599263724e-12,5.78960019817238e-6,0.00008651320467031878,0.00007245172300304802
L48T16beta4.405ms0.021032m0.000760,1841,3.2713962447726534e-12,5.7886440560303565e-6,0.0000864989171689378,0.0000724397577302737
L48T16beta4.405ms0.021032m0.000760,1842,3.2718747675261705e-12,5.789490788644068e-6,0.00008651156977868695,0.0000724503538396226
L48T16beta4.405ms0.021032m0.000760,1843,3.271852293664202e-12,5.789451021774583e-6,0.00008651097554778997,0.00007244985619244248
L48T16beta4.405ms0.021032m0.000760,1844,3.2719416183177483e-12,5.789609079247943e-6,0.00008651333737901741,0.00007245183414184943
L48T16beta4.405ms0.021032m0.000760,1845,3.2719449787753827e-12,5.789615025483634e-6,0.00008651342623280486,0.00007245190855372702
L48T16beta4.405ms0.021032m0.000760,1846,3.2719277431372137e-12,5.789584527504492e-6,0.00008651297050566977,0.00007245152689850707
L48T16beta4.405ms0.021032m0.000760,1847,3.271569987350231e-12,5.788951488656588e-6,0.00008650351109266397,0.00007244360497753005
L48T16beta4.405ms0.021032m0.000760,1848,3.271949308437232e-12,5.789622686699046e-6,0.00008651354071329993,0.00007245200442705814
L48T16beta4.405ms0.021032m0.000760,1849,3.2719324556447205e-12,5.789592866154575e-6,0.00008651309510897857,0.00007245163124933362
L48T16beta4.405ms0.021032m0.000760,1850,3.2718997522320226e-12,5.7895349983815014e-6,0.0000865122303987526,0.0000724509070853634
L48T16beta4.405ms0.021032m0.000760,1851,3.2719117343733293e-12,5.789556200445044e-6,0.00008651254721829105,0.00007245117241042597
L48T16beta4.405ms0.021032m0.000760,1852,3.2711015595089094e-12,5.788122618707349e-6,0.0000864911254022693,0.00007243323240361956
L48T16beta4.405ms0.021032m0.000760,1853,3.271685628126308e-12,5.789156111771915e-6,0.0000865065687479166,0.0000724461656547382
L48T16beta4.405ms0.021032m0.000760,1854,3.271905503612204e-12,5.789545175287694e-6,0.00008651238247087126,0.0000724510344403384
L48T16beta4.405ms0.021032m0.000760,1855,3.271551083414498e-12,5.7889180386716185e-6,0.00008650301125410918,0.00007244318638056956
L48T16beta4.405ms0.021032m0.000760,1856,3.271937925982017e-12,5.789602545763252e-6,0.00008651323975004842,0.0000724517523810703
L48T16beta4.405ms0.021032m0.000760,1857,3.2719335987421526e-12,5.789594888833474e-6,0.00008651312533359298,0.00007245165656137008
L48T16beta4.405ms0.021032m0.000760,1858,3.2717488885834505e-12,5.789268049379535e-6,0.00008650824141629213,0.00007244756645483895
L48T16beta4.405ms0.021032m0.000760,1859,3.271634900183365e-12,5.789066350097259e-6,0.00008650522745147725,0.000072445042366814
L48T16beta4.405ms0.021032m0.000760,1860,3.2718877115263284e-12,5.7895136926899154e-6,0.00008651191203071443,0.00007245064046348757
L48T16beta4.405ms0.021032m0.000760,1861,3.271485894091281e-12,5.7888026879894874e-6,0.00008650128758462762,0.00007244174286886169
L48T16beta4.405ms0.021032m0.000760,1862,3.271935432714067e-12,5.789598133995426e-6,0.00008651317382560462,0.00007245169717170013
L48T16beta4.405ms0.021032m0.000760,1863,3.2714168650221307e-12,5.7886805429844396e-6,0.00008649946238850708,0.00007244021433221511
L48T16beta4.405ms0.021032m0.000760,1864,3.271602881821798e-12,5.789009694502981e-6,0.00008650438085467337,0.00007244433337218869
L48T16beta4.405ms0.021032m0.000760,1865,3.2715681234939352e-12,5.7889481906150606e-6,0.00008650346181048007,0.00007244356370545892
L48T16beta4.405ms0.021032m0.000760,1866,3.2719451760281803e-12,5.789615374516936e-6,0.0000865134314483618,0.00007245191292156991
L48T16beta4.405ms0.021032m0.000760,1867,3.2718233362811833e-12,5.789399782496138e-6,0.0000865102098862535,0.00007244921497821668
L48T16beta4.405ms0.021032m0.000760,1868,3.2717136506364162e-12,5.789205696818921e-6,0.00008650730969049871,0.00007244678616772144
L48T16beta4.405ms0.021032m0.000760,1869,3.271920597884908e-12,5.789571884180604e-6,0.0000865127815782085,0.00007245136867849726
L48T16beta4.405ms0.021032m0.000760,1870,3.2692373072781824e-12,5.78482387658414e-6,0.0000864418327494623,0.00007239195156515257
L48T16beta4.405ms0.021032m0.000760,1871,3.2719333631478792e-12,5.789594471956004e-6,0.0000865131191042499,0.00007245165134451745
L48T16beta4.405ms0.021032m0.000760,1872,3.2719199473503697e-12,5.789570733077953e-6,0.00008651276437743888,0.00007245135427346626
L48T16beta4.405ms0.021032m0.000760,1873,3.27194767294896e-12,5.789619792748342e-6,0.00008651349746938999,0.00007245196821182606
L48T16beta4.405ms0.021032m0.000760,1874,3.2718260887279803e-12,5.789404652873677e-6,0.00008651028266363958,0.00007244927592668157
L48T16beta4.405ms0.021032m0.000760,1875,3.271699231250448e-12,5.789180182119193e-6,0.00008650692842782701,0.00007244646687383345
L48T16beta4.405ms0.021032m0.000760,1876,3.271683526769915e-12,5.789152393480615e-6,0.00008650651318599778,0.00007244611912361306
L48T16beta4.405ms0.021032m0.000760,1877,3.2719178284312777e-12,5.78956698370995e-6,0.00008651270835114512,0.00007245130735344368
L48T16beta4.405ms0.021032m0.000760,1878,3.2718806189091795e-12,5.789501142502464e-6,0.0000865117244949782,0.00007245048340899783
L48T16beta4.405ms0.021032m0.000760,1879,3.271881595974919e-12,5.789502871392932e-6,0.00008651175032955223,0.00007245050504453207
L48T16beta4.405ms0.021032m0.000760,1880,3.270977525946579e-12,5.787903144791745e-6,0.00008648784583353734,0.00007243048588178809
L48T16beta4.405ms0.021032m0.000760,1881,3.2510962286080362e-12,5.752723745827519e-6,0.00008596216488172798,0.00007199024683557995
L48T16beta4.405ms0.021032m0.000760,1882,3.271293167520122e-12,5.7884616637181655e-6,0.0000864961917055388,0.00007243747525189377
L48T16beta4.405ms0.021032m0.000760,1883,3.2719046343975816e-12,5.789543637236758e-6,0.00008651235948798627,0.00007245101519299202
L48T16beta4.405ms0.021032m0.000760,1884,3.2719669278872054e-12,5.789653863822429e-6,0.0000865140065887946,0.00007245239458116725
L48T16beta4.405ms0.021032m0.000760,1885,3.271427467637934e-12,5.78869930401623e-6,0.00008649974273204163,0.0000724404491099255
L48T16beta4.405ms0.021032m0.000760,1886,3.271756531560257e-12,5.789281573412991e-6,0.00008650844350407612,0.00007244773569614962
L48T16beta4.405ms0.021032m0.000760,1887,3.271944630340439e-12,5.789614408937757e-6,0.00008651341701984406,0.00007245190083820098
L48T16beta4.405ms0.021032m0.000760,1888,3.2718268973268076e-12,5.789406083666661e-6,0.00008651030404378364,0.00007244929383178959
L48T16beta4.405ms0.021032m0.000760,1889,3.2715255110265992e-12,5.7888727890472585e-6,0.00008650233509515528,0.00007244262012156412
L48T16beta4.405ms0.021032m0.000760,1890,3.271750977671101e-12,5.789271745961638e-6,0.00008650829665381339,0.00007244761271429269
L48T16beta4.405ms0.021032m0.000760,1891,3.2719546437257133e-12,5.7896321273426254e-6,0.00008651368178354697,0.0000724521225683581
L48T16beta4.405ms0.021032m0.000760,1892,3.2717190067963186e-12,5.7892151743938955e-6,0.00008650745131260655,0.00007244690477118511
L48T16beta4.405ms0.021032m0.000760,1893,3.2719359253299004e-12,5.7895990056653496e-6,0.00008651318685084918,0.00007245170807987784
L48T16beta4.405ms0.021032m0.000760,1894,3.2718337756710906e-12,5.789418254704276e-6,0.00008651048591393567,0.00007244944614155465
L48T16beta4.405ms0.021032m0.000760,1895,3.271582371911597e-12,5.788973402791157e-6,0.00008650383855258251,0.00007244387921353139
L48T16beta4.405ms0.021032m0.000760,1896,3.271597143358869e-12,5.788999540453504e-6,0.00008650422912409949,0.00007244420630324527
L48T16beta4.405ms0.021032m0.000760,1897,3.271382603412917e-12,5.788619918026261e-6,0.00008649855647804081,0.00007243945566451324
L48T16beta4.405ms0.021032m0.000760,1898,3.271888259609585e-12,5.789514662507891e-6,0.00008651192652257192,0.0000724506525999013
L48T16beta4.405ms0.021032m0.000760,1899,3.2718816600582555e-12,5.789502984786601e-6,0.00008651175202397833,0.00007245050646355348
L48T16beta4.405ms0.021032m0.000760,1900,3.271499061840486e-12,5.7888259879530085e-6,0.0000865016357527988,0.00007244203444728596
L48T16beta4.405ms0.021032m0.000760,1901,3.2718086804936134e-12,5.789373849490395e-6,0.00008650982237289218,0.0000724488904495991
L48T16beta4.405ms0.021032m0.000760,1902,3.271794508070689e-12,5.789348771784858e-6,0.00008650944764016495,0.00007244857662430667
L48T16beta4.405ms0.021032m0.000760,1903,3.2718556822724472e-12,5.789457017821992e-6,0.0000865110651459071,0.00007244993122766964
L48T16beta4.405ms0.021032m0.000760,1904,3.271946349817322e-12,5.789617451503956e-6,0.00008651346248449504,0.00007245193891322446
L48T16beta4.405ms0.021032m0.000760,1905,3.2716462285078807e-12,5.789086395250297e-6,0.00008650552698346012,0.00007244529321416542
L48T16beta4.405ms0.021032m0.000760,1906,3.271849563703483e-12,5.789446191185529e-6,0.0000865109033649578,0.00007244979574189529
L48T16beta4.405ms0.021032m0.000760,1907,3.271936843420971e-12,5.7896006302017924e-6,0.00008651321112607526,0.00007245172840951379
L48T16beta4.405ms0.021032m0.000760,1908,3.271803183448309e-12,5.789364122622646e-6,0.00008650967702563648,0.00007244876872645696
L48T16beta4.405ms0.021032m0.000760,1909,3.2714139522611135e-12,5.788675388935377e-6,0.00008649938537225619,0.00007244014983385213
L48T16beta4.405ms0.021032m0.000760,1910,3.2718323103437965e-12,5.789415661848658e-6,0.00008651044716924847,0.00007244941369426114
L48T16beta4.405ms0.021032m0.000760,1911,3.271817307206544e-12,5.7893891142173776e-6,0.0000865100504716217,0.00007244908147414884
L48T16beta4.405ms0.021032m0.000760,1912,3.27194280888873e-12,5.789611185929959e-6,0.00008651336885887892,0.00007245186050511057
L48T16beta4.405ms0.021032m0.000760,1913,3.2719365361465345e-12,5.789600086488281e-6,0.00008651320300143855,0.00007245172160542036
L48T16beta4.405ms0.021032m0.000760,1914,3.2718837428328634e-12,5.7895066701979525e-6,0.00008651180709457658,0.00007245055258321516
L48T16beta4.405ms0.021032m0.000760,1915,3.2716350345042616e-12,5.789066587774325e-6,0.00008650523100305317,0.00007244504534113215
L48T16beta4.405ms0.021032m0.000760,1916,3.271957061872429e-12,5.7896364061855304e-6,0.00008651374572171183,0.0000724521761142905
L48T16beta4.405ms0.021032m0.000760,1917,3.2716351847599655e-12,5.789066853647586e-6,0.00008650523497596098,0.00007244504866830073
L48T16beta4.405ms0.021032m0.000760,1918,3.2719656729152498e-12,5.789651643184693e-6,0.00008651397340610834,0.00007245236679185113
L48T16beta4.405ms0.021032m0.000760,1919,3.2718186031404834e-12,5.789391407336197e-6,0.00008651008473738289,0.00007244911017050158
L48T16beta4.405ms0.021032m0.000760,1920,3.2714857176304954e-12,5.788802375747068e-6,0.0000865012829188318,0.00007244173896142411
L48T16beta4.405ms0.021032m0.000760,1921,3.271822330006042e-12,5.789398001920451e-6,0.00008651018327935431,0.00007244919269588767
L48T16beta4.405ms0.021032m0.000760,1922,3.2718729862952918e-12,5.7894876368059026e-6,0.0000865115226811999,0.00007245031439715717
L48T16beta4.405ms0.021032m0.000760,1923,3.2718118512158677e-12,5.789379459994644e-6,0.00008650990620989054,0.00007244896066009478
L48T16beta4.405ms0.021032m0.000760,1924,3.271933717723812e-12,5.789595099368189e-6,0.00008651312847958446,0.00007245165919602573
L48T16beta4.405ms0.021032m0.000760,1925,3.271945839599085e-12,5.789616548687072e-6,0.00008651344899382571,0.00007245192761527011
L48T16beta4.405ms0.021032m0.000760,1926,3.271880735085042e-12,5.7895013480724e-6,0.00008651172756678166,0.00007245048598152366
L48T16beta4.405ms0.021032m0.000760,1927,3.2716438924439517e-12,5.789082261650584e-6,0.00008650546521564444,0.00007244524148582303
L48T16beta4.405ms0.021032m0.000760,1928,3.271814723835464e-12,5.789384543014586e-6,0.000086509982164763,0.00007244902426959118
L48T16beta4.405ms0.021032m0.000760,1929,3.271873276655539e-12,5.78948815059023e-6,0.0000865115303586089,0.00007245032082671335
L48T16beta4.405ms0.021032m0.000760,1930,3.2687448914770295e-12,5.783952560611642e-6,0.00008642881279394189,0.00007238104781682336
L48T16beta4.405ms0.021032m0.000760,1931,3.269860672546566e-12,5.785926903972317e-6,0.00008645831513700616,0.00007240575497679714
L48T16beta4.405ms0.021032m0.000760,1932,3.27076241339312e-12,5.787522509151551e-6,0.00008648215804717596,0.00007242572256359262
L48T16beta4.405ms0.021032m0.000760,1933,3.2694941779339014e-12,5.785278402017056e-6,0.00008644862466090002,0.00007239763954871555
L48T16beta4.405ms0.021032m0.000760,1934,3.2712769868879587e-12,5.78843303254261e-6,0.00008649576387379464,0.0000724371169580687
L48T16beta4.405ms0.021032m0.000760,1935,3.2716061290020107e-12,5.789015440297446e-6,0.00008650446671329496,0.00007244440527572171
L48T16beta4.405ms0.021032m0.000760,1936,3.2717653400941035e-12,5.7892971598669934e-6,0.00008650867641032855,0.0000724479307468283
L48T16beta4.405ms0.021032m0.000760,1937,3.2718002428940234e-12,5.789358919394173e-6,0.00008650959927450438,0.00007244870361265719
L48T16beta4.405ms0.021032m0.000760,1938,3.2717911315988378e-12,5.789342797212459e-6,0.00008650935836294595,0.00007244850185782027
L48T16beta4.405ms0.021032m0.000760,1939,3.271415250696447e-12,5.788677686480344e-6,0.0000864994197041567,0.00007244017858559419
L48T16beta4.405ms0.021032m0.000760,1940,3.2719348893159617e-12,5.789597172467693e-6,0.00008651315945762708,0.00007245168513903145
L48T16beta4.405ms0.021032m0.000760,1941,3.2719532485301003e-12,5.789629658583054e-6,0.00008651364489321002,0.00007245209167401677
L48T16beta4.405ms0.021032m0.000760,1942,3.2718536048976743e-12,5.7894533419654975e-6,0.00008651101021808578,0.00007244988522757853
L48T16beta4.405ms0.021032m0.000760,1943,3.271957184334864e-12,5.789636622879381e-6,0.00008651374895973844,0.00007245217882602229
L48T16beta4.405ms0.021032m0.000760,1944,3.2719474708654275e-12,5.78961943516719e-6,0.00008651349212610368,0.00007245196373701437
L48T16beta4.405ms0.021032m0.000760,1945,3.271958494655129e-12,5.7896389414544e-6,0.00008651378360588813,0.00007245220784093683
L48T16beta4.405ms0.021032m0.000760,1946,3.271912869357774e-12,5.789558208768239e-6,0.00008651257722839014,0.0000724511975428135
L48T16beta4.405ms0.021032m0.000760,1947,3.2719011926115494e-12,5.7895375470927435e-6,0.00008651226848379642,0.00007245093898022913
L48T16beta4.405ms0.021032m0.000760,1948,3.2719521506827564e-12,5.789627715972918e-6,0.0000865136158650522,0.00007245206736397002
L48T16beta4.405ms0.021032m0.000760,1949,3.2716542857896774e-12,5.789100652384832e-6,0.0000865057400258734,0.00007244547162958736
L48T16beta4.405ms0.021032m0.000760,1950,3.27195636935682e-12,5.789635180798551e-6,0.00008651372741092163,0.00007245216077965686
L48T16beta4.405ms0.021032m0.000760,1951,3.2677717215993483e-12,5.782230563761842e-6,0.00008640308123030897,0.00007235949855012042
L48T16beta4.405ms0.021032m0.000760,1952,3.2593919370107213e-12,5.767402769566235e-6,0.0000861815115277138,0.00007217394182754301
L48T16beta4.405ms0.021032m0.000760,1953,3.271382135268395e-12,5.788619089657637e-6,0.00008649854409984165,0.00007243944529821298
L48T16beta4.405ms0.021032m0.000760,1954,3.271500700227199e-12,5.7888288870324225e-6,0.00008650167907334635,0.00007244207072669929
L48T16beta4.405ms0.021032m0.000760,1955,3.269019784002781e-12,5.784438975238969e-6,0.00008643608122125433,0.00007238713486543422
L48T16beta4.405ms0.021032m0.000760,1956,3.2705082917828312e-12,5.78707284807755e-6,0.00008647543882318886,0.00007242009545317676
L48T16beta4.405ms0.021032m0.000760,1957,3.2710649826542484e-12,5.788057896987178e-6,0.00008649015827444835,0.00007243242246856676
L48T16beta4.405ms0.021032m0.000760,1958,3.2679803062816412e-12,5.782599648516788e-6,0.0000864085964133704,0.00007236411731920891
L48T16beta4.405ms0.021032m0.000760,1959,3.2640718735198145e-12,5.775683786180853e-6,0.00008630525362746794,0.00007227757142223168
L48T16beta4.405ms0.021032m0.000760,1960,3.2717869355564357e-12,5.7893353724329175e-6,0.0000865092474154798,0.00007244840894327484
L48T16beta4.405ms0.021032m0.000760,1961,3.2714333107756065e-12,5.788709643284734e-6,0.00008649989723031812,0.00007244057849672113
L48T16beta4.405ms0.021032m0.000760,1962,3.2718503723552498e-12,5.7894476220721885e-6,0.00008651092474650163,0.00007244981364817558
L48T16beta4.405ms0.021032m0.000760,1963,3.2717495184053864e-12,5.789269163831816e-6,0.00008650825806940027,0.000072447580401223
L48T16beta4.405ms0.021032m0.000760,1964,3.2719141069523192e-12,5.789560398657134e-6,0.00008651260995160068,0.00007245122494733509
L48T16beta4.405ms0.021032m0.000760,1965,3.271895253944442e-12,5.78952703878758e-6,0.00008651211145962822,0.00007245080747808928
L48T16beta4.405ms0.021032m0.000760,1966,3.2717245996357553e-12,5.789225070766679e-6,0.0000865075991927528,0.00007244702861553275
L48T16beta4.405ms0.021032m0.000760,1967,3.271524347904779e-12,5.788870730935765e-6,0.00008650230434107645,0.00007244259436612008
L48T16beta4.405ms0.021032m0.000760,1968,3.2719455750865776e-12,5.789616080639597e-6,0.00008651344199985622,0.00007245192175807013
L48T16beta4.405ms0.021032m0.000760,1969,3.2716244299296946e-12,5.789047823276557e-6,0.00008650495060772701,0.00007244481052004813
L48T16beta4.405ms0.021032m0.000760,1970,3.2719604399854063e-12,5.789642383661857e-6,0.00008651383504232382,0.000072452250917117
L48T16beta4.405ms0.021032m0.000760,1971,3.271958560472236e-12,5.789639057915928e-6,0.00008651378534615684,0.0000724522092983498
L48T16beta4.405ms0.021032m0.000760,1972,3.2716553130024144e-12,5.789102470009008e-6,0.00008650576718638309,0.00007244549437554541
L48T16beta4.405ms0.021032m0.000760,1973,3.2719556163974695e-12,5.789633848458063e-6,0.00008651370750193978,0.0000724521441065947
L48T16beta4.405ms0.021032m0.000760,1974,3.2718972340030704e-12,5.789530542445881e-6,0.00008651216381431547,0.00007245085132327236
L48T16beta4.405ms0.021032m0.000760,1975,3.2719551413840396e-12,5.789633007935099e-6,0.00008651369494211998,0.00007245213358819362
L48T16beta4.405ms0.021032m0.000760,1976,3.27193896628406e-12,5.7896043865485886e-6,0.00008651326725665217,0.0000724517754168698
L48T16beta4.405ms0.021032m0.000760,1977,3.271625516646496e-12,5.789049746191509e-6,0.00008650497934158238,0.00007244483458362707
L48T16beta4.405ms0.021032m0.000760,1978,3.2699408001693105e-12,5.78606868755719e-6,0.00008646043378974162,0.00007240752927289118
L48T16beta4.405ms0.021032m0.000760,1979,3.2686076909595876e-12,5.783709788137643e-6,0.00008642518507803534,0.00007237800973415152
L48T16beta4.405ms0.021032m0.000760,1980,3.2698506460058112e-12,5.785909162289195e-6,0.0000864580500254595,0.00007240553295533329
L48T16beta4.405ms0.021032m0.000760,1981,3.2719612452225716e-12,5.789643808506474e-6,0.00008651385633358224,0.00007245226874778647
L48T16beta4.405ms0.021032m0.000760,1982,3.2719087223638735e-12,5.789550870778648e-6,0.00008651246757781435,0.00007245110571436749
L48T16beta4.405ms0.021032m0.000760,1983,3.271594500285201e-12,5.7889948636086555e-6,0.00008650415923864598,0.00007244414777667074
L48T16beta4.405ms0.021032m0.000760,1984,3.271701133408515e-12,5.7891835479346315e-6,0.0000865069787227472,0.0000724465089940351
L48T16beta4.405ms0.021032m0.000760,1985,3.2718555720125803e-12,5.7894568227202445e-6,0.00008651106223052835,0.00007244992878614391
L48T16beta4.405ms0.021032m0.000760,1986,3.2712949741222846e-12,5.788464860450107e-6,0.0000864962394738674,0.00007243751525616508
L48T16beta4.405ms0.021032m0.000760,1987,3.2718284258242307e-12,5.789408788300053e-6,0.00008651034445875085,0.00007244932767788303
L48T16beta4.405ms0.021032m0.000760,1988,3.2717647143617486e-12,5.789296052651112e-6,0.00008650865986535293,0.00007244791689100138
L48T16beta4.405ms0.021032m0.000760,1989,3.2719331918619354e-12,5.789594168870323e-6,0.00008651311457528199,0.00007245164755166838
L48T16beta4.405ms0.021032m0.000760,1990,3.2719216382531255e-12,5.7895737250830345e-6,0.00008651280908656199,0.0000724513917157621
L48T16beta4.405ms0.021032m0.000760,1991,3.2717951655270746e-12,5.789349935135524e-6,0.00008650946502395499,0.00007244859118261077
L48T16beta4.405ms0.021032m0.000760,1992,3.271814361014195e-12,5.78938390101251e-6,0.0000865099725714137,0.00007244901623550332
L48T16beta4.405ms0.021032m0.000760,1993,3.2713375137183173e-12,5.788540133074178e-6,0.00008649736426240367,0.00007243845722644323
L48T16beta4.405ms0.021032m0.000760,1994,3.271401358773777e-12,5.788653105112153e-6,0.0000864990523881306,0.00007243987097152444
L48T16beta4.405ms0.021032m0.000760,1995,3.271737108565381e-12,5.7892472049674015e-6,0.00008650792994108978,0.00007244730560546725
L48T16beta4.405ms0.021032m0.000760,1996,3.271451466079798e-12,5.788741768587152e-6,0.00008650037727432254,0.00007244098051645177
L48T16beta4.405ms0.021032m0.000760,1997,3.2716943610227595e-12,5.789171564387664e-6,0.0000865067996542423,0.00007244635903054958
L48T16beta4.405ms0.021032m0.000760,1998,3.2716431801421826e-12,5.789081001252548e-6,0.00008650544638168881,0.00007244522571305698
L48T16beta4.405ms0.021032m0.000760,1999,3.2711608617810892e-12,5.7882275524175075e-6,0.00008649269341236205,0.00007243454555614164
L48T16beta4.405ms0.021032m0.000760,2000,3.271269387877456e-12,5.788419586306298e-6,0.00008649556294852274,0.00007243694869032044
L48T16beta4.405ms0.021032m0.000760,2001,3.271112583047148e-12,5.788142124549603e-6,0.00008649141687540481,0.00007243347650197376
L48T16beta4.405ms0.021032m0.000760,2002,3.2706699017781097e-12,5.787358812439115e-6,0.00008647971194956957,0.00007242367404409905
L48T16beta4.405ms0.021032m0.000760,2003,3.2713467894702436e-12,5.788556546257491e-6,0.0000864976095223592,0.00007243866262290761
L48T16beta4.405ms0.021032m0.000760,2004,3.2719191887264863e-12,5.789569390714233e-6,0.00008651274431868123,0.00007245133747497222
L48T16beta4.405ms0.021032m0.000760,2005,3.270689093930038e-12,5.787392772414572e-6,0.00008648021940884252,0.00007242409902313919
L48T16beta4.405ms0.021032m0.000760,2006,3.271937876258536e-12,5.7896024577789446e-6,0.00008651323843531093,0.00007245175128002455
L48T16beta4.405ms0.021032m0.000760,2007,3.2708041368332033e-12,5.787596337610522e-6,0.00008648326125575045,0.00007242664646142252
L48T16beta4.405ms0.021032m0.000760,2008,3.2718822275041557e-12,5.789503988866233e-6,0.00008651176702780307,0.00007245051902872153
L48T16beta4.405ms0.021032m0.000760,2009,3.271766088963873e-12,5.789298484971082e-6,0.0000865086962111779,0.00007244794732933334
L48T16beta4.405ms0.021032m0.000760,2010,3.27196508381707e-12,5.789650600791958e-6,0.00008651395782977614,0.00007245235374722851
L48T16beta4.405ms0.021032m0.000760,2011,3.270418309858188e-12,5.786913627581387e-6,0.0000864730596130706,0.00007241810294956865
L48T16beta4.405ms0.021032m0.000760,2012,3.2719536534515538e-12,5.789630375080228e-6,0.00008651365559972939,0.00007245210064034484
L48T16beta4.405ms0.021032m0.000760,2013,3.271438086506182e-12,5.7887180938062666e-6,0.0000865000235053067,0.00007244068424751985
L48T16beta4.405ms0.021032m0.000760,2014,3.271804662963405e-12,5.789366740583182e-6,0.00008650971614546305,0.00007244880148791631
L48T16beta4.405ms0.021032m0.000760,2015,3.271907266817163e-12,5.789548295229499e-6,0.00008651242909173534,0.00007245107348364911
L48T16beta4.405ms0.021032m0.000760,2016,3.2717975868369288e-12,5.789354219575514e-6,0.00008650952904575634,0.00007244864479858575
L48T16beta4.405ms0.021032m0.000760,2017,3.27197049789285e-12,5.789660180847457e-6,0.00008651410098323643,0.00007245247363314524
L48T16beta4.405ms0.021032m0.000760,2018,3.271703929305455e-12,5.789188495195982e-6,0.00008650705264899758,0.00007244657090463286
L48T16beta4.405ms0.021032m0.000760,2019,3.2719290989722645e-12,5.789586926616651e-6,0.00008651300635527495,0.00007245155692127266
L48T16beta4.405ms0.021032m0.000760,2020,3.2719567716445304e-12,5.7896358926353905e-6,0.00008651373804780227,0.00007245216968766496
L48T16beta4.405ms0.021032m0.000760,2021,3.2716610814026643e-12,5.789112677031735e-6,0.00008650591970852902,0.00007244562210740219
L48T16beta4.405ms0.021032m0.000760,2022,3.271706771828912e-12,5.7891935249616486e-6,0.00008650712780809866,0.0000724466338476991
L48T16beta4.405ms0.021032m0.000760,2023,3.2718506765724267e-12,5.789448160375965e-6,0.0000865109327903014,0.00007244982038457096
L48T16beta4.405ms0.021032m0.000760,2024,3.271785084564453e-12,5.7893320971544315e-6,0.00008650919847344091,0.00007244836795606302
L48T16beta4.405ms0.021032m0.000760,2025,3.271902220578675e-12,5.789539366051789e-6,0.0000865122956642529,0.00007245096174289191
L48T16beta4.405ms0.021032m0.000760,2026,3.271919402430252e-12,5.789569768857063e-6,0.00008651274996921786,0.00007245134220709509
L48T16beta4.405ms0.021032m0.000760,2027,3.2719623232308156e-12,5.789645716011878e-6,0.00008651388483717485,0.00007245229261852856
L48T16beta4.405ms0.021032m0.000760,2028,3.2719375477421016e-12,5.789601876478312e-6,0.00008651322974901501,0.00007245174400556156
L48T16beta4.405ms0.021032m0.000760,2029,3.271890674447578e-12,5.789518935496105e-6,0.00008651199037325094,0.00007245070607256742
L48T16beta4.405ms0.021032m0.000760,2030,3.271824299384114e-12,5.789401486679807e-6,0.00008651023535163721,0.00007244923630456719
L48T16beta4.405ms0.021032m0.000760,2031,3.2718125926476292e-12,5.789380771937386e-6,0.00008650992581407167,0.0000724489770778972
L48T16beta4.405ms0.021032m0.000760,2032,3.270060584114405e-12,5.786280641894084e-6,0.00008646360099443639,0.0000724101816938495
L48T16beta4.405ms0.021032m0.000760,2033,3.2719716272657014e-12,5.789662179241095e-6,0.0000865141308449595,0.00007245249864127316
L48T16beta4.405ms0.021032m0.000760,2034,3.271812104452249e-12,5.78937990808933e-6,0.00008650991290570822,0.00007244896626760324
L48T16beta4.405ms0.021032m0.000760,2035,3.2719022389222324e-12,5.7895393985102e-6,0.00008651229614927451,0.0000724509621490802
L48T16beta4.405ms0.021032m0.000760,2036,3.2716228662142298e-12,5.7890450563258256e-6,0.00008650490926156032,0.00007244477589410833
L48T16beta4.405ms0.021032m0.000760,2037,3.2718061754730813e-12,5.789369416926704e-6,0.0000865097561376986,0.00007244883497998707
L48T16beta4.405ms0.021032m0.000760,2038,3.271943026774721e-12,5.789611571473119e-6,0.00008651337461999768,0.00007245186532984202
L48T16beta4.405ms0.021032m0.000760,2039,3.271951478760636e-12,5.78962652702554e-6,0.000086513598098774,0.00007245205248534576
L48T16beta4.405ms0.021032m0.000760,2040,3.2717599681714473e-12,5.789287654400267e-6,0.00008650853437143808,0.00007244781179432404
L48T16beta4.405ms0.021032m0.000760,2041,3.271775620930031e-12,5.789315351518304e-6,0.00008650894824568837,0.00007244815839924585
L48T16beta4.405ms0.021032m0.000760,2042,3.271670587203445e-12,5.7891294972800544e-6,0.00008650617105120134,0.00007244583259792492
L48T16beta4.405ms0.021032m0.000760,2043,3.271647081655347e-12,5.78908790487085e-6,0.00008650554954151379,0.00007244531210573072
L48T16beta4.405ms0.021032m0.000760,2044,3.2719386007893435e-12,5.789603739815921e-6,0.00008651325759261429,0.00007245176732358278
L48T16beta4.405ms0.021032m0.000760,2045,3.271936046945303e-12,5.789599220860399e-6,0.00008651319006647939,0.00007245171077285344
L48T16beta4.405ms0.021032m0.000760,2046,3.271953238723047e-12,5.789629641229747e-6,0.00008651364463390194,0.0000724520914568555
L48T16beta4.405ms0.021032m0.000760,2047,3.2719378921801086e-12,5.789602485951721e-6,0.00008651323885629289,0.00007245175163258193
L48T16beta4.405ms0.021032m0.000760,2048,3.2719479758823526e-12,5.789620328780498e-6,0.00008651350547924526,0.00007245197491979415
L48T16beta4.405ms0.021032m0.000760,2049,3.2719545422538132e-12,5.7896319477909394e-6,0.00008651367910053065,0.00007245212032142763
L48T16beta4.405ms0.021032m0.000760,2050,3.2718831965098473e-12,5.789505703494673e-6,0.00008651179264926156,0.0000724505404857791
L48T16beta4.405ms0.021032m0.000760,2051,3.2719447356901617e-12,5.789614595351142e-6,0.00008651341980539379,0.00007245190317099951
L48T16beta4.405ms0.021032m0.000760,2052,3.2719374640578933e-12,5.789601728401449e-6,0.00008651322753632267,0.00007245174215251064
L48T16beta4.405ms0.021032m0.000760,2053,3.271888285761727e-12,5.789514708783375e-6,0.00008651192721406016,0.00007245065317899802
L48T16beta4.405ms0.021032m0.000760,2054,3.2717594695866787e-12,5.78928677216848e-6,0.00008650852118836903,0.00007244780075397394
L48T16beta4.405ms0.021032m0.000760,2055,3.2717560184171096e-12,5.78928066542056e-6,0.0000865084299360693,0.00007244772433342787
L48T16beta4.405ms0.021032m0.000760,2056,3.2719498778816007e-12,5.789623694314912e-6,0.00008651355576996613,0.00007245201703647902
L48T16beta4.405ms0.021032m0.000760,2057,3.2719492919200897e-12,5.789622657472425e-6,0.00008651354027657053,0.00007245200406131285
L48T16beta4.405ms0.021032m0.000760,2058,3.2716449619553965e-12,5.789084154121139e-6,0.00008650549349457336,0.00007244526516841728
L48T16beta4.405ms0.021032m0.000760,2059,3.2691988552116902e-12,5.78475583672914e-6,0.000086440816039206,0.00007239110010657875
L48T16beta4.405ms0.021032m0.000760,2060,3.2719226967796118e-12,5.789575598116013e-6,0.00008651283707503785,0.00007245141515511229
L48T16beta4.405ms0.021032m0.000760,2061,3.2719257851676166e-12,5.789581062932113e-6,0.00008651291873503811,0.00007245148354244971
L48T16beta4.405ms0.021032m0.000760,2062,3.270299838046538e-12,5.786703995027884e-6,0.00008646992710246778,0.00007241547958367482
L48T16beta4.405ms0.021032m0.000760,2063,3.2707164775390757e-12,5.787441226944023e-6,0.00008648094345825529,0.00007242470538869568
L48T16beta4.405ms0.021032m0.000760,2064,3.269784349782586e-12,5.785791852978492e-6,0.00008645629708845881,0.00007240406493312212
L48T16beta4.405ms0.021032m0.000760,2065,3.2719083578617735e-12,5.789550225802388e-6,0.00008651245794002223,0.00007245109764306037
L48T16beta4.405ms0.021032m0.000760,2066,3.271827973601281e-12,5.789407988104206e-6,0.00008651033250153365,0.00007244931766414015
L48T16beta4.405ms0.021032m0.000760,2067,3.2719694010778275e-12,5.789658240063986e-6,0.00008651407198237421,0.0000724524493459576
L48T16beta4.405ms0.021032m0.000760,2068,3.27151684214731e-12,5.788857449708085e-6,0.00008650210588150598,0.00007244242816330883
L48T16beta4.405ms0.021032m0.000760,2069,3.2719572042401384e-12,5.789636658101206e-6,0.00008651374948605336,0.00007245217926679225
L48T16beta4.405ms0.021032m0.000760,2070,3.2719453165562402e-12,5.7896156231774035e-6,0.00008651343516406117,0.00007245191603333561
L48T16beta4.405ms0.021032m0.000760,2071,3.2715882363574422e-12,5.788983779763876e-6,0.00008650399361426793,0.00007244400907216191
L48T16beta4.405ms0.021032m0.000760,2072,3.271950803701847e-12,5.7896253325279146e-6,0.00008651358024955918,0.00007245203753726502
L48T16beta4.405ms0.021032m0.000760,2073,3.2717407567495195e-12,5.789253660327086e-6,0.00008650802640264749,0.00007244738638858106
L48T16beta4.405ms0.021032m0.000760,2074,3.271917194493291e-12,5.789565861974433e-6,0.00008651269158920457,0.00007245129331591636
L48T16beta4.405ms0.021032m0.000760,2075,3.27182760560517e-12,5.789407336945392e-6,0.00008651032277135646,0.00007244930951546382
L48T16beta4.405ms0.021032m0.000760,2076,3.2718426360327656e-12,5.78943393286617e-6,0.00008651072019056659,0.00007244964233987644
L48T16beta4.405ms0.021032m0.000760,2077,3.2719354573177273e-12,5.7895981775309135e-6,0.00008651317447614946,0.00007245169771650823
L48T16beta4.405ms0.021032m0.000760,2078,3.27193977816514e-12,5.789605823149427e-6,0.00008651328872358221,0.00007245179339465797
L48T16beta4.405ms0.021032m0.000760,2079,3.2719450334222427e-12,5.789615122179723e-6,0.0000865134276777213,0.000072451909763793
L48T16beta4.405ms0.021032m0.000760,2080,3.2718807711633518e-12,5.789501411911958e-6,0.00008651172852072745,0.00007245048678041924
L48T16beta4.405ms0.021032m0.000760,2081,3.271291977584415e-12,5.78845955816025e-6,0.00008649616024247458,0.00007243744890269976
L48T16beta4.405ms0.021032m0.000760,2082,3.267842394812389e-12,5.782355618033468e-6,0.00008640494989920245,0.00007236106349366366
L48T16beta4.405ms0.021032m0.000760,2083,3.271695773225206e-12,5.7891740632403516e-6,0.00008650683699425657,0.00007244639030147962
L48T16beta4.405ms0.021032m0.000760,2084,3.269961782618017e-12,5.786105815412668e-6,0.00008646098858621286,0.00007240799389514636
L48T16beta4.405ms0.021032m0.000760,2085,3.269904979648897e-12,5.786005304149293e-6,0.00008645948666013811,0.00007240673608563216
L48T16beta4.405ms0.021032m0.000760,2086,3.2716396135246697e-12,5.789074690222724e-6,0.00008650535207683249,0.00007244514673610366
L48T16beta4.405ms0.021032m0.000760,2087,3.2713177518705576e-12,5.788505165037899e-6,0.00008649684173981558,0.00007243801963241397
L48T16beta4.405ms0.021032m0.000760,2088,3.2702239438679942e-12,5.7865697024039875e-6,0.00008646792038613864,0.00007241379903032831
L48T16beta4.405ms0.021032m0.000760,2089,3.2719553253887125e-12,5.789633333526216e-6,0.00008651369980738354,0.00007245213766267831
L48T16beta4.405ms0.021032m0.000760,2090,3.2719289350449194e-12,5.789586636551804e-6,0.00008651300202087558,0.0000724515532913678
L48T16beta4.405ms0.021032m0.000760,2091,3.2719540182183516e-12,5.789631020524863e-6,0.00008651366524452038,0.00007245210871751327
L48T16beta4.405ms0.021032m0.000760,2092,3.2719435769755597e-12,5.7896125450380975e-6,0.00008651338916784613,0.00007245187751314619
L48T16beta4.405ms0.021032m0.000760,2093,3.271913298829948e-12,5.789558968707226e-6,0.00008651258858405458,0.00007245120705277742
L48T16beta4.405ms0.021032m0.000760,2094,3.271842493770935e-12,5.789433681137844e-6,0.00008651071642902461,0.0000724496391897192
L48T16beta4.405ms0.021032m0.000760,2095,3.2718835314319686e-12,5.789506296129988e-6,0.0000865118015049301,0.00007245054790208563
L48T16beta4.405ms0.021032m0.000760,2096,3.2718523717235822e-12,5.7894511598984705e-6,0.00008651097761175634,0.0000724498579209407
L48T16beta4.405ms0.021032m0.000760,2097,3.271936252655195e-12,5.789599584858293e-6,0.00008651319550565019,0.00007245171532796498
L48T16beta4.405ms0.021032m0.000760,2098,3.2719569080962443e-12,5.7896361340828775e-6,0.00008651374165571907,0.0000724521727091666
L48T16beta4.405ms0.021032m0.000760,2099,3.2718709464679012e-12,5.78948402738845e-6,0.0000865114687461681,0.00007245026922849188
L48T16beta4.405ms0.021032m0.000760,2100,3.271790360772386e-12,5.789341433256635e-6,0.00008650933798154045,0.00007244848478912017
L48T16beta4.405ms0.021032m0.000760,2101,3.2719620287545175e-12,5.789645194944314e-6,0.00008651387705093343,0.0000724522860978291
L48T16beta4.405ms0.021032m0.000760,2102,3.271969443429475e-12,5.78965831500404e-6,0.0000865140731021932,0.00007245245028376605
L48T16beta4.405ms0.021032m0.000760,2103,3.2719653280140216e-12,5.789651032891627e-6,0.00008651396428658243,0.00007245235915457346
L48T16beta4.405ms0.021032m0.000760,2104,3.271908138983166e-12,5.789549838502821e-6,0.00008651245215265771,0.00007245109279634902
L48T16beta4.405ms0.021032m0.000760,2105,3.2712311442207736e-12,5.788351915226621e-6,0.00008649455174882568,0.00007243610184664345
L48T16beta4.405ms0.021032m0.000760,2106,3.271446872765709e-12,5.788733640846484e-6,0.00008650025582260431,0.00007244087880496991
L48T16beta4.405ms0.021032m0.000760,2107,3.271719438041968e-12,5.789215937470997e-6,0.0000865074627151634,0.00007244691432041975
L48T16beta4.405ms0.021032m0.000760,2108,3.2714487629594353e-12,5.788736985491358e-6,0.00008650030580117566,0.00007244092066024068
L48T16beta4.405ms0.021032m0.000760,2109,3.2717622683952947e-12,5.789291724581959e-6,0.00008650859519160696,0.00007244786272904603
L48T16beta4.405ms0.021032m0.000760,2110,3.271927366736948e-12,5.7895838614747605e-6,0.0000865129605532785,0.0000724515185637344
L48T16beta4.405ms0.021032m0.000760,2111,3.2717830531412173e-12,5.789328502607896e-6,0.00008650914476062319,0.00007244832297349411
L48T16beta4.405ms0.021032m0.000760,2112,3.271370413404431e-12,5.788598348147565e-6,0.00008649823416229076,0.00007243918573656952
L48T16beta4.405ms0.021032m0.000760,2113,3.271636641722809e-12,5.789069431702543e-6,0.00008650527349948394,0.00007244508093037708
L48T16beta4.405ms0.021032m0.000760,2114,3.2496328799829205e-12,5.750134391409138e-6,0.0000859234725124635,0.00007195784335646987
L48T16beta4.405ms0.021032m0.000760,2115,3.271651876377989e-12,5.789096388998313e-6,0.00008650567631867119,0.00007244541827707792
L48T16beta4.405ms0.021032m0.000760,2116,3.271372863566345e-12,5.7886026836404675e-6,0.00008649829894696881,0.00007243923999142653
L48T16beta4.405ms0.021032m0.000760,2117,3.2716765819467804e-12,5.7891401048105334e-6,0.00008650632955807987,0.00007244596534178177
L48T16beta4.405ms0.021032m0.000760,2118,3.2719455583973815e-12,5.7896160511085315e-6,0.00008651344155857756,0.00007245192138851499
L48T16beta4.405ms0.021032m0.000760,2119,3.2718769594621496e-12,5.789494667213409e-6,0.00008651162773561863,0.00007245040237648558
L48T16beta4.405ms0.021032m0.000760,2120,3.2718752865720787e-12,5.789491707081269e-6,0.00008651158350276855,0.00007245036533305141
L48T16beta4.405ms0.021032m0.000760,2121,3.271826573138182e-12,5.789405510023965e-6,0.00008651029547191921,0.00007244928665315889
L48T16beta4.405ms0.021032m0.000760,2122,3.2719323743295575e-12,5.789592722269671e-6,0.00008651309295892611,0.00007245162944874138
L48T16beta4.405ms0.021032m0.000760,2123,3.2714793122217645e-12,5.78879104155567e-6,0.00008650111355355846,0.00007244159712404892
L48T16beta4.405ms0.021032m0.000760,2124,3.271910824779058e-12,5.789554590943449e-6,0.00008651252316772865,0.00007245115226893784
L48T16beta4.405ms0.021032m0.000760,2125,3.2715380819484485e-12,5.788895032941485e-6,0.00008650266748262731,0.00007244289848421575
L48T16beta4.405ms0.021032m0.000760,2126,3.271095070310091e-12,5.788111136251738e-6,0.00008649095382150405,0.0000724330887108489
L48T16beta4.405ms0.021032m0.000760,2127,3.271519153911981e-12,5.788861540310941e-6,0.00008650216700682552,0.00007244247935358361
L48T16beta4.405ms0.021032m0.000760,2128,3.2685826314501384e-12,5.783665446037339e-6,0.00008642452248008941,0.00007237745483200653
L48T16beta4.405ms0.021032m0.000760,2129,3.2719361822323464e-12,5.789599460247034e-6,0.00008651319364360118,0.00007245171376856534
L48T16beta4.405ms0.021032m0.000760,2130,3.2718863117646784e-12,5.789511215850869e-6,0.00008651187501964699,0.00007245060946803875
L48T16beta4.405ms0.021032m0.000760,2131,3.2719575818315445e-12,5.789637326238627e-6,0.00008651375946993952,0.0000724521876279408
L48T16beta4.405ms0.021032m0.000760,2132,3.2716292728273357e-12,5.789056392648331e-6,0.00008650507865867851,0.00007244491775815247
L48T16beta4.405ms0.021032m0.000760,2133,3.271750500857726e-12,5.789270902253722e-6,0.00008650828404640129,0.00007244760215603477
L48T16beta4.405ms0.021032m0.000760,2134,3.271849693418638e-12,5.789446420712864e-6,0.00008651090679475339,0.00007244979861422675
L48T16beta4.405ms0.021032m0.000760,2135,3.2719651352875563e-12,5.789650691867543e-6,0.00008651395919070614,0.00007245235488695884
L48T16beta4.405ms0.021032m0.000760,2136,3.271670592854743e-12,5.789129507279868e-6,0.00008650617120062718,0.00007244583272306372
L48T16beta4.405ms0.021032m0.000760,2137,3.271915495331964e-12,5.789562855356041e-6,0.00008651264666171676,0.00007245125569074787
L48T16beta4.405ms0.021032m0.000760,2138,3.270199662106844e-12,5.786526736507522e-6,0.00008646727835261862,0.00007241326135015651
L48T16beta4.405ms0.021032m0.000760,2139,3.2695837795672213e-12,5.78543694959837e-6,0.00008645099381574365,0.00007239962363138982
L48T16beta4.405ms0.021032m0.000760,2140,3.2705794799257294e-12,5.78719881350314e-6,0.00008647732110733154,0.00007242167179900556
L48T16beta4.405ms0.021032m0.000760,2141,3.2715624233724818e-12,5.788938104409752e-6,0.00008650331109369233,0.00007244343748552522
L48T16beta4.405ms0.021032m0.000760,2142,3.2715686348239027e-12,5.788949095399121e-6,0.00008650347533054465,0.00007244357502803075
L48T16beta4.405ms0.021032m0.000760,2143,3.2718782784115625e-12,5.789497001057464e-6,0.00008651166260993147,0.00007245043158247862
L48T16beta4.405ms0.021032m0.000760,2144,3.271949172978135e-12,5.789622447007967e-6,0.00008651353713162888,0.0000724520014275364
L48T16beta4.405ms0.021032m0.000760,2145,3.2715407632841826e-12,5.788899777489989e-6,0.0000865027383797673,0.0000724429578580416
L48T16beta4.405ms0.021032m0.000760,2146,3.2719237062840662e-12,5.789577384405879e-6,0.00008651286376732324,0.0000724514375089492
L48T16beta4.405ms0.021032m0.000760,2147,3.2719506553387323e-12,5.789625070003537e-6,0.00008651357632669328,0.00007245203425200476
L48T16beta4.405ms0.021032m0.000760,2148,3.2719169820733098e-12,5.789565486103224e-6,0.00008651268597261244,0.0000724512886122208
L48T16beta4.405ms0.021032m0.000760,2149,3.271862029699126e-12,5.789468249415772e-6,0.00008651123297807828,0.00007245007178112645
L48T16beta4.405ms0.021032m0.000760,2150,3.2717093646364682e-12,5.789198112862021e-6,0.00008650719636446702,0.00007244669126121222
L48T16beta4.405ms0.021032m0.000760,2151,3.2719133579502007e-12,5.789559073318858e-6,0.0000865125901472519,0.00007245120836189942
L48T16beta4.405ms0.021032m0.000760,2152,3.2717728459309818e-12,5.789310441235186e-6,0.00008650887487199869,0.00007244809695139797
L48T16beta4.405ms0.021032m0.000760,2153,3.2717028247083174e-12,5.789186540642276e-6,0.0000865070234423686,0.00007244654644512288
L48T16beta4.405ms0.021032m0.000760,2154,3.2718052084923277e-12,5.789367705881336e-6,0.00008650973056978146,0.00007244881356776847
L48T16beta4.405ms0.021032m0.000760,2155,3.2719456896477837e-12,5.789616283352443e-6,0.00008651344502896659,0.00007245192429484201
L48T16beta4.405ms0.021032m0.000760,2156,3.2717439550135795e-12,5.7892593195657885e-6,0.00008650811096787813,0.0000724474572089453
L48T16beta4.405ms0.021032m0.000760,2157,3.271952885497073e-12,5.789629016206277e-6,0.00008651363529426162,0.00007245208363523988
L48T16beta4.405ms0.021032m0.000760,2158,3.2719418880183326e-12,5.789609556475575e-6,0.00008651334451016472,0.00007245184011393092
L48T16beta4.405ms0.021032m0.000760,2159,3.2714527685914777e-12,5.788744073345099e-6,0.00008650041171400564,0.0000724410093584579
L48T16beta4.405ms0.021032m0.000760,2160,3.271936631424506e-12,5.789600255079984e-6,0.00008651320552068134,0.00007245172371519633
L48T16beta4.405ms0.021032m0.000760,2161,3.2718093038172184e-12,5.789374952444061e-6,0.0000865098388541781,0.00007244890425208817
L48T16beta4.405ms0.021032m0.000760,2162,3.2664478743640315e-12,5.7798880531466715e-6,0.00008636807741426712,0.00007233018410276433
L48T16beta4.405ms0.021032m0.000760,2163,3.260227197139686e-12,5.768880738977154e-6,0.00008620359662267143,0.0000721924373067992
L48T16beta4.405ms0.021032m0.000760,2164,3.2719054204970963e-12,5.789545028217838e-6,0.00008651238027322648,0.00007245103259988929
L48T16beta4.405ms0.021032m0.000760,2165,3.271832795852494e-12,5.789416520942704e-6,0.0000865104600065734,0.00007244942444506285
L48T16beta4.405ms0.021032m0.000760,2166,3.271868174340823e-12,5.789479122187205e-6,0.00008651139544841614,0.00007245020784423913
L48T16beta4.405ms0.021032m0.000760,2167,3.2718511862877376e-12,5.789449062302936e-6,0.0000865109462676729,0.00007244983167138884
L48T16beta4.405ms0.021032m0.000760,2168,3.271921110233962e-12,5.789572790767909e-6,0.00008651279512521873,0.00007245138002363512
L48T16beta4.405ms0.021032m0.000760,2169,3.271613955401155e-12,5.789029288891592e-6,0.00008650467365094503,0.00007244457857862221
L48T16beta4.405ms0.021032m0.000760,2170,3.2719311290455413e-12,5.789590518774472e-6,0.00008651306003239845,0.00007245160187394894
L48T16beta4.405ms0.021032m0.000760,2171,3.271594589183956e-12,5.788995020912513e-6,0.00008650416158921602,0.00007244414974518931
L48T16beta4.405ms0.021032m0.000760,2172,3.271901262293244e-12,5.789537670392551e-6,0.00008651227032624861,0.00007245094052321711
L48T16beta4.405ms0.021032m0.000760,2173,3.2719095728114224e-12,5.789552375621773e-6,0.00008651249006447954,0.0000724511245461475
L48T16beta4.405ms0.021032m0.000760,2174,3.2717121961617318e-12,5.789203123166692e-6,0.00008650727123276512,0.00007244675396074134
L48T16beta4.405ms0.021032m0.000760,2175,3.2719467674707393e-12,5.789618190529984e-6,0.00008651347352766,0.0000724519481614812
L48T16beta4.405ms0.021032m0.000760,2176,3.2719444278069203e-12,5.789614050560367e-6,0.00008651341166465968,0.00007245189635342508
L48T16beta4.405ms0.021032m0.000760,2177,3.2718658120718123e-12,5.789474942218334e-6,0.00008651133298771245,0.00007245015553562775
L48T16beta4.405ms0.021032m0.000760,2178,3.2719528740488934e-12,5.7896289959490435e-6,0.00008651363499156056,0.00007245208338173853
L48T16beta4.405ms0.021032m0.000760,2179,3.271934705642161e-12,5.789596847462046e-6,0.00008651315460111211,0.00007245168107187339
L48T16beta4.405ms0.021032m0.000760,2180,3.2719329463679645e-12,5.789593734475615e-6,0.00008651310808418123,0.00007245164211560303
L48T16beta4.405ms0.021032m0.000760,2181,3.2718876812449006e-12,5.789513639107777e-6,0.00008651191123004385,0.00007245063979295451
L48T16beta4.405ms0.021032m0.000760,2182,3.2719484270862157e-12,5.7896211271731e-6,0.0000865135174095168,0.00007245198491097102
L48T16beta4.405ms0.021032m0.000760,2183,3.271749536709239e-12,5.7892691962199705e-6,0.00008650825855337205,0.00007244758080653211
L48T16beta4.405ms0.021032m0.000760,2184,3.271510329112455e-12,5.788845925075274e-6,0.00008650193367049262,0.00007244228394272787
L48T16beta4.405ms0.021032m0.000760,2185,3.2714882139292352e-12,5.788806792877792e-6,0.00008650134892341266,0.0000724417942379062
L48T16beta4.405ms0.021032m0.000760,2186,3.2637092090842582e-12,5.7750420616167406e-6,0.00008629566442499164,0.00007226954080720266
L48T16beta4.405ms0.021032m0.000760,2187,3.2713050658845764e-12,5.788482717540913e-6,0.00008649650630993532,0.00007243773872185398
L48T16beta4.405ms0.021032m0.000760,2188,3.271961629140255e-12,5.789644487838065e-6,0.00008651386648474138,0.00007245227724902016
L48T16beta4.405ms0.021032m0.000760,2189,3.2716450161390353e-12,5.789084249997571e-6,0.00008650549492724178,0.000072445266368226
L48T16beta4.405ms0.021032m0.000760,2190,3.271951590727804e-12,5.7896267251483086e-6,0.00008651360105929544,0.00007245205496467686
L48T16beta4.405ms0.021032m0.000760,2191,3.2719290272788664e-12,5.78958679975719e-6,0.00008651300445963137,0.00007245155533373878
L48T16beta4.405ms0.021032m0.000760,2192,3.2716512418709023e-12,5.789095266255789e-6,0.00008650565954168307,0.0000724454042269488
L48T16beta4.405ms0.021032m0.000760,2193,3.271778458265411e-12,5.789320372103814e-6,0.00008650902326761164,0.00007244822122743056
L48T16beta4.405ms0.021032m0.000760,2194,3.2719530006009097e-12,5.789629219879293e-6,0.00008651363833771965,0.00007245208618402742
L48T16beta4.405ms0.021032m0.000760,2195,3.271631593591732e-12,5.789060499175949e-6,0.00008650514002195959,0.00007244496914771156
L48T16beta4.405ms0.021032m0.000760,2196,3.271805290958926e-12,5.789367851803673e-6,0.000086509732750279,0.00007244881539385738
L48T16beta4.405ms0.021032m0.000760,2197,3.2713103364147418e-12,5.788492043596466e-6,0.00008649664566790915,0.00007243785542918618
L48T16beta4.405ms0.021032m0.000760,2198,3.271909658586743e-12,5.789552527398802e-6,0.00008651249233246294,0.0000724511264455027
L48T16beta4.405ms0.021032m0.000760,2199,3.2718594275345026e-12,5.7894636449583314e-6,0.00008651116417429989,0.00007245001416041627
L48T16beta4.405ms0.021032m0.000760,2200,3.271278374711738e-12,5.788435488257929e-6,0.0000864958005692131,0.00007243714768917274
L48T16beta4.405ms0.021032m0.000760,2201,3.271944678727196e-12,5.789614494556769e-6,0.00008651341829923727,0.00007245190190964715
L48T16beta4.405ms0.021032m0.000760,2202,3.271881136949236e-12,5.789502059159839e-6,0.00008651173819246409,0.00007245049488015367
L48T16beta4.405ms0.021032m0.000760,2203,3.2718219210082424e-12,5.789397278210297e-6,0.00008651017246505237,0.00007244918363929554
L48T16beta4.405ms0.021032m0.000760,2204,3.2719605880176487e-12,5.789642645600765e-6,0.00008651383895644113,0.00007245225419505063
L48T16beta4.405ms0.021032m0.000760,2205,3.2718163223057495e-12,5.789387371462999e-6,0.00008651002442988116,0.00007244905966512004
L48T16beta4.405ms0.021032m0.000760,2206,3.2715949720957877e-12,5.788995698464278e-6,0.00008650417171377945,0.00007244415822415004
L48T16beta4.405ms0.021032m0.000760,2207,3.2716829827894744e-12,5.789151430922457e-6,0.00008650649880262274,0.00007244610707804952
L48T16beta4.405ms0.021032m0.000760,2208,3.2718398803434206e-12,5.789429056751033e-6,0.00008651064732744436,0.00007244958131961058
L48T16beta4.405ms0.021032m0.000760,2209,3.271939699629304e-12,5.789605684182464e-6,0.00008651328664701787,0.00007245179165560941
L48T16beta4.405ms0.021032m0.000760,2210,3.2716691386579913e-12,5.789126934119433e-6,0.0000865061327502424,0.00007244580052223799
L48T16beta4.405ms0.021032m0.000760,2211,3.271813008342283e-12,5.789381507497436e-6,0.000086509936805445,0.0000724489862827803
L48T16beta4.405ms0.021032m0.000760,2212,3.2714923173141737e-12,5.788814053702546e-6,0.00008650145742092483,0.00007244188510070258
L48T16beta4.405ms0.021032m0.000760,2213,3.2718382388332735e-12,5.78942615214479e-6,0.00008651060392431016,0.00007244954497103387
L48T16beta4.405ms0.021032m0.000760,2214,3.271900028153005e-12,5.789535486615954e-6,0.00008651223769437331,0.00007245091319518553
L48T16beta4.405ms0.021032m0.000760,2215,3.2718282687393236e-12,5.7894085103427084e-6,0.00008651034030527224,0.00007244932419949285
L48T16beta4.405ms0.021032m0.000760,2216,3.2717727856857634e-12,5.789310334632959e-6,0.00008650887327905617,0.00007244809561736542
L48T16beta4.405ms0.021032m0.000760,2217,3.2719616473249935e-12,5.789644520015451e-6,0.00008651386696556366,0.00007245227765169167
L48T16beta4.405ms0.021032m0.000760,2218,3.2719455550357195e-12,5.789616045160165e-6,0.00008651344146969193,0.00007245192131407644
L48T16beta4.405ms0.021032m0.000760,2219,3.2717747580416857e-12,5.789313824661538e-6,0.00008650892543007634,0.0000724481392919846
L48T16beta4.405ms0.021032m0.000760,2220,3.271945407956389e-12,5.789615784907408e-6,0.00008651343758077054,0.0000724519180572435
L48T16beta4.405ms0.021032m0.000760,2221,3.27164337022167e-12,5.789081337592879e-6,0.00008650545140757641,0.00007244522992205858
L48T16beta4.405ms0.021032m0.000760,2222,3.2719547759687322e-12,5.7896323613429446e-6,0.00008651368528018177,0.00007245212549666501
L48T16beta4.405ms0.021032m0.000760,2223,3.271701907530454e-12,5.789184917721728e-6,0.00008650699919128862,0.00007244652613570842
L48T16beta4.405ms0.021032m0.000760,2224,3.2713399111789e-12,5.788544375313551e-6,0.00008649742765360694,0.00007243851031431481
L48T16beta4.405ms0.021032m0.000760,2225,3.27144236527988e-12,5.78872566497652e-6,0.00008650013664026926,0.00007244077899401551
L48T16beta4.405ms0.021032m0.000760,2226,3.2716578482646698e-12,5.789106956084582e-6,0.00008650583422119742,0.0000724455505148113
L48T16beta4.405ms0.021032m0.000760,2227,3.271925253177986e-12,5.7895801215913575e-6,0.00008651290466871184,0.00007245147176240319
L48T16beta4.405ms0.021032m0.000760,2228,3.2718109526197898e-12,5.789377869954045e-6,0.00008650988245013112,0.00007244894076214377
L48T16beta4.405ms0.021032m0.000760,2229,3.2719170202162622e-12,5.78956555359611e-6,0.00008651268698114942,0.00007245128945683455
L48T16beta4.405ms0.021032m0.000760,2230,3.2719328760774648e-12,5.789593610098544e-6,0.00008651310622563165,0.00007245164055913404
L48T16beta4.405ms0.021032m0.000760,2231,3.2718711807519205e-12,5.789484441947462e-6,0.00008651147494086677,0.00007245027441633106
L48T16beta4.405ms0.021032m0.000760,2232,3.271904534315345e-12,5.789543460144042e-6,0.00008651235684171403,0.00007245101297683341
L48T16beta4.405ms0.021032m0.000760,2233,3.271951740467347e-12,5.7896269901082376e-6,0.00008651360501855545,0.0000724520582804159
L48T16beta4.405ms0.021032m0.000760,2234,3.271026080495624e-12,5.7879890607067525e-6,0.00008648912966331573,0.00007243156104343355
L48T16beta4.405ms0.021032m0.000760,2235,3.2716722355030907e-12,5.789132413900125e-6,0.00008650621463385653,0.00007244586909684405
L48T16beta4.405ms0.021032m0.000760,2236,3.27183574176691e-12,5.789421733655778e-6,0.00008651053789943259,0.00007244948967755401
L48T16beta4.405ms0.021032m0.000760,2237,3.2559661586173702e-12,5.761340950620995e-6,0.00008609093059550204,0.000072098083527819
L48T16beta4.405ms0.021032m0.000760,2238,3.271671484502504e-12,5.7891310850256145e-6,0.00008650619477666629,0.00007244585246715553
L48T16beta4.405ms0.021032m0.000760,2239,3.2714070255168384e-12,5.788663132255331e-6,0.00008649920222236102,0.00007243999645234786
L48T16beta4.405ms0.021032m0.000760,2240,3.271838109647514e-12,5.789425923554206e-6,0.0000865106005085123,0.000072449542110425
L48T16beta4.405ms0.021032m0.000760,2241,3.2717000710174407e-12,5.789181668063373e-6,0.00008650695063208785,0.00007244648546910988
L48T16beta4.405ms0.021032m0.000760,2242,3.2718631324963186e-12,5.789470200784526e-6,0.00008651126213711492,0.00007245009620077955
L48T16beta4.405ms0.021032m0.000760,2243,3.271591522315882e-12,5.788989594175328e-6,0.00008650408049822377,0.0000724440818343758
L48T16beta4.405ms0.021032m0.000760,2244,3.2719316283714637e-12,5.789591402317711e-6,0.00008651307323506432,0.00007245161293071068
L48T16beta4.405ms0.021032m0.000760,2245,3.271915613876872e-12,5.789563065117936e-6,0.0000865126497961601,0.00007245125831573237
L48T16beta4.405ms0.021032m0.000760,2246,3.2709164740484373e-12,5.7877951151674364e-6,0.00008648623156162245,0.00007242913398664012
L48T16beta4.405ms0.021032m0.000760,2247,3.271181515011912e-12,5.788264097731158e-6,0.00008649323950399037,0.00007243500288840138
L48T16beta4.405ms0.021032m0.000760,2248,3.2707035972119726e-12,5.787418435565864e-6,0.00008648060288980565,0.00007242442017476713
L48T16beta4.405ms0.021032m0.000760,2249,3.2712217161485007e-12,5.78833523251672e-6,0.00008649430246137116,0.00007243589307729232
L48T16beta4.405ms0.021032m0.000760,2250,3.2718762059469336e-12,5.7894933338893326e-6,0.00008651160781193914,0.00007245038569111468
L48T16beta4.405ms0.021032m0.000760,2251,3.2718900005005195e-12,5.789517742965655e-6,0.00008651197255343138,0.00007245069114910417
L48T16beta4.405ms0.021032m0.000760,2252,3.2676146524021162e-12,5.7819526342152774e-6,0.00008639892816707095,0.0000723560205077975
L48T16beta4.405ms0.021032m0.000760,2253,3.271748602934824e-12,5.789267543932289e-6,0.00008650823386346297,0.00007244756012961393
L48T16beta4.405ms0.021032m0.000760,2254,3.2719444561428194e-12,5.789614100699947e-6,0.00008651341241388858,0.00007245189698087756
L48T16beta4.405ms0.021032m0.000760,2255,3.2719534356582072e-12,5.789629989700999e-6,0.00008651364984106023,0.00007245209581766483
L48T16beta4.405ms0.021032m0.000760,2256,3.271887329686523e-12,5.789513017035071e-6,0.00008651190193449641,0.0000724506320082651
L48T16beta4.405ms0.021032m0.000760,2257,3.2716139960190317e-12,5.789029360763788e-6,0.00008650467472492143,0.00007244457947803915
L48T16beta4.405ms0.021032m0.000760,2258,3.271614254059678e-12,5.789029817359487e-6,0.00008650468154776855,0.00007244458519193023
L48T16beta4.405ms0.021032m0.000760,2259,3.2716007649011744e-12,5.789005948671211e-6,0.00008650432488122107,0.00007244428649641894
L48T16beta4.405ms0.021032m0.000760,2260,3.2716638323009792e-12,5.789117544669278e-6,0.00008650599244497172,0.00007244568302157845
L48T16beta4.405ms0.021032m0.000760,2261,3.2716975122235513e-12,5.789177140349232e-6,0.00008650688297507411,0.00007244642880877418
L48T16beta4.405ms0.021032m0.000760,2262,3.2719534079708178e-12,5.789629940708939e-6,0.00008651364910897857,0.00007245209520457255
L48T16beta4.405ms0.021032m0.000760,2263,3.271815357032297e-12,5.789385663438652e-6,0.00008650999890710672,0.00007244903829070684
L48T16beta4.405ms0.021032m0.000760,2264,3.270108762580821e-12,5.786365892341411e-6,0.00008646487488022217,0.00007241124852775585
L48T16beta4.405ms0.021032m0.000760,2265,3.271942652055286e-12,5.789610908417571e-6,0.00008651336471204922,0.0000724518570322886
L48T16beta4.405ms0.021032m0.000760,2266,3.2716457472872875e-12,5.789085543743931e-6,0.00008650551425951686,0.0000724452825583168
L48T16beta4.405ms0.021032m0.000760,2267,3.2714988382767275e-12,5.788825592363198e-6,0.00008650162984155432,0.00007244202949682956
L48T16beta4.405ms0.021032m0.000760,2268,3.271363270097654e-12,5.788585708266236e-6,0.00008649804528627118,0.00007243902755964028
L48T16beta4.405ms0.021032m0.000760,2269,3.2712048103237855e-12,5.7883053181332494e-6,0.00008649385545482647,0.00007243551872525578
L48T16beta4.405ms0.021032m0.000760,2270,3.2718012012456287e-12,5.789360615170505e-6,0.0000865096246142584,0.00007244872483379731
L48T16beta4.405ms0.021032m0.000760,2271,3.2719344463177303e-12,5.789596388594727e-6,0.00008651314774432046,0.00007245167532955496
L48T16beta4.405ms0.021032m0.000760,2272,3.2719196499756307e-12,5.789570206881679e-6,0.00008651275651455986,0.00007245134768858554
L48T16beta4.405ms0.021032m0.000760,2273,3.271880129085908e-12,5.7895002757739e-6,0.00008651171154357169,0.00007245047256265685
L48T16beta4.405ms0.021032m0.000760,2274,3.2716445854360166e-12,5.789083487880639e-6,0.0000865054835390326,0.00007244525683100701
L48T16beta4.405ms0.021032m0.000760,2275,3.2709234617526148e-12,5.787807479714323e-6,0.0000864864163233571,0.00007242928871800248
L48T16beta4.405ms0.021032m0.000760,2276,3.2718794385687675e-12,5.789499053923154e-6,0.00008651169328562296,0.00007245045727227605
L48T16beta4.405ms0.021032m0.000760,2277,3.2719559679426124e-12,5.78963447050735e-6,0.00008651371679713727,0.00007245215189099104
L48T16beta4.405ms0.021032m0.000760,2278,3.2718059404082035e-12,5.789369000985985e-6,0.00008650974992235327,0.00007244882977485706
L48T16beta4.405ms0.021032m0.000760,2279,3.2718107339397056e-12,5.789377483005759e-6,0.00008650987666801576,0.00007244893591982841
L48T16beta4.405ms0.021032m0.000760,2280,3.271944109719579e-12,5.789613487713723e-6,0.00008651340325411919,0.00007245188930989741
L48T16beta4.405ms0.021032m0.000760,2281,3.271961398416421e-12,5.789644079578701e-6,0.0000865138603841775,0.00007245227214001551
L48T16beta4.405ms0.021032m0.000760,2282,3.2719542947216693e-12,5.789631509789742e-6,0.00008651367255553861,0.00007245211484023025
L48T16beta4.405ms0.021032m0.000760,2283,3.2718154195009767e-12,5.789385773975232e-6,0.00008651000055883974,0.00007244903967397432
L48T16beta4.405ms0.021032m0.000760,2284,3.2716772322827954e-12,5.789141255561903e-6,0.00008650634675360034,0.00007244597974241681
L48T16beta4.405ms0.021032m0.000760,2285,3.2710200371140685e-12,5.787978367112305e-6,0.00008648896987039508,0.00007243142722256228
L48T16beta4.405ms0.021032m0.000760,2286,3.2715813888372175e-12,5.788971663268569e-6,0.00008650381255913415,0.00007244385744494557
L48T16beta4.405ms0.021032m0.000760,2287,3.2718875484063117e-12,5.789513404053613e-6,0.0000865119077176616,0.00007245063685145967
L48T16beta4.405ms0.021032m0.000760,2288,3.270393400075047e-12,5.7868695504175935e-6,0.00008647240097403473,0.00007241755136286963
L48T16beta4.405ms0.021032m0.000760,2289,3.2714226655169883e-12,5.788690806797676e-6,0.00008649961575926584,0.00007244034277475486
L48T16beta4.405ms0.021032m0.000760,2290,3.270587647123286e-12,5.787213265130535e-6,0.00008647753705602502,0.00007242185264833352
L48T16beta4.405ms0.021032m0.000760,2291,3.2704081048052393e-12,5.786895570025936e-6,0.00008647278978148687,0.00007241787697524212
L48T16beta4.405ms0.021032m0.000760,2292,3.270724697027682e-12,5.787455771098966e-6,0.00008648116078957529,0.00007242488739592402
L48T16beta4.405ms0.021032m0.000760,2293,3.270945153776703e-12,5.78784586314357e-6,0.00008648698988169563,0.00007242976905265228
L48T16beta4.405ms0.021032m0.000760,2294,3.2707891560364446e-12,5.78756982951012e-6,0.0000864828651488282,0.0000724263147360042
L48T16beta4.405ms0.021032m0.000760,2295,3.271863051763491e-12,5.789470057930048e-6,0.00008651126000245998,0.00007245009441308217
L48T16beta4.405ms0.021032m0.000760,2296,3.2719548798493823e-12,5.789632545156846e-6,0.00008651368802688777,0.00007245212779693332
L48T16beta4.405ms0.021032m0.000760,2297,3.267054984871634e-12,5.78096231819078e-6,0.00008638413001003365,0.00007234362757912599
L48T16beta4.405ms0.021032m0.000760,2298,3.2713497963180923e-12,5.7885618667905675e-6,0.00008649768902635796,0.00007243872920467069
L48T16beta4.405ms0.021032m0.000760,2299,3.2717255361365576e-12,5.789226727878627e-6,0.00008650762395475022,0.00007244704935282233
L48T16beta4.405ms0.021032m0.000760,2300,3.2718824123823313e-12,5.7895043160029885e-6,0.00008651177191616292,0.00007245052312254853
L48T16beta4.405ms0.021032m0.000760,2301,3.2719348349602693e-12,5.789597076286818e-6,0.00008651315802040941,0.00007245168393541292
L48T16beta4.405ms0.021032m0.000760,2302,3.2719438733841517e-12,5.789613069524802e-6,0.00008651339700517929,0.00007245188407663315
L48T16beta4.405ms0.021032m0.000760,2303,3.2719326224837413e-12,5.789593161371551e-6,0.0000865130995203655,0.00007245163494371283
L48T16beta4.405ms0.021032m0.000760,2304,3.2717685133706915e-12,5.789302774891064e-6,0.000086508760314866,0.00007244800101388557
L48T16beta4.405ms0.021032m0.000760,2305,3.271757991620065e-12,5.7892841569479395e-6,0.00008650848210948586,0.00007244776802680323
L48T16beta4.405ms0.021032m0.000760,2306,3.271676423088398e-12,5.789139823715074e-6,0.00008650632535770883,0.00007244596182412087
L48T16beta4.405ms0.021032m0.000760,2307,3.2718914646234386e-12,5.789520333690165e-6,0.00008651201126627374,0.00007245072356972876
L48T16beta4.405ms0.021032m0.000760,2308,3.271572419234762e-12,5.788955791808173e-6,0.00008650357539407013,0.00007244365882766408
L48T16beta4.405ms0.021032m0.000760,2309,3.271517907754462e-12,5.788859335270104e-6,0.00008650213405720158,0.00007244245175944887
L48T16beta4.405ms0.021032m0.000760,2310,3.271897746047722e-12,5.7895314484945545e-6,0.00008651217735327699,0.0000724508626616697
L48T16beta4.405ms0.021032m0.000760,2311,3.2715360658115107e-12,5.7888914654436255e-6,0.00008650261417399425,0.00007244285384013706
L48T16beta4.405ms0.021032m0.000760,2312,3.2718588988403598e-12,5.789462709448849e-6,0.00008651115019510952,0.00007245000245334298
L48T16beta4.405ms0.021032m0.000760,2313,3.2714738367758003e-12,5.788781352907349e-6,0.00008650096877741045,0.00007244147587918909
L48T16beta4.405ms0.021032m0.000760,2314,3.271918144268688e-12,5.789567542575404e-6,0.00008651271670219523,0.00007245131434715027
L48T16beta4.405ms0.021032m0.000760,2315,3.271881557090813e-12,5.789502802588595e-6,0.00008651174930141842,0.00007245050418350668
L48T16beta4.405ms0.021032m0.000760,2316,3.2719583654428998e-12,5.789638712816979e-6,0.00008651378018939039,0.00007245220497974184
L48T16beta4.405ms0.021032m0.000760,2317,3.2713458336067975e-12,5.788554854883887e-6,0.00008649758424839455,0.00007243864145686373
L48T16beta4.405ms0.021032m0.000760,2318,3.271925390701726e-12,5.789580364935765e-6,0.00008651290830497406,0.0000724514748076431
L48T16beta4.405ms0.021032m0.000760,2319,3.2719272294779057e-12,5.789583618598729e-6,0.00008651295692401515,0.00007245151552435579
L48T16beta4.405ms0.021032m0.000760,2320,3.2718765591861424e-12,5.789493958936222e-6,0.0000865116171519294,0.00007245039351302337
L48T16beta4.405ms0.021032m0.000760,2321,3.2719030839302415e-12,5.789540893728212e-6,0.00008651231849211296,0.00007245098086041044
L48T16beta4.405ms0.021032m0.000760,2322,3.266229335152019e-12,5.7795013541301135e-6,0.00008636229902370125,0.00007232534490677943
L48T16beta4.405ms0.021032m0.000760,2323,3.271948316323423e-12,5.78962093118144e-6,0.00008651351448084022,0.00007245198245830884
L48T16beta4.405ms0.021032m0.000760,2324,3.27140853679567e-12,5.788665806420908e-6,0.00008649924218205182,0.00007244002991716355
L48T16beta4.405ms0.021032m0.000760,2325,3.2709959746815122e-12,5.787935789311645e-6,0.00008648833363613765,0.00007243089439906604
L48T16beta4.405ms0.021032m0.000760,2326,3.2717998095837313e-12,5.789358152663744e-6,0.00008650958781735635,0.00007244869401770438
L48T16beta4.405ms0.021032m0.000760,2327,3.271117983795394e-12,5.7881516810224035e-6,0.00008649155967647207,0.00007243359609277391
L48T16beta4.405ms0.021032m0.000760,2328,3.271414311681016e-12,5.7886760249188304e-6,0.00008649939487567003,0.00007244015779262225
L48T16beta4.405ms0.021032m0.000760,2329,3.2711913264989424e-12,5.788281458882737e-6,0.00008649349892930618,0.00007243522014784972
L48T16beta4.405ms0.021032m0.000760,2330,3.271279415278479e-12,5.788437329511641e-6,0.00008649582808281573,0.00007243717073083353
L48T16beta4.405ms0.021032m0.000760,2331,3.2467876359752307e-12,5.745099811804363e-6,0.0000858482414773543,0.00007189484004804157
L48T16beta4.405ms0.021032m0.000760,2332,3.271902592042327e-12,5.789540023346321e-6,0.00008651230548611527,0.0000724509699683513
L48T16beta4.405ms0.021032m0.000760,2333,3.271936426429298e-12,5.789599892346703e-6,0.00008651320010040749,0.00007245171917591033
L48T16beta4.405ms0.021032m0.000760,2334,3.2715568996588745e-12,5.788928330353188e-6,0.00008650316504130062,0.00007244331517185683
L48T16beta4.405ms0.021032m0.000760,2335,3.271951187646e-12,5.789626011906343e-6,0.00008651359040141821,0.00007245204603908485
L48T16beta4.405ms0.021032m0.000760,2336,3.2719160693291347e-12,5.789563871027963e-6,0.00008651266183876351,0.00007245126840098316
L48T16beta4.405ms0.021032m0.000760,2337,3.2718462227143714e-12,5.789440279398844e-6,0.00008651081502593714,0.00007244972176111653
L48T16beta4.405ms0.021032m0.000760,2338,3.2716904373676245e-12,5.789164621589765e-6,0.00008650669590896195,0.00007244627214757786
L48T16beta4.405ms0.021032m0.000760,2339,3.2718997663007104e-12,5.789535023275651e-6,0.00008651223077074247,0.00007245090739689166
L48T16beta4.405ms0.021032m0.000760,2340,3.2717863267647398e-12,5.789334295193058e-6,0.00008650923131843176,0.00007244839546257128
L48T16beta4.405ms0.021032m0.000760,2341,3.2715788653275443e-12,5.7889671979888604e-6,0.0000865037458350696,0.00007244380156592155
L48T16beta4.405ms0.021032m0.000760,2342,3.271614304524313e-12,5.789029906655245e-6,0.00008650468288210287,0.00007244458630938764
L48T16beta4.405ms0.021032m0.000760,2343,3.2716796717112138e-12,5.789145572062185e-6,0.00008650641125447426,0.00007244603375959799
L48T16beta4.405ms0.021032m0.000760,2344,3.2714776161574016e-12,5.78878804041727e-6,0.00008650106870795742,0.00007244155956745767
L48T16beta4.405ms0.021032m0.000760,2345,3.2718410335390736e-12,5.789431097298452e-6,0.00008651067781906562,0.00007244960685525575
L48T16beta4.405ms0.021032m0.000760,2346,3.2715802666376764e-12,5.7889696775679025e-6,0.00008650378288708042,0.00007244383259565897
L48T16beta4.405ms0.021032m0.000760,2347,3.271225062563917e-12,5.788341153905099e-6,0.00008649439094386863,0.0000724359671782278
L48T16beta4.405ms0.021032m0.000760,2348,3.271010120661127e-12,5.787960820226486e-6,0.00008648870766967789,0.00007243120763881428
L48T16beta4.405ms0.021032m0.000760,2349,3.2712725830974915e-12,5.7884252401586844e-6,0.0000864956474332664,0.00007243701944327971
L48T16beta4.405ms0.021032m0.000760,2350,3.2717282807747696e-12,5.789231584439093e-6,0.00008650769652566966,0.00007244711012837878
L48T16beta4.405ms0.021032m0.000760,2351,3.2719476104405754e-12,5.789619682141506e-6,0.00008651349581660715,0.0000724519668276794
L48T16beta4.405ms0.021032m0.000760,2352,3.2716514519350733e-12,5.789095637958458e-6,0.00008650566509598527,0.00007244540887847878
L48T16beta4.405ms0.021032m0.000760,2353,3.2712793786707737e-12,5.788437264735331e-6,0.0000864958271148722,0.00007243716992021536
L48T16beta4.405ms0.021032m0.000760,2354,3.2716909440918503e-12,5.7891655182240945e-6,0.00008650670930724623,0.00007244628336816303
L48T16beta4.405ms0.021032m0.000760,2355,3.2718102917620373e-12,5.789376700584756e-6,0.00008650986497640563,0.00007244892612852194
L48T16beta4.405ms0.021032m0.000760,2356,3.2719044325258075e-12,5.789543280030306e-6,0.00008651235415029907,0.00007245101072286938
L48T16beta4.405ms0.021032m0.000760,2357,3.271728932010757e-12,5.7892327367829385e-6,0.0000865077137449863,0.00007244712454894224
L48T16beta4.405ms0.021032m0.000760,2358,3.2717402158395734e-12,5.7892527032020816e-6,0.00008650801210045934,0.00007244737441100865
L48T16beta4.405ms0.021032m0.000760,2359,3.2715223624595505e-12,5.788867217746026e-6,0.00008650225184396222,0.00007244255040165948
L48T16beta4.405ms0.021032m0.000760,2360,3.2719095654528236e-12,5.789552362600939e-6,0.000086512489869911,0.00007245112438320328
L48T16beta4.405ms0.021032m0.000760,2361,3.271163152211118e-12,5.788231605269312e-6,0.00008649275397357277,0.00007243459627399541
L48T16beta4.405ms0.021032m0.000760,2362,3.271531405303886e-12,5.788883218805878e-6,0.0000865024909456132,0.00007244275064076346
L48T16beta4.405ms0.021032m0.000760,2363,3.2717727720008873e-12,5.789310310417954e-6,0.00008650887291721466,0.00007244809531433606
L48T16beta4.405ms0.021032m0.000760,2364,3.271787840359677e-12,5.789336973456918e-6,0.00008650927133936268,0.00007244842897867339
L48T16beta4.405ms0.021032m0.000760,2365,3.271955203892424e-12,5.7896331185419356e-6,0.00008651369659490283,0.00007245213497234031
L48T16beta4.405ms0.021032m0.000760,2366,3.2719619605683653e-12,5.7896450742908265e-6,0.00008651387524802486,0.00007245228458795749
L48T16beta4.405ms0.021032m0.000760,2367,3.2718958098759882e-12,5.789528022492885e-6,0.00008651212615900218,0.00007245081978829064
L48T16beta4.405ms0.021032m0.000760,2368,3.2718864604057258e-12,5.7895114788670404e-6,0.0000865118789498617,0.00007245061275945339
L48T16beta4.405ms0.021032m0.000760,2369,3.2719656023468173e-12,5.789651518315828e-6,0.00008651397154020994,0.00007245236522922776
L48T16beta4.405ms0.021032m0.000760,2370,3.2719489155198238e-12,5.7896219914426936e-6,0.00008651353032417925,0.00007245199572654016
L48T16beta4.405ms0.021032m0.000760,2371,3.271950415046073e-12,5.789624644812405e-6,0.0000865135699731203,0.00007245202893111402
L48T16beta4.405ms0.021032m0.000760,2372,3.271918460939896e-12,5.78956810291624e-6,0.00008651272507529179,0.00007245132135931996
L48T16beta4.405ms0.021032m0.000760,2373,3.2719592628346027e-12,5.78964030072647e-6,0.00008651380391730493,0.0000724522248510239
L48T16beta4.405ms0.021032m0.000760,2374,3.271962336161303e-12,5.789645738892013e-6,0.00008651388517906957,0.0000724522929048532
L48T16beta4.405ms0.021032m0.000760,2375,3.27175857228762e-12,5.7892851844229196e-6,0.00008650849746290407,0.00007244778088474332
L48T16beta4.405ms0.021032m0.000760,2376,3.271821393941991e-12,5.789396345581323e-6,0.00008651015852890503,0.00007244917196826924
L48T16beta4.405ms0.021032m0.000760,2377,3.2718562793909704e-12,5.789458074406499e-6,0.00008651108093430503,0.00007244994444988974
L48T16beta4.405ms0.021032m0.000760,2378,3.2715938045138095e-12,5.7889936324606595e-6,0.00008650414084176968,0.00007244413236994306
L48T16beta4.405ms0.021032m0.000760,2379,3.2706374417020957e-12,5.787301375243491e-6,0.00008647885367340357,0.00007242295526842458
L48T16beta4.405ms0.021032m0.000760,2380,3.2713000473996524e-12,5.788473837472358e-6,0.00008649637361628429,0.0000724376275956544
L48T16beta4.405ms0.021032m0.000760,2381,3.2717293576977527e-12,5.789233490024158e-6,0.00008650772500056691,0.00007244713397508952
L48T16beta4.405ms0.021032m0.000760,2382,3.271955159833476e-12,5.7896330405808605e-6,0.00008651369542994112,0.00007245213399672642
L48T16beta4.405ms0.021032m0.000760,2383,3.2718959934571447e-12,5.789528347334601e-6,0.00008651213101306754,0.00007245082385339725
L48T16beta4.405ms0.021032m0.000760,2384,3.2717377945826588e-12,5.789248418855766e-6,0.00008650794808005776,0.0000724473207962059
L48T16beta4.405ms0.021032m0.000760,2385,3.271954325386909e-12,5.789631564051025e-6,0.00008651367336635754,0.00007245211551926218
L48T16beta4.405ms0.021032m0.000760,2386,3.2718536368466983e-12,5.789453398498401e-6,0.00008651101106284922,0.00007244988593503778
L48T16beta4.405ms0.021032m0.000760,2387,3.2717082767682313e-12,5.789196187909636e-6,0.00008650716760016656,0.00007244666717213659
L48T16beta4.405ms0.021032m0.000760,2388,3.271942065233507e-12,5.789609870052864e-6,0.0000865133491959073,0.0000724518440380732
L48T16beta4.405ms0.021032m0.000760,2389,3.2719646335925886e-12,5.789649804132345e-6,0.00008651394592540039,0.00007245234377773844
L48T16beta4.405ms0.021032m0.000760,2390,3.271854060971977e-12,5.789454148976206e-6,0.00008651102227713651,0.0000724498953266034
L48T16beta4.405ms0.021032m0.000760,2391,3.271915520094443e-12,5.789562899172554e-6,0.00008651264731646093,0.00007245125623907277
L48T16beta4.405ms0.021032m0.000760,2392,3.271939785735497e-12,5.7896058365449615e-6,0.00008651328892374985,0.00007245179356229124
L48T16beta4.405ms0.021032m0.000760,2393,3.2717985897239383e-12,5.789355994155997e-6,0.00008650955556307,0.00007244866700589008
L48T16beta4.405ms0.021032m0.000760,2394,3.2719546220601987e-12,5.789632089006104e-6,0.00008651368121068957,0.00007245212208861045
L48T16beta4.405ms0.021032m0.000760,2395,3.2719534889551084e-12,5.789630084008374e-6,0.00008651365125028244,0.00007245209699783816
L48T16beta4.405ms0.021032m0.000760,2396,3.271837043074215e-12,5.789424036282617e-6,0.00008651057230727083,0.00007244951849289121
L48T16beta4.405ms0.021032m0.000760,2397,3.271959035220968e-12,5.789639897970517e-6,0.00008651379789897777,0.00007245221981088957
L48T16beta4.405ms0.021032m0.000760,2398,3.271900121353099e-12,5.789535651530911e-6,0.00008651224015867497,0.00007245091525895025
L48T16beta4.405ms0.021032m0.000760,2399,3.271949245028875e-12,5.789622574499734e-6,0.00008651353903672093,0.00007245200302298303
L48T16beta4.405ms0.021032m0.000760,2400,3.271940516539642e-12,5.789607129682434e-6,0.0000865133082469264,0.00007245180974476235
L48T16beta4.405ms0.021032m0.000760,2401,3.2718461619662272e-12,5.789440171906704e-6,0.00008651081341969679,0.00007244972041594752
L48T16beta4.405ms0.021032m0.000760,2402,3.2719421063807795e-12,5.7896099428618106e-6,0.00008651335028388144,0.00007245184494921273
L48T16beta4.405ms0.021032m0.000760,2403,3.271920184850467e-12,5.789571153327726e-6,0.0000865127706571738,0.00007245135953252027
L48T16beta4.405ms0.021032m0.000760,2404,3.271955659834378e-12,5.789633925318456e-6,0.00008651370865045413,0.00007245214506843451
L48T16beta4.405ms0.021032m0.000760,2405,3.271953301654948e-12,5.789629752585984e-6,0.00008651364629788296,0.00007245209285038025
L48T16beta4.405ms0.021032m0.000760,2406,3.2717383570257706e-12,5.789249414083104e-6,0.00008650796295160389,0.00007244733325059532
L48T16beta4.405ms0.021032m0.000760,2407,3.2715625013789223e-12,5.788938242439964e-6,0.00008650331315625894,0.00007244343921285119
L48T16beta4.405ms0.021032m0.000760,2408,3.2718836445505718e-12,5.789506496290189e-6,0.00008651180449589664,0.00007245055040691342
L48T16beta4.405ms0.021032m0.000760,2409,3.271397808130776e-12,5.788646822348781e-6,0.00008649895850565601,0.00007243979234830073
L48T16beta4.405ms0.021032m0.000760,2410,3.2706238528054625e-12,5.787277330071387e-6,0.00008647849436968235,0.00007242265436437434
L48T16beta4.405ms0.021032m0.000760,2411,3.2718882310619276e-12,5.789514611993611e-6,0.00008651192576774394,0.00007245065196775978
L48T16beta4.405ms0.021032m0.000760,2412,3.271868834325073e-12,5.789480290010855e-6,0.00008651141289904538,0.00007245022245851866
L48T16beta4.405ms0.021032m0.000760,2413,3.2718268686468014e-12,5.789406032918193e-6,0.00008651030328545622,0.00007244929319671743
L48T16beta4.405ms0.021032m0.000760,2414,3.271947119889385e-12,5.78961881412491e-6,0.00008651348284595376,0.00007245195596521984
L48T16beta4.405ms0.021032m0.000760,2415,3.271943204373707e-12,5.789611885729552e-6,0.00008651337931588863,0.00007245186926248319
L48T16beta4.405ms0.021032m0.000760,2416,3.271946845344831e-12,5.789618328326009e-6,0.00008651347558672715,0.00007245194988587649
L48T16beta4.405ms0.021032m0.000760,2417,3.2719132456786306e-12,5.789558874657458e-6,0.00008651258717868175,0.00007245120587582781
L48T16beta4.405ms0.021032m0.000760,2418,3.271671478824736e-12,5.7891310749789635e-6,0.00008650619462654057,0.00007244585234143059
L48T16beta4.405ms0.021032m0.000760,2419,3.271730908019509e-12,5.789236233275097e-6,0.00008650776599259085,0.0000724471683044474
L48T16beta4.405ms0.021032m0.000760,2420,3.2716353070503472e-12,5.789067070036992e-6,0.00008650523820943831,0.00007244505137622265
L48T16beta4.405ms0.021032m0.000760,2421,3.271866467013569e-12,5.789476101119434e-6,0.00008651135030501324,0.00007245017003824946
L48T16beta4.405ms0.021032m0.000760,2422,3.2715642446918417e-12,5.7889413271833626e-6,0.00008650335925115803,0.00007244347781568498
L48T16beta4.405ms0.021032m0.000760,2423,3.2711352171174573e-12,5.788182174903261e-6,0.00008649201534236705,0.00007243397769670744
L48T16beta4.405ms0.021032m0.000760,2424,3.2715764196919627e-12,5.7889628705051766e-6,0.00008650368117007223,0.00007244374741129285
L48T16beta4.405ms0.021032m0.000760,2425,3.270883868798917e-12,5.787737421091357e-6,0.00008648536944692692,0.00007242841199633407
L48T16beta4.405ms0.021032m0.000760,2426,3.2705662869243547e-12,5.787175468856612e-6,0.00008647697227146828,0.00007242137966141299
L48T16beta4.405ms0.021032m0.000760,2427,3.2712469479232755e-12,5.788379879435694e-6,0.00008649496961418085,0.00007243645179397323
L48T16beta4.405ms0.021032m0.000760,2428,3.2706673587866787e-12,5.787354312686982e-6,0.00008647964471038829,0.00007242361773368314
L48T16beta4.405ms0.021032m0.000760,2429,3.2714226360428888e-12,5.7886907546440824e-6,0.0000864996149799418,0.00007244034212209878
L48T16beta4.405ms0.021032m0.000760,2430,3.2718856296252232e-12,5.789510008824203e-6,0.00008651185698321245,0.00007245059436316819
L48T16beta4.405ms0.021032m0.000760,2431,3.2719457761510234e-12,5.789616436417504e-6,0.00008651344731619688,0.00007245192621031579
L48T16beta4.405ms0.021032m0.000760,2432,3.2717724873316426e-12,5.789309806703696e-6,0.00008650886539028135,0.0000724480890107979
L48T16beta4.405ms0.021032m0.000760,2433,3.2694785415601113e-12,5.785250733891453e-6,0.00008644821121987969,0.00007239729330660839
L48T16beta4.405ms0.021032m0.000760,2434,3.2718151213983188e-12,5.789385246490926e-6,0.00008650999267671383,0.00007244903307297502
L48T16beta4.405ms0.021032m0.000760,2435,3.2717807689183517e-12,5.789324460739494e-6,0.00008650908436353593,0.00007244827239308788
L48T16beta4.405ms0.021032m0.000760,2436,3.2713391847555036e-12,5.7885430899276905e-6,0.00008649740844626166,0.00007243849422884826
L48T16beta4.405ms0.021032m0.000760,2437,3.2714621370008675e-12,5.788760650483199e-6,0.00008650065942391515,0.00007244121680667135
L48T16beta4.405ms0.021032m0.000760,2438,3.2715748123145963e-12,5.7889600262959334e-6,0.00008650363866944214,0.00007244371181853113
L48T16beta4.405ms0.021032m0.000760,2439,3.271633561805134e-12,5.789063981874454e-6,0.00008650519206344746,0.00007244501273060134
L48T16beta4.405ms0.021032m0.000760,2440,3.2719009823091504e-12,5.789537174968537e-6,0.00008651226292319525,0.00007245093432342398
L48T16beta4.405ms0.021032m0.000760,2441,3.2718497197560686e-12,5.78944646731621e-6,0.00008651090749114082,0.00007244979919742639
L48T16beta4.405ms0.021032m0.000760,2442,3.2716957742178226e-12,5.789174064996759e-6,0.00008650683702050232,0.0000724463903234595
L48T16beta4.405ms0.021032m0.000760,2443,3.2716328553134814e-12,5.7890627317572566e-6,0.00008650517338311701,0.00007244499708649091
L48T16beta4.405ms0.021032m0.000760,2444,3.2719229176566877e-12,5.7895759889518145e-6,0.00008651284291524382,0.00007245142004607647
L48T16beta4.405ms0.021032m0.000760,2445,3.2719604094789853e-12,5.789642329681599e-6,0.00008651383423570419,0.00007245225024160183
L48T16beta4.405ms0.021032m0.000760,2446,3.2718773434327725e-12,5.789495346638675e-6,0.00008651163788817754,0.00007245041087889152
L48T16beta4.405ms0.021032m0.000760,2447,3.2719456608486635e-12,5.789616232393206e-6,0.00008651344426748968,0.00007245192365713225
L48T16beta4.405ms0.021032m0.000760,2448,3.27179077825375e-12,5.789342171978219e-6,0.00008650934902015615,0.00007244849403356708
L48T16beta4.405ms0.021032m0.000760,2449,3.271957032901255e-12,5.78963635492185e-6,0.00008651374495568566,0.0000724521754727709
L48T16beta4.405ms0.021032m0.000760,2450,3.2719398892058656e-12,5.789606019632881e-6,0.00008651329165960761,0.00007245179585347453
L48T16beta4.405ms0.021032m0.000760,2451,3.2718608005219706e-12,5.789466074421212e-6,0.00008651120047743176,0.00007245004456299429
L48T16beta4.405ms0.021032m0.000760,2452,3.2719428979595384e-12,5.78961134353826e-6,0.00008651337121399824,0.00007245186247743898
L48T16beta4.405ms0.021032m0.000760,2453,3.2701102046014743e-12,5.78636844395658e-6,0.00008646491300865898,0.00007241128045896165
L48T16beta4.405ms0.021032m0.000760,2454,3.2718181647612285e-12,5.7893906316363805e-6,0.00008651007314620652,0.00007244910046330483
L48T16beta4.405ms0.021032m0.000760,2455,3.2719706385664937e-12,5.789660429765531e-6,0.00008651410470278518,0.00007245247674813465
L48T16beta4.405ms0.021032m0.000760,2456,3.2718327735914094e-12,5.789416481552338e-6,0.00008651045941796855,0.0000724494239521273
L48T16beta4.405ms0.021032m0.000760,2457,3.2719391073812204e-12,5.789604636216063e-6,0.00008651327098739912,0.00007245177854123729
L48T16beta4.405ms0.021032m0.000760,2458,3.271929658569875e-12,5.789587916808954e-6,0.00008651302115158324,0.00007245156931265308
L48T16beta4.405ms0.021032m0.000760,2459,3.271265644772688e-12,5.7884129629872175e-6,0.00008649546397717072,0.00007243686580534342
L48T16beta4.405ms0.021032m0.000760,2460,3.271592874034882e-12,5.788991986004251e-6,0.00008650411623899655,0.00007244411176599814
L48T16beta4.405ms0.021032m0.000760,2461,3.2715528276670946e-12,5.788921125077749e-6,0.00008650305737385428,0.000072443225004211
L48T16beta4.405ms0.021032m0.000760,2462,3.271596562532495e-12,5.788998512697499e-6,0.00008650421376648196,0.00007244419344178838
L48T16beta4.405ms0.021032m0.000760,2463,3.271523150014903e-12,5.78886861130317e-6,0.00008650227266769622,0.00007244256784079393
L48T16beta4.405ms0.021032m0.000760,2464,3.2715593768199636e-12,5.788932713620375e-6,0.00008650323053986326,0.00007244337002456672
L48T16beta4.405ms0.021032m0.000760,2465,3.271185811586537e-12,5.7882717003996526e-6,0.00008649335310962685,0.00007243509802906964
L48T16beta4.405ms0.021032m0.000760,2466,3.2715267676926207e-12,5.788875012682597e-6,0.00008650236832263431,0.00007244264794839258
L48T16beta4.405ms0.021032m0.000760,2467,3.271507043312834e-12,5.788840110944847e-6,0.00008650184679073609,0.00007244221118403076
L48T16beta4.405ms0.021032m0.000760,2468,3.2719325800394497e-12,5.789593086267565e-6,0.00008651309839809691,0.0000724516340038529
L48T16beta4.405ms0.021032m0.000760,2469,3.2719474524689307e-12,5.789619402615104e-6,0.00008651349163968231,0.00007245196332965383
L48T16beta4.405ms0.021032m0.000760,2470,3.271933982765715e-12,5.789595568352415e-6,0.00008651313548755168,0.0000724516650649483
L48T16beta4.405ms0.021032m0.000760,2471,3.2719635488874903e-12,5.789647884777045e-6,0.0000865139172447364,0.00007245231975870538
L48T16beta4.405ms0.021032m0.000760,2472,3.271941579896863e-12,5.789609011263262e-6,0.00008651333636313163,0.00007245183329108132
L48T16beta4.405ms0.021032m0.000760,2473,3.2719098274242324e-12,5.789552826152011e-6,0.00008651249679669134,0.00007245113018413474
L48T16beta4.405ms0.021032m0.000760,2474,3.271914622557156e-12,5.789561311005456e-6,0.00008651262358469698,0.00007245123636456697
L48T16beta4.405ms0.021032m0.000760,2475,3.271955325309303e-12,5.789633333385703e-6,0.00008651369980528387,0.00007245213766091993
L48T16beta4.405ms0.021032m0.000760,2476,3.2716788886689587e-12,5.78914418649084e-6,0.00008650639055007098,0.00007244601642039876
L48T16beta4.405ms0.021032m0.000760,2477,3.271851153226983e-12,5.789449003802856e-6,0.00008651094539351419,0.00007244983093931212
L48T16beta4.405ms0.021032m0.000760,2478,3.271112486247164e-12,5.7881419532647416e-6,0.00008649141431591854,0.0000724334743584953
L48T16beta4.405ms0.021032m0.000760,2479,3.271923937841698e-12,5.789577794140625e-6,0.00008651286988993357,0.00007245144263641694
L48T16beta4.405ms0.021032m0.000760,2480,3.2719553102479986e-12,5.789633306735147e-6,0.00008651369940704824,0.00007245213732741179
L48T16beta4.405ms0.021032m0.000760,2481,3.2719503698224546e-12,5.7896245647904784e-6,0.00008651356877736358,0.00007245202792971041
L48T16beta4.405ms0.021032m0.000760,2482,3.2719304144144316e-12,5.789589254254733e-6,0.00008651304113685276,0.00007245158604960343
L48T16beta4.405ms0.021032m0.000760,2483,3.2719700689500716e-12,5.789659421845221e-6,0.00008651408964156973,0.00007245246413490394
L48T16beta4.405ms0.021032m0.000760,2484,3.2719092893597875e-12,5.789551874062042e-6,0.000086512482569741,0.0000724511182695713
L48T16beta4.405ms0.021032m0.000760,2485,3.271903030924508e-12,5.789540799936051e-6,0.00008651231709058949,0.00007245097968668452
L48T16beta4.405ms0.021032m0.000760,2486,3.271681920649863e-12,5.789149551496155e-6,0.00008650647071861232,0.00007244608355869253
L48T16beta4.405ms0.021032m0.000760,2487,3.2718085004197028e-12,5.789373530854652e-6,0.0000865098176115618,0.00007244888646215473
L48T16beta4.405ms0.021032m0.000760,2488,3.271674804646664e-12,5.789136959927742e-6,0.00008650628256452603,0.00007244592598635669
L48T16beta4.405ms0.021032m0.000760,2489,3.2719305633334116e-12,5.7895895177626985e-6,0.0000865130450744163,0.00007245158934717244
L48T16beta4.405ms0.021032m0.000760,2490,3.2717087047845674e-12,5.789196945272558e-6,0.00008650717891733723,0.00007244667664986336
L48T16beta4.405ms0.021032m0.000760,2491,3.271809208128965e-12,5.789374783126376e-6,0.00008650983632408706,0.00007244890213322717
L48T16beta4.405ms0.021032m0.000760,2492,3.2715351877559818e-12,5.7888899117489526e-6,0.00008650259095734706,0.00007244283439702318
L48T16beta4.405ms0.021032m0.000760,2493,3.271632613710568e-12,5.789062304247666e-6,0.00008650516699489962,0.00007244499173658672
L48T16beta4.405ms0.021032m0.000760,2494,3.271900331801082e-12,5.789536023912724e-6,0.00008651224572312552,0.00007245091991897911
L48T16beta4.405ms0.021032m0.000760,2495,3.2719133947299595e-12,5.789559138399611e-6,0.0000865125911197447,0.00007245120917632745
L48T16beta4.405ms0.021032m0.000760,2496,3.2717866504901443e-12,5.789334868016097e-6,0.00008650923987804816,0.0000724484026309447
L48T16beta4.405ms0.021032m0.000760,2497,3.270699837325364e-12,5.7874117825517865e-6,0.00008648050347472537,0.00007242433691818351
L48T16beta4.405ms0.021032m0.000760,2498,3.2714876366630468e-12,5.788805771421435e-6,0.00008650133365992989,0.00007244178145528383
L48T16beta4.405ms0.021032m0.000760,2499,3.2716750004436237e-12,5.78913730638498e-6,0.00008650628774158921,0.00007244593032196244
L48T16beta4.405ms0.021032m0.000760,2500,3.2718827152495495e-12,5.789504851918051e-6,0.00008651177992426846,0.00007245052982905128
L48T16beta4.405ms0.021032m0.000760,2501,3.2715258153496553e-12,5.788873327538385e-6,0.00008650234314175461,0.00007244262686030403
L48T16beta4.405ms0.021032m0.000760,2502,3.2719138581760957e-12,5.789559958454572e-6,0.00008651260337371395,0.0000724512194385896
L48T16beta4.405ms0.021032m0.000760,2503,3.2719667179024438e-12,5.789653492260273e-6,0.00008651400103659207,0.00007245238993139567
L48T16beta4.405ms0.021032m0.000760,2504,3.2718302941009796e-12,5.789412094163449e-6,0.00008651039385781585,0.00007244936904783793
L48T16beta4.405ms0.021032m0.000760,2505,3.271457161820503e-12,5.788751847040849e-6,0.00008650052787527901,0.0000724411066393809
L48T16beta4.405ms0.021032m0.000760,2506,3.271123786407834e-12,5.788161948582643e-6,0.00008649171310322177,0.00007243372458220408
L48T16beta4.405ms0.021032m0.000760,2507,3.27131516222614e-12,5.7885005827346125e-6,0.00008649677326708369,0.00007243796228894342
L48T16beta4.405ms0.021032m0.000760,2508,3.2717874648593835e-12,5.789336309019663e-6,0.00008650926141076755,0.00007244842066382912
L48T16beta4.405ms0.021032m0.000760,2509,3.271773913960119e-12,5.7893123310828395e-6,0.00008650890311173395,0.00007244812060116894
L48T16beta4.405ms0.021032m0.000760,2510,3.2717911717137887e-12,5.789342868194741e-6,0.0000865093594236245,0.00007244850274610071
L48T16beta4.405ms0.021032m0.000760,2511,3.2713907894437217e-12,5.788634402978561e-6,0.00008649877292470381,0.0000724396369308729
L48T16beta4.405ms0.021032m0.000760,2512,3.2711642656226924e-12,5.788233575419917e-6,0.00008649278341326407,0.00007243462092868677
L48T16beta4.405ms0.021032m0.000760,2513,3.271955103399906e-12,5.789632940723238e-6,0.00008651369393778232,0.00007245213274709666
L48T16beta4.405ms0.021032m0.000760,2514,3.2718866589952473e-12,5.789511830265638e-6,0.00008651188420076294,0.00007245061715689587
L48T16beta4.405ms0.021032m0.000760,2515,3.271178544229138e-12,5.788258841014221e-6,0.00008649316095358747,0.00007243493710524082
L48T16beta4.405ms0.021032m0.000760,2516,3.271762874765006e-12,5.789292797536184e-6,0.00008650861122461533,0.00007244787615611865
L48T16beta4.405ms0.021032m0.000760,2517,3.271846785686879e-12,5.789441275562933e-6,0.000086510829911481,0.00007244973422722855
L48T16beta4.405ms0.021032m0.000760,2518,3.271927604766441e-12,5.789584282661284e-6,0.00008651296684701117,0.00007245152383451101
L48T16beta4.405ms0.021032m0.000760,2519,3.2718951048534086e-12,5.7895267749751705e-6,0.00008651210751751543,0.00007245080417671042
L48T16beta4.405ms0.021032m0.000760,2520,3.271957477977364e-12,5.789637142471563e-6,0.00008651375672393341,0.00007245218532825863
L48T16beta4.405ms0.021032m0.000760,2521,3.2718521266531278e-12,5.789450726253163e-6,0.00008651097113185378,0.00007244985249425344
L48T16beta4.405ms0.021032m0.000760,2522,3.271210816224133e-12,5.788315945405749e-6,0.00008649401425670732,0.00007243565171616655
L48T16beta4.405ms0.021032m0.000760,2523,3.2719513459882217e-12,5.7896262920884706e-6,0.00008651359458814146,0.00007245204954531622
L48T16beta4.405ms0.021032m0.000760,2524,3.2718453441559166e-12,5.789438724814258e-6,0.00008651079179599209,0.00007244970230686614
L48T16beta4.405ms0.021032m0.000760,2525,3.2718845886746706e-12,5.789508166891347e-6,0.00008651182945946147,0.00007245057131300851
L48T16beta4.405ms0.021032m0.000760,2526,3.2719599410432957e-12,5.7896415007977625e-6,0.00008651382184980628,0.00007245223986885414
L48T16beta4.405ms0.021032m0.000760,2527,3.2713571592843353e-12,5.788574895353171e-6,0.00008649788371038873,0.00007243889224560211
L48T16beta4.405ms0.021032m0.000760,2528,3.2718957306916426e-12,5.789527882378402e-6,0.00008651212406529061,0.00007245081803488188
L48T16beta4.405ms0.021032m0.000760,2529,3.2719540867883156e-12,5.7896311418574944e-6,0.00008651366705757731,0.00007245211023588378
L48T16beta4.405ms0.021032m0.000760,2530,3.271494850644135e-12,5.788818536358979e-6,0.00008650152440464741,0.00007244194119718094
L48T16beta4.405ms0.021032m0.000760,2531,3.2717839346642874e-12,5.789330062438286e-6,0.00008650916806895557,0.00007244834249339108
L48T16beta4.405ms0.021032m0.000760,2532,3.271751708687004e-12,5.789273039473811e-6,0.00008650831598258904,0.00007244762890145285
L48T16beta4.405ms0.021032m0.000760,2533,3.2719220956244473e-12,5.789574534388782e-6,0.00008651282117990718,0.00007245140184350732
L48T16beta4.405ms0.021032m0.000760,2534,3.2719488416559038e-12,5.789621860742555e-6,0.00008651352837114495,0.00007245199409094358
L48T16beta4.405ms0.021032m0.000760,2535,3.271880222881572e-12,5.789500441742701e-6,0.00008651171402362081,0.00007245047463960953
L48T16beta4.405ms0.021032m0.000760,2536,3.271957264458887e-12,5.789636764656596e-6,0.00008651375107829598,0.00007245218060023867
L48T16beta4.405ms0.021032m0.000760,2537,3.2718851786198835e-12,5.7895092107828824e-6,0.00008651184505819005,0.00007245058437638729
L48T16beta4.405ms0.021032m0.000760,2538,3.2719603012175867e-12,5.789642138116086e-6,0.00008651383137316691,0.00007245224784432897
L48T16beta4.405ms0.021032m0.000760,2539,3.271837739255888e-12,5.789425268156595e-6,0.00008651059071499535,0.0000724495339087039
L48T16beta4.405ms0.021032m0.000760,2540,3.2716450080922223e-12,5.789084235758961e-6,0.00008650549471447617,0.00007244526619004238
L48T16beta4.405ms0.021032m0.000760,2541,3.271860739720887e-12,5.789465966835397e-6,0.00008651119886979163,0.00007245004321665302
L48T16beta4.405ms0.021032m0.000760,2542,3.268454683841203e-12,5.783439046325861e-6,0.00008642113942013604,0.00007237462163996865
L48T16beta4.405ms0.021032m0.000760,2543,3.2719392909623768e-12,5.789604961057779e-6,0.0000865132758414645,0.0000724517826063439
L48T16beta4.405ms0.021032m0.000760,2544,3.2718410030194177e-12,5.789431043294775e-6,0.00008651067701209607,0.00007244960617944755
L48T16beta4.405ms0.021032m0.000760,2545,3.2716210628281455e-12,5.789041865284644e-6,0.00008650486157826797,0.00007244473596105185
L48T16beta4.405ms0.021032m0.000760,2546,3.2718658869680537e-12,5.789475074745136e-6,0.00008651133496804234,0.00007245015719408339
L48T16beta4.405ms0.021032m0.000760,2547,3.2718691285763778e-12,5.7894808106803e-6,0.00008651142067933775,0.00007245022897423599
L48T16beta4.405ms0.021032m0.000760,2548,3.27195459009794e-12,5.789632032449782e-6,0.00008651368036557616,0.00007245212138085813
L48T16beta4.405ms0.021032m0.000760,2549,3.264111980556337e-12,5.775754754458982e-6,0.00008630631409675092,0.00007227845952742944
L48T16beta4.405ms0.021032m0.000760,2550,3.271965329628678e-12,5.789651035748716e-6,0.00008651396432927553,0.00007245235919032741
L48T16beta4.405ms0.021032m0.000760,2551,3.271729609160659e-12,5.7892339349807295e-6,0.00008650773164949216,0.00007244713954332726
L48T16beta4.405ms0.021032m0.000760,2552,3.271943625335847e-12,5.789612630610272e-6,0.00008651339044653943,0.00007245187858400621
L48T16beta4.405ms0.021032m0.000760,2553,3.271927421701445e-12,5.7895839587328995e-6,0.0000865129620065936,0.00007245151978083394
L48T16beta4.405ms0.021032m0.000760,2554,3.270654302448776e-12,5.787331209862641e-6,0.00008647929948804092,0.00007242332862228124
L48T16beta4.405ms0.021032m0.000760,2555,3.271872910710836e-12,5.789487503061325e-6,0.00008651152068267295,0.00007245031272346213
L48T16beta4.405ms0.021032m0.000760,2556,3.2719320318370793e-12,5.78959211623882e-6,0.00008651308390308992,0.00007245162186480158
L48T16beta4.405ms0.021032m0.000760,2557,3.2716563860740446e-12,5.789104368779212e-6,0.00008650579555944681,0.00007244551813697422
L48T16beta4.405ms0.021032m0.000760,2558,3.2718456195475036e-12,5.78943921211196e-6,0.00008651079907761508,0.00007244970840496567
L48T16beta4.405ms0.021032m0.000760,2559,3.2713660880571556e-12,5.788590694566671e-6,0.00008649811979587726,0.00007243908995877764
L48T16beta4.405ms0.021032m0.000760,2560,3.27058846510565e-12,5.787214712527425e-6,0.000086477558684279,0.00007242187076122474
L48T16beta4.405ms0.021032m0.000760,2561,3.270736628942582e-12,5.787476884288288e-6,0.00008648147628107842,0.00007242515160880438
L48T16beta4.405ms0.021032m0.000760,2562,3.2711360253854123e-12,5.788183605110776e-6,0.00008649203671376252,0.00007243399559448884
L48T16beta4.405ms0.021032m0.000760,2563,3.2716533067519393e-12,5.7890989200049675e-6,0.00008650571413915779,0.0000724454499503864
L48T16beta4.405ms0.021032m0.000760,2564,3.271959683862917e-12,5.789641045724284e-6,0.00008651381504970546,0.00007245223417401226
L48T16beta4.405ms0.021032m0.000760,2565,3.2719444071604922e-12,5.7896140140270905e-6,0.00008651341111874792,0.00007245189589624345
L48T16beta4.405ms0.021032m0.000760,2566,3.271967067713816e-12,5.789654111241702e-6,0.00008651401028594699,0.0000724523976774005
L48T16beta4.405ms0.021032m0.000760,2567,3.271801831967537e-12,5.789361731215262e-6,0.00008650964129116269,0.0000724487388001098
L48T16beta4.405ms0.021032m0.000760,2568,3.2719332180537823e-12,5.789594215216062e-6,0.00008651311526782005,0.00007245164813164429
L48T16beta4.405ms0.021032m0.000760,2569,3.271774641177609e-12,5.789313617873826e-6,0.00008650892234007582,0.00007244813670421938
L48T16beta4.405ms0.021032m0.000760,2570,3.2718898494242524e-12,5.789517475640431e-6,0.00008651196855882708,0.00007245068780376556
L48T16beta4.405ms0.021032m0.000760,2571,3.271958665901368e-12,5.7896392444698255e-6,0.00008651378813380623,0.00007245221163290673
L48T16beta4.405ms0.021032m0.000760,2572,3.2719568375410467e-12,5.789636009237431e-6,0.00008651373979017061,0.00007245217114683632
L48T16beta4.405ms0.021032m0.000760,2573,3.271956591173573e-12,5.789635573297085e-6,0.0000865137332759736,0.00007245216569142867
L48T16beta4.405ms0.021032m0.000760,2574,3.2719467710838642e-12,5.789618196923307e-6,0.00008651347362319454,0.00007245194824148798
L48T16beta4.405ms0.021032m0.000760,2575,3.2719187841756098e-12,5.7895686748727845e-6,0.00008651273362196027,0.00007245132851684997
L48T16beta4.405ms0.021032m0.000760,2576,3.271939997837841e-12,5.78960621185412e-6,0.00008651329453194333,0.00007245179825895323
L48T16beta4.405ms0.021032m0.000760,2577,3.27177272962277e-12,5.7893102354310624e-6,0.00008650887179669578,0.00007244809437594146
L48T16beta4.405ms0.021032m0.000760,2578,3.271960961360655e-12,5.789643306220761e-6,0.00008651384882799546,0.00007245226246212527
L48T16beta4.405ms0.021032m0.000760,2579,3.2715485506006972e-12,5.788913556928517e-6,0.0000865029442840344,0.00007244313029552072
L48T16beta4.405ms0.021032m0.000760,2580,3.2717730442425705e-12,5.78931079214199e-6,0.00008650888011555111,0.00007244810134268608
L48T16beta4.405ms0.021032m0.000760,2581,3.2701392975494694e-12,5.786419923113455e-6,0.00008646568225466604,0.00007241192467505371
L48T16beta4.405ms0.021032m0.000760,2582,3.2712021101150986e-12,5.788300540189584e-6,0.00008649378405866713,0.000072435458933519
L48T16beta4.405ms0.021032m0.000760,2583,3.2707186940390102e-12,5.7874451489785955e-6,0.00008648100206468199,0.00007242475446948757
L48T16beta4.405ms0.021032m0.000760,2584,3.271072825716119e-12,5.788071775065552e-6,0.0000864903656526772,0.00007243259614043629
L48T16beta4.405ms0.021032m0.000760,2585,3.271963270068067e-12,5.789647391413882e-6,0.00008651390987247808,0.000072452313584702
L48T16beta4.405ms0.021032m0.000760,2586,3.2719322747767164e-12,5.789592546113706e-6,0.00008651309032665161,0.00007245162724430538
L48T16beta4.405ms0.021032m0.000760,2587,3.271917006306393e-12,5.789565528982986e-6,0.00008651268661335886,0.00007245128914882306
L48T16beta4.405ms0.021032m0.000760,2588,3.2719592842221847e-12,5.7896403385711975e-6,0.00008651380448281354,0.00007245222532461719
L48T16beta4.405ms0.021032m0.000760,2589,3.2719301779731253e-12,5.789588835878462e-6,0.00008651303488511332,0.00007245158081399464
L48T16beta4.405ms0.021032m0.000760,2590,3.2717405992940356e-12,5.789253381714016e-6,0.00008650802223937045,0.00007244738290198504
L48T16beta4.405ms0.021032m0.000760,2591,3.271866100486531e-12,5.789475452560103e-6,0.00008651134061367978,0.00007245016192210337
L48T16beta4.405ms0.021032m0.000760,2592,3.2719066491051514e-12,5.78954720220539e-6,0.00008651241275882544,0.00007245105980541966
L48T16beta4.405ms0.021032m0.000760,2593,3.2719296478231445e-12,5.789587897792915e-6,0.00008651302086742918,0.00007245156907468419
L48T16beta4.405ms0.021032m0.000760,2594,3.271856726425843e-12,5.7894588654221896e-6,0.0000865110927543444,0.00007244995434875109
L48T16beta4.405ms0.021032m0.000760,2595,3.2719343002177818e-12,5.789596130074959e-6,0.00008651314388129489,0.00007245167209440884
L48T16beta4.405ms0.021032m0.000760,2596,3.2717390844947234e-12,5.789250701319047e-6,0.00008650798218659469,0.00007244734935921402
L48T16beta4.405ms0.021032m0.000760,2597,3.2719078318410784e-12,5.789549295023497e-6,0.00008651244403152043,0.00007245108599518623
L48T16beta4.405ms0.021032m0.000760,2598,3.271956882169095e-12,5.789636088205513e-6,0.00008651374097017988,0.00007245217213505198
L48T16beta4.405ms0.021032m0.000760,2599,3.271585884848397e-12,5.7889796188344625e-6,0.00008650393143806824,0.0000724439570018125
L48T16beta4.405ms0.021032m0.000760,2600,3.2717752880593176e-12,5.789314762512897e-6,0.00008650893944426106,0.00007244815102836442
L48T16beta4.405ms0.021032m0.000760,2601,3.2719613691408448e-12,5.789644027776389e-6,0.00008651385961010261,0.0000724522714917554
L48T16beta4.405ms0.021032m0.000760,2602,3.270853398892987e-12,5.787683505445972e-6,0.00008648456379280496,0.00007242773728974444
L48T16beta4.405ms0.021032m0.000760,2603,3.270989847576044e-12,5.787924947570078e-6,0.00008648817162947484,0.00007243075872426467
L48T16beta4.405ms0.021032m0.000760,2604,3.2717335429934242e-12,5.78924089578766e-6,0.000086507835663879,0.00007244722665166607
L48T16beta4.405ms0.021032m0.000760,2605,3.2713032493694814e-12,5.788479503268315e-6,0.0000864964582794991,0.00007243769849807687
L48T16beta4.405ms0.021032m0.000760,2606,3.271923183016228e-12,5.789576458498091e-6,0.00008651284993160969,0.0000724514259220326
L48T16beta4.405ms0.021032m0.000760,2607,3.271483968560399e-12,5.788799280816506e-6,0.00008650123667170731,0.00007244170023110698
L48T16beta4.405ms0.021032m0.000760,2608,3.2718680683822954e-12,5.789478934696557e-6,0.000086511392646769,0.00007245020549795959
L48T16beta4.405ms0.021032m0.000760,2609,3.2719485770904567e-12,5.7896213926014045e-6,0.0000865135213757757,0.00007245198823257137
L48T16beta4.405ms0.021032m0.000760,2610,3.2713801749032827e-12,5.7886156208464615e-6,0.00008649849226587024,0.00007243940188911082
L48T16beta4.405ms0.021032m0.000760,2611,3.2719510206349257e-12,5.789625716384923e-6,0.00008651358598548201,0.00007245204234089578
L48T16beta4.405ms0.021032m0.000760,2612,3.2719399371294015e-12,5.789606104432236e-6,0.0000865132929267528,0.00007245179691466342
L48T16beta4.405ms0.021032m0.000760,2613,3.2718329308880746e-12,5.789416759884383e-6,0.00008651046357704627,0.00007244942743520653
L48T16beta4.405ms0.021032m0.000760,2614,3.271793160785377e-12,5.7893463878012225e-6,0.00008650941201662323,0.00007244854679086117
L48T16beta4.405ms0.021032m0.000760,2615,3.271844807984061e-12,5.7894377760731724e-6,0.00008651077761908368,0.00007244969043421103
L48T16beta4.405ms0.021032m0.000760,2616,3.271942356626076e-12,5.789610385663856e-6,0.00008651335690061189,0.00007245185049048848
L48T16beta4.405ms0.021032m0.000760,2617,3.271931567438031e-12,5.789591294497708e-6,0.00008651307162392476,0.00007245161158143876
L48T16beta4.405ms0.021032m0.000760,2618,3.2718139232040405e-12,5.7893831263197e-6,0.00008650996099528489,0.00007244900654090836
L48T16beta4.405ms0.021032m0.000760,2619,3.2717025379876647e-12,5.789186033298109e-6,0.00008650701586119405,0.00007244654009615961
L48T16beta4.405ms0.021032m0.000760,2620,3.2719620993891244e-12,5.789645319930273e-6,0.00008651387891858154,0.00007245228766191778
L48T16beta4.405ms0.021032m0.000760,2621,3.2718491277726827e-12,5.789445419818184e-6,0.00008651089183852096,0.00007244978608891558
L48T16beta4.405ms0.021032m0.000760,2622,3.2719234785645523e-12,5.7895769814625755e-6,0.00008651285774619651,0.00007245143246647032
L48T16beta4.405ms0.021032m0.000760,2623,3.264375175530617e-12,5.776220470596512e-6,0.00008631327322935857,0.00007228428755275751
L48T16beta4.405ms0.021032m0.000760,2624,3.2714579570388566e-12,5.78875325415746e-6,0.00008650054890163027,0.00007244112424820007
L48T16beta4.405ms0.021032m0.000760,2625,3.271536194547284e-12,5.788891693237971e-6,0.00008650261757789402,0.0000724428566907817
L48T16beta4.405ms0.021032m0.000760,2626,3.271946029480049e-12,5.7896168846761215e-6,0.00008651345401446416,0.00007245193181987571
L48T16beta4.405ms0.021032m0.000760,2627,3.271951328888744e-12,5.789626261831424e-6,0.00008651359413601455,0.00007245204916667606
L48T16beta4.405ms0.021032m0.000760,2628,3.271940489275769e-12,5.789607081439774e-6,0.00008651330752604292,0.00007245180914104814
L48T16beta4.405ms0.021032m0.000760,2629,3.2711406167407378e-12,5.788191729385467e-6,0.00008649215811368912,0.00007243409726259706
L48T16beta4.405ms0.021032m0.000760,2630,3.2718292237557367e-12,5.789410200217511e-6,0.00008651036555684049,0.00007244934534678055
L48T16beta4.405ms0.021032m0.000760,2631,3.2717322363789287e-12,5.789238583769896e-6,0.00008650780111571346,0.00007244719771880974
L48T16beta4.405ms0.021032m0.000760,2632,3.2719432629513294e-12,5.789611989381015e-6,0.00008651338086473827,0.00007245187055958952
L48T16beta4.405ms0.021032m0.000760,2633,3.271949460731109e-12,5.789622956178797e-6,0.00008651354474009902,0.00007245200779935875
L48T16beta4.405ms0.021032m0.000760,2634,3.271960527706256e-12,5.789642538881444e-6,0.0000865138373617489,0.00007245225285955277
L48T16beta4.405ms0.021032m0.000760,2635,3.271610400655338e-12,5.7890229988684025e-6,0.00008650457965998796,0.00007244449986454831
L48T16beta4.405ms0.021032m0.000760,2636,3.2719599709541466e-12,5.789641553724176e-6,0.00008651382264067845,0.00007245224053118136
L48T16beta4.405ms0.021032m0.000760,2637,3.2718854965219365e-12,5.789509773301664e-6,0.00008651185346383133,0.00007245059141581203
L48T16beta4.405ms0.021032m0.000760,2638,3.2719369751345943e-12,5.789600863265361e-6,0.00008651321460871231,0.0000724517313260981
L48T16beta4.405ms0.021032m0.000760,2639,3.2719044252333832e-12,5.789543267126565e-6,0.00008651235395748023,0.00007245101056139048
L48T16beta4.405ms0.021032m0.000760,2640,3.271804537112838e-12,5.7893665178941275e-6,0.00008650971281785094,0.00007244879870115986
L48T16beta4.405ms0.021032m0.000760,2641,3.271960330493163e-12,5.789642189918398e-6,0.00008651383214724178,0.00007245224849258906
L48T16beta4.405ms0.021032m0.000760,2642,3.2719713616811678e-12,5.789661709296699e-6,0.00008651412382264461,0.00007245249276033493
L48T16beta4.405ms0.021032m0.000760,2643,3.271683557276336e-12,5.789152447460873e-6,0.0000865065139926174,0.00007244611979912822
L48T16beta4.405ms0.021032m0.000760,2644,3.271942961314956e-12,5.789611455643898e-6,0.00008651337288917747,0.00007245186388034183
L48T16beta4.405ms0.021032m0.000760,2645,3.2717943455859468e-12,5.789348484272656e-6,0.00008650944334390942,0.00007244857302634592
L48T16beta4.405ms0.021032m0.000760,2646,3.271763471287959e-12,5.789293853066847e-6,0.00008650862699726581,0.00007244788936515081
L48T16beta4.405ms0.021032m0.000760,2647,3.271962334599586e-12,5.7896457361285986e-6,0.00008651388513777626,0.00007245229287027152
L48T16beta4.405ms0.021032m0.000760,2648,3.271722194538641e-12,5.7892208150146784e-6,0.00008650753559963217,0.00007244697535856257
L48T16beta4.405ms0.021032m0.000760,2649,3.2712037966635757e-12,5.788303524489891e-6,0.00008649382865265885,0.00007243549627939641
L48T16beta4.405ms0.021032m0.000760,2650,3.2715067052672787e-12,5.788839512782702e-6,0.0000865018378524809,0.00007244220369856086
L48T16beta4.405ms0.021032m0.000760,2651,3.2717578258001306e-12,5.789283863534209e-6,0.00008650847772504456,0.00007244776435499003
L48T16beta4.405ms0.021032m0.000760,2652,3.2718799437048065e-12,5.789499947747231e-6,0.00008651170664191402,0.0000724504684576934
L48T16beta4.405ms0.021032m0.000760,2653,3.271895970971067e-12,5.789528307546116e-6,0.00008651213041851366,0.00007245082335547958
L48T16beta4.405ms0.021032m0.000760,2654,3.271674899024663e-12,5.789137126926969e-6,0.00008650628505997267,0.00007244592807620424
L48T16beta4.405ms0.021032m0.000760,2655,3.2719330305418636e-12,5.7895938834189725e-6,0.00008651311030982147,0.00007245164397949735
L48T16beta4.405ms0.021032m0.000760,2656,3.2710674695562164e-12,5.788062297490577e-6,0.00008649022403056937,0.00007243247753697261
L48T16beta4.405ms0.021032m0.000760,2657,3.2718654385699873e-12,5.7894742813173125e-6,0.00008651132311195879,0.00007245014726503633
L48T16beta4.405ms0.021032m0.000760,2658,3.271926476664139e-12,5.789582286515847e-6,0.00008651293701888267,0.00007245149885451735
L48T16beta4.405ms0.021032m0.000760,2659,3.2719437204947047e-12,5.789612798991206e-6,0.00008651339296263273,0.0000724518806911446
L48T16beta4.405ms0.021032m0.000760,2660,3.271841578485661e-12,5.78943206156618e-6,0.00008651069222798653,0.00007244961892221307
L48T16beta4.405ms0.021032m0.000760,2661,3.2715262772605442e-12,5.78887414487677e-6,0.0000865023553551304,0.00007244263708857061
L48T16beta4.405ms0.021032m0.000760,2662,3.271950163424348e-12,5.789624199574808e-6,0.00008651356331999573,0.0000724520233593595
L48T16beta4.405ms0.021032m0.000760,2663,3.2606438371086797e-12,5.76961797173637e-6,0.0000862146129910569,0.00007220166312237042
L48T16beta4.405ms0.021032m0.000760,2664,3.268671633820883e-12,5.7838229332403054e-6,0.00008642687578984428,0.00007237942564498416
L48T16beta4.405ms0.021032m0.000760,2665,3.271798812440664e-12,5.7893563882470064e-6,0.00008650956145191811,0.00007244867193759032
L48T16beta4.405ms0.021032m0.000760,2666,3.271950713135496e-12,5.7896251722732925e-6,0.00008651357785489627,0.00007245203553182025
L48T16beta4.405ms0.021032m0.000760,2667,3.2718584631213177e-12,5.789461938456204e-6,0.00008651113867427177,0.0000724499928050523
L48T16beta4.405ms0.021032m0.000760,2668,3.2717497516306144e-12,5.789269576517327e-6,0.00008650826423610348,0.00007244758556561698
L48T16beta4.405ms0.021032m0.000760,2669,3.271953853748376e-12,5.789630729499846e-6,0.00008651366089577332,0.00007245210507559272
L48T16beta4.405ms0.021032m0.000760,2670,3.2718114705407323e-12,5.789378786400651e-6,0.00008650989614446755,0.00007244895223066205
L48T16beta4.405ms0.021032m0.000760,2671,3.2719356648407994e-12,5.789598544737179e-6,0.0000865131799632625,0.00007245170231176968
L48T16beta4.405ms0.021032m0.000760,2672,3.271956376675714e-12,5.789635193749129e-6,0.00008651372760444037,0.0000724521609417219
L48T16beta4.405ms0.021032m0.000760,2673,3.271962162268086e-12,5.7896454311928344e-6,0.0000865138805811628,0.00007245228905427028
L48T16beta4.405ms0.021032m0.000760,2674,3.271934375233137e-12,5.78959626281253e-6,0.00008651314586477427,0.00007245167375550207
L48T16beta4.405ms0.021032m0.000760,2675,3.2719256548965963e-12,5.78958083242119e-6,0.0000865129152905449,0.00007245148065780951
L48T16beta4.405ms0.021032m0.000760,2676,3.271797703409838e-12,5.789354425848013e-6,0.00008650953212805811,0.00007244864737990353
L48T16beta4.405ms0.021032m0.000760,2677,3.2717916528946772e-12,5.78934371963085e-6,0.00008650937214651793,0.00007244851340107015
L48T16beta4.405ms0.021032m0.000760,2678,3.2718807313130986e-12,5.789501341398051e-6,0.00008651172746704778,0.0000724504858980001
L48T16beta4.405ms0.021032m0.000760,2679,3.271944356497334e-12,5.789613924380051e-6,0.00008651340977916446,0.00007245189477439008
L48T16beta4.405ms0.021032m0.000760,2680,3.271947004706139e-12,5.789618610311381e-6,0.00008651347980039606,0.0000724519534146739
L48T16beta4.405ms0.021032m0.000760,2681,3.271896152090534e-12,5.789528628031941e-6,0.00008651213520748955,0.00007245082736607605
L48T16beta4.405ms0.021032m0.000760,2682,3.271717983381995e-12,5.7892133634909054e-6,0.00008650742425253061,0.00007244688210933675
L48T16beta4.405ms0.021032m0.000760,2683,3.271943786616214e-12,5.789612915991366e-6,0.00008651339471095013,0.00007245188215529806
L48T16beta4.405ms0.021032m0.000760,2684,3.2719236871464156e-12,5.789577350542342e-6,0.00008651286326130504,0.000072451437085177
L48T16beta4.405ms0.021032m0.000760,2685,3.271955075143416e-12,5.789632890724171e-6,0.00008651369319065309,0.00007245213212140258
L48T16beta4.405ms0.021032m0.000760,2686,3.2712521593199533e-12,5.788389100856196e-6,0.00008649510740860739,0.00007243656719189036
L48T16beta4.405ms0.021032m0.000760,2687,3.2718409857875912e-12,5.789431012803541e-6,0.0000865106765564697,0.00007244960579787672
L48T16beta4.405ms0.021032m0.000760,2688,3.271698360037357e-12,5.789178640532022e-6,0.00008650690539210057,0.00007244644758223423
L48T16beta4.405ms0.021032m0.000760,2689,3.2715831388999308e-12,5.788974759955538e-6,0.0000865038588325044,0.00007244389619724261
L48T16beta4.405ms0.021032m0.000760,2690,3.2713632292415493e-12,5.788585635972503e-6,0.0000864980442059958,0.00007243902665494819
L48T16beta4.405ms0.021032m0.000760,2691,3.271895779171044e-12,5.789527968161345e-6,0.0000865121253471334,0.0000724508191083795
L48T16beta4.405ms0.021032m0.000760,2692,3.2716625496945737e-12,5.789115275133157e-6,0.00008650595853160355,0.0000724456546203423
L48T16beta4.405ms0.021032m0.000760,2693,3.2718099808347712e-12,5.789376150407664e-6,0.00008650985675518453,0.00007244891924354253
L48T16beta4.405ms0.021032m0.000760,2694,3.2719372706696836e-12,5.789601386206426e-6,0.00008651322242294922,0.00007245173787024277
L48T16beta4.405ms0.021032m0.000760,2695,3.2719169593092993e-12,5.7895654458229445e-6,0.00008651268537070973,0.00007245128810814875
L48T16beta4.405ms0.021032m0.000760,2696,3.271906013234871e-12,5.7895460770507334e-6,0.00008651239594579313,0.00007245104572510483
L48T16beta4.405ms0.021032m0.000760,2697,3.2719309725032647e-12,5.789590241777297e-6,0.0000865130558932675,0.00007245159840757442
L48T16beta4.405ms0.021032m0.000760,2698,3.2711643414056714e-12,5.788233709515776e-6,0.00008649278541704017,0.00007243462260677778
L48T16beta4.405ms0.021032m0.000760,2699,3.271772662018953e-12,5.789310115808001e-6,0.00008650887000918474,0.00007244809287896473
L48T16beta4.405ms0.021032m0.000760,2700,3.2719267486278894e-12,5.789582767748089e-6,0.0000865129442098703,0.00007245150487671299
L48T16beta4.405ms0.021032m0.000760,2701,3.271594427903589e-12,5.788994735531419e-6,0.00008650415732480533,0.00007244414617389748
L48T16beta4.405ms0.021032m0.000760,2702,3.2719540118656045e-12,5.789631009283855e-6,0.00008651366507654752,0.00007245210857684199
L48T16beta4.405ms0.021032m0.000760,2703,3.2717462174385816e-12,5.789263322863482e-6,0.00008650817078860856,0.00007244750730667324
L48T16beta4.405ms0.021032m0.000760,2704,3.2719408681509595e-12,5.7896077518488145e-6,0.00008651331754387362,0.00007245181753062401
L48T16beta4.405ms0.021032m0.000760,2705,3.2713834428490375e-12,5.788621403384972e-6,0.00008649857867355307,0.00007243947425246305
L48T16beta4.405ms0.021032m0.000760,2706,3.2715664441981777e-12,5.788945219148238e-6,0.00008650341740825737,0.00007244352652018123
L48T16beta4.405ms0.021032m0.000760,2707,3.2718042804221502e-12,5.789366063687143e-6,0.00008650970603069802,0.0000724487930171614
L48T16beta4.405ms0.021032m0.000760,2708,3.2719681332150893e-12,5.7896559966163705e-6,0.00008651403845884305,0.00007245242127119603
L48T16beta4.405ms0.021032m0.000760,2709,3.271842670681707e-12,5.789433994176502e-6,0.0000865107211067185,0.00007244964310712098
L48T16beta4.405ms0.021032m0.000760,2710,3.2719374236517748e-12,5.789601656903953e-6,0.00008651322646794538,0.00007245174125778278
L48T16beta4.405ms0.021032m0.000760,2711,3.2715595059660183e-12,5.788932942140702e-6,0.0000865032339546113,0.0000724433728842964
L48T16beta4.405ms0.021032m0.000760,2712,3.2715417096846825e-12,5.7889014521191745e-6,0.0000865027634035224,0.0000724429788145439
L48T16beta4.405ms0.021032m0.000760,2713,3.2719722164829953e-12,5.789663221844599e-6,0.0000865141464244412,0.00007245251168853336
L48T16beta4.405ms0.021032m0.000760,2714,3.2719109194879294e-12,5.789554758528145e-6,0.00008651252567192386,0.000072451154366112
L48T16beta4.405ms0.021032m0.000760,2715,3.2718454602259e-12,5.789438930196844e-6,0.00008651079486499602,0.00007244970487704746
L48T16beta4.405ms0.021032m0.000760,2716,3.2719041738498863e-12,5.789542822310506e-6,0.00008651234731065464,0.00007245100499491114
L48T16beta4.405ms0.021032m0.000760,2717,3.271952077957037e-12,5.789627587286794e-6,0.00008651361394211303,0.00007245206575357705
L48T16beta4.405ms0.021032m0.000760,2718,3.2719484113631666e-12,5.789621099351605e-6,0.00008651351699378401,0.00007245198456280963
L48T16beta4.405ms0.021032m0.000760,2719,3.2718424188746937e-12,5.789433548611042e-6,0.00008651071444869471,0.00007244963753126356
L48T16beta4.405ms0.021032m0.000760,2720,3.2719017086796074e-12,5.789538460260722e-6,0.00008651228212914076,0.00007245095040771828
L48T16beta4.405ms0.021032m0.000760,2721,3.271938045281314e-12,5.789602756860017e-6,0.00008651324290443852,0.0000724517550227595
L48T16beta4.405ms0.021032m0.000760,2722,3.2716991377591864e-12,5.789180016689023e-6,0.00008650692595582658,0.00007244646480362127
L48T16beta4.405ms0.021032m0.000760,2723,3.271665870169606e-12,5.789121150620753e-6,0.0000865060463282119,0.0000724457281468701
L48T16beta4.405ms0.021032m0.000760,2724,3.2719347337265972e-12,5.789596897156669e-6,0.00008651315534369208,0.00007245168169375762
L48T16beta4.405ms0.021032m0.000760,2725,3.2719136869563263e-12,5.789559655485985e-6,0.00008651259884649574,0.00007245121564720582
L48T16beta4.405ms0.021032m0.000760,2726,3.265729652019937e-12,5.778617178819022e-6,0.00008634908691284133,0.00007231428023520754
L48T16beta4.405ms0.021032m0.000760,2727,3.271962288251002e-12,5.789645654116077e-6,0.00008651388391227435,0.00007245229184395738
L48T16beta4.405ms0.021032m0.000760,2728,3.2719347364265147e-12,5.789596901934098e-6,0.00008651315541508053,0.0000724516817535429
L48T16beta4.405ms0.021032m0.000760,2729,3.271831995393124e-12,5.789415104552262e-6,0.00008651043884164455,0.0000724494067201899
L48T16beta4.405ms0.021032m0.000760,2730,3.2719461985425314e-12,5.78961718382745e-6,0.00008651345848464159,0.00007245193556348987
L48T16beta4.405ms0.021032m0.000760,2731,3.271951150680953e-12,5.789625946497727e-6,0.00008651358942402619,0.00007245204522055388
L48T16beta4.405ms0.021032m0.000760,2732,3.2685179803237154e-12,5.783551047679365e-6,0.0000864228130410576,0.00007237602323779273
L48T16beta4.405ms0.021032m0.000760,2733,3.271919261200743e-12,5.789569518955401e-6,0.00008651274623497147,0.00007245133907979694
L48T16beta4.405ms0.021032m0.000760,2734,3.2718336583702623e-12,5.789418047143745e-6,0.000086510482812387,0.00007244944354411827
L48T16beta4.405ms0.021032m0.000760,2735,3.2719380304185326e-12,5.789602730560742e-6,0.00008651324251145204,0.00007245175469364734
L48T16beta4.405ms0.021032m0.000760,2736,3.2719433168570355e-12,5.789612084765652e-6,0.00008651338229005788,0.00007245187175324385
L48T16beta4.405ms0.021032m0.000760,2737,3.2719548596529404e-12,5.789632509419808e-6,0.0000865136874928741,0.00007245212734971591
L48T16beta4.405ms0.021032m0.000760,2738,3.2717530833288333e-12,5.789275471864037e-6,0.00008650835232946383,0.000072447659340664
L48T16beta4.405ms0.021032m0.000760,2739,3.2719464921585617e-12,5.789617703372794e-6,0.00008651346624813666,0.00007245194206514006
L48T16beta4.405ms0.021032m0.000760,2740,3.271857957707346e-12,5.789461044140333e-6,0.0000865111253106319,0.00007244998161348059
L48T16beta4.405ms0.021032m0.000760,2741,3.2717322047078374e-12,5.789238527728786e-6,0.00008650780027829882,0.00007244719701750486
L48T16beta4.405ms0.021032m0.000760,2742,3.2719463041966567e-12,5.7896173707794665e-6,0.00008651346127824001,0.0000724519379030289
L48T16beta4.405ms0.021032m0.000760,2743,3.271948970987247e-12,5.789622089590746e-6,0.00008651353179079219,0.00007245199695477618
L48T16beta4.405ms0.021032m0.000760,2744,3.2719202231125336e-12,5.789571221031381e-6,0.00008651277166886028,0.0000724513603797716
L48T16beta4.405ms0.021032m0.000760,2745,3.2706784743868107e-12,5.787373981430179e-6,0.00008647993861773033,0.00007242386387059849
L48T16beta4.405ms0.021032m0.000760,2746,3.2715840600085562e-12,5.78897638983146e-6,0.00008650388318751758,0.0000724439165936974
L48T16beta4.405ms0.021032m0.000760,2747,3.2719513441088673e-12,5.789626288763006e-6,0.0000865135945384495,0.00007245204950370097
L48T16beta4.405ms0.021032m0.000760,2748,3.271652633731323e-12,5.789097729113832e-6,0.00008650569634383428,0.00007244543504743772
L48T16beta4.405ms0.021032m0.000760,2749,3.2716743860403344e-12,5.789136219215563e-6,0.00008650627149616515,0.00007244591671699926
L48T16beta4.405ms0.021032m0.000760,2750,3.2718350703477156e-12,5.789420545598313e-6,0.00008651052014645223,0.00007244947481006621
L48T16beta4.405ms0.021032m0.000760,2751,3.2718843726547993e-12,5.789507784650233e-6,0.00008651182374768473,0.00007245056652959922
L48T16beta4.405ms0.021032m0.000760,2752,3.271905377549879e-12,5.789544952223939e-6,0.00008651237913766004,0.0000724510316488929
L48T16beta4.405ms0.021032m0.000760,2753,3.2719488078539952e-12,5.789621800931025e-6,0.00008651352747738942,0.00007245199334245521
L48T16beta4.405ms0.021032m0.000760,2754,3.269850389500412e-12,5.785908708410073e-6,0.00008645804324320579,0.00007240552727543773
L48T16beta4.405ms0.021032m0.000760,2755,3.271854631183969e-12,5.78945515795036e-6,0.00008651103735409944,0.00007244990795302205
L48T16beta4.405ms0.021032m0.000760,2756,3.2719332775181422e-12,5.789594320436582e-6,0.0000865131168401159,0.000072451649448386
L48T16beta4.405ms0.021032m0.000760,2757,3.2718363484674935e-12,5.789422807195473e-6,0.00008651055394118957,0.00007244950311195327
L48T16beta4.405ms0.021032m0.000760,2758,3.2712253030948043e-12,5.7883415795177695e-6,0.0000864943973037406,0.00007243597250439371
L48T16beta4.405ms0.021032m0.000760,2759,3.2717922861709193e-12,5.789344840195429e-6,0.00008650938889096131,0.00007244852742394421
L48T16beta4.405ms0.021032m0.000760,2760,3.27195064780808e-12,5.789625056678259e-6,0.00008651357612757547,0.0000724520340852507
L48T16beta4.405ms0.021032m0.000760,2761,3.2718644353653404e-12,5.7894725061747795e-6,0.00008651129658624647,0.00007245012505069843
L48T16beta4.405ms0.021032m0.000760,2762,3.27190529933168e-12,5.789544813819027e-6,0.00008651237706949435,0.00007245102991687791
L48T16beta4.405ms0.021032m0.000760,2763,3.2719459984442325e-12,5.789616829759113e-6,0.0000865134531938468,0.00007245193113263795
L48T16beta4.405ms0.021032m0.000760,2764,3.2719358253138382e-12,5.789598828689728e-6,0.00008651318420632664,0.00007245170586518454
L48T16beta4.405ms0.021032m0.000760,2765,3.2719146836097028e-12,5.789561419036228e-6,0.00008651262519898605,0.00007245123771647648
L48T16beta4.405ms0.021032m0.000760,2766,3.2715728420497866e-12,5.78895653996752e-6,0.00008650358657371302,0.00007244366819021624
L48T16beta4.405ms0.021032m0.000760,2767,3.2717987126628297e-12,5.789356211692923e-6,0.00008650955881369457,0.00007244866972817221
L48T16beta4.405ms0.021032m0.000760,2768,3.271953064326904e-12,5.789629332640656e-6,0.0000865136400226973,0.0000724520875951361
L48T16beta4.405ms0.021032m0.000760,2769,3.2717824473273716e-12,5.789327430637259e-6,0.00008650912874231243,0.00007244830955873022
L48T16beta4.405ms0.021032m0.000760,2770,3.271956945021587e-12,5.789636199421237e-6,0.00008651374263206125,0.00007245217352681835
L48T16beta4.405ms0.021032m0.000760,2771,3.271875929906837e-12,5.789492845444111e-6,0.00008651160051316895,0.00007245037957865499
L48T16beta4.405ms0.021032m0.000760,2772,3.27192532537431e-12,5.789580249340731e-6,0.00008651290657765327,0.00007245147336107355
L48T16beta4.405ms0.021032m0.000760,2773,3.271957583340322e-12,5.789637328908366e-6,0.00008651375950983308,0.00007245218766135024
L48T16beta4.405ms0.021032m0.000760,2774,3.271900828374147e-12,5.789536902584859e-6,0.00008651225885300317,0.0000724509309147833
L48T16beta4.405ms0.021032m0.000760,2775,3.271892525796903e-12,5.789522211406897e-6,0.00008651203932473829,0.000072450747067692
L48T16beta4.405ms0.021032m0.000760,2776,3.2717301677788877e-12,5.789234923440044e-6,0.00008650774641990463,0.00007244715191302085
L48T16beta4.405ms0.021032m0.000760,2777,3.2716889826282422e-12,5.789162047469161e-6,0.0000865066574442295,0.00007244623993473646
L48T16beta4.405ms0.021032m0.000760,2778,3.2719731073763674e-12,5.7896647982554755e-6,0.00008651416998053352,0.00007245253141592044
L48T16beta4.405ms0.021032m0.000760,2779,3.2718543487646556e-12,5.789454658217293e-6,0.0000865110298866565,0.00007244990169930494
L48T16beta4.405ms0.021032m0.000760,2780,3.271905352059481e-12,5.789544907119394e-6,0.00008651237846366899,0.00007245103108444944
L48T16beta4.405ms0.021032m0.000760,2781,3.2719267261550466e-12,5.7895827279830225e-6,0.00008651294361566635,0.00007245150437908837
L48T16beta4.405ms0.021032m0.000760,2782,3.2719172007798638e-12,5.789565873098347e-6,0.0000865126917554277,0.0000724512934551223
L48T16beta4.405ms0.021032m0.000760,2783,3.271690497229031e-12,5.789164727512848e-6,0.00008650669749175611,0.00007244627347311151
L48T16beta4.405ms0.021032m0.000760,2784,3.271806538810511e-12,5.7893700598421124e-6,0.0000865097657446957,0.00007244884302550446
L48T16beta4.405ms0.021032m0.000760,2785,3.2719033409385665e-12,5.789541348497247e-6,0.0000865123252876645,0.00007245098655144245
L48T16beta4.405ms0.021032m0.000760,2786,3.2719485225891805e-12,5.789621296162922e-6,0.00008651351993470864,0.00007245198702572911
L48T16beta4.405ms0.021032m0.000760,2787,3.271618534183335e-12,5.789037390918454e-6,0.00008650479471842536,0.00007244467996831853
L48T16beta4.405ms0.021032m0.000760,2788,3.2715264171136248e-12,5.78887439234288e-6,0.00008650235905298268,0.00007244264018538999
L48T16beta4.405ms0.021032m0.000760,2789,3.2719523278052867e-12,5.789628029386276e-6,0.00008651362054834519,0.00007245207128606085
L48T16beta4.405ms0.021032m0.000760,2790,3.271725131016581e-12,5.789226011030171e-6,0.0000865076132429817,0.00007244704038209828
L48T16beta4.405ms0.021032m0.000760,2791,3.2717849955862887e-12,5.7893319397100615e-6,0.00008650919612077119,0.00007244836598578605
L48T16beta4.405ms0.021032m0.000760,2792,3.2715139911270536e-12,5.78885240490757e-6,0.0000865020304977412,0.00007244236503209476
L48T16beta4.405ms0.021032m0.000760,2793,3.2713849532278964e-12,5.788624075958072e-6,0.00008649861860944774,0.00007243950769735032
L48T16beta4.405ms0.021032m0.000760,2794,3.2714266618316684e-12,5.788697878164606e-6,0.00008649972142573562,0.0000724404312666542
L48T16beta4.405ms0.021032m0.000760,2795,3.2719540338619913e-12,5.7896310482058455e-6,0.00008651366565815352,0.00007245210906391627
L48T16beta4.405ms0.021032m0.000760,2796,3.271955085373986e-12,5.789632908826878e-6,0.00008651369346115936,0.00007245213234794194
L48T16beta4.405ms0.021032m0.000760,2797,3.2719566683462155e-12,5.789635709851915e-6,0.00008651373531649376,0.00007245216740029152
L48T16beta4.405ms0.021032m0.000760,2798,3.2719074496968703e-12,5.7895486188300205e-6,0.00008651243392725371,0.00007245107753322326
L48T16beta4.405ms0.021032m0.000760,2799,3.271955378182688e-12,5.789633426943677e-6,0.0000865137012033079,0.00007245213883171518
L48T16beta4.405ms0.021032m0.000760,2800,3.271798732210762e-12,5.789356246282441e-6,0.00008650955933056102,0.00007244867016102941
L48T16beta4.405ms0.021032m0.000760,2801,3.2718671652069456e-12,5.789477336553064e-6,0.00008651136876592917,0.00007245018549860805
L48T16beta4.405ms0.021032m0.000760,2802,3.2717938618639594e-12,5.789347628340144e-6,0.00008650943055382683,0.00007244856231510796
L48T16beta4.405ms0.021032m0.000760,2803,3.2717643625916126e-12,5.789295430203706e-6,0.0000865086505642064,0.00007244790910162293
L48T16beta4.405ms0.021032m0.000760,2804,3.2719466569329397e-12,5.789617994936443e-6,0.00008651347060493243,0.00007245194571380111
L48T16beta4.405ms0.021032m0.000760,2805,3.2719435201714126e-12,5.78961244452475e-6,0.00008651338766588891,0.00007245187625531058
L48T16beta4.405ms0.021032m0.000760,2806,3.271948811837697e-12,5.7896218079800735e-6,0.00008651352758272239,0.00007245199343066782
L48T16beta4.405ms0.021032m0.000760,2807,3.2719021648200844e-12,5.789539267388524e-6,0.00008651229418994122,0.00007245096050820846
L48T16beta4.405ms0.021032m0.000760,2808,3.2718744110841184e-12,5.789490157929837e-6,0.00008651156035401037,0.00007245034594679215
L48T16beta4.405ms0.021032m0.000760,2809,3.2718508878277377e-12,5.789448534186323e-6,0.00008651093837609851,0.00007244982506247679
L48T16beta4.405ms0.021032m0.000760,2810,3.2714261474047367e-12,5.788696967900554e-6,0.00008649970782378427,0.00007244041987550512
L48T16beta4.405ms0.021032m0.000760,2811,3.271831336282377e-12,5.78941393827425e-6,0.00008651042141411158,0.00007244939212525268
L48T16beta4.405ms0.021032m0.000760,2812,3.271896879400668e-12,5.789529914986859e-6,0.00008651215443828104,0.00007245084347117797
L48T16beta4.405ms0.021032m0.000760,2813,3.27194830887218e-12,5.789620917996674e-6,0.00008651351428382206,0.00007245198229331317
L48T16beta4.405ms0.021032m0.000760,2814,3.2715543636025258e-12,5.7889238428724885e-6,0.0000865030979854897,0.00007244325901500704
L48T16beta4.405ms0.021032m0.000760,2815,3.271845790065824e-12,5.789439513839353e-6,0.00008651080358628628,0.00007244971218081698
L48T16beta4.405ms0.021032m0.000760,2816,3.271877180987735e-12,5.7894950591967295e-6,0.00008651163359297183,0.00007245040728180995
L48T16beta4.405ms0.021032m0.000760,2817,3.271940562305891e-12,5.78960721066453e-6,0.0000865133094570308,0.00007245181075818162
L48T16beta4.405ms0.021032m0.000760,2818,3.2719463426572465e-12,5.789617438834403e-6,0.00008651346229517564,0.00007245193875467621
L48T16beta4.405ms0.021032m0.000760,2819,3.2719415116180667e-12,5.789608890445844e-6,0.00008651333455777344,0.00007245183177915823
L48T16beta4.405ms0.021032m0.000760,2820,3.2719779160088787e-12,5.789673306996063e-6,0.00008651429712548149,0.00007245263789527914
L48T16beta4.405ms0.021032m0.000760,2821,3.2719699080005767e-12,5.7896591370495964e-6,0.00008651408538590762,0.00007245246057093872
L48T16beta4.405ms0.021032m0.000760,2822,3.271945192042397e-12,5.789615402853644e-6,0.00008651343187179336,0.00007245191327617875
L48T16beta4.405ms0.021032m0.000760,2823,3.2719359232520227e-12,5.789599001988603e-6,0.00008651318679590805,0.0000724517080338666
L48T16beta4.405ms0.021032m0.000760,2824,3.2718293763143115e-12,5.789410470165637e-6,0.00008651036959063847,0.00007244934872494247
L48T16beta4.405ms0.021032m0.000760,2825,3.271820387375682e-12,5.789394564490423e-6,0.0000865101319143071,0.00007244914967949281
L48T16beta4.405ms0.021032m0.000760,2826,3.27194307492325e-12,5.789611656670593e-6,0.00008651337589309188,0.00007245186639601301
L48T16beta4.405ms0.021032m0.000760,2827,3.2718111812922157e-12,5.7893782745834996e-6,0.00008650988849645379,0.00007244894582572333
L48T16beta4.405ms0.021032m0.000760,2828,3.271571921536731e-12,5.788954911145443e-6,0.00008650356223444728,0.00007244364780694936
L48T16beta4.405ms0.021032m0.000760,2829,3.2715001110893146e-12,5.788827844569432e-6,0.00008650166349596432,0.00007244205768119749
L48T16beta4.405ms0.021032m0.000760,2830,3.2711471278697684e-12,5.788203250645975e-6,0.00008649233027431064,0.00007243424144097665
L48T16beta4.405ms0.021032m0.000760,2831,3.2717347259411095e-12,5.789242988980467e-6,0.0000865078669421731,0.00007244725284612168
L48T16beta4.405ms0.021032m0.000760,2832,3.269656401750134e-12,5.785565452517613e-6,0.00008645291401730725,0.00007240123173170614
L48T16beta4.405ms0.021032m0.000760,2833,3.2717853591354767e-12,5.78933258300017e-6,0.00008650920573336739,0.0000724483740359925
L48T16beta4.405ms0.021032m0.000760,2834,3.2717871581275775e-12,5.789335766266321e-6,0.00008650925330047851,0.00007244841387175135
L48T16beta4.405ms0.021032m0.000760,2835,3.2709450853655577e-12,5.787845742091964e-6,0.00008648698807283801,0.00007242976753779854
L48T16beta4.405ms0.021032m0.000760,2836,3.271028039669596e-12,5.787992527410239e-6,0.00008648918146579225,0.00007243160442615985
L48T16beta4.405ms0.021032m0.000760,2837,3.271546422840699e-12,5.788909791916777e-6,0.00008650288802397843,0.00007244308317973064
L48T16beta4.405ms0.021032m0.000760,2838,3.271781872112591e-12,5.789326412810811e-6,0.00008650911353307089,0.00007244829682153294
L48T16beta4.405ms0.021032m0.000760,2839,3.2714235542001338e-12,5.788692379297619e-6,0.00008649963925691761,0.00007244036245320007
L48T16beta4.405ms0.021032m0.000760,2840,3.2719554434836342e-12,5.789633542491873e-6,0.00008651370292992881,0.0000724521402776986
L48T16beta4.405ms0.021032m0.000760,2841,3.2718476663099764e-12,5.789442833800847e-6,0.00008651085319601724,0.00007244975372719708
L48T16beta4.405ms0.021032m0.000760,2842,3.2717215016127507e-12,5.789219588901717e-6,0.00008650751727799373,0.00007244696001484391
L48T16beta4.405ms0.021032m0.000760,2843,3.27194895562154e-12,5.789622062401557e-6,0.00008651353138450785,0.00007245199661452753
L48T16beta4.405ms0.021032m0.000760,2844,3.2716564532014056e-12,5.789104487559198e-6,0.0000865057973343599,0.00007244551962340061
L48T16beta4.405ms0.021032m0.000760,2845,3.2707526645732926e-12,5.787505258887833e-6,0.00008648190027884231,0.00007242550669180772
L48T16beta4.405ms0.021032m0.000760,2846,3.271843446312424e-12,5.789435366633337e-6,0.00008651074161515345,0.00007244966028220373
L48T16beta4.405ms0.021032m0.000760,2847,3.271955242326544e-12,5.789633186550035e-6,0.00008651369761113855,0.00007245213582340148
L48T16beta4.405ms0.021032m0.000760,2848,3.2719546715851564e-12,5.78963217663913e-6,0.0000865136825201779,0.00007245212318526021
L48T16beta4.405ms0.021032m0.000760,2849,3.2719066561593476e-12,5.789547214687593e-6,0.00008651241294534529,0.00007245105996162338
L48T16beta4.405ms0.021032m0.000760,2850,3.2718162182795157e-12,5.789387187391491e-6,0.00008651002167932576,0.000072449057361628
L48T16beta4.405ms0.021032m0.000760,2851,3.2712728657815027e-12,5.788425740360127e-6,0.00008649565490770821,0.00007243702570285812
L48T16beta4.405ms0.021032m0.000760,2852,3.271883325404439e-12,5.789505931570044e-6,0.00008651179605736067,0.00007245054333994053
L48T16beta4.405ms0.021032m0.000760,2853,3.2719519655134132e-12,5.78962738832095e-6,0.00008651361096899362,0.00007245206326369561
L48T16beta4.405ms0.021032m0.000760,2854,3.271929829577886e-12,5.789588219402841e-6,0.00008651302567320235,0.00007245157309934779
L48T16beta4.405ms0.021032m0.000760,2855,3.2719305082100956e-12,5.789589420223534e-6,0.00008651304361690188,0.00007245158812655611
L48T16beta4.405ms0.021032m0.000760,2856,3.2719022185934416e-12,5.789539362538974e-6,0.00008651229561176139,0.00007245096169893213
L48T16beta4.405ms0.021032m0.000760,2857,3.2719539810018415e-12,5.78963095467129e-6,0.00008651366426047944,0.00007245210789341408
L48T16beta4.405ms0.021032m0.000760,2858,3.2710388061201e-12,5.788011578342946e-6,0.00008648946614127657,0.00007243184283172365
L48T16beta4.405ms0.021032m0.000760,2859,3.2718962609077978e-12,5.789528820581043e-6,0.00008651213808472447,0.00007245082977565768
L48T16beta4.405ms0.021032m0.000760,2860,3.2716246380880414e-12,5.789048191606923e-6,0.00008650495611163734,0.00007244481512937672
L48T16beta4.405ms0.021032m0.000760,2861,3.271777430232111e-12,5.789318553027674e-6,0.00008650899608540545,0.00007244819846330247
L48T16beta4.405ms0.021032m0.000760,2862,3.271926420349683e-12,5.789582186868994e-6,0.00008651293552987336,0.00007245149760752516
L48T16beta4.405ms0.021032m0.000760,2863,3.271907626991454e-12,5.789548932547822e-6,0.00008651243861509596,0.00007245108145912394
L48T16beta4.405ms0.021032m0.000760,2864,3.271796405636249e-12,5.789352129473985e-6,0.00008650949781365478,0.00007244861864281473
L48T16beta4.405ms0.021032m0.000760,2865,3.2718039011499132e-12,5.789365392575539e-6,0.00008650969600236904,0.00007244878461879358
L48T16beta4.405ms0.021032m0.000760,2866,3.2718886883803098e-12,5.7895154212056835e-6,0.00008651193785968936,0.00007245066209433276
L48T16beta4.405ms0.021032m0.000760,2867,3.2719581085669236e-12,5.7896382582821315e-6,0.00008651377339733827,0.00007245219929164046
L48T16beta4.405ms0.021032m0.000760,2868,3.271946006808683e-12,5.789616844559774e-6,0.00008651345341501105,0.00007245193131785513
L48T16beta4.405ms0.021032m0.000760,2869,3.27195496117778e-12,5.789632689065169e-6,0.00008651369017729017,0.00007245212959781862
L48T16beta4.405ms0.021032m0.000760,2870,3.2719507468182906e-12,5.789625231874054e-6,0.0000865135787455023,0.00007245203627767103
L48T16beta4.405ms0.021032m0.000760,2871,3.271906784855416e-12,5.789547442411683e-6,0.00008651241634819523,0.00007245106281138884
L48T16beta4.405ms0.021032m0.000760,2872,3.271352967344749e-12,5.788567477833448e-6,0.00008649777287140503,0.00007243879942190686
L48T16beta4.405ms0.021032m0.000760,2873,3.2719521016871944e-12,5.789627629276643e-6,0.00008651361456956161,0.00007245206627904287
L48T16beta4.405ms0.021032m0.000760,2874,3.2719550691347762e-12,5.789632880092051e-6,0.00008651369303177878,0.00007245213198835101
L48T16beta4.405ms0.021032m0.000760,2875,3.263374432387927e-12,5.77444968362633e-6,0.00008628681260162346,0.00007226212772087455
L48T16beta4.405ms0.021032m0.000760,2876,3.271936559016424e-12,5.78960012695591e-6,0.00008651320360614081,0.00007245172211183692
L48T16beta4.405ms0.021032m0.000760,2877,3.271587276205892e-12,5.788982080802592e-6,0.00008650396822692161,0.00007244398781116493
L48T16beta4.405ms0.021032m0.000760,2878,3.2718805324324095e-12,5.789500989484241e-6,0.00008651172220844779,0.00007245048149411017
L48T16beta4.405ms0.021032m0.000760,2879,3.2719574372006687e-12,5.789637070318342e-6,0.00008651375564575768,0.00007245218442532491
L48T16beta4.405ms0.021032m0.000760,2880,3.2719570302410422e-12,5.7896363502146775e-6,0.00008651374488534702,0.0000724521754138648
L48T16beta4.405ms0.021032m0.000760,2881,3.2718146355190444e-12,5.7893843867411546e-6,0.00008650997982959046,0.00007244902231396746
L48T16beta4.405ms0.021032m0.000760,2882,3.2715469734385843e-12,5.788910766184319e-6,0.00008650290258232518,0.00007244309537182675
L48T16beta4.405ms0.021032m0.000760,2883,3.2714525222769436e-12,5.788743637498428e-6,0.00008650040520120838,0.0000724410039042225
L48T16beta4.405ms0.021032m0.000760,2884,3.27113504446832e-12,5.788181869405447e-6,0.00008649201077735494,0.00007243397387367264
L48T16beta4.405ms0.021032m0.000760,2885,3.2715376417560137e-12,5.788894254033297e-6,0.00008650265584350867,0.00007244288873686905
L48T16beta4.405ms0.021032m0.000760,2886,3.271807152657935e-12,5.789371146027941e-6,0.00008650978197542213,0.0000724488566181589
L48T16beta4.405ms0.021032m0.000760,2887,3.2714111113258433e-12,5.788670361979963e-6,0.00008649931025514831,0.0000724400869259537
L48T16beta4.405ms0.021032m0.000760,2888,3.271923233123521e-12,5.789576547161543e-6,0.00008651285125649552,0.00007245142703157724
L48T16beta4.405ms0.021032m0.000760,2889,3.271626700864731e-12,5.789051841632517e-6,0.00008650501065347107,0.00007244486080621696
L48T16beta4.405ms0.021032m0.000760,2890,3.271183407534979e-12,5.788267446497734e-6,0.00008649328954415174,0.00007243504479525161
L48T16beta4.405ms0.021032m0.000760,2891,3.2714133197127904e-12,5.788674269658831e-6,0.0000864993686470597,0.00007244013582709666
L48T16beta4.405ms0.021032m0.000760,2892,3.2711481837625116e-12,5.788205119018619e-6,0.00008649235819314775,0.00007243426482200686
L48T16beta4.405ms0.021032m0.000760,2893,3.2717919312641144e-12,5.789344212197775e-6,0.00008650937950687819,0.00007244851956510931
L48T16beta4.405ms0.021032m0.000760,2894,3.2719491165710347e-12,5.789622347197182e-6,0.00008651353564016996,0.00007245200017849275
L48T16beta4.405ms0.021032m0.000760,2895,3.271932373694283e-12,5.78959272114557e-6,0.00008651309294212882,0.00007245162943467425
L48T16beta4.405ms0.021032m0.000760,2896,3.271883711042658e-12,5.789506613946074e-6,0.00008651180625401246,0.0000724505518792727
L48T16beta4.405ms0.021032m0.000760,2897,3.271574383610046e-12,5.788959267715235e-6,0.00008650362733407441,0.00007244370232556499
L48T16beta4.405ms0.021032m0.000760,2898,3.2712399086162627e-12,5.7883674235790356e-6,0.00008649478348801676,0.00007243629591994989
L48T16beta4.405ms0.021032m0.000760,2899,3.2719500032689467e-12,5.78962391618431e-6,0.00008651355908533023,0.00007245201981297819
L48T16beta4.405ms0.021032m0.000760,2900,3.271897799106395e-12,5.789531542380391e-6,0.00008651217875620023,0.00007245086383656788
L48T16beta4.405ms0.021032m0.000760,2901,3.271939423403919e-12,5.789605195409379e-6,0.00008651327934334844,0.00007245178553904678
L48T16beta4.405ms0.021032m0.000760,2902,3.2718876969944194e-12,5.789513666976109e-6,0.00008651191164647653,0.00007245064014170203
L48T16beta4.405ms0.021032m0.000760,2903,3.2718108919113502e-12,5.789377762532161e-6,0.0000865098808449406,0.00007244893941785397
L48T16beta4.405ms0.021032m0.000760,2904,3.2715293545180067e-12,5.788879589997686e-6,0.00008650243672082825,0.00007244270522944026
L48T16beta4.405ms0.021032m0.000760,2905,3.271876025502446e-12,5.789493014597864e-6,0.00008651160304081037,0.00007245038169546453
L48T16beta4.405ms0.021032m0.000760,2906,3.2719598528062854e-12,5.7896413446648434e-6,0.00008651381951673342,0.00007245223791498883
L48T16beta4.405ms0.021032m0.000760,2907,3.2719416759159887e-12,5.789609181166416e-6,0.00008651333890197124,0.00007245183541726893
L48T16beta4.405ms0.021032m0.000760,2908,3.271908521272958e-12,5.789550514953903e-6,0.0000865124622607738,0.00007245110126153568
L48T16beta4.405ms0.021032m0.000760,2909,3.271956968645865e-12,5.789636241223736e-6,0.00008651374325671029,0.00007245217404993964
L48T16beta4.405ms0.021032m0.000760,2910,3.2717748640002135e-12,5.789314012152186e-6,0.00008650892823172349,0.00007244814163826415
L48T16beta4.405ms0.021032m0.000760,2911,3.271756697869882e-12,5.789281867693216e-6,0.00008650844790146531,0.0000724477393788062
L48T16beta4.405ms0.021032m0.000760,2912,3.270966092312045e-12,5.787882913295579e-6,0.00008648754351705457,0.00007243023270251733
L48T16beta4.405ms0.021032m0.000760,2913,3.271901405097705e-12,5.7895379230810465e-6,0.00008651227410213826,0.00007245094368539
L48T16beta4.405ms0.021032m0.000760,2914,3.271952066204455e-12,5.789627566490929e-6,0.00008651361363136325,0.0000724520654933352
L48T16beta4.405ms0.021032m0.000760,2915,3.2712624648124805e-12,5.7884073361366695e-6,0.00008649537989591184,0.00007243679539028827
L48T16beta4.405ms0.021032m0.000760,2916,3.27150571006974e-12,5.788837751808523e-6,0.00008650181153848435,0.00007244218166152737
L48T16beta4.405ms0.021032m0.000760,2917,3.271859175290738e-12,5.789463198620053e-6,0.00008651115750472798,0.0000724500085748877
L48T16beta4.405ms0.021032m0.000760,2918,3.2716986198514787e-12,5.789179100265836e-6,0.00008650691226184011,0.00007244645333539605
L48T16beta4.405ms0.021032m0.000760,2919,3.2713942708947187e-12,5.78864056330862e-6,0.00008649886497767413,0.00007243971402195203
L48T16beta4.405ms0.021032m0.000760,2920,3.2718255913608216e-12,5.789403772796416e-6,0.00008651026951276532,0.00007244926491329346
L48T16beta4.405ms0.021032m0.000760,2921,3.27121939288271e-12,5.788331121562955e-6,0.00008649424103195078,0.00007243584163234392
L48T16beta4.405ms0.021032m0.000760,2922,3.2712778845575943e-12,5.7884346209438955e-6,0.00008649578760905801,0.00007243713683550514
L48T16beta4.405ms0.021032m0.000760,2923,3.2715762792300772e-12,5.788962621961803e-6,0.00008650367745612255,0.00007244374430099246
L48T16beta4.405ms0.021032m0.000760,2924,3.271944002464032e-12,5.789613297928035e-6,0.0000865134004181776,0.00007245188693489749
L48T16beta4.405ms0.021032m0.000760,2925,3.2718156334165005e-12,5.789386152492762e-6,0.00008651000621497546,0.00007244904441078623
L48T16beta4.405ms0.021032m0.000760,2926,3.2719024139933546e-12,5.789539708293649e-6,0.00008651230077832625,0.00007245096602574591
L48T16beta4.405ms0.021032m0.000760,2927,3.271734006479265e-12,5.789241715912878e-6,0.00008650784791889806,0.0000724472369148074
L48T16beta4.405ms0.021032m0.000760,2928,3.271963479721956e-12,5.789647762390569e-6,0.00008651391541593202,0.00007245231822714696
L48T16beta4.405ms0.021032m0.000760,2929,3.2714288088616663e-12,5.78870167727407e-6,0.00008649977819530924,0.00007244047880914715
L48T16beta4.405ms0.021032m0.000760,2930,3.2717098663579057e-12,5.789199000644056e-6,0.00008650720963047268,0.00007244670237101876
L48T16beta4.405ms0.021032m0.000760,2931,3.2719526887339664e-12,5.789628668039469e-6,0.00008651363009165258,0.00007245207927824038
L48T16beta4.405ms0.021032m0.000760,2932,3.239328213881926e-12,5.731900573274079e-6,0.00008565100705954022,0.00007172966325843368
L48T16beta4.405ms0.021032m0.000760,2933,3.268889768720247e-12,5.784208916836953e-6,0.00008643264348998818,0.00007238425588812199
L48T16beta4.405ms0.021032m0.000760,2934,3.2717445824135305e-12,5.789260429732435e-6,0.00008650812755694665,0.00007244747110169846
L48T16beta4.405ms0.021032m0.000760,2935,3.2719543398526435e-12,5.789631589647737e-6,0.00008651367374884571,0.00007245211583958238
L48T16beta4.405ms0.021032m0.000760,2936,3.2719430894816287e-12,5.789611682431237e-6,0.00008651337627802967,0.00007245186671838467
L48T16beta4.405ms0.021032m0.000760,2937,3.2719224819905852e-12,5.789575218052845e-6,0.00008651283139580587,0.00007245141039895808
L48T16beta4.405ms0.021032m0.000760,2938,3.2719023464160073e-12,5.789539588717425e-6,0.00008651229899151509,0.0000724509645293553
L48T16beta4.405ms0.021032m0.000760,2939,3.2719569466230085e-12,5.789636202254908e-6,0.00008651374267440441,0.00007245217356227924
L48T16beta4.405ms0.021032m0.000760,2940,3.2718544396751136e-12,5.789454819080803e-6,0.00008651103229041794,0.00007244990371236941
L48T16beta4.405ms0.021032m0.000760,2941,3.271867127937496e-12,5.789477270605817e-6,0.00008651136778048845,0.0000724501846733366
L48T16beta4.405ms0.021032m0.000760,2942,3.2715237791353896e-12,5.788869724514256e-6,0.00008650228930225737,0.00007244258177164553
L48T16beta4.405ms0.021032m0.000760,2943,3.2714280621491838e-12,5.7887003559872405e-6,0.00008649975845150069,0.00007244046227441175
L48T16beta4.405ms0.021032m0.000760,2944,3.270420380496402e-12,5.786917291517729e-6,0.0000864731143627707,0.00007241814880048959
L48T16beta4.405ms0.021032m0.000760,2945,3.27091023575666e-12,5.7877840766848085e-6,0.00008648606661508485,0.00007242899584979849
L48T16beta4.405ms0.021032m0.000760,2946,3.271070400051986e-12,5.788067482920788e-6,0.00008649030151574447,0.00007243254242804287
L48T16beta4.405ms0.021032m0.000760,2947,3.2716945939832898e-12,5.7891719766048e-6,0.00008650680581394663,0.00007244636418908224
L48T16beta4.405ms0.021032m0.000760,2948,3.271587904174943e-12,5.788983191976245e-6,0.00008650398483103767,0.00007244400171651987
L48T16beta4.405ms0.021032m0.000760,2949,3.2718741165813506e-12,5.7894896368154355e-6,0.00008651155256706907,0.00007245033942550657
L48T16beta4.405ms0.021032m0.000760,2950,3.2716679517927786e-12,5.789124833994672e-6,0.00008650610136836505,0.0000724457742410351
L48T16beta4.405ms0.021032m0.000760,2951,3.271951381881243e-12,5.7896263556001665e-6,0.00008651359553718805,0.00007245205034010889
L48T16beta4.405ms0.021032m0.000760,2952,3.27179500877304e-12,5.789349657763648e-6,0.00008650946087922494,0.00007244858771154719
L48T16beta4.405ms0.021032m0.000760,2953,3.2716649417156168e-12,5.789119507747416e-6,0.00008650602177898008,0.00007244570758776413
L48T16beta4.405ms0.021032m0.000760,2954,3.2719469592178227e-12,5.789618529821079e-6,0.00008651347859764047,0.000072451952407409
L48T16beta4.405ms0.021032m0.000760,2955,3.271951579438443e-12,5.7896267051721e-6,0.0000865136007607937,0.0000724520547146923
L48T16beta4.405ms0.021032m0.000760,2956,3.2719521181646322e-12,5.789627658433008e-6,0.00008651361500524118,0.00007245206664390897
L48T16beta4.405ms0.021032m0.000760,2957,3.271953684871182e-12,5.7896304306763804e-6,0.0000865136564304951,0.0000724521013360815
L48T16beta4.405ms0.021032m0.000760,2958,3.271899185090525e-12,5.789533994840501e-6,0.00008651221540297656,0.00007245089452693587
L48T16beta4.405ms0.021032m0.000760,2959,3.26957172769128e-12,5.785415624141345e-6,0.00008645067515235323,0.000072399356762167
L48T16beta4.405ms0.021032m0.000760,2960,3.271513835550924e-12,5.788852129619965e-6,0.00008650202638415614,0.00007244236158711399
L48T16beta4.405ms0.021032m0.000760,2961,3.271758339657962e-12,5.789284772791253e-6,0.00008650849131194834,0.00007244777573353731
L48T16beta4.405ms0.021032m0.000760,2962,3.2719336554271856e-12,5.789594989136053e-6,0.00008651312683240072,0.0000724516578165681
L48T16beta4.405ms0.021032m0.000760,2963,3.2719085534205052e-12,5.789550571838088e-6,0.00008651246311078641,0.00007245110197339094
L48T16beta4.405ms0.021032m0.000760,2964,3.271888826327566e-12,5.789515665299491e-6,0.00008651194150714979,0.00007245066514895076
L48T16beta4.405ms0.021032m0.000760,2965,3.2719543110005838e-12,5.789631538594825e-6,0.00008651367298596903,0.00007245211520070037
L48T16beta4.405ms0.021032m0.000760,2966,3.2718615248674894e-12,5.789467356130326e-6,0.00008651121962983592,0.00007245006060244961
L48T16beta4.405ms0.021032m0.000760,2967,3.2719413831072867e-12,5.789608663049617e-6,0.0000865133311598227,0.0000724518289334957
L48T16beta4.405ms0.021032m0.000760,2968,3.2719760244519586e-12,5.789669959939056e-6,0.00008651424711086598,0.00007245259600982266
L48T16beta4.405ms0.021032m0.000760,2969,3.2702210611766467e-12,5.786564601562363e-6,0.00008646784416495923,0.00007241373519780936
L48T16beta4.405ms0.021032m0.000760,2970,3.264461102086502e-12,5.776372515231207e-6,0.00008631554521155944,0.00007228619025680961
L48T16beta4.405ms0.021032m0.000760,2971,3.2711752731202445e-12,5.788253052878625e-6,0.00008649307446226814,0.00007243486467184601
L48T16beta4.405ms0.021032m0.000760,2972,3.2707358028472302e-12,5.787475422535694e-6,0.00008648145443830914,0.00007242513331626424
L48T16beta4.405ms0.021032m0.000760,2973,3.271916765365224e-12,5.789565102644334e-6,0.00008651268024263865,0.00007245128381357213
L48T16beta4.405ms0.021032m0.000760,2974,3.2717846290592506e-12,5.78933129115073e-6,0.00008650918642943773,0.00007244835786963996
L48T16beta4.405ms0.021032m0.000760,2975,3.2719682075157606e-12,5.789656128089328e-6,0.00008651404042342549,0.00007245242291646375
L48T16beta4.405ms0.021032m0.000760,2976,3.271957112059131e-12,5.789636494989495e-6,0.00008651374704869733,0.00007245217722559352
L48T16beta4.405ms0.021032m0.000760,2977,3.2719677456313415e-12,5.789655310797781e-6,0.00008651402821074958,0.0000724524126887833
L48T16beta4.405ms0.021032m0.000760,2978,3.2717933957311407e-12,5.789346803531173e-6,0.00008650941822881907,0.00007244855199335361
L48T16beta4.405ms0.021032m0.000760,2979,3.271894430059317e-12,5.78952558094592e-6,0.0000865120896752995,0.000072450789234491
L48T16beta4.405ms0.021032m0.000760,2980,3.2718418506876397e-12,5.789432543219959e-6,0.00008651069942527313,0.00007244962494968386
L48T16beta4.405ms0.021032m0.000760,2981,3.2683936245712277e-12,5.783331003657299e-6,0.00008641952495330268,0.00007237326958158341
L48T16beta4.405ms0.021032m0.000760,2982,3.271961116883845e-12,5.789643581414691e-6,0.00008651385294018075,0.00007245226590593376
L48T16beta4.405ms0.021032m0.000760,2983,3.271864595639856e-12,5.789472789776047e-6,0.00008651130082406146,0.00007245012859971731
L48T16beta4.405ms0.021032m0.000760,2984,3.2718112318494948e-12,5.789378364043189e-6,0.0000865098898332377,0.00007244894694523217
L48T16beta4.405ms0.021032m0.000760,2985,3.2719580767767183e-12,5.789638202030253e-6,0.00008651377255677414,0.00007245219858769799
L48T16beta4.405ms0.021032m0.000760,2986,3.2719281452793403e-12,5.789585239083725e-6,0.00008651298113870102,0.00007245153580329147
L48T16beta4.405ms0.021032m0.000760,2987,3.2719160609382145e-12,5.789563856180464e-6,0.00008651266161689937,0.00007245126821517986
L48T16beta4.405ms0.021032m0.000760,2988,3.271889360686242e-12,5.789516610832206e-6,0.00008651195563611595,0.00007245067698145593
L48T16beta4.405ms0.021032m0.000760,2989,3.2719548129470143e-12,5.789632426774979e-6,0.00008651368625792371,0.00007245212631548901
L48T16beta4.405ms0.021032m0.000760,2990,3.271756781382037e-12,5.7892820154656355e-6,0.00008650845010960839,0.00007244774122804728
L48T16beta4.405ms0.021032m0.000760,2991,3.2650721458312997e-12,5.7774537400284015e-6,0.00008633170180596536,0.00007229972082832214
L48T16beta4.405ms0.021032m0.000760,2992,3.2717466090589708e-12,5.789264015824795e-6,0.00008650818114343478,0.00007244751597847085
L48T16beta4.405ms0.021032m0.000760,2993,3.2719185367758147e-12,5.789568237105774e-6,0.00008651272708046765,0.00007245132303858323
L48T16beta4.405ms0.021032m0.000760,2994,3.2717195463960107e-12,5.789216129200442e-6,0.0000865074655801503,0.00007244691671974409
L48T16beta4.405ms0.021032m0.000760,2995,3.2716644093554094e-12,5.789118565750935e-6,0.00008650600770285539,0.00007244569579951179
L48T16beta4.405ms0.021032m0.000760,2996,3.271955122974308e-12,5.789632975359595e-6,0.00008651369445534866,0.00007245213318054
L48T16beta4.405ms0.021032m0.000760,2997,3.2718440678890234e-12,5.789436466495726e-6,0.00008651075805024685,0.00007244967404600821
L48T16beta4.405ms0.021032m0.000760,2998,3.271943755051002e-12,5.7896128601376065e-6,0.00008651339387633505,0.0000724518814563377
L48T16beta4.405ms0.021032m0.000760,2999,3.2718881975908913e-12,5.7895145527675496e-6,0.00008651192488273699,0.00007245065122659802
L48T16beta4.405ms0.021032m0.000760,3000,3.2719331008191285e-12,5.789594007772625e-6,0.0000865131121680211,0.00007245164553567324
L48T16beta4.405ms0.021032m0.000760,3001,3.2718463875019843e-12,5.789440570985911e-6,0.00008651081938308285,0.00007244972541007063
L48T16beta4.405ms0.021032m0.000760,3002,3.2717513070080987e-12,5.7892723287142345e-6,0.00008650830536180581,0.00007244762000692573
L48T16beta4.405ms0.021032m0.000760,3003,3.2715578490504595e-12,5.788930010275015e-6,0.00008650319014414294,0.00007244333619459186
L48T16beta4.405ms0.021032m0.000760,3004,3.2719566449204606e-12,5.789635668400697e-6,0.00008651373469709388,0.00007245216688156621
L48T16beta4.405ms0.021032m0.000760,3005,3.2710463921736454e-12,5.788025001652285e-6,0.00008648966672395386,0.00007243201081256113
L48T16beta4.405ms0.021032m0.000760,3006,3.2717848113963274e-12,5.789331613791082e-6,0.00008650919125060843,0.00007244836190719846
L48T16beta4.405ms0.021032m0.000760,3007,3.271812575124635e-12,5.789380740930938e-6,0.00008650992535074657,0.00007244897668987895
L48T16beta4.405ms0.021032m0.000760,3008,3.27194963899184e-12,5.789623271606169e-6,0.00008651354945348715,0.00007245201174665317
L48T16beta4.405ms0.021032m0.000760,3009,3.2717398964816825e-12,5.789252138107236e-6,0.00008650800365632426,0.00007244736733934672
L48T16beta4.405ms0.021032m0.000760,3010,3.2717798649621434e-12,5.789322861214294e-6,0.00008650906046204944,0.0000724482523764455
L48T16beta4.405ms0.021032m0.000760,3011,3.27163346319197e-12,5.7890638073812214e-6,0.00008650518945601893,0.00007244501054697295
L48T16beta4.405ms0.021032m0.000760,3012,3.2719314379081646e-12,5.789591065298236e-6,0.00008651306819902836,0.0000724516087132102
L48T16beta4.405ms0.021032m0.000760,3013,3.271939179246672e-12,5.789604763379967e-6,0.00008651327288759198,0.00007245178013258101
L48T16beta4.405ms0.021032m0.000760,3014,3.271810319793534e-12,5.789376750185704e-6,0.00008650986571758583,0.00007244892674923393
L48T16beta4.405ms0.021032m0.000760,3015,3.2718306445343918e-12,5.789412714245559e-6,0.0000865104031236181,0.00007244937680761679
L48T16beta4.405ms0.021032m0.000760,3016,3.271493296696019e-12,5.788815786691298e-6,0.00008650148331673897,0.00007244190678752321
L48T16beta4.405ms0.021032m0.000760,3017,3.271959452305285e-12,5.7896406359895375e-6,0.00008651380892709515,0.00007245222904654451
L48T16beta4.405ms0.021032m0.000760,3018,3.2718183660241977e-12,5.789390987765569e-6,0.00008651007846779632,0.00007244910491994645
L48T16beta4.405ms0.021032m0.000760,3019,3.2716982732429497e-12,5.789178486951749e-6,0.00008650690309717152,0.00007244644566031302
L48T16beta4.405ms0.021032m0.000760,3020,3.271954089872045e-12,5.789631147314067e-6,0.00008651366713911414,0.00007245211030416796
L48T16beta4.405ms0.021032m0.000760,3021,3.268697150317842e-12,5.783868083967213e-6,0.00008642755047098706,0.0000723799906663755
L48T16beta4.405ms0.021032m0.000760,3022,3.2717156808023372e-12,5.789209289140673e-6,0.0000865073633700718,0.00007244683112244916
L48T16beta4.405ms0.021032m0.000760,3023,3.2719206536699686e-12,5.789571982890707e-6,0.00008651278305322007,0.00007245136991376684
L48T16beta4.405ms0.021032m0.000760,3024,3.271919128613617e-12,5.789569284346194e-6,0.00008651274272923815,0.00007245133614387034
L48T16beta4.405ms0.021032m0.000760,3025,3.271806567622866e-12,5.789370110824768e-6,0.00008650976650652255,0.00007244884366350728
L48T16beta4.405ms0.021032m0.000760,3026,3.271773516913425e-12,5.789311628519832e-6,0.00008650889261343092,0.00007244811180921462
L48T16beta4.405ms0.021032m0.000760,3027,3.271868080796622e-12,5.78947895666336e-6,0.00008651139297501596,0.0000724502057728547
L48T16beta4.405ms0.021032m0.000760,3028,3.271773770202746e-12,5.789312076708193e-6,0.00008650889931064836,0.00007244811741789535
L48T16beta4.405ms0.021032m0.000760,3029,3.2716150811079418e-12,5.789031280798232e-6,0.00008650470341573375,0.00007244460350557106
L48T16beta4.405ms0.021032m0.000760,3030,3.271851628068359e-12,5.789449844021376e-6,0.00008651095794878472,0.00007244984145390334
L48T16beta4.405ms0.021032m0.000760,3031,3.2716653551338695e-12,5.789120239279438e-6,0.00008650603271016314,0.00007244571674224002
L48T16beta4.405ms0.021032m0.000760,3032,3.2664825812346427e-12,5.779949465982426e-6,0.00008636899509788034,0.00007233095263005682
L48T16beta4.405ms0.021032m0.000760,3033,3.2718638736501474e-12,5.789471512235474e-6,0.00008651128173394725,0.0000724501126124276
L48T16beta4.405ms0.021032m0.000760,3034,3.271913850327806e-12,5.7895599445672435e-6,0.00008651260316619749,0.00007245121926480197
L48T16beta4.405ms0.021032m0.000760,3035,3.271874329332204e-12,5.789490013272114e-6,0.00008651155819240977,0.00007245034413652875
L48T16beta4.405ms0.021032m0.000760,3036,3.2719505823218453e-12,5.7896249408022e-6,0.00008651357439605537,0.00007245203263516436
L48T16beta4.405ms0.021032m0.000760,3037,3.2676897932507325e-12,5.78208559384296e-6,0.0000864009149646198,0.000072357684379876
L48T16beta4.405ms0.021032m0.000760,3038,3.271936676740769e-12,5.789600335265842e-6,0.00008651320671888766,0.00007245172471865138
L48T16beta4.405ms0.021032m0.000760,3039,3.271947590786764e-12,5.789619647364637e-6,0.00008651349529694115,0.00007245196639247765
L48T16beta4.405ms0.021032m0.000760,3040,3.2719583944537782e-12,5.789638764150916e-6,0.0000865137809564664,0.00007245220562214063
L48T16beta4.405ms0.021032m0.000760,3041,3.2717654701268958e-12,5.7892973899563785e-6,0.0000865086798485228,0.00007244793362619334
L48T16beta4.405ms0.021032m0.000760,3042,3.2719036472203863e-12,5.789541890454351e-6,0.00008651233338605546,0.00007245099333355602
L48T16beta4.405ms0.021032m0.000760,3043,3.2718481357515177e-12,5.7894436644645095e-6,0.00008651086560851084,0.00007244976412221773
L48T16beta4.405ms0.021032m0.000760,3044,3.271947136803574e-12,5.789618844054094e-6,0.00008651348329318147,0.00007245195633975709
L48T16beta4.405ms0.021032m0.000760,3045,3.2719527462660324e-12,5.789628769840849e-6,0.00008651363161285668,0.00007245208055219456
L48T16beta4.405ms0.021032m0.000760,3046,3.2718148950287636e-12,5.7893848459363365e-6,0.00008650998669128133,0.00007244902806038881
L48T16beta4.405ms0.021032m0.000760,3047,3.2716821522471998e-12,5.789149961301157e-6,0.00008650647684227248,0.0000724460886870395
L48T16beta4.405ms0.021032m0.000760,3048,3.2712107624640106e-12,5.788315850278718e-6,0.00008649401283523708,0.00007243565052573593
L48T16beta4.405ms0.021032m0.000760,3049,3.2713232311811096e-12,5.7885148605245004e-6,0.00008649698661814706,0.00007243814096284882
L48T16beta4.405ms0.021032m0.000760,3050,3.271787299648254e-12,5.789336016683196e-6,0.00008650925704242366,0.00007244841700549694
L48T16beta4.405ms0.021032m0.000760,3051,3.2719507772320674e-12,5.789625285690381e-6,0.00008651357954967232,0.00007245203695113474
L48T16beta4.405ms0.021032m0.000760,3052,3.2719129420967283e-12,5.789558337477782e-6,0.00008651257915167927,0.00007245119915349955
L48T16beta4.405ms0.021032m0.000760,3053,3.2719529829852714e-12,5.789629188708914e-6,0.00008651363787194495,0.00007245208579395772
L48T16beta4.405ms0.021032m0.000760,3054,3.2717254494215597e-12,5.789226574438866e-6,0.00008650762166192084,0.0000724470474326595
L48T16beta4.405ms0.021032m0.000760,3055,3.271621288800654e-12,5.789042265136671e-6,0.00008650486755320217,0.00007244474096484612
L48T16beta4.405ms0.021032m0.000760,3056,3.2717936006072348e-12,5.789347166053685e-6,0.00008650942364594345,0.00007244855653000204
L48T16beta4.405ms0.021032m0.000760,3057,3.271914079106111e-12,5.789560349384049e-6,0.00008651260921531969,0.00007245122433072603
L48T16beta4.405ms0.021032m0.000760,3058,3.2719202329989962e-12,5.7895712385252e-6,0.00008651277193026801,0.00007245136059869125
L48T16beta4.405ms0.021032m0.000760,3059,3.271790992738374e-12,5.789342551502756e-6,0.00008650935469133944,0.00007244849878298079
L48T16beta4.405ms0.021032m0.000760,3060,3.2718722771566614e-12,5.789486382004952e-6,0.00008651150393088075,0.00007245029869443369
L48T16beta4.405ms0.021032m0.000760,3061,3.271716815892661e-12,5.789211297651219e-6,0.00008650739338297045,0.00007244685625718122
L48T16beta4.405ms0.021032m0.000760,3062,3.271945985765208e-12,5.789616807323934e-6,0.00008651345285860099,0.00007245193085188154
L48T16beta4.405ms0.021032m0.000760,3063,3.271793121239526e-12,5.789346317825947e-6,0.00008650941097099224,0.00007244854591518252
L48T16beta4.405ms0.021032m0.000760,3064,3.2706331722060553e-12,5.787293820489793e-6,0.00008647874078375134,0.00007242286072736757
L48T16beta4.405ms0.021032m0.000760,3065,3.271953436637589e-12,5.789629991433988e-6,0.00008651364986695604,0.00007245209583935165
L48T16beta4.405ms0.021032m0.000760,3066,3.271889903277019e-12,5.789517570931393e-6,0.00008651196998274691,0.00007245068899624763
L48T16beta4.405ms0.021032m0.000760,3067,3.2719323547816253e-12,5.789592687680152e-6,0.00008651309244205965,0.00007245162901588415
L48T16beta4.405ms0.021032m0.000760,3068,3.2719478950701154e-12,5.789620185785507e-6,0.00008651350334249064,0.00007245197313033837
L48T16beta4.405ms0.021032m0.000760,3069,3.271402268791565e-12,5.788654715363148e-6,0.0000864990764498912,0.00007243989112239066
L48T16beta4.405ms0.021032m0.000760,3070,3.2719494377421055e-12,5.789622915500399e-6,0.00008651354413224728,0.0000724520072903046
L48T16beta4.405ms0.021032m0.000760,3071,3.2713493569594556e-12,5.788561089357762e-6,0.00008649767740928578,0.00007243871947578711
L48T16beta4.405ms0.021032m0.000760,3072,3.271944282659884e-12,5.78961379372675e-6,0.00008651340782683005,0.00007245189313937965
L48T16beta4.405ms0.021032m0.000760,3073,3.271714934870713e-12,5.7892079692355505e-6,0.0000865073436469099,0.00007244681460500459
L48T16beta4.405ms0.021032m0.000760,3074,3.2713706778242943e-12,5.78859881603111e-6,0.00008649824115381064,0.00007243919159171802
L48T16beta4.405ms0.021032m0.000760,3075,3.2637442738659944e-12,5.775104107766209e-6,0.00008629659157212516,0.00007227031725985584
L48T16beta4.405ms0.021032m0.000760,3076,3.2707693542722572e-12,5.7875347908428396e-6,0.00008648234157081071,0.00007242587625809047
L48T16beta4.405ms0.021032m0.000760,3077,3.2716511340991947e-12,5.78909507555677e-6,0.00008650565669209367,0.00007244540184051933
L48T16beta4.405ms0.021032m0.000760,3078,3.2718509855012245e-12,5.789448707016823e-6,0.00008651094095868105,0.00007244982722529755
L48T16beta4.405ms0.021032m0.000760,3079,3.271898261162868e-12,5.789532359976382e-6,0.0000865121909734254,0.00007245087406805818
L48T16beta4.405ms0.021032m0.000760,3080,3.2678498921921727e-12,5.782368884437068e-6,0.00008640514813725874,0.0000723612295109647
L48T16beta4.405ms0.021032m0.000760,3081,3.271809458188973e-12,5.7893752256005585e-6,0.00008650984293591831,0.0000724489076704
L48T16beta4.405ms0.021032m0.000760,3082,3.2719480465963688e-12,5.78962045390697e-6,0.00008651350734899302,0.00007245197648564121
L48T16beta4.405ms0.021032m0.000760,3083,3.2719484949812003e-12,5.7896212473113745e-6,0.00008651351920472663,0.00007245198641439521
L48T16beta4.405ms0.021032m0.000760,3084,3.271248073550653e-12,5.788381871201821e-6,0.00008649499937686993,0.0000724364767191637
L48T16beta4.405ms0.021032m0.000760,3085,3.2719718276022283e-12,5.78966253373097e-6,0.00008651413614205327,0.00007245250307740024
L48T16beta4.405ms0.021032m0.000760,3086,3.2718863512972943e-12,5.789511285802726e-6,0.00008651187606492804,0.00007245061034342435
L48T16beta4.405ms0.021032m0.000760,3087,3.2719160154234285e-12,5.789563775643325e-6,0.00008651266041344389,0.00007245126720732883
L48T16beta4.405ms0.021032m0.000760,3088,3.2715273989571595e-12,5.788876129687523e-6,0.00008650238501388628,0.00007244266192672073
L48T16beta4.405ms0.021032m0.000760,3089,3.2718853425736983e-12,5.789509500894567e-6,0.0000865118493932893,0.00007245058800687828
L48T16beta4.405ms0.021032m0.000760,3090,3.2717244707146938e-12,5.789224842644471e-6,0.00008650759578395382,0.0000724470257607852
L48T16beta4.405ms0.021032m0.000760,3091,3.2719000634107516e-12,5.789535549003549e-6,0.00008651223862662261,0.00007245091397591105
L48T16beta4.405ms0.021032m0.000760,3092,3.2719317765889946e-12,5.789591664584481e-6,0.00008651307715408084,0.00007245161621274723
L48T16beta4.405ms0.021032m0.000760,3093,3.271277980298787e-12,5.7884347903552555e-6,0.00008649579014054882,0.0000724371389555384
L48T16beta4.405ms0.021032m0.000760,3094,3.271839498596259e-12,5.78942838126012e-6,0.00008651063723367595,0.00007244957286643959
L48T16beta4.405ms0.021032m0.000760,3095,3.2695175492272774e-12,5.785319756866289e-6,0.00008644924262076137,0.00007239815706805693
L48T16beta4.405ms0.021032m0.000760,3096,3.2718774071058273e-12,5.7894954593063624e-6,0.0000865116395717554,0.00007245041228882794
L48T16beta4.405ms0.021032m0.000760,3097,3.2717466097868897e-12,5.789264017112827e-6,0.00008650818116268168,0.00007244751599458943
L48T16beta4.405ms0.021032m0.000760,3098,3.2717216282044717e-12,5.789219812902223e-6,0.00008650752062520267,0.00007244696281801201
L48T16beta4.405ms0.021032m0.000760,3099,3.271838555822119e-12,5.789426713047677e-6,0.00008651061230580535,0.00007244955199023714
L48T16beta4.405ms0.021032m0.000760,3100,3.2719118966198434e-12,5.7895564875357075e-6,0.00008651255150824761,0.00007245117600311157
L48T16beta4.405ms0.021032m0.000760,3101,3.2718868915057913e-12,5.7895122416865355e-6,0.00008651189034856919,0.00007245062230546432
L48T16beta4.405ms0.021032m0.000760,3102,3.2719543048860647e-12,5.789631527775355e-6,0.00008651367282429516,0.00007245211506530428
L48T16beta4.405ms0.021032m0.000760,3103,3.27194558199519e-12,5.789616092864193e-6,0.00008651344218252671,0.00007245192191105015
L48T16beta4.405ms0.021032m0.000760,3104,3.2719369588027403e-12,5.7896008343666025e-6,0.00008651321417688212,0.00007245173096445571
L48T16beta4.405ms0.021032m0.000760,3105,3.2719483778788954e-12,5.789621040102125e-6,0.00008651351610842713,0.00007245198382135483
L48T16beta4.405ms0.021032m0.000760,3106,3.2717534524631448e-12,5.789276125036866e-6,0.00008650836208973616,0.00007244766751454393
L48T16beta4.405ms0.021032m0.000760,3107,3.2718507802280837e-12,5.789448343791748e-6,0.00008651093553105838,0.00007244982267985716
L48T16beta4.405ms0.021032m0.000760,3108,3.2716331629717297e-12,5.7890632761499125e-6,0.00008650518151790208,0.00007244500389908323
L48T16beta4.405ms0.021032m0.000760,3109,3.2711570996577842e-12,5.788220895445659e-6,0.00008649259393814132,0.00007243446225002999
L48T16beta4.405ms0.021032m0.000760,3110,3.2708873739800715e-12,5.787743623411265e-6,0.00008648546212734583,0.00007242848961287901
L48T16beta4.405ms0.021032m0.000760,3111,3.2716816096431877e-12,5.789149001178551e-6,0.00008650646249529156,0.00007244607667195473
L48T16beta4.405ms0.021032m0.000760,3112,3.2716423737138773e-12,5.789079574300242e-6,0.00008650542505893548,0.00007244520785601165
L48T16beta4.405ms0.021032m0.000760,3113,3.2716679281552654e-12,5.789124792168754e-6,0.00008650610074336607,0.00007244577371762075
L48T16beta4.405ms0.021032m0.000760,3114,3.2710560831437694e-12,5.788042149552572e-6,0.00008648992296268476,0.00007243222540335828
L48T16beta4.405ms0.021032m0.000760,3115,3.271806456158624e-12,5.789369913591913e-6,0.00008650976355929897,0.00007244884119531265
L48T16beta4.405ms0.021032m0.000760,3116,3.2714489565594033e-12,5.7887373280610804e-6,0.0000865003109201482,0.0000724409249471976
L48T16beta4.405ms0.021032m0.000760,3117,3.271763755798385e-12,5.78929435650008e-6,0.00008650863451999982,0.00007244789566517222
L48T16beta4.405ms0.021032m0.000760,3118,3.271870864490994e-12,5.789483882332608e-6,0.00008651146657861847,0.00007245026741324639
L48T16beta4.405ms0.021032m0.000760,3119,3.2719557099284357e-12,5.789634013958489e-6,0.00008651370997499002,0.00007245214617768606
L48T16beta4.405ms0.021032m0.000760,3120,3.269254268768844e-12,5.784853889466944e-6,0.00008644228122786909,0.0000723923271498211
L48T16beta4.405ms0.021032m0.000760,3121,3.271513778614428e-12,5.788852028872429e-6,0.00008650202487869948,0.00007244236032634773
L48T16beta4.405ms0.021032m0.000760,3122,3.2718347589704633e-12,5.789419994624984e-6,0.00008651051191333306,0.00007244946791512257
L48T16beta4.405ms0.021032m0.000760,3123,3.271814252474864e-12,5.789383708955202e-6,0.0000865099697015276,0.00007244901383207608
L48T16beta4.405ms0.021032m0.000760,3124,3.2717813907331792e-12,5.78932556102342e-6,0.0000865091008049283,0.00007244828616216752
L48T16beta4.405ms0.021032m0.000760,3125,3.2719359840531065e-12,5.789599109574418e-6,0.0000865131884035482,0.0000724517093802079
L48T16beta4.405ms0.021032m0.000760,3126,3.265470413814486e-12,5.7781584640731465e-6,0.00008634223240107249,0.00007230853982610018
L48T16beta4.405ms0.021032m0.000760,3127,3.2718603837949954e-12,5.789465337034498e-6,0.00008651118945876285,0.00007245003533525211
L48T16beta4.405ms0.021032m0.000760,3128,3.271949654701654e-12,5.789623299404245e-6,0.00008651354986887,0.0000724520120945215
L48T16beta4.405ms0.021032m0.000760,3129,3.2719591551555393e-12,5.7896401101913825e-6,0.00008651380107016516,0.0000724522224666459
L48T16beta4.405ms0.021032m0.000760,3130,3.271662979391741e-12,5.7891160354702625e-6,0.00008650596989321704,0.00007244566413528832
L48T16beta4.405ms0.021032m0.000760,3131,3.271961324790729e-12,5.789643949300101e-6,0.00008651385843744217,0.00007245227050969412
L48T16beta4.405ms0.021032m0.000760,3132,3.269550425871448e-12,5.785377931167603e-6,0.00008645011191139697,0.00007239888506795682
L48T16beta4.405ms0.021032m0.000760,3133,3.271904024494155e-12,5.789542558029721e-6,0.00008651234336154299,0.000072451001687671
L48T16beta4.405ms0.021032m0.000760,3134,3.2719444797670977e-12,5.789614142502446e-6,0.0000865134130385376,0.00007245189750399883
L48T16beta4.405ms0.021032m0.000760,3135,3.271936254931596e-12,5.789599588886321e-6,0.00008651319556584046,0.00007245171537837218
L48T16beta4.405ms0.021032m0.000760,3136,3.2663325393668482e-12,5.779683971098536e-6,0.0000863650278441076,0.00007232763019653328
L48T16beta4.405ms0.021032m0.000760,3137,3.271929719595952e-12,5.789588024792888e-6,0.00008651302276517241,0.00007245157066397646
L48T16beta4.405ms0.021032m0.000760,3138,3.2719395720052617e-12,5.7896054583552944e-6,0.00008651328327251333,0.00007245178882958224
L48T16beta4.405ms0.021032m0.000760,3139,3.2718747885696453e-12,5.7894908258799074e-6,0.000086511570335097,0.00007245035430559619
L48T16beta4.405ms0.021032m0.000760,3140,3.2719560808229875e-12,5.789634670246013e-6,0.00008651371978180483,0.00007245215439054366
L48T16beta4.405ms0.021032m0.000760,3141,3.271942830871882e-12,5.789611224828531e-6,0.00008651336944013497,0.00007245186099189177
L48T16beta4.405ms0.021032m0.000760,3142,3.271570350184735e-12,5.788952130682083e-6,0.00008650352068636323,0.00007244361301191098
L48T16beta4.405ms0.021032m0.000760,3143,3.271912456588031e-12,5.789557478383736e-6,0.00008651256631435431,0.0000724511884026978
L48T16beta4.405ms0.021032m0.000760,3144,3.2719488290562887e-12,5.789621838447889e-6,0.0000865135280379988,0.00007245199381194557
L48T16beta4.405ms0.021032m0.000760,3145,3.271574331941036e-12,5.788959176288369e-6,0.00008650362596789524,0.00007244370118143866
L48T16beta4.405ms0.021032m0.000760,3146,3.271650169156614e-12,5.7890933681178924e-6,0.00008650563117806785,0.00007244538047343278
L48T16beta4.405ms0.021032m0.000760,3147,3.2715668466579417e-12,5.788945931289521e-6,0.00008650342804968726,0.00007244353543199918
L48T16beta4.405ms0.021032m0.000760,3148,3.271962242974444e-12,5.789645574000475e-6,0.00008651388271511785,0.00007245229084138153
L48T16beta4.405ms0.021032m0.000760,3149,3.271951898743394e-12,5.789627270173271e-6,0.00008651360920352899,0.00007245206178518195
L48T16beta4.405ms0.021032m0.000760,3150,3.269927333099838e-12,5.786044857954836e-6,0.00008646007770724973,0.00007240723106650561
L48T16beta4.405ms0.021032m0.000760,3151,3.271880476065014e-12,5.789500889743712e-6,0.00008651172071803871,0.00007245048024594574
L48T16beta4.405ms0.021032m0.000760,3152,3.271826823515827e-12,5.789405953060198e-6,0.0000865103020921491,0.00007244929219736529
L48T16beta4.405ms0.021032m0.000760,3153,3.271905355910834e-12,5.789544913934255e-6,0.00008651237856550253,0.00007245103116973139
L48T16beta4.405ms0.021032m0.000760,3154,3.271716621948586e-12,5.789210954472608e-6,0.00008650738825489936,0.0000724468519626046
L48T16beta4.405ms0.021032m0.000760,3155,3.2719325988859328e-12,5.789593119615889e-6,0.00008651309889641637,0.00007245163442117768
L48T16beta4.405ms0.021032m0.000760,3156,3.2719890054171637e-12,5.7896929293935195e-6,0.00008651459034028548,0.00007245288345221856
L48T16beta4.405ms0.021032m0.000760,3157,3.2711733021804553e-12,5.788249565355855e-6,0.00008649302234869192,0.00007243482102858482
L48T16beta4.405ms0.021032m0.000760,3158,3.271798426537747e-12,5.7893557054026e-6,0.00008650955124826747,0.00007244866339239686
L48T16beta4.405ms0.021032m0.000760,3159,3.2713468149341716e-12,5.7885565913151985e-6,0.00008649761019565036,0.00007243866318676494
L48T16beta4.405ms0.021032m0.000760,3160,3.271166477093369e-12,5.7882374885553575e-6,0.00008649284188671227,0.00007243466989811389
L48T16beta4.405ms0.021032m0.000760,3161,3.2717960774506866e-12,5.789351548758821e-6,0.00008650948913610744,0.00007244861137567836
L48T16beta4.405ms0.021032m0.000760,3162,3.2709377551953717e-12,5.787832771561065e-6,0.00008648679425596708,0.00007242960522308255
L48T16beta4.405ms0.021032m0.000760,3163,3.2718466554290934e-12,5.789441045075429e-6,0.00008651082646733772,0.0000724497313428814
L48T16beta4.405ms0.021032m0.000760,3164,3.2703198783960838e-12,5.786739455865275e-6,0.00008647045698891554,0.00007241592334467388
L48T16beta4.405ms0.021032m0.000760,3165,3.2717603118683005e-12,5.7892882625622255e-6,0.00008650854345911914,0.00007244781940493277
L48T16beta4.405ms0.021032m0.000760,3166,3.271885936529083e-12,5.789510551881989e-6,0.00008651186509805074,0.0000724506011590558
L48T16beta4.405ms0.021032m0.000760,3167,3.271650940962448e-12,5.7890947338067045e-6,0.00008650565158536916,0.0000724453975638197
L48T16beta4.405ms0.021032m0.000760,3168,3.2715283425915674e-12,5.788877799422186e-6,0.0000865024099645032,0.00007244268282197242
L48T16beta4.405ms0.021032m0.000760,3169,3.271458019785469e-12,5.788753365185834e-6,0.00008650055056071208,0.00007244112563762191
L48T16beta4.405ms0.021032m0.000760,3170,3.271648236995052e-12,5.789089949212109e-6,0.00008650558008982588,0.00007244533768885244
L48T16beta4.405ms0.021032m0.000760,3171,3.2717088522741794e-12,5.789197206251297e-6,0.00008650718281710685,0.0000724466799157813
L48T16beta4.405ms0.021032m0.000760,3172,3.271594647443941e-12,5.788995124001925e-6,0.00008650416312966703,0.00007244415103526208
L48T16beta4.405ms0.021032m0.000760,3173,3.2714854037121442e-12,5.788801820277335e-6,0.0000865012746185235,0.00007244173201021197
L48T16beta4.405ms0.021032m0.000760,3174,3.2714939076052973e-12,5.788816867678161e-6,0.00008650149946977796,0.0000724419203151172
L48T16beta4.405ms0.021032m0.000760,3175,3.2598409598698517e-12,5.768197302942826e-6,0.00008619338413139518,0.00007218388470963282
L48T16beta4.405ms0.021032m0.000760,3176,3.271885957784316e-12,5.789510589492529e-6,0.00008651186566005991,0.00007245060162971843
L48T16beta4.405ms0.021032m0.000760,3177,3.271275850950602e-12,5.788431022533264e-6,0.00008649573383849963,0.00007243709180458048
L48T16beta4.405ms0.021032m0.000760,3178,3.2717114412700873e-12,5.789201787407064e-6,0.00008650725127269151,0.00007244673724489166
L48T16beta4.405ms0.021032m0.000760,3179,3.271902673225141e-12,5.789540166997037e-6,0.0000865123076326683,0.00007245097176601289
L48T16beta4.405ms0.021032m0.000760,3180,3.2719420866872634e-12,5.789609908014685e-6,0.0000865133497631656,0.0000724518445131318
L48T16beta4.405ms0.021032m0.000760,3181,3.2718717582166323e-12,5.789485463755101e-6,0.00008651149020959869,0.0000724502872033494
L48T16beta4.405ms0.021032m0.000760,3182,3.2719367079089344e-12,5.789600390417038e-6,0.00008651320754300445,0.00007245172540881979
L48T16beta4.405ms0.021032m0.000760,3183,3.271823413877342e-12,5.7893999198003684e-6,0.00008651021193797186,0.00007244921669645762
L48T16beta4.405ms0.021032m0.000760,3184,3.2714205829409037e-12,5.788687121737607e-6,0.00008649956069391674,0.00007244029665948916
L48T16beta4.405ms0.021032m0.000760,3185,3.271928672094129e-12,5.789586171267742e-6,0.00008651299506819943,0.00007245154746874952
L48T16beta4.405ms0.021032m0.000760,3186,3.271675760867452e-12,5.789138651933652e-6,0.00008650630784793916,0.00007244594716031333
L48T16beta4.405ms0.021032m0.000760,3187,3.2718448264467323e-12,5.789437808742352e-6,0.00008651077810725477,0.00007244969084303692
L48T16beta4.405ms0.021032m0.000760,3188,3.2719574005664938e-12,5.789637005495195e-6,0.00008651375467711426,0.0000724521836141206
L48T16beta4.405ms0.021032m0.000760,3189,3.2718873026741127e-12,5.789512969237368e-6,0.00008651190122026187,0.00007245063141011915
L48T16beta4.405ms0.021032m0.000760,3190,3.2713622457304184e-12,5.788583895677095e-6,0.00008649801820099931,0.00007243900487669122
L48T16beta4.405ms0.021032m0.000760,3191,3.2717797684136223e-12,5.789322690374389e-6,0.00008650905790921207,0.00007244825023853528
L48T16beta4.405ms0.021032m0.000760,3192,3.271525174555996e-12,5.788872193671947e-6,0.00008650232619854336,0.00007244261267096897
L48T16beta4.405ms0.021032m0.000760,3193,3.2719450544392477e-12,5.7896151593687245e-6,0.00008651342823343147,0.00007245191022918044
L48T16beta4.405ms0.021032m0.000760,3194,3.2718026148377386e-12,5.789363116482163e-6,0.00008650966199101671,0.00007244875613549918
L48T16beta4.405ms0.021032m0.000760,3195,3.271958665054335e-12,5.7896392429710244e-6,0.00008651378811140985,0.00007245221161415056
L48T16beta4.405ms0.021032m0.000760,3196,3.271582804996896e-12,5.7889741691234675e-6,0.0000865038500037815,0.00007244388880350208
L48T16beta4.405ms0.021032m0.000760,3197,3.2717447764634847e-12,5.789260773098395e-6,0.00008650813268781728,0.00007244747539861959
L48T16beta4.405ms0.021032m0.000760,3198,3.271936618599898e-12,5.789600232387199e-6,0.00008651320518158615,0.0000724517234312162
L48T16beta4.405ms0.021032m0.000760,3199,3.2717665379839793e-12,5.789299279499588e-6,0.00008650870808370878,0.00007244795727215447
L48T16beta4.405ms0.021032m0.000760,3200,3.2716275190588533e-12,5.789053289404107e-6,0.0000865050322873241,0.0000724448789237972
L48T16beta4.405ms0.021032m0.000760,3201,3.271750185959993e-12,5.789270345051001e-6,0.00008650827572019714,0.00007244759518313579
L48T16beta4.405ms0.021032m0.000760,3202,3.2719529665210684e-12,5.789629159575968e-6,0.00008651363743661531,0.00007245208542938467
L48T16beta4.405ms0.021032m0.000760,3203,3.271863922936877e-12,5.789471599446962e-6,0.00008651128303713659,0.00007245011370380219
L48T16beta4.405ms0.021032m0.000760,3204,3.2714622109971364e-12,5.788760781417525e-6,0.00008650066138044889,0.00007244121844519857
L48T16beta4.405ms0.021032m0.000760,3205,3.271759592075584e-12,5.7892869889091675e-6,0.00008650852442709552,0.00007244780346629185
L48T16beta4.405ms0.021032m0.000760,3206,3.2719196109724105e-12,5.789570137866573e-6,0.00008651275548327657,0.00007245134682492257
L48T16beta4.405ms0.021032m0.000760,3207,3.2716684796266537e-12,5.789125767981934e-6,0.0000865061153248091,0.00007244578592905917
L48T16beta4.405ms0.021032m0.000760,3208,3.2711970058813235e-12,5.788291508390837e-6,0.00008649364909773257,0.00007243534590855035
L48T16beta4.405ms0.021032m0.000760,3209,3.27169532114784e-12,5.789173263302111e-6,0.00008650682504088875,0.00007244638029096044
L48T16beta4.405ms0.021032m0.000760,3210,3.2719555218606516e-12,5.789633681177811e-6,0.00008651370500229384,0.00007245214201323039
L48T16beta4.405ms0.021032m0.000760,3211,3.2719373094611456e-12,5.789601454846832e-6,0.0000865132234486334,0.0000724517387292167
L48T16beta4.405ms0.021032m0.000760,3212,3.2719040578328424e-12,5.789542617021595e-6,0.0000865123442430505,0.0000724510024259021
L48T16beta4.405ms0.021032m0.000760,3213,3.271893920992516e-12,5.789524680166469e-6,0.00008651207621507524,0.00007245077796203332
L48T16beta4.405ms0.021032m0.000760,3214,3.2717313060720548e-12,5.789236937617931e-6,0.00008650777651748957,0.00007244717711867466
L48T16beta4.405ms0.021032m0.000760,3215,3.2713170250104098e-12,5.78850387887922e-6,0.00008649682252092216,0.00007243800353727627
L48T16beta4.405ms0.021032m0.000760,3216,3.2714510163317728e-12,5.788740972770615e-6,0.00008650036538254477,0.00007244097055751205
L48T16beta4.405ms0.021032m0.000760,3217,3.271736218479337e-12,5.7892456299850695e-6,0.000086507906406344,0.00007244728589595713
L48T16beta4.405ms0.021032m0.000760,3218,3.2718335840166514e-12,5.789417915577112e-6,0.0000865104808464048,0.0000724494418976783
L48T16beta4.405ms0.021032m0.000760,3219,3.271639094796399e-12,5.7890737723475735e-6,0.00008650533836114952,0.00007244513524970841
L48T16beta4.405ms0.021032m0.000760,3220,3.2717997814198858e-12,5.789358102828608e-6,0.00008650958707267671,0.00007244869339406175
L48T16beta4.405ms0.021032m0.000760,3221,3.2719018706746585e-12,5.789538746906429e-6,0.00008651228641244839,0.00007245095399483564
L48T16beta4.405ms0.021032m0.000760,3222,3.2718794165591458e-12,5.789499014977745e-6,0.00008651169270366702,0.00007245045678490871
L48T16beta4.405ms0.021032m0.000760,3223,3.2716035703007655e-12,5.789010912747236e-6,0.00008650439905873083,0.00007244434861743748
L48T16beta4.405ms0.021032m0.000760,3224,3.2715737871003277e-12,5.788958212207991e-6,0.0000865036115617739,0.0000724436891168259
L48T16beta4.405ms0.021032m0.000760,3225,3.2717750404345294e-12,5.789314324347768e-6,0.0000865089328968194,0.00007244814554511557
L48T16beta4.405ms0.021032m0.000760,3226,3.2712620973325303e-12,5.788406685891187e-6,0.00008649537017938243,0.00007243678725304148
L48T16beta4.405ms0.021032m0.000760,3227,3.270972674883011e-12,5.787894560970591e-6,0.00008648771756667073,0.00007243037846286255
L48T16beta4.405ms0.021032m0.000760,3228,3.27137747660042e-12,5.788610846275098e-6,0.00008649842092010274,0.00007243934213957544
L48T16beta4.405ms0.021032m0.000760,3229,3.271253032465338e-12,5.788390645862507e-6,0.00008649513049542559,0.0000724365865262771
L48T16beta4.405ms0.021032m0.000760,3230,3.271663522816316e-12,5.7891169970448325e-6,0.00008650598426189445,0.00007244567616854314
L48T16beta4.405ms0.021032m0.000760,3231,3.271576900661093e-12,5.788963721566585e-6,0.00008650369388736656,0.00007244375806157321
L48T16beta4.405ms0.021032m0.000760,3232,3.271722644088143e-12,5.789221610479935e-6,0.00008650754748616081,0.00007244698531310632
L48T16beta4.405ms0.021032m0.000760,3233,3.271304888417939e-12,5.7884824035186674e-6,0.00008649650161754383,0.00007243773479214347
L48T16beta4.405ms0.021032m0.000760,3234,3.2710298457555977e-12,5.787995723228849e-6,0.00008648922922047307,0.00007243164441900163
L48T16beta4.405ms0.021032m0.000760,3235,3.271557500946388e-12,5.788929394314607e-6,0.00008650318093993073,0.00007244332848639244
L48T16beta4.405ms0.021032m0.000760,3236,3.271850237332904e-12,5.789447383153928e-6,0.00008651092117637872,0.00007244981065832497
L48T16beta4.405ms0.021032m0.000760,3237,3.2717160575202405e-12,5.789209955732455e-6,0.00008650737333086171,0.00007244683946425541
L48T16beta4.405ms0.021032m0.000760,3238,3.2713430838996227e-12,5.788549989354033e-6,0.00008649751154344676,0.00007243858056906332
L48T16beta4.405ms0.021032m0.000760,3239,3.2716693279433852e-12,5.789127269054638e-6,0.00008650613775513339,0.00007244580471365567
L48T16beta4.405ms0.021032m0.000760,3240,3.2715864865594268e-12,5.788980683545282e-6,0.00008650394734789654,0.00007244397032572619
L48T16beta4.405ms0.021032m0.000760,3241,3.2717940154548556e-12,5.789347900114934e-6,0.00008650943461492038,0.00007244856571612897
L48T16beta4.405ms0.021032m0.000760,3242,3.2642359056587453e-12,5.775974036457791e-6,0.00008630959079769643,0.00007228120364759206
L48T16beta4.405ms0.021032m0.000760,3243,3.2716950230187124e-12,5.789172735770967e-6,0.00008650681715806294,0.00007244637368937501
L48T16beta4.405ms0.021032m0.000760,3244,3.271905200387644e-12,5.789544638740325e-6,0.00008651237445331723,0.00007245102772592289
L48T16beta4.405ms0.021032m0.000760,3245,3.271800949835662e-12,5.789360170307609e-6,0.00008650961796673291,0.00007244871926673184
L48T16beta4.405ms0.021032m0.000760,3246,3.271684804400002e-12,5.78915465421128e-6,0.0000865065469677872,0.00007244614741465671
L48T16beta4.405ms0.021032m0.000760,3247,3.2718309909311625e-12,5.789413327184946e-6,0.00008651041228268761,0.00007244938447801081
L48T16beta4.405ms0.021032m0.000760,3248,3.271823652039184e-12,5.789400341221079e-6,0.00008651021823520395,0.00007244922197016487
L48T16beta4.405ms0.021032m0.000760,3249,3.271956185352147e-12,5.7896348552074345e-6,0.00008651372254565807,0.00007245215670517217
L48T16beta4.405ms0.021032m0.000760,3250,3.2719256547510125e-12,5.789580832163584e-6,0.00008651291528669552,0.00007245148065458578
L48T16beta4.405ms0.021032m0.000760,3251,3.2719444951725094e-12,5.7896141697618905e-6,0.00008651341344587177,0.00007245189784512666
L48T16beta4.405ms0.021032m0.000760,3252,3.2719508606515778e-12,5.789625433298869e-6,0.00008651358175536578,0.00007245203879832433
L48T16beta4.405ms0.021032m0.000760,3253,3.2719602293256653e-12,5.789642010905344e-6,0.00008651382947227417,0.00007245224625239909
L48T16beta4.405ms0.021032m0.000760,3254,3.271810414078889e-12,5.789376917021e-6,0.00008650986821058285,0.00007244892883703002
L48T16beta4.405ms0.021032m0.000760,3255,3.271914349230212e-12,5.7895608273610816e-6,0.00008651261635766518,0.00007245123031218562
L48T16beta4.405ms0.021032m0.000760,3256,3.2719665118616794e-12,5.7896531276769095e-6,0.00008651399558867269,0.00007245238536895752
L48T16beta4.405ms0.021032m0.000760,3257,3.269163607523777e-12,5.784693466932313e-6,0.00008643988405585423,0.0000723903196037653
L48T16beta4.405ms0.021032m0.000760,3258,3.2719092500918695e-12,5.7895518045785604e-6,0.00008651248153145885,0.00007245111740004704
L48T16beta4.405ms0.021032m0.000760,3259,3.271475020623458e-12,5.788783447692632e-6,0.0000865010000795007,0.00007244150209357313
L48T16beta4.405ms0.021032m0.000760,3260,3.271200763888578e-12,5.78829815807945e-6,0.0000864937484631209,0.00007243542912351872
L48T16beta4.405ms0.021032m0.000760,3261,3.2694765601118197e-12,5.785247227774182e-6,0.00008644815882844838,0.00007239724943065345
L48T16beta4.405ms0.021032m0.000760,3262,3.2698469215490026e-12,5.785902571967157e-6,0.00008645795154717778,0.00007240545048328504
L48T16beta4.405ms0.021032m0.000760,3263,3.2712331984212545e-12,5.788355550076854e-6,0.00008649460606389605,0.00007243614733357748
L48T16beta4.405ms0.021032m0.000760,3264,3.2686057697035748e-12,5.783706388528924e-6,0.00008642513427814678,0.00007237796719105686
L48T16beta4.405ms0.021032m0.000760,3265,3.262916025489002e-12,5.773638545454075e-6,0.0000862746918747494,0.00007225197704446137
L48T16beta4.405ms0.021032m0.000760,3266,3.2436617175684217e-12,5.73956858670923e-6,0.00008576558913654433,0.00007182562166080534
L48T16beta4.405ms0.021032m0.000760,3267,3.264321480484199e-12,5.7761254587153366e-6,0.0000863118534798006,0.00007228309856314488
L48T16beta4.405ms0.021032m0.000760,3268,3.2700788801451796e-12,5.786313016208251e-6,0.00008646408475938934,0.0000724105868297418
L48T16beta4.405ms0.021032m0.000760,3269,3.2708725512343668e-12,5.7877173949777774e-6,0.00008648507019944807,0.00007242816138724462
L48T16beta4.405ms0.021032m0.000760,3270,3.270228445609881e-12,5.786577668110207e-6,0.00008646803941659824,0.00007241389871409244
L48T16beta4.405ms0.021032m0.000760,3271,3.269901878078942e-12,5.785999816008101e-6,0.0000864594046515942,0.00007240666740640186
L48T16beta4.405ms0.021032m0.000760,3272,3.2716927722139436e-12,5.789168753034951e-6,0.00008650675764458284,0.00007244632384895826
L48T16beta4.405ms0.021032m0.000760,3273,3.271688737637197e-12,5.7891616139643665e-6,0.00008650665096642658,0.00007244623450980759
L48T16beta4.405ms0.021032m0.000760,3274,3.27158034126922e-12,5.788969809626329e-6,0.00008650378486041144,0.00007244383424825331
L48T16beta4.405ms0.021032m0.000760,3275,3.2704665005139376e-12,5.786998899597398e-6,0.00008647433382115427,0.000072419170053388
L48T16beta4.405ms0.021032m0.000760,3276,3.2718542338461074e-12,5.789454454872139e-6,0.00008651102684809765,0.00007244989915462029
L48T16beta4.405ms0.021032m0.000760,3277,3.27019576178482e-12,5.786519834996909e-6,0.00008646717522428855,0.00007241317498385865
L48T16beta4.405ms0.021032m0.000760,3278,3.271543277383849e-12,5.788904226118954e-6,0.00008650280485502207,0.00007244301352869631
L48T16beta4.405ms0.021032m0.000760,3279,3.271095449701442e-12,5.78811180757411e-6,0.00008649096385298253,0.00007243309711185431
L48T16beta4.405ms0.021032m0.000760,3280,3.2719566349281188e-12,5.789635650719528e-6,0.0000865137344328866,0.00007245216666030203
L48T16beta4.405ms0.021032m0.000760,3281,3.2717154361289295e-12,5.789208856197929e-6,0.00008650735690066752,0.00007244682570455383
L48T16beta4.405ms0.021032m0.000760,3282,3.271787838559732e-12,5.789336970271966e-6,0.00008650927129177036,0.00007244842893881652
L48T16beta4.405ms0.021032m0.000760,3283,3.2715112463564927e-12,5.788847548112916e-6,0.00008650195792332232,0.00007244230425360765
L48T16beta4.405ms0.021032m0.000760,3284,3.2701858585270635e-12,5.7865023114596e-6,0.00008646691337246496,0.00007241295569229659
L48T16beta4.405ms0.021032m0.000760,3285,3.271396746705849e-12,5.788644944187092e-6,0.00008649893044054254,0.00007243976884476928
L48T16beta4.405ms0.021032m0.000760,3286,3.2718126401741185e-12,5.789380856034178e-6,0.00008650992707071854,0.00007244897813029412
L48T16beta4.405ms0.021032m0.000760,3287,3.2719666227303512e-12,5.78965332385592e-6,0.00008651399852014884,0.00007245238782396423
L48T16beta4.405ms0.021032m0.000760,3288,3.2717556990856885e-12,5.789280100372551e-6,0.00008650842149263411,0.00007244771726235207
L48T16beta4.405ms0.021032m0.000760,3289,3.271229352163755e-12,5.788348744231904e-6,0.00008649450436508492,0.00007243606216445073
L48T16beta4.405ms0.021032m0.000760,3290,3.2719308263371417e-12,5.789589983140435e-6,0.00008651305202849221,0.00007245159517096297
L48T16beta4.405ms0.021032m0.000760,3291,3.271904168952977e-12,5.789542813645562e-6,0.00008651234718117557,0.00007245100488647705
L48T16beta4.405ms0.021032m0.000760,3292,3.2718949891937066e-12,5.789526570318566e-6,0.00008651210445935976,0.00007245080161561414
L48T16beta4.405ms0.021032m0.000760,3293,3.2719594854057445e-12,5.7896406945598736e-6,0.00008651380980230368,0.00007245222977950043
L48T16beta4.405ms0.021032m0.000760,3294,3.271770625381171e-12,5.789306512034471e-6,0.0000865088161584893,0.00007244804778092815
L48T16beta4.405ms0.021032m0.000760,3295,3.2718474302127773e-12,5.7894424160334634e-6,0.00008651084695337631,0.00007244974849920798
L48T16beta4.405ms0.021032m0.000760,3296,3.2709901553401715e-12,5.787925492150084e-6,0.00008648817976705945,0.00007243076553920151
L48T16beta4.405ms0.021032m0.000760,3297,3.271270661312083e-12,5.788421839613214e-6,0.0000864955966193801,0.00007243697688846245
L48T16beta4.405ms0.021032m0.000760,3298,3.2713101694963116e-12,5.7884917482389775e-6,0.00008649664125442256,0.00007243785173304859
L48T16beta4.405ms0.021032m0.000760,3299,3.271929711297676e-12,5.789588010109321e-6,0.00008651302254575788,0.00007245157048022461
L48T16beta4.405ms0.021032m0.000760,3300,3.2713505508920995e-12,5.788563201988145e-6,0.00008649770897803292,0.00007243874591348679
L48T16beta4.405ms0.021032m0.000760,3301,3.271873340103601e-12,5.789488262859799e-6,0.00008651153203623772,0.00007245032223166764
L48T16beta4.405ms0.021032m0.000760,3302,3.2715033691618415e-12,5.788833609637542e-6,0.00008650174964258935,0.00007244212982592312
L48T16beta4.405ms0.021032m0.000760,3303,3.271441543922619e-12,5.788724211607844e-6,0.00008650011492277975,0.0000724407608063927
L48T16beta4.405ms0.021032m0.000760,3304,3.2660722112285177e-12,5.779223327746948e-6,0.00008635814451344712,0.00007232186565263214
L48T16beta4.405ms0.021032m0.000760,3305,3.271946417646132e-12,5.789617571525137e-6,0.00008651346427795514,0.00007245194041518332
L48T16beta4.405ms0.021032m0.000760,3306,3.271654766705868e-12,5.789101503352566e-6,0.00008650575274176796,0.00007244548227869548
L48T16beta4.405ms0.021032m0.000760,3307,3.2717700659159093e-12,5.789305522076356e-6,0.00008650880136568044,0.00007244803539247839
L48T16beta4.405ms0.021032m0.000760,3308,3.2717670494727655e-12,5.789300184564673e-6,0.0000865087216079727,0.0000724479685982431
L48T16beta4.405ms0.021032m0.000760,3309,3.271841979979278e-12,5.789432771997893e-6,0.00008651070284387054,0.00007244962781263726
L48T16beta4.405ms0.021032m0.000760,3310,3.2715497574505935e-12,5.7889156924156165e-6,0.00008650297619432634,0.000072443157019252
L48T16beta4.405ms0.021032m0.000760,3311,3.2715550872598303e-12,5.788925123363826e-6,0.0000865031171196968,0.00007244327503922298
L48T16beta4.405ms0.021032m0.000760,3312,3.271902521222432e-12,5.789539898032499e-6,0.00008651230361356795,0.0000724509684001597
L48T16beta4.405ms0.021032m0.000760,3313,3.271731797245285e-12,5.789237806735209e-6,0.0000865077895045903,0.00007244718799490828
L48T16beta4.405ms0.021032m0.000760,3314,3.271882312472148e-12,5.789504139214717e-6,0.00008651176927443992,0.00007245052091019975
L48T16beta4.405ms0.021032m0.000760,3315,3.2718926559355743e-12,5.7895224416836324e-6,0.00008651204276573208,0.00007245074994940156
L48T16beta4.405ms0.021032m0.000760,3316,3.27193316789355e-12,5.789594126458936e-6,0.00008651311394153443,0.0000724516470209274
L48T16beta4.405ms0.021032m0.000760,3317,3.2716506844702835e-12,5.7890942799510015e-6,0.0000865056448034654,0.00007244539188421722
L48T16beta4.405ms0.021032m0.000760,3318,3.271829671095012e-12,5.789410991771833e-6,0.00008651037738492857,0.00007244935525238241
L48T16beta4.405ms0.021032m0.000760,3319,3.2719630094730867e-12,5.789646930298362e-6,0.00008651390298209185,0.00007245230781424933
L48T16beta4.405ms0.021032m0.000760,3320,3.2711076972949337e-12,5.788133479347861e-6,0.00008649128769133646,0.00007243336831492449
L48T16beta4.405ms0.021032m0.000760,3321,3.271655408174507e-12,5.789102638413361e-6,0.00008650576970282634,0.00007244549648297687
L48T16beta4.405ms0.021032m0.000760,3322,3.2718972490114354e-12,5.789530569002763e-6,0.00008651216421115132,0.00007245085165560823
L48T16beta4.405ms0.021032m0.000760,3323,3.271665295126879e-12,5.789120133098749e-6,0.00008650603112351962,0.00007244571541348266
L48T16beta4.405ms0.021032m0.000760,3324,3.2718768107813975e-12,5.789494404126981e-6,0.00008651162380435409,0.00007245039908419176
L48T16beta4.405ms0.021032m0.000760,3325,3.2719346777297785e-12,5.7895967980718666e-6,0.00008651315386308142,0.00007245168045379901
L48T16beta4.405ms0.021032m0.000760,3326,3.2719536686055026e-12,5.789630401894716e-6,0.00008651365600041461,0.00007245210097590443
L48T16beta4.405ms0.021032m0.000760,3327,3.2716658647433013e-12,5.789121141019059e-6,0.00008650604618473509,0.00007244572802671339
L48T16beta4.405ms0.021032m0.000760,3328,3.2719338925170015e-12,5.789595408659844e-6,0.0000865131331012874,0.00007245166306653709
L48T16beta4.405ms0.021032m0.000760,3329,3.271823127964018e-12,5.7893994138847465e-6,0.00008651020437814385,0.00007244921036537132
L48T16beta4.405ms0.021032m0.000760,3330,3.271013974899265e-12,5.787967640192952e-6,0.00008648880957950492,0.00007243129298465932
L48T16beta4.405ms0.021032m0.000760,3331,3.2716341412153744e-12,5.789065007124651e-6,0.00008650520738362109,0.00007244502556070027
L48T16beta4.405ms0.021032m0.000760,3332,3.27117710157321e-12,5.788256288274951e-6,0.00008649312280835336,0.00007243490515996788
L48T16beta4.405ms0.021032m0.000760,3333,3.271077886592395e-12,5.788080730144418e-6,0.00008649049946719707,0.00007243270820532354
L48T16beta4.405ms0.021032m0.000760,3334,3.2713706764611007e-12,5.788598813618977e-6,0.00008649824111776647,0.00007243919156153232
L48T16beta4.405ms0.021032m0.000760,3335,3.2719519891244567e-12,5.7896274301000306e-6,0.0000865136115932927,0.00007245206378652381
L48T16beta4.405ms0.021032m0.000760,3336,3.2717340561498065e-12,5.78924180380351e-6,0.00008650784923223577,0.00007244723801468087
L48T16beta4.405ms0.021032m0.000760,3337,3.2719041178663025e-12,5.789542723249122e-6,0.00008651234583039392,0.00007245100375524559
L48T16beta4.405ms0.021032m0.000760,3338,3.2716200759421177e-12,5.789040119017451e-6,0.00008650483548403589,0.00007244471410806326
L48T16beta4.405ms0.021032m0.000760,3339,3.2710292574382763e-12,5.787994682217822e-6,0.00008648921366478753,0.00007243163139166986
L48T16beta4.405ms0.021032m0.000760,3340,3.2715195338856673e-12,5.7888622126637396e-6,0.00008650217705370151,0.00007244248776748388
L48T16beta4.405ms0.021032m0.000760,3341,3.270629241245261e-12,5.787286864764735e-6,0.00008647863684530222,0.00007242277368262391
L48T16beta4.405ms0.021032m0.000760,3342,3.2707769912668935e-12,5.7875483042910125e-6,0.00008648254350042029,0.0000724260453669357
L48T16beta4.405ms0.021032m0.000760,3343,3.271504967645362e-12,5.788836438109374e-6,0.00008650179190805746,0.00007244216522174505
L48T16beta4.405ms0.021032m0.000760,3344,3.2699424234550143e-12,5.786071559915791e-6,0.0000864604767110037,0.00007240756521791717
L48T16beta4.405ms0.021032m0.000760,3345,3.271957017072327e-12,5.789636326913004e-6,0.00008651374453715331,0.000072452175122265
L48T16beta4.405ms0.021032m0.000760,3346,3.271845296298555e-12,5.789438640131997e-6,0.00008651079053059664,0.0000724497012471426
L48T16beta4.405ms0.021032m0.000760,3347,3.271295114716519e-12,5.788465109227668e-6,0.00008649624319131651,0.00007243751836939611
L48T16beta4.405ms0.021032m0.000760,3348,3.2717979027405134e-12,5.789354778558062e-6,0.00008650953739855616,0.00007244865179375766
L48T16beta4.405ms0.021032m0.000760,3349,3.2710882380496944e-12,5.788099046758269e-6,0.00008649077316985506,0.00007243293742153669
L48T16beta4.405ms0.021032m0.000760,3350,3.271922484889026e-12,5.789575223181555e-6,0.00008651283147244347,0.00007245141046313934
L48T16beta4.405ms0.021032m0.000760,3351,3.2719336370703934e-12,5.789594956654223e-6,0.00008651312634702917,0.00007245165741008674
L48T16beta4.405ms0.021032m0.000760,3352,3.2719451766237503e-12,5.789615375570781e-6,0.00008651343146410925,0.00007245191293475785
L48T16beta4.405ms0.021032m0.000760,3353,3.271963467241455e-12,5.789647740306672e-6,0.00008651391508593535,0.00007245231795078651
L48T16beta4.405ms0.021032m0.000760,3354,3.2717621037400307e-12,5.7892914332290796e-6,0.0000865085908379607,0.00007244785908302258
L48T16beta4.405ms0.021032m0.000760,3355,3.2719540763856923e-12,5.789631123450344e-6,0.00008651366678252176,0.00007245211000553457
L48T16beta4.405ms0.021032m0.000760,3356,3.2718128629702534e-12,5.7893812502657e-6,0.0000865099329616663,0.00007244898306375275
L48T16beta4.405ms0.021032m0.000760,3357,3.271099012944058e-12,5.7881181126321485e-6,0.00008649105806860328,0.00007243317601407604
L48T16beta4.405ms0.021032m0.000760,3358,3.265492453810297e-12,5.778197463228614e-6,0.00008634281516012379,0.00007230902786601874
L48T16beta4.405ms0.021032m0.000760,3359,3.271730291908919e-12,5.789235143084659e-6,0.0000865077497020241,0.00007244715466167883
L48T16beta4.405ms0.021032m0.000760,3360,3.2717206807716504e-12,5.789218136446374e-6,0.00008650749557415199,0.00007244694183865063
L48T16beta4.405ms0.021032m0.000760,3361,3.2709164394524354e-12,5.78779505395078e-6,0.00008648623064687032,0.00007242913322056784
L48T16beta4.405ms0.021032m0.000760,3362,3.271956733038357e-12,5.789635824322847e-6,0.00008651373702701727,0.00007245216883279395
L48T16beta4.405ms0.021032m0.000760,3363,3.271879668842615e-12,5.78949946138628e-6,0.00008651169937428877,0.00007245046237131649
L48T16beta4.405ms0.021032m0.000760,3364,3.2719567507466394e-12,5.7896358556571575e-6,0.00008651373749524158,0.0000724521692249151
L48T16beta4.405ms0.021032m0.000760,3365,3.2717410377924045e-12,5.7892541576246015e-6,0.00008650803383369632,0.00007244739261181939
L48T16beta4.405ms0.021032m0.000760,3366,3.2719660119004822e-12,5.78965224300957e-6,0.00008651398236920951,0.00007245237429812864
L48T16beta4.405ms0.021032m0.000760,3367,3.271344322685308e-12,5.7885521813506174e-6,0.00008649754429815221,0.00007243860799996079
L48T16beta4.405ms0.021032m0.000760,3368,3.2718653332202645e-12,5.789474094903928e-6,0.00008651132032640906,0.00007245014493223779
L48T16beta4.405ms0.021032m0.000760,3369,3.271788960296052e-12,5.789338955152976e-6,0.00008650930095157607,0.00007244845377784585
L48T16beta4.405ms0.021032m0.000760,3370,3.27195682813104e-12,5.789635992586688e-6,0.00008651373954136084,0.000072452170938467
L48T16beta4.405ms0.021032m0.000760,3371,3.2715930048617677e-12,5.788992217498762e-6,0.0000865041196981874,0.00007244411466294708
L48T16beta4.405ms0.021032m0.000760,3372,3.271762790445523e-12,5.78929264833522e-6,0.00008650860899512572,0.00007244787428900063
L48T16beta4.405ms0.021032m0.000760,3373,3.2718154419870544e-12,5.789385813763717e-6,0.00008651000115339363,0.000072449040171892
L48T16beta4.405ms0.021032m0.000760,3374,3.271891491013809e-12,5.789520380387186e-6,0.00008651201196406094,0.00007245072415410067
L48T16beta4.405ms0.021032m0.000760,3375,3.270749028512313e-12,5.787498824979739e-6,0.00008648180413783279,0.00007242542617714158
L48T16beta4.405ms0.021032m0.000760,3376,3.2703421860013665e-12,5.78677892854821e-6,0.0000864710468238231,0.00007241641731036966
L48T16beta4.405ms0.021032m0.000760,3377,3.2716585578532864e-12,5.7891082116817705e-6,0.00008650585298341464,0.00007244556622749897
L48T16beta4.405ms0.021032m0.000760,3378,3.2717419015674873e-12,5.789255686050425e-6,0.00008650805667275455,0.00007244741173871599
L48T16beta4.405ms0.021032m0.000760,3379,3.2715857027230783e-12,5.788979296568811e-6,0.00008650392662249665,0.00007244395296894305
L48T16beta4.405ms0.021032m0.000760,3380,3.2709070919541715e-12,5.787778513814332e-6,0.00008648598348987143,0.0000724289262353973
L48T16beta4.405ms0.021032m0.000760,3381,3.271451042364801e-12,5.788741018835329e-6,0.0000865003660708835,0.00007244097113397119
L48T16beta4.405ms0.021032m0.000760,3382,3.2714905762776553e-12,5.788810972987175e-6,0.000086501411386216,0.00007244184654827597
L48T16beta4.405ms0.021032m0.000760,3383,3.2718125460211124e-12,5.78938068943307e-6,0.00008650992458122096,0.0000724489760454287
L48T16beta4.405ms0.021032m0.000760,3384,3.271964146667758e-12,5.789648942532491e-6,0.0000865139330506315,0.00007245233299557875
L48T16beta4.405ms0.021032m0.000760,3385,3.2718396582619697e-12,5.789428663784124e-6,0.00008651064145539355,0.00007244957640197748
L48T16beta4.405ms0.021032m0.000760,3386,3.2714834533658436e-12,5.788798369194166e-6,0.00008650122304945925,0.00007244168882296013
L48T16beta4.405ms0.021032m0.000760,3387,3.271917283127348e-12,5.789566018809915e-6,0.00008651269393277574,0.00007245129527857363
L48T16beta4.405ms0.021032m0.000760,3388,3.271935119033944e-12,5.789597578947231e-6,0.00008651316553159528,0.00007245169022576316
L48T16beta4.405ms0.021032m0.000760,3389,3.2719566157772332e-12,5.7896356168325724e-6,0.00008651373392651844,0.00007245216623623678
L48T16beta4.405ms0.021032m0.000760,3390,3.2719018605896725e-12,5.789538729061329e-6,0.0000865122861457915,0.00007245095377152
L48T16beta4.405ms0.021032m0.000760,3391,3.2718999027127196e-12,5.789535264652881e-6,0.00008651223437760943,0.00007245091041751408
L48T16beta4.405ms0.021032m0.000760,3392,3.271959320221085e-12,5.7896404022702436e-6,0.00008651380543465967,0.00007245222612175437
L48T16beta4.405ms0.021032m0.000760,3393,3.2719040881936796e-12,5.7895426707442466e-6,0.00008651234504582073,0.00007245100309819354
L48T16beta4.405ms0.021032m0.000760,3394,3.271810599857037e-12,5.789377245750231e-6,0.00008650987312273884,0.00007244893295078544
L48T16beta4.405ms0.021032m0.000760,3395,3.271852708167716e-12,5.7894517552269445e-6,0.0000865109865076684,0.00007244986537094973
L48T16beta4.405ms0.021032m0.000760,3396,3.2719135058236245e-12,5.7895593349767405e-6,0.0000865125940571699,0.00007245121163631627
L48T16beta4.405ms0.021032m0.000760,3397,3.2718038729993026e-12,5.789365342763822e-6,0.00008650969525803934,0.000072448783995444
L48T16beta4.405ms0.021032m0.000760,3398,3.271852966843637e-12,5.789452212946744e-6,0.00008651099334731282,0.00007244987109890797
L48T16beta4.405ms0.021032m0.000760,3399,3.2712250659917535e-12,5.78834115997056e-6,0.00008649439103450397,0.00007243596725413167
L48T16beta4.405ms0.021032m0.000760,3400,3.2718259315107243e-12,5.789404374682144e-6,0.00008651027850666152,0.00007244927244536073
L48T16beta4.405ms0.021032m0.000760,3401,3.2719348829632146e-12,5.789597161226685e-6,0.00008651315928965424,0.00007245168499836019
L48T16beta4.405ms0.021032m0.000760,3402,3.2717039357243766e-12,5.789188506554084e-6,0.00008650705281872015,0.00007244657104676945
L48T16beta4.405ms0.021032m0.000760,3403,3.2717522693831106e-12,5.7892740316098715e-6,0.00008650833080794262,0.00007244764131715766
L48T16beta4.405ms0.021032m0.000760,3404,3.2717298049576187e-12,5.789234281437967e-6,0.00008650773682655533,0.000072447143878933
L48T16beta4.405ms0.021032m0.000760,3405,3.2718110004242117e-12,5.789377954542631e-6,0.00008650988371412681,0.00007244894182069508
L48T16beta4.405ms0.021032m0.000760,3406,3.271891317835276e-12,5.789520073952621e-6,0.00008651200738505111,0.00007245072031934326
L48T16beta4.405ms0.021032m0.000760,3407,3.27149921929597e-12,5.788826266566079e-6,0.00008650163991607585,0.00007244203793388198
L48T16beta4.405ms0.021032m0.000760,3408,3.2714711771717553e-12,5.78877664681246e-6,0.00008650089845487757,0.00007244141698657619
L48T16beta4.405ms0.021032m0.000760,3409,3.2719475745210845e-12,5.789619618582972e-6,0.00008651349486686067,0.0000724519660323006
L48T16beta4.405ms0.021032m0.000760,3410,3.2718598852366966e-12,5.789464454849548e-6,0.00008651117627639368,0.00007245002429548815
L48T16beta4.405ms0.021032m0.000760,3411,3.27106854339547e-12,5.7880641976190694e-6,0.00008649025242392979,0.00007243250131539917
L48T16beta4.405ms0.021032m0.000760,3412,3.2716398810414973e-12,5.78907516358626e-6,0.00008650535915023913,0.00007244515265982941
L48T16beta4.405ms0.021032m0.000760,3413,3.2712660991529245e-12,5.7884137670003236e-6,0.0000864954759914287,0.00007243687586685593
L48T16beta4.405ms0.021032m0.000760,3414,3.2719517571433082e-12,5.789627019615884e-6,0.00008651360545948419,0.00007245205864967797
L48T16beta4.405ms0.021032m0.000760,3415,3.271444026496778e-12,5.788728604453307e-6,0.00008650018056446925,0.00007244081577896623
L48T16beta4.405ms0.021032m0.000760,3416,3.2719283947040735e-12,5.789585680433806e-6,0.00008651298773373499,0.00007245154132639717
L48T16beta4.405ms0.021032m0.000760,3417,3.271513548631748e-12,5.7888516219245165e-6,0.00008650201879773242,0.00007244235523375473
L48T16beta4.405ms0.021032m0.000760,3418,3.2713014643269544e-12,5.788476344685545e-6,0.00008649641108122835,0.00007243765897120868
L48T16beta4.405ms0.021032m0.000760,3419,3.2709035745042742e-12,5.787772289785227e-6,0.00008648589048505497,0.00007242884834718099
L48T16beta4.405ms0.021032m0.000760,3420,3.2719414551977315e-12,5.78960879061164e-6,0.00008651333306596458,0.00007245183052982153
L48T16beta4.405ms0.021032m0.000760,3421,3.2713275445772795e-12,5.788522492958248e-6,0.00008649710066856166,0.00007243823647600288
L48T16beta4.405ms0.021032m0.000760,3422,3.2719351103121516e-12,5.7895975635142635e-6,0.00008651316530098255,0.00007245169003263322
L48T16beta4.405ms0.021032m0.000760,3423,3.27150046053011e-12,5.788828462895135e-6,0.00008650167273552083,0.0000724420654189965
L48T16beta4.405ms0.021032m0.000760,3424,3.2716110371344236e-12,5.789024125100323e-6,0.00008650459648911766,0.00007244451395834415
L48T16beta4.405ms0.021032m0.000760,3425,3.2716156495861634e-12,5.789032286704528e-6,0.0000865047184468541,0.0000724446160935982
L48T16beta4.405ms0.021032m0.000760,3426,3.2714772933319696e-12,5.788787469186707e-6,0.00008650106017213716,0.00007244155241901268
L48T16beta4.405ms0.021032m0.000760,3427,3.2713986604312096e-12,5.788648330470533e-6,0.0000864989810413133,0.00007243981122110987
L48T16beta4.405ms0.021032m0.000760,3428,3.2710179129274904e-12,5.787974608423632e-6,0.00008648891370482383,0.00007243138018589977
L48T16beta4.405ms0.021032m0.000760,3429,3.2716135050707945e-12,5.789028492044629e-6,0.00008650466174376974,0.00007244456860678763
L48T16beta4.405ms0.021032m0.000760,3430,3.2715412566147e-12,5.788900650424526e-6,0.00008650275142390882,0.00007244296878204484
L48T16beta4.405ms0.021032m0.000760,3431,3.2713976589206286e-12,5.7886465583256025e-6,0.00008649895456039374,0.0000724397890442843
L48T16beta4.405ms0.021032m0.000760,3432,3.271897081987126e-12,5.789530273457924e-6,0.00008651215979486518,0.00007245084795712612
L48T16beta4.405ms0.021032m0.000760,3433,3.2719554285943832e-12,5.7896335161457604e-6,0.00008651370253624245,0.00007245213994800032
L48T16beta4.405ms0.021032m0.000760,3434,3.27153530386567e-12,5.788890117201795e-6,0.0000865025940274008,0.00007244283696808367
L48T16beta4.405ms0.021032m0.000760,3435,3.2716502482615505e-12,5.789093508091862e-6,0.00008650563326967975,0.00007244538222508314
L48T16beta4.405ms0.021032m0.000760,3436,3.2719149213347934e-12,5.7895618396841195e-6,0.00008651263148467,0.00007245124298051258
L48T16beta4.405ms0.021032m0.000760,3437,3.2715478393577193e-12,5.788912298403982e-6,0.00008650292547807424,0.0000724431145461999
L48T16beta4.405ms0.021032m0.000760,3438,3.2719439825719925e-12,5.789613262729629e-6,0.00008651339989221262,0.00007245188649442058
L48T16beta4.405ms0.021032m0.000760,3439,3.2713962407889515e-12,5.788644048981308e-6,0.00008649891706360482,0.00007243975764206108
L48T16beta4.405ms0.021032m0.000760,3440,3.2719463532186885e-12,5.789617457522579e-6,0.0000865134625744305,0.0000724519389885422
L48T16beta4.405ms0.021032m0.000760,3441,3.2718418655901256e-12,5.789432569589491e-6,0.00008651069981930945,0.00007244962527967522
L48T16beta4.405ms0.021032m0.000760,3442,3.271950014531838e-12,5.78962393611368e-6,0.00008651355938313209,0.00007245202006237662
L48T16beta4.405ms0.021032m0.000760,3443,3.2715147848895694e-12,5.788853809448116e-6,0.00008650205148559867,0.00007244238260867674
L48T16beta4.405ms0.021032m0.000760,3444,3.271861208103637e-12,5.7894667956255585e-6,0.00008651121125428976,0.00007245005358822846
L48T16beta4.405ms0.021032m0.000760,3445,3.2652513996155137e-12,5.777770924580462e-6,0.0000863364414513867,0.00007230369011230032
L48T16beta4.405ms0.021032m0.000760,3446,3.270349090841899e-12,5.7867911464701965e-6,0.00008647122939456189,0.00007241657020685113
L48T16beta4.405ms0.021032m0.000760,3447,3.271842617993611e-12,5.7894339009463905e-6,0.00008651071971359369,0.00007244964194042865
L48T16beta4.405ms0.021032m0.000760,3448,3.2716090810441808e-12,5.789020663853409e-6,0.00008650454476817797,0.00007244447064390202
L48T16beta4.405ms0.021032m0.000760,3449,3.2719400300912675e-12,5.789606268925655e-6,0.00008651329538475548,0.00007245179897315298
L48T16beta4.405ms0.021032m0.000760,3450,3.2712838603750372e-12,5.788445194985538e-6,0.00008649594561551744,0.00007243726916027885
L48T16beta4.405ms0.021032m0.000760,3451,3.2719548777979744e-12,5.789632541526937e-6,0.00008651368797264653,0.00007245212775150821
L48T16beta4.405ms0.021032m0.000760,3452,3.2690489315314616e-12,5.7844905509748384e-6,0.00008643685191042812,0.00007238778029012694
L48T16beta4.405ms0.021032m0.000760,3453,3.271525672836362e-12,5.788873075365103e-6,0.00008650233937356371,0.00007244262370457857
L48T16beta4.405ms0.021032m0.000760,3454,3.271305728145227e-12,5.788483889392591e-6,0.00008649652382075485,0.00007243775338654072
L48T16beta4.405ms0.021032m0.000760,3455,3.271741458450142e-12,5.7892549019666895e-6,0.00008650804495629843,0.00007244740192660191
L48T16beta4.405ms0.021032m0.000760,3456,3.271625906255182e-12,5.78905043559317e-6,0.0000865049896432172,0.00007244484321087878
L48T16beta4.405ms0.021032m0.000760,3457,3.2718983767166907e-12,5.789532564445636e-6,0.00008651219402878153,0.00007245087662680995
L48T16beta4.405ms0.021032m0.000760,3458,3.2719495632485655e-12,5.789623137580566e-6,0.00008651354745076086,0.00007245201006944135
L48T16beta4.405ms0.021032m0.000760,3459,3.271833618771472e-12,5.789417977074794e-6,0.00008651048176535626,0.00007244944266726737
L48T16beta4.405ms0.021032m0.000760,3460,3.2696671964835976e-12,5.785584553496224e-6,0.00008645319944062068,0.00007240147076355014
L48T16beta4.405ms0.021032m0.000760,3461,3.271803150771366e-12,5.789364064801711e-6,0.00008650967616162614,0.00007244876800287911
L48T16beta4.405ms0.021032m0.000760,3462,3.2718465100835337e-12,5.7894407878905305e-6,0.00008651082262425894,0.00007244972812444
L48T16beta4.405ms0.021032m0.000760,3463,3.2714782306136304e-12,5.788789127680362e-6,0.00008650108495478124,0.00007244157317359311
L48T16beta4.405ms0.021032m0.000760,3464,3.271778841772813e-12,5.789321050709423e-6,0.00008650903340792253,0.00007244822971957924
L48T16beta4.405ms0.021032m0.000760,3465,3.2719467899303473e-12,5.7896182302716315e-6,0.000086513474121514,0.00007245194865881275
L48T16beta4.405ms0.021032m0.000760,3466,3.2717883550116018e-12,5.789337884119089e-6,0.00008650928494726306,0.00007244844037480457
L48T16beta4.405ms0.021032m0.000760,3467,3.27190448506832e-12,5.78954337300281e-6,0.0000865123555395745,0.000072451011886338
L48T16beta4.405ms0.021032m0.000760,3468,3.271833298460669e-12,5.789417410293797e-6,0.00008651047329602525,0.00007244943557450475
L48T16beta4.405ms0.021032m0.000760,3469,3.271627879246379e-12,5.789053926745849e-6,0.00008650504181103465,0.00007244488689956509
L48T16beta4.405ms0.021032m0.000760,3470,3.271907396624962e-12,5.789548524920765e-6,0.00008651243252398054,0.00007245107635803204
L48T16beta4.405ms0.021032m0.000760,3471,3.2719511977839257e-12,5.7896260298451185e-6,0.00008651359066947488,0.00007245204626357274
L48T16beta4.405ms0.021032m0.000760,3472,3.2719034832268668e-12,5.78954160027241e-6,0.00008651232904990636,0.0000724509897021858
L48T16beta4.405ms0.021032m0.000760,3473,3.2688537209435405e-12,5.7841451313054085e-6,0.00008643169035150597,0.00007238345766864139
L48T16beta4.405ms0.021032m0.000760,3474,3.271893355200977e-12,5.789523679014183e-6,0.00008651206125499343,0.00007245076543349843
L48T16beta4.405ms0.021032m0.000760,3475,3.2709821394306402e-12,5.787911308222614e-6,0.00008648796781856936,0.00007243058803990122
L48T16beta4.405ms0.021032m0.000760,3476,3.270295182250534e-12,5.786695756727217e-6,0.0000864698039986666,0.0000724153764886324
L48T16beta4.405ms0.021032m0.000760,3477,3.2694916067389202e-12,5.785273852359531e-6,0.00008644855667598928,0.00007239758261377781
L48T16beta4.405ms0.021032m0.000760,3478,3.2719484316787224e-12,5.789621135299412e-6,0.00008651351753094718,0.00007245198501266463
L48T16beta4.405ms0.021032m0.000760,3479,3.271334670043425e-12,5.788535101271079e-6,0.0000864972890728575,0.0000724383942578803
L48T16beta4.405ms0.021032m0.000760,3480,3.271660561072972e-12,5.789111756322914e-6,0.0000865059059505029,0.00007244561058554606
L48T16beta4.405ms0.021032m0.000760,3481,3.271917172391025e-12,5.789565822865092e-6,0.00008651269100479902,0.00007245129282649756
L48T16beta4.405ms0.021032m0.000760,3482,3.269986876022019e-12,5.786150217488434e-6,0.00008646165208036395,0.0000724085495478312
L48T16beta4.405ms0.021032m0.000760,3483,3.2718857338499804e-12,5.7895101932469925e-6,0.000086511859739017,0.0000724505966710562
L48T16beta4.405ms0.021032m0.000760,3484,3.2719233580873505e-12,5.78957676828154e-6,0.00008651285456066143,0.00007245142979869831
L48T16beta4.405ms0.021032m0.000760,3485,3.2719167996832935e-12,5.789565163369197e-6,0.00008651268115004197,0.00007245128457349005
L48T16beta4.405ms0.021032m0.000760,3486,3.2717813672544847e-12,5.789325519478528e-6,0.00008650910018412866,0.00007244828564226998
L48T16beta4.405ms0.021032m0.000760,3487,3.271827512643304e-12,5.789407172451973e-6,0.00008651032031335377,0.00007244930745697425
L48T16beta4.405ms0.021032m0.000760,3488,3.2716676782408413e-12,5.789124349952178e-6,0.00008650609413538422,0.00007244576818367165
L48T16beta4.405ms0.021032m0.000760,3489,3.26880081165253e-12,5.784051509796426e-6,0.00008643029137808968,0.00007238228607830635
L48T16beta4.405ms0.021032m0.000760,3490,3.2719569153621988e-12,5.7896361469397806e-6,0.00008651374184783802,0.00007245217287005936
L48T16beta4.405ms0.021032m0.000760,3491,3.271951320471354e-12,5.789626246937088e-6,0.00008651359391345053,0.00007245204898028663
L48T16beta4.405ms0.021032m0.000760,3492,3.2719242769725145e-12,5.789578394223109e-6,0.00008651287885688413,0.0000724514501459182
L48T16beta4.405ms0.021032m0.000760,3493,3.271949873050866e-12,5.789623685767062e-6,0.00008651355564223679,0.00007245201692951025
L48T16beta4.405ms0.021032m0.000760,3494,3.2719440673546966e-12,5.78961341275025e-6,0.00008651340213395025,0.00007245188837179589
L48T16beta4.405ms0.021032m0.000760,3495,3.2691774937289747e-12,5.784718038183596e-6,0.00008644025122070474,0.0000723906270912309
L48T16beta4.405ms0.021032m0.000760,3496,3.271953657276437e-12,5.789630381848251e-6,0.00008651365570086303,0.00007245210072504066
L48T16beta4.405ms0.021032m0.000760,3497,3.2719659408555938e-12,5.789652117297629e-6,0.00008651398049071316,0.00007245237272495495
L48T16beta4.405ms0.021032m0.000760,3498,3.2719620933540147e-12,5.789645309251315e-6,0.00008651387875900734,0.00007245228752828008
L48T16beta4.405ms0.021032m0.000760,3499,3.2716698211812583e-12,5.7891281418252435e-6,0.0000865061507968253,0.00007244581563560746
L48T16beta4.405ms0.021032m0.000760,3500,3.2716118979051864e-12,5.789025648210086e-6,0.00008650461924873874,0.00007244453301871497
L48T16beta4.405ms0.021032m0.000760,3501,3.271577052227051e-12,5.788963989758304e-6,0.00008650369789491877,0.00007244376141775525
L48T16beta4.405ms0.021032m0.000760,3502,3.2719552713241877e-12,5.789633237860553e-6,0.00008651369837786462,0.0000724521364655072
L48T16beta4.405ms0.021032m0.000760,3503,3.2719601027471793e-12,5.789641786928257e-6,0.00008651382612541516,0.00007245224344952407
L48T16beta4.405ms0.021032m0.000760,3504,3.2719558097856792e-12,5.7896341906530854e-6,0.00008651371261531324,0.00007245214838886258
L48T16beta4.405ms0.021032m0.000760,3505,3.271913086383497e-12,5.789558592789179e-6,0.00008651258296676258,0.00007245120234849574
L48T16beta4.405ms0.021032m0.000760,3506,3.2719538612525585e-12,5.789630742778287e-6,0.00008651366109419125,0.00007245210524176066
L48T16beta4.405ms0.021032m0.000760,3507,3.271962969808122e-12,5.789646860112317e-6,0.00008651390193331139,0.0000724523069359331
L48T16beta4.405ms0.021032m0.000760,3508,3.2719563091116017e-12,5.789635074196324e-6,0.00008651372581797913,0.00007245215944562432
L48T16beta4.405ms0.021032m0.000760,3509,3.2719210007417187e-12,5.7895725970244505e-6,0.00008651279223013669,0.00007245137759910718
L48T16beta4.405ms0.021032m0.000760,3510,3.271966288417035e-12,5.7896527322978675e-6,0.00008651398968057767,0.00007245238042113869
L48T16beta4.405ms0.021032m0.000760,3511,3.271905200519993e-12,5.789544638974513e-6,0.00008651237445681667,0.00007245102772885354
L48T16beta4.405ms0.021032m0.000760,3512,3.271952068361742e-12,5.789627570308188e-6,0.00008651361368840404,0.00007245206554110483
L48T16beta4.405ms0.021032m0.000760,3513,3.271907124608272e-12,5.7895480435948485e-6,0.00008651242533159313,0.00007245107033466415
L48T16beta4.405ms0.021032m0.000760,3514,3.271900254694614e-12,5.789535887474988e-6,0.00008651224368435507,0.00007245091821158158
L48T16beta4.405ms0.021032m0.000760,3515,3.271525781640391e-12,5.788873267890786e-6,0.00008650234225044868,0.0000724426261138671
L48T16beta4.405ms0.021032m0.000760,3516,3.271911829399838e-12,5.78955636859179e-6,0.00008651254973088492,0.00007245117451463372
L48T16beta4.405ms0.021032m0.000760,3517,3.2719026658533076e-12,5.789540153952784e-6,0.0000865123074377498,0.0000724509716027756
L48T16beta4.405ms0.021032m0.000760,3518,3.2719449228315035e-12,5.789614926492506e-6,0.00008651342475359395,0.00007245190731494064
L48T16beta4.405ms0.021032m0.000760,3519,3.2719525809622588e-12,5.78962847734045e-6,0.0000865136272420632,0.00007245207689181092
L48T16beta4.405ms0.021032m0.000760,3520,3.271968766914848e-12,5.78965711793035e-6,0.00008651405521448461,0.00007245243530344817
L48T16beta4.405ms0.021032m0.000760,3521,3.2719520489726283e-12,5.789627535999695e-6,0.0000865136131757369,0.00007245206511176439
L48T16beta4.405ms0.021032m0.000760,3522,3.271868841405739e-12,5.7894803025398955e-6,0.0000865114130862651,0.0000724502226153085
L48T16beta4.405ms0.021032m0.000760,3523,3.2716907993550954e-12,5.789165262116459e-6,0.00008650670548026482,0.0000724462801632026
L48T16beta4.405ms0.021032m0.000760,3524,3.2719475080951725e-12,5.789619501044181e-6,0.00008651349311049457,0.00007245196456140663
L48T16beta4.405ms0.021032m0.000760,3525,3.271624939486187e-12,5.789048724922502e-6,0.00008650496408089918,0.00007244482180334923
L48T16beta4.405ms0.021032m0.000760,3526,3.2716437684992087e-12,5.789082042333832e-6,0.00008650546193842417,0.00007244523874126794
L48T16beta4.405ms0.021032m0.000760,3527,3.2717504384419858e-12,5.7892707918108174e-6,0.00008650828239606804,0.00007244760077393954
L48T16beta4.405ms0.021032m0.000760,3528,3.2719153152448185e-12,5.7895625366968795e-6,0.00008651264190003645,0.00007245125170301046
L48T16beta4.405ms0.021032m0.000760,3529,3.258076341133625e-12,5.765074859498398e-6,0.00008614672588565575,0.00007214481009311614
L48T16beta4.405ms0.021032m0.000760,3530,3.2719637472387837e-12,5.789648235754105e-6,0.00008651392248933865,0.0000724523241508727
L48T16beta4.405ms0.021032m0.000760,3531,3.2718179495089808e-12,5.789390250753555e-6,0.00008651006745472651,0.00007244909569689333
L48T16beta4.405ms0.021032m0.000760,3532,3.2677393560336824e-12,5.782173293799632e-6,0.00008640222545308904,0.00007235878186722412
L48T16beta4.405ms0.021032m0.000760,3533,3.271820920622627e-12,5.789395508055961e-6,0.000086510146013878,0.00007244916148738051
L48T16beta4.405ms0.021032m0.000760,3534,3.2715684539691336e-12,5.788948775381671e-6,0.00008650347054856763,0.00007244357102329557
L48T16beta4.405ms0.021032m0.000760,3535,3.2718696829594417e-12,5.789481791645609e-6,0.00008651143533776832,0.00007245024125014874
L48T16beta4.405ms0.021032m0.000760,3536,3.2714800687280655e-12,5.7887923801723876e-6,0.00008650113355632516,0.00007244161387565252
L48T16beta4.405ms0.021032m0.000760,3537,3.2718370738850383e-12,5.7894240908015066e-6,0.00008651057312193913,0.00007244951917514685
L48T16beta4.405ms0.021032m0.000760,3538,3.2709265420143973e-12,5.7878129301512996e-6,0.00008648649776849209,0.0000724293569253979
L48T16beta4.405ms0.021032m0.000760,3539,3.2707561939478255e-12,5.787511504017247e-6,0.0000864819935989578,0.00007242558484407574
L48T16beta4.405ms0.021032m0.000760,3540,3.2712409856583598e-12,5.788369329374869e-6,0.00008649481196606349,0.00007243631976929822
L48T16beta4.405ms0.021032m0.000760,3541,3.271929697599565e-12,5.789587985870898e-6,0.00008651302218356642,0.00007245157017690218
L48T16beta4.405ms0.021032m0.000760,3542,3.2717748035697067e-12,5.789313905222096e-6,0.00008650892663388177,0.00007244814030012871
L48T16beta4.405ms0.021032m0.000760,3543,3.2715471313308196e-12,5.788911045570208e-6,0.00008650290675715034,0.00007244309886809391
L48T16beta4.405ms0.021032m0.000760,3544,3.271860118925146e-12,5.789464868354716e-6,0.0000865111824553449,0.00007245002947013938
L48T16beta4.405ms0.021032m0.000760,3545,3.271843429702637e-12,5.789435337242785e-6,0.00008651074117597445,0.00007244965991440697
L48T16beta4.405ms0.021032m0.000760,3546,3.2719224240350028e-12,5.7895751155020644e-6,0.00008651282986340356,0.0000724514091156258
L48T16beta4.405ms0.021032m0.000760,3547,3.2719586762113472e-12,5.789639262713045e-6,0.00008651378840641217,0.00007245221186120447
L48T16beta4.405ms0.021032m0.000760,3548,3.2716045819889768e-12,5.789012702901199e-6,0.00008650442580875688,0.00007244437101963013
L48T16beta4.405ms0.021032m0.000760,3549,3.2714158598984247e-12,5.788678764446185e-6,0.00008649943581205296,0.00007244019207538276
L48T16beta4.405ms0.021032m0.000760,3550,3.2719276579839328e-12,5.7895843768281455e-6,0.00008651296825413372,0.00007245152501292594
L48T16beta4.405ms0.021032m0.000760,3551,3.271735866722436e-12,5.789245007561082e-6,0.00008650789710554742,0.00007244727810687175
L48T16beta4.405ms0.021032m0.000760,3552,3.271939424224482e-12,5.789605196861343e-6,0.00008651327936504494,0.00007245178555721682
L48T16beta4.405ms0.021032m0.000760,3553,3.271892196327556e-12,5.789521628420113e-6,0.00008651203061324644,0.0000724507397721283
L48T16beta4.405ms0.021032m0.000760,3554,3.271900073548677e-12,5.789535566942325e-6,0.00008651223889467928,0.00007245091420039895
L48T16beta4.405ms0.021032m0.000760,3555,3.271873708655577e-12,5.789488915002201e-6,0.00008651154178111254,0.0000724503303926527
L48T16beta4.405ms0.021032m0.000760,3556,3.2705908299157597e-12,5.787218896992699e-6,0.00008647762121217181,0.00007242192312610461
L48T16beta4.405ms0.021032m0.000760,3557,3.271860752783723e-12,5.78946598994972e-6,0.0000865111992151858,0.00007245004350590832
L48T16beta4.405ms0.021032m0.000760,3558,3.2719630107039314e-12,5.789646932476307e-6,0.0000865139030146366,0.00007245230784150438
L48T16beta4.405ms0.021032m0.000760,3559,3.271868119707198e-12,5.789479025514535e-6,0.00008651139400384965,0.00007245020663446622
L48T16beta4.405ms0.021032m0.000760,3560,3.2718729248721682e-12,5.789487528119405e-6,0.00008651152105711241,0.00007245031303704182
L48T16beta4.405ms0.021032m0.000760,3561,3.2719458730304168e-12,5.789616607842878e-6,0.00008651344987778282,0.00007245192835555264
L48T16beta4.405ms0.021032m0.000760,3562,3.271960513505219e-12,5.789642513753107e-6,0.00008651383698625959,0.00007245225254509386
L48T16beta4.405ms0.021032m0.000760,3563,3.2717947777183337e-12,5.789349248918815e-6,0.00008650945476991248,0.00007244858259521592
L48T16beta4.405ms0.021032m0.000760,3564,3.2717180657162444e-12,5.7892135091790545e-6,0.00008650742642952871,0.000072446883932495
L48T16beta4.405ms0.021032m0.000760,3565,3.2719425930276774e-12,5.7896108039698704e-6,0.00008651336315130151,0.00007245185572521808
L48T16beta4.405ms0.021032m0.000760,3566,3.271920856004964e-12,5.789572340916815e-6,0.0000865127884031553,0.00007245137439414676
L48T16beta4.405ms0.021032m0.000760,3567,3.2719362126858278e-12,5.789599514133617e-6,0.00008651319444882102,0.00007245171444290824
L48T16beta4.405ms0.021032m0.000760,3568,3.2719438366705673e-12,5.789613004561142e-6,0.00008651339603443619,0.00007245188326367043
L48T16beta4.405ms0.021032m0.000760,3569,3.271790371677935e-12,5.789341452553699e-6,0.00008650933826989385,0.00007244848503060584
L48T16beta4.405ms0.021032m0.000760,3570,3.271915679813093e-12,5.789563181790233e-6,0.00008651265153957829,0.00007245125977578292
L48T16beta4.405ms0.021032m0.000760,3571,3.271926731607821e-12,5.7895827376315545e-6,0.00008651294375984304,0.00007245150449983121
L48T16beta4.405ms0.021032m0.000760,3572,3.2719424627963618e-12,5.789610573529204e-6,0.00008651335970785812,0.00007245185284145706
L48T16beta4.405ms0.021032m0.000760,3573,3.271889142813486e-12,5.789516225312465e-6,0.00008651194987534713,0.00007245067215701754
L48T16beta4.405ms0.021032m0.000760,3574,3.2718253215278883e-12,5.789403295334596e-6,0.00008651026237811858,0.00007244925893828131
L48T16beta4.405ms0.021032m0.000760,3575,3.2719171404155314e-12,5.789565766285351e-6,0.00008651269015933569,0.00007245129211845218
L48T16beta4.405ms0.021032m0.000760,3576,3.2714304561157556e-12,5.788704592044058e-6,0.0000864998217503189,0.00007244051528491413
L48T16beta4.405ms0.021032m0.000760,3577,3.2718637698886114e-12,5.789471328632341e-6,0.00008651127899039073,0.00007245011031479687
L48T16beta4.405ms0.021032m0.000760,3578,3.2719516620241552e-12,5.789626851305206e-6,0.00008651360294444072,0.00007245205654341878
L48T16beta4.405ms0.021032m0.000760,3579,3.271952467698072e-12,5.789628276922643e-6,0.00008651362424724728,0.00007245207438375941
L48T16beta4.405ms0.021032m0.000760,3580,3.2718359894975774e-12,5.789422172008257e-6,0.0000865105444496738,0.00007244949516314738
L48T16beta4.405ms0.021032m0.000760,3581,3.271930345923877e-12,5.789589133062614e-6,0.00008651303932589549,0.0000724515845329913
L48T16beta4.405ms0.021032m0.000760,3582,3.2719627035750787e-12,5.789646389020402e-6,0.00008651389489384925,0.00007245230104063466
L48T16beta4.405ms0.021032m0.000760,3583,3.27188206904282e-12,5.789503708473337e-6,0.00008651176283793034,0.00007245051551985257
L48T16beta4.405ms0.021032m0.000760,3584,3.2717348736557146e-12,5.789243250357325e-6,0.00008650787084789177,0.00007244725611702175
L48T16beta4.405ms0.021032m0.000760,3585,3.2719579071980753e-12,5.789637901965593e-6,0.00008651376807294891,0.0000724521948326543
L48T16beta4.405ms0.021032m0.000760,3586,3.2716505655812684e-12,5.789094069580218e-6,0.00008650564165992353,0.00007244538925161303
L48T16beta4.405ms0.021032m0.000760,3587,3.27193950793516e-12,5.789605344985044e-6,0.00008651328157843717,0.00007245178741085386
L48T16beta4.405ms0.021032m0.000760,3588,3.2718246865708152e-12,5.7894021717958336e-6,0.00008651024558923238,0.00007244924487818797
L48T16beta4.405ms0.021032m0.000760,3589,3.2719561450519077e-12,5.789634783897289e-6,0.00008651372148008033,0.00007245215581278881
L48T16beta4.405ms0.021032m0.000760,3590,3.2718833513183533e-12,5.789505977423989e-6,0.0000865117967425499,0.00007245054391376208
L48T16beta4.405ms0.021032m0.000760,3591,3.271965241391668e-12,5.789650879615797e-6,0.00008651396199620267,0.00007245235723646211
L48T16beta4.405ms0.021032m0.000760,3592,3.2718819131093485e-12,5.789503432553425e-6,0.0000865117587148968,0.00007245051206695904
L48T16beta4.405ms0.021032m0.000760,3593,3.2719429876656215e-12,5.789611502270663e-6,0.00008651337358591484,0.00007245186446383453
L48T16beta4.405ms0.021032m0.000760,3594,3.2719328069384004e-12,5.789593487758905e-6,0.00008651310439752714,0.00007245163902816173
L48T16beta4.405ms0.021032m0.000760,3595,3.2719175440796703e-12,5.789566480557742e-6,0.00008651270083261044,0.00007245130105693906
L48T16beta4.405ms0.021032m0.000760,3596,3.2718966778200614e-12,5.78952955829562e-6,0.0000865121491082926,0.00007245083900750277
L48T16beta4.405ms0.021032m0.000760,3597,3.266945154265119e-12,5.7807679760078085e-6,0.00008638122598134843,0.00007234119555868824
L48T16beta4.405ms0.021032m0.000760,3598,3.2718723883562055e-12,5.789486578769432e-6,0.00008651150687110548,0.00007245030115676703
L48T16beta4.405ms0.021032m0.000760,3599,3.271930857875884e-12,5.7895900389473565e-6,0.00008651305286240742,0.0000724515958693372
L48T16beta4.405ms0.021032m0.000760,3600,3.2718212055301e-12,5.789396012191757e-6,0.00008651015354711031,0.00007244916779619386
L48T16beta4.405ms0.021032m0.000760,3601,3.271921750259998e-12,5.789573923276059e-6,0.00008651281204813327,0.0000724513941959724
L48T16beta4.405ms0.021032m0.000760,3602,3.2719255906015016e-12,5.78958071865282e-6,0.00008651291359051968,0.00007245147923409903
L48T16beta4.405ms0.021032m0.000760,3603,3.2719314825626827e-12,5.789591144313155e-6,0.00008651306937973751,0.000072451609702012
L48T16beta4.405ms0.021032m0.000760,3604,3.271920964425181e-12,5.789572532763354e-6,0.00008651279126989192,0.00007245137679493643
L48T16beta4.405ms0.021032m0.000760,3605,3.097387468615438e-12,5.4807403988658965e-6,0.00008189795489188498,0.00006858661593862684
L48T16beta4.405ms0.021032m0.000760,3606,3.2719622241411957e-12,5.78964554067557e-6,0.00008651388221714835,0.00007245229042434983
L48T16beta4.405ms0.021032m0.000760,3607,3.2719200507677986e-12,5.789570916072198e-6,0.00008651276711189687,0.00007245135656347729
L48T16beta4.405ms0.021032m0.000760,3608,3.271951019880537e-12,5.7896257150500535e-6,0.00008651358596553524,0.00007245204232419107
L48T16beta4.405ms0.021032m0.000760,3609,3.2716905651504855e-12,5.78916484769796e-6,0.00008650669928766582,0.00007244627497712183
L48T16beta4.405ms0.021032m0.000760,3610,3.2717631835746895e-12,5.789293343966273e-6,0.00008650861938984549,0.00007244788299420765
L48T16beta4.405ms0.021032m0.000760,3611,3.271730773738317e-12,5.789235995668288e-6,0.00008650776244206477,0.00007244716533100845
L48T16beta4.405ms0.021032m0.000760,3612,3.271530405341787e-12,5.788881449400943e-6,0.00008650246450563703,0.00007244272849822653
L48T16beta4.405ms0.021032m0.000760,3613,3.2719410939514144e-12,5.789608151396397e-6,0.00008651332351425854,0.00007245182253060843
L48T16beta4.405ms0.021032m0.000760,3614,3.271753417470096e-12,5.789276063117646e-6,0.00008650836116448571,0.00007244766673967968
L48T16beta4.405ms0.021032m0.000760,3615,3.2719538856312256e-12,5.789630785915656e-6,0.00008651366173878705,0.00007245210578158665
L48T16beta4.405ms0.021032m0.000760,3616,3.2717568547165612e-12,5.789282145229023e-6,0.00008650845204864496,0.00007244774285192123
L48T16beta4.405ms0.021032m0.000760,3617,3.2716565262315276e-12,5.7891046167839535e-6,0.00008650579926534778,0.00007244552124053408
L48T16beta4.405ms0.021032m0.000760,3618,3.271925022824729e-12,5.789579713987719e-6,0.00008651289857794636,0.00007245146666160437
L48T16beta4.405ms0.021032m0.000760,3619,3.2718731408391e-12,5.789487910266844e-6,0.00008651152676748938,0.00007245031781927884
L48T16beta4.405ms0.021032m0.000760,3620,3.2718508152873068e-12,5.789448405828061e-6,0.00008651093645805854,0.00007244982345618674
L48T16beta4.405ms0.021032m0.000760,3621,3.271840290426481e-12,5.789429782381526e-6,0.00008651065817044167,0.00007244959040023407
L48T16beta4.405ms0.021032m0.000760,3622,3.2719414562565227e-12,5.789608792485142e-6,0.00008651333309396005,0.00007245183055326673
L48T16beta4.405ms0.021032m0.000760,3623,3.2718670800404297e-12,5.789477185853299e-6,0.00008651136651404318,0.00007245018361273386
L48T16beta4.405ms0.021032m0.000760,3624,3.2716721557496448e-12,5.789132272778635e-6,0.0000865062125250974,0.0000724458673308335
L48T16beta4.405ms0.021032m0.000760,3625,3.2715255196028078e-12,5.7888728042226195e-6,0.00008650233532191862,0.00007244262031147032
L48T16beta4.405ms0.021032m0.000760,3626,3.2667216916873355e-12,5.780372565233373e-6,0.00008637531741217497,0.00007233624734276291
L48T16beta4.405ms0.021032m0.000760,3627,3.271513741861139e-12,5.788851963838514e-6,0.00008650202390690656,0.00007244235951250583
L48T16beta4.405ms0.021032m0.000760,3628,3.2719684705327256e-12,5.789656593490483e-6,0.00008651404737785134,0.00007245242874054733
L48T16beta4.405ms0.021032m0.000760,3629,3.271891404047348e-12,5.789520226502469e-6,0.00008651200966458264,0.00007245072222836961
L48T16beta4.405ms0.021032m0.000760,3630,3.2692840569720702e-12,5.784906598858483e-6,0.00008644306885710463,0.0000723929867612113
L48T16beta4.405ms0.021032m0.000760,3631,3.2717644300630808e-12,5.78929554959258e-6,0.00008650865234821803,0.00007244791059566904
L48T16beta4.405ms0.021032m0.000760,3632,3.2719480581636625e-12,5.789620474374972e-6,0.00008651350765484358,0.00007245197674178014
L48T16beta4.405ms0.021032m0.000760,3633,3.2718980672055578e-12,5.789532016774353e-6,0.00008651218584500437,0.00007245086977318849
L48T16beta4.405ms0.021032m0.000760,3634,3.2719209838539993e-12,5.789572567142104e-6,0.00008651279178360888,0.00007245137722515606
L48T16beta4.405ms0.021032m0.000760,3635,3.2717197934516986e-12,5.789216566358564e-6,0.00008650747211254439,0.00007244692219039113
L48T16beta4.405ms0.021032m0.000760,3636,3.271699900207953e-12,5.789181365820767e-6,0.00008650694611571788,0.00007244648168681113
L48T16beta4.405ms0.021032m0.000760,3637,3.2718486055901056e-12,5.789444495830735e-6,0.00008651087803150275,0.00007244977452603033
L48T16beta4.405ms0.021032m0.000760,3638,3.271966438394806e-12,5.789652997679334e-6,0.00008651399364613669,0.00007245238374215291
L48T16beta4.405ms0.021032m0.000760,3639,3.27193810817351e-12,5.789602868145997e-6,0.00008651324456736972,0.00007245175641540506
L48T16beta4.405ms0.021032m0.000760,3640,3.27168537389731e-12,5.789155661920821e-6,0.00008650656202585317,0.00007244616002524984
L48T16beta4.405ms0.021032m0.000760,3641,3.2718739623684146e-12,5.789489363939963e-6,0.00008651154848952818,0.00007245033601071152
L48T16beta4.405ms0.021032m0.000760,3642,3.2718170246416466e-12,5.789388614226704e-6,0.00008651004300032938,0.00007244907521720802
L48T16beta4.405ms0.021032m0.000760,3643,3.2719197265129985e-12,5.789570342312408e-6,0.00008651275853828274,0.00007245134938338126
L48T16beta4.405ms0.021032m0.000760,3644,3.271772697329639e-12,5.789310178289271e-6,0.00008650887094283381,0.00007244809366086252
L48T16beta4.405ms0.021032m0.000760,3645,3.2714066710732547e-12,5.788662505077334e-6,0.0000864991928505259,0.00007243998860377023
L48T16beta4.405ms0.021032m0.000760,3646,3.2718290019389837e-12,5.789409807718977e-6,0.00008651035969178856,0.00007244934043500875
L48T16beta4.405ms0.021032m0.000760,3647,3.271932177659095e-12,5.789592374266794e-6,0.00008651308775876669,0.00007245162509379335
L48T16beta4.405ms0.021032m0.000760,3648,3.2638665883484885e-12,5.775320539818177e-6,0.00008629982568670446,0.0000722730257154558
L48T16beta4.405ms0.021032m0.000760,3649,3.2717741693273176e-12,5.789312782947947e-6,0.00008650890986389251,0.00007244812625586089
L48T16beta4.405ms0.021032m0.000760,3650,3.271860849345479e-12,5.7894661608130435e-6,0.00008651120176837309,0.0000724500456441116
L48T16beta4.405ms0.021032m0.000760,3651,3.2714204194238402e-12,5.7886868323987414e-6,0.0000864995563703656,0.0000724402930386693
L48T16beta4.405ms0.021032m0.000760,3652,3.2717763988768535e-12,5.789316728073424e-6,0.00008650896881536344,0.000072448175625615
L48T16beta4.405ms0.021032m0.000760,3653,3.2717588226387955e-12,5.789285627412315e-6,0.00008650850408243408,0.0000724477864283636
L48T16beta4.405ms0.021032m0.000760,3654,3.2718121254163146e-12,5.789379945184657e-6,0.00008650991346001861,0.00007244896673181843
L48T16beta4.405ms0.021032m0.000760,3655,3.271949101668549e-12,5.78962232082765e-6,0.00008651353524613366,0.00007245199984850141
L48T16beta4.405ms0.021032m0.000760,3656,3.2719391253674356e-12,5.789604668042167e-6,0.00008651327146297226,0.00007245177893951283
L48T16beta4.405ms0.021032m0.000760,3657,3.2719309568993296e-12,5.789590214166571e-6,0.00008651305548068419,0.00007245159806205061
L48T16beta4.405ms0.021032m0.000760,3658,3.271842576872808e-12,5.789433828184282e-6,0.00008651071862631943,0.00007244964102987524
L48T16beta4.405ms0.021032m0.000760,3659,3.271888535940849e-12,5.789515151468326e-6,0.0000865119338290409,0.00007245065871880843
L48T16beta4.405ms0.021032m0.000760,3660,3.2719410342620614e-12,5.789608045777758e-6,0.00008651332193601366,0.00007245182120888463
L48T16beta4.405ms0.021032m0.000760,3661,3.271479801078889e-12,5.788791906574664e-6,0.00008650112647941909,0.00007244160794899612
L48T16beta4.405ms0.021032m0.000760,3662,3.2719437457071697e-12,5.789612843603957e-6,0.00008651339362927497,0.0000724518812494337
L48T16beta4.405ms0.021032m0.000760,3663,3.271916022702618e-12,5.789563788523647e-6,0.00008651266060591279,0.00007245126736851466
L48T16beta4.405ms0.021032m0.000760,3664,3.271919958242684e-12,5.7895707523515985e-6,0.00008651276466544234,0.00007245135451465888
L48T16beta4.405ms0.021032m0.000760,3665,3.2714483079836286e-12,5.788736180424407e-6,0.00008650029377117022,0.00007244091058554023
L48T16beta4.405ms0.021032m0.000760,3666,3.271954839641787e-12,5.789632474010632e-6,0.00008651368696375963,0.00007245212690660141
L48T16beta4.405ms0.021032m0.000760,3667,3.27144111744153e-12,5.788723456961499e-6,0.00008650010364620252,0.0000724407513626615
L48T16beta4.405ms0.021032m0.000760,3668,3.271865158268256e-12,5.789473785331248e-6,0.0000865113157005068,0.00007245014105820965
L48T16beta4.405ms0.021032m0.000760,3669,3.2719319605010232e-12,5.789591990011667e-6,0.00008651308201689481,0.00007245162028518047
L48T16beta4.405ms0.021032m0.000760,3670,3.271947514169987e-12,5.789619511793395e-6,0.0000865134932711186,0.00007245196469592354
L48T16beta4.405ms0.021032m0.000760,3671,3.2718991792407035e-12,5.789533984489406e-6,0.00008651221524830154,0.00007245089439740106
L48T16beta4.405ms0.021032m0.000760,3672,3.2716733966529125e-12,5.789134468522222e-6,0.00008650624533579378,0.00007244589480862137
L48T16beta4.405ms0.021032m0.000760,3673,3.2719472110910105e-12,5.789618975503633e-6,0.00008651348525741397,0.00007245195798473175
L48T16beta4.405ms0.021032m0.000760,3674,3.271916116723275e-12,5.789563954890567e-6,0.00008651266309191094,0.00007245126945044945
L48T16beta4.405ms0.021032m0.000760,3675,3.2714170983664727e-12,5.788680955880719e-6,0.00008649946855835977,0.00007244021949924665
L48T16beta4.405ms0.021032m0.000760,3676,3.271385968952749e-12,5.788625873254759e-6,0.00008649864546620652,0.00007243953018892784
L48T16beta4.405ms0.021032m0.000760,3677,3.2713153115951064e-12,5.788500847038816e-6,0.00008649677721654528,0.00007243796559647663
L48T16beta4.405ms0.021032m0.000760,3678,3.2707601304805083e-12,5.787518469601606e-6,0.00008648209768473311,0.00007242567201219983
L48T16beta4.405ms0.021032m0.000760,3679,3.270967769066704e-12,5.7878858802659985e-6,0.00008648758785208812,0.00007243026983152652
L48T16beta4.405ms0.021032m0.000760,3680,3.2710913993354722e-12,5.788104640564937e-6,0.00008649085675734375,0.00007243300742307691
L48T16beta4.405ms0.021032m0.000760,3681,3.2719560158264437e-12,5.789634555236449e-6,0.00008651371806323262,0.00007245215295130073
L48T16beta4.405ms0.021032m0.000760,3682,3.2714090834363233e-12,5.788666773686238e-6,0.0000864992566357655,0.00007244004202163318
L48T16beta4.405ms0.021032m0.000760,3683,3.271709251398751e-12,5.789197912491051e-6,0.000086507193370351,0.00007244668875374684
L48T16beta4.405ms0.021032m0.000760,3684,3.2715459689236833e-12,5.788908988723328e-6,0.00008650287602196846,0.0000724430731284754
L48T16beta4.405ms0.021032m0.000760,3685,3.2719570393598813e-12,5.789636366350208e-6,0.00008651374512645804,0.00007245217561578669
L48T16beta4.405ms0.021032m0.000760,3686,3.2713959638621173e-12,5.7886435589670285e-6,0.00008649890974138841,0.00007243975150996602
L48T16beta4.405ms0.021032m0.000760,3687,3.271347599855781e-12,5.7885579802120085e-6,0.00008649763094974562,0.00007243868056757942
L48T16beta4.405ms0.021032m0.000760,3688,3.2719410061114507e-12,5.789607995966041e-6,0.00008651332119168397,0.00007245182058553507
L48T16beta4.405ms0.021032m0.000760,3689,3.2713546614238785e-12,5.788570475459033e-6,0.00008649781766451456,0.00007243883693453833
L48T16beta4.405ms0.021032m0.000760,3690,3.271298565158169e-12,5.788471214687556e-6,0.00008649633442436936,0.0000724375947738236
L48T16beta4.405ms0.021032m0.000760,3691,3.2718279802584306e-12,5.789407999883846e-6,0.00008651033267755519,0.00007244931781155191
L48T16beta4.405ms0.021032m0.000760,3692,3.2718272825282752e-12,5.789406765269872e-6,0.00008651031422888728,0.00007244930236145058
L48T16beta4.405ms0.021032m0.000760,3693,3.2719510947635435e-12,5.789625847553437e-6,0.00008651358794551518,0.00007245204398235365
L48T16beta4.405ms0.021032m0.000760,3694,3.2719600776008887e-12,5.7896417424326e-6,0.00008651382546052264,0.00007245224289270029
L48T16beta4.405ms0.021032m0.000760,3695,3.2719556788396796e-12,5.7896339589478055e-6,0.00008651370915297289,0.00007245214548927604
L48T16beta4.405ms0.021032m0.000760,3696,3.2719024942629613e-12,5.789539850328471e-6,0.00008651230290073317,0.000072450967803186
L48T16beta4.405ms0.021032m0.000760,3697,3.2718528339785783e-12,5.789451977845743e-6,0.00008651098983423068,0.00007244986815682698
L48T16beta4.405ms0.021032m0.000760,3698,3.2719495651808594e-12,5.789623140999706e-6,0.00008651354750185261,0.00007245201011222887
L48T16beta4.405ms0.021032m0.000760,3699,3.271806122070301e-12,5.7893693224319795e-6,0.00008650975472567685,0.00007244883379746921
L48T16beta4.405ms0.021032m0.000760,3700,3.2718178650836187e-12,5.789390101365241e-6,0.00008651006522243734,0.00007244909382743077
L48T16beta4.405ms0.021032m0.000760,3701,3.271881632132638e-12,5.789502935373003e-6,0.0000865117512855977,0.00007245050584518605
L48T16beta4.405ms0.021032m0.000760,3702,3.2717927987582013e-12,5.789345747204272e-6,0.00008650940244427053,0.00007244853877435724
L48T16beta4.405ms0.021032m0.000760,3703,3.230381684709898e-12,5.7160699404069926e-6,0.00008541445207570503,0.00007153155689733967
L48T16beta4.405ms0.021032m0.000760,3704,3.2714854349332493e-12,5.7888018755222065e-6,0.00008650127544404004,0.00007244173270155264
L48T16beta4.405ms0.021032m0.000760,3705,3.2711821057115135e-12,5.788265142957563e-6,0.00008649325512266572,0.00007243501596848487
L48T16beta4.405ms0.021032m0.000760,3706,3.2716427748236825e-12,5.789080284052811e-6,0.00008650543566467114,0.00007244521673793697
L48T16beta4.405ms0.021032m0.000760,3707,3.271631209740223e-12,5.789059819961452e-6,0.00008650512987255017,0.00007244496064794319
L48T16beta4.405ms0.021032m0.000760,3708,3.271239230606093e-12,5.788366223859025e-6,0.00008649476556076458,0.00007243628090651564
L48T16beta4.405ms0.021032m0.000760,3709,3.2719074161993642e-12,5.789548559557121e-6,0.00008651243304154689,0.0000724510767914754
L48T16beta4.405ms0.021032m0.000760,3710,3.2703202852101265e-12,5.786740175711333e-6,0.00008647046774547684,0.00007241593235291027
L48T16beta4.405ms0.021032m0.000760,3711,3.270722705176767e-12,5.787452246574544e-6,0.00008648110812308843,0.00007242484328961988
L48T16beta4.405ms0.021032m0.000760,3712,3.270917615412099e-12,5.787797134778477e-6,0.00008648626174039429,0.00007242915926028506
L48T16beta4.405ms0.021032m0.000760,3713,3.2716315670160733e-12,5.789060452151065e-6,0.00008650513931927319,0.00007244496855923676
L48T16beta4.405ms0.021032m0.000760,3714,3.271451268403484e-12,5.7887414188044495e-6,0.00008650037204756741,0.00007244097613923078
L48T16beta4.405ms0.021032m0.000760,3715,3.271673077625894e-12,5.789133904012846e-6,0.0000865062369004073,0.00007244588774428608
L48T16beta4.405ms0.021032m0.000760,3716,3.271544330338447e-12,5.788906089292632e-6,0.00008650283269617175,0.00007244303684466607
L48T16beta4.405ms0.021032m0.000760,3717,3.271854608142026e-12,5.789455117178287e-6,0.00008651103674484793,0.00007244990744279564
L48T16beta4.405ms0.021032m0.000760,3718,3.2710448462458724e-12,5.788022266176376e-6,0.00008648962584811113,0.00007243197658050089
L48T16beta4.405ms0.021032m0.000760,3719,3.2710548726410435e-12,5.788040007601893e-6,0.00008648989095580843,0.00007243219859874104
L48T16beta4.405ms0.021032m0.000760,3720,3.2718031514728153e-12,5.7893640660429055e-6,0.00008650967618017314,0.00007244876801841157
L48T16beta4.405ms0.021032m0.000760,3721,3.2711111347928616e-12,5.7881395619041945e-6,0.00008649137858214463,0.00007243344443273427
L48T16beta4.405ms0.021032m0.000760,3722,3.2709894265874344e-12,5.787924202642521e-6,0.00008648816049812413,0.0000724307494021555
L48T16beta4.405ms0.021032m0.000760,3723,3.2717177542992874e-12,5.789212958135469e-6,0.0000865074181953597,0.00007244687703667217
L48T16beta4.405ms0.021032m0.000760,3724,3.2709119345209403e-12,5.787787082600637e-6,0.00008648611153207435,0.00007242903346617502
L48T16beta4.405ms0.021032m0.000760,3725,3.2717616938819633e-12,5.789290707996705e-6,0.00008650858000091242,0.0000724478500073812
L48T16beta4.405ms0.021032m0.000760,3726,3.271716894216739e-12,5.789211436243481e-6,0.00008650739545393569,0.00007244685799154073
L48T16beta4.405ms0.021032m0.000760,3727,3.271425650778732e-12,5.788696089134744e-6,0.00008649969469250685,0.00007244040887852867
L48T16beta4.405ms0.021032m0.000760,3728,3.270988393286648e-12,5.787922374245712e-6,0.00008648813317664044,0.00007243072652138747
L48T16beta4.405ms0.021032m0.000760,3729,3.27186676111929e-12,5.789476621531273e-6,0.00008651135808145624,0.00007245017655074309
L48T16beta4.405ms0.021032m0.000760,3730,3.2717897894221933e-12,5.789340422268467e-6,0.0000865093228744824,0.0000724484721374979
L48T16beta4.405ms0.021032m0.000760,3731,3.148983561328458e-12,5.572038240230989e-6,0.00008326220606046653,0.00006972912762975329
L48T16beta4.405ms0.021032m0.000760,3732,3.2718831054802753e-12,5.789505542420394e-6,0.00008651179024235061,0.00007245053847007704
L48T16beta4.405ms0.021032m0.000760,3733,3.271942253804217e-12,5.789610203723455e-6,0.00008651335418190135,0.00007245184821366538
L48T16beta4.405ms0.021032m0.000760,3734,3.2707326368763014e-12,5.787469820438783e-6,0.00008648137072694045,0.00007242506321097893
L48T16beta4.405ms0.021032m0.000760,3735,3.269991945646557e-12,5.786159188047105e-6,0.00008646178612619643,0.00007240866180643451
L48T16beta4.405ms0.021032m0.000760,3736,3.2718953174057388e-12,5.789527151080567e-6,0.00008651211313760699,0.00007245080888333664
L48T16beta4.405ms0.021032m0.000760,3737,3.269954926455409e-12,5.786093683624906e-6,0.00008646080730256602,0.0000724078420765585
L48T16beta4.405ms0.021032m0.000760,3738,3.2719207227428584e-12,5.789572105113251e-6,0.00008651278487957487,0.00007245137144327385
L48T16beta4.405ms0.021032m0.000760,3739,3.2719482828656215e-12,5.789620871978797e-6,0.00008651351359618322,0.00007245198171744016
L48T16beta4.405ms0.021032m0.000760,3740,3.271608598460394e-12,5.78901980993491e-6,0.00008650453200819052,0.00007244445995786769
L48T16beta4.405ms0.021032m0.000760,3741,3.271894135940361e-12,5.789525060510663e-6,0.00008651208189850655,0.0000724507827217043
L48T16beta4.405ms0.021032m0.000760,3742,3.271538419861655e-12,5.788895630869442e-6,0.00008650267641738308,0.000072442905966755
L48T16beta4.405ms0.021032m0.000760,3743,3.2714696380864204e-12,5.788773923444054e-6,0.0000865008577599556,0.00007244138290603062
L48T16beta4.405ms0.021032m0.000760,3744,3.2704327382968207e-12,5.786939158299552e-6,0.00008647344111510362,0.00007241842244391321
L48T16beta4.405ms0.021032m0.000760,3745,3.2719582411540497e-12,5.789638492891339e-6,0.0000865137769030716,0.00007245220222756708
L48T16beta4.405ms0.021032m0.000760,3746,3.2714973726979705e-12,5.788822999062623e-6,0.00008650159109021818,0.0000724419970439678
L48T16beta4.405ms0.021032m0.000760,3747,3.270516950643309e-12,5.787088169688717e-6,0.00008647566777193099,0.00007242028718958174
L48T16beta4.405ms0.021032m0.000760,3748,3.2696808317817545e-12,5.785608680774525e-6,0.00008645355997124358,0.00007240177269508678
L48T16beta4.405ms0.021032m0.000760,3749,3.2706595536824722e-12,5.7873405017736315e-6,0.00008647943833579721,0.00007242344490232446
L48T16beta4.405ms0.021032m0.000760,3750,3.2701066859869067e-12,5.786362217866624e-6,0.0000864648199730475,0.00007241120254495559
L48T16beta4.405ms0.021032m0.000760,3751,3.2719226553941114e-12,5.789575524885529e-6,0.00008651283598076473,0.00007245141423869758
L48T16beta4.405ms0.021032m0.000760,3752,3.271859214452777e-12,5.789463267916184e-6,0.00008651115854021061,0.00007245000944206746
L48T16beta4.405ms0.021032m0.000760,3753,3.271516815717235e-12,5.788857402940807e-6,0.00008650210518266894,0.00007244242757805773
L48T16beta4.405ms0.021032m0.000760,3754,3.2719114473218044e-12,5.789555692515408e-6,0.0000865125396283679,0.00007245116605413606
L48T16beta4.405ms0.021032m0.000760,3755,3.2714587740815435e-12,5.788754699891617e-6,0.00008650057050503823,0.00007244114234028365
L48T16beta4.405ms0.021032m0.000760,3756,3.2691483724715503e-12,5.784666508933979e-6,0.00008643948122616867,0.00007238998224827249
L48T16beta4.405ms0.021032m0.000760,3757,3.2717817295198883e-12,5.789326160497016e-6,0.00008650910976278032,0.00007244829366404907
L48T16beta4.405ms0.021032m0.000760,3758,3.271790457440021e-12,5.789341604307309e-6,0.00008650934053752729,0.00007244848692966797
L48T16beta4.405ms0.021032m0.000760,3759,3.2718927428623305e-12,5.789522595498094e-6,0.00008651204506416056,0.00007245075187425342
L48T16beta4.405ms0.021032m0.000760,3760,3.271656343365055e-12,5.789104293206851e-6,0.00008650579443017935,0.000072445517191253
L48T16beta4.405ms0.021032m0.000760,3761,3.2717630791117043e-12,5.789293159121946e-6,0.00008650861662774197,0.00007244788068104448
L48T16beta4.405ms0.021032m0.000760,3762,3.2717272316318202e-12,5.78922972801002e-6,0.0000865076687853037,0.00007244708689681177
L48T16beta4.405ms0.021032m0.000760,3763,3.2719295537760176e-12,5.7895877313791574e-6,0.00008651301838073113,0.00007245156699216328
L48T16beta4.405ms0.021032m0.000760,3764,3.2718006945478727e-12,5.789359718583013e-6,0.00008650961121667402,0.00007244871361379828
L48T16beta4.405ms0.021032m0.000760,3765,3.271745811550981e-12,5.789262604656738e-6,0.00008650816005654333,0.00007244749831895142
L48T16beta4.405ms0.021032m0.000760,3766,3.271618672196766e-12,5.789037635129356e-6,0.00008650479836763548,0.00007244468302440185
L48T16beta4.405ms0.021032m0.000760,3767,3.2719606275899692e-12,5.789642715622878e-6,0.000086513840002772,0.0000724522550713154
L48T16beta4.405ms0.021032m0.000760,3768,3.2719265153894265e-12,5.789582355039159e-6,0.00008651293804281716,0.00007245149971202595
L48T16beta4.405ms0.021032m0.000760,3769,3.2718802302931103e-12,5.7895004548572104e-6,0.00008651171421958914,0.00007245047480372601
L48T16beta4.405ms0.021032m0.000760,3770,3.271922656294084e-12,5.789575526478005e-6,0.00008651283600456088,0.00007245141425862601
L48T16beta4.405ms0.021032m0.000760,3771,3.271339530252302e-12,5.788543701274601e-6,0.00008649741758153502,0.00007243850187931385
L48T16beta4.405ms0.021032m0.000760,3772,3.271971235327675e-12,5.7896614857177314e-6,0.00008651412048173465,0.000072452489962442
L48T16beta4.405ms0.021032m0.000760,3773,3.2719351877627267e-12,5.7895977005608876e-6,0.00008651316734885152,0.00007245169174765044
L48T16beta4.405ms0.021032m0.000760,3774,3.271954449066954e-12,5.7896317828994015e-6,0.00008651367663657894,0.00007245211825795596
L48T16beta4.405ms0.021032m0.000760,3775,3.2718799029942855e-12,5.789499875711104e-6,0.00008651170556548802,0.00007245046755622502
L48T16beta4.405ms0.021032m0.000760,3776,3.271951681863255e-12,5.789626886409938e-6,0.00008651360346900593,0.00007245205698272343
L48T16beta4.405ms0.021032m0.000760,3777,3.2718710312506053e-12,5.789484177409071e-6,0.00008651147098790574,0.00007245027110586719
L48T16beta4.405ms0.021032m0.000760,3778,3.2718494581552368e-12,5.789446004420863e-6,0.0000865109005741589,0.00007244979340470075
L48T16beta4.405ms0.021032m0.000760,3779,3.2719301805803986e-12,5.789588840491959e-6,0.00008651303495405217,0.00007245158087172847
L48T16beta4.405ms0.021032m0.000760,3780,3.2719293693081236e-12,5.789587404968384e-6,0.00008651301350321954,0.00007245156290742129
L48T16beta4.405ms0.021032m0.000760,3781,3.271897926306921e-12,5.78953176745816e-6,0.00008651218211950657,0.00007245086665321696
L48T16beta4.405ms0.021032m0.000760,3782,3.2719335833499757e-12,5.789594861597448e-6,0.00008651312492660877,0.00007245165622053532
L48T16beta4.405ms0.021032m0.000760,3783,3.2716194865395353e-12,5.789039076086085e-6,0.000086504819899655,0.00007244470105670016
L48T16beta4.405ms0.021032m0.000760,3784,3.2718936247692123e-12,5.789524156007628e-6,0.00008651206838264131,0.00007245077140264928
L48T16beta4.405ms0.021032m0.000760,3785,3.2718874413889927e-12,5.789513214689464e-6,0.00008651190488801899,0.00007245063448173492
L48T16beta4.405ms0.021032m0.000760,3786,3.2717169463886744e-12,5.7892115285602605e-6,0.0000865073968334127,0.00007244685914680354
L48T16beta4.405ms0.021032m0.000760,3787,3.2716656050747634e-12,5.789120681542852e-6,0.0000865060393188449,0.00007244572227677526
L48T16beta4.405ms0.021032m0.000760,3788,3.271899714605231e-12,5.789534931801947e-6,0.0000865122294038634,0.00007245090625217919
L48T16beta4.405ms0.021032m0.000760,3789,3.2719562349168094e-12,5.789634942910717e-6,0.00008651372385619623,0.00007245215780270113
L48T16beta4.405ms0.021032m0.000760,3790,3.2719372521673076e-12,5.78960135346699e-6,0.00008651322193372829,0.00007245173746053769
L48T16beta4.405ms0.021032m0.000760,3791,3.2717031876089957e-12,5.789187182784865e-6,0.00008650703303781758,0.00007244655448096913
L48T16beta4.405ms0.021032m0.000760,3792,3.2719447467412947e-12,5.789614614905812e-6,0.00008651342009759656,0.00007245190341570892
L48T16beta4.405ms0.021032m0.000760,3793,3.2718089877945197e-12,5.789374393250744e-6,0.00008650983049822876,0.00007244889725427866
L48T16beta4.405ms0.021032m0.000760,3794,3.271931654285378e-12,5.789591448171656e-6,0.00008651307392025357,0.00007245161350453224
L48T16beta4.405ms0.021032m0.000760,3795,3.271825949907221e-12,5.7894044072342304e-6,0.00008651027899308289,0.00007244927285272126
L48T16beta4.405ms0.021032m0.000760,3796,3.2715929199864194e-12,5.7889920673142095e-6,0.00008650411745400015,0.00007244411278352032
L48T16beta4.405ms0.021032m0.000760,3797,3.2716366799848756e-12,5.789069499406198e-6,0.00008650527451117041,0.00007244508177762841
L48T16beta4.405ms0.021032m0.000760,3798,3.2713015804763473e-12,5.788476550208643e-6,0.00008649641415233193,0.00007243766154314837
L48T16beta4.405ms0.021032m0.000760,3799,3.271793880035463e-12,5.789347660494111e-6,0.00008650943103429916,0.00007244856271748641
L48T16beta4.405ms0.021032m0.000760,3800,3.271518942431677e-12,5.7888611661024644e-6,0.00008650216141507939,0.00007244247467069569
L48T16beta4.405ms0.021032m0.000760,3801,3.2712930842859e-12,5.78846151643754e-6,0.00008649618950474454,0.00007243747340880708
L48T16beta4.405ms0.021032m0.000760,3802,3.271830447440413e-12,5.789412365493282e-6,0.00008651039791226048,0.00007244937244329068
L48T16beta4.405ms0.021032m0.000760,3803,3.271855969826898e-12,5.789457526641541e-6,0.00008651107274912809,0.000072449937595096
L48T16beta4.405ms0.021032m0.000760,3804,3.271553815678088e-12,5.788922873335538e-6,0.00008650308349783153,0.0000724432468821101
L48T16beta4.405ms0.021032m0.000760,3805,3.2719406754112593e-12,5.789607410801312e-6,0.00008651331244764738,0.00007245181326271631
L48T16beta4.405ms0.021032m0.000760,3806,3.2717338469459034e-12,5.789241433623062e-6,0.00008650784370067991,0.00007244723338220015
L48T16beta4.405ms0.021032m0.000760,3807,3.271765701274246e-12,5.789297798965143e-6,0.00008650868596028488,0.00007244793874457608
L48T16beta4.405ms0.021032m0.000760,3808,3.271776042368627e-12,5.789316097242099e-6,0.00008650895938893716,0.00007244816773131923
L48T16beta4.405ms0.021032m0.000760,3809,3.271643778081269e-12,5.789082059289019e-6,0.00008650546219178322,0.0000724452389534471
L48T16beta4.405ms0.021032m0.000760,3810,3.27116673877361e-12,5.788237951591217e-6,0.00008649284880579384,0.00007243467569259791
L48T16beta4.405ms0.021032m0.000760,3811,3.270775596005106e-12,5.787545835414347e-6,0.00008648250660833363,0.00007242601447112905
L48T16beta4.405ms0.021032m0.000760,3812,3.271835302699441e-12,5.789420956738185e-6,0.00008651052629005916,0.00007244947995511787
L48T16beta4.405ms0.021032m0.000760,3813,3.2715140130043265e-12,5.788852443618792e-6,0.00008650203107619769,0.00007244236551653143
L48T16beta4.405ms0.021032m0.000760,3814,3.271952710518595e-12,5.789628706586759e-6,0.00008651363066765947,0.00007245207976062561
L48T16beta4.405ms0.021032m0.000760,3815,3.271672547621497e-12,5.789132966184905e-6,0.00008650622288657254,0.00007244587600819933
L48T16beta4.405ms0.021032m0.000760,3816,3.2716351125901114e-12,5.7890667259450496e-6,0.00008650523306771943,0.0000724450470702165
L48T16beta4.405ms0.021032m0.000760,3817,3.271885280277072e-12,5.789509390662431e-6,0.00008651184774610556,0.00007245058662742066
L48T16beta4.405ms0.021032m0.000760,3818,3.2714008286237963e-12,5.788652167026606e-6,0.00008649903837044647,0.00007243985923221397
L48T16beta4.405ms0.021032m0.000760,3819,3.2714746680592287e-12,5.7887828238400996e-6,0.00008650099075735756,0.00007244149428661078
L48T16beta4.405ms0.021032m0.000760,3820,3.271083583511005e-12,5.788090810682385e-6,0.00008649065009929851,0.00007243283435433549
L48T16beta4.405ms0.021032m0.000760,3821,3.2714447524701883e-12,5.788729889042929e-6,0.00008650019975991644,0.00007244083185446856
L48T16beta4.405ms0.021032m0.000760,3822,3.2715469517730697e-12,5.788910727847797e-6,0.00008650290200946778,0.00007244309489207911
L48T16beta4.405ms0.021032m0.000760,3823,3.2717879547355946e-12,5.789337175841902e-6,0.00008650927436357382,0.00007244843151134235
L48T16beta4.405ms0.021032m0.000760,3824,3.271717153144123e-12,5.789211894408237e-6,0.00008650740230022904,0.00007244686372506721
L48T16beta4.405ms0.021032m0.000760,3825,3.27179724261068e-12,5.789353610476805e-6,0.00008650951994407755,0.00007244863717625442
L48T16beta4.405ms0.021032m0.000760,3826,3.2718445900716005e-12,5.789437390483175e-6,0.00008651077185726504,0.00007244968560889345
L48T16beta4.405ms0.021032m0.000760,3827,3.271213522203232e-12,5.788320733559997e-6,0.00008649408580544199,0.00007243571163567971
L48T16beta4.405ms0.021032m0.000760,3828,3.271808918245174e-12,5.789374270185124e-6,0.00008650982865927603,0.00007244889571422134
L48T16beta4.405ms0.021032m0.000760,3829,3.271679406960478e-12,5.789145103593171e-6,0.0000865064042542058,0.00007244602789712285
L48T16beta4.405ms0.021032m0.000760,3830,3.271604513617536e-12,5.789012581919849e-6,0.0000865044240009491,0.00007244436950565559
L48T16beta4.405ms0.021032m0.000760,3831,3.2716476621640835e-12,5.789088932064805e-6,0.0000865055648907327,0.00007244532496015406
L48T16beta4.405ms0.021032m0.000760,3832,3.271632078690148e-12,5.789061357544013e-6,0.0000865051528484363,0.00007244497988942828
L48T16beta4.405ms0.021032m0.000760,3833,3.2718682857256557e-12,5.789479319279547e-6,0.00008651139839354008,0.00007245021031067538
L48T16beta4.405ms0.021032m0.000760,3834,3.271642908654888e-12,5.789080520863382e-6,0.00008650543920329915,0.0000724452197014117
L48T16beta4.405ms0.021032m0.000760,3835,3.2718129925265897e-12,5.78938147951201e-6,0.0000865099363872626,0.00007244898593256746
L48T16beta4.405ms0.021032m0.000760,3836,3.27182945577659e-12,5.789410610771914e-6,0.00008651037169169885,0.00007244935048450559
L48T16beta4.405ms0.021032m0.000760,3837,3.271951995186036e-12,5.789627440825826e-6,0.00008651361175356679,0.00007245206392074765
L48T16beta4.405ms0.021032m0.000760,3838,3.2715707519298148e-12,5.788952841558753e-6,0.00008650353130889617,0.0000724436219079034
L48T16beta4.405ms0.021032m0.000760,3839,3.2719454176707983e-12,5.789615802096783e-6,0.00008651343783762902,0.00007245191827235331
L48T16beta4.405ms0.021032m0.000760,3840,3.271946449131935e-12,5.789617627238383e-6,0.00008651346511047057,0.00007245194111238529
L48T16beta4.405ms0.021032m0.000760,3841,3.2719019506530976e-12,5.789538888426038e-6,0.00008651228852715655,0.0000724509557658283
L48T16beta4.405ms0.021032m0.000760,3842,3.2718444787264726e-12,5.789437193461089e-6,0.00008651076891319093,0.0000724496831433364
L48T16beta4.405ms0.021032m0.000760,3843,3.27190102501814e-12,5.789537250540898e-6,0.00008651226405246272,0.00007245093526914521
L48T16beta4.405ms0.021032m0.000760,3844,3.271956471106653e-12,5.789635360842031e-6,0.00008651373010128675,0.00007245216303274168
L48T16beta4.405ms0.021032m0.000760,3845,3.2719373495628617e-12,5.789601525805696e-6,0.00008651322450896203,0.0000724517396172041
L48T16beta4.405ms0.021032m0.000760,3846,3.2719139863427685e-12,5.789560185241911e-6,0.00008651260676256616,0.00007245122227663244
L48T16beta4.405ms0.021032m0.000760,3847,3.271932610982622e-12,5.789593141020642e-6,0.00008651309921626467,0.00007245163468903923
L48T16beta4.405ms0.021032m0.000760,3848,3.2719270730282733e-12,5.789583341765485e-6,0.00008651295278733381,0.00007245151206003272
L48T16beta4.405ms0.021032m0.000760,3849,3.2719340153897184e-12,5.789595626079676e-6,0.00008651313635016224,0.00007245166578735388
L48T16beta4.405ms0.021032m0.000760,3850,3.271935315267655e-12,5.789597926177288e-6,0.00008651317072020657,0.00007245169457104003
L48T16beta4.405ms0.021032m0.000760,3851,3.2719379194439816e-12,5.789602534194381e-6,0.00008651323957717635,0.00007245175223629611
L48T16beta4.405ms0.021032m0.000760,3852,3.2717955627061175e-12,5.789350637932719e-6,0.00008650947552575745,0.00007244859997749573
L48T16beta4.405ms0.021032m0.000760,3853,3.2716421906224118e-12,5.78907925032502e-6,0.000086505420217818,0.00007244520380174844
L48T16beta4.405ms0.021032m0.000760,3854,3.2715929165982876e-12,5.788992061319005e-6,0.00008650411736441462,0.00007244411270849563
L48T16beta4.405ms0.021032m0.000760,3855,3.2715716439613874e-12,5.788954419983644e-6,0.00008650355489508364,0.00007244364166049409
L48T16beta4.405ms0.021032m0.000760,3856,3.2716580940498083e-12,5.789107390994502e-6,0.00008650584071999694,0.00007244555595732408
L48T16beta4.405ms0.021032m0.000760,3857,3.2716600575515893e-12,5.789110865355926e-6,0.00008650589263690494,0.00007244559943588266
L48T16beta4.405ms0.021032m0.000760,3858,3.2718956805843498e-12,5.7895277937149506e-6,0.00008651212274040477,0.00007245081692533724
L48T16beta4.405ms0.021032m0.000760,3859,3.2719434867665508e-12,5.789612385415782e-6,0.00008651338678263168,0.00007245187551561416
L48T16beta4.405ms0.021032m0.000760,3860,3.2719426551125455e-12,5.789610913827306e-6,0.00008651336479288617,0.00007245185709998666
L48T16beta4.405ms0.021032m0.000760,3861,3.2719367574074222e-12,5.789600478003226e-6,0.00008651320885179288,0.00007245172650488342
L48T16beta4.405ms0.021032m0.000760,3862,3.2717488428039667e-12,5.789267968374021e-6,0.00008650824020583778,0.00007244756544112661
L48T16beta4.405ms0.021032m0.000760,3863,3.2716921242602087e-12,5.78916760649896e-6,0.0000865067405120522,0.00007244630950107496
L48T16beta4.405ms0.021032m0.000760,3864,3.271920521029903e-12,5.7895717481878245e-6,0.00008651277954608698,0.00007245136697666798
L48T16beta4.405ms0.021032m0.000760,3865,3.2719300580914935e-12,5.789588623751271e-6,0.0000865130317153257,0.00007245157815941058
L48T16beta4.405ms0.021032m0.000760,3866,3.27190121234477e-12,5.789537582010125e-6,0.00008651226900556209,0.00007245093941718926
L48T16beta4.405ms0.021032m0.000760,3867,3.2714336868185304e-12,5.788710308682159e-6,0.00008649990717326091,0.00007244058682358105
L48T16beta4.405ms0.021032m0.000760,3868,3.2718200406215693e-12,5.7893939509187295e-6,0.00008651012274578912,0.00007244914200118603
L48T16beta4.405ms0.021032m0.000760,3869,3.2714543914933698e-12,5.788746945024556e-6,0.00008650045462511936,0.00007244104529498501
L48T16beta4.405ms0.021032m0.000760,3870,3.271138993322685e-12,5.788188856792678e-6,0.00008649211518892758,0.00007243406131464038
L48T16beta4.405ms0.021032m0.000760,3871,3.271634322837767e-12,5.7890653285003896e-6,0.00008650521218589483,0.00007244502958243324
L48T16beta4.405ms0.021032m0.000760,3872,3.271644643391599e-12,5.7890835904314195e-6,0.00008650548507143491,0.00007244525811433928
L48T16beta4.405ms0.021032m0.000760,3873,3.2713484641470246e-12,5.788559509551164e-6,0.00008649765380245165,0.00007243869970590557
L48T16beta4.405ms0.021032m0.000760,3874,3.271681523973746e-12,5.789148849588872e-6,0.0000865064602301077,0.00007244607477494404
L48T16beta4.405ms0.021032m0.000760,3875,3.271677606221372e-12,5.789141917235743e-6,0.00008650635664090214,0.00007244598802267939
L48T16beta4.405ms0.021032m0.000760,3876,3.271929074659772e-12,5.789586883596376e-6,0.00008651300571242886,0.000072451556382912
L48T16beta4.405ms0.021032m0.000760,3877,3.2716364971184032e-12,5.789069175829095e-6,0.00008650526967600197,0.00007244507772834732
L48T16beta4.405ms0.021032m0.000760,3878,3.271738945329857e-12,5.789250455070713e-6,0.00008650797850693947,0.00007244734627763403
L48T16beta4.405ms0.021032m0.000760,3879,3.2717019989967776e-12,5.789185079568826e-6,0.00008650700160974768,0.00007244652816108163
L48T16beta4.405ms0.021032m0.000760,3880,3.2719551139878177e-12,5.789632959458252e-6,0.00008651369421773706,0.00007245213298154878
L48T16beta4.405ms0.021032m0.000760,3881,3.271942027183199e-12,5.789609802723909e-6,0.00008651334818981992,0.0000724518431955109
L48T16beta4.405ms0.021032m0.000760,3882,3.271730951853464e-12,5.789236310838053e-6,0.0000865077671516035,0.00007244716927507915
L48T16beta4.405ms0.021032m0.000760,3883,3.271771370254004e-12,5.789307830066093e-6,0.0000865088358536557,0.00007244806427492748
L48T16beta4.405ms0.021032m0.000760,3884,3.2719139239137933e-12,5.789560074775588e-6,0.00008651260511188298,0.00007245122089424415
L48T16beta4.405ms0.021032m0.000760,3885,3.27183059908578e-12,5.789412633825514e-6,0.00008651040192191236,0.0000724493758012311
L48T16beta4.405ms0.021032m0.000760,3886,3.2658939680075493e-12,5.778907931358254e-6,0.00008635343158830664,0.00007231791874593607
L48T16beta4.405ms0.021032m0.000760,3887,3.271723483087512e-12,5.789223095065826e-6,0.00008650756967012492,0.00007244700389138497
L48T16beta4.405ms0.021032m0.000760,3888,3.2719110059117598e-12,5.789554911452693e-6,0.00008651252795705449,0.00007245115627982739
L48T16beta4.405ms0.021032m0.000760,3889,3.269727057850462e-12,5.785690476508773e-6,0.00008645478223372388,0.00007240279629631617
L48T16beta4.405ms0.021032m0.000760,3890,3.271639240711059e-12,5.789074030539479e-6,0.00008650534221927589,0.00007244513848075162
L48T16beta4.405ms0.021032m0.000760,3891,3.2708874330473847e-12,5.787743727929222e-6,0.00008648546368914338,0.00007242849092082875
L48T16beta4.405ms0.021032m0.000760,3892,3.2719505979919548e-12,5.78962496853002e-6,0.00008651357481038839,0.0000724520329821535
L48T16beta4.405ms0.021032m0.000760,3893,3.2717220162646755e-12,5.789220499563888e-6,0.00008650753088589411,0.00007244697141097509
L48T16beta4.405ms0.021032m0.000760,3894,3.2719338947934025e-12,5.7895954126878715e-6,0.00008651313316147767,0.00007245166311694429
L48T16beta4.405ms0.021032m0.000760,3895,3.271272741227955e-12,5.788425519966112e-6,0.00008649565161439056,0.00007243702294482205
L48T16beta4.405ms0.021032m0.000760,3896,3.271948542084173e-12,5.789621330658766e-6,0.00008651352045017531,0.00007245198745741406
L48T16beta4.405ms0.021032m0.000760,3897,3.2718817504657877e-12,5.789503144760198e-6,0.00008651175441444194,0.0000724505084654815
L48T16beta4.405ms0.021032m0.000760,3898,3.2719049666197854e-12,5.789544225094645e-6,0.00008651236827226636,0.00007245102254951327
L48T16beta4.405ms0.021032m0.000760,3899,3.2717896876988303e-12,5.789340242271825e-6,0.00008650932018481717,0.00007244846988499922
L48T16beta4.405ms0.021032m0.000760,3900,3.271814249219081e-12,5.7893837031941855e-6,0.00008650996961544151,0.00007244901375998204
L48T16beta4.405ms0.021032m0.000760,3901,3.2719121333258475e-12,5.789556906380354e-6,0.00008651255776698593,0.00007245118124458167
L48T16beta4.405ms0.021032m0.000760,3902,3.2719203921882508e-12,5.7895715202061285e-6,0.00008651277613938765,0.0000724513641236788
L48T16beta4.405ms0.021032m0.000760,3903,3.2717404764742582e-12,5.789253164387859e-6,0.00008650801899189538,0.00007244738018234052
L48T16beta4.405ms0.021032m0.000760,3904,3.2719352106061465e-12,5.789597740981679e-6,0.00008651316795285391,0.0000724516922534809
L48T16beta4.405ms0.021032m0.000760,3905,3.271925154008957e-12,5.789579946114537e-6,0.00008651290204658568,0.00007245146956646606
L48T16beta4.405ms0.021032m0.000760,3906,3.2719522760965722e-12,5.789627937889154e-6,0.00008651361918111619,0.00007245207014105533
L48T16beta4.405ms0.021032m0.000760,3907,3.2718182301945237e-12,5.789390747418764e-6,0.00008651007487632686,0.0000724491019122189
L48T16beta4.405ms0.021032m0.000760,3908,3.271818174674161e-12,5.789390649177037e-6,0.00008651007340831416,0.00007244910068281062
L48T16beta4.405ms0.021032m0.000760,3909,3.2714024024242472e-12,5.7886549518224376e-6,0.00008649907998327006,0.00007243989408146941
L48T16beta4.405ms0.021032m0.000760,3910,3.271360964791609e-12,5.788581629091738e-6,0.00008649798433172404,0.00007243897651238129
L48T16beta4.405ms0.021032m0.000760,3911,3.2717851466890256e-12,5.7893322070821235e-6,0.00008650920011607538,0.0000724483693317108
L48T16beta4.405ms0.021032m0.000760,3912,3.2716892938996154e-12,5.78916259825514e-6,0.00008650666567454912,0.00007244624682733557
L48T16beta4.405ms0.021032m0.000760,3913,3.2707383141146304e-12,5.787479866153043e-6,0.00008648152083867601,0.000072425188924203
L48T16beta4.405ms0.021032m0.000760,3914,3.271961066220687e-12,5.7896434917676515e-6,0.0000865138516005973,0.00007245226478408041
L48T16beta4.405ms0.021032m0.000760,3915,3.2715257697157553e-12,5.788873246790477e-6,0.00008650234193514965,0.00007244262584981541
L48T16beta4.405ms0.021032m0.000760,3916,3.2703734227103417e-12,5.786834201030114e-6,0.00008647187275296776,0.00007241710899656758
L48T16beta4.405ms0.021032m0.000760,3917,3.271580859865142e-12,5.7889707272672924e-6,0.00008650379857259497,0.0000724438457317179
L48T16beta4.405ms0.021032m0.000760,3918,3.2716684230607347e-12,5.789125667890124e-6,0.00008650611382915086,0.00007244578467649873
L48T16beta4.405ms0.021032m0.000760,3919,3.2717181178352405e-12,5.789213601402159e-6,0.00008650742780760595,0.00007244688508658554
L48T16beta4.405ms0.021032m0.000760,3920,3.2718303624591854e-12,5.78941221512138e-6,0.0000865103956652737,0.00007244937056151939
L48T16beta4.405ms0.021032m0.000760,3921,3.2719529806824005e-12,5.789629184634049e-6,0.00008651363781105479,0.00007245208574296438
L48T16beta4.405ms0.021032m0.000760,3922,3.2719318229243438e-12,5.789591746573584e-6,0.00008651307837923281,0.00007245161723876829
L48T16beta4.405ms0.021032m0.000760,3923,3.2715779519480945e-12,5.788965581789499e-6,0.00008650372168442337,0.00007244378134061678
L48T16beta4.405ms0.021032m0.000760,3924,3.2717364160233022e-12,5.789245979533585e-6,0.00008650791162959971,0.00007244729027024747
L48T16beta4.405ms0.021032m0.000760,3925,3.2719403206103335e-12,5.789606782991008e-6,0.00008651330306636381,0.00007245180540622597
L48T16beta4.405ms0.021032m0.000760,3926,3.271834834078463e-12,5.789420127526486e-6,0.00008651051389926205,0.00007244946957826726
L48T16beta4.405ms0.021032m0.000760,3927,3.2719332749505736e-12,5.789594315893341e-6,0.00008651311677222686,0.00007245164939153134
L48T16beta4.405ms0.021032m0.000760,3928,3.271811137087684e-12,5.789378196364818e-6,0.00008650988732764271,0.00007244894484688574
L48T16beta4.405ms0.021032m0.000760,3929,3.2718188593282452e-12,5.789391860653269e-6,0.00008651009151123794,0.00007244911584336356
L48T16beta4.405ms0.021032m0.000760,3930,3.271872367537724e-12,5.789486541931711e-6,0.00008651150632064447,0.00007245030069577557
L48T16beta4.405ms0.021032m0.000760,3931,3.2713749445542428e-12,5.788606365890285e-6,0.00008649835397032469,0.0000724392860715244
L48T16beta4.405ms0.021032m0.000760,3932,3.2719197649338836e-12,5.789570410297089e-6,0.00008651275955416853,0.00007245135023414938
L48T16beta4.405ms0.021032m0.000760,3933,3.2718804896704806e-12,5.789500913818205e-6,0.00008651172107778056,0.0000724504805472167
L48T16beta4.405ms0.021032m0.000760,3934,3.27195423758665e-12,5.789631408690925e-6,0.00008651367104483281,0.00007245211357506803
L48T16beta4.405ms0.021032m0.000760,3935,3.2719555860101625e-12,5.789633794688574e-6,0.00008651370669846964,0.00007245214343371712
L48T16beta4.405ms0.021032m0.000760,3936,3.271943344067969e-12,5.789612132914637e-6,0.00008651338300954157,0.00007245187235578578
L48T16beta4.405ms0.021032m0.000760,3937,3.271581453251426e-12,5.7889717772477076e-6,0.00008650381426230885,0.00007244385887129364
L48T16beta4.405ms0.021032m0.000760,3938,3.220323098091344e-12,5.698271553025887e-6,0.0000851484932050408,0.00007130882582985699
L48T16beta4.405ms0.021032m0.000760,3939,3.271925978741115e-12,5.789581405454998e-6,0.00008651292385331078,0.0000724514878288205
L48T16beta4.405ms0.021032m0.000760,3940,3.271505085912337e-12,5.788836647379475e-6,0.00008650179503515199,0.00007244216784057519
L48T16beta4.405ms0.021032m0.000760,3941,3.271422116573464e-12,5.788689835457481e-6,0.00008649960124466201,0.00007244033061929189
L48T16beta4.405ms0.021032m0.000760,3942,3.2719325844863727e-12,5.789593094136271e-6,0.0000865130985156779,0.0000724516341023228
L48T16beta4.405ms0.021032m0.000760,3943,3.2719570793292485e-12,5.789636437074884e-6,0.00008651374618328723,0.00007245217650084343
L48T16beta4.405ms0.021032m0.000760,3944,3.2719492757602892e-12,5.7896226288781105e-6,0.00008651353984928958,0.0000724520037034803
L48T16beta4.405ms0.021032m0.000760,3945,3.2719495426021374e-12,5.789623101047289e-6,0.0000865135469048491,0.00007245200961225972
L48T16beta4.405ms0.021032m0.000760,3946,3.271666804314598e-12,5.78912280356416e-6,0.00008650607102791936,0.00007244574883199407
L48T16beta4.405ms0.021032m0.000760,3947,3.2712736367005987e-12,5.788427104479882e-6,0.00008649567529156331,0.00007243704277360967
L48T16beta4.405ms0.021032m0.000760,3948,3.270049702454185e-12,5.786261387101012e-6,0.00008646331327269448,0.00007240994073715363
L48T16beta4.405ms0.021032m0.000760,3949,3.271909684434483e-12,5.789552573135653e-6,0.00008651249301590246,0.00007245112701785892
L48T16beta4.405ms0.021032m0.000760,3950,3.271752244223585e-12,5.7892739870907955e-6,0.00008650833014270016,0.00007244764076004083
L48T16beta4.405ms0.021032m0.000760,3951,3.27176345193855e-12,5.78929381882861e-6,0.00008650862648564851,0.00007244788893668958
L48T16beta4.405ms0.021032m0.000760,3952,3.2702112956411536e-12,5.786547321720743e-6,0.00008646758595464702,0.00007241351895588319
L48T16beta4.405ms0.021032m0.000760,3953,3.270908416594587e-12,5.787780857728457e-6,0.00008648601851465994,0.00007242895556740835
L48T16beta4.405ms0.021032m0.000760,3954,3.2715981376432e-12,5.7890012998117885e-6,0.00008650425541394994,0.00007244422832005726
L48T16beta4.405ms0.021032m0.000760,3955,3.2718308865740564e-12,5.789413142527969e-6,0.00008651040952338363,0.00007244938216719215
L48T16beta4.405ms0.021032m0.000760,3956,3.2714556626648305e-12,5.788749194326863e-6,0.00008650048823613639,0.00007244107344301288
L48T16beta4.405ms0.021032m0.000760,3957,3.2711697728853317e-12,5.788243320366954e-6,0.00008649292903067608,0.00007243474287807518
L48T16beta4.405ms0.021032m0.000760,3958,3.2719512150025173e-12,5.789626060312934e-6,0.00008651359112475128,0.00007245204664485049
L48T16beta4.405ms0.021032m0.000760,3959,3.271951243378121e-12,5.789626110522771e-6,0.00008651359187503002,0.00007245204727318216
L48T16beta4.405ms0.021032m0.000760,3960,3.271954022479986e-12,5.789631028065706e-6,0.00008651366535720216,0.00007245210881188023
L48T16beta4.405ms0.021032m0.000760,3961,3.271329167188004e-12,5.788525364122492e-6,0.00008649714357197664,0.00007243827240608257
L48T16beta4.405ms0.021032m0.000760,3962,3.2716480714927552e-12,5.7890896563604285e-6,0.00008650557571378323,0.00007244533402407282
L48T16beta4.405ms0.021032m0.000760,3963,3.2716144567387805e-12,5.7890301759944834e-6,0.00008650468690680231,0.00007244458967992986
L48T16beta4.405ms0.021032m0.000760,3964,3.271695249798549e-12,5.789173137051538e-6,0.00008650682315434368,0.00007244637871104624
L48T16beta4.405ms0.021032m0.000760,3965,3.271960585833892e-12,5.789642641736668e-6,0.00008651383889870046,0.00007245225414669488
L48T16beta4.405ms0.021032m0.000760,3966,3.271940213050384e-12,5.789606592666689e-6,0.00008651330022237351,0.00007245180302448553
L48T16beta4.405ms0.021032m0.000760,3967,3.2716734358017165e-12,5.789134537794935e-6,0.00008650624637092646,0.00007244589567550806
L48T16beta4.405ms0.021032m0.000760,3968,3.2716761184741745e-12,5.7891392847087345e-6,0.00008650631730341075,0.0000724459550789335
L48T16beta4.405ms0.021032m0.000760,3969,3.271891724344916e-12,5.789520793260047e-6,0.00008651201813356369,0.00007245072932083915
L48T16beta4.405ms0.021032m0.000760,3970,3.271775073759982e-12,5.789314383316223e-6,0.00008650893377797697,0.0000724481462830536
L48T16beta4.405ms0.021032m0.000760,3971,3.2718350550084783e-12,5.789420518455962e-6,0.00008651051974086779,0.00007244947447040369
L48T16beta4.405ms0.021032m0.000760,3972,3.2719559878611215e-12,5.789634505752594e-6,0.00008651371732380214,0.00007245215233205408
L48T16beta4.405ms0.021032m0.000760,3973,3.2713610432745055e-12,5.788581767965026e-6,0.0000864979864068886,0.0000724389782502576
L48T16beta4.405ms0.021032m0.000760,3974,3.2719494978814448e-12,5.789623021915276e-6,0.00008651354572239025,0.00007245200862199262
L48T16beta4.405ms0.021032m0.000760,3975,3.2719531385878707e-12,5.789629464043357e-6,0.00008651364198622991,0.00007245208923952461
L48T16beta4.405ms0.021032m0.000760,3976,3.271925518008131e-12,5.789580590200884e-6,0.00008651291167107995,0.00007245147762663672
L48T16beta4.405ms0.021032m0.000760,3977,3.2715024577411554e-12,5.788831996904158e-6,0.00008650172554373477,0.00007244210964399201
L48T16beta4.405ms0.021032m0.000760,3978,3.271188185925767e-12,5.788275901726439e-6,0.00008649341588947896,0.00007243515060495644
L48T16beta4.405ms0.021032m0.000760,3979,3.271563781073652e-12,5.788940506823957e-6,0.00008650334699263953,0.000072443467549613
L48T16beta4.405ms0.021032m0.000760,3980,3.2719356210068443e-12,5.789598467174223e-6,0.00008651317880424985,0.00007245170134113793
L48T16beta4.405ms0.021032m0.000760,3981,3.271633054723566e-12,5.789063084607818e-6,0.00008650517865571473,0.00007244500150210343
L48T16beta4.405ms0.021032m0.000760,3982,3.2716509704100776e-12,5.789094785913461e-6,0.0000865056523639933,0.00007244539821588965
L48T16beta4.405ms0.021032m0.000760,3983,3.2719508785716186e-12,5.789625465007879e-6,0.0000865135822291892,0.00007245203919513454
L48T16beta4.405ms0.021032m0.000760,3984,3.2718418169783754e-12,5.78943248357236e-6,0.00008651069853396721,0.00007244962420324695
L48T16beta4.405ms0.021032m0.000760,3985,3.271816514913101e-12,5.789387712276314e-6,0.00008651002952260795,0.00007244906393009707
L48T16beta4.405ms0.021032m0.000760,3986,3.2718512737306546e-12,5.789449217030729e-6,0.00008651094857974916,0.00007244983360767025
L48T16beta4.405ms0.021032m0.000760,3987,3.2719575189922877e-12,5.789637215046321e-6,0.0000865137578084081,0.0000724521862364675
L48T16beta4.405ms0.021032m0.000760,3988,3.2719437032496433e-12,5.789612768476553e-6,0.00008651339250665643,0.00007245188030928071
L48T16beta4.405ms0.021032m0.000760,3989,3.2719268333047144e-12,5.7895829175813596e-6,0.00008651294644880839,0.00007245150675174377
L48T16beta4.405ms0.021032m0.000760,3990,3.27195070066823e-12,5.789625150212814e-6,0.00008651357752524955,0.00007245203525575287
L48T16beta4.405ms0.021032m0.000760,3991,3.271958346080256e-12,5.789638678555323e-6,0.00008651377967742315,0.00007245220455098753
L48T16beta4.405ms0.021032m0.000760,3992,3.271941148743858e-12,5.789608248350092e-6,0.00008651332496302436,0.00007245182374389813
L48T16beta4.405ms0.021032m0.000760,3993,3.271961081943736e-12,5.789643519589147e-6,0.00008651385201633009,0.0000724522651322418
L48T16beta4.405ms0.021032m0.000760,3994,3.271875625954358e-12,5.78949230760871e-6,0.00008651159247636803,0.0000724503728481209
L48T16beta4.405ms0.021032m0.000760,3995,3.271956051229774e-12,5.7896346178816505e-6,0.00008651371899933131,0.00007245215373525
L48T16beta4.405ms0.021032m0.000760,3996,3.2719441627253125e-12,5.789613581505884e-6,0.00008651340465564264,0.00007245189048362331
L48T16beta4.405ms0.021032m0.000760,3997,3.2719195940052818e-12,5.789570107843714e-6,0.00008651275503464908,0.00007245134644921306
L48T16beta4.405ms0.021032m0.000760,3998,3.2717829416505056e-12,5.7893283053282035e-6,0.0000865091418126997,0.00007244832050471333
L48T16beta4.405ms0.021032m0.000760,3999,3.2719494014388028e-12,5.789622851262721e-6,0.00008651354317235244,0.0000724520064864269
L48T16beta4.405ms0.021032m0.000760,4000,3.271847292596393e-12,5.789442172525125e-6,0.00008651084331466449,0.00007244974545191662
L48T16beta4.405ms0.021032m0.000760,4001,3.271941021953614e-12,5.789608023998305e-6,0.00008651332161056627,0.00007245182093633405
L48T16beta4.405ms0.021032m0.000760,4002,3.271730504156847e-12,5.789235518651424e-6,0.00008650775531406695,0.00007244715936156453
L48T16beta4.405ms0.021032m0.000760,4003,3.2712598856500957e-12,5.788402772381046e-6,0.00008649531170033516,0.00007243673827892532
L48T16beta4.405ms0.021032m0.000760,4004,3.271728382696656e-12,5.789231764787017e-6,0.00008650769922058405,0.00007244711238527344
L48T16beta4.405ms0.021032m0.000760,4005,3.2718457542786818e-12,5.789439450515008e-6,0.00008651080264003923,0.00007244971138836882
L48T16beta4.405ms0.021032m0.000760,4006,3.2707043544594275e-12,5.787419775494032e-6,0.00008648062291216919,0.0000724244369427824
L48T16beta4.405ms0.021032m0.000760,4007,3.271856645481257e-12,5.789458722193011e-6,0.00008651109061409037,0.00007244995255636468
L48T16beta4.405ms0.021032m0.000760,4008,3.2719183362010598e-12,5.789567882194362e-6,0.00008651272177707492,0.00007245131859718099
L48T16beta4.405ms0.021032m0.000760,4009,3.2705909793376655e-12,5.787219161390578e-6,0.00008647762516303318,0.00007242192643481008
L48T16beta4.405ms0.021032m0.000760,4010,3.2718936630709834e-12,5.789524223781539e-6,0.00008651206939537759,0.00007245077225077979
L48T16beta4.405ms0.021032m0.000760,4011,3.271668329715057e-12,5.789125502717561e-6,0.00008650611136099982,0.00007244578260951028
L48T16beta4.405ms0.021032m0.000760,4012,3.2719141830529356e-12,5.789560533315044e-6,0.00008651261196377543,0.00007245122663245968
L48T16beta4.405ms0.021032m0.000760,4013,3.2718732423771745e-12,5.789488089935624e-6,0.00008651152945225542,0.00007245032006767463
L48T16beta4.405ms0.021032m0.000760,4014,3.2719576368225116e-12,5.789637423543603e-6,0.0000865137609239545,0.00007245218884562648
L48T16beta4.405ms0.021032m0.000760,4015,3.271950421319411e-12,5.7896246559129005e-6,0.00008651357013899349,0.0000724520290700269
L48T16beta4.405ms0.021032m0.000760,4016,3.2719341368992416e-12,5.789595841087375e-6,0.0000865131395629929,0.00007245166847798496
L48T16beta4.405ms0.021032m0.000760,4017,3.271332981695003e-12,5.78853211378582e-6,0.00008649724443127348,0.00007243835687214604
L48T16beta4.405ms0.021032m0.000760,4018,3.2719520665882667e-12,5.789627567170073e-6,0.00008651361364151163,0.0000724520655018341
L48T16beta4.405ms0.021032m0.000760,4019,3.2719313287600284e-12,5.789590872163665e-6,0.00008651306531304487,0.00007245160629630196
L48T16beta4.405ms0.021032m0.000760,4020,3.2718993147395053e-12,5.789534224250742e-6,0.00008651221883102242,0.000072450897397802
L48T16beta4.405ms0.021032m0.000760,4021,3.2719307484365804e-12,5.789589845297573e-6,0.00008651304996872515,0.00007245159344598153
L48T16beta4.405ms0.021032m0.000760,4022,3.2719283087302294e-12,5.7895855283054964e-6,0.00008651298546050244,0.000072451539422646
L48T16beta4.405ms0.021032m0.000760,4023,3.271951589629308e-12,5.789626723204551e-6,0.00008651360103025015,0.00007245205494035246
L48T16beta4.405ms0.021032m0.000760,4024,3.271740621568355e-12,5.7892534211278004e-6,0.00008650802282832525,0.00007244738339521368
L48T16beta4.405ms0.021032m0.000760,4025,3.2641772991447223e-12,5.77587033387221e-6,0.00008630804118413,0.00007227990590150457
L48T16beta4.405ms0.021032m0.000760,4026,3.2715135515698936e-12,5.788851627123483e-6,0.00008650201887541987,0.0000724423552988152
L48T16beta4.405ms0.021032m0.000760,4027,3.2717229192150322e-12,5.7892220973092615e-6,0.00008650755476078491,0.00007244699140534451
L48T16beta4.405ms0.021032m0.000760,4028,3.271963514556186e-12,5.789647824028764e-6,0.00008651391633698313,0.0000724523189984944
L48T16beta4.405ms0.021032m0.000760,4029,3.2707802334707875e-12,5.787554041280021e-6,0.00008648262922746315,0.00007242611716027622
L48T16beta4.405ms0.021032m0.000760,4030,3.271465238173776e-12,5.7887661379218275e-6,0.00008650074142196079,0.00007244128547710972
L48T16beta4.405ms0.021032m0.000760,4031,3.2716625007387164e-12,5.789115188507138e-6,0.0000865059572371628,0.00007244565353629434
L48T16beta4.405ms0.021032m0.000760,4032,3.2718489469311485e-12,5.789445099824153e-6,0.00008651088705689388,0.00007244978208447346
L48T16beta4.405ms0.021032m0.000760,4033,3.2714281706355755e-12,5.788700547950873e-6,0.00008649976131998702,0.00007244046467666672
L48T16beta4.405ms0.021032m0.000760,4034,3.271754839611945e-12,5.789278579557827e-6,0.0000865083987673075,0.00007244769823070164
L48T16beta4.405ms0.021032m0.000760,4035,3.271753709947926e-12,5.789276580648976e-6,0.00008650836889788566,0.0000724476732161263
L48T16beta4.405ms0.021032m0.000760,4036,3.2718146374248686e-12,5.789384390113457e-6,0.00008650997987998231,0.00007244902235616883
L48T16beta4.405ms0.021032m0.000760,4037,3.271934408267422e-12,5.789596321265772e-6,0.00008651314673823309,0.00007245167448699267
L48T16beta4.405ms0.021032m0.000760,4038,3.271784617108145e-12,5.789331270003584e-6,0.00008650918611343881,0.00007244835760500214
L48T16beta4.405ms0.021032m0.000760,4039,3.271648557213211e-12,5.789090515829175e-6,0.00008650558855670726,0.00007244534477956358
L48T16beta4.405ms0.021032m0.000760,4040,3.271904976135671e-12,5.789544241932738e-6,0.00008651236852387568,0.0000724510227602271
L48T16beta4.405ms0.021032m0.000760,4041,3.2718178980252595e-12,5.789390159654552e-6,0.00008651006609344655,0.00007244909455686991
L48T16beta4.405ms0.021032m0.000760,4042,3.2711721945128232e-12,5.788247605368994e-6,0.00008649299306087607,0.00007243479650108372
L48T16beta4.405ms0.021032m0.000760,4043,3.271136851732227e-12,5.788185067308327e-6,0.00008649205856318072,0.00007243401389259721
L48T16beta4.405ms0.021032m0.000760,4044,3.2717624132246938e-12,5.789291980853525e-6,0.00008650859902103795,0.00007244786593605789
L48T16beta4.405ms0.021032m0.000760,4045,3.2718510632032625e-12,5.789448844508403e-6,0.00008651094301319895,0.000072449828945883
L48T16beta4.405ms0.021032m0.000760,4046,3.271877877566455e-12,5.78949629177327e-6,0.00008651165201119467,0.0000724504227064146
L48T16beta4.405ms0.021032m0.000760,4047,3.271937555484512e-12,5.789601890178291e-6,0.00008651322995373191,0.00007245174417700466
L48T16beta4.405ms0.021032m0.000760,4048,3.271953815896591e-12,5.789630662522173e-6,0.0000865136598949351,0.00007245210423742642
L48T16beta4.405ms0.021032m0.000760,4049,3.2719282875808755e-12,5.789585490882307e-6,0.00008651298490129282,0.00007245153895432789
L48T16beta4.405ms0.021032m0.000760,4050,3.2719501344399395e-12,5.789624148287709e-6,0.0000865135625536196,0.00007245202271754683
L48T16beta4.405ms0.021032m0.000760,4051,3.271896841337125e-12,5.789529847634485e-6,0.00008651215343184373,0.00007245084262832263
L48T16beta4.405ms0.021032m0.000760,4052,3.2719408530234804e-12,5.789607725081164e-6,0.00008651331714388828,0.00007245181719565056
L48T16beta4.405ms0.021032m0.000760,4053,3.2717990100508035e-12,5.789356737912615e-6,0.00008650956667692355,0.00007244867631334599
L48T16beta4.405ms0.021032m0.000760,4054,3.271725640228966e-12,5.789226912067229e-6,0.00008650762670705533,0.00007244705165777969
L48T16beta4.405ms0.021032m0.000760,4055,3.2719618688108743e-12,5.789644911928515e-6,0.00008651387282186704,0.00007245228255613686
L48T16beta4.405ms0.021032m0.000760,4056,3.271648743348701e-12,5.789090845190713e-6,0.00008650559347831173,0.00007244534890123177
L48T16beta4.405ms0.021032m0.000760,4057,3.2718717433935557e-12,5.789485437526082e-6,0.00008651148981766206,0.00007245028687511645
L48T16beta4.405ms0.021032m0.000760,4058,3.271904354664951e-12,5.7895431422577e-6,0.00008651235209158184,0.00007245100899876715
L48T16beta4.405ms0.021032m0.000760,4059,3.2719426512876623e-12,5.7896109070592824e-6,0.00008651336469175251,0.00007245185701529083
L48T16beta4.405ms0.021032m0.000760,4060,3.2719159463902433e-12,5.789563653491037e-6,0.00008651265858813894,0.00007245126567870105
L48T16beta4.405ms0.021032m0.000760,4061,3.2719387782559808e-12,5.789604053838167e-6,0.00008651326228500581,0.0000724517712532933
L48T16beta4.405ms0.021032m0.000760,4062,3.271306259340764e-12,5.788484829328221e-6,0.00008649653786608451,0.00007243776514900332
L48T16beta4.405ms0.021032m0.000760,4063,3.2716247620327844e-12,5.789048410923675e-6,0.0000865049593888576,0.00007244481787393177
L48T16beta4.405ms0.021032m0.000760,4064,3.2718514154895592e-12,5.789449467869141e-6,0.00008651095232799328,0.000072449836746691
L48T16beta4.405ms0.021032m0.000760,4065,3.2719104397893486e-12,5.789553909714938e-6,0.00008651251298822408,0.00007245114374396587
L48T16beta4.405ms0.021032m0.000760,4066,3.2719707693801445e-12,5.789660661236623e-6,0.00008651410816162609,0.00007245247964479054
L48T16beta4.405ms0.021032m0.000760,4067,3.2719035214624634e-12,5.789541667929228e-6,0.00008651233006089294,0.00007245099054885102
L48T16beta4.405ms0.021032m0.000760,4068,3.2719134036238054e-12,5.789559154137022e-6,0.0000865125913549067,0.00007245120937326723
L48T16beta4.405ms0.021032m0.000760,4069,3.2718581637481104e-12,5.7894614087236965e-6,0.0000865111307585513,0.00007244998617591876
L48T16beta4.405ms0.021032m0.000760,4070,3.2719805554958913e-12,5.789677977494426e-6,0.00008651436691610036,0.00007245269634243302
L48T16beta4.405ms0.021032m0.000760,4071,3.271950164284616e-12,5.789624201097028e-6,0.00008651356334274205,0.00007245202337840872
L48T16beta4.405ms0.021032m0.000760,4072,3.271943192250548e-12,5.789611864277962e-6,0.00008651337899534044,0.00007245186899403552
L48T16beta4.405ms0.021032m0.000760,4073,3.2716537824138787e-12,5.789099761675451e-6,0.00008650572671612483,0.00007244546048314768
L48T16beta4.405ms0.021032m0.000760,4074,3.2708505531799216e-12,5.787678470036382e-6,0.00008648448854936751,0.0000724276742760495
L48T16beta4.405ms0.021032m0.000760,4075,3.2717002007723003e-12,5.789181897660964e-6,0.00008650695406293327,0.00007244648834232054
L48T16beta4.405ms0.021032m0.000760,4076,3.2717248570146573e-12,5.78922552619144e-6,0.00008650760599810278,0.00007244703431477061
L48T16beta4.405ms0.021032m0.000760,4077,3.271543987448922e-12,5.788905482559219e-6,0.00008650282362983727,0.00007244302925193434
L48T16beta4.405ms0.021032m0.000760,4078,3.2718604999179185e-12,5.789465542510759e-6,0.00008651119252916653,0.00007245003790660567
L48T16beta4.405ms0.021032m0.000760,4079,3.270898899769143e-12,5.787764017972305e-6,0.00008648576688048473,0.00007242874483276235
L48T16beta4.405ms0.021032m0.000760,4080,3.2717983943107904e-12,5.789355648377903e-6,0.0000865095503961552,0.00007244866267878323
L48T16beta4.405ms0.021032m0.000760,4081,3.2718961081506997e-12,5.789528550281635e-6,0.00008651213404567735,0.00007245082639309978
L48T16beta4.405ms0.021032m0.000760,4082,3.271653908105627e-12,5.78909998408348e-6,0.00008650573003953761,0.00007244546326638734
L48T16beta4.405ms0.021032m0.000760,4083,3.2711715661467253e-12,5.788246493492778e-6,0.00008649297644626171,0.00007243478258693684
L48T16beta4.405ms0.021032m0.000760,4084,3.2719589184363003e-12,5.789639691323317e-6,0.0000865137948110769,0.00007245221722488274
L48T16beta4.405ms0.021032m0.000760,4085,3.271920752799293e-12,5.789572158297271e-6,0.0000865127856742964,0.00007245137210882478
L48T16beta4.405ms0.021032m0.000760,4086,3.2715407675193474e-12,5.788899784983995e-6,0.0000865027384917492,0.00007244295795182245
L48T16beta4.405ms0.021032m0.000760,4087,3.271876400685102e-12,5.789493678473069e-6,0.00008651161296100683,0.00007245039000327521
L48T16beta4.405ms0.021032m0.000760,4088,3.2710244833355924e-12,5.787986234576797e-6,0.00008648908743284199,0.00007243152567691814
L48T16beta4.405ms0.021032m0.000760,4089,3.271257932537703e-12,5.7883993164033545e-6,0.00008649526005813273,0.00007243669503042286
L48T16beta4.405ms0.021032m0.000760,4090,3.2709181078955832e-12,5.787798006214213e-6,0.00008648627476213942,0.00007242917016553213
L48T16beta4.405ms0.021032m0.000760,4091,3.2705365572325764e-12,5.7871228629994415e-6,0.00008647618618933265,0.00007242072134566378
L48T16beta4.405ms0.021032m0.000760,4092,3.270677619730567e-12,5.787372469139886e-6,0.00008647991601978312,0.00007242384494562377
L48T16beta4.405ms0.021032m0.000760,4093,3.2718032549696536e-12,5.789364249177663e-6,0.00008650967891673081,0.000072448770310181
L48T16beta4.405ms0.021032m0.000760,4094,3.2719121660160253e-12,5.789556964224708e-6,0.00008651255863134622,0.00007245118196845257
L48T16beta4.405ms0.021032m0.000760,4095,3.2711205249604102e-12,5.788156177542747e-6,0.00008649162686736116,0.00007243365236274683
L48T16beta4.405ms0.021032m0.000760,4096,3.2714237600556098e-12,5.78869274355312e-6,0.00008649964469993779,0.00007244036701153532
L48T16beta4.405ms0.021032m0.000760,4097,3.271227443070606e-12,5.788345366145031e-6,0.00008649445388679436,0.00007243601989068294
L48T16beta4.405ms0.021032m0.000760,4098,3.271326694950294e-12,5.788520989567086e-6,0.00008649707820359294,0.0000724382176623929
L48T16beta4.405ms0.021032m0.000760,4099,3.2712867983749892e-12,5.788450393694189e-6,0.00008649602329911046,0.00007243733421751705
L48T16beta4.405ms0.021032m0.000760,4100,3.2719549623159806e-12,5.789632691079183e-6,0.00008651369020738531,0.00007245212962302223
L48T16beta4.405ms0.021032m0.000760,4101,3.2713196669723467e-12,5.788508553756892e-6,0.00008649689237698045,0.00007243806203923334
L48T16beta4.405ms0.021032m0.000760,4102,3.2710664003227043e-12,5.788060405511816e-6,0.00008649019575898925,0.00007243245386053271
L48T16beta4.405ms0.021032m0.000760,4103,3.271594452732242e-12,5.788994779465026e-6,0.00008650415798129921,0.00007244414672368767
L48T16beta4.405ms0.021032m0.000760,4104,3.270907697556259e-12,5.787779585410269e-6,0.00008648599950258308,0.00007242893964547215
L48T16beta4.405ms0.021032m0.000760,4105,3.2714175185874588e-12,5.788681699449988e-6,0.00008649947966941374,0.00007244022880435802
L48T16beta4.405ms0.021032m0.000760,4106,3.2715389956984753e-12,5.7888966497965724e-6,0.00008650269164307194,0.00007244291871772632
L48T16beta4.405ms0.021032m0.000760,4107,3.271955912514894e-12,5.789634372429554e-6,0.00008651371533157417,0.00007245215066363423
L48T16beta4.405ms0.021032m0.000760,4108,3.271387774893167e-12,5.788629068815762e-6,0.00008649869321703797,0.00007243957017854591
L48T16beta4.405ms0.021032m0.000760,4109,3.27188739607273e-12,5.789513134503606e-6,0.00008651190368981266,0.00007245063347827985
L48T16beta4.405ms0.021032m0.000760,4110,3.2719606135080465e-12,5.78964269070531e-6,0.00008651383963043219,0.0000724522547594941
L48T16beta4.405ms0.021032m0.000760,4111,3.2719658327927186e-12,5.789651926083397e-6,0.00008651397763342501,0.00007245237033207805
L48T16beta4.405ms0.021032m0.000760,4112,3.263528189249584e-12,5.77472175208784e-6,0.00008629087808346838,0.00007226553241690475
L48T16beta4.405ms0.021032m0.000760,4113,3.2719416564739356e-12,5.789609146764248e-6,0.00008651333838790433,0.00007245183498675624
L48T16beta4.405ms0.021032m0.000760,4114,3.271537170686581e-12,5.788893420489126e-6,0.00008650264338797203,0.0000724428783058014
L48T16beta4.405ms0.021032m0.000760,4115,3.271737949470574e-12,5.789248692925596e-6,0.00008650795217544577,0.00007244732422594728
L48T16beta4.405ms0.021032m0.000760,4116,3.2715716765986256e-12,5.788954477734323e-6,0.00008650355575804414,0.00007244364238319274
L48T16beta4.405ms0.021032m0.000760,4117,3.2716183091769735e-12,5.789036992775998e-6,0.00008650478876903703,0.00007244467498591803
L48T16beta4.405ms0.021032m0.000760,4118,3.2711587792182395e-12,5.788223867380857e-6,0.0000864926383473629,0.000072434499441169
L48T16beta4.405ms0.021032m0.000760,4119,3.271815882682415e-12,5.789386593561818e-6,0.0000865100128058101,0.00007244904993037515
L48T16beta4.405ms0.021032m0.000760,4120,3.27154885109887e-12,5.78891408865162e-6,0.00008650295222950008,0.00007244313694956482
L48T16beta4.405ms0.021032m0.000760,4121,3.271735628295896e-12,5.789244585671996e-6,0.00008650789080131645,0.00007244727282730318
L48T16beta4.405ms0.021032m0.000760,4122,3.2717596226349444e-12,5.7892870429831e-6,0.0000865085252351149,0.00007244780414297926
L48T16beta4.405ms0.021032m0.000760,4123,3.271932694455072e-12,5.789593288722805e-6,0.0000865131014233579,0.00007245163653740108
L48T16beta4.405ms0.021032m0.000760,4124,3.2719562021075176e-12,5.789634884855593e-6,0.00008651372298868646,0.00007245215707619263
L48T16beta4.405ms0.021032m0.000760,4125,3.271837016869133e-12,5.789423989913459e-6,0.00008651057161438283,0.00007244951791262222
L48T16beta4.405ms0.021032m0.000760,4126,3.271857198659946e-12,5.789459701027212e-6,0.00008651110524067608,0.00007244996480560848
L48T16beta4.405ms0.021032m0.000760,4127,3.2719092932376102e-12,5.789551880923741e-6,0.00008651248267227445,0.00007245111835543941
L48T16beta4.405ms0.021032m0.000760,4128,3.2716537818315436e-12,5.789099760645025e-6,0.0000865057267007273,0.0000724454604702528
L48T16beta4.405ms0.021032m0.000760,4129,3.265050446408908e-12,5.777415343508063e-6,0.00008633112805200845,0.00007229924032984891
L48T16beta4.405ms0.021032m0.000760,4130,3.2719510552176927e-12,5.789625777578161e-6,0.0000865135868998842,0.00007245204310667501
L48T16beta4.405ms0.021032m0.000760,4131,3.2708176235167826e-12,5.787620201919488e-6,0.00008648361785685851,0.00007242694510213063
L48T16beta4.405ms0.021032m0.000760,4132,3.2687283207200195e-12,5.783923239121094e-6,0.00008642837464691511,0.00007238068088431706
L48T16beta4.405ms0.021032m0.000760,4133,3.2685861761639087e-12,5.783671718309104e-6,0.00008642461620578935,0.00007237753332393706
L48T16beta4.405ms0.021032m0.000760,4134,3.2716640339345253e-12,5.789117901454192e-6,0.00008650599777635993,0.00007244568748642592
L48T16beta4.405ms0.021032m0.000760,4135,3.2702748938394488e-12,5.786659856951877e-6,0.00008646926755322904,0.00007241492723471336
L48T16beta4.405ms0.021032m0.000760,4136,3.2687519907248582e-12,5.783965122531896e-6,0.00008642900050499978,0.00007238120501813873
L48T16beta4.405ms0.021032m0.000760,4137,3.2669064245571084e-12,5.780699444873916e-6,0.00008638020192997877,0.00007234033795219385
L48T16beta4.405ms0.021032m0.000760,4138,3.270841307127088e-12,5.787662109404783e-6,0.00008648424407468503,0.00007242746953722329
L48T16beta4.405ms0.021032m0.000760,4139,3.2703504488739414e-12,5.786793549469871e-6,0.00008647126530225768,0.00007241660027826554
L48T16beta4.405ms0.021032m0.000760,4140,3.2716472418107485e-12,5.789088188261349e-6,0.00008650555377617928,0.00007244531565211201
L48T16beta4.405ms0.021032m0.000760,4141,3.271951649212782e-12,5.78962682863584e-6,0.00008651360260569548,0.00007245205625973173
L48T16beta4.405ms0.021032m0.000760,4142,3.271777776139191e-12,5.789319165100566e-6,0.00008650900523152704,0.00007244820612285306
L48T16beta4.405ms0.021032m0.000760,4143,3.2719392845037506e-12,5.7896049496294205e-6,0.00008651327567069211,0.00007245178246332811
L48T16beta4.405ms0.021032m0.000760,4144,3.2719485049603072e-12,5.789621264969125e-6,0.00008651351946858398,0.00007245198663536633
L48T16beta4.405ms0.021032m0.000760,4145,3.2719586697791908e-12,5.789639251331524e-6,0.00008651378823633966,0.00007245221171877483
L48T16beta4.405ms0.021032m0.000760,4146,3.271620796634807e-12,5.789041394262985e-6,0.00008650485453985568,0.00007244473006663261
L48T16beta4.405ms0.021032m0.000760,4147,3.2714226796518506e-12,5.7886908318089195e-6,0.00008649961613300541,0.00007244034308774843
L48T16beta4.405ms0.021032m0.000760,4148,3.2719443129677815e-12,5.789613847355726e-6,0.00008651340862820051,0.00007245189381049883
L48T16beta4.405ms0.021032m0.000760,4149,3.271927939715032e-12,5.789584875343437e-6,0.00008651297570337961,0.00007245153125140367
L48T16beta4.405ms0.021032m0.000760,4150,3.2719459740523306e-12,5.7896167865983256e-6,0.00008651345254890105,0.00007245193059251888
L48T16beta4.405ms0.021032m0.000760,4151,3.2719443766143665e-12,5.789613959976576e-6,0.00008651341031107849,0.00007245189521984911
L48T16beta4.405ms0.021032m0.000760,4152,3.271949365360493e-12,5.789622787423163e-6,0.00008651354221840664,0.00007245200568753133
L48T16beta4.405ms0.021032m0.000760,4153,3.2719457343420065e-12,5.789616362437619e-6,0.00008651344621072557,0.00007245192528452301
L48T16beta4.405ms0.021032m0.000760,4154,3.2719507072062654e-12,5.789625161781685e-6,0.0000865135776981216,0.00007245203540052705
L48T16beta4.405ms0.021032m0.000760,4155,3.271762988823286e-12,5.789292999359118e-6,0.00008650861424042785,0.00007244787868175406
L48T16beta4.405ms0.021032m0.000760,4156,3.2717274702436485e-12,5.789230150226969e-6,0.00008650767509443386,0.00007244709218048324
L48T16beta4.405ms0.021032m0.000760,4157,3.271897714694268e-12,5.789531393015496e-6,0.000086512176524261,0.00007245086196739839
L48T16beta4.405ms0.021032m0.000760,4158,3.27194897362099e-12,5.78962209425108e-6,0.00008651353186043093,0.00007245199701309613
L48T16beta4.405ms0.021032m0.000760,4159,3.271923711710371e-12,5.789577394007574e-6,0.00008651286391080005,0.0000724514376291059
L48T16beta4.405ms0.021032m0.000760,4160,3.2711301112557908e-12,5.788173140224007e-6,0.00008649188033838945,0.00007243386463569177
L48T16beta4.405ms0.021032m0.000760,4161,3.2719194712649138e-12,5.7895698906580695e-6,0.00008651275178927367,0.0000724513437313269
L48T16beta4.405ms0.021032m0.000760,4162,3.271889416749235e-12,5.7895167100341025e-6,0.00008651195711847634,0.00007245067822287989
L48T16beta4.405ms0.021032m0.000760,4163,3.2718177930725833e-12,5.78938997394373e-6,0.0000865100633183951,0.00007244909223286333
L48T16beta4.405ms0.021032m0.000760,4164,3.2717732273075663e-12,5.789311116070374e-6,0.0000865088849559687,0.00007244810539636315
L48T16beta4.405ms0.021032m0.000760,4165,3.2718612250972354e-12,5.789466825695255e-6,0.00008651121170361713,0.0000724500539645241
L48T16beta4.405ms0.021032m0.000760,4166,3.2719555303839207e-12,5.789633696259497e-6,0.0000865137052276574,0.00007245214220196433
L48T16beta4.405ms0.021032m0.000760,4167,3.2719568862189714e-12,5.789636095371656e-6,0.00008651374107726257,0.00007245217222472992
L48T16beta4.405ms0.021032m0.000760,4168,3.2717628622845047e-12,5.789292775452287e-6,0.00008650861089461868,0.00007244787587975823
L48T16beta4.405ms0.021032m0.000760,4169,3.2719049006835644e-12,5.789544108422348e-6,0.00008651236652884817,0.00007245102108946271
L48T16beta4.405ms0.021032m0.000760,4170,3.2717900667196044e-12,5.789340912938472e-6,0.00008650933020649724,0.00007244847827779882
L48T16beta4.405ms0.021032m0.000760,4171,3.261868259735762e-12,5.771784553291158e-6,0.00008624698792318839,0.00007222877597322333
L48T16beta4.405ms0.021032m0.000760,4172,3.2719277341507236e-12,5.789584511603149e-6,0.00008651297026805819,0.00007245152669951584
L48T16beta4.405ms0.021032m0.000760,4173,3.271968163893564e-12,5.789656050901072e-6,0.00008651403927001192,0.00007245242195052102
L48T16beta4.405ms0.021032m0.000760,4174,3.271963098795358e-12,5.78964708835162e-6,0.00008651390534386009,0.00007245230979214599
L48T16beta4.405ms0.021032m0.000760,4175,3.2719531689884126e-12,5.7896295178362644e-6,0.00008651364279004998,0.00007245208991269525
L48T16beta4.405ms0.021032m0.000760,4176,3.2719563136908735e-12,5.789635082299217e-6,0.00008651372593905956,0.00007245215954702487
L48T16beta4.405ms0.021032m0.000760,4177,3.2715075833625123e-12,5.788841066547631e-6,0.0000865018610701779,0.00007244222314255394
L48T16beta4.405ms0.021032m0.000760,4178,3.2719528040495612e-12,5.789628872087185e-6,0.00008651363314070972,0.00007245208183171697
L48T16beta4.405ms0.021032m0.000760,4179,3.2715978460918126e-12,5.789000783919772e-6,0.00008650424770504602,0.0000724442218641252
L48T16beta4.405ms0.021032m0.000760,4180,3.2719185283848946e-12,5.789568222258276e-6,0.00008651272685860353,0.00007245132285277994
L48T16beta4.405ms0.021032m0.000760,4181,3.2719487922235904e-12,5.789621773273461e-6,0.00008651352706410622,0.00007245199299634527
L48T16beta4.405ms0.021032m0.000760,4182,3.2718411772832117e-12,5.789431351649679e-6,0.00008651068161980126,0.00007244961003823629
L48T16beta4.405ms0.021032m0.000760,4183,3.271941987650583e-12,5.7896097327720525e-6,0.00008651334714453888,0.00007245184232012533
L48T16beta4.405ms0.021032m0.000760,4184,3.271946950284272e-12,5.7896185140134115e-6,0.00008651347836142865,0.00007245195220959003
L48T16beta4.405ms0.021032m0.000760,4185,3.271941344051127e-12,5.789608593940836e-6,0.00008651333012713963,0.00007245182806866046
L48T16beta4.405ms0.021032m0.000760,4186,3.2717323851787947e-12,5.789238847067092e-6,0.00008650780505012749,0.00007244720101374115
L48T16beta4.405ms0.021032m0.000760,4187,3.271856010193312e-12,5.78945759806878e-6,0.00008651107381645556,0.00007244993848894469
L48T16beta4.405ms0.021032m0.000760,4188,3.2719335130330062e-12,5.7895947371735396e-6,0.0000865131230673593,0.0000724516546634802
L48T16beta4.405ms0.021032m0.000760,4189,3.2719536612866085e-12,5.789630388944138e-6,0.00008651365580689589,0.0000724521008138394
L48T16beta4.405ms0.021032m0.000760,4190,3.2717531490135914e-12,5.789275588091378e-6,0.0000865083540662331,0.00007244766079514631
L48T16beta4.405ms0.021032m0.000760,4191,3.271905835093254e-12,5.789545761834131e-6,0.0000865123912355545,0.00007245104178044799
L48T16beta4.405ms0.021032m0.000760,4192,3.271916009944184e-12,5.789563765947955e-6,0.00008651266026856732,0.00007245126708599987
L48T16beta4.405ms0.021032m0.000760,4193,3.2718601127312174e-12,5.789464857394733e-6,0.00008651118229157138,0.0000724500293329849
L48T16beta4.405ms0.021032m0.000760,4194,3.271898776860349e-12,5.789533272488635e-6,0.00008651220460897131,0.00007245088548734149
L48T16beta4.405ms0.021032m0.000760,4195,3.27095254869197e-12,5.7878589482390774e-6,0.00008648718541048985,0.00007242993280104297
L48T16beta4.405ms0.021032m0.000760,4196,3.271935592340073e-12,5.789598416449174e-6,0.00008651317804627238,0.00007245170070635882
L48T16beta4.405ms0.021032m0.000760,4197,3.271956187430025e-12,5.789634858884181e-6,0.00008651372260059919,0.0000724521567511834
L48T16beta4.405ms0.021032m0.000760,4198,3.271853968698325e-12,5.789453985700563e-6,0.00008651101983733089,0.00007244989328335321
L48T16beta4.405ms0.021032m0.000760,4199,3.2719536743891494e-12,5.789630412128717e-6,0.00008651365615333989,0.00007245210110397388
L48T16beta4.405ms0.021032m0.000760,4200,3.27102028975488e-12,5.787978814153147e-6,0.00008648897655046529,0.00007243143281688281
L48T16beta4.405ms0.021032m0.000760,4201,3.2719490829676495e-12,5.789622287736933e-6,0.00008651353475166358,0.00007245199943440035
L48T16beta4.405ms0.021032m0.000760,4202,3.271954406702072e-12,5.7896317079359286e-6,0.00008651367551641,0.00007245211731985442
L48T16beta4.405ms0.021032m0.000760,4203,3.2719639851888675e-12,5.789648656800116e-6,0.00008651392878097165,0.00007245232941989092
L48T16beta4.405ms0.021032m0.000760,4204,3.271841941545158e-12,5.789432703989794e-6,0.00008651070182763482,0.00007244962696157609
L48T16beta4.405ms0.021032m0.000760,4205,3.27195597843788e-12,5.789634489078432e-6,0.00008651371707464241,0.0000724521521233917
L48T16beta4.405ms0.021032m0.000760,4206,3.2719510194305507e-12,5.7896257142538154e-6,0.00008651358595363716,0.00007245204231422686
L48T16beta4.405ms0.021032m0.000760,4207,3.2614814492628504e-12,5.771100102990034e-6,0.000086236760275862,0.00007222021068340557
L48T16beta4.405ms0.021032m0.000760,4208,3.2718846422627394e-12,5.789508261713934e-6,0.00008651183087638244,0.00007245057249962927
L48T16beta4.405ms0.021032m0.000760,4209,3.2718842257607574e-12,5.789507524725339e-6,0.00008651181986366255,0.0000724505632768692
L48T16beta4.405ms0.021032m0.000760,4210,3.2716557878702605e-12,5.7891033102743655e-6,0.00008650577974235353,0.00007244550489072278
L48T16beta4.405ms0.021032m0.000760,4211,3.27180468216723e-12,5.789366774563813e-6,0.00008650971665323098,0.00007244880191315384
L48T16beta4.405ms0.021032m0.000760,4212,3.27195235082076e-12,5.789628070111512e-6,0.00008651362115689682,0.00007245207179570113
L48T16beta4.405ms0.021032m0.000760,4213,3.2719504422437716e-12,5.789624692937971e-6,0.00008651357069225405,0.00007245202953336287
L48T16beta4.405ms0.021032m0.000760,4214,3.2716229440618516e-12,5.789045194075013e-6,0.00008650491131992759,0.0000724447776179175
L48T16beta4.405ms0.021032m0.000760,4215,3.27164127867233e-12,5.789077636654885e-6,0.00008650539610496567,0.00007244518360809471
L48T16beta4.405ms0.021032m0.000760,4216,3.271313356272487e-12,5.7884973871501905e-6,0.00008649672551590231,0.0000724379222990323
L48T16beta4.405ms0.021032m0.000760,4217,3.2714216688768468e-12,5.788689043270852e-6,0.00008649958940712546,0.00007244032070577726
L48T16beta4.405ms0.021032m0.000760,4218,3.2718097534461296e-12,5.78937574804983e-6,0.0000865098507428064,0.0000724489142083903
L48T16beta4.405ms0.021032m0.000760,4219,3.2715995110674193e-12,5.789003730047489e-6,0.00008650429172862994,0.00007244425873230643
L48T16beta4.405ms0.021032m0.000760,4220,3.271785155027006e-12,5.789332221835947e-6,0.00008650920033653975,0.00007244836951634185
L48T16beta4.405ms0.021032m0.000760,4221,3.271501883942508e-12,5.788830981583518e-6,0.00008650171037193718,0.0000724420969381527
L48T16beta4.405ms0.021032m0.000760,4222,3.2716336198665954e-12,5.789064084612584e-6,0.00008650519359864932,0.00007244501401627813
L48T16beta4.405ms0.021032m0.000760,4223,3.2716777460479826e-12,5.789142164655016e-6,0.00008650636033805452,0.00007244599111891264
L48T16beta4.405ms0.021032m0.000760,4224,3.2718392363866225e-12,5.78942791728751e-6,0.00008651063030059662,0.00007244956706023295
L48T16beta4.405ms0.021032m0.000760,4225,3.2715408899685478e-12,5.788900001654426e-6,0.00008650274172942586,0.00007244296066326116
L48T16beta4.405ms0.021032m0.000760,4226,3.2716588847550645e-12,5.7891087901253135e-6,0.00008650586162701747,0.00007244557346620802
L48T16beta4.405ms0.021032m0.000760,4227,3.271973812279833e-12,5.789666045562421e-6,0.00008651418861887077,0.00007245254702486306
L48T16beta4.405ms0.021032m0.000760,4228,3.2719168748442326e-12,5.789565296364374e-6,0.00008651268313737074,0.000072451286237807
L48T16beta4.405ms0.021032m0.000760,4229,3.271844320728358e-12,5.789436913887849e-6,0.00008651076473556621,0.00007244967964472472
L48T16beta4.405ms0.021032m0.000760,4230,3.2714559296390275e-12,5.788749666730229e-6,0.00008650049529519535,0.00007244107935472295
L48T16beta4.405ms0.021032m0.000760,4231,3.2713054451568134e-12,5.788483388652517e-6,0.00008649651633826433,0.0000724377471202218
L48T16beta4.405ms0.021032m0.000760,4232,3.27174264045815e-12,5.789256993496764e-6,0.00008650807620974653,0.00007244742810024989
L48T16beta4.405ms0.021032m0.000760,4233,3.271906633898263e-12,5.789547175297227e-6,0.00008651241235674043,0.00007245105946868782
L48T16beta4.405ms0.021032m0.000760,4234,3.2718468970849463e-12,5.789441472678694e-6,0.0000865108328569549,0.00007244973669395785
L48T16beta4.405ms0.021032m0.000760,4235,3.2719476754900587e-12,5.789619797244745e-6,0.00008651349753657912,0.00007245196826809457
L48T16beta4.405ms0.021032m0.000760,4236,3.271960447807226e-12,5.789642397502348e-6,0.00008651383524914039,0.00007245225109031849
L48T16beta4.405ms0.021032m0.000760,4237,3.2719323621666938e-12,5.789592700747824e-6,0.0000865130926373281,0.00007245162917941452
L48T16beta4.405ms0.021032m0.000760,4238,3.271706931084341e-12,5.789193806759671e-6,0.00008650713201896801,0.00007244663737415198
L48T16beta4.405ms0.021032m0.000760,4239,3.271829205584233e-12,5.789410168063544e-6,0.00008651036507636818,0.00007244934494440213
L48T16beta4.405ms0.021032m0.000760,4240,3.271895241106599e-12,5.789527016071376e-6,0.0000865121111201831,0.00007245080719381609
L48T16beta4.405ms0.021032m0.000760,4241,3.2719106010829506e-12,5.789554195119451e-6,0.00008651251725298472,0.00007245114731555078
L48T16beta4.405ms0.021032m0.000760,4242,3.271923522094105e-12,5.7895770584869e-6,0.00008651285889716047,0.00007245143343036159
L48T16beta4.405ms0.021032m0.000760,4243,3.2712751670376715e-12,5.788429812368483e-6,0.00008649571575517266,0.00007243707666043917
L48T16beta4.405ms0.021032m0.000760,4244,3.2718061817199492e-12,5.789369427980362e-6,0.0000865097563028719,0.00007244883511831381
L48T16beta4.405ms0.021032m0.000760,4245,3.2716109470312938e-12,5.7890239656653575e-6,0.00008650459410670277,0.00007244451196315666
L48T16beta4.405ms0.021032m0.000760,4246,3.271395237915177e-12,5.788642274424244e-6,0.0000864988905466411,0.00007243973543504982
L48T16beta4.405ms0.021032m0.000760,4247,3.2718809974667325e-12,5.789501812349454e-6,0.00008651173450441024,0.00007245049179154013
L48T16beta4.405ms0.021032m0.000760,4248,3.2708313622191335e-12,5.787644512168615e-6,0.00008648398112158945,0.00007242724932338522
L48T16beta4.405ms0.021032m0.000760,4249,3.2715230587603378e-12,5.788868449830772e-6,0.00008650227025483624,0.00007244256582010976
L48T16beta4.405ms0.021032m0.000760,4250,3.2716517016245042e-12,5.789096079776915e-6,0.00008650567169801809,0.00007244541440744577
L48T16beta4.405ms0.021032m0.000760,4251,3.2712984504116745e-12,5.7884710116468466e-6,0.00008649633139035978,0.00007243759223294881
L48T16beta4.405ms0.021032m0.000760,4252,3.2719456768364104e-12,5.789616260683077e-6,0.00008651344469022135,0.00007245192401115496
L48T16beta4.405ms0.021032m0.000760,4253,3.2719402041300684e-12,5.78960657688244e-6,0.00008651329998651164,0.00007245180282695963
L48T16beta4.405ms0.021032m0.000760,4254,3.271950128854816e-12,5.789624138404989e-6,0.00008651356240594347,0.00007245202259387334
L48T16beta4.405ms0.021032m0.000760,4255,3.27192447208126e-12,5.789578739462571e-6,0.00008651288401575022,0.00007245145446628454
L48T16beta4.405ms0.021032m0.000760,4256,3.2719505224736736e-12,5.789624834902536e-6,0.00008651357281361115,0.00007245203130992377
L48T16beta4.405ms0.021032m0.000760,4257,3.2717234821213652e-12,5.789223093356256e-6,0.00008650756964457906,0.00007244700386999122
L48T16beta4.405ms0.021032m0.000760,4258,3.2719580388058195e-12,5.789638134841811e-6,0.00008651377155278644,0.0000724521977468941
L48T16beta4.405ms0.021032m0.000760,4259,3.2719106962947478e-12,5.78955436359406e-6,0.0000865125197704778,0.00007245114942386143
L48T16beta4.405ms0.021032m0.000760,4260,3.2719306818650847e-12,5.789589727501175e-6,0.00008651304820850968,0.00007245159197186386
L48T16beta4.405ms0.021032m0.000760,4261,3.271824376239119e-12,5.789401622672587e-6,0.00008651023738375874,0.00007244923800639649
L48T16beta4.405ms0.021032m0.000760,4262,3.2719563893679734e-12,5.789635216207727e-6,0.0000865137279400361,0.00007245216122277136
L48T16beta4.405ms0.021032m0.000760,4263,3.2718161978713156e-12,5.789387151279753e-6,0.00008651002113971298,0.00007244905690972155
L48T16beta4.405ms0.021032m0.000760,4264,3.2719240221479462e-12,5.789577943318171e-6,0.00008651287211907324,0.0000724514445032419
L48T16beta4.405ms0.021032m0.000760,4265,3.2719137214861538e-12,5.7895597165855475e-6,0.00008651259975949816,0.00007245121641181279
L48T16beta4.405ms0.021032m0.000760,4266,3.2718487271128638e-12,5.789444710861853e-6,0.00008651088124468337,0.00007244977721695447
L48T16beta4.405ms0.021032m0.000760,4267,3.2719056647337526e-12,5.789545460387763e-6,0.00008651238673108262,0.00007245103800811346
L48T16beta4.405ms0.021032m0.000760,4268,3.2719596274690516e-12,5.789640945936918e-6,0.0000865138135585965,0.00007245223292526168
L48T16beta4.405ms0.021032m0.000760,4269,3.271892147477578e-12,5.789521541981445e-6,0.00008651202932160523,0.00007245073869042487
L48T16beta4.405ms0.021032m0.000760,4270,3.271946161736303e-12,5.789617118699859e-6,0.0000865134575114489,0.0000724519347484757
L48T16beta4.405ms0.021032m0.000760,4271,3.2718034237012636e-12,5.789364547743522e-6,0.00008650968337815965,0.00007244877404646852
L48T16beta4.405ms0.021032m0.000760,4272,3.271745915100759e-12,5.78926278788517e-6,0.00008650816279450075,0.00007244750061189309
L48T16beta4.405ms0.021032m0.000760,4273,3.2719607840263667e-12,5.789642992432703e-6,0.00008651384413910339,0.0000724522585353454
L48T16beta4.405ms0.021032m0.000760,4274,3.2719484712775127e-12,5.789621205368363e-6,0.00008651351857797794,0.00007245198588951553
L48T16beta4.405ms0.021032m0.000760,4275,3.2719195016786905e-12,5.789569944474396e-6,0.00008651275259344367,0.0000724513444047906
L48T16beta4.405ms0.021032m0.000760,4276,3.2718617033267434e-12,5.789467671908979e-6,0.00008651122434847317,0.00007245006455414
L48T16beta4.405ms0.021032m0.000760,4277,3.2714650470090276e-12,5.788765799661158e-6,0.00008650073636737782,0.00007244128124407678
L48T16beta4.405ms0.021032m0.000760,4278,3.2719594913879147e-12,5.789640705145156e-6,0.00008651380996047811,0.00007245222991196588
L48T16beta4.405ms0.021032m0.000760,4279,3.2714659240851747e-12,5.788767351622842e-6,0.0000865007595581292,0.00007244130066550385
L48T16beta4.405ms0.021032m0.000760,4280,3.271799545296217e-12,5.789357685014387e-6,0.0000865095808293359,0.00007244868816548652
L48T16beta4.405ms0.021032m0.000760,4281,3.271513302806905e-12,5.78885118694434e-6,0.00008650201229788307,0.00007244234979036275
L48T16beta4.405ms0.021032m0.000760,4282,3.271964994190396e-12,5.789650442200069e-6,0.00008651395545995919,0.00007245235176259135
L48T16beta4.405ms0.021032m0.000760,4283,3.271465023199461e-12,5.788765757530796e-6,0.00008650073573782958,0.00007244128071685259
L48T16beta4.405ms0.021032m0.000760,4284,3.2719377327923308e-12,5.789602203919511e-6,0.0000865132346419241,0.0000724517481031984
L48T16beta4.405ms0.021032m0.000760,4285,3.271665868396131e-12,5.7891211474826385e-6,0.00008650604628131948,0.00007244572810759937
L48T16beta4.405ms0.021032m0.000760,4286,3.2714159378916303e-12,5.788678902452979e-6,0.00008649943787426963,0.00007244019380241565
L48T16beta4.405ms0.021032m0.000760,4287,3.2716212849890057e-12,5.789042258392066e-6,0.00008650486745241845,0.00007244474088044335
L48T16beta4.405ms0.021032m0.000760,4288,3.2713743636616945e-12,5.788605338017186e-6,0.00008649833861095741,0.00007243927320860217
L48T16beta4.405ms0.021032m0.000760,4289,3.271365503114731e-12,5.7885896595274294e-6,0.0000864981043294273,0.00007243907700617748
L48T16beta4.405ms0.021032m0.000760,4290,3.2712662268166715e-12,5.788413992897749e-6,0.00008649547936698307,0.0000724368786937623
L48T16beta4.405ms0.021032m0.000760,4291,3.271794996001371e-12,5.789349635164538e-6,0.00008650946054152954,0.00007244858742873933
L48T16beta4.405ms0.021032m0.000760,4292,3.271696828628258e-12,5.789175930746501e-6,0.00008650686490014578,0.00007244641367166644
L48T16beta4.405ms0.021032m0.000760,4293,3.2716976416607735e-12,5.789177369384772e-6,0.00008650688639752088,0.00007244643167495128
L48T16beta4.405ms0.021032m0.000760,4294,3.271934630587101e-12,5.789596714654219e-6,0.0000865131526165829,0.00007245167940990095
L48T16beta4.405ms0.021032m0.000760,4295,3.2717864804218104e-12,5.789334567084942e-6,0.00008650923538127504,0.00007244839886505761
L48T16beta4.405ms0.021032m0.000760,4296,3.2719509735451878e-12,5.7896256330609505e-6,0.00008651358474038327,0.00007245204129817
L48T16beta4.405ms0.021032m0.000760,4297,3.2717653117449695e-12,5.789297109703995e-6,0.00008650867566074971,0.00007244793011908277
L48T16beta4.405ms0.021032m0.000760,4298,3.2718988714501063e-12,5.7895334398625625e-6,0.00008651220711001704,0.00007245088758187808
L48T16beta4.405ms0.021032m0.000760,4299,3.271771798415924e-12,5.7893085876866215e-6,0.00008650884717467575,0.00007244807375587796
L48T16beta4.405ms0.021032m0.000760,4300,3.271885785783688e-12,5.789510285142234e-6,0.00008651186111219503,0.00007245059782104382
L48T16beta4.405ms0.021032m0.000760,4301,3.271697176957323e-12,5.789176547105028e-6,0.00008650687411030702,0.00007244642138484794
L48T16beta4.405ms0.021032m0.000760,4302,3.271847687035814e-12,5.789442870474636e-6,0.00008651085374402865,0.0000724497541861371
L48T16beta4.405ms0.021032m0.000760,4303,3.2712146590140913e-12,5.788322745114982e-6,0.00008649411586383327,0.00007243573680851023
L48T16beta4.405ms0.021032m0.000760,4304,3.2718689255399333e-12,5.789480451412997e-6,0.00008651141531085553,0.00007245022447832362
L48T16beta4.405ms0.021032m0.000760,4305,3.2663029014722656e-12,5.779631527673933e-6,0.00008636424418917963,0.00007232697391348393
L48T16beta4.405ms0.021032m0.000760,4306,3.2718778281209068e-12,5.789496204280757e-6,0.000086511650703806,0.00007245042161152323
L48T16beta4.405ms0.021032m0.000760,4307,3.271325297928266e-12,5.788518517575725e-6,0.00008649704126496381,0.0000724381867276086
L48T16beta4.405ms0.021032m0.000760,4308,3.271887199216979e-12,5.7895127861728665e-6,0.00008651189848475404,0.00007245062911922892
L48T16beta4.405ms0.021032m0.000760,4309,3.2716806494916374e-12,5.7891473022172665e-6,0.00008650643710794523,0.00007244605541095774
L48T16beta4.405ms0.021032m0.000760,4310,3.271959286088304e-12,5.789640341873244e-6,0.00008651380453215557,0.00007245222536593937
L48T16beta4.405ms0.021032m0.000760,4311,3.2719570169002733e-12,5.7896363266085604e-6,0.00008651374453260406,0.00007245217511845515
L48T16beta4.405ms0.021032m0.000760,4312,3.27152134709204e-12,5.788865421081646e-6,0.00008650222499665189,0.00007244252791799471
L48T16beta4.405ms0.021032m0.000760,4313,3.2718710987485433e-12,5.789484296844782e-6,0.00008651147277261725,0.00007245027260049942
L48T16beta4.405ms0.021032m0.000760,4314,3.2714944273923594e-12,5.788817787426813e-6,0.0000865015132134564,0.00007244193182495764
L48T16beta4.405ms0.021032m0.000760,4315,3.2716717557383354e-12,5.789131564969824e-6,0.00008650620194840704,0.0000724458584732326
L48T16beta4.405ms0.021032m0.000760,4316,3.2717828207365524e-12,5.789328091374349e-6,0.00008650913861561648,0.00007244831782727018
L48T16beta4.405ms0.021032m0.000760,4317,3.2718956277242e-12,5.7895277001803955e-6,0.00008651212134273069,0.00007245081575483506
L48T16beta4.405ms0.021032m0.000760,4318,3.271933677000056e-12,5.789595027308643e-6,0.00008651312740280851,0.00007245165829426428
L48T16beta4.405ms0.021032m0.000760,4319,3.2713762280870905e-12,5.78860863706572e-6,0.00008649838790818888,0.0000724393144932751
L48T16beta4.405ms0.021032m0.000760,4320,3.271943867441686e-12,5.789613059009775e-6,0.00008651339684805468,0.0000724518839450469
L48T16beta4.405ms0.021032m0.000760,4321,3.2719735290134866e-12,5.789665544330552e-6,0.00008651418112903146,0.0000724525407523898
L48T16beta4.405ms0.021032m0.000760,4322,3.271948334680215e-12,5.7896209636632695e-6,0.00008651351496621175,0.0000724519828647902
L48T16beta4.405ms0.021032m0.000760,4323,3.2719172626794434e-12,5.78956598262792e-6,0.00008651269339211314,0.00007245129482578798
L48T16beta4.405ms0.021032m0.000760,4324,3.271933564940244e-12,5.7895948290219434e-6,0.00008651312443983745,0.0000724516558128817
L48T16beta4.405ms0.021032m0.000760,4325,3.2716984340865655e-12,5.789178771560023e-6,0.00008650690735003407,0.0000724464492219337
L48T16beta4.405ms0.021032m0.000760,4326,3.2716854896364213e-12,5.789155866717938e-6,0.00008650656508610851,0.00007244616258810452
L48T16beta4.405ms0.021032m0.000760,4327,3.2719458661879787e-12,5.789616595735375e-6,0.00008651344969686207,0.00007245192820403798
L48T16beta4.405ms0.021032m0.000760,4328,3.271944691829737e-12,5.789614517741348e-6,0.00008651341864568126,0.00007245190219978164
L48T16beta4.405ms0.021032m0.000760,4329,3.2713258919895296e-12,5.788519568750497e-6,0.0000864970569725248,0.00007243819988213064
L48T16beta4.405ms0.021032m0.000760,4330,3.271588516235657e-12,5.78898427500054e-6,0.00008650400101452173,0.00007244401526961051
L48T16beta4.405ms0.021032m0.000760,4331,3.2719378813539688e-12,5.78960246679517e-6,0.00008651323857003915,0.00007245175139285462
L48T16beta4.405ms0.021032m0.000760,4332,3.271935550213419e-12,5.789598341907239e-6,0.00008651317693240242,0.00007245169977353247
L48T16beta4.405ms0.021032m0.000760,4333,3.2718887078355978e-12,5.789515455631271e-6,0.00008651193837410623,0.00007245066252513854
L48T16beta4.405ms0.021032m0.000760,4334,3.2718263201532633e-12,5.789405062374235e-6,0.00008651028878275046,0.00007244928105121866
L48T16beta4.405ms0.021032m0.000760,4335,3.271907664207964e-12,5.789548998401395e-6,0.00008651243959913689,0.00007245108228322312
L48T16beta4.405ms0.021032m0.000760,4336,3.2719667676391596e-12,5.789653580267999e-6,0.0000865140023516795,0.00007245239103273449
L48T16beta4.405ms0.021032m0.000760,4337,3.2702849289167076e-12,5.786677613740104e-6,0.00008646953289048924,0.00007241514944520425
L48T16beta4.405ms0.021032m0.000760,4338,3.2717568353406826e-12,5.789282110943948e-6,0.00008650845153632777,0.00007244774242287386
L48T16beta4.405ms0.021032m0.000760,4339,3.271725432348552e-12,5.789226544228657e-6,0.00008650762121049382,0.00007244704705460548
L48T16beta4.405ms0.021032m0.000760,4340,3.2719685692650036e-12,5.789656768194484e-6,0.00008651404998842936,0.0000724524309268133
L48T16beta4.405ms0.021032m0.000760,4341,3.2718204884505355e-12,5.789394743339546e-6,0.00008651013458682511,0.00007244915191763132
L48T16beta4.405ms0.021032m0.000760,4342,3.2719351485080436e-12,5.789597631100825e-6,0.0000865131663109193,0.00007245169087841923
L48T16beta4.405ms0.021032m0.000760,4343,3.271969038680075e-12,5.78965759881131e-6,0.0000865140624002231,0.00007245244132124783
L48T16beta4.405ms0.021032m0.000760,4344,3.2719479365879647e-12,5.789620259250179e-6,0.00008651350444026319,0.00007245197404968373
L48T16beta4.405ms0.021032m0.000760,4345,3.271742624020417e-12,5.789256964410655e-6,0.00008650807577511679,0.000072447427736263
L48T16beta4.405ms0.021032m0.000760,4346,3.27162698922651e-12,5.789052351880611e-6,0.0000865050182780386,0.00007244486719152031
L48T16beta4.405ms0.021032m0.000760,4347,3.271530988298978e-12,5.7888824809273695e-6,0.00008650247991959548,0.00007244274140686693
L48T16beta4.405ms0.021032m0.000760,4348,3.2716946957331226e-12,5.78917215664828e-6,0.00008650680850431175,0.00007244636644216706
L48T16beta4.405ms0.021032m0.000760,4349,3.2715136148591366e-12,5.788851739112026e-6,0.00008650202054884937,0.00007244235670025272
L48T16beta4.405ms0.021032m0.000760,4350,3.2719138506454434e-12,5.789559945129294e-6,0.00008651260317459614,0.00007245121927183554
L48T16beta4.405ms0.021032m0.000760,4351,3.2719558014741685e-12,5.7896341759461e-6,0.00008651371239554876,0.00007245214820481767
L48T16beta4.405ms0.021032m0.000760,4352,3.271581310936656e-12,5.788971525425707e-6,0.00008650381049936709,0.00007244385571996414
L48T16beta4.405ms0.021032m0.000760,4353,3.2717765424224683e-12,5.78931698207337e-6,0.00008650897261084992,0.00007244817880419955
L48T16beta4.405ms0.021032m0.000760,4354,3.2719522042708253e-12,5.789627810795506e-6,0.00008651361728197317,0.00007245206855059079
L48T16beta4.405ms0.021032m0.000760,4355,3.2719520941168374e-12,5.789627615881109e-6,0.00008651361436939396,0.00007245206611140959
L48T16beta4.405ms0.021032m0.000760,4356,3.271158025888312e-12,5.788222534384643e-6,0.00008649261842858262,0.00007243448275990102
L48T16beta4.405ms0.021032m0.000760,4357,3.2713735063055332e-12,5.7886038209494645e-6,0.00008649831594162174,0.00007243925422384216
L48T16beta4.405ms0.021032m0.000760,4358,3.271920963353155e-12,5.789572530866434e-6,0.0000865127912415465,0.00007245137677119815
L48T16beta4.405ms0.021032m0.000760,4359,3.271887278877781e-12,5.789512927130425e-6,0.00008651190059106357,0.00007245063088318802
L48T16beta4.405ms0.021032m0.000760,4360,3.2719582469112267e-12,5.789638503078502e-6,0.00008651377705529698,0.0000724522023550504
L48T16beta4.405ms0.021032m0.000760,4361,3.2660492315025914e-12,5.779182665765353e-6,0.00008635753690701222,0.0000723213568039161
L48T16beta4.405ms0.021032m0.000760,4362,3.2719377530946517e-12,5.7896022398438995e-6,0.00008651323517873733,0.00007245174855276032
L48T16beta4.405ms0.021032m0.000760,4363,3.271910638246521e-12,5.789554260879348e-6,0.0000865125182356259,0.00007245114813847771
L48T16beta4.405ms0.021032m0.000760,4364,3.2717318196651884e-12,5.7892378464066e-6,0.0000865077900973945,0.00007244718849136064
L48T16beta4.405ms0.021032m0.000760,4365,3.271960802144931e-12,5.789643024492995e-6,0.00008651384461817595,0.00007245225893655159
L48T16beta4.405ms0.021032m0.000760,4366,3.2719461136274785e-12,5.7896170335726416e-6,0.00008651345623940451,0.0000724519336831839
L48T16beta4.405ms0.021032m0.000760,4367,3.2719592769297604e-12,5.789640325667457e-6,0.00008651380428999472,0.0000724522251631383
L48T16beta4.405ms0.021032m0.000760,4368,3.2719197065415498e-12,5.789570306973489e-6,0.0000865127580102181,0.00007245134894114597
L48T16beta4.405ms0.021032m0.000760,4369,2.6913973560273417e-12,4.762352262364412e-6,0.00007116317912869828,0.00005959662414421733
L48T16beta4.405ms0.021032m0.000760,4370,3.2709565725484556e-12,5.787866068340461e-6,0.00008648729180519192,0.00007243002190281087
L48T16beta4.405ms0.021032m0.000760,4371,3.2717658214470455e-12,5.7892980116075465e-6,0.00008650868913777125,0.00007244794140560758
L48T16beta4.405ms0.021032m0.000760,4372,3.2716145387421577e-12,5.789030321097163e-6,0.00008650468907505183,0.0000724445914957615
L48T16beta4.405ms0.021032m0.000760,4373,3.2719440640062695e-12,5.789613406825302e-6,0.00008651340204541457,0.0000724518882976504
L48T16beta4.405ms0.021032m0.000760,4374,3.2716927882810998e-12,5.789168781465334e-6,0.0000865067580694142,0.00007244632420473937
L48T16beta4.405ms0.021032m0.000760,4375,3.270825256911529e-12,5.787633708997757e-6,0.00008648381969128347,0.00007242711413126214
L48T16beta4.405ms0.021032m0.000760,4376,3.2719116026332362e-12,5.789555967334638e-6,0.0000865125437349541,0.00007245116949325553
L48T16beta4.405ms0.021032m0.000760,4377,3.2719471334022074e-12,5.789618838035471e-6,0.000086513483203246,0.00007245195626443935
L48T16beta4.405ms0.021032m0.000760,4378,3.271944715361371e-12,5.789614559379916e-6,0.00008651341926788068,0.00007245190272085145
L48T16beta4.405ms0.021032m0.000760,4379,3.2717103139751136e-12,5.789199792690172e-6,0.00008650722146590957,0.00007244671228277497
L48T16beta4.405ms0.021032m0.000760,4380,3.2719486885414637e-12,5.789621589810841e-6,0.00008651352432264936,0.00007245199070047294
L48T16beta4.405ms0.021032m0.000760,4381,3.2716654466796022e-12,5.789120401267049e-6,0.00008650603513072189,0.00007244571876937163
L48T16beta4.405ms0.021032m0.000760,4382,3.271864013754691e-12,5.78947176014654e-6,0.00008651128543844844,0.00007245011571481521
L48T16beta4.405ms0.021032m0.000760,4383,3.271937430930964e-12,5.789601669784275e-6,0.00008651322666041426,0.0000724517414189686
L48T16beta4.405ms0.021032m0.000760,4384,3.271888231022223e-12,5.789514611923355e-6,0.00008651192576669411,0.00007245065196688059
L48T16beta4.405ms0.021032m0.000760,4385,3.2719358830311926e-12,5.7895989308189705e-6,0.00008651318573242995,0.00007245170714324163
L48T16beta4.405ms0.021032m0.000760,4386,3.2719537749346073e-12,5.789630590041089e-6,0.00008651365881186017,0.0000724521033303898
L48T16beta4.405ms0.021032m0.000760,4387,3.2717182241511102e-12,5.789213789525113e-6,0.00008650743061870156,0.00007244688744077784
L48T16beta4.405ms0.021032m0.000760,4388,3.271064594779333e-12,5.788057210653376e-6,0.00008649014801865612,0.0000724324138797066
L48T16beta4.405ms0.021032m0.000760,4389,3.2719049041908102e-12,5.789544114628321e-6,0.00008651236662158318,0.00007245102116712498
L48T16beta4.405ms0.021032m0.000760,4390,3.2718907692887983e-12,5.7895191033149884e-6,0.00008651199288094559,0.00007245070817267225
L48T16beta4.405ms0.021032m0.000760,4391,3.2715667606046882e-12,5.788945779020699e-6,0.00008650342577435504,0.00007244353352648961
L48T16beta4.405ms0.021032m0.000760,4392,3.2713086603615323e-12,5.788489077867241e-6,0.00008649660135142259,0.00007243781831570945
L48T16beta4.405ms0.021032m0.000760,4393,3.2717630970846847e-12,5.789293190924631e-6,0.00008650861710296514,0.00007244788107902694
L48T16beta4.405ms0.021032m0.000760,4394,3.2712014523543104e-12,5.788299376300286e-6,0.0000864937666668284,0.00007243544436847444
L48T16beta4.405ms0.021032m0.000760,4395,3.271559861878675e-12,5.7889335719181825e-6,0.00008650324336529013,0.00007244338076540423
L48T16beta4.405ms0.021032m0.000760,4396,3.271509363269902e-12,5.78884421604392e-6,0.0000865019081326706,0.00007244226255571286
L48T16beta4.405ms0.021032m0.000760,4397,3.2713074459942186e-12,5.788486929078282e-6,0.00008649656924236277,0.00007243779142551717
L48T16beta4.405ms0.021032m0.000760,4398,3.2719391769040965e-12,5.789604759234845e-6,0.00008651327282565198,0.00007245178008070849
L48T16beta4.405ms0.021032m0.000760,4399,3.2716480570270207e-12,5.789089630763716e-6,0.00008650557533129507,0.00007244533370375262
L48T16beta4.405ms0.021032m0.000760,4400,3.271913787766482e-12,5.789559833866732e-6,0.00008651260151201487,0.00007245121787948303
L48T16beta4.405ms0.021032m0.000760,4401,3.2719407003854963e-12,5.789607454992525e-6,0.00008651331310799064,0.00007245181381573025
L48T16beta4.405ms0.021032m0.000760,4402,3.2718849452887763e-12,5.7895087979100215e-6,0.00008651183888868729,0.00007245057920964879
L48T16beta4.405ms0.021032m0.000760,4403,3.2719569988875883e-12,5.789636294735619e-6,0.00008651374405633104,0.00007245217471959349
L48T16beta4.405ms0.021032m0.000760,4404,3.271658868582029e-12,5.78910876150758e-6,0.0000865058611993866,0.00007244557310808242
L48T16beta4.405ms0.021032m0.000760,4405,3.2716383388062586e-12,5.789072434644188e-6,0.00008650531837203063,0.00007244511850953434
L48T16beta4.405ms0.021032m0.000760,4406,3.271830599469592e-12,5.789412634504658e-6,0.00008651040193206071,0.00007244937580972999
L48T16beta4.405ms0.021032m0.000760,4407,3.271923104625976e-12,5.789576319788735e-6,0.00008651284785889472,0.00007245142418620775
L48T16beta4.405ms0.021032m0.000760,4408,3.2718092542922607e-12,5.789374864811035e-6,0.00008650983754468977,0.0000724489031554384
L48T16beta4.405ms0.021032m0.000760,4409,3.271924517212234e-12,5.789578819320566e-6,0.00008651288520905734,0.00007245145546563668
L48T16beta4.405ms0.021032m0.000760,4410,3.2676288452994153e-12,5.781977748149647e-6,0.00008639930344116066,0.00007235633478646168
L48T16beta4.405ms0.021032m0.000760,4411,3.2717224748139025e-12,5.789221310953906e-6,0.00008650754301038429,0.00007244698156480313
L48T16beta4.405ms0.021032m0.000760,4412,3.2717670816335477e-12,5.789300241472277e-6,0.00008650872245833523,0.00007244796931039137
L48T16beta4.405ms0.021032m0.000760,4413,3.2718655875683766e-12,5.7894745449657906e-6,0.00008651132705162198,0.00007245015056436372
L48T16beta4.405ms0.021032m0.000760,4414,3.2718991752570017e-12,5.789533977440357e-6,0.00008651221514296857,0.00007245089430918846
L48T16beta4.405ms0.021032m0.000760,4415,3.2718560928849033e-12,5.789457744389236e-6,0.00008651107600290215,0.00007244994032001571
L48T16beta4.405ms0.021032m0.000760,4416,3.2719261153384125e-12,5.789581647160091e-6,0.00008651292746507698,0.00007245149085354585
L48T16beta4.405ms0.021032m0.000760,4417,3.271199973845066e-12,5.788296760119577e-6,0.00008649372757359752,0.00007243541162928802
L48T16beta4.405ms0.021032m0.000760,4418,3.2718300201917003e-12,5.789411609488648e-6,0.00008651038661538655,0.00007244936298256172
L48T16beta4.405ms0.021032m0.000760,4419,3.271861358703448e-12,5.789467062107707e-6,0.0000865112152362961,0.00007245005692301673
L48T16beta4.405ms0.021032m0.000760,4420,3.2719376782778197e-12,5.78960210745761e-6,0.0000865132332005071,0.00007245174689606307
L48T16beta4.405ms0.021032m0.000760,4421,3.271947498658696e-12,5.7896194843466e-6,0.0000865134928609849,0.00007245196435245118
L48T16beta4.405ms0.021032m0.000760,4422,3.2719203386266518e-12,5.789571425430379e-6,0.00008651277472316657,0.00007245136293764417
L48T16beta4.405ms0.021032m0.000760,4423,3.2719618548480656e-12,5.789644887221716e-6,0.0000865138724526767,0.00007245228224695312
L48T16beta4.405ms0.021032m0.000760,4424,3.2717360181163403e-12,5.789245275448357e-6,0.00008650790110855036,0.00007244728145924392
L48T16beta4.405ms0.021032m0.000760,4425,3.271947514262631e-12,5.7896195119573265e-6,0.00008651349327356822,0.000072451964697975
L48T16beta4.405ms0.021032m0.000760,4426,3.2713926705715486e-12,5.788637731581579e-6,0.00008649882266356388,0.00007243967858539403
L48T16beta4.405ms0.021032m0.000760,4427,3.271719280824712e-12,5.789215659279465e-6,0.00008650745855818535,0.00007244691083909892
L48T16beta4.405ms0.021032m0.000760,4428,3.2719637490784334e-12,5.789648239009314e-6,0.00008651392253798078,0.00007245232419160876
L48T16beta4.405ms0.021032m0.000760,4429,3.271907092579839e-12,5.7895479869214325e-6,0.00008651242448473003,0.0000724510696254465
L48T16beta4.405ms0.021032m0.000760,4430,3.271860204051957e-12,5.7894650189842245e-6,0.00008651118470618107,0.00007245003135513439
L48T16beta4.405ms0.021032m0.000760,4431,3.2718874377096934e-12,5.7895132081790465e-6,0.00008651190479073472,0.0000724506344002628
L48T16beta4.405ms0.021032m0.000760,4432,3.271139912340198e-12,5.788190482968435e-6,0.00008649213948864973,0.00007243408166479091
L48T16beta4.405ms0.021032m0.000760,4433,3.2719601703377615e-12,5.7896419065278995e-6,0.0000865138279125763,0.00007245224494620776
L48T16beta4.405ms0.021032m0.000760,4434,3.2719592938307147e-12,5.789640355573222e-6,0.00008651380473687247,0.00007245222553738247
L48T16beta4.405ms0.021032m0.000760,4435,3.271471743016234e-12,5.788777648058421e-6,0.00008650091341635915,0.00007244142951628335
L48T16beta4.405ms0.021032m0.000760,4436,3.2718575860319357e-12,5.789460386471101e-6,0.00008651111548317046,0.00007244997338333217
L48T16beta4.405ms0.021032m0.000760,4437,3.2718913967813935e-12,5.789520213645566e-6,0.0000865120094724637,0.00007245072206747684
L48T16beta4.405ms0.021032m0.000760,4438,3.271941783608287e-12,5.789609371724923e-6,0.00008651334174946097,0.00007245183780194001
L48T16beta4.405ms0.021032m0.000760,4439,3.2715951789438804e-12,5.788996064476186e-6,0.00008650417718304539,0.00007244416280446518
L48T16beta4.405ms0.021032m0.000760,4440,3.271513252117277e-12,5.788851097250462e-6,0.00008650201095759973,0.00007244234866792326
L48T16beta4.405ms0.021032m0.000760,4441,3.2715139543869996e-12,5.788852339897073e-6,0.00008650202952629823,0.0000724423642185459
L48T16beta4.405ms0.021032m0.000760,4442,3.2719064054773e-12,5.789546771112729e-6,0.00008651240631706669,0.00007245105441067649
L48T16beta4.405ms0.021032m0.000760,4443,3.2719435199331846e-12,5.789612444103212e-6,0.00008651338765958992,0.00007245187625003541
L48T16beta4.405ms0.021032m0.000760,4444,3.2714631202605355e-12,5.78876239033365e-6,0.00008650068542226272,0.00007244123857936009
L48T16beta4.405ms0.021032m0.000760,4445,3.27185260440618e-12,5.789451571623812e-6,0.00008651098376411188,0.000072449863073319
L48T16beta4.405ms0.021032m0.000760,4446,3.271630475706765e-12,5.789058521109801e-6,0.00008650511046398742,0.00007244494439396418
L48T16beta4.405ms0.021032m0.000760,4447,3.271940117084198e-12,5.78960642285721e-6,0.00008651329768493366,0.00007245180089947016
L48T16beta4.405ms0.021032m0.000760,4448,3.2702434028617706e-12,5.786604134548623e-6,0.00008646843490097112,0.00007241422991814789
L48T16beta4.405ms0.021032m0.000760,4449,3.271959922990906e-12,5.7896414688545644e-6,0.00008651382137248345,0.00007245223946911328
L48T16beta4.405ms0.021032m0.000760,4450,3.2719601535559212e-12,5.789641876832903e-6,0.000086513827468848,0.00007245224457460115
L48T16beta4.405ms0.021032m0.000760,4451,3.271932930816969e-12,5.789593706958564e-6,0.00008651310767299769,0.00007245164177125147
L48T16beta4.405ms0.021032m0.000760,4452,3.2719207700708244e-12,5.789572188858762e-6,0.00008651278613097259,0.00007245137249127479
L48T16beta4.405ms0.021032m0.000760,4453,3.271896038191072e-12,5.789528426490033e-6,0.00008651213219587636,0.00007245082484395743
L48T16beta4.405ms0.021032m0.000760,4454,3.2717411063358987e-12,5.789254278910395e-6,0.00008650803564605336,0.00007244739412960377
L48T16beta4.405ms0.021032m0.000760,4455,3.271246970329944e-12,5.7883799190836666e-6,0.00008649497020663507,0.00007243645229013251
L48T16beta4.405ms0.021032m0.000760,4456,3.2713986424449943e-12,5.788648298644429e-6,0.00008649898056574017,0.00007243981082283435
L48T16beta4.405ms0.021032m0.000760,4457,3.2717732826558754e-12,5.789311214007657e-6,0.00008650888641943212,0.00007244810662196157
L48T16beta4.405ms0.021032m0.000760,4458,3.2719573088090028e-12,5.789636843132884e-6,0.00008651375225095644,0.00007245218158229997
L48T16beta4.405ms0.021032m0.000760,4459,3.2719149999632737e-12,5.789561978815014e-6,0.00008651263356368397,0.00007245124472161262
L48T16beta4.405ms0.021032m0.000760,4460,3.271940775030275e-12,5.7896075870743705e-6,0.00008651331508167161,0.00007245181546861767
L48T16beta4.405ms0.021032m0.000760,4461,3.2719019271611682e-12,5.789538846857727e-6,0.00008651228790600697,0.00007245095524563766
L48T16beta4.405ms0.021032m0.000760,4462,3.2719516017921717e-12,5.789626744726398e-6,0.00008651360135184815,0.00007245205520967931
L48T16beta4.405ms0.021032m0.000760,4463,3.2719083140542883e-12,5.78955014828627e-6,0.00008651245678170946,0.00007245109667301474
L48T16beta4.405ms0.021032m0.000760,4464,3.2717897645141307e-12,5.789340378194348e-6,0.00008650932221588885,0.00007244847158594931
L48T16beta4.405ms0.021032m0.000760,4465,3.2719465614564447e-12,5.789617825993458e-6,0.00008651346808044049,0.00007245194359962917
L48T16beta4.405ms0.021032m0.000760,4466,3.2719510317919378e-12,5.789625736126944e-6,0.00008651358628048433,0.0000724520425879497
L48T16beta4.405ms0.021032m0.000760,4467,3.271389817195482e-12,5.788632682612524e-6,0.00008649874721750919,0.00007243961540201437
L48T16beta4.405ms0.021032m0.000760,4468,3.2716524257979695e-12,5.789097361181585e-6,0.00008650569084587298,0.00007244543044309125
L48T16beta4.405ms0.021032m0.000760,4469,3.2717173887251613e-12,5.789212311262289e-6,0.00008650740852922216,0.00007244686894162676
L48T16beta4.405ms0.021032m0.000760,4470,3.271936125467904e-12,5.789599359803943e-6,0.0000865131921426938,0.00007245171251160895
L48T16beta4.405ms0.021032m0.000760,4471,3.2719496671027458e-12,5.78962332134763e-6,0.000086513550196767,0.00007245201236912354
L48T16beta4.405ms0.021032m0.000760,4472,3.271954237930757e-12,5.789631409299813e-6,0.00008651367105393134,0.00007245211358268772
L48T16beta4.405ms0.021032m0.000760,4473,3.2719217772459382e-12,5.789573971026925e-6,0.00008651281276166793,0.00007245139479353223
L48T16beta4.405ms0.021032m0.000760,4474,3.271871355809808e-12,5.789484751707492e-6,0.00008651147956956859,0.00007245027829270371
L48T16beta4.405ms0.021032m0.000760,4475,3.271785552563391e-12,5.789332925265449e-6,0.00008650921084779068,0.00007244837831913956
L48T16beta4.405ms0.021032m0.000760,4476,3.271940172935433e-12,5.789606521684407e-6,0.00008651329916169496,0.00007245180213620508
L48T16beta4.405ms0.021032m0.000760,4477,3.271413531616611e-12,5.788674644616708e-6,0.00008649937425000402,0.00007244014051936267
L48T16beta4.405ms0.021032m0.000760,4478,3.271953059297646e-12,5.789629323741524e-6,0.00008651363988971878,0.00007245208748377133
L48T16beta4.405ms0.021032m0.000760,4479,3.2719541213843176e-12,5.789631203074151e-6,0.00008651366797232944,0.00007245211100195606
L48T16beta4.405ms0.021032m0.000760,4480,3.271922905732052e-12,5.7895759678515055e-6,0.00008651284259994479,0.00007245141978202478
L48T16beta4.405ms0.021032m0.000760,4481,3.2719483044517268e-12,5.789620910174806e-6,0.00008651351416694095,0.0000724519821954294
L48T16beta4.405ms0.021032m0.000760,4482,3.271946935156793e-12,5.789618487245761e-6,0.0000865134779614433,0.00007245195187461656
L48T16beta4.405ms0.021032m0.000760,4483,3.2717547971147137e-12,5.789278504360167e-6,0.00008650839764363913,0.00007244769728966947
L48T16beta4.405ms0.021032m0.000760,4484,3.2719475294827545e-12,5.7896195388889085e-6,0.00008651349367600317,0.00007245196503499992
L48T16beta4.405ms0.021032m0.000760,4485,3.271667973630347e-12,5.789124872635637e-6,0.00008650610194577172,0.00007244577472459259
L48T16beta4.405ms0.021032m0.000760,4486,3.2684842269607398e-12,5.783491322048674e-6,0.00008642192056911908,0.00007237527582437851
L48T16beta4.405ms0.021032m0.000760,4487,3.2709461126312342e-12,5.787847559809815e-6,0.00008648701523474749,0.00007242979028492888
L48T16beta4.405ms0.021032m0.000760,4488,3.26857188775041e-12,5.783646435361493e-6,0.00008642423840615785,0.00007237721693022171
L48T16beta4.405ms0.021032m0.000760,4489,3.270849222557336e-12,5.787676115536974e-6,0.00008648445336640458,0.00007242764481157301
L48T16beta4.405ms0.021032m0.000760,4490,3.2706974968674516e-12,5.787407641177043e-6,0.00008648044159072846,0.00007242428509254348
L48T16beta4.405ms0.021032m0.000760,4491,3.270305138884601e-12,5.786713374712413e-6,0.00008647006726181206,0.00007241559696212619
L48T16beta4.405ms0.021032m0.000760,4492,3.271966118573694e-12,5.7896524317648315e-6,0.00008651398518975359,0.0000724523766602337
L48T16beta4.405ms0.021032m0.000760,4493,3.2718954354741907e-12,5.789527359999387e-6,0.00008651211625945237,0.0000724508114977708
L48T16beta4.405ms0.021032m0.000760,4494,3.270826818893223e-12,5.787636472880629e-6,0.00008648386099160759,0.00007242714871881042
L48T16beta4.405ms0.021032m0.000760,4495,3.2717451778909273e-12,5.789261483413015e-6,0.00008650814330195158,0.00007244748428757847
L48T16beta4.405ms0.021032m0.000760,4496,3.2713566337136264e-12,5.788573965370518e-6,0.00008649786981378501,0.00007243888060769218
L48T16beta4.405ms0.021032m0.000760,4497,3.2716061023337077e-12,5.7890153931086305e-6,0.00008650446600815894,0.00007244440468519544
L48T16beta4.405ms0.021032m0.000760,4498,3.2719418984606607e-12,5.789609574952982e-6,0.00008651334478627008,0.00007245184034515932
L48T16beta4.405ms0.021032m0.000760,4499,3.271920619629832e-12,5.789571922657638e-6,0.00008651278215316557,0.00007245136916000331
L48T16beta4.405ms0.021032m0.000760,4500,3.2719590768314615e-12,5.78963997159912e-6,0.00008651379899919992,0.00007245222073228639
L48T16beta4.405ms0.021032m0.000760,4501,3.2719271060625583e-12,5.789583400218727e-6,0.00008651295366079263,0.00007245151279152333
L48T16beta4.405ms0.021032m0.000760,4502,3.2717186674405092e-12,5.789214573913293e-6,0.00008650744233970694,0.00007244689725670176
L48T16beta4.405ms0.021032m0.000760,4503,3.2717364095911458e-12,5.789245968152064e-6,0.00008650791145952719,0.0000724472901278178
L48T16beta4.405ms0.021032m0.000760,4504,3.2716299852879234e-12,5.789057653327392e-6,0.00008650509749683347,0.00007244493353443529
L48T16beta4.405ms0.021032m0.000760,4505,3.271957841778015e-12,5.789637786206628e-6,0.00008651376634317853,0.0000724521933840333
L48T16beta4.405ms0.021032m0.000760,4506,3.2719072425046705e-12,5.789548252209224e-6,0.00008651242844888926,0.00007245107294528846
L48T16beta4.405ms0.021032m0.000760,4507,3.2715506653110943e-12,5.788917298849353e-6,0.00008650300019904615,0.00007244317712234859
L48T16beta4.405ms0.021032m0.000760,4508,3.2716775663578838e-12,5.789141846698417e-6,0.00008650635558687252,0.00007244598713996718
L48T16beta4.405ms0.021032m0.000760,4509,3.271838018392949e-12,5.789425762081808e-6,0.00008651059809565233,0.00007244954008974086
L48T16beta4.405ms0.021032m0.000760,4510,3.2717460261150146e-12,5.789262984321787e-6,0.00008650816572982627,0.00007244750307012352
L48T16beta4.405ms0.021032m0.000760,4511,3.2715902775612613e-12,5.78898739161688e-6,0.00008650404758569385,0.00007244405427130597
L48T16beta4.405ms0.021032m0.000760,4512,3.2714462487406547e-12,5.788732536651624e-6,0.00008650023932277139,0.00007244086498694838
L48T16beta4.405ms0.021032m0.000760,4513,3.271563748396709e-12,5.788940449003022e-6,0.00008650334612862918,0.00007244346682603516
L48T16beta4.405ms0.021032m0.000760,4514,3.271067117468443e-12,5.788061674481121e-6,0.00008649021472102418,0.00007243246974056059
L48T16beta4.405ms0.021032m0.000760,4515,3.2716601483296985e-12,5.789111025985248e-6,0.00008650589503716697,0.0000724456014460165
L48T16beta4.405ms0.021032m0.000760,4516,3.2718221855472198e-12,5.78939774630461e-6,0.00008651017945972172,0.00007244918949708162
L48T16beta4.405ms0.021032m0.000760,4517,3.2710383154630304e-12,5.788010710138999e-6,0.00008648945316782362,0.00007243183196691956
L48T16beta4.405ms0.021032m0.000760,4518,3.2719691395167004e-12,5.789657777238895e-6,0.00008651406506644211,0.00007245244355411115
L48T16beta4.405ms0.021032m0.000760,4519,3.271240495610095e-12,5.788368462248186e-6,0.00008649479900870795,0.00007243630891797514
L48T16beta4.405ms0.021032m0.000760,4520,3.2718793965479924e-12,5.789498979568569e-6,0.00008651169217455255,0.00007245045634179421
L48T16beta4.405ms0.021032m0.000760,4521,3.2719170478904168e-12,5.7895656025647516e-6,0.00008651268771288115,0.00007245129006963377
L48T16beta4.405ms0.021032m0.000760,4522,3.2718554450370475e-12,5.789456598040595e-6,0.00008651105887317104,0.00007244992597447693
L48T16beta4.405ms0.021032m0.000760,4523,3.2717033874558317e-12,5.789187536408245e-6,0.00008650703832196343,0.0000724465589062528
L48T16beta4.405ms0.021032m0.000760,4524,3.2713812215845426e-12,5.788617472919644e-6,0.00008649851994114672,0.0000724394250661677
L48T16beta4.405ms0.021032m0.000760,4525,3.271680059347901e-12,5.789146257974449e-6,0.0000865064215039675,0.00007244604234318297
L48T16beta4.405ms0.021032m0.000760,4526,3.2716602413180342e-12,5.789111190525505e-6,0.00008650589749586953,0.00007244560350509219
L48T16beta4.405ms0.021032m0.000760,4527,3.2717625091114704e-12,5.789292150522492e-6,0.00008650860155637813,0.00007244786805931486
L48T16beta4.405ms0.021032m0.000760,4528,3.2718693750497305e-12,5.789481246807997e-6,0.00008651142719633432,0.00007245023443198817
L48T16beta4.405ms0.021032m0.000760,4529,3.271821960805556e-12,5.789397348630529e-6,0.00008651017351733228,0.00007244918452054242
L48T16beta4.405ms0.021032m0.000760,4530,3.2718040815282263e-12,5.789365711749914e-6,0.0000865097007717481,0.00007244878861297842
L48T16beta4.405ms0.021032m0.000760,4531,3.2719386256312316e-12,5.789603783772947e-6,0.00008651325824945812,0.00007245176787366605
L48T16beta4.405ms0.021032m0.000760,4532,3.271923110369918e-12,5.78957632995248e-6,0.00008651284801077017,0.00007245142431339803
L48T16beta4.405ms0.021032m0.000760,4533,3.2712084393835085e-12,5.7883117396528155e-6,0.0000864939514107159,0.00007243559908489044
L48T16beta4.405ms0.021032m0.000760,4534,3.271345648119817e-12,5.788554526669869e-6,0.00008649757934393732,0.00007243863734955574
L48T16beta4.405ms0.021032m0.000760,4535,3.271685622395601e-12,5.789156101631589e-6,0.0000865065685963911,0.00007244616552784098
L48T16beta4.405ms0.021032m0.000760,4536,3.271267019996852e-12,5.78841539640787e-6,0.00008649550033944303,0.00007243689625744944
L48T16beta4.405ms0.021032m0.000760,4537,3.271698889313835e-12,5.78917957707193e-6,0.00008650691938668843,0.00007244645930220238
L48T16beta4.405ms0.021032m0.000760,4538,3.271536567453539e-12,5.788892353085148e-6,0.00008650262743790024,0.00007244286494818521
L48T16beta4.405ms0.021032m0.000760,4539,3.271924356990658e-12,5.789578535812974e-6,0.00008651288097264213,0.00007245145191779004
L48T16beta4.405ms0.021032m0.000760,4540,3.2719224987724255e-12,5.789575247747841e-6,0.00008651283183953413,0.00007245141077056467
L48T16beta4.405ms0.021032m0.000760,4541,3.2719506737881687e-12,5.789625102649298e-6,0.00008651357681451444,0.00007245203466053757
L48T16beta4.405ms0.021032m0.000760,4542,3.2710472531826363e-12,5.788026525183586e-6,0.0000864896894898739,0.00007243202987820711
L48T16beta4.405ms0.021032m0.000760,4543,3.269655170971557e-12,5.785563274689383e-6,0.00008645288147431759,0.0000724012044781131
L48T16beta4.405ms0.021032m0.000760,4544,3.271730891820004e-12,5.789236204610526e-6,0.00008650776556426009,0.00007244716794573567
L48T16beta4.405ms0.021032m0.000760,4545,3.2718388479558417e-12,5.789427229970119e-6,0.00008651062003010678,0.00007244955845906405
L48T16beta4.405ms0.021032m0.000760,4546,3.271909520507138e-12,5.789552283070806e-6,0.00008651248868150309,0.00007245112338795404
L48T16beta4.405ms0.021032m0.000760,4547,3.2718612925554687e-12,5.78946694506071e-6,0.00008651121348727881,0.00007245005545827713
L48T16beta4.405ms0.021032m0.000760,4548,3.2719513703801236e-12,5.789626335249258e-6,0.0000865135952330872,0.00007245205008543527
L48T16beta4.405ms0.021032m0.000760,4549,3.2718177215909435e-12,5.78938984745897e-6,0.00008651006142835063,0.0000724490906500185
L48T16beta4.405ms0.021032m0.000760,4550,3.271953201585946e-12,5.789629575516687e-6,0.00008651364365196065,0.0000724520906345147
L48T16beta4.405ms0.021032m0.000760,4551,3.271847292503749e-12,5.7894421723611936e-6,0.00008651084331221487,0.00007244974544986515
L48T16beta4.405ms0.021032m0.000760,4552,3.2718785575353883e-12,5.789497494959259e-6,0.00008651166999023849,0.0000724504377632225
L48T16beta4.405ms0.021032m0.000760,4553,3.266490509688022e-12,5.779963495158684e-6,0.00008636920473394423,0.00007233112819278265
L48T16beta4.405ms0.021032m0.000760,4554,3.271529677409613e-12,5.788880161345343e-6,0.0000865024452583982,0.00007244271237935056
L48T16beta4.405ms0.021032m0.000760,4555,3.2718302614505065e-12,5.789412036389351e-6,0.00008651039299450541,0.00007244936832484622
L48T16beta4.405ms0.021032m0.000760,4556,3.27192005180012e-12,5.789570917898862e-6,0.00008651276713919246,0.00007245135658633637
L48T16beta4.405ms0.021032m0.000760,4557,3.2712500796158397e-12,5.788385420877999e-6,0.00008649505241919602,0.0000724365211402198
L48T16beta4.405ms0.021032m0.000760,4558,3.271913761574635e-12,5.7895597875209925e-6,0.00008651260081947681,0.0000724512172995071
L48T16beta4.405ms0.021032m0.000760,4559,3.2717419928485223e-12,5.78925584756966e-6,0.00008650805908631442,0.0000724474137599863
L48T16beta4.405ms0.021032m0.000760,4560,3.2717833851119582e-12,5.789329090020827e-6,0.00008650915353825436,0.00007244833032444711
L48T16beta4.405ms0.021032m0.000760,4561,3.2713968572701184e-12,5.788645139827471e-6,0.00008649893336396999,0.00007243977129303548
L48T16beta4.405ms0.021032m0.000760,4562,3.2714955979786576e-12,5.788819858746491e-6,0.00008650154416490331,0.0000724419577456904
L48T16beta4.405ms0.021032m0.000760,4563,3.2715395464287097e-12,5.788897624298302e-6,0.00008650270620491813,0.00007244293091275309
L48T16beta4.405ms0.021032m0.000760,4564,3.270403269266197e-12,5.786887013674996e-6,0.0000864726619251039,0.000072417769900082
L48T16beta4.405ms0.021032m0.000760,4565,3.2707623586403808e-12,5.787522412268112e-6,0.00008648215659945997,0.0000724257213511821
L48T16beta4.405ms0.021032m0.000760,4566,3.2694908087412397e-12,5.785272440324979e-6,0.00008644853557614991,0.00007239756494341497
L48T16beta4.405ms0.021032m0.000760,4567,3.2688576542072055e-12,5.784152091105332e-6,0.00008643179435084525,0.0000723835447643784
L48T16beta4.405ms0.021032m0.000760,4568,3.2719340499724854e-12,5.789595687272914e-6,0.00008651313726456444,0.0000724516665531331
L48T16beta4.405ms0.021032m0.000760,4569,3.2719451268605647e-12,5.789615287516217e-6,0.00008651343014832194,0.00007245191183283291
L48T16beta4.405ms0.021032m0.000760,4570,3.27184758839618e-12,5.789442695934566e-6,0.00008651085113590024,0.00007244975200192258
L48T16beta4.405ms0.021032m0.000760,4571,3.271743007117537e-12,5.7892576422902825e-6,0.00008650808590457945,0.00007244743621932666
L48T16beta4.405ms0.021032m0.000760,4572,3.2717927911613746e-12,5.7893457337619e-6,0.000086509402243403,0.00007244853860613783
L48T16beta4.405ms0.021032m0.000760,4573,3.271534546168229e-12,5.788888776477388e-6,0.0000865025739931392,0.0000724428201901042
L48T16beta4.405ms0.021032m0.000760,4574,3.2712141603234436e-12,5.788321862695844e-6,0.00008649410267796467,0.00007243572576581562
L48T16beta4.405ms0.021032m0.000760,4575,3.2718891449443032e-12,5.789516229082886e-6,0.00008651194993168802,0.00007245067220420103
L48T16beta4.405ms0.021032m0.000760,4576,3.271313866106912e-12,5.78849828928793e-6,0.00008649673899642329,0.00007243793358848776
L48T16beta4.405ms0.021032m0.000760,4577,3.271773880555257e-12,5.789312271973872e-6,0.00008650890222847671,0.00007244811986147251
L48T16beta4.405ms0.021032m0.000760,4578,3.2709353446719527e-12,5.7878285062073695e-6,0.00008648673051936963,0.00007242955184595566
L48T16beta4.405ms0.021032m0.000760,4579,3.2718890467678907e-12,5.789516055362473e-6,0.00008651194733580762,0.00007245067003024378
L48T16beta4.405ms0.021032m0.000760,4580,3.2715273794092273e-12,5.788876095098004e-6,0.00008650238449701983,0.00007244266149386352
L48T16beta4.405ms0.021032m0.000760,4581,3.271534375729318e-12,5.788888474890508e-6,0.00008650256948656764,0.00007244281641601126
L48T16beta4.405ms0.021032m0.000760,4582,3.2715802141083988e-12,5.788969584618817e-6,0.00008650378149815492,0.0000724438314324834
L48T16beta4.405ms0.021032m0.000760,4583,3.271806959534423e-12,5.789370804301294e-6,0.00008650977686904753,0.00007244885234175232
L48T16beta4.405ms0.021032m0.000760,4584,3.271092010191811e-12,5.788105721458124e-6,0.00008649087290898296,0.00007243302094949864
L48T16beta4.405ms0.021032m0.000760,4585,3.2719336202356136e-12,5.789594926865552e-6,0.00008651312590190112,0.00007245165703730788
L48T16beta4.405ms0.021032m0.000760,4586,3.2716934709499506e-12,5.789169989428751e-6,0.00008650677611984647,0.00007244633932133254
L48T16beta4.405ms0.021032m0.000760,4587,3.2705540142242773e-12,5.78715375265746e-6,0.00008647664776927167,0.00007242110790239826
L48T16beta4.405ms0.021032m0.000760,4588,3.2716025232753985e-12,5.789009060065166e-6,0.0000865043713743558,0.00007244432543276088
L48T16beta4.405ms0.021032m0.000760,4589,3.2719505125210365e-12,5.7896248172916234e-6,0.00008651357255045369,0.0000724520310895388
L48T16beta4.405ms0.021032m0.000760,4590,3.2719521248747213e-12,5.789627670306323e-6,0.0000865136151826625,0.000072452066792493
L48T16beta4.405ms0.021032m0.000760,4591,3.2719199256319155e-12,5.789570694647757e-6,0.00008651276380318171,0.00007245135379254637
L48T16beta4.405ms0.021032m0.000760,4592,3.2719218136021805e-12,5.7895740353582775e-6,0.00008651281372296255,0.00007245139559858219
L48T16beta4.405ms0.021032m0.000760,4593,3.2719484094573424e-12,5.789621095979303e-6,0.00008651351694339216,0.00007245198452060826
L48T16beta4.405ms0.021032m0.000760,4594,3.271583159149312e-12,5.788974795786252e-6,0.00008650385936791786,0.00007244389664563228
L48T16beta4.405ms0.021032m0.000760,4595,3.271556567502845e-12,5.7889277426123945e-6,0.00008650315625877024,0.00007244330781680091
L48T16beta4.405ms0.021032m0.000760,4596,3.2719333454925362e-12,5.789594440715369e-6,0.00008651311863742538,0.00007245165095356857
L48T16beta4.405ms0.021032m0.000760,4597,3.2718289408599673e-12,5.789409699641368e-6,0.00008651035807679959,0.0000724493390825131
L48T16beta4.405ms0.021032m0.000760,4598,3.2718720549560965e-12,5.789485988827274e-6,0.00008651149805568044,0.000072450293774163
L48T16beta4.405ms0.021032m0.000760,4599,3.2719026502758423e-12,5.789540126388895e-6,0.00008651230702586637,0.00007245097125783792
L48T16beta4.405ms0.021032m0.000760,4600,3.2719321911983873e-12,5.789592398224193e-6,0.0000865130881167588,0.00007245162539359898
L48T16beta4.405ms0.021032m0.000760,4601,3.2719456623045014e-12,5.789616234969271e-6,0.00008651344430598346,0.00007245192368936943
L48T16beta4.405ms0.021032m0.000760,4602,3.271954976093501e-12,5.789632715458119e-6,0.00008651369057167644,0.00007245212992810306
L48T16beta4.405ms0.021032m0.000760,4603,3.2719677696129618e-12,5.789655353232587e-6,0.00008651402884484708,0.00007245241321981732
L48T16beta4.405ms0.021032m0.000760,4604,3.271541490686961e-12,5.788901064608838e-6,0.0000865027576130084,0.00007244297396519498
L48T16beta4.405ms0.021032m0.000760,4605,3.2718258871473737e-12,5.789404296182438e-6,0.00008651027733365113,0.00007244927146300635
L48T16beta4.405ms0.021032m0.000760,4606,3.271646434429531e-12,5.789086759622891e-6,0.00008650553242823003,0.000072445297773966
L48T16beta4.405ms0.021032m0.000760,4607,3.2719176598584863e-12,5.7895666854251154e-6,0.0000865127038939156,0.00007245130362067294
L48T16beta4.405ms0.021032m0.000760,4608,3.271893848425615e-12,5.78952455176137e-6,0.0000865120742963354,0.00007245077635515715
L48T16beta4.405ms0.021032m0.000760,4609,3.2718373080367087e-12,5.789424505126331e-6,0.00008651057931313838,0.00007244952436005539
L48T16beta4.405ms0.021032m0.000760,4610,3.2719111062586943e-12,5.789555089013784e-6,0.00008651253061032562,0.00007245115850184732
L48T16beta4.405ms0.021032m0.000760,4611,3.271910489936346e-12,5.789553998448646e-6,0.00008651251431415976,0.0000724511448543897
L48T16beta4.405ms0.021032m0.000760,4612,3.2716260730544983e-12,5.789050730739889e-6,0.00008650499405355431,0.00007244484690437879
L48T16beta4.405ms0.021032m0.000760,4613,3.2719534408992236e-12,5.789629998974831e-6,0.00008651364997963784,0.00007245209593371863
L48T16beta4.405ms0.021032m0.000760,4614,3.2719571222102915e-12,5.789636512951689e-6,0.00008651374731710395,0.0000724521774503745
L48T16beta4.405ms0.021032m0.000760,4615,3.2719628822990306e-12,5.78964670526743e-6,0.0000865138996194854,0.00007245230499818636
L48T16beta4.405ms0.021032m0.000760,4616,3.2716573129266122e-12,5.789106008818878e-6,0.00008650582006633545,0.0000724455386606193
L48T16beta4.405ms0.021032m0.000760,4617,3.27181798742694e-12,5.7893903178483225e-6,0.00008651006845731444,0.00007244909653652496
L48T16beta4.405ms0.021032m0.000760,4618,3.2717147748476606e-12,5.78920768607924e-6,0.00008650733941574385,0.00007244681106155394
L48T16beta4.405ms0.021032m0.000760,4619,3.271770855707958e-12,5.789306919591272e-6,0.00008650882224855488,0.00007244805288114084
L48T16beta4.405ms0.021032m0.000760,4620,3.2719500998571725e-12,5.789624087094471e-6,0.00008651356163921741,0.00007245202195176761
L48T16beta4.405ms0.021032m0.000760,4621,3.2719195655502687e-12,5.789570057493365e-6,0.00008651275428227069,0.00007245134581912299
L48T16beta4.405ms0.021032m0.000760,4622,3.2647416751990095e-12,5.776868981497742e-6,0.00008632296383914312,0.00007229240309279
L48T16beta4.405ms0.021032m0.000760,4623,3.271523589572063e-12,5.7888693890872575e-6,0.00008650228429001756,0.00007244257757407348
L48T16beta4.405ms0.021032m0.000760,4624,3.271651148128178e-12,5.789095100380663e-6,0.00008650565706303373,0.00007244540215116839
L48T16beta4.405ms0.021032m0.000760,4625,3.2714990357280485e-12,5.788825941747781e-6,0.00008650163506236041,0.00007244203386906843
L48T16beta4.405ms0.021032m0.000760,4626,3.271830383912942e-12,5.789412253083201e-6,0.000086510396232532,0.00007244937103657799
L48T16beta4.405ms0.021032m0.000760,4627,3.2718301323176867e-12,5.789411807892442e-6,0.00008651038958010732,0.00007244936546540961
L48T16beta4.405ms0.021032m0.000760,4628,3.271889533480963e-12,5.789516916587627e-6,0.00008651196020497742,0.00007245068080771444
L48T16beta4.405ms0.021032m0.000760,4629,3.2719483694482706e-12,5.78962102518437e-6,0.00008651351588551316,0.00007245198363467233
L48T16beta4.405ms0.021032m0.000760,4630,3.271932259940405e-12,5.789592519861268e-6,0.00008651308993436501,0.00007245162691577934
L48T16beta4.405ms0.021032m0.000760,4631,3.271941535361459e-12,5.7896089324591116e-6,0.00008651333518557196,0.0000724518323049171
L48T16beta4.405ms0.021032m0.000760,4632,3.2683195602750175e-12,5.783199948958956e-6,0.00008641756662085264,0.00007237162954800982
L48T16beta4.405ms0.021032m0.000760,4633,3.271950380119199e-12,5.789624583010279e-6,0.00008651356904961958,0.0000724520281577151
L48T16beta4.405ms0.021032m0.000760,4634,3.27137783807173e-12,5.7886114858884605e-6,0.00008649843047775782,0.00007243935014377064
L48T16beta4.405ms0.021032m0.000760,4635,3.2718517723021882e-12,5.789450099239098e-6,0.00008651096176246827,0.00007244984464772729
L48T16beta4.405ms0.021032m0.000760,4636,3.2719477728856128e-12,5.789619969583451e-6,0.00008651350011181286,0.00007245197042476096
L48T16beta4.405ms0.021032m0.000760,4637,3.2719319614274655e-12,5.78959199165098e-6,0.00008651308204139084,0.00007245162030569502
L48T16beta4.405ms0.021032m0.000760,4638,3.2718378069655844e-12,5.7894253879670066e-6,0.00008651059250530596,0.00007244953540802518
L48T16beta4.405ms0.021032m0.000760,4639,3.271913426758393e-12,5.789559195073027e-6,0.00008651259196660781,0.0000724512098855451
L48T16beta4.405ms0.021032m0.000760,4640,3.2719466566814768e-12,5.789617994491486e-6,0.0000865134705982835,0.00007245194570823288
L48T16beta4.405ms0.021032m0.000760,4641,3.2716004773731935e-12,5.789005439898499e-6,0.00008650431727869996,0.0000724442801295787
L48T16beta4.405ms0.021032m0.000760,4642,3.2719440459935844e-12,5.78961337495236e-6,0.00008651340156914155,0.00007245188789878874
L48T16beta4.405ms0.021032m0.000760,4643,3.2719319482322804e-12,5.78959196830247e-6,0.00008651308169249725,0.00007245162001350908
L48T16beta4.405ms0.021032m0.000760,4644,3.2719407551250006e-12,5.789607551852545e-6,0.00008651331455535669,0.00007245181502784769
L48T16beta4.405ms0.021032m0.000760,4645,3.2718203385654085e-12,5.7893944781220105e-6,0.00008651013062371571,0.00007244914859866856
L48T16beta4.405ms0.021032m0.000760,4646,3.2719537284007347e-12,5.789630507700705e-6,0.00008651365758145906,0.00007245210229997275
L48T16beta4.405ms0.021032m0.000760,4647,3.2718507245224325e-12,5.789448245222158e-6,0.00008651093405814647,0.00007244982144634599
L48T16beta4.405ms0.021032m0.000760,4648,3.2719408149599374e-12,5.78960765772879e-6,0.00008651331613745095,0.00007245181635279519
L48T16beta4.405ms0.021032m0.000760,4649,3.2714467080178006e-12,5.788733349329674e-6,0.00008650025146650845,0.000072440875156895
L48T16beta4.405ms0.021032m0.000760,4650,3.2718720059340647e-12,5.789485902084161e-6,0.00008651149675948996,0.00007245029268864971
L48T16beta4.405ms0.021032m0.000760,4651,3.2719569144489914e-12,5.789636145323886e-6,0.00008651374182369191,0.00007245217284983787
L48T16beta4.405ms0.021032m0.000760,4652,3.2719436782621713e-12,5.789612724261921e-6,0.00008651339184596323,0.00007245187975597373
L48T16beta4.405ms0.021032m0.000760,4653,3.2717179592680258e-12,5.789213320821912e-6,0.00008650742361493368,0.00007244688157537206
L48T16beta4.405ms0.021032m0.000760,4654,3.2717813635354807e-12,5.789325512897854e-6,0.00008650910008579455,0.00007244828555991866
L48T16beta4.405ms0.021032m0.000760,4655,3.2718363199992455e-12,5.789422756821705e-6,0.00008651055318846125,0.00007244950248157014
L48T16beta4.405ms0.021032m0.000760,4656,3.2718877296448926e-12,5.789513724750207e-6,0.000086511912509787,0.00007245064086469375
L48T16beta4.405ms0.021032m0.000760,4657,3.2719521063326407e-12,5.7896276374966305e-6,0.00008651361469239176,0.00007245206638190874
L48T16beta4.405ms0.021032m0.000760,4658,3.2719728277363808e-12,5.789664303440349e-6,0.0000865141625865787,0.00007245252522374703
L48T16beta4.405ms0.021032m0.000760,4659,3.271867104511741e-12,5.789477229154599e-6,0.00008651136716108857,0.00007245018415461129
L48T16beta4.405ms0.021032m0.000760,4660,3.2715945509086547e-12,5.788994953185439e-6,0.0000865041605771796,0.0000724441488976449
L48T16beta4.405ms0.021032m0.000760,4661,3.271963966514438e-12,5.7896486237562356e-6,0.00008651392828720146,0.000072452329006376
L48T16beta4.405ms0.021032m0.000760,4662,3.271429397152518e-12,5.78870271823826e-6,0.0000864997937502949,0.00007244049183589279
L48T16beta4.405ms0.021032m0.000760,4663,3.2709674195067944e-12,5.7878852617295265e-6,0.00008648757860938214,0.00007243026209108994
L48T16beta4.405ms0.021032m0.000760,4664,3.270934159514041e-12,5.787826409103629e-6,0.00008648669918263498,0.00007242952560255816
L48T16beta4.405ms0.021032m0.000760,4665,3.2716428725898134e-12,5.789080457047242e-6,0.00008650543824970329,0.00007244521890280918
L48T16beta4.405ms0.021032m0.000760,4666,3.2717573392988164e-12,5.789283002683755e-6,0.00008650846486147385,0.0000724477535822084
L48T16beta4.405ms0.021032m0.000760,4667,3.2716889246991296e-12,5.789161944965218e-6,0.00008650665591252709,0.00007244623865199033
L48T16beta4.405ms0.021032m0.000760,4668,3.2717638579320296e-12,5.789294537222704e-6,0.0000865086372205133,0.00007244789792675593
L48T16beta4.405ms0.021032m0.000760,4669,3.271778720475048e-12,5.789320836076424e-6,0.00008650903020069096,0.00007244822703363719
L48T16beta4.405ms0.021032m0.000760,4670,3.2715277168592125e-12,5.7888766922063045e-6,0.00008650239341952758,0.0000724426689661455
L48T16beta4.405ms0.021032m0.000760,4671,3.271621195468211e-12,5.789042099987526e-6,0.00008650486508540107,0.00007244473889815073
L48T16beta4.405ms0.021032m0.000760,4672,3.2717211744727446e-12,5.789219010036636e-6,0.00008650750862809193,0.00007244695277085969
L48T16beta4.405ms0.021032m0.000760,4673,3.271893374523916e-12,5.789523713205583e-6,0.00008651206176591084,0.00007245076586137353
L48T16beta4.405ms0.021032m0.000760,4674,3.271937355531797e-12,5.78960153636756e-6,0.00008651322466678651,0.00007245173974937646
L48T16beta4.405ms0.021032m0.000760,4675,3.2716242696287093e-12,5.789047539628452e-6,0.00008650494636921213,0.00007244480697044312
L48T16beta4.405ms0.021032m0.000760,4676,3.2712873422760205e-12,5.7884513561118345e-6,0.00008649603768038584,0.0000724373462613222
L48T16beta4.405ms0.021032m0.000760,4677,3.27167254186432e-12,5.789132955997742e-6,0.00008650622273434714,0.000072445875880716
L48T16beta4.405ms0.021032m0.000760,4678,3.271926698255899e-12,5.789582678616262e-6,0.0000865129428779856,0.00007245150376130706
L48T16beta4.405ms0.021032m0.000760,4679,3.2719021683140953e-12,5.789539273571079e-6,0.00008651229428232628,0.00007245096058557765
L48T16beta4.405ms0.021032m0.000760,4680,3.271430946693416e-12,5.788705460107492e-6,0.00008649983472167217,0.00007244052614795981
L48T16beta4.405ms0.021032m0.000760,4681,3.271841912388696e-12,5.789432652398251e-6,0.00008651070105670943,0.00007244962631595357
L48T16beta4.405ms0.021032m0.000760,4682,3.2715986627506878e-12,5.789002228974785e-6,0.00008650426929830564,0.00007244423994770991
L48T16beta4.405ms0.021032m0.000760,4683,3.271765098147083e-12,5.789296731748515e-6,0.00008650867001301263,0.00007244792538930442
L48T16beta4.405ms0.021032m0.000760,4684,3.271661801565958e-12,5.789113951340519e-6,0.00008650593875035105,0.00007244563805424892
L48T16beta4.405ms0.021032m0.000760,4685,3.2714925575538934e-12,5.788814478800003e-6,0.00008650146377309805,0.00007244189042042106
L48T16beta4.405ms0.021032m0.000760,4686,3.271597484686677e-12,5.789000144423503e-6,0.00008650423814914068,0.00007244421386139534
L48T16beta4.405ms0.021032m0.000760,4687,3.271754906593722e-12,5.789278698080207e-6,0.00008650840053837122,0.00007244769971390434
L48T16beta4.405ms0.021032m0.000760,4688,3.2717596358168946e-12,5.789287066308192e-6,0.00008650852558365856,0.00007244780443487216
L48T16beta4.405ms0.021032m0.000760,4689,3.2685796790506263e-12,5.78366022184907e-6,0.00008642444441575794,0.00007237738945591346
L48T16beta4.405ms0.021032m0.000760,4690,3.2718066827399375e-12,5.789370314521203e-6,0.00008650976955033054,0.0000724488462125879
L48T16beta4.405ms0.021032m0.000760,4691,3.2708649964019264e-12,5.7877040269133095e-6,0.00008648487044228735,0.00007242799409774782
L48T16beta4.405ms0.021032m0.000760,4692,3.271824394013576e-12,5.789401654123991e-6,0.00008651023785373276,0.00007244923839998297
L48T16beta4.405ms0.021032m0.000760,4693,3.2719230030746665e-12,5.789576140096536e-6,0.00008651284517377876,0.00007245142193751892
L48T16beta4.405ms0.021032m0.000760,4694,3.2717479390992213e-12,5.789266369293777e-6,0.0000865082163110002,0.00007244754543005246
L48T16beta4.405ms0.021032m0.000760,4695,3.2717878568635846e-12,5.789337002660121e-6,0.00008650927177574214,0.00007244842934412562
L48T16beta4.405ms0.021032m0.000760,4696,3.2719092339982435e-12,5.78955177610134e-6,0.00008651248110592764,0.00007245111704367983
L48T16beta4.405ms0.021032m0.000760,4697,3.271616819391603e-12,5.789034356642499e-6,0.00008650474937765437,0.00007244464199704014
L48T16beta4.405ms0.021032m0.000760,4698,3.2716773394059935e-12,5.789141445113402e-6,0.0000865063495860425,0.00007244598211448609
L48T16beta4.405ms0.021032m0.000760,4699,3.2717498556171436e-12,5.789269760518578e-6,0.00008650826698560903,0.00007244758786822981
L48T16beta4.405ms0.021032m0.000760,4700,3.271949960004092e-12,5.789623839628361e-6,0.00008651355794136514,0.00007245201885494823
L48T16beta4.405ms0.021032m0.000760,4701,3.2719196702779517e-12,5.789570242806068e-6,0.00008651275705137309,0.00007245134813814748
L48T16beta4.405ms0.021032m0.000760,4702,3.2717548049100638e-12,5.78927851815382e-6,0.0000865083978497558,0.00007244769746228483
L48T16beta4.405ms0.021032m0.000760,4703,3.2717654477202273e-12,5.789297350308406e-6,0.00008650867925606857,0.00007244793313003406
L48T16beta4.405ms0.021032m0.000760,4704,3.271574997920691e-12,5.788960354720721e-6,0.00008650364357704885,0.0000724437159284767
L48T16beta4.405ms0.021032m0.000760,4705,3.271904907327479e-12,5.789544120178569e-6,0.00008651236670451976,0.00007245102123658141
L48T16beta4.405ms0.021032m0.000760,4706,3.2717238551202645e-12,5.789223753367365e-6,0.00008650757950703486,0.00007244701212944616
L48T16beta4.405ms0.021032m0.000760,4707,3.2719622096622262e-12,5.789645515055439e-6,0.00008651388183431023,0.00007245229010373656
L48T16beta4.405ms0.021032m0.000760,4708,3.2718057054095e-12,5.789368585162359e-6,0.00008650974370875766,0.00007244882457119237
L48T16beta4.405ms0.021032m0.000760,4709,3.2719155225693672e-12,5.789562903551863e-6,0.00008651264738190035,0.00007245125629387595
L48T16beta4.405ms0.021032m0.000760,4710,3.2719356045294065e-12,5.789598438017858e-6,0.00008651317836857028,0.00007245170097627182
L48T16beta4.405ms0.021032m0.000760,4711,3.2715694476578947e-12,5.78895053368611e-6,0.00008650349682267062,0.00007244359302691963
L48T16beta4.405ms0.021032m0.000760,4712,3.27191415551113e-12,5.78956048458059e-6,0.00008651261123554314,0.00007245122602259111
L48T16beta4.405ms0.021032m0.000760,4713,3.271911456400939e-12,5.789555708580682e-6,0.0000865125398684291,0.00007245116625517875
L48T16beta4.405ms0.021032m0.000760,4714,3.271690132872515e-12,5.7891640827941945e-6,0.00008650668785781338,0.00007244626540502812
L48T16beta4.405ms0.021032m0.000760,4715,3.2717244715881965e-12,5.789224844190109e-6,0.00008650759580705008,0.00007244702578012748
L48T16beta4.405ms0.021032m0.000760,4716,3.2713608650534795e-12,5.7885814526079105e-6,0.00008649798169455031,0.00007243897430384236
L48T16beta4.405ms0.021032m0.000760,4717,3.271705251629765e-12,5.789190835011823e-6,0.00008650708761254598,0.0000724466001853575
L48T16beta4.405ms0.021032m0.000760,4718,3.2716156446760193e-12,5.789032278016165e-6,0.00008650471831702508,0.00007244461598487103
L48T16beta4.405ms0.021032m0.000760,4719,3.27169302906345e-12,5.789169207522961e-6,0.00008650676443593509,0.00007244632953647351
L48T16beta4.405ms0.021032m0.000760,4720,3.2716624546018905e-12,5.789115106869316e-6,0.00008650595601725998,0.00007244565251466925
L48T16beta4.405ms0.021032m0.000760,4721,3.271492428857825e-12,5.788814251075913e-6,0.0000865014603702481,0.00007244188757065561
L48T16beta4.405ms0.021032m0.000760,4722,3.2715922331088736e-12,5.788990851903625e-6,0.00008650409929228586,0.00007244409757373242
L48T16beta4.405ms0.021032m0.000760,4723,3.271953924991788e-12,5.789630855563069e-6,0.00008651366277951882,0.00007245210665316239
L48T16beta4.405ms0.021032m0.000760,4724,3.271692213225138e-12,5.789167763919911e-6,0.00008650674286437197,0.00007244631147105887
L48T16beta4.405ms0.021032m0.000760,4725,3.2715763443854397e-12,5.788962737252393e-6,0.00008650367917889407,0.00007244374574375215
L48T16beta4.405ms0.021032m0.000760,4726,3.2714783844824593e-12,5.788789399946946e-6,0.0000865010890232236,0.00007244157658076846
L48T16beta4.405ms0.021032m0.000760,4727,3.2710741364334302e-12,5.788074094343135e-6,0.0000864904003093252,0.0000724326251641428
L48T16beta4.405ms0.021032m0.000760,4728,3.2709958817990556e-12,5.7879356249587385e-6,0.00008648833118023462,0.00007243089234233484
L48T16beta4.405ms0.021032m0.000760,4729,3.2719490225371427e-12,5.789622180806843e-6,0.00008651353315382186,0.00007245199809626491
L48T16beta4.405ms0.021032m0.000760,4730,3.271666546604824e-12,5.789122347553931e-6,0.00008650606421382081,0.00007244574312542959
L48T16beta4.405ms0.021032m0.000760,4731,3.271678831705993e-12,5.789144085696467e-6,0.00008650638904391442,0.00007244601515904637
L48T16beta4.405ms0.021032m0.000760,4732,3.2715478692156307e-12,5.7889123512367205e-6,0.00008650292626754664,0.00007244311520735487
L48T16beta4.405ms0.021032m0.000760,4733,3.2717823985568027e-12,5.789327344339103e-6,0.00008650912745277087,0.00007244830847878515
L48T16beta4.405ms0.021032m0.000760,4734,3.2716452760458013e-12,5.789084709895316e-6,0.00008650550179943095,0.00007244527212343929
L48T16beta4.405ms0.021032m0.000760,4735,3.2717409415747556e-12,5.789253987370166e-6,0.00008650803128960755,0.0000724473904812358
L48T16beta4.405ms0.021032m0.000760,4736,3.270972891802855e-12,5.787894944804181e-6,0.00008648772330224361,0.00007243038326620025
L48T16beta4.405ms0.021032m0.000760,4737,3.2706259832786133e-12,5.787281099883974e-6,0.00008647855070147674,0.0000724227015402428
L48T16beta4.405ms0.021032m0.000760,4738,3.2719345480146235e-12,5.789596568544532e-6,0.0000865131504332858,0.00007245167758146751
L48T16beta4.405ms0.021032m0.000760,4739,3.2718819959597586e-12,5.789503579154906e-6,0.0000865117609055427,0.00007245051390154685
L48T16beta4.405ms0.021032m0.000760,4740,3.271918739349038e-12,5.789568595553421e-6,0.00008651273243670187,0.00007245132752423832
L48T16beta4.405ms0.021032m0.000760,4741,3.2719554901895603e-12,5.789633625136702e-6,0.00008651370416487919,0.00007245214131192549
L48T16beta4.405ms0.021032m0.000760,4742,3.2719559808863346e-12,5.789634493410904e-6,0.00008651371713938195,0.00007245215217760876
L48T16beta4.405ms0.021032m0.000760,4743,3.27128469353782e-12,5.788446669243753e-6,0.00008649596764515651,0.00007243728760931578
L48T16beta4.405ms0.021032m0.000760,4744,3.271534028273756e-12,5.78888786007762e-6,0.00008650256029950266,0.00007244280872217204
L48T16beta4.405ms0.021032m0.000760,4745,3.269554013942717e-12,5.7853842801592475e-6,0.00008645020678351159,0.00007239896451996876
L48T16beta4.405ms0.021032m0.000760,4746,3.271411362127005e-12,5.788670805765596e-6,0.0000864993168865764,0.00007244009247953818
L48T16beta4.405ms0.021032m0.000760,4747,3.2719142149225502e-12,5.789560589707435e-6,0.00008651261280643921,0.00007245122733816053
L48T16beta4.405ms0.021032m0.000760,4748,3.2718764337590918e-12,5.789493736996568e-6,0.00008651161383551547,0.000072450390735645
L48T16beta4.405ms0.021032m0.000760,4749,3.2719630874398225e-12,5.789647068258318e-6,0.00008651390504360864,0.0000724523095406961
L48T16beta4.405ms0.021032m0.000760,4750,3.271839092192498e-12,5.789427662140044e-6,0.0000865106264879629,0.00007244956386728821
L48T16beta4.405ms0.021032m0.000760,4751,3.2718694035047436e-12,5.789481297158346e-6,0.00008651142794871271,0.00007245023506207823
L48T16beta4.405ms0.021032m0.000760,4752,3.2716966038733596e-12,5.789175533049001e-6,0.00008650685895740638,0.00007244640869483416
L48T16beta4.405ms0.021032m0.000760,4753,3.2715899417656373e-12,5.788986797435926e-6,0.00008650403870692903,0.00007244404683565714
L48T16beta4.405ms0.021032m0.000760,4754,3.2716791735764314e-12,5.789144690626635e-6,0.00008650639808330327,0.0000724460227292121
L48T16beta4.405ms0.021032m0.000760,4755,3.2717991220973806e-12,5.789356936175896e-6,0.00008650956963954465,0.00007244867879443549
L48T16beta4.405ms0.021032m0.000760,4756,3.271966737079799e-12,5.789653526194066e-6,0.0000865140015436601,0.00007245239035604706
L48T16beta4.405ms0.021032m0.000760,4757,3.2719517192782885e-12,5.789626952614792e-6,0.00008651360445829601,0.0000724520578112186
L48T16beta4.405ms0.021032m0.000760,4758,3.2719580468261627e-12,5.789638149033584e-6,0.00008651377176485216,0.00007245219792449158
L48T16beta4.405ms0.021032m0.000760,4759,3.2718046076812703e-12,5.789366642762993e-6,0.00008650971468374932,0.0000724488002637832
L48T16beta4.405ms0.021032m0.000760,4760,3.271959196501335e-12,5.78964018335161e-6,0.00008651380216338845,0.00007245222338218141
L48T16beta4.405ms0.021032m0.000760,4761,3.271929763443142e-12,5.789588102379263e-6,0.000086513023924535,0.00007245157163490127
L48T16beta4.405ms0.021032m0.000760,4762,3.2718161924847155e-12,5.7893871417483145e-6,0.000086510020997286,0.00007244905679044403
L48T16beta4.405ms0.021032m0.000760,4763,3.2718866689611193e-12,5.78951184789997e-6,0.00008651188446427034,0.00007245061737757392
L48T16beta4.405ms0.021032m0.000760,4764,3.271948266573472e-12,5.789620843150295e-6,0.00008651351316540285,0.00007245198135667697
L48T16beta4.405ms0.021032m0.000760,4765,3.271786056892102e-12,5.789333817660981e-6,0.0000865092241827352,0.00007244838948667994
L48T16beta4.405ms0.021032m0.000760,4766,3.270975060193965e-12,5.7878987817115354e-6,0.00008648778063662593,0.00007243043128170034
L48T16beta4.405ms0.021032m0.000760,4767,3.271124745910875e-12,5.7881636463964076e-6,0.00008649173847342086,0.00007243374582884087
L48T16beta4.405ms0.021032m0.000760,4768,3.271948420190838e-12,5.789621114971923e-6,0.00008651351722719628,0.00007245198475828409
L48T16beta4.405ms0.021032m0.000760,4769,3.271368167417162e-12,5.7885943739359805e-6,0.0000864981747761901,0.0000724391360028285
L48T16beta4.405ms0.021032m0.000760,4770,3.2717320848659102e-12,5.789238315671852e-6,0.00008650779710956102,0.00007244719436379998
L48T16beta4.405ms0.021032m0.000760,4771,3.2716384262227057e-12,5.7890725893251435e-6,0.000086505320683407,0.00007244512044522961
L48T16beta4.405ms0.021032m0.000760,4772,3.271927760858731e-12,5.789584558862221e-6,0.00008651297097424404,0.00007245152729092131
L48T16beta4.405ms0.021032m0.000760,4773,3.271805144316347e-12,5.789367592323735e-6,0.00008650972887290575,0.00007244881214669559
L48T16beta4.405ms0.021032m0.000760,4774,3.271831160933322e-12,5.789413627999007e-6,0.00008651041677771103,0.00007244938824243258
L48T16beta4.405ms0.021032m0.000760,4775,3.2718732262703137e-12,5.7894880614349845e-6,0.00008651152902637425,0.00007245031971101435
L48T16beta4.405ms0.021032m0.000760,4776,3.271948104459307e-12,5.789620556293819e-6,0.00008651350887894571,0.00007245197776692201
L48T16beta4.405ms0.021032m0.000760,4777,3.271781847376582e-12,5.789326369041135e-6,0.00008650911287902662,0.00007244829627379419
L48T16beta4.405ms0.021032m0.000760,4778,3.2719335663166725e-12,5.789594831457495e-6,0.00008651312447623157,0.00007245165584336048
L48T16beta4.405ms0.021032m0.000760,4779,3.271750501810638e-12,5.7892709039398735e-6,0.0000865082840715972,0.00007244760217713545
L48T16beta4.405ms0.021032m0.000760,4780,3.2711436178049397e-12,5.788197039684542e-6,0.00008649223746476261,0.00007243416371629066
L48T16beta4.405ms0.021032m0.000760,4781,3.271368895481685e-12,5.788595662225768e-6,0.00008649819402692836,0.00007243915212463513
L48T16beta4.405ms0.021032m0.000760,4782,3.271398430752932e-12,5.788647924061252e-6,0.00008649897496839493,0.00007243980613525735
L48T16beta4.405ms0.021032m0.000760,4783,3.2713159234705316e-12,5.7885019297352486e-6,0.00008649679339513015,0.00007243797914546437
L48T16beta4.405ms0.021032m0.000760,4784,3.2719560549752477e-12,5.7896346245091615e-6,0.0000865137190983653,0.00007245215381818744
L48T16beta4.405ms0.021032m0.000760,4785,3.271442057581927e-12,5.7887251205136075e-6,0.00008650012850443436,0.00007244077218054398
L48T16beta4.405ms0.021032m0.000760,4786,3.2710192974293124e-12,5.78797705826084e-6,0.00008648895031240649,0.00007243141084344447
L48T16beta4.405ms0.021032m0.000760,4787,3.270821093268137e-12,5.787626341547357e-6,0.00008648370960047883,0.00007242702193414018
L48T16beta4.405ms0.021032m0.000760,4788,3.2714650467840344e-12,5.788765799263039e-6,0.00008650073636142878,0.00007244128123909468
L48T16beta4.405ms0.021032m0.000760,4789,3.271776952333475e-12,5.789317707399419e-6,0.00008650898344929797,0.00007244818788101318
L48T16beta4.405ms0.021032m0.000760,4790,3.2710982103009313e-12,5.7881166923776095e-6,0.00008649103684593376,0.00007243315824084732
L48T16beta4.405ms0.021032m0.000760,4791,3.2687410600690764e-12,5.783945781042549e-6,0.00008642871148776727,0.00007238096297651569
L48T16beta4.405ms0.021032m0.000760,4792,3.2702434874327165e-12,5.786604284194544e-6,0.00008646843713710966,0.00007241423179083414
L48T16beta4.405ms0.021032m0.000760,4793,3.268672365922047e-12,5.783824228672817e-6,0.0000864268951473153,0.00007237944185617566
L48T16beta4.405ms0.021032m0.000760,4794,3.2674509007237353e-12,5.781662880205429e-6,0.00008639459841249378,0.00007235239449278058
L48T16beta4.405ms0.021032m0.000760,4795,3.2718136263454622e-12,5.789382601036758e-6,0.00008650995314605366,0.00007244899996745718
L48T16beta4.405ms0.021032m0.000760,4796,3.2717074511625706e-12,5.789194727023536e-6,0.0000865071457703452,0.00007244664889043987
L48T16beta4.405ms0.021032m0.000760,4797,3.271895734370942e-12,5.789527888888819e-6,0.00008651212416257488,0.00007245081811635399
L48T16beta4.405ms0.021032m0.000760,4798,3.2718129888340554e-12,5.789381472978174e-6,0.00008650993628962837,0.00007244898585080227
L48T16beta4.405ms0.021032m0.000760,4799,3.271955723838305e-12,5.789634038571613e-6,0.00008651371034278057,0.00007245214648569753
L48T16beta4.405ms0.021032m0.000760,4800,3.2718954039222134e-12,5.789527304169047e-6,0.00008651211542518722,0.00007245081079910349
L48T16beta4.405ms0.021032m0.000760,4801,3.2719467129032886e-12,5.789618093974408e-6,0.00008651347208484321,0.0000724519469531736
L48T16beta4.405ms0.021032m0.000760,4802,3.271921459489469e-12,5.78957340876575e-6,0.00008651280435987602,0.0000724513877573312
L48T16beta4.405ms0.021032m0.000760,4803,3.2719562033383624e-12,5.789634887033539e-6,0.0000865137230212312,0.0000724521571034477
L48T16beta4.405ms0.021032m0.000760,4804,3.2719442922816487e-12,5.7896138107521936e-6,0.00008651340808123892,0.000072451893352438
L48T16beta4.405ms0.021032m0.000760,4805,3.2719595689046643e-12,5.789640842308874e-6,0.00008651381201009679,0.00007245223162844841
L48T16beta4.405ms0.021032m0.000760,4806,3.271771276193642e-12,5.789307663628916e-6,0.00008650883336660773,0.00007244806219211353
L48T16beta4.405ms0.021032m0.000760,4807,3.2719521477843156e-12,5.7896277108442085e-6,0.0000865136157884146,0.00007245206729978877
L48T16beta4.405ms0.021032m0.000760,4808,3.271952071485176e-12,5.789627575835017e-6,0.00008651361377099069,0.0000724520656102682
L48T16beta4.405ms0.021032m0.000760,4809,3.2718377227387457e-12,5.789425238929974e-6,0.00008651059027826595,0.0000724495335429586
L48T16beta4.405ms0.021032m0.000760,4810,3.2718488434872498e-12,5.789444916783071e-6,0.00008651088432173598,0.00007244977979387628
L48T16beta4.405ms0.021032m0.000760,4811,3.271768569513094e-12,5.7893028742334735e-6,0.00008650876179932605,0.0000724480022570679
L48T16beta4.405ms0.021032m0.000760,4812,3.2719282765297425e-12,5.7895854713276365e-6,0.00008651298460909006,0.0000724515387096185
L48T16beta4.405ms0.021032m0.000760,4813,3.2718829653227923e-12,5.789505294415652e-6,0.00008651178653644964,0.00007245053536651716
L48T16beta4.405ms0.021032m0.000760,4814,3.2718372243260307e-12,5.78942435700263e-6,0.00008651057709974616,0.00007244952250641835
L48T16beta4.405ms0.021032m0.000760,4815,3.2719622436097186e-12,5.789645575124576e-6,0.00008651388273191514,0.00007245229085544864
L48T16beta4.405ms0.021032m0.000760,4816,3.267339820968616e-12,5.781466327688979e-6,0.0000863916613550974,0.00007234993481197534
L48T16beta4.405ms0.021032m0.000760,4817,3.2717315693801874e-12,5.789237403534299e-6,0.00008650778347961421,0.0000724471829492057
L48T16beta4.405ms0.021032m0.000760,4818,3.271843225329469e-12,5.789434975610186e-6,0.00008651073577214794,0.00007244965538889503
L48T16beta4.405ms0.021032m0.000760,4819,3.27193907438664e-12,5.789604577833077e-6,0.00008651327011499015,0.00007245177781062589
L48T16beta4.405ms0.021032m0.000760,4820,3.2716881953640573e-12,5.789160654427229e-6,0.00008650663662819425,0.00007244622250204945
L48T16beta4.405ms0.021032m0.000760,4821,3.2716840296692576e-12,5.789153283346921e-6,0.00008650652648314839,0.0000724461302595024
L48T16beta4.405ms0.021032m0.000760,4822,3.27190726959649e-12,5.78954830014744e-6,0.00008651242916522346,0.00007245107354519279
L48T16beta4.405ms0.021032m0.000760,4823,3.2718576324466943e-12,5.789460468600717e-6,0.00008651111671042207,0.00007244997441111162
L48T16beta4.405ms0.021032m0.000760,4824,3.271873955843614e-12,5.789489352394511e-6,0.00008651154831700606,0.00007245033586623039
L48T16beta4.405ms0.021032m0.000760,4825,3.271956594323477e-12,5.789635578870751e-6,0.00008651373335926014,0.00007245216576117817
L48T16beta4.405ms0.021032m0.000760,4826,3.271370031723444e-12,5.788597672773746e-6,0.00008649822407027207,0.00007243917728486385
L48T16beta4.405ms0.021032m0.000760,4827,3.2719490157476442e-12,5.7896221687930155e-6,0.00008651353297430089,0.00007245199794592249
L48T16beta4.405ms0.021032m0.000760,4828,3.2718386392416295e-12,5.789426860656165e-6,0.00008651061451149881,0.00007244955383742672
L48T16beta4.405ms0.021032m0.000760,4829,3.27191658812358e-12,5.789564789020207e-6,0.00008651267555619619,0.00007245127988884374
L48T16beta4.405ms0.021032m0.000760,4830,3.2718108056331036e-12,5.789377609865219e-6,0.00008650987856365936,0.00007244893750736229
L48T16beta4.405ms0.021032m0.000760,4831,3.2719355655923608e-12,5.789598369119846e-6,0.00008651317733903669,0.00007245170011407417
L48T16beta4.405ms0.021032m0.000760,4832,3.271895248703426e-12,5.789527029513748e-6,0.00008651211132105063,0.00007245080736203549
L48T16beta4.405ms0.021032m0.000760,4833,3.2719136213774473e-12,5.7895595394459945e-6,0.00008651259711252602,0.00007245121419506804
L48T16beta4.405ms0.021032m0.000760,4834,3.2715297263654706e-12,5.788880247971362e-6,0.00008650244655283897,0.00007244271346339853
L48T16beta4.405ms0.021032m0.000760,4835,3.2713283118964855e-12,5.788523850708098e-6,0.00008649712095723214,0.00007243825346704072
L48T16beta4.405ms0.021032m0.000760,4836,3.27170395154007e-12,5.7891885345395105e-6,0.00008650705323690253,0.00007244657139698228
L48T16beta4.405ms0.021032m0.000760,4837,3.2719559330686777e-12,5.789634408798899e-6,0.00008651371587503632,0.00007245215111876438
L48T16beta4.405ms0.021032m0.000760,4838,3.2718813272801863e-12,5.789502395945126e-6,0.00008651174322500063,0.00007245049909472352
L48T16beta4.405ms0.021032m0.000760,4839,3.2719631156566076e-12,5.789647118187129e-6,0.00008651390578968802,0.00007245231016551097
L48T16beta4.405ms0.021032m0.000760,4840,3.2719492629092112e-12,5.789622606138488e-6,0.00008651353950949452,0.00007245200341891405
L48T16beta4.405ms0.021032m0.000760,4841,3.2714467212526904e-12,5.7887333727484405e-6,0.00008650025181645189,0.00007244087544996014
L48T16beta4.405ms0.021032m0.000760,4842,3.2718900998283675e-12,5.789517918723501e-6,0.00008651197517975686,0.00007245069334855809
L48T16beta4.405ms0.021032m0.000760,4843,3.271780060070889e-12,5.789323206453756e-6,0.00008650906562091553,0.00007244825669681185
L48T16beta4.405ms0.021032m0.000760,4844,3.271898169881833e-12,5.7895321984571466e-6,0.00008651218855986553,0.00007245087204678788
L48T16beta4.405ms0.021032m0.000760,4845,3.271952991654124e-12,5.789629204048206e-6,0.0000865136381011579,0.00007245208598591539
L48T16beta4.405ms0.021032m0.000760,4846,3.271815276881804e-12,5.7893855216146e-6,0.00008650999678784929,0.00007244903651590432
L48T16beta4.405ms0.021032m0.000760,4847,3.2718089139835393e-12,5.789374262644281e-6,0.00008650982854659423,0.00007244889561985434
L48T16beta4.405ms0.021032m0.000760,4848,3.271810157282322e-12,5.789376462626665e-6,0.0000865098614206304,0.00007244892315068703
L48T16beta4.405ms0.021032m0.000760,4849,3.271826434648295e-12,5.789405264969988e-6,0.00008651029181011112,0.00007244928358652523
L48T16beta4.405ms0.021032m0.000760,4850,3.271833833044338e-12,5.789418356224631e-6,0.00008651048743094046,0.00007244944741199204
L48T16beta4.405ms0.021032m0.000760,4851,3.270977298968219e-12,5.787902743159892e-6,0.00008648783983200743,0.00007243048085572087
L48T16beta4.405ms0.021032m0.000760,4852,3.2719292294021035e-12,5.789587157408599e-6,0.0000865130098039675,0.00007245155980942966
L48T16beta4.405ms0.021032m0.000760,4853,3.2712124215368564e-12,5.7883187859616644e-6,0.00008649405670274623,0.00007243568726321011
L48T16beta4.405ms0.021032m0.000760,4854,3.27195236765554e-12,5.789628099900183e-6,0.00008651362160202487,0.00007245207216848
L48T16beta4.405ms0.021032m0.000760,4855,3.2718634641891268e-12,5.7894707877056625e-6,0.00008651127090739728,0.00007245010354557818
