ensemble,jk_index,chi_unscaled,chi_vol_scaled,chi_scaled_gev2,chi_renorm
L48T16beta4.18ms0.037265m0.001022,0,8.194984143352011e-8,0.1450079498210537,0.9153707674966073,0.9670780476286176
L48T16beta4.18ms0.037265m0.001022,1,8.189901682594748e-8,0.14491801710104293,0.9148030621877542,0.9664782738962583
L48T16beta4.18ms0.037265m0.001022,2,8.190012258398796e-8,0.14491997370893434,0.9148154133841503,0.9664913227845566
L48T16beta4.18ms0.037265m0.001022,3,8.19359645268271e-8,0.1449833950232138,0.9152157639663031,0.9669142882900142
L48T16beta4.18ms0.037265m0.001022,4,8.194002613608934e-8,0.14499058192707825,0.9152611316976202,0.9669622187446293
L48T16beta4.18ms0.037265m0.001022,5,8.194670860828553e-8,0.14500240637452022,0.9153357741813152,0.967041077617957
L48T16beta4.18ms0.037265m0.001022,6,8.19325586725258e-8,0.14497736845939158,0.9151777209461918,0.9668740963034208
L48T16beta4.18ms0.037265m0.001022,7,8.191716268804201e-8,0.14495012569593507,0.9150057494830778,0.9666924105508258
L48T16beta4.18ms0.037265m0.001022,8,8.186760537432315e-8,0.14486243541691435,0.9144521997079912,0.9661075919671823
L48T16beta4.18ms0.037265m0.001022,9,8.17144857035278e-8,0.14459149444679276,0.9127418697290313,0.9643006492117602
L48T16beta4.18ms0.037265m0.001022,10,8.190626899521235e-8,0.14493084961149638,0.9148840681254091,0.9665638556810556
L48T16beta4.18ms0.037265m0.001022,11,8.185589931481739e-8,0.14484172187238856,0.9143214443033838,0.9659694504775317
L48T16beta4.18ms0.037265m0.001022,12,8.195239599576613e-8,0.1450124700474203,0.9153993016775508,0.9671081936426453
L48T16beta4.18ms0.037265m0.001022,13,8.195326048728237e-8,0.1450139997409525,0.9154089579532538,0.9671183953801116
L48T16beta4.18ms0.037265m0.001022,14,8.176090164697769e-8,0.14467362615908091,0.913260330741726,0.9648483969460466
L48T16beta4.18ms0.037265m0.001022,15,8.187957394306724e-8,0.14488361346418707,0.914585887312085,0.9662488312898153
L48T16beta4.18ms0.037265m0.001022,16,8.195313405539707e-8,0.14501377602327156,0.9154075457229206,0.9671169033759948
L48T16beta4.18ms0.037265m0.001022,17,8.195063863810338e-8,0.14500936045224205,0.915379672184627,0.9670874553228663
L48T16beta4.18ms0.037265m0.001022,18,8.190844442104244e-8,0.1449346989665908,0.9149083673940458,0.9665895275619003
L48T16beta4.18ms0.037265m0.001022,19,8.184152899534056e-8,0.14481629399444326,0.9141609294062397,0.965799868447105
L48T16beta4.18ms0.037265m0.001022,20,8.18996661617912e-8,0.144919166082637,0.9148103151981228,0.9664859366132204
L48T16beta4.18ms0.037265m0.001022,21,8.187726363108e-8,0.1448795254318144,0.914560081379823,0.9662215676372328
L48T16beta4.18ms0.037265m0.001022,22,8.184414216798171e-8,0.14482091793026292,0.9141901182588877,0.965830706113801
L48T16beta4.18ms0.037265m0.001022,23,8.193558430849377e-8,0.14498272223751907,0.9152115169690971,0.9669098013892827
L48T16beta4.18ms0.037265m0.001022,24,8.188487842442227e-8,0.14489299959541932,0.9146451377887692,0.9663114286955304
L48T16beta4.18ms0.037265m0.001022,25,8.176078134159974e-8,0.1446734132820832,0.91325898694381,0.9648469772399438
L48T16beta4.18ms0.037265m0.001022,26,8.13559873616821e-8,0.14395714166885035,0.9087374824528487,0.9600700629110961
L48T16beta4.18ms0.037265m0.001022,27,8.190339178578636e-8,0.14492575846997896,0.9148519300107472,0.9665299021550251
L48T16beta4.18ms0.037265m0.001022,28,8.183257518925078e-8,0.14480045048527396,0.9140609163713267,0.9656942058959557
L48T16beta4.18ms0.037265m0.001022,29,8.183416481266062e-8,0.1448032632793882,0.9140786722909873,0.9657129648084412
L48T16beta4.18ms0.037265m0.001022,30,8.193530416264808e-8,0.1449822265272892,0.915208387770635,0.9669064954292861
L48T16beta4.18ms0.037265m0.001022,31,8.193887507136475e-8,0.14498854515027793,0.915248274430517,0.9669486351988034
L48T16beta4.18ms0.037265m0.001022,32,8.19480970947418e-8,0.14500486326242695,0.9153512834231989,0.9670574629427824
L48T16beta4.18ms0.037265m0.001022,33,8.194919539321531e-8,0.14500680667082347,0.9153635512970478,0.9670704238018262
L48T16beta4.18ms0.037265m0.001022,34,8.185677933001784e-8,0.14484327903464533,0.914331273976942,0.9659798354077164
L48T16beta4.18ms0.037265m0.001022,35,8.193728873818748e-8,0.1449857381781381,0.9152305552623944,0.9669299151138694
L48T16beta4.18ms0.037265m0.001022,36,8.195316592805383e-8,0.14501383242104526,0.9154079017370113,0.9671172795005379
L48T16beta4.18ms0.037265m0.001022,37,8.193604389463651e-8,0.14498353546233025,0.9152166504960553,0.966915224897881
L48T16beta4.18ms0.037265m0.001022,38,8.195275044334905e-8,0.14501309723249373,0.9154032608182926,0.9671123764265345
L48T16beta4.18ms0.037265m0.001022,39,8.194961392023098e-8,0.14500754724265896,0.9153682261980465,0.9670753627776939
L48T16beta4.18ms0.037265m0.001022,40,8.19504527271446e-8,0.14500903148800603,0.9153775955795471,0.9670852614149356
L48T16beta4.18ms0.037265m0.001022,41,8.194174878686951e-8,0.14499363010939958,0.9152803735184609,0.9669825474935824
L48T16beta4.18ms0.037265m0.001022,42,8.193728102807431e-8,0.14498572453530872,0.9152304691412734,0.9669298241279558
L48T16beta4.18ms0.037265m0.001022,43,8.191410474764605e-8,0.14494471475602677,0.9149715926232445,0.966656324245152
L48T16beta4.18ms0.037265m0.001022,44,8.194799337851016e-8,0.14500467973945913,0.9153501249242332,0.9670562390027597
L48T16beta4.18ms0.037265m0.001022,45,8.195271916603501e-8,0.1450130418881623,0.9154029114541149,0.9671120073275432
L48T16beta4.18ms0.037265m0.001022,46,8.19278300651387e-8,0.14496900132102108,0.9151249029187569,0.9668182947018568
L48T16beta4.18ms0.037265m0.001022,47,8.195294992434092e-8,0.14501345020852338,0.9154054889991584,0.9671147304724337
L48T16beta4.18ms0.037265m0.001022,48,8.195041164836034e-8,0.14500895880024744,0.9153771367340188,0.9670847766502332
L48T16beta4.18ms0.037265m0.001022,49,8.183387135723556e-8,0.14480274401823032,0.914075394425979,0.9657095017840523
L48T16beta4.18ms0.037265m0.001022,50,8.192539939755897e-8,0.14496470032279746,0.9150977526276879,0.9667896107505969
L48T16beta4.18ms0.037265m0.001022,51,8.189769093195869e-8,0.1449156709687548,0.9147882520968875,0.9664626272159522
L48T16beta4.18ms0.037265m0.001022,52,8.19067276253089e-8,0.1449316611446106,0.9148891909734359,0.9665692679074932
L48T16beta4.18ms0.037265m0.001022,53,8.194556567016815e-8,0.14500038397752377,0.9153230076875257,0.9670275899730295
L48T16beta4.18ms0.037265m0.001022,54,8.19530633222988e-8,0.1450136508630347,0.9154067556419476,0.9671160686650864
L48T16beta4.18ms0.037265m0.001022,55,8.19429463617495e-8,0.1449957491846176,0.915293750298914,0.966996679898924
L48T16beta4.18ms0.037265m0.001022,56,8.186239422507833e-8,0.1448532144342378,0.9143939917407722,0.9660460959599977
L48T16beta4.18ms0.037265m0.001022,57,8.190019952194752e-8,0.1449201098484995,0.9148162727727454,0.9664922307181221
L48T16beta4.18ms0.037265m0.001022,58,8.19526315201185e-8,0.1450128868011671,0.9154019324588117,0.96711097303095
L48T16beta4.18ms0.037265m0.001022,59,8.189813658051543e-8,0.1449164595313978,0.9147932299425341,0.9664678862491443
L48T16beta4.18ms0.037265m0.001022,60,8.194257017099304e-8,0.1449950835256074,0.9152895482893013,0.9669922405270359
L48T16beta4.18ms0.037265m0.001022,61,8.194500164108344e-8,0.1449993859438512,0.9153167075443268,0.9670209339486064
L48T16beta4.18ms0.037265m0.001022,62,8.195076129075562e-8,0.14500957748267593,0.9153810422013403,0.9670889027288087
L48T16beta4.18ms0.037265m0.001022,63,8.192824157237464e-8,0.1449697294715529,0.9151294994095837,0.9668231508383345
L48T16beta4.18ms0.037265m0.001022,64,8.192901858185661e-8,0.14497110436807498,0.9151381785205303,0.9668323202131577
L48T16beta4.18ms0.037265m0.001022,65,8.195225952868255e-8,0.145012228572737,0.9153977773551499,0.9671065832146267
L48T16beta4.18ms0.037265m0.001022,66,8.194690468086764e-8,0.14500275331946422,0.9153379642906166,0.9670433914417129
L48T16beta4.18ms0.037265m0.001022,67,8.195265960874905e-8,0.1450129365032124,0.9154022462057435,0.9671113045007553
L48T16beta4.18ms0.037265m0.001022,68,8.189919148542605e-8,0.14491832615609979,0.9148050131150306,0.9664803350271229
L48T16beta4.18ms0.037265m0.001022,69,8.190218809440967e-8,0.14492362857179125,0.9148384849096947,0.9665156975698037
L48T16beta4.18ms0.037265m0.001022,70,8.193761946645257e-8,0.14498632339254275,0.9152342494609499,0.9669338179895712
L48T16beta4.18ms0.037265m0.001022,71,8.194891920268388e-8,0.14500631795941143,0.9153604662790136,0.9670671645179126
L48T16beta4.18ms0.037265m0.001022,72,8.190857283176812e-8,0.14493492618577442,0.9149098017278097,0.9665910429180219
L48T16beta4.18ms0.037265m0.001022,73,8.192050839808407e-8,0.1449560458361746,0.9150431206983901,0.9667318927838455
L48T16beta4.18ms0.037265m0.001022,74,8.190323704097014e-8,0.14492548465335953,0.9148502015280715,0.966528076034167
L48T16beta4.18ms0.037265m0.001022,75,8.190171668639028e-8,0.14492279442850037,0.9148332193336672,0.9665101345529749
L48T16beta4.18ms0.037265m0.001022,76,8.189017317413467e-8,0.14490236850678243,0.9147042795640692,0.9663739112595595
L48T16beta4.18ms0.037265m0.001022,77,8.193310555111874e-8,0.14497833614574918,0.9151838295202731,0.9668805499374085
L48T16beta4.18ms0.037265m0.001022,78,8.195376132800938e-8,0.1450148859645954,0.915414552289407,0.9671243057280021
L48T16beta4.18ms0.037265m0.001022,79,8.189856423304957e-8,0.14491721625058268,0.914798006774576,0.9664729329139155
L48T16beta4.18ms0.037265m0.001022,80,8.191321007403118e-8,0.1449431316561161,0.9149615992168,0.9666457663331707
L48T16beta4.18ms0.037265m0.001022,81,8.194324121620374e-8,0.14499627092131845,0.9152970437909251,0.9670001594330506
L48T16beta4.18ms0.037265m0.001022,82,8.192916805516328e-8,0.14497136885690587,0.9151398481210207,0.9668340841257054
L48T16beta4.18ms0.037265m0.001022,83,8.193783074951406e-8,0.14498669725200414,0.9152366094696427,0.9669363113099612
L48T16beta4.18ms0.037265m0.001022,84,8.191298942490223e-8,0.1449427412236606,0.9149591345901579,0.9666431624851937
L48T16beta4.18ms0.037265m0.001022,85,8.195312970084918e-8,0.14501376831802099,0.9154074970830968,0.9671168519886143
L48T16beta4.18ms0.037265m0.001022,86,8.192568541009821e-8,0.1449652064139773,0.9151009473564754,0.9667929859425827
L48T16beta4.18ms0.037265m0.001022,87,8.190374211788436e-8,0.14492637837281708,0.9148558431819727,0.9665340363726811
L48T16beta4.18ms0.037265m0.001022,88,8.191107969288213e-8,0.1449393620063235,0.9149378030923249,0.9666206260179939
L48T16beta4.18ms0.037265m0.001022,89,8.194584635092986e-8,0.14500088063427258,0.9153261428609413,0.9670309022454915
L48T16beta4.18ms0.037265m0.001022,90,8.191308372115002e-8,0.14494290807823076,0.9149601878689343,0.9666442752613702
L48T16beta4.18ms0.037265m0.001022,91,8.189665809792819e-8,0.14491384339785718,0.9147767154537085,0.9664504388931896
L48T16beta4.18ms0.037265m0.001022,92,8.190174294341405e-8,0.14492284088956875,0.9148335126217515,0.9665104444082575
L48T16beta4.18ms0.037265m0.001022,93,8.191185791150828e-8,0.14494073904239238,0.9149464957092799,0.9666298096617502
L48T16beta4.18ms0.037265m0.001022,94,8.195309315300921e-8,0.14501370364764152,0.9154070888477209,0.9671164206929206
L48T16beta4.18ms0.037265m0.001022,95,8.195080883562488e-8,0.14500966161199083,0.9153815732723308,0.9670894637988307
L48T16beta4.18ms0.037265m0.001022,96,8.194458490814887e-8,0.144998648546592,0.915312052683018,0.9670160161444266
L48T16beta4.18ms0.037265m0.001022,97,8.195430123927045e-8,0.14501584132245438,0.9154205830391533,0.9671306771415292
L48T16beta4.18ms0.037265m0.001022,98,8.195112402293507e-8,0.14501021932711097,0.9153850938801196,0.9670931832780053
L48T16beta4.18ms0.037265m0.001022,99,8.193677252813287e-8,0.14498482475890034,0.9152247892525327,0.9669238233948003
L48T16beta4.18ms0.037265m0.001022,100,8.195335456617271e-8,0.14501416621091476,0.9154100088041713,0.9671195055912847
L48T16beta4.18ms0.037265m0.001022,101,8.195306860488044e-8,0.145013660210415,0.9154068146478069,0.9671161310040569
L48T16beta4.18ms0.037265m0.001022,102,8.192876366447602e-8,0.1449706532989077,0.9151353311212647,0.966829311970574
L48T16beta4.18ms0.037265m0.001022,103,8.194708391986944e-8,0.1450030704778592,0.9153399663706666,0.9670455066148588
L48T16beta4.18ms0.037265m0.001022,104,8.191262653135612e-8,0.14494209909369177,0.9149550811089308,0.9666388800317328
L48T16beta4.18ms0.037265m0.001022,105,8.193530785729769e-8,0.14498223306486827,0.9152084290394671,0.9669065390293037
L48T16beta4.18ms0.037265m0.001022,106,8.191034300665032e-8,0.14493805846066354,0.9149295743876731,0.9666119324919259
L48T16beta4.18ms0.037265m0.001022,107,8.195012552280487e-8,0.1450084525090886,0.9153739407428525,0.9670814001245596
L48T16beta4.18ms0.037265m0.001022,108,8.174141196840321e-8,0.14463913971855435,0.9130426331632695,0.9646184021104862
L48T16beta4.18ms0.037265m0.001022,109,8.186284427057177e-8,0.14485401077713717,0.9143990186997208,0.9660514068807942
L48T16beta4.18ms0.037265m0.001022,110,8.173632138475713e-8,0.14463013207332898,0.9129857719006043,0.9645583288802319
L48T16beta4.18ms0.037265m0.001022,111,8.172578168989523e-8,0.14461148237838228,0.9128680446615254,0.9644339514885084
L48T16beta4.18ms0.037265m0.001022,112,8.194156274825822e-8,0.14499330091928597,0.9152782954875162,0.9669803520792428
L48T16beta4.18ms0.037265m0.001022,113,8.194770151389281e-8,0.14500416329319094,0.915346864828373,0.9670527947512592
L48T16beta4.18ms0.037265m0.001022,114,8.193030249083476e-8,0.14497337620906237,0.9151525196434193,0.9668474714345171
L48T16beta4.18ms0.037265m0.001022,115,8.190978242579396e-8,0.1449370665285345,0.9149233127608078,0.9666053171595395
L48T16beta4.18ms0.037265m0.001022,116,8.181721385687693e-8,0.14477326903775573,0.9138893319684912,0.9655129290678225
L48T16beta4.18ms0.037265m0.001022,117,8.189753912503814e-8,0.14491540235065947,0.9147865564301852,0.9664608357647697
L48T16beta4.18ms0.037265m0.001022,118,8.19084724347721e-8,0.14493474853610105,0.9149086803043428,0.9665898581478114
L48T16beta4.18ms0.037265m0.001022,119,8.182620427371391e-8,0.1447891773286171,0.9139897539414472,0.9656190236570248
L48T16beta4.18ms0.037265m0.001022,120,8.195101246895977e-8,0.1450100219354752,0.9153838478344141,0.9670918668459202
L48T16beta4.18ms0.037265m0.001022,121,8.19391766598622e-8,0.1449890788026797,0.9152516431410544,0.9669521942003853
L48T16beta4.18ms0.037265m0.001022,122,8.187282466525799e-8,0.14487167080608337,0.9145104986169975,0.9661691840532557
L48T16beta4.18ms0.037265m0.001022,123,8.192084555780204e-8,0.1449566424308551,0.915046886735571,0.9667358715561786
L48T16beta4.18ms0.037265m0.001022,124,8.18790316934993e-8,0.1448826539687596,0.9145798304437068,0.9662424322822722
L48T16beta4.18ms0.037265m0.001022,125,8.190656770284233e-8,0.14493137816628382,0.9148874046569719,0.9665673806859434
L48T16beta4.18ms0.037265m0.001022,126,8.193799327558225e-8,0.14498698483733108,0.9152384248680518,0.9669382292562312
L48T16beta4.18ms0.037265m0.001022,127,8.19535677013465e-8,0.14501454334763697,0.915412389500756,0.96712202076818
L48T16beta4.18ms0.037265m0.001022,128,8.194670142363888e-8,0.14500239366148915,0.9153356939295979,0.9670409928329968
L48T16beta4.18ms0.037265m0.001022,129,8.187715466355845e-8,0.1448793326168361,0.914558864224523,0.9662202817275086
L48T16beta4.18ms0.037265m0.001022,130,8.188464163008641e-8,0.14489258059447227,0.9146424928219313,0.9663086343203369
L48T16beta4.18ms0.037265m0.001022,131,8.19478531825237e-8,0.14500443166658658,0.915348558950395,0.9670545845705057
L48T16beta4.18ms0.037265m0.001022,132,8.192166047806086e-8,0.1449580844094353,0.9150559893057495,0.9667454883105138
L48T16beta4.18ms0.037265m0.001022,133,8.193751092058645e-8,0.14498613132367194,0.915233037015495,0.9669325370557408
L48T16beta4.18ms0.037265m0.001022,134,8.195108276072e-8,0.14501014631477674,0.9153846329856892,0.9670926963486629
L48T16beta4.18ms0.037265m0.001022,135,8.194811544055608e-8,0.14500489572483166,0.9153514883439385,0.9670576794390436
L48T16beta4.18ms0.037265m0.001022,136,8.193311277166433e-8,0.14497834892230244,0.9151839101729778,0.966880635146007
L48T16beta4.18ms0.037265m0.001022,137,8.187402445834839e-8,0.14487379380636264,0.9145239001746185,0.9661833426353729
L48T16beta4.18ms0.037265m0.001022,138,8.191703700659805e-8,0.14494990330613905,0.9150043456350921,0.966690927402557
L48T16beta4.18ms0.037265m0.001022,139,8.187634979298619e-8,0.14487790842089487,0.9145498739082444,0.966210783568049
L48T16beta4.18ms0.037265m0.001022,140,8.188813152188987e-8,0.14489875586030151,0.9146814745317521,0.9663498180211555
L48T16beta4.18ms0.037265m0.001022,141,8.189963553527555e-8,0.1449191118898751,0.914809973103292,0.9664855751942055
L48T16beta4.18ms0.037265m0.001022,142,8.194493436334173e-8,0.144999266897771,0.9153159560593088,0.9670201400138537
L48T16beta4.18ms0.037265m0.001022,143,8.189178777096512e-8,0.1449052254906652,0.9147223144341072,0.9663929648797153
L48T16beta4.18ms0.037265m0.001022,144,8.194509594519656e-8,0.14499955281233884,0.9153177609109581,0.9670220468176005
L48T16beta4.18ms0.037265m0.001022,145,8.194999269028271e-8,0.14500821746565992,0.9153724570181053,0.9670798325874668
L48T16beta4.18ms0.037265m0.001022,146,8.194188643653179e-8,0.14499387367662278,0.9152819110501363,0.9669841718770384
L48T16beta4.18ms0.037265m0.001022,147,8.190228433210525e-8,0.14492379886169893,0.9148395598742306,0.9665168332567206
L48T16beta4.18ms0.037265m0.001022,148,8.195300870599965e-8,0.14501355422102263,0.9154061455838586,0.9671154241461585
L48T16beta4.18ms0.037265m0.001022,149,8.19348992248526e-8,0.14498151000119838,0.91520386465974,0.966901716817811
L48T16beta4.18ms0.037265m0.001022,150,8.193467495166312e-8,0.14498111315606926,0.9152013595527381,0.9668990702028277
L48T16beta4.18ms0.037265m0.001022,151,8.194619816483842e-8,0.14500150315913296,0.9153300725838287,0.9670350539497764
L48T16beta4.18ms0.037265m0.001022,152,8.191698126501108e-8,0.1449498046729617,0.9150037230076612,0.9666902696042727
L48T16beta4.18ms0.037265m0.001022,153,8.195196400935965e-8,0.14501170565956964,0.9153944764366286,0.9671030958344827
L48T16beta4.18ms0.037265m0.001022,154,8.191139778166515e-8,0.1449399248555186,0.9149413561092478,0.9666243797370234
L48T16beta4.18ms0.037265m0.001022,155,8.19290903296131e-8,0.14497123132372117,0.9151389799351246,0.9668331668978987
L48T16beta4.18ms0.037265m0.001022,156,8.193425429537115e-8,0.14498036881653897,0.915196660867956,0.9668941060996831
L48T16beta4.18ms0.037265m0.001022,157,8.189784627781233e-8,0.14491594584889314,0.9147899872930855,0.9664644604295646
L48T16beta4.18ms0.037265m0.001022,158,8.18213908221993e-8,0.14478066006093865,0.9139359882143859,0.965562220822368
L48T16beta4.18ms0.037265m0.001022,159,8.19481063390004e-8,0.14500487961988373,0.9153513866805567,0.9670575720329211
L48T16beta4.18ms0.037265m0.001022,160,8.195241551265937e-8,0.14501250458201642,0.915399519679114,0.967108423958637
L48T16beta4.18ms0.037265m0.001022,161,8.195272930187615e-8,0.1450130598232494,0.9154030246703523,0.9671121269391166
L48T16beta4.18ms0.037265m0.001022,162,8.194105092189557e-8,0.1449923952568684,0.9152725784430145,0.9669743120914792
L48T16beta4.18ms0.037265m0.001022,163,8.163398420347343e-8,0.14444904929648855,0.9118426767763618,0.9633506628281145
L48T16beta4.18ms0.037265m0.001022,164,8.185480024669099e-8,0.1448397771021128,0.9143091678325964,0.9659564805359273
L48T16beta4.18ms0.037265m0.001022,165,8.193491104565372e-8,0.144981530917775,0.9152039966967958,0.9669018563133495
L48T16beta4.18ms0.037265m0.001022,166,8.195346346916295e-8,0.14501435891170672,0.9154112252386637,0.9671207907394844
L48T16beta4.18ms0.037265m0.001022,167,8.19342717264248e-8,0.14498039966030035,0.9151968555709191,0.9668943118009881
L48T16beta4.18ms0.037265m0.001022,168,8.193236942209252e-8,0.14497703358604888,0.9151756070395468,0.9668718629868417
L48T16beta4.18ms0.037265m0.001022,169,8.195029716258144e-8,0.1450087562208673,0.9153758579403878,0.9670834256203643
L48T16beta4.18ms0.037265m0.001022,170,8.19375439873639e-8,0.14498618983440878,0.915233406367783,0.9669329272719268
L48T16beta4.18ms0.037265m0.001022,171,8.192731852863359e-8,0.14496809617149833,0.915119189111932,0.9668122581346591
L48T16beta4.18ms0.037265m0.001022,172,8.194560131221639e-8,0.14500044704513015,0.9153234058053071,0.9670280105796082
L48T16beta4.18ms0.037265m0.001022,173,8.193085265199738e-8,0.1449743497038351,0.9151586648834448,0.9668539638056274
L48T16beta4.18ms0.037265m0.001022,174,8.193942614520039e-8,0.14498952026,0.9152544298650004,0.9669551383402339
L48T16beta4.18ms0.037265m0.001022,175,8.194944020344005e-8,0.14500723985566147,0.915366285800488,0.9670733127713477
L48T16beta4.18ms0.037265m0.001022,176,8.194823637477033e-8,0.14500510971453762,0.9153528391658873,0.9670591065659514
L48T16beta4.18ms0.037265m0.001022,177,8.195204301141982e-8,0.14501184545150306,0.9153953588810018,0.9671040281261964
L48T16beta4.18ms0.037265m0.001022,178,8.19511684064959e-8,0.1450102978625791,0.9153855896396406,0.9670937070418906
L48T16beta4.18ms0.037265m0.001022,179,8.193576627031219e-8,0.14498304421386185,0.915213549462711,0.9669119486939879
L48T16beta4.18ms0.037265m0.001022,180,8.191723144906039e-8,0.14495024736663178,0.915006517536134,0.9666932219895089
L48T16beta4.18ms0.037265m0.001022,181,8.194103240989395e-8,0.14499236250039987,0.9152723716659805,0.9669740936340656
L48T16beta4.18ms0.037265m0.001022,182,8.188781498191592e-8,0.14489819575168073,0.914677938814857,0.9663460825793944
L48T16beta4.18ms0.037265m0.001022,183,8.195312845008655e-8,0.14501376610483155,0.9154074831122151,0.9671168372285482
L48T16beta4.18ms0.037265m0.001022,184,8.192847063560013e-8,0.14497013479251664,0.915132058020764,0.9668258539798295
L48T16beta4.18ms0.037265m0.001022,185,8.195628140015746e-8,0.14501934516169943,0.9154427012197281,0.9671540447294477
L48T16beta4.18ms0.037265m0.001022,186,8.190475868564777e-8,0.14492817716101053,0.9148671981327271,0.9665460327396139
L48T16beta4.18ms0.037265m0.001022,187,8.189205788915018e-8,0.14490570345723033,0.9147253316246966,0.966396152504761
L48T16beta4.18ms0.037265m0.001022,188,8.18976664873472e-8,0.14491562771469924,0.9147879790532502,0.9664623387486806
L48T16beta4.18ms0.037265m0.001022,189,8.193615534171848e-8,0.14498373266482129,0.9152178953477739,0.9669165400685336
L48T16beta4.18ms0.037265m0.001022,190,8.189402095814262e-8,0.14490917705284656,0.9147472588906782,0.9664193183937408
L48T16beta4.18ms0.037265m0.001022,191,8.191387854666443e-8,0.1449443144997234,0.9149690659830151,0.9666536548805766
L48T16beta4.18ms0.037265m0.001022,192,8.194649624715692e-8,0.14500203060744926,0.9153334021307306,0.9670385715754551
L48T16beta4.18ms0.037265m0.001022,193,8.189893467077318e-8,0.14491787172976237,0.9148021445234411,0.9664773043951077
L48T16beta4.18ms0.037265m0.001022,194,8.19516923835557e-8,0.14501122502531505,0.915391442406101,0.9670998904182478
L48T16beta4.18ms0.037265m0.001022,195,8.186682167647772e-8,0.14486104868552038,0.914443445888756,0.9660983436639637
L48T16beta4.18ms0.037265m0.001022,196,8.193148118823917e-8,0.14497546188111593,0.9151656855645344,0.9668613810695408
L48T16beta4.18ms0.037265m0.001022,197,8.195387766994228e-8,0.14501509182838812,0.9154158518160755,0.9671256786620722
L48T16beta4.18ms0.037265m0.001022,198,8.186803431022825e-8,0.1448631944069882,0.9144569908751464,0.9661126537768259
L48T16beta4.18ms0.037265m0.001022,199,8.191759684223228e-8,0.14495089391961843,0.9150105989379077,0.9666975339406865
L48T16beta4.18ms0.037265m0.001022,200,8.191911591554426e-8,0.14495358187730992,0.9150275668206901,0.9667154603018248
L48T16beta4.18ms0.037265m0.001022,201,8.19327500001583e-8,0.1449777070082801,0.9151798580549251,0.9668763541327232
L48T16beta4.18ms0.037265m0.001022,202,8.19182917079769e-8,0.1449521234650973,0.9150183605122907,0.9667057339493249
L48T16beta4.18ms0.037265m0.001022,203,8.191450429775644e-8,0.14494542174875968,0.9149760555542861,0.9666610392773463
L48T16beta4.18ms0.037265m0.001022,204,8.195000824597873e-8,0.1450082449910285,0.9153726307735288,0.9670800161579517
L48T16beta4.18ms0.037265m0.001022,205,8.19492218953792e-8,0.14500685356566043,0.9153638473233204,0.9670707365499714
L48T16beta4.18ms0.037265m0.001022,206,8.193126382434265e-8,0.14497507726178724,0.9151632576335793,0.9668588159901094
L48T16beta4.18ms0.037265m0.001022,207,8.194659761322978e-8,0.14500220997187693,0.91533453437868,0.9670397677815994
L48T16beta4.18ms0.037265m0.001022,208,8.190783549069006e-8,0.1449336214813823,0.9149015657085969,0.9665823416642094
L48T16beta4.18ms0.037265m0.001022,209,8.1876148854733e-8,0.14487755286628212,0.9145476294499291,0.966208412325223
L48T16beta4.18ms0.037265m0.001022,210,8.189597109004575e-8,0.14491262775664543,0.9147690416507868,0.966442331614029
L48T16beta4.18ms0.037265m0.001022,211,8.190357229437058e-8,0.1449260778748645,0.9148539462718942,0.966532032310327
L48T16beta4.18ms0.037265m0.001022,212,8.187712126342029e-8,0.14487927351622681,0.914558491148632,0.9662198875773815
L48T16beta4.18ms0.037265m0.001022,213,8.191543234367121e-8,0.1449470639000206,0.9149864217256712,0.9666719910109394
L48T16beta4.18ms0.037265m0.001022,214,8.189603841846417e-8,0.14491274689239664,0.9147697937018582,0.9664431261468104
L48T16beta4.18ms0.037265m0.001022,215,8.195371575678449e-8,0.14501480532758898,0.9154140432638084,0.9671237679486677
L48T16beta4.18ms0.037265m0.001022,216,8.192588061196985e-8,0.14496555181822351,0.915103127740036,0.9667952894912121
L48T16beta4.18ms0.037265m0.001022,217,8.192105739942522e-8,0.14495701727867574,0.9150492529833367,0.9667383714680731
L48T16beta4.18ms0.037265m0.001022,218,8.19096650351377e-8,0.14493685880905519,0.9149220015200142,0.9666039318496391
L48T16beta4.18ms0.037265m0.001022,219,8.19479613165409e-8,0.14500462300670225,0.9153497667955426,0.9670558606441675
L48T16beta4.18ms0.037265m0.001022,220,8.195509361448097e-8,0.14501724340820288,0.9154294337836075,0.9671400278450593
L48T16beta4.18ms0.037265m0.001022,221,8.195341303655181e-8,0.1450142696726134,0.9154106619119121,0.9671201955916444
L48T16beta4.18ms0.037265m0.001022,222,8.185797158831226e-8,0.14484538870231406,0.9143445913717159,0.9659939050728125
L48T16beta4.18ms0.037265m0.001022,223,8.187403305890621e-8,0.1448738090248089,0.9145239962419088,0.966183444129293
L48T16beta4.18ms0.037265m0.001022,224,8.193092455513783e-8,0.14497447693442886,0.915159468033661,0.9668548123240317
L48T16beta4.18ms0.037265m0.001022,225,8.194909019226472e-8,0.14500662052068705,0.9153623762139337,0.967069182340853
L48T16beta4.18ms0.037265m0.001022,226,8.188030097264859e-8,0.14488489992267445,0.9145940081530072,0.9662574108591689
L48T16beta4.18ms0.037265m0.001022,227,8.187779560010658e-8,0.14488046673611177,0.9145660234156784,0.9662278453256166
L48T16beta4.18ms0.037265m0.001022,228,8.19027982893546e-8,0.14492470829466086,0.9148453007205042,0.9665228983907659
L48T16beta4.18ms0.037265m0.001022,229,8.194735175814969e-8,0.14500354441019664,0.9153429580949687,0.9670486673350825
L48T16beta4.18ms0.037265m0.001022,230,8.191534735251965e-8,0.14494691351055763,0.914985472383802,0.9666709880428372
L48T16beta4.18ms0.037265m0.001022,231,8.192599649713081e-8,0.14496575687377106,0.9151044221646117,0.9667966570349834
L48T16beta4.18ms0.037265m0.001022,232,8.1953329364572e-8,0.14501412161738794,0.9154097273050472,0.9671192081908946
L48T16beta4.18ms0.037265m0.001022,233,8.191724439124133e-8,0.14495027026745858,0.9150066620988798,0.9666933747182861
L48T16beta4.18ms0.037265m0.001022,234,8.190288253675576e-8,0.1449248573680783,0.9148462417547625,0.9665238925819783
L48T16beta4.18ms0.037265m0.001022,235,8.192361648883872e-8,0.14496154551573842,0.915077837732246,0.9667685709065397
L48T16beta4.18ms0.037265m0.001022,236,8.192043334609291e-8,0.14495591303377772,0.9150422823758558,0.9667310071063162
L48T16beta4.18ms0.037265m0.001022,237,8.190446571696935e-8,0.1449276587611372,0.9148639257046256,0.9665425754592509
L48T16beta4.18ms0.037265m0.001022,238,8.193082321511981e-8,0.14497429761610447,0.9151583360767414,0.9668536164253568
L48T16beta4.18ms0.037265m0.001022,239,8.191124831809554e-8,0.14493966038391715,0.9149396866175193,0.9666226159393814
L48T16beta4.18ms0.037265m0.001022,240,8.190149020919926e-8,0.14492239368345222,0.914830689608209,0.9665074619288929
L48T16beta4.18ms0.037265m0.001022,241,8.191367011570253e-8,0.1449439456869724,0.9149667378319628,0.9666511952173952
L48T16beta4.18ms0.037265m0.001022,242,8.194963413514036e-8,0.1450075830123751,0.9153684519963737,0.9670756013308717
L48T16beta4.18ms0.037265m0.001022,243,8.194101566816281e-8,0.1449923328763754,0.9152721846626745,0.9669738960673544
L48T16beta4.18ms0.037265m0.001022,244,8.189689363350247e-8,0.1449142601714609,0.9147793463603171,0.9664532184139224
L48T16beta4.18ms0.037265m0.001022,245,8.195310689171294e-8,0.14501372795789308,0.9154072423075392,0.9671165828213463
L48T16beta4.18ms0.037265m0.001022,246,8.19253541012309e-8,0.14496462017221323,0.9150972466726565,0.9667890762152792
L48T16beta4.18ms0.037265m0.001022,247,8.187030294632677e-8,0.14486720869504272,0.9144823312922888,0.9661394256183642
L48T16beta4.18ms0.037265m0.001022,248,8.193648635830533e-8,0.14498431838940323,0.915221592766852,0.9669204463466782
L48T16beta4.18ms0.037265m0.001022,249,8.187529079978614e-8,0.14487603456207918,0.9145380450700021,0.966198286544767
L48T16beta4.18ms0.037265m0.001022,250,8.187801871572452e-8,0.1448808615329505,0.9145685155927329,0.9662304782802682
L48T16beta4.18ms0.037265m0.001022,251,8.194000275246655e-8,0.1449905405504125,0.9152608705051107,0.9669619427979298
L48T16beta4.18ms0.037265m0.001022,252,8.195229944325741e-8,0.14501229920045958,0.9153982231965865,0.9671070542406648
L48T16beta4.18ms0.037265m0.001022,253,8.193326948598218e-8,0.14497862622389987,0.9151856606547714,0.9668824845086645
L48T16beta4.18ms0.037265m0.001022,254,8.193287480466175e-8,0.14497792784635444,0.9151812521075811,0.9668778269323457
L48T16beta4.18ms0.037265m0.001022,255,8.195053588290611e-8,0.14500917862979765,0.91537852442031,0.967086242723869
L48T16beta4.18ms0.037265m0.001022,256,8.194470229409944e-8,0.14499885625774472,0.9153133638712495,0.9670174013987957
L48T16beta4.18ms0.037265m0.001022,257,8.189450716486606e-8,0.14491003738202987,0.9147526897666117,0.9664250560479037
L48T16beta4.18ms0.037265m0.001022,258,8.191196155802974e-8,0.14494092244201,0.9149476534295906,0.9666310327791334
L48T16beta4.18ms0.037265m0.001022,259,8.182756266538454e-8,0.1447915809646433,0.9140049270278664,0.9656350538377032
L48T16beta4.18ms0.037265m0.001022,260,8.192511779028181e-8,0.14496420202660554,0.9150946071051961,0.966786287544462
L48T16beta4.18ms0.037265m0.001022,261,8.195309778541895e-8,0.14501371184456086,0.9154071405912312,0.9671164753593078
L48T16beta4.18ms0.037265m0.001022,262,8.193670489656845e-8,0.14498470508674077,0.9152240338153537,0.9669230252846376
L48T16beta4.18ms0.037265m0.001022,263,8.195157858589504e-8,0.14501102366354088,0.9153901712986755,0.9670985475087612
L48T16beta4.18ms0.037265m0.001022,264,8.192315865904706e-8,0.14496073539874132,0.9150727238235373,0.9667631681243826
L48T16beta4.18ms0.037265m0.001022,265,8.195253677533468e-8,0.14501271915292502,0.915400874169937,0.9671098549616657
L48T16beta4.18ms0.037265m0.001022,266,8.19348904789688e-8,0.14498149452560188,0.9152037669691744,0.9669016136089204
L48T16beta4.18ms0.037265m0.001022,267,8.194427332412806e-8,0.1449980972073915,0.9153085723235775,0.9670123391871409
L48T16beta4.18ms0.037265m0.001022,268,8.193035032801329e-8,0.14497346085561033,0.9151530539794723,0.9668480359540378
L48T16beta4.18ms0.037265m0.001022,269,8.195102816110062e-8,0.14501004970227904,0.9153840231139114,0.9670920520265706
L48T16beta4.18ms0.037265m0.001022,270,8.18956871673098e-8,0.144912125363314,0.9147658702648734,0.966438981083505
L48T16beta4.18ms0.037265m0.001022,271,8.192856228143788e-8,0.14497029695726046,0.9151330816947502,0.9668269354789062
L48T16beta4.18ms0.037265m0.001022,272,8.190917778849244e-8,0.14493599663975928,0.9149165590282676,0.9665981819235114
L48T16beta4.18ms0.037265m0.001022,273,8.195316964995059e-8,0.14501383900683737,0.915407943310191,0.9671173234220951
L48T16beta4.18ms0.037265m0.001022,274,8.195265662130599e-8,0.14501293121701556,0.9154022128363313,0.9671112692463785
L48T16beta4.18ms0.037265m0.001022,275,8.174605757583416e-8,0.14464735999082642,0.9130945240902703,0.9646732242417531
L48T16beta4.18ms0.037265m0.001022,276,8.195054717566033e-8,0.14500919861201003,0.9153786505591397,0.9670863759880036
L48T16beta4.18ms0.037265m0.001022,277,8.19387877027448e-8,0.14498839055395124,0.915247298532586,0.966947604174546
L48T16beta4.18ms0.037265m0.001022,278,8.193289683336069e-8,0.1449779668255204,0.9151814981657392,0.9668780868897877
L48T16beta4.18ms0.037265m0.001022,279,8.193755463138754e-8,0.1449862086687106,0.9152335252603634,0.9669330528804874
L48T16beta4.18ms0.037265m0.001022,280,8.195231382360819e-8,0.14501232464608763,0.9153983838235321,0.9671072239410731
L48T16beta4.18ms0.037265m0.001022,281,8.195099990366497e-8,0.14500999970153788,0.9153837074814452,0.967091718564721
L48T16beta4.18ms0.037265m0.001022,282,8.195317722170463e-8,0.14501385240484413,0.9154080278858556,0.9671174127752529
L48T16beta4.18ms0.037265m0.001022,283,8.193876012640686e-8,0.1449883417583934,0.9152469905079068,0.9669472787502306
L48T16beta4.18ms0.037265m0.001022,284,8.19267633480144e-8,0.14496711379493774,0.9151129878051253,0.9668057065296785
L48T16beta4.18ms0.037265m0.001022,285,8.193003446065973e-8,0.1449729019371725,0.9151495257756734,0.9668443084497711
L48T16beta4.18ms0.037265m0.001022,286,8.195299949358557e-8,0.14501353791991384,0.9154060426822007,0.9671153154318125
L48T16beta4.18ms0.037265m0.001022,287,8.194292665340638e-8,0.1449957143112563,0.9152935301588766,0.9669964473236604
L48T16beta4.18ms0.037265m0.001022,288,8.194464434931106e-8,0.14499875372606413,0.9153127166342996,0.967016717600855
L48T16beta4.18ms0.037265m0.001022,289,8.195400537399981e-8,0.1450153177971422,0.9154172782564335,0.9671271856789067
L48T16beta4.18ms0.037265m0.001022,290,8.193624937638333e-8,0.14498389905652775,0.9152189457046975,0.9669176497578083
L48T16beta4.18ms0.037265m0.001022,291,8.194879399871959e-8,0.14500609641450235,0.9153590677644236,0.9670656870043113
L48T16beta4.18ms0.037265m0.001022,292,8.191665601831357e-8,0.14494922915803735,0.915000090037616,0.966686431415745
L48T16beta4.18ms0.037265m0.001022,293,8.188888730270283e-8,0.14490009319328817,0.9146899165207871,0.9663587368795722
L48T16beta4.18ms0.037265m0.001022,294,8.195424695936186e-8,0.14501574527567596,0.9154199767385099,0.9671300365922969
L48T16beta4.18ms0.037265m0.001022,295,8.194932637517843e-8,0.14500703843973972,0.9153650143512528,0.9670719695007434
L48T16beta4.18ms0.037265m0.001022,296,8.194442459199557e-8,0.14499836487164758,0.9153102619691164,0.9670141242770377
L48T16beta4.18ms0.037265m0.001022,297,8.195337722332128e-8,0.14501420630210476,0.9154102618820433,0.9671197729649686
L48T16beta4.18ms0.037265m0.001022,298,8.18864222040317e-8,0.14489573127021238,0.9146623816381922,0.9663296466120576
L48T16beta4.18ms0.037265m0.001022,299,8.190564438414601e-8,0.1449297443797036,0.9148770912881001,0.9665564847375614
L48T16beta4.18ms0.037265m0.001022,300,8.189306430230749e-8,0.14490748427713263,0.9147365731496112,0.9664080290386778
L48T16beta4.18ms0.037265m0.001022,301,8.194936677682815e-8,0.14500710992932767,0.9153654656332623,0.9670724462746804
L48T16beta4.18ms0.037265m0.001022,302,8.190525566569877e-8,0.14492905655329535,0.9148727493455514,0.9665518975282338
L48T16beta4.18ms0.037265m0.001022,303,8.195340181555166e-8,0.14501424981736782,0.9154105365745674,0.9671200631742689
L48T16beta4.18ms0.037265m0.001022,304,8.18873068161295e-8,0.14489729656655032,0.9146722626585913,0.9663400857895531
L48T16beta4.18ms0.037265m0.001022,305,8.188943134702824e-8,0.14490105586448876,0.9146959934364101,0.9663651570667848
L48T16beta4.18ms0.037265m0.001022,306,8.19507380336317e-8,0.14500953632984637,0.9153807824218093,0.9670886282749037
L48T16beta4.18ms0.037265m0.001022,307,8.195071524381257e-8,0.1450094960038995,0.9153805278620218,0.967088359335594
L48T16beta4.18ms0.037265m0.001022,308,8.192484848724357e-8,0.14496372550241987,0.9150915990197076,0.9667831095388445
L48T16beta4.18ms0.037265m0.001022,309,8.194546952727535e-8,0.145000213855367,0.9153219337819265,0.9670264554048664
L48T16beta4.18ms0.037265m0.001022,310,8.192649823629254e-8,0.14496664468716902,0.9151100265361825,0.9668025779851702
L48T16beta4.18ms0.037265m0.001022,311,8.195406074176594e-8,0.14501541576885407,0.9154178967083266,0.9671278390657863
L48T16beta4.18ms0.037265m0.001022,312,8.188415259599749e-8,0.14489171526234487,0.9146370303646346,0.9663028633008491
L48T16beta4.18ms0.037265m0.001022,313,8.190158897916474e-8,0.1449225684541406,0.9148317928579228,0.966508627498755
L48T16beta4.18ms0.037265m0.001022,314,8.189053723991508e-8,0.14490301271098702,0.9147083461390254,0.9663782075463854
L48T16beta4.18ms0.037265m0.001022,315,8.193015758305654e-8,0.14497311979880623,0.9151509010393823,0.9668457613991003
L48T16beta4.18ms0.037265m0.001022,316,8.193132764333988e-8,0.1449751901877159,0.9151639704847997,0.9668595691087264
L48T16beta4.18ms0.037265m0.001022,317,8.191746307626678e-8,0.14495065722448794,0.9150091047867007,0.9666959553881661
L48T16beta4.18ms0.037265m0.001022,318,8.19530267170157e-8,0.1450135860910112,0.9154063467649383,0.9671156366915147
L48T16beta4.18ms0.037265m0.001022,319,8.193260214790551e-8,0.14497744538785867,0.9151782065614292,0.9668746093499944
L48T16beta4.18ms0.037265m0.001022,320,8.191234407188367e-8,0.14494159928956413,0.9149519260675106,0.9666355467689665
L48T16beta4.18ms0.037265m0.001022,321,8.193935853296642e-8,0.14498940062204516,0.9152536746437405,0.9669543404581872
L48T16beta4.18ms0.037265m0.001022,322,8.188242154556755e-8,0.1448886522170785,0.9146176947206247,0.9662824354288625
L48T16beta4.18ms0.037265m0.001022,323,8.187725564538636e-8,0.1448795113013531,0.9145599921804983,0.9662214733992346
L48T16beta4.18ms0.037265m0.001022,324,8.194379989981556e-8,0.14499725949632644,0.9153032842257766,0.967006752376333
L48T16beta4.18ms0.037265m0.001022,325,8.164645748852271e-8,0.14447112042513127,0.9119820020063932,0.9634978582337671
L48T16beta4.18ms0.037265m0.001022,326,8.19078466033494e-8,0.14493364114492185,0.9149016898357866,0.9665824728030709
L48T16beta4.18ms0.037265m0.001022,327,8.195143077373888e-8,0.1450107621140693,0.9153885202530546,0.9670968031992068
L48T16beta4.18ms0.037265m0.001022,328,8.193438677290001e-8,0.14498060323181694,0.9151981406274668,0.966895669447552
L48T16beta4.18ms0.037265m0.001022,329,8.19463052288853e-8,0.14500169260596613,0.9153312684775248,0.9670363173968755
L48T16beta4.18ms0.037265m0.001022,330,8.19322551955579e-8,0.14497683146539425,0.915174331141646,0.9668705150162765
L48T16beta4.18ms0.037265m0.001022,331,8.192189760524478e-8,0.14495850399934768,0.9150586379904636,0.9667482866135982
L48T16beta4.18ms0.037265m0.001022,332,8.193726121780316e-8,0.1449856894815886,0.915230247862711,0.9669295903498544
L48T16beta4.18ms0.037265m0.001022,333,8.19219702502763e-8,0.14495863254269692,0.9150594494275219,0.9667491438869502
L48T16beta4.18ms0.037265m0.001022,334,8.194932596365382e-8,0.14500703771155846,0.915365009754568,0.967071964644402
L48T16beta4.18ms0.037265m0.001022,335,8.194555196240886e-8,0.14500035972202754,0.9153228545733535,0.9670274282097747
L48T16beta4.18ms0.037265m0.001022,336,8.190591538611264e-8,0.1449302239100955,0.9148801183504329,0.9665596827919836
L48T16beta4.18ms0.037265m0.001022,337,8.193115288201174e-8,0.1449748809524391,0.9151620184198749,0.9668575067759501
L48T16beta4.18ms0.037265m0.001022,338,8.195175564375396e-8,0.1450113369624646,0.9153921490155981,0.9671006369425602
L48T16beta4.18ms0.037265m0.001022,339,8.194944485672863e-8,0.1450072480895253,0.9153663377772125,0.967073367684123
L48T16beta4.18ms0.037265m0.001022,340,8.193786681681192e-8,0.1449867610720778,0.9152370123374157,0.966936736934848
L48T16beta4.18ms0.037265m0.001022,341,8.195243946129147e-8,0.14501254695845034,0.9153997871827158,0.9671087065729286
L48T16beta4.18ms0.037265m0.001022,342,8.184765943754258e-8,0.14482714164026736,0.9142294057752649,0.9658722128955154
L48T16beta4.18ms0.037265m0.001022,343,8.179572522638899e-8,0.144735245507789,0.9136493063157491,0.9652593448941992
L48T16beta4.18ms0.037265m0.001022,344,8.188109451410362e-8,0.14488630407205996,0.9146028719242851,0.9662667753253793
L48T16beta4.18ms0.037265m0.001022,345,8.193434740804011e-8,0.14498053357679955,0.9151977009262863,0.9668952049086195
L48T16beta4.18ms0.037265m0.001022,346,8.195384680975131e-8,0.14501503722214426,0.9154155071111169,0.967125314485489
L48T16beta4.18ms0.037265m0.001022,347,8.195127176222713e-8,0.14501048074765155,0.9153867441118563,0.967094926727701
L48T16beta4.18ms0.037265m0.001022,348,8.195332920576084e-8,0.14501412133637603,0.915409725531144,0.9671192063167874
L48T16beta4.18ms0.037265m0.001022,349,8.193055704417933e-8,0.1449738266340781,0.9151553629764423,0.9668504753811651
L48T16beta4.18ms0.037265m0.001022,350,8.19531770550385e-8,0.1450138521099331,0.9154080260242135,0.9671174108084506
L48T16beta4.18ms0.037265m0.001022,351,8.194039286563453e-8,0.14499123084474005,0.9152652280265376,0.9669665464661522
L48T16beta4.18ms0.037265m0.001022,352,8.194623693263274e-8,0.14500157175765951,0.9153305056158518,0.9670355114428255
L48T16beta4.18ms0.037265m0.001022,353,8.192404403008766e-8,0.14496230203800725,0.9150826133212444,0.9667736162580506
L48T16beta4.18ms0.037265m0.001022,354,8.193786080264633e-8,0.1449867504301802,0.9152369451598438,0.966936665962563
L48T16beta4.18ms0.037265m0.001022,355,8.194999693367425e-8,0.14500822497422244,0.9153725044163249,0.9670798826631074
L48T16beta4.18ms0.037265m0.001022,356,8.19201580316682e-8,0.144955425872612,0.9150392071438378,0.9667277581612094
L48T16beta4.18ms0.037265m0.001022,357,8.195214764362484e-8,0.14501203059526013,0.9153965276112901,0.9671052628754866
L48T16beta4.18ms0.037265m0.001022,358,8.192455143594914e-8,0.1449631998784718,0.9150882809892318,0.9667796040801293
L48T16beta4.18ms0.037265m0.001022,359,8.192725742644932e-8,0.14496798805289413,0.9151185066072154,0.966811537076753
L48T16beta4.18ms0.037265m0.001022,360,8.192461784186811e-8,0.14496331738188606,0.9150890227360852,0.96678038772663
L48T16beta4.18ms0.037265m0.001022,361,8.195038578411728e-8,0.14500891303419358,0.9153768478332521,0.967084471430098
L48T16beta4.18ms0.037265m0.001022,362,8.195274070589407e-8,0.1450130800023398,0.9154031520519854,0.967112261516258
L48T16beta4.18ms0.037265m0.001022,363,8.194466874010832e-8,0.14499879688489695,0.9153129890768379,0.9670170054330727
L48T16beta4.18ms0.037265m0.001022,364,8.192026424731947e-8,0.14495561381823288,0.9150403935610477,0.9667290115965165
L48T16beta4.18ms0.037265m0.001022,365,8.195458239062334e-8,0.14501633881190107,0.9154237234690208,0.9671339949673686
L48T16beta4.18ms0.037265m0.001022,366,8.195123568886103e-8,0.1450104169168403,0.9153863411763017,0.9670945010312038
L48T16beta4.18ms0.037265m0.001022,367,8.194914508620634e-8,0.1450067176539797,0.9153629893732588,0.967069830136199
L48T16beta4.18ms0.037265m0.001022,368,8.195233477373147e-8,0.14501236171674417,0.9153986178341182,0.9671074711704022
L48T16beta4.18ms0.037265m0.001022,369,8.194680544117718e-8,0.14500257771761066,0.9153368557941262,0.9670422203286952
L48T16beta4.18ms0.037265m0.001022,370,8.194946480314e-8,0.14500728338414173,0.9153665605764463,0.9670736030687951
L48T16beta4.18ms0.037265m0.001022,371,8.195280661770992e-8,0.1450131966314524,0.9154038882797608,0.96711303933192
L48T16beta4.18ms0.037265m0.001022,372,8.195404555025089e-8,0.14501538888789356,0.9154177270207647,0.9671276597929473
L48T16beta4.18ms0.037265m0.001022,373,8.193806829492463e-8,0.14498711758195687,0.9152392628259027,0.9669391145484769
L48T16beta4.18ms0.037265m0.001022,374,8.195112420987927e-8,0.1450102196579035,0.9153850959682658,0.9670931854841063
L48T16beta4.18ms0.037265m0.001022,375,8.195301208622757e-8,0.14501356020224127,0.9154061833406347,0.9671154640357319
L48T16beta4.18ms0.037265m0.001022,376,8.193619578948883e-8,0.14498380423601837,0.9152183471449458,0.9669170173867334
L48T16beta4.18ms0.037265m0.001022,377,8.194209067979562e-8,0.14499423507935932,0.9152841924250592,0.9669865821218099
L48T16beta4.18ms0.037265m0.001022,378,8.195318055687377e-8,0.14501385830633257,0.9154080651393304,0.9671174521330944
L48T16beta4.18ms0.037265m0.001022,379,8.193143910902333e-8,0.14497538742312172,0.9151652155442949,0.9668608844988923
L48T16beta4.18ms0.037265m0.001022,380,8.186995251383556e-8,0.14486658861456164,0.9144784169996822,0.9661352902159827
L48T16beta4.18ms0.037265m0.001022,381,8.19298562642404e-8,0.144972586623598,0.9151475353411556,0.9668422055799878
L48T16beta4.18ms0.037265m0.001022,382,8.190375214928507e-8,0.14492639612309977,0.9148559552316217,0.9665341547517682
L48T16beta4.18ms0.037265m0.001022,383,8.190519210361023e-8,0.14492894408195942,0.914872039363973,0.9665511474413585
L48T16beta4.18ms0.037265m0.001022,384,8.194978074831175e-8,0.14500784244027667,0.9153700896494658,0.9670773314913828
L48T16beta4.18ms0.037265m0.001022,385,8.191591459923794e-8,0.14494791723774275,0.9149918084676163,0.9666776820380819
L48T16beta4.18ms0.037265m0.001022,386,8.19483756692519e-8,0.1450053561922225,0.9153543950700144,0.9670607503596784
L48T16beta4.18ms0.037265m0.001022,387,8.192010190555221e-8,0.14495532655902127,0.9150385802212596,0.9667270958251545
L48T16beta4.18ms0.037265m0.001022,388,8.194571494355588e-8,0.14500064811260371,0.9153246750549434,0.9670293515263632
L48T16beta4.18ms0.037265m0.001022,389,8.195296964050174e-8,0.14501348509571788,0.9154057092265186,0.9671149631399528
L48T16beta4.18ms0.037265m0.001022,390,8.19290268845967e-8,0.14497111905954108,0.9151382712612292,0.9668324181925745
L48T16beta4.18ms0.037265m0.001022,391,8.19184499475834e-8,0.1449524034656503,0.9150201280313917,0.96670760131169
L48T16beta4.18ms0.037265m0.001022,392,8.194848803201344e-8,0.14500555501498288,0.9153556501497737,0.9670620763361312
L48T16beta4.18ms0.037265m0.001022,393,8.194451802150885e-8,0.14499853019255532,0.915311305566563,0.9670152268250074
L48T16beta4.18ms0.037265m0.001022,394,8.193741406771721e-8,0.1449859599452317,0.9152319551795365,0.9669313941092499
L48T16beta4.18ms0.037265m0.001022,395,8.192063373342614e-8,0.144956267613553,0.9150445206804554,0.9667333718478166
L48T16beta4.18ms0.037265m0.001022,396,8.188208850782637e-8,0.14488806291612055,0.9146139747254737,0.9662785052993722
L48T16beta4.18ms0.037265m0.001022,397,8.194028089092896e-8,0.14499103270863384,0.915263977281321,0.9669652250690909
L48T16beta4.18ms0.037265m0.001022,398,8.1950373536007e-8,0.14500889136150535,0.9153767110231996,0.9670843268919468
L48T16beta4.18ms0.037265m0.001022,399,8.195293723407626e-8,0.14501342775345538,0.9154053472502898,0.9671145807164834
L48T16beta4.18ms0.037265m0.001022,400,8.194952973199592e-8,0.14500739827393427,0.915367285824667,0.9670743692846917
L48T16beta4.18ms0.037265m0.001022,401,8.194772994579237e-8,0.1450042136026411,0.9153471824095821,0.9670531302719318
L48T16beta4.18ms0.037265m0.001022,402,8.195294360429384e-8,0.14501343902537703,0.9154054184049236,0.9671146558904858
L48T16beta4.18ms0.037265m0.001022,403,8.189430835996276e-8,0.14490968560232,0.9147504691375813,0.9664227099804265
L48T16beta4.18ms0.037265m0.001022,404,8.194920715016496e-8,0.1450068274744167,0.9153636826208899,0.967070562543863
L48T16beta4.18ms0.037265m0.001022,405,8.190411434669059e-8,0.1449270370212673,0.9148600009370346,0.9665384289901762
L48T16beta4.18ms0.037265m0.001022,406,8.195199263387937e-8,0.1450117563098558,0.9153947961693837,0.9671034336282375
L48T16beta4.18ms0.037265m0.001022,407,8.19531428508019e-8,0.14501379158649413,0.9154076439666308,0.967117007169276
L48T16beta4.18ms0.037265m0.001022,408,8.193134546371645e-8,0.14497522172037328,0.9151641695364573,0.9668597794043741
L48T16beta4.18ms0.037265m0.001022,409,8.192425093290493e-8,0.14496266814674916,0.9150849244030883,0.9667760578878216
L48T16beta4.18ms0.037265m0.001022,410,8.18785560095568e-8,0.1448818122593425,0.9145745171060856,0.9662368188059022
L48T16beta4.18ms0.037265m0.001022,411,8.193506523066216e-8,0.14498180374383024,0.9152057189264798,0.9669036758279982
L48T16beta4.18ms0.037265m0.001022,412,8.19520972162041e-8,0.14501194136535112,0.9153959643425148,0.9671046677888978
L48T16beta4.18ms0.037265m0.001022,413,8.182264391403747e-8,0.14478287737185971,0.913949985113191,0.9655770083751826
L48T16beta4.18ms0.037265m0.001022,414,8.193195724536173e-8,0.14497630425086472,0.915171003070536,0.9668669989497538
L48T16beta4.18ms0.037265m0.001022,415,8.1949889303927e-8,0.14500803452639832,0.9153713022038175,0.9670786125402613
L48T16beta4.18ms0.037265m0.001022,416,8.193853724446254e-8,0.14498794737503362,0.9152445009409611,0.966944648553127
L48T16beta4.18ms0.037265m0.001022,417,8.19377563774245e-8,0.1449865656526741,0.915235778741535,0.966935433655851
L48T16beta4.18ms0.037265m0.001022,418,8.195193705703152e-8,0.1450116579681797,0.9153941753820707,0.9671027777740153
L48T16beta4.18ms0.037265m0.001022,419,8.19211086596119e-8,0.1449571079821408,0.9150498255540166,0.9667389763820105
L48T16beta4.18ms0.037265m0.001022,420,8.194599451053142e-8,0.14500114279853904,0.9153277977874893,0.9670326506551981
L48T16beta4.18ms0.037265m0.001022,421,8.193629411433521e-8,0.14498397821908096,0.9152194454227278,0.9669181777038103
L48T16beta4.18ms0.037265m0.001022,422,8.193385737154106e-8,0.1449796664709355,0.915192227272178,0.9668894220598369
L48T16beta4.18ms0.037265m0.001022,423,8.19386225664981e-8,0.14498809834998655,0.9152454539787683,0.9669456554259426
L48T16beta4.18ms0.037265m0.001022,424,8.191461078058815e-8,0.14494561016714888,0.9149772449558724,0.9666622958656106
L48T16beta4.18ms0.037265m0.001022,425,8.190477688521018e-8,0.14492820936462664,0.9148674014198489,0.9665462475099779
L48T16beta4.18ms0.037265m0.001022,426,8.192852628481593e-8,0.1449702332622458,0.9151326796164192,0.9668265106880551
L48T16beta4.18ms0.037265m0.001022,427,8.194909971799545e-8,0.14500663737620084,0.9153624826153042,0.9670692947526028
L48T16beta4.18ms0.037265m0.001022,428,8.190109144807476e-8,0.14492168808680775,0.9148262354900534,0.9665027562074051
L48T16beta4.18ms0.037265m0.001022,429,8.194691171196384e-8,0.14500276576079207,0.9153380428271922,0.9670434744146469
L48T16beta4.18ms0.037265m0.001022,430,8.194246478395122e-8,0.14499489704618773,0.9152883711275684,0.9669909968700274
L48T16beta4.18ms0.037265m0.001022,431,8.193478343684886e-8,0.14498130511756782,0.9152025713203997,0.9669003504205778
L48T16beta4.18ms0.037265m0.001022,432,8.195100792845236e-8,0.14501001390117446,0.9153837971174428,0.9670918132640588
L48T16beta4.18ms0.037265m0.001022,433,8.194768134839807e-8,0.14500412761091264,0.9153466395820019,0.9670525567812162
L48T16beta4.18ms0.037265m0.001022,434,8.19043381815348e-8,0.14492743309075676,0.9148625011477678,0.9665410704323113
L48T16beta4.18ms0.037265m0.001022,435,8.193864536025064e-8,0.14498813868289342,0.9152457085824917,0.9669459244116699
L48T16beta4.18ms0.037265m0.001022,436,8.195212731837713e-8,0.14501199463030343,0.9153963005804958,0.9671050230202224
L48T16beta4.18ms0.037265m0.001022,437,8.168963336582631e-8,0.1445475189310954,0.9124642718345393,0.9640073704231384
L48T16beta4.18ms0.037265m0.001022,438,8.194639317838912e-8,0.14500184823015055,0.9153322508638649,0.9670373552760579
L48T16beta4.18ms0.037265m0.001022,439,8.19277875229807e-8,0.14496892604386372,0.9151244277275042,0.966817792668096
L48T16beta4.18ms0.037265m0.001022,440,8.175393509427274e-8,0.14466129903913297,0.9131825151098129,0.9647661856803413
L48T16beta4.18ms0.037265m0.001022,441,8.194069638352841e-8,0.14499176791115478,0.9152686182882224,0.9669701282362583
L48T16beta4.18ms0.037265m0.001022,442,8.181977197182847e-8,0.14477779555053527,0.913917905832767,0.9655431170068066
L48T16beta4.18ms0.037265m0.001022,443,8.195028723612886e-8,0.14500873865628738,0.9153757470629977,0.9670833084797545
L48T16beta4.18ms0.037265m0.001022,444,8.193065306074373e-8,0.14497399653270032,0.915156435470967,0.9668516084585451
L48T16beta4.18ms0.037265m0.001022,445,8.195108527957819e-8,0.14501015077182577,0.9153846611210598,0.9670927260733386
L48T16beta4.18ms0.037265m0.001022,446,8.192229160400816e-8,0.14495920116912753,0.9150630389135664,0.9667529361351617
L48T16beta4.18ms0.037265m0.001022,447,8.188884587874522e-8,0.14490001989475507,0.9146894538197106,0.9663582480415301
L48T16beta4.18ms0.037265m0.001022,448,8.195110227972214e-8,0.1450101808531045,0.9153848510108087,0.9670929266895416
L48T16beta4.18ms0.037265m0.001022,449,8.194016241750297e-8,0.1449908230732238,0.9152626539461081,0.9669638269815841
L48T16beta4.18ms0.037265m0.001022,450,8.19534527336282e-8,0.14501433991547855,0.9154111053239145,0.9671206640510149
L48T16beta4.18ms0.037265m0.001022,451,8.194886891668038e-8,0.14500622897973625,0.9153599045898533,0.9670665711001678
L48T16beta4.18ms0.037265m0.001022,452,8.194840473279282e-8,0.14500540761934438,0.9153547197065883,0.9670610933342579
L48T16beta4.18ms0.037265m0.001022,453,8.194529053529378e-8,0.14499989713406736,0.9153199344610653,0.9670243431467698
L48T16beta4.18ms0.037265m0.001022,454,8.194686090170613e-8,0.14500267585346374,0.9153374752821698,0.9670428748102551
L48T16beta4.18ms0.037265m0.001022,455,8.19095910247489e-8,0.14493672784974448,0.9149211748320643,0.9666030584639062
L48T16beta4.18ms0.037265m0.001022,456,8.194293122785334e-8,0.1449957224056121,0.9152935812549489,0.9669965013060373
L48T16beta4.18ms0.037265m0.001022,457,8.190940199213056e-8,0.14493639336181924,0.9149190633583885,0.9666008277177294
L48T16beta4.18ms0.037265m0.001022,458,8.195454763969314e-8,0.14501627732110312,0.9154233353049306,0.9671335848767432
L48T16beta4.18ms0.037265m0.001022,459,8.189574460649457e-8,0.14491222700034317,0.9147665118542864,0.9664396589148918
L48T16beta4.18ms0.037265m0.001022,460,8.186289750083469e-8,0.14485410496659695,0.9143996132759369,0.9660520350433122
L48T16beta4.18ms0.037265m0.001022,461,8.187417127958442e-8,0.1448740536024288,0.9145255401517698,0.9661850752512243
L48T16beta4.18ms0.037265m0.001022,462,8.195408187104283e-8,0.1450154531565179,0.915418132720039,0.9671280884092808
L48T16beta4.18ms0.037265m0.001022,463,8.19538400614664e-8,0.14501502528124308,0.9154154317335124,0.9671252348499695
L48T16beta4.18ms0.037265m0.001022,464,8.194830489187975e-8,0.14500523095364423,0.9153536044945071,0.9670599151263006
L48T16beta4.18ms0.037265m0.001022,465,8.194484479273861e-8,0.14499910840509678,0.9153149555654667,0.9670190830043163
L48T16beta4.18ms0.037265m0.001022,466,8.195294050119362e-8,0.14501343353452806,0.9154053837436334,0.9671146192712557
L48T16beta4.18ms0.037265m0.001022,467,8.193144449948245e-8,0.14497539696138823,0.915165275755134,0.9668609481109092
L48T16beta4.18ms0.037265m0.001022,468,8.192547889299761e-8,0.14496484098775028,0.9150986405830446,0.9667905488645975
L48T16beta4.18ms0.037265m0.001022,469,8.187560902994753e-8,0.14487659766143932,0.914541599666106,0.9662020419321821
L48T16beta4.18ms0.037265m0.001022,470,8.188649308365492e-8,0.14489585668972105,0.9146631733558328,0.9663304830520852
L48T16beta4.18ms0.037265m0.001022,471,8.195180937542947e-8,0.14501143203915995,0.9153927491925379,0.9671012710221746
L48T16beta4.18ms0.037265m0.001022,472,8.195356789491809e-8,0.14501454369015648,0.9154123916629294,0.9671220230524898
L48T16beta4.18ms0.037265m0.001022,473,8.194575541843054e-8,0.14500071973176112,0.9153251271548674,0.9670298291644168
L48T16beta4.18ms0.037265m0.001022,474,8.194560113636409e-8,0.14500044673396445,0.9153234038410561,0.9670280085044011
L48T16beta4.18ms0.037265m0.001022,475,8.194968843784154e-8,0.14500767909948437,0.9153690585516079,0.9670762421490762
L48T16beta4.18ms0.037265m0.001022,476,8.194797263053383e-8,0.14500464302649596,0.9153498931716063,0.967055994158937
L48T16beta4.18ms0.037265m0.001022,477,8.195327447176996e-8,0.14501402448611173,0.915409114158451,0.9671185604089966
L48T16beta4.18ms0.037265m0.001022,478,8.187751833540089e-8,0.1448799761239785,0.9145629263992352,0.9662245733655304
L48T16beta4.18ms0.037265m0.001022,479,8.19474380065025e-8,0.14500369702424198,0.9153439214796382,0.9670496851392318
L48T16beta4.18ms0.037265m0.001022,480,8.195349209177854e-8,0.14501440955862355,0.9154115449501499,0.9671211285107688
L48T16beta4.18ms0.037265m0.001022,481,8.187890864265581e-8,0.14488243623373745,0.9145784559792407,0.9662409801773333
L48T16beta4.18ms0.037265m0.001022,482,8.192587325161437e-8,0.1449655387942806,0.9151030455256701,0.9667952026327377
L48T16beta4.18ms0.037265m0.001022,483,8.192915946402467e-8,0.14497135365512667,0.9151397521589419,0.96683398274294
L48T16beta4.18ms0.037265m0.001022,484,8.189449378481408e-8,0.14491001370640255,0.9147525403128943,0.9664248981518747
L48T16beta4.18ms0.037265m0.001022,485,8.18769349583842e-8,0.144878943854682,0.9145564101417516,0.9662176890190023
L48T16beta4.18ms0.037265m0.001022,486,8.191755675315465e-8,0.14495082298311807,0.9150101511472944,0.966697060855367
L48T16beta4.18ms0.037265m0.001022,487,8.194240678312314e-8,0.14499479441534646,0.9152877232646612,0.9669903124107705
L48T16beta4.18ms0.037265m0.001022,488,8.190715112104335e-8,0.14493241050845482,0.9148939213744799,0.9665742655184816
L48T16beta4.18ms0.037265m0.001022,489,8.194973115771647e-8,0.14500775469110688,0.9153695357279393,0.9670767462800484
L48T16beta4.18ms0.037265m0.001022,490,8.193198217428241e-8,0.14497634836189185,0.915171281523854,0.9668672931322869
L48T16beta4.18ms0.037265m0.001022,491,8.193635522887324e-8,0.1449840863595448,0.9152201280654347,0.9669188989075014
L48T16beta4.18ms0.037265m0.001022,492,8.192666788024244e-8,0.14496694486738834,0.9151119214405521,0.9668045799285174
L48T16beta4.18ms0.037265m0.001022,493,8.194801315662582e-8,0.14500471473628102,0.9153503458436223,0.9670564724013989
L48T16beta4.18ms0.037265m0.001022,494,8.194429957537115e-8,0.14499814365823113,0.9153088655470922,0.9670126489742066
L48T16beta4.18ms0.037265m0.001022,495,8.194772653242641e-8,0.14500420756278562,0.9153471442826575,0.9670530899913011
L48T16beta4.18ms0.037265m0.001022,496,8.195247268921396e-8,0.1450126057543288,0.9154001583349766,0.9671090986907638
L48T16beta4.18ms0.037265m0.001022,497,8.19156996829579e-8,0.14494753694940288,0.9149894078762697,0.9666751458426133
L48T16beta4.18ms0.037265m0.001022,498,8.195313762712367e-8,0.14501378234334178,0.9154075856187162,0.967116945525416
L48T16beta4.18ms0.037265m0.001022,499,8.195092850048953e-8,0.1450098733556182,0.9153829099157834,0.9670908759463303
L48T16beta4.18ms0.037265m0.001022,500,8.193725075487707e-8,0.14498567096773385,0.9152301309929706,0.9669294668783995
L48T16beta4.18ms0.037265m0.001022,501,8.195074404951497e-8,0.14500954697478335,0.9153808496185676,0.9670886992674589
L48T16beta4.18ms0.037265m0.001022,502,8.194720129165274e-8,0.14500327816394337,0.9153412774006514,0.9670468917020422
L48T16beta4.18ms0.037265m0.001022,503,8.194237366375893e-8,0.14499473581155883,0.9152873533249846,0.9669899215740156
L48T16beta4.18ms0.037265m0.001022,504,8.177860047850309e-8,0.14470494374589782,0.9134580247544758,0.9650572582584969
L48T16beta4.18ms0.037265m0.001022,505,8.187441514329485e-8,0.14487448511243622,0.9145282640827485,0.9661879530510692
L48T16beta4.18ms0.037265m0.001022,506,8.194602192629626e-8,0.1450011913099673,0.9153281040185846,0.967032974184614
L48T16beta4.18ms0.037265m0.001022,507,8.195321928325051e-8,0.14501392683157185,0.9154084977087238,0.9671179091373808
L48T16beta4.18ms0.037265m0.001022,508,8.19376592454399e-8,0.14498639378034703,0.9152346937878885,0.9669342874155606
L48T16beta4.18ms0.037265m0.001022,509,8.191801091511292e-8,0.14495162660998667,0.9150152240867051,0.9667024203539606
L48T16beta4.18ms0.037265m0.001022,510,8.19026960792763e-8,0.14492452743678919,0.9148441590451063,0.9665216922246372
L48T16beta4.18ms0.037265m0.001022,511,8.19338005811958e-8,0.1449795659820097,0.9151915929302316,0.96688875188531
L48T16beta4.18ms0.037265m0.001022,512,8.178259660375119e-8,0.14471201477763282,0.9135026610365159,0.9651044159458751
L48T16beta4.18ms0.037265m0.001022,513,8.18856085780011e-8,0.14489429158173275,0.9146532935244015,0.9663200451307197
L48T16beta4.18ms0.037265m0.001022,514,8.193055295524001e-8,0.14497381939881446,0.9151553173034372,0.9668504271281925
L48T16beta4.18ms0.037265m0.001022,515,8.191478366955864e-8,0.14494591608934126,0.9149791761067672,0.9666643361029694
L48T16beta4.18ms0.037265m0.001022,516,8.194181696392019e-8,0.14499375074678178,0.9152811350486616,0.9669833520409482
L48T16beta4.18ms0.037265m0.001022,517,8.195336352941744e-8,0.14501418207112535,0.9154101089226349,0.9671196113652198
L48T16beta4.18ms0.037265m0.001022,518,8.19303925128786e-8,0.1449735355005483,0.9151535251798047,0.96684853377144
L48T16beta4.18ms0.037265m0.001022,519,8.19331597125037e-8,0.14497843198280336,0.9151844344970206,0.966881189087961
L48T16beta4.18ms0.037265m0.001022,520,8.191574071490241e-8,0.1449476095542798,0.9149898661986029,0.9666756300545665
L48T16beta4.18ms0.037265m0.001022,521,8.19456629276231e-8,0.14500055607186713,0.9153240940426625,0.9670287376939771
L48T16beta4.18ms0.037265m0.001022,522,8.195356409326248e-8,0.14501453696323335,0.9154123491988521,0.9671219781897102
L48T16beta4.18ms0.037265m0.001022,523,8.194137940604258e-8,0.144992976500369,0.9152762475750164,0.9669781884846729
L48T16beta4.18ms0.037265m0.001022,524,8.188776867818731e-8,0.14489811381852946,0.9146774216072718,0.9663455361558909
L48T16beta4.18ms0.037265m0.001022,525,8.189520039691876e-8,0.14491126403673663,0.9147604330928345,0.9664332367775835
L48T16beta4.18ms0.037265m0.001022,526,8.193201919735668e-8,0.1449764138731851,0.915171695067545,0.9668677300361509
L48T16beta4.18ms0.037265m0.001022,527,8.189493651924704e-8,0.1449107971125851,0.9147574856080968,0.9664301227959198
L48T16beta4.18ms0.037265m0.001022,528,8.19531401381575e-8,0.14501378678654583,0.9154076136666894,0.9671169751577576
L48T16beta4.18ms0.037265m0.001022,529,8.188442410476934e-8,0.14489219568951442,0.9146400630879263,0.9663060673360052
L48T16beta4.18ms0.037265m0.001022,530,8.174897261400241e-8,0.14465251806924406,0.9131270847478465,0.9647076241792172
L48T16beta4.18ms0.037265m0.001022,531,8.18654116758243e-8,0.14485855372884418,0.9144276963356427,0.9660817044532563
L48T16beta4.18ms0.037265m0.001022,532,8.192506022568025e-8,0.14496410016765487,0.9150939641148915,0.9667856082330503
L48T16beta4.18ms0.037265m0.001022,533,8.189389782128018e-8,0.1449089591656163,0.91474588346539,0.9664178652737051
L48T16beta4.18ms0.037265m0.001022,534,8.190909689133528e-8,0.14493585349450483,0.9149156554158684,0.9665972272680364
L48T16beta4.18ms0.037265m0.001022,535,8.188726936222622e-8,0.14489723029291715,0.9146718443025873,0.9663396438015391
L48T16beta4.18ms0.037265m0.001022,536,8.178060789459169e-8,0.14470849581245895,0.913480447372672,0.9650809474810479
L48T16beta4.18ms0.037265m0.001022,537,8.189954943798196e-8,0.1449189595431248,0.9148090114059375,0.9664845591726838
L48T16beta4.18ms0.037265m0.001022,538,8.192875732831964e-8,0.1449706420872564,0.9151352603470908,0.9668292371985229
L48T16beta4.18ms0.037265m0.001022,539,8.19457970594235e-8,0.14500079341433222,0.9153255922802054,0.9670303205636616
L48T16beta4.18ms0.037265m0.001022,540,8.1862906483873e-8,0.14485412086183172,0.9143997136154924,0.9660521410508284
L48T16beta4.18ms0.037265m0.001022,541,8.194376116947704e-8,0.14499719096407687,0.9153028516121304,0.9670062953252941
L48T16beta4.18ms0.037265m0.001022,542,8.194421830881043e-8,0.1449979998593274,0.9153079578084956,0.9670116899594544
L48T16beta4.18ms0.037265m0.001022,543,8.194199695638087e-8,0.14499406923840116,0.9152831455447651,0.9669854761055519
L48T16beta4.18ms0.037265m0.001022,544,8.195117711283945e-8,0.14501031326821023,0.9153856868885459,0.9670938097841726
L48T16beta4.18ms0.037265m0.001022,545,8.19519343370354e-8,0.14501165315522271,0.9153941450000114,0.9671027456757404
L48T16beta4.18ms0.037265m0.001022,546,8.193958950793331e-8,0.14498980932578176,0.9152562546088633,0.9669570661598619
L48T16beta4.18ms0.037265m0.001022,547,8.191955308957225e-8,0.1449543554445116,0.9150324500067772,0.9667206193283473
L48T16beta4.18ms0.037265m0.001022,548,8.188935343736592e-8,0.14490091800552274,0.9146951231940016,0.9663642376662979
L48T16beta4.18ms0.037265m0.001022,549,8.195343682215505e-8,0.14501431176057233,0.9154109275944993,0.9671204762820562
L48T16beta4.18ms0.037265m0.001022,550,8.193968139399289e-8,0.14498997191559138,0.9152572809661008,0.966958150493761
L48T16beta4.18ms0.037265m0.001022,551,8.192381852971483e-8,0.14496190302141157,0.9150800945067387,0.9667709551612568
L48T16beta4.18ms0.037265m0.001022,552,8.193478381794423e-8,0.1449813057919054,0.9152025755771933,0.9669003549178282
L48T16beta4.18ms0.037265m0.001022,553,8.194372419780656e-8,0.14499712554374117,0.9153024386426141,0.9670058590280386
L48T16beta4.18ms0.037265m0.001022,554,8.194302099011301e-8,0.14499588123741725,0.9152945838895739,0.9669975605772857
L48T16beta4.18ms0.037265m0.001022,555,8.190279598028667e-8,0.14492470420882983,0.9148452749284678,0.966522871141794
L48T16beta4.18ms0.037265m0.001022,556,8.19124366396342e-8,0.1449417630856068,0.9149529600391617,0.9666366391474005
L48T16beta4.18ms0.037265m0.001022,557,8.189813052566389e-8,0.14491644881750754,0.9147931623105044,0.96646781479673
L48T16beta4.18ms0.037265m0.001022,558,8.184031468531723e-8,0.14481414530685766,0.9141473656960655,0.9657855385527936
L48T16beta4.18ms0.037265m0.001022,559,8.18116716054459e-8,0.14476346217903158,0.9138274256260587,0.9654475257723478
L48T16beta4.18ms0.037265m0.001022,560,8.195167756646182e-8,0.14501119880688232,0.9153912769007827,0.9670997155638983
L48T16beta4.18ms0.037265m0.001022,561,8.195084818425775e-8,0.14500973123829491,0.9153820127922572,0.9670899281462704
L48T16beta4.18ms0.037265m0.001022,562,8.195428665988748e-8,0.1450158155246444,0.9154204201890397,0.9671305050923711
L48T16beta4.18ms0.037265m0.001022,563,8.181904349443944e-8,0.14477650653019275,0.9139097688199914,0.9655345203520871
L48T16beta4.18ms0.037265m0.001022,564,8.194132309408862e-8,0.14499287685794318,0.9152756185766483,0.9669775239555713
L48T16beta4.18ms0.037265m0.001022,565,8.1953797738565e-8,0.1450149503920541,0.9154149589913319,0.9671247354036236
L48T16beta4.18ms0.037265m0.001022,566,8.193558050830967e-8,0.14498271551319974,0.9152114745214562,0.966909756543868
L48T16beta4.18ms0.037265m0.001022,567,8.193571263117884e-8,0.1449829493009173,0.9152129503194572,0.9669113157064501
L48T16beta4.18ms0.037265m0.001022,568,8.192660013010071e-8,0.14496682498540955,0.9151111646788775,0.9668037804190414
L48T16beta4.18ms0.037265m0.001022,569,8.195230489386604e-8,0.14501230884515892,0.9153982840792888,0.967107118562497
L48T16beta4.18ms0.037265m0.001022,570,8.194808540554694e-8,0.14500484257872395,0.9153511528561706,0.96705732500031
L48T16beta4.18ms0.037265m0.001022,571,8.194886610501126e-8,0.14500622400456648,0.9153598731838166,0.9670665379200732
L48T16beta4.18ms0.037265m0.001022,572,8.183073845334454e-8,0.14479720043251648,0.9140404002321033,0.965672530845179
L48T16beta4.18ms0.037265m0.001022,573,8.170000310717233e-8,0.14456586789805445,0.9125801007114303,0.9641297422183719
L48T16beta4.18ms0.037265m0.001022,574,8.18588055433606e-8,0.14484686436242136,0.9143539065584118,0.9660037464539042
L48T16beta4.18ms0.037265m0.001022,575,8.185626908146761e-8,0.14484237616412265,0.9143255745564325,0.9659738140394853
L48T16beta4.18ms0.037265m0.001022,576,8.123798601323924e-8,0.14374834158681846,0.9074194202943343,0.9586775463220036
L48T16beta4.18ms0.037265m0.001022,577,8.168905779498416e-8,0.1445465004746062,0.9124578427711717,0.9640005781961302
L48T16beta4.18ms0.037265m0.001022,578,8.185104778221142e-8,0.1448331372212852,0.9142672532146962,0.9659121982535064
L48T16beta4.18ms0.037265m0.001022,579,8.180100556117939e-8,0.1447445889123512,0.9137082870779468,0.9653216573498501
L48T16beta4.18ms0.037265m0.001022,580,8.184886432091433e-8,0.1448292736476569,0.9142428641907719,0.9658864315472955
L48T16beta4.18ms0.037265m0.001022,581,8.194925103430573e-8,0.14500690512617503,0.9153641728019435,0.9670710804141657
L48T16beta4.18ms0.037265m0.001022,582,8.19328394862269e-8,0.1449778653513729,0.9151808576045258,0.9668774101446811
L48T16beta4.18ms0.037265m0.001022,583,8.194195079956579e-8,0.14499398756520926,0.915282629978188,0.9669849314157535
L48T16beta4.18ms0.037265m0.001022,584,8.187302778391883e-8,0.1448720302188664,0.9145127674302278,0.9661715810267523
L48T16beta4.18ms0.037265m0.001022,585,8.194878541388873e-8,0.14500608122388453,0.9153589718728017,0.9670655856959827
L48T16beta4.18ms0.037265m0.001022,586,8.192332933683275e-8,0.14496103740830413,0.9150746302757397,0.9667651822678741
L48T16beta4.18ms0.037265m0.001022,587,8.194393633652157e-8,0.1449975009172575,0.9153048082088632,0.9670083624458703
L48T16beta4.18ms0.037265m0.001022,588,8.188051352989994e-8,0.14488527603677911,0.9145963823942613,0.9662599192160864
L48T16beta4.18ms0.037265m0.001022,589,8.191639383214102e-8,0.14494876522694625,0.9149971614467391,0.9666833373952147
L48T16beta4.18ms0.037265m0.001022,590,8.193360569433424e-8,0.14497922113516498,0.9151894160652989,0.966886452054068
L48T16beta4.18ms0.037265m0.001022,591,8.195175192932592e-8,0.1450113303898882,0.915392107525843,0.9671005931091402
L48T16beta4.18ms0.037265m0.001022,592,8.195096029314572e-8,0.14500992961183315,0.9153832650362765,0.9670912511267985
L48T16beta4.18ms0.037265m0.001022,593,8.183136756127661e-8,0.14479831362138723,0.9140474272989106,0.9656799548555253
L48T16beta4.18ms0.037265m0.001022,594,8.191700016195784e-8,0.14494983811057988,0.9150039340844901,0.9666904926043672
L48T16beta4.18ms0.037265m0.001022,595,8.194268129291928e-8,0.14499528015274446,0.9152907895090662,0.9669935518605737
L48T16beta4.18ms0.037265m0.001022,596,8.195210745701656e-8,0.145011959486182,0.91539607873127,0.9671047886392221
L48T16beta4.18ms0.037265m0.001022,597,8.195307012236379e-8,0.1450136628955593,0.91540683159793,0.9671161489116551
L48T16beta4.18ms0.037265m0.001022,598,8.192679653638977e-8,0.14496717252083868,0.9151133585156491,0.966806098180824
L48T16beta4.18ms0.037265m0.001022,599,8.188233159606257e-8,0.14488849305394802,0.91461668999449,0.9662813739479595
L48T16beta4.18ms0.037265m0.001022,600,8.190666135831392e-8,0.14493154388701845,0.9148884507783483,0.9665684859004141
L48T16beta4.18ms0.037265m0.001022,601,8.194060994090351e-8,0.14499161495335042,0.9152676527335548,0.9669691081395325
L48T16beta4.18ms0.037265m0.001022,602,8.194664879519859e-8,0.14500230053693763,0.9153351060756747,0.9670403717724992
L48T16beta4.18ms0.037265m0.001022,603,8.186992195576769e-8,0.14486653454291615,0.9144780756694056,0.9661349296047099
L48T16beta4.18ms0.037265m0.001022,604,8.189312481638767e-8,0.14490759135510312,0.9147372490852695,0.966408743156454
L48T16beta4.18ms0.037265m0.001022,605,8.191804074686677e-8,0.14495167939643983,0.9150155573041334,0.9667027723941081
L48T16beta4.18ms0.037265m0.001022,606,8.188820364794716e-8,0.14489888348534036,0.914682280171925,0.9663506691701688
L48T16beta4.18ms0.037265m0.001022,607,8.195372804430224e-8,0.14501482707000757,0.915414180514038,0.9671239129518607
L48T16beta4.18ms0.037265m0.001022,608,8.19400001590234e-8,0.14499053596138745,0.9152608415366343,0.9669619121930879
L48T16beta4.18ms0.037265m0.001022,609,8.19417562292505e-8,0.14499364327848432,0.9152804566490426,0.9669826353200276
L48T16beta4.18ms0.037265m0.001022,610,8.185739175871476e-8,0.14484436271007653,0.9143381147385169,0.9659870625888577
L48T16beta4.18ms0.037265m0.001022,611,8.189659495706183e-8,0.1449137316718621,0.9147760101771358,0.9664496937770954
L48T16beta4.18ms0.037265m0.001022,612,8.187306746123881e-8,0.14487210042677315,0.9145132106215532,0.9661720492529803
L48T16beta4.18ms0.037265m0.001022,613,8.188239026037918e-8,0.14488859685881367,0.9146173452684916,0.9662820662369475
L48T16beta4.18ms0.037265m0.001022,614,8.190545805733737e-8,0.14492941467963286,0.9148750100380226,0.9665542859222475
L48T16beta4.18ms0.037265m0.001022,615,8.195115164619123e-8,0.1450102682056893,0.9153854024288702,0.9670935092559959
L48T16beta4.18ms0.037265m0.001022,616,8.195444602081101e-8,0.1450160975093365,0.9154222002331294,0.9671323856872339
L48T16beta4.18ms0.037265m0.001022,617,8.188103318903862e-8,0.14488619555907456,0.9146021869300149,0.9662660516372903
L48T16beta4.18ms0.037265m0.001022,618,8.193487756870777e-8,0.14498147168125647,0.9152036227629704,0.9669014612568253
L48T16beta4.18ms0.037265m0.001022,619,8.193094898450686e-8,0.14497452016151333,0.9151597409070417,0.9668551006114291
L48T16beta4.18ms0.037265m0.001022,620,8.191668487245174e-8,0.14494928021462694,0.9150004123351841,0.9666867719191935
L48T16beta4.18ms0.037265m0.001022,621,8.191266565467886e-8,0.1449421683213159,0.9149555181121675,0.9666393417203206
L48T16beta4.18ms0.037265m0.001022,622,8.193373501083502e-8,0.14497944995709228,0.9151908605164719,0.9668879780991089
L48T16beta4.18ms0.037265m0.001022,623,8.190210447105738e-8,0.14492348060261084,0.914837550845994,0.9665147107429003
L48T16beta4.18ms0.037265m0.001022,624,8.195315112071004e-8,0.14501380621986504,0.9154077363406004,0.9671171047612478
L48T16beta4.18ms0.037265m0.001022,625,8.19520882884222e-8,0.145011925567891,0.9153958646201672,0.9671045624334543
L48T16beta4.18ms0.037265m0.001022,626,8.195330119592648e-8,0.1450140717737584,0.9154094126643569,0.9671188757768441
L48T16beta4.18ms0.037265m0.001022,627,8.194991260246353e-8,0.14500807575250635,0.9153715624459228,0.9670788874828704
L48T16beta4.18ms0.037265m0.001022,628,8.191478527917673e-8,0.1449459189375154,0.9149791940860251,0.9666643550978361
L48T16beta4.18ms0.037265m0.001022,629,8.192963555249973e-8,0.1449721960803528,0.9151450700151474,0.9668396009931391
L48T16beta4.18ms0.037265m0.001022,630,8.194569676262682e-8,0.14500061594195882,0.915324471975954,0.9670291369758885
L48T16beta4.18ms0.037265m0.001022,631,8.194982331141347e-8,0.14500791775449343,0.9153705650746576,0.9670778337722975
L48T16beta4.18ms0.037265m0.001022,632,8.190005013291427e-8,0.1449198455087881,0.9148146041135798,0.9664904678000726
L48T16beta4.18ms0.037265m0.001022,633,8.194602976549524e-8,0.1450012051812104,0.91532819158158,0.9670330666938503
L48T16beta4.18ms0.037265m0.001022,634,8.195302185753241e-8,0.1450135774922916,0.9154062924850414,0.9671155793454658
L48T16beta4.18ms0.037265m0.001022,635,8.194879954041835e-8,0.14500610622038312,0.9153591296645928,0.9670657524010848
L48T16beta4.18ms0.037265m0.001022,636,8.190771550120342e-8,0.1449334091633454,0.9149002254391522,0.9665809256858934
L48T16beta4.18ms0.037265m0.001022,637,8.195150410960666e-8,0.14501089187983393,0.9153893394066783,0.967097668625016
L48T16beta4.18ms0.037265m0.001022,638,8.190311603802022e-8,0.14492527054202772,0.9148488499383528,0.9665266480961197
L48T16beta4.18ms0.037265m0.001022,639,8.19472637698541e-8,0.14500338871737128,0.9153419752753285,0.9670476289981239
L48T16beta4.18ms0.037265m0.001022,640,8.190622128892815e-8,0.14493076519656228,0.9148835352514314,0.9665632927061996
L48T16beta4.18ms0.037265m0.001022,641,8.192262554058567e-8,0.1449597920605512,0.9150667689486207,0.9667568768716872
L48T16beta4.18ms0.037265m0.001022,642,8.189898121581639e-8,0.14491795408991306,0.914802664426484,0.9664778536663292
L48T16beta4.18ms0.037265m0.001022,643,8.194309145462878e-8,0.1449960059224049,0.9152953709705095,0.9669983921186912
L48T16beta4.18ms0.037265m0.001022,644,8.194924670195222e-8,0.1450068974601968,0.9153641244100286,0.9670710292886979
L48T16beta4.18ms0.037265m0.001022,645,8.191864293080141e-8,0.14495274494405103,0.915022283632834,0.9667098786783138
L48T16beta4.18ms0.037265m0.001022,646,8.193640636193066e-8,0.14498417683805817,0.9152206992160946,0.966919502321205
L48T16beta4.18ms0.037265m0.001022,647,8.19131720007233e-8,0.14494306428646386,0.9149611739421143,0.9666453170356539
L48T16beta4.18ms0.037265m0.001022,648,8.193695170219456e-8,0.14498514180238561,0.9152267906072087,0.9669259378015974
L48T16beta4.18ms0.037265m0.001022,649,8.186612216458532e-8,0.14485981091881311,0.9144356324174105,0.9660900888268177
L48T16beta4.18ms0.037265m0.001022,650,8.194461809871658e-8,0.14499870727637224,0.9153124234180299,0.9670164078214434
L48T16beta4.18ms0.037265m0.001022,651,8.195111449477464e-8,0.14501020246729787,0.9153849874516095,0.9670930708375829
L48T16beta4.18ms0.037265m0.001022,652,8.184772840383251e-8,0.14482726367418633,0.914230176121182,0.9658730267565779
L48T16beta4.18ms0.037265m0.001022,653,8.195287947857772e-8,0.14501332555671786,0.9154047021276867,0.9671138991523242
L48T16beta4.18ms0.037265m0.001022,654,8.190364052086288e-8,0.14492619859973227,0.9148547083543525,0.9665328374411462
L48T16beta4.18ms0.037265m0.001022,655,8.194013277993503e-8,0.14499077063037719,0.915262322897715,0.9669634772329959
L48T16beta4.18ms0.037265m0.001022,656,8.194607039202204e-8,0.14500127706871202,0.9153286453754418,0.9670335461215287
L48T16beta4.18ms0.037265m0.001022,657,8.192535437993671e-8,0.14496462066537535,0.91509724978577,0.9667890795042456
L48T16beta4.18ms0.037265m0.001022,658,8.19435667855342e-8,0.14499684700713278,0.915300680364745,0.9670040014289223
L48T16beta4.18ms0.037265m0.001022,659,8.193632017302802e-8,0.14498402432920823,0.915219736495477,0.9669184852186186
L48T16beta4.18ms0.037265m0.001022,660,8.194408017309471e-8,0.14499775543204624,0.9153064148476564,0.9670100598401531
L48T16beta4.18ms0.037265m0.001022,661,8.195356793684315e-8,0.14501454376434172,0.9154123921312277,0.9671220235472413
L48T16beta4.18ms0.037265m0.001022,662,8.193557315218809e-8,0.14498270249674855,0.9152113923543825,0.9669096697353572
L48T16beta4.18ms0.037265m0.001022,663,8.19452031142336e-8,0.14499974244494915,0.9153189579773827,0.967023311503673
L48T16beta4.18ms0.037265m0.001022,664,8.192035539171986e-8,0.14495577509569732,0.9150414116340333,0.9667300871782045
L48T16beta4.18ms0.037265m0.001022,665,8.193105871449582e-8,0.14497471432565634,0.9151609665790192,0.9668563955189193
L48T16beta4.18ms0.037265m0.001022,666,8.1951656893003e-8,0.1450111622257758,0.9153910459805084,0.9670994715994459
L48T16beta4.18ms0.037265m0.001022,667,8.193745384386846e-8,0.1449860303280176,0.9152323994747964,0.9669318635017713
L48T16beta4.18ms0.037265m0.001022,668,8.193200676797975e-8,0.14497639187975067,0.9151715562327639,0.9668675833588986
L48T16beta4.18ms0.037265m0.001022,669,8.193186721066153e-8,0.1449761449369837,0.9151699973927802,0.9668659364634749
L48T16beta4.18ms0.037265m0.001022,670,8.192868107653332e-8,0.14497050716185556,0.9151344086229757,0.9668283373623869
L48T16beta4.18ms0.037265m0.001022,671,8.195070852204032e-8,0.1450094841099117,0.9153804527805607,0.9670882800129463
L48T16beta4.18ms0.037265m0.001022,672,8.187468813005173e-8,0.1448749681548589,0.9145313133149715,0.9661911745277099
L48T16beta4.18ms0.037265m0.001022,673,8.192466526325563e-8,0.14496340129270346,0.9150895524277982,0.9667809473394622
L48T16beta4.18ms0.037265m0.001022,674,8.191113805861348e-8,0.14493946528285093,0.9149384550311618,0.966621314783421
L48T16beta4.18ms0.037265m0.001022,675,8.189963120004181e-8,0.1449191042188004,0.9148099246792053,0.9664855240347486
L48T16beta4.18ms0.037265m0.001022,676,8.192201280132496e-8,0.14495870783558606,0.9150599247180824,0.9667496460256284
L48T16beta4.18ms0.037265m0.001022,677,8.190201809216981e-8,0.1449233277575879,0.9148365860032655,0.9665136913983294
L48T16beta4.18ms0.037265m0.001022,678,8.193570854939557e-8,0.14498294207831608,0.9152129047263843,0.9669112675379249
L48T16beta4.18ms0.037265m0.001022,679,8.187783194479723e-8,0.14488053104702425,0.9145664293818987,0.9662282742239752
L48T16beta4.18ms0.037265m0.001022,680,8.190779840726236e-8,0.14493355586329534,0.9149011514907647,0.9665819040481235
L48T16beta4.18ms0.037265m0.001022,681,8.191246599281485e-8,0.1449418150252381,0.9149532879109799,0.9666369855399761
L48T16beta4.18ms0.037265m0.001022,682,8.193221052287277e-8,0.14497675241832872,0.9151738321526381,0.9668699878404777
L48T16beta4.18ms0.037265m0.001022,683,8.192395287850538e-8,0.14496214074783467,0.9150815951680379,0.9667725405916101
L48T16beta4.18ms0.037265m0.001022,684,8.194057175164413e-8,0.14499154737852524,0.9152672261637036,0.9669686574736892
L48T16beta4.18ms0.037265m0.001022,685,8.191773363243394e-8,0.14495113596605014,0.9150121268695022,0.9666991481817742
L48T16beta4.18ms0.037265m0.001022,686,8.18976539838588e-8,0.14491560559012662,0.9147878393906521,0.9664621911968498
L48T16beta4.18ms0.037265m0.001022,687,8.188823565229796e-8,0.14489894011614296,0.9146826376570236,0.9663510468488139
L48T16beta4.18ms0.037265m0.001022,688,8.18843309904924e-8,0.14489203092640857,0.914639023011635,0.9663049685080932
L48T16beta4.18ms0.037265m0.001022,689,8.195307631827015e-8,0.14501367385904212,0.9154069008055264,0.9671162220286363
L48T16beta4.18ms0.037265m0.001022,690,8.195389303987688e-8,0.14501511902505704,0.9154160234965643,0.9671258600404139
L48T16beta4.18ms0.037265m0.001022,691,8.191875990473101e-8,0.14495295192614419,0.9150235902188363,0.9667112590704838
L48T16beta4.18ms0.037265m0.001022,692,8.186971997264694e-8,0.14486617713943953,0.9144758195400341,0.9661325460315554
L48T16beta4.18ms0.037265m0.001022,693,8.186235651476547e-8,0.14485314770689509,0.9143935705207011,0.9660456509461318
L48T16beta4.18ms0.037265m0.001022,694,8.186501953521446e-8,0.144857859847015,0.9144233161679118,0.9660770768594901
L48T16beta4.18ms0.037265m0.001022,695,8.194677622659346e-8,0.14500252602322278,0.9153365294704205,0.9670418755716816
L48T16beta4.18ms0.037265m0.001022,696,8.18661531539809e-8,0.1448598657536809,0.9144359785655704,0.9660904545281253
L48T16beta4.18ms0.037265m0.001022,697,8.19033009191089e-8,0.14492559768393748,0.9148509150398964,0.9665288298507047
L48T16beta4.18ms0.037265m0.001022,698,8.194859866738998e-8,0.14500575078118388,0.9153568859348316,0.9670633819279673
L48T16beta4.18ms0.037265m0.001022,699,8.195312708184438e-8,0.14501376368376534,0.9154074678290995,0.9671168210821232
L48T16beta4.18ms0.037265m0.001022,700,8.192441871698858e-8,0.1449629650359872,0.9150867985329553,0.9667780378831603
L48T16beta4.18ms0.037265m0.001022,701,8.188272457550205e-8,0.14488918842006276,0.9146210795318563,0.9662860114406314
L48T16beta4.18ms0.037265m0.001022,702,8.192550623712084e-8,0.14496488937241067,0.915098946013911,0.9667908715485812
L48T16beta4.18ms0.037265m0.001022,703,8.188078201998465e-8,0.14488575112246627,0.9145993813991478,0.9662630876281587
L48T16beta4.18ms0.037265m0.001022,704,8.189551723416094e-8,0.1449118246713652,0.9147639721301831,0.9664369757273633
L48T16beta4.18ms0.037265m0.001022,705,8.186260048974934e-8,0.14485357941379776,0.914396295694592,0.9660485300590983
L48T16beta4.18ms0.037265m0.001022,706,8.189740131123866e-8,0.1449151584930001,0.9147850170651152,0.9664592094443546
L48T16beta4.18ms0.037265m0.001022,707,8.195040366475368e-8,0.14500894467347902,0.9153770475580054,0.9670846824368631
L48T16beta4.18ms0.037265m0.001022,708,8.195099030390791e-8,0.14500998271503654,0.9153836002532085,0.9670916052793972
L48T16beta4.18ms0.037265m0.001022,709,8.19441523276679e-8,0.14499788310754316,0.9153072208063487,0.9670109113256782
L48T16beta4.18ms0.037265m0.001022,710,8.194293628985554e-8,0.14499573136268326,0.9152936377969598,0.9669965610419821
L48T16beta4.18ms0.037265m0.001022,711,8.194174768719618e-8,0.1449936281635584,0.91528036123523,0.9669825345164988
L48T16beta4.18ms0.037265m0.001022,712,8.195379434504386e-8,0.14501494438731344,0.9154149210860718,0.9671246953571789
L48T16beta4.18ms0.037265m0.001022,713,8.194795096365932e-8,0.14500460468756818,0.9153496511549872,0.9670557384713316
L48T16beta4.18ms0.037265m0.001022,714,8.19341890643051e-8,0.14498025339199405,0.9151959322440812,0.9668933363174491
L48T16beta4.18ms0.037265m0.001022,715,8.1895462388502e-8,0.1449117276235074,0.9147633595101703,0.9664363285017943
L48T16beta4.18ms0.037265m0.001022,716,8.190503059162503e-8,0.14492865829102392,0.9148702352927597,0.9665492414621327
L48T16beta4.18ms0.037265m0.001022,717,8.190781769047531e-8,0.14493358998440073,0.9149013668821447,0.9665821316064885
L48T16beta4.18ms0.037265m0.001022,718,8.195362513144219e-8,0.14501464496858327,0.9154130309886448,0.9671226984923079
L48T16beta4.18ms0.037265m0.001022,719,8.194529890488583e-8,0.14499991194382614,0.9153200279484933,0.967024441915097
L48T16beta4.18ms0.037265m0.001022,720,8.194449177733817e-8,0.14499848375423013,0.9153110124220464,0.9670149171214021
L48T16beta4.18ms0.037265m0.001022,721,8.181795521485056e-8,0.14477458084993206,0.9138976128559884,0.96552167772443
L48T16beta4.18ms0.037265m0.001022,722,8.194241575397751e-8,0.1449948102890221,0.9152878234681235,0.9669904182745058
L48T16beta4.18ms0.037265m0.001022,723,8.193527870937673e-8,0.14498218148843825,0.9152081034603773,0.9669061950589677
L48T16beta4.18ms0.037265m0.001022,724,8.194141112865561e-8,0.14499303263264451,0.9152766019131349,0.966978562838572
L48T16beta4.18ms0.037265m0.001022,725,8.195301885864858e-8,0.14501357218585062,0.9154062589878369,0.967115543956078
L48T16beta4.18ms0.037265m0.001022,726,8.195428907473097e-8,0.14501581979764236,0.9154204471625775,0.9671305335895848
L48T16beta4.18ms0.037265m0.001022,727,8.193509746508065e-8,0.1449818607817312,0.9152060789814094,0.9669040562216382
L48T16beta4.18ms0.037265m0.001022,728,8.190414853542321e-8,0.14492709751727237,0.9148603828214393,0.9665388324463905
L48T16beta4.18ms0.037265m0.001022,729,8.188507950484751e-8,0.14489335540160153,0.9146473838351307,0.9663138016161078
L48T16beta4.18ms0.037265m0.001022,730,8.195308116302702e-8,0.14501368243170376,0.915406954920931,0.967116279200901
L48T16beta4.18ms0.037265m0.001022,731,8.193398601576005e-8,0.14497989410327897,0.9151936642140368,0.9668909401713789
L48T16beta4.18ms0.037265m0.001022,732,8.193837236301013e-8,0.14498765562192026,0.9152426592331676,0.9669427028113134
L48T16beta4.18ms0.037265m0.001022,733,8.190654690325999e-8,0.14493134136200525,0.9148871723279117,0.9665671352331259
L48T16beta4.18ms0.037265m0.001022,734,8.193922539598716e-8,0.14498916503988818,0.9152521875182409,0.9669527693282409
L48T16beta4.18ms0.037265m0.001022,735,8.192831372970969e-8,0.14496985715193686,0.9151303053991255,0.9668240023564517
L48T16beta4.18ms0.037265m0.001022,736,8.195349607330222e-8,0.14501441660381822,0.915411589423334,0.9671211754961453
L48T16beta4.18ms0.037265m0.001022,737,8.1942737751546e-8,0.1449953800547036,0.9152914201457527,0.9669942181205388
L48T16beta4.18ms0.037265m0.001022,738,8.189993596577573e-8,0.1449196434932331,0.9148133288791267,0.9664891205304317
L48T16beta4.18ms0.037265m0.001022,739,8.189686333659487e-8,0.14491420656193119,0.9147790079471722,0.9664528608845637
L48T16beta4.18ms0.037265m0.001022,740,8.19544353402578e-8,0.14501607861039667,0.9154220809325179,0.9671322596475935
L48T16beta4.18ms0.037265m0.001022,741,8.178868226056865e-8,0.14472278317697293,0.9135706371576928,0.9651762318885373
L48T16beta4.18ms0.037265m0.001022,742,8.192092492098009e-8,0.1449567828617765,0.9150477732135913,0.9667368081093913
L48T16beta4.18ms0.037265m0.001022,743,8.19449360448278e-8,0.14499926987311354,0.9153159748413244,0.967020159856824
L48T16beta4.18ms0.037265m0.001022,744,8.193537739328472e-8,0.14498235610685029,0.9152092057488385,0.9669073596132781
L48T16beta4.18ms0.037265m0.001022,745,8.194023994412576e-8,0.1449909602544121,0.915263519910007,0.9669647418618779
L48T16beta4.18ms0.037265m0.001022,746,8.191516453971707e-8,0.14494659002842225,0.9149834303847882,0.9666688306957931
L48T16beta4.18ms0.037265m0.001022,747,8.19173078550515e-8,0.14495038256489368,0.9150073709826996,0.9666941236453926
L48T16beta4.18ms0.037265m0.001022,748,8.193766646251107e-8,0.1449864065507524,0.9152347744017842,0.966934372583158
L48T16beta4.18ms0.037265m0.001022,749,8.193855138271139e-8,0.1449879723922691,0.9152446588636547,0.966944815396526
L48T16beta4.18ms0.037265m0.001022,750,8.19432807640632e-8,0.14499634090014846,0.9152974855361908,0.9670006261315341
L48T16beta4.18ms0.037265m0.001022,751,8.195175489311961e-8,0.14501133563423815,0.9153921406310944,0.9671006280844344
L48T16beta4.18ms0.037265m0.001022,752,8.194921136958717e-8,0.14500683494056615,0.9153637297513745,0.967070612336645
L48T16beta4.18ms0.037265m0.001022,753,8.193494013933736e-8,0.14498158239823355,0.9152043216700607,0.966902199643639
L48T16beta4.18ms0.037265m0.001022,754,8.194629018567397e-8,0.1450016659874249,0.9153311004464991,0.9670361398741469
L48T16beta4.18ms0.037265m0.001022,755,8.195307385746473e-8,0.14501366950471584,0.915406873318599,0.967116192989033
L48T16beta4.18ms0.037265m0.001022,756,8.19122652506987e-8,0.14494145981768433,0.9149510456434938,0.9666346166117346
L48T16beta4.18ms0.037265m0.001022,757,8.193852657611571e-8,0.14498792849769263,0.9152443817766936,0.9669445226575324
L48T16beta4.18ms0.037265m0.001022,758,8.19183229453418e-8,0.14495217873873983,0.9150187094302408,0.9667061025768822
L48T16beta4.18ms0.037265m0.001022,759,8.193286047827587e-8,0.14497790249621578,0.9151810920834174,0.9668776578687692
L48T16beta4.18ms0.037265m0.001022,760,8.193909309617873e-8,0.14498893093908158,0.9152507097438479,0.9669512080776248
L48T16beta4.18ms0.037265m0.001022,761,8.182008047574114e-8,0.14477834143957063,0.9139213517877361,0.9655467576161882
L48T16beta4.18ms0.037265m0.001022,762,8.194368054310711e-8,0.14499704829797283,0.9153019510243949,0.9670053438653394
L48T16beta4.18ms0.037265m0.001022,763,8.190008748689848e-8,0.14491991160561724,0.9148150213534987,0.9664909086089563
L48T16beta4.18ms0.037265m0.001022,764,8.195361145854328e-8,0.1450146207747715,0.9154128782638592,0.9671225371404353
L48T16beta4.18ms0.037265m0.001022,765,8.194415783081311e-8,0.14499789284520453,0.915307282275879,0.9670109762674869
L48T16beta4.18ms0.037265m0.001022,766,8.188102317088762e-8,0.14488617783223687,0.9146020750283639,0.9662659334145612
L48T16beta4.18ms0.037265m0.001022,767,8.193764209970592e-8,0.14498636344145083,0.9152345022719147,0.966934085081271
L48T16beta4.18ms0.037265m0.001022,768,8.189492927514758e-8,0.14491078429435394,0.9147574046922979,0.9664300373093655
L48T16beta4.18ms0.037265m0.001022,769,8.182646929719696e-8,0.1447896462802497,0.9139927142247721,0.9656221511602398
L48T16beta4.18ms0.037265m0.001022,770,8.192856052977153e-8,0.14497029385773588,0.9151330621288285,0.9668269148077486
L48T16beta4.18ms0.037265m0.001022,771,8.190016568078015e-8,0.1449200499675014,0.9148158947706064,0.9664918313634742
L48T16beta4.18ms0.037265m0.001022,772,8.190392290980576e-8,0.14492669827905982,0.9148578626079649,0.9665361698716033
L48T16beta4.18ms0.037265m0.001022,773,8.194408192361948e-8,0.14499775852955082,0.9153064344008267,0.9670100804978389
L48T16beta4.18ms0.037265m0.001022,774,8.195130953426773e-8,0.14501054758421977,0.9153871660214195,0.9670953724700069
L48T16beta4.18ms0.037265m0.001022,775,8.19520742003736e-8,0.1450119006394835,0.915395707258205,0.9671043961824611
L48T16beta4.18ms0.037265m0.001022,776,8.189999690860059e-8,0.1449197513298553,0.9148140096038162,0.9664898397077608
L48T16beta4.18ms0.037265m0.001022,777,8.193906969233685e-8,0.14498888952663866,0.9152504483254933,0.9669509318923226
L48T16beta4.18ms0.037265m0.001022,778,8.189645874047088e-8,0.1449134906404185,0.9147744886527104,0.9664480863051037
L48T16beta4.18ms0.037265m0.001022,779,8.194818665672889e-8,0.14500502173985538,0.9153522838208011,0.9670585198506435
L48T16beta4.18ms0.037265m0.001022,780,8.195319899404957e-8,0.14501389093039888,0.9154082710805679,0.9671176697074992
L48T16beta4.18ms0.037265m0.001022,781,8.174030852469784e-8,0.14463718720581414,0.9130303078177433,0.9646053805333166
L48T16beta4.18ms0.037265m0.001022,782,8.1920431983867e-8,0.1449559106233571,0.9150422671599414,0.9667309910308883
L48T16beta4.18ms0.037265m0.001022,783,8.189777359516514e-8,0.14491581723898406,0.9147891754358642,0.9664636027123157
L48T16beta4.18ms0.037265m0.001022,784,8.194474954560984e-8,0.14499893986796933,0.9153138916654536,0.9670179590069329
L48T16beta4.18ms0.037265m0.001022,785,8.177463282195346e-8,0.14469792308872764,0.9134137064646846,0.9650104365260499
L48T16beta4.18ms0.037265m0.001022,786,8.195306594864441e-8,0.14501365551027973,0.9154067849779409,0.9671160996582054
L48T16beta4.18ms0.037265m0.001022,787,8.194480337401927e-8,0.14499903511583262,0.9153144929229007,0.9670185942280899
L48T16beta4.18ms0.037265m0.001022,788,8.189831581713336e-8,0.1449167766855746,0.9147952319959566,0.9664700013941585
L48T16beta4.18ms0.037265m0.001022,789,8.194239686164952e-8,0.1449947768595767,0.9152876124428858,0.9669901953289168
L48T16beta4.18ms0.037265m0.001022,790,8.172233665617495e-8,0.1446053864876752,0.9128295640115885,0.9643932971513438
L48T16beta4.18ms0.037265m0.001022,791,8.188830712657462e-8,0.14489906658787424,0.9146834360168781,0.9663518903062595
L48T16beta4.18ms0.037265m0.001022,792,8.194847442637858e-8,0.14500553094019297,0.9153554981763202,0.9670619157780318
L48T16beta4.18ms0.037265m0.001022,793,8.189521451352824e-8,0.14491128901568184,0.9147605907738189,0.9664334033656197
L48T16beta4.18ms0.037265m0.001022,794,8.194431795826991e-8,0.14499817618625577,0.9153090708820613,0.9670128659080961
L48T16beta4.18ms0.037265m0.001022,795,8.191477490285202e-8,0.14494590057689938,0.9149790781836129,0.9666642326483517
L48T16beta4.18ms0.037265m0.001022,796,8.193625204863262e-8,0.14498390378499806,0.9152189755534299,0.9669176812926298
L48T16beta4.18ms0.037265m0.001022,797,8.194076351707875e-8,0.14499188670209237,0.9152693681626385,0.9669709204694299
L48T16beta4.18ms0.037265m0.001022,798,8.191627492398564e-8,0.14494855482229474,0.9149958332556463,0.96668193417753
L48T16beta4.18ms0.037265m0.001022,799,8.193675431242263e-8,0.1449847925267111,0.9152245857850411,0.9669236084338778
L48T16beta4.18ms0.037265m0.001022,800,8.194047065292345e-8,0.14499136848716976,0.915266096902049,0.9669674644225289
L48T16beta4.18ms0.037265m0.001022,801,8.168085331728552e-8,0.14453198288104385,0.9123661996524477,0.9639037583593152
L48T16beta4.18ms0.037265m0.001022,802,8.19417731257245e-8,0.14499367317632197,0.9152806453808096,0.9669828347128367
L48T16beta4.18ms0.037265m0.001022,803,8.185541545024329e-8,0.14484086568757287,0.9143160395890023,0.9659637404627294
L48T16beta4.18ms0.037265m0.001022,804,8.184406822579356e-8,0.14482078709163138,0.9141892923327317,0.9658298335328941
L48T16beta4.18ms0.037265m0.001022,805,8.193886301478248e-8,0.1449885238164932,0.9152481397598115,0.9669484929208461
L48T16beta4.18ms0.037265m0.001022,806,8.190033340450519e-8,0.14492034674993662,0.9148177682262743,0.9664938106465296
L48T16beta4.18ms0.037265m0.001022,807,8.19532225989433e-8,0.14501393269859741,0.9154085347446497,0.9671179482653847
L48T16beta4.18ms0.037265m0.001022,808,8.190063347450678e-8,0.14492087771540246,0.914821119975379,0.9664973517285649
L48T16beta4.18ms0.037265m0.001022,809,8.18999782001156e-8,0.14491971822571495,0.9148138006320846,0.9664896189316761
L48T16beta4.18ms0.037265m0.001022,810,8.186612790221181e-8,0.14485982107138254,0.9144356965060709,0.9660901565357054
L48T16beta4.18ms0.037265m0.001022,811,8.183908337716292e-8,0.14481196654155523,0.9141336121186269,0.965771008066034
L48T16beta4.18ms0.037265m0.001022,812,8.168464660382786e-8,0.1445386949953685,0.9124085702483251,0.9639485223769056
L48T16beta4.18ms0.037265m0.001022,813,8.181208479695467e-8,0.14476419330983697,0.9138320409300287,0.9654524017846818
L48T16beta4.18ms0.037265m0.001022,814,8.126758129103607e-8,0.1438007096022122,0.907749996311045,0.9590267958503754
L48T16beta4.18ms0.037265m0.001022,815,8.185897836850027e-8,0.14484717017166693,0.9143558369963233,0.9660057859380048
L48T16beta4.18ms0.037265m0.001022,816,8.182989447244705e-8,0.14479570703194983,0.9140309730577687,0.9656625711505133
L48T16beta4.18ms0.037265m0.001022,817,8.184723918142879e-8,0.14482639800884117,0.9142247115604294,0.9658672535148147
L48T16beta4.18ms0.037265m0.001022,818,8.182221709148392e-8,0.14478212212130223,0.9139452175519415,0.9655719715048904
L48T16beta4.18ms0.037265m0.001022,819,8.175154601169816e-8,0.14465707162441155,0.9131558293187039,0.964737992467622
L48T16beta4.18ms0.037265m0.001022,820,8.18984291658603e-8,0.14491697725297317,0.9147964980888418,0.9664713390058444
L48T16beta4.18ms0.037265m0.001022,821,8.185630521623725e-8,0.14484244010358577,0.914325978177858,0.965974240460597
L48T16beta4.18ms0.037265m0.001022,822,8.193054983808793e-8,0.14497381388310113,0.9151552824851894,0.9668503903431385
L48T16beta4.18ms0.037265m0.001022,823,8.191900355868209e-8,0.1449533830649883,0.915026311806826,0.9667141343949895
L48T16beta4.18ms0.037265m0.001022,824,8.194552380068233e-8,0.14500030989064094,0.9153225400099476,0.9670270958773742
L48T16beta4.18ms0.037265m0.001022,825,8.179944820692423e-8,0.14474183321760264,0.9136908916012152,0.9653032792409214
L48T16beta4.18ms0.037265m0.001022,826,8.195306345031608e-8,0.1450136510895577,0.9154067570718867,0.9671160701757996
L48T16beta4.18ms0.037265m0.001022,827,8.171643584402535e-8,0.14459494516579924,0.9127636525851386,0.9643236625334698
L48T16beta4.18ms0.037265m0.001022,828,8.169841810109622e-8,0.14456306327418292,0.9125623963668825,0.9641110377943639
L48T16beta4.18ms0.037265m0.001022,829,8.118319543903294e-8,0.1436513911998965,0.9068074155718665,0.9580309707996475
L48T16beta4.18ms0.037265m0.001022,830,8.177627202196442e-8,0.14470082360724942,0.9134320161495585,0.9650297804847269
L48T16beta4.18ms0.037265m0.001022,831,8.193777718737368e-8,0.1449866024752965,0.9152360111863918,0.9669356792310061
L48T16beta4.18ms0.037265m0.001022,832,8.192456526619818e-8,0.14496322435071024,0.9150884354716012,0.9667797672888678
L48T16beta4.18ms0.037265m0.001022,833,8.195295886171113e-8,0.1450134660229497,0.9154055888286063,0.9671148359410274
L48T16beta4.18ms0.037265m0.001022,834,8.193625877084872e-8,0.14498391567977123,0.9152190506398485,0.9669177606205149
L48T16beta4.18ms0.037265m0.001022,835,8.193630798759902e-8,0.1449840027674328,0.9152196003855675,0.9669183414201598
L48T16beta4.18ms0.037265m0.001022,836,8.195299583493041e-8,0.14501353144602597,0.9154060018154225,0.9671152722565599
L48T16beta4.18ms0.037265m0.001022,837,8.194975144555157e-8,0.14500779058986302,0.9153697623408389,0.967076985693812
L48T16beta4.18ms0.037265m0.001022,838,8.195241341885079e-8,0.14501250087708073,0.9153994962915011,0.9671083992499093
L48T16beta4.18ms0.037265m0.001022,839,8.192837663531603e-8,0.14496996846164595,0.9151310080478696,0.966824744696277
L48T16beta4.18ms0.037265m0.001022,840,8.194711849927176e-8,0.1450031316651434,0.9153403526188093,0.9670459146813091
L48T16beta4.18ms0.037265m0.001022,841,8.191203128180313e-8,0.14494104581627476,0.914948432236515,0.966631855579147
L48T16beta4.18ms0.037265m0.001022,842,8.193964527401732e-8,0.14498990800230596,0.9152568775099236,0.9669577242472321
L48T16beta4.18ms0.037265m0.001022,843,8.194651213604616e-8,0.14500205872239386,0.9153335796078859,0.9670387590779044
L48T16beta4.18ms0.037265m0.001022,844,8.193486708499263e-8,0.14498145313061608,0.9152035056610187,0.966901337540042
L48T16beta4.18ms0.037265m0.001022,845,8.193460025330738e-8,0.1449809809794203,0.9152005251802727,0.9668981886984981
L48T16beta4.18ms0.037265m0.001022,846,8.19323260112871e-8,0.1449769567718442,0.9151751221455974,0.9668713507023002
L48T16beta4.18ms0.037265m0.001022,847,8.194502431862104e-8,0.14499942607111901,0.9153169608499421,0.9670212015628985
L48T16beta4.18ms0.037265m0.001022,848,8.191453518470031e-8,0.144945476402342,0.9149764005580717,0.9666614037696365
L48T16beta4.18ms0.037265m0.001022,849,8.195417623862911e-8,0.14501562013731953,0.9154191867956585,0.9671292020273122
L48T16beta4.18ms0.037265m0.001022,850,8.18932321654659e-8,0.14490778130629128,0.9147384481627346,0.9664100099671662
L48T16beta4.18ms0.037265m0.001022,851,8.154437008925567e-8,0.1442904796305754,0.9108416969199629,0.9622931398225577
L48T16beta4.18ms0.037265m0.001022,852,8.192308723458144e-8,0.1449606090151493,0.9150719260200668,0.9667623252547498
L48T16beta4.18ms0.037265m0.001022,853,8.190657687879694e-8,0.14493139440287858,0.9148875071513816,0.9665674889700366
L48T16beta4.18ms0.037265m0.001022,854,8.193178372867238e-8,0.14497599721794135,0.9151690649080901,0.9668649513047768
L48T16beta4.18ms0.037265m0.001022,855,8.194823199496392e-8,0.1450051019645928,0.9153527902439287,0.967059054880499
L48T16beta4.18ms0.037265m0.001022,856,8.193636252537842e-8,0.1449840992705064,0.9152202095665997,0.9669189850124877
L48T16beta4.18ms0.037265m0.001022,857,8.195109393404256e-8,0.14501016608565817,0.9153847577904805,0.9670928282034021
L48T16beta4.18ms0.037265m0.001022,858,8.191640410173153e-8,0.1449487833986991,0.914997276156942,0.9666834585851445
L48T16beta4.18ms0.037265m0.001022,859,8.180501808986829e-8,0.1447516889695154,0.9137531065846268,0.9653690086118248
L48T16beta4.18ms0.037265m0.001022,860,8.192546498098872e-8,0.14496481637084008,0.9150984851874265,0.966790384691023
L48T16beta4.18ms0.037265m0.001022,861,8.184350729062205e-8,0.14481979453255156,0.914183026748205,0.9658232140192865
L48T16beta4.18ms0.037265m0.001022,862,8.194985798107033e-8,0.14500797910148047,0.9153709523309337,0.9670782429038283
L48T16beta4.18ms0.037265m0.001022,863,8.193655543776606e-8,0.1449844406235748,0.9152223643768744,0.9669212615432526
L48T16beta4.18ms0.037265m0.001022,864,8.194872893752175e-8,0.1450059812905345,0.9153583410379583,0.9670649192266674
L48T16beta4.18ms0.037265m0.001022,865,8.193639735768201e-8,0.14498416090529231,0.9152205986396219,0.9669193960633887
L48T16beta4.18ms0.037265m0.001022,866,8.19407493148841e-8,0.1449918615717066,0.9152692095256773,0.9669707528714158
L48T16beta4.18ms0.037265m0.001022,867,8.193968553341357e-8,0.14498997924018037,0.9152573272029773,0.9669581993424567
L48T16beta4.18ms0.037265m0.001022,868,8.190766516841214e-8,0.14493332010088056,0.9148996632273776,0.966580331716013
L48T16beta4.18ms0.037265m0.001022,869,8.191324367614255e-8,0.1449431911141113,0.9149619745487095,0.9666461628667539
L48T16beta4.18ms0.037265m0.001022,870,8.193834570754227e-8,0.14498760845581624,0.9152423614945064,0.9669423882540505
L48T16beta4.18ms0.037265m0.001022,871,8.192721189661067e-8,0.14496790748911947,0.9151179980438964,0.9668109997858114
L48T16beta4.18ms0.037265m0.001022,872,8.190390192153116e-8,0.14492666114089559,0.9148576281712327,0.9665359221920561
L48T16beta4.18ms0.037265m0.001022,873,8.192897906181762e-8,0.14497103443847256,0.9151377370860163,0.9668318538429795
L48T16beta4.18ms0.037265m0.001022,874,8.193201476893195e-8,0.14497640603721157,0.9151716456025251,0.9668676777769608
L48T16beta4.18ms0.037265m0.001022,875,8.193247297332499e-8,0.14497721681705533,0.9151767636954902,0.9668730849797338
L48T16beta4.18ms0.037265m0.001022,876,8.194733207532979e-8,0.14500350958199795,0.9153427382400227,0.9670484350610146
L48T16beta4.18ms0.037265m0.001022,877,8.19489332720483e-8,0.14500634285475786,0.9153606234322758,0.9670673305484168
L48T16beta4.18ms0.037265m0.001022,878,8.192289512779742e-8,0.14496026908757395,0.9150697802082963,0.9667600582307948
L48T16beta4.18ms0.037265m0.001022,879,8.194742550862612e-8,0.1450036749095997,0.9153437818797258,0.9670495376536277
L48T16beta4.18ms0.037265m0.001022,880,8.195378072708129e-8,0.14501492029071,0.915414768974919,0.9671245346536018
L48T16beta4.18ms0.037265m0.001022,881,8.194796288488424e-8,0.14500462578184187,0.915349784313766,0.9670558791519568
L48T16beta4.18ms0.037265m0.001022,882,8.194670514974529e-8,0.1450024002547301,0.915335735549799,0.9670410368042315
L48T16beta4.18ms0.037265m0.001022,883,8.19281750112586e-8,0.14496961169352177,0.915128755929196,0.9668223653603758
L48T16beta4.18ms0.037265m0.001022,884,8.191669562460105e-8,0.14494929924025407,0.9150005324355162,0.9666868988037289
L48T16beta4.18ms0.037265m0.001022,885,8.195037641922498e-8,0.14500889646327886,0.9153767432284292,0.9670843609163788
L48T16beta4.18ms0.037265m0.001022,886,8.192672400655653e-8,0.1449670441813296,0.9151125483653431,0.9668052422669101
L48T16beta4.18ms0.037265m0.001022,887,8.194898938334017e-8,0.1450064421421177,0.9153612501892701,0.9670679927095343
L48T16beta4.18ms0.037265m0.001022,888,8.193099187185905e-8,0.14497459604948218,0.9151602199540759,0.9668556067187761
L48T16beta4.18ms0.037265m0.001022,889,8.19149633323919e-8,0.14494623399769416,0.9149811829209683,0.9666664562776882
L48T16beta4.18ms0.037265m0.001022,890,8.193117148476014e-8,0.1449749138694815,0.9151622262105401,0.9668577263042526
L48T16beta4.18ms0.037265m0.001022,891,8.19334096128228e-8,0.1449788741744208,0.9151872258562581,0.9668841381249387
L48T16beta4.18ms0.037265m0.001022,892,8.195182855490947e-8,0.14501146597671277,0.9153929634252322,0.9671014973564024
L48T16beta4.18ms0.037265m0.001022,893,8.195330478601421e-8,0.14501407812631814,0.9154094527652444,0.9671189181429425
L48T16beta4.18ms0.037265m0.001022,894,8.18840110451848e-8,0.14489146479214524,0.9146354492575355,0.9663011928804897
L48T16beta4.18ms0.037265m0.001022,895,8.190853257659602e-8,0.1449348549553745,0.9149093520819394,0.966590567872646
L48T16beta4.18ms0.037265m0.001022,896,8.190046775402101e-8,0.14492058447764306,0.9148192688956748,0.966495396085442
L48T16beta4.18ms0.037265m0.001022,897,8.191531879226792e-8,0.1449468629739919,0.9149851533689135,0.9666706510074998
L48T16beta4.18ms0.037265m0.001022,898,8.194635362337953e-8,0.1450017782386686,0.9153318090387332,0.9670368884931969
L48T16beta4.18ms0.037265m0.001022,899,8.195334888635527e-8,0.14501415616063684,0.9154099453612317,0.9671194385645929
L48T16beta4.18ms0.037265m0.001022,900,8.194861517215179e-8,0.14500577998589778,0.9153570702912163,0.9670635766982385
L48T16beta4.18ms0.037265m0.001022,901,8.195364096969357e-8,0.14501467299392562,0.9154132079001809,0.9671228853971873
L48T16beta4.18ms0.037265m0.001022,902,8.192008210361046e-8,0.1449552915200398,0.9150383590357357,0.9667268621453472
L48T16beta4.18ms0.037265m0.001022,903,8.195088614771127e-8,0.14500979841356296,0.9153824368398817,0.967090376147412
L48T16beta4.18ms0.037265m0.001022,904,8.178707084095846e-8,0.14471993181509243,0.9135526377768577,0.9651572157622913
L48T16beta4.18ms0.037265m0.001022,905,8.195310924748372e-8,0.1450137321263635,0.9154072686212412,0.9671166106214514
L48T16beta4.18ms0.037265m0.001022,906,8.181259911176914e-8,0.14476510337550036,0.9138377857702653,0.9654584711383003
L48T16beta4.18ms0.037265m0.001022,907,8.187248594935309e-8,0.14487107145777373,0.9145067151973788,0.9661651869165893
L48T16beta4.18ms0.037265m0.001022,908,8.194150895344286e-8,0.14499320573086644,0.9152776946053113,0.9669797172545246
L48T16beta4.18ms0.037265m0.001022,909,8.192500620134649e-8,0.14496400457310898,0.9150933606689909,0.9667849706998188
L48T16beta4.18ms0.037265m0.001022,910,8.19038488547275e-8,0.14492656724067238,0.9148570354208386,0.9665352959584967
L48T16beta4.18ms0.037265m0.001022,911,8.167842860265112e-8,0.1445276924163903,0.912339115855127,0.963875144657889
L48T16beta4.18ms0.037265m0.001022,912,8.194989685702609e-8,0.14500804789139568,0.9153713865711084,0.9670787016732748
L48T16beta4.18ms0.037265m0.001022,913,8.181405513995479e-8,0.14476767977660607,0.9138540494458804,0.9654756535131583
L48T16beta4.18ms0.037265m0.001022,914,8.195139311873167e-8,0.14501069548458836,0.9153880996507415,0.9670963588379947
L48T16beta4.18ms0.037265m0.001022,915,8.183996665602536e-8,0.1448135294787705,0.9141434782469327,0.9657814315102147
L48T16beta4.18ms0.037265m0.001022,916,8.184033037069939e-8,0.1448141730617022,0.9141475409000689,0.9657857236536855
L48T16beta4.18ms0.037265m0.001022,917,8.18818263420887e-8,0.1448875990211884,0.9146110463628522,0.9662754115199909
L48T16beta4.18ms0.037265m0.001022,918,8.184835537078377e-8,0.14482837307465152,0.9142371792734678,0.9658804255015241
L48T16beta4.18ms0.037265m0.001022,919,8.195081870318295e-8,0.14500967907235854,0.9153816834918754,0.9670895802444348
L48T16beta4.18ms0.037265m0.001022,920,8.194994322126917e-8,0.1450081299316256,0.9153719044546335,0.9670792488109005
L48T16beta4.18ms0.037265m0.001022,921,8.195152125479654e-8,0.14501092221776735,0.9153895309165744,0.9670978709528846
L48T16beta4.18ms0.037265m0.001022,922,8.195175701262782e-8,0.14501133938464855,0.9153921643057694,0.9671006530964398
L48T16beta4.18ms0.037265m0.001022,923,8.194576423472575e-8,0.14500073533194863,0.9153252256319209,0.9670299332042224
L48T16beta4.18ms0.037265m0.001022,924,8.188975919742244e-8,0.14490163598658148,0.9146996554894625,0.9663690259811548
L48T16beta4.18ms0.037265m0.001022,925,8.193621715123646e-8,0.14498384203503267,0.9152185857533307,0.9669172694735808
L48T16beta4.18ms0.037265m0.001022,926,8.187827451292565e-8,0.14488131415893557,0.9145713728194977,0.9662334969054849
L48T16beta4.18ms0.037265m0.001022,927,8.194422442736256e-8,0.1449980106859341,0.9153080261520539,0.9670117621635899
L48T16beta4.18ms0.037265m0.001022,928,8.173363744700188e-8,0.14462538292062133,0.9129557926093701,0.9645266561248135
L48T16beta4.18ms0.037265m0.001022,929,8.180668203981245e-8,0.14475463328235103,0.9137716927235482,0.96538864464083
L48T16beta4.18ms0.037265m0.001022,930,8.164565569188055e-8,0.14446970166842327,0.9119730460255778,0.9634883963493056
L48T16beta4.18ms0.037265m0.001022,931,8.138941101084064e-8,0.1440162838801742,0.9091108209590326,0.9604644904878608
L48T16beta4.18ms0.037265m0.001022,932,8.189625208760065e-8,0.1449131249739509,0.9147721803627475,0.9664456476249209
L48T16beta4.18ms0.037265m0.001022,933,8.187492663413122e-8,0.14487539018114945,0.9145339773794586,0.9661939890793368
L48T16beta4.18ms0.037265m0.001022,934,8.194990247200475e-8,0.14500805782694318,0.915371449289806,0.9670787679348135
L48T16beta4.18ms0.037265m0.001022,935,8.195501295379498e-8,0.14501710068137752,0.9154285328125653,0.9671390759801457
L48T16beta4.18ms0.037265m0.001022,936,8.195066553575151e-8,0.1450094080468773,0.9153799726284153,0.967087772738063
L48T16beta4.18ms0.037265m0.001022,937,8.195295596468788e-8,0.1450134608967482,0.9154055564691733,0.9671148017536813
L48T16beta4.18ms0.037265m0.001022,938,8.189652732565898e-8,0.14491361199998845,0.9147752547417616,0.9664488956688394
L48T16beta4.18ms0.037265m0.001022,939,8.188584338072491e-8,0.14489470705857807,0.9146559162451505,0.9663228160031918
L48T16beta4.18ms0.037265m0.001022,940,8.195359619505955e-8,0.14501459376646442,0.9154127077724149,0.9671223570183045
L48T16beta4.18ms0.037265m0.001022,941,8.193749453865829e-8,0.14498610233630876,0.9152328540311487,0.9669323437350116
L48T16beta4.18ms0.037265m0.001022,942,8.192229866400502e-8,0.14495921366159428,0.9150631177729593,0.9667530194491482
L48T16beta4.18ms0.037265m0.001022,943,8.191450914727449e-8,0.14494543032984608,0.9149761097228725,0.9666610965057969
L48T16beta4.18ms0.037265m0.001022,944,8.194506580684516e-8,0.14499949948336993,0.9153174242688686,0.9670216911593403
L48T16beta4.18ms0.037265m0.001022,945,8.194564242045052e-8,0.14500051978499942,0.915323864979787,0.9670284956918439
L48T16beta4.18ms0.037265m0.001022,946,8.195351854534053e-8,0.1450144563674608,0.9154118404335446,0.9671214406853702
L48T16beta4.18ms0.037265m0.001022,947,8.193344310045111e-8,0.14497893342984142,0.9151875999094043,0.9668845333075239
L48T16beta4.18ms0.037265m0.001022,948,8.195216633498505e-8,0.14501206366909866,0.9153967363917398,0.9671054834494844
L48T16beta4.18ms0.037265m0.001022,949,8.170678823848515e-8,0.1445778739979288,0.9126558898862321,0.9642098125568634
L48T16beta4.18ms0.037265m0.001022,950,8.194312048417424e-8,0.14499605728937276,0.9152956952273579,0.9669987346920953
L48T16beta4.18ms0.037265m0.001022,951,8.179032526972479e-8,0.14472569043567046,0.9135889893903019,0.9651956207983773
L48T16beta4.18ms0.037265m0.001022,952,8.177957357492766e-8,0.1447066656127744,0.913468894135129,0.9650687416265422
L48T16beta4.18ms0.037265m0.001022,953,8.174111022407584e-8,0.14463860579041593,0.9130392627121288,0.9646148412699782
L48T16beta4.18ms0.037265m0.001022,954,8.188098228934916e-8,0.14488610549349923,0.9146016183860496,0.9662654509775276
L48T16beta4.18ms0.037265m0.001022,955,8.194039760438227e-8,0.1449912392298215,0.9152652809578318,0.9669666023874186
L48T16beta4.18ms0.037265m0.001022,956,8.191757610782616e-8,0.14495085723066736,0.9150103673368588,0.966697289257004
L48T16beta4.18ms0.037265m0.001022,957,8.190845947398883e-8,0.14493472560235796,0.9149085355338108,0.9665897051995106
L48T16beta4.18ms0.037265m0.001022,958,8.194869324880305e-8,0.14500591814034602,0.915357942398873,0.9670644980693375
L48T16beta4.18ms0.037265m0.001022,959,8.184455666365874e-8,0.14482165136875755,0.9141947481302746,0.9658355975164331
L48T16beta4.18ms0.037265m0.001022,960,8.18963436259207e-8,0.14491328694844513,0.9147732028357727,0.966446727855197
L48T16beta4.18ms0.037265m0.001022,961,8.191509167902398e-8,0.14494646110346593,0.9149826165388137,0.9666679708774507
L48T16beta4.18ms0.037265m0.001022,962,8.189786242006935e-8,0.14491597441216497,0.9147901676003312,0.9664646509219698
L48T16beta4.18ms0.037265m0.001022,963,8.19234428078524e-8,0.14496123819209622,0.9150758977346211,0.9667665213227183
L48T16beta4.18ms0.037265m0.001022,964,8.19050088980514e-8,0.1449286199048528,0.9148699929779145,0.9665489854594552
L48T16beta4.18ms0.037265m0.001022,965,8.189648455259378e-8,0.14491353631424722,0.9147747769713005,0.9664483909101764
L48T16beta4.18ms0.037265m0.001022,966,8.192808855239385e-8,0.14496945870698147,0.9151277901931312,0.9668213450720061
L48T16beta4.18ms0.037265m0.001022,967,8.18668710707352e-8,0.14486113608727597,0.9144439976172108,0.9660989265583447
L48T16beta4.18ms0.037265m0.001022,968,8.195035798098002e-8,0.1450088638373207,0.9153765372752494,0.9670841433293572
L48T16beta4.18ms0.037265m0.001022,969,8.192088943469559e-8,0.14495672006978969,0.9150473768356739,0.9667363893409577
L48T16beta4.18ms0.037265m0.001022,970,8.187534170163977e-8,0.14487612463148392,0.9145386136381409,0.9661988872300687
L48T16beta4.18ms0.037265m0.001022,971,8.195422077556462e-8,0.14501569894417987,0.915419684268358,0.9671297276011497
L48T16beta4.18ms0.037265m0.001022,972,8.194985032875922e-8,0.14500796556093024,0.9153708668554553,0.9670781526000283
L48T16beta4.18ms0.037265m0.001022,973,8.181776825291322e-8,0.14477425002601885,0.9138955245115927,0.9655194714140555
L48T16beta4.18ms0.037265m0.001022,974,8.161813443018974e-8,0.1444210035664567,0.9116656365419751,0.9631636219805128
L48T16beta4.18ms0.037265m0.001022,975,8.166463898208732e-8,0.144503292068912,0.9121850873013412,0.9637124153700819
L48T16beta4.18ms0.037265m0.001022,976,8.194178207048993e-8,0.14499368900383397,0.9152807452928614,0.9669829402687006
L48T16beta4.18ms0.037265m0.001022,977,8.190418009952217e-8,0.1449271533690617,0.9148607353889732,0.9665392049296885
L48T16beta4.18ms0.037265m0.001022,978,8.192582479457248e-8,0.14496545305090175,0.9151025042658111,0.9667946307983003
L48T16beta4.18ms0.037265m0.001022,979,8.194831404141201e-8,0.1450052471434854,0.9153537066937819,0.9670600230985875
L48T16beta4.18ms0.037265m0.001022,980,8.187053099847391e-8,0.14486761222693162,0.9144848786098346,0.966142116828272
L48T16beta4.18ms0.037265m0.001022,981,8.194855626322392e-8,0.14500567574819936,0.9153564122849337,0.9670628815226291
L48T16beta4.18ms0.037265m0.001022,982,8.188997608297404e-8,0.14490201975949224,0.9147020780773573,0.9663715854157082
L48T16beta4.18ms0.037265m0.001022,983,8.187921192030795e-8,0.14488297287505114,0.9145818435574514,0.9662445591123818
L48T16beta4.18ms0.037265m0.001022,984,8.194409407855583e-8,0.14499778003737035,0.9153065701701365,0.9670102239364582
L48T16beta4.18ms0.037265m0.001022,985,8.194367747849543e-8,0.14499704287522824,0.9153019167930175,0.9670053077003068
L48T16beta4.18ms0.037265m0.001022,986,8.188155592321193e-8,0.14488712052255767,0.9146080258135694,0.9662722203465266
L48T16beta4.18ms0.037265m0.001022,987,8.192593069146036e-8,0.14496564043247975,0.9151036871224688,0.9667958804719274
L48T16beta4.18ms0.037265m0.001022,988,8.19416456582294e-8,0.14499344762615848,0.9152792215828279,0.9669813304876407
L48T16beta4.18ms0.037265m0.001022,989,8.19499442954215e-8,0.1450081318323081,0.9153719164527977,0.9670792614868146
L48T16beta4.18ms0.037265m0.001022,990,8.19527964408834e-8,0.14501317862384283,0.9154037746057213,0.9671129192366843
L48T16beta4.18ms0.037265m0.001022,991,8.188348870755726e-8,0.14489054053033876,0.9146296148033543,0.966295028850832
L48T16beta4.18ms0.037265m0.001022,992,8.194508953997926e-8,0.14499954147848618,0.9153176893653813,0.9670219712305715
L48T16beta4.18ms0.037265m0.001022,993,8.19519601105084e-8,0.1450116987606615,0.9153944328868864,0.9671030498247114
L48T16beta4.18ms0.037265m0.001022,994,8.195381800785665e-8,0.14501498625799814,0.9154151853971031,0.9671249745985586
L48T16beta4.18ms0.037265m0.001022,995,8.192460433572321e-8,0.14496329348314083,0.9150888718739235,0.9667802283425968
L48T16beta4.18ms0.037265m0.001022,996,8.189476366106641e-8,0.14491049124487448,0.9147555548011214,0.9664280829219075
L48T16beta4.18ms0.037265m0.001022,997,8.190629468703835e-8,0.14493089507246312,0.9148843551002961,0.9665641588665224
L48T16beta4.18ms0.037265m0.001022,998,8.192557859324265e-8,0.14496501740454226,0.9150997542238793,0.9667917254125521
L48T16beta4.18ms0.037265m0.001022,999,8.194619960092212e-8,0.14500150570024287,0.9153300886247265,0.9670350708967893
L48T16beta4.18ms0.037265m0.001022,1000,8.192932383638625e-8,0.14497164450741803,0.9151415881802464,0.9668359224770472
L48T16beta4.18ms0.037265m0.001022,1001,8.194745514356287e-8,0.1450037273477905,0.9153441128987285,0.9670498873711654
L48T16beta4.18ms0.037265m0.001022,1002,8.192948577015224e-8,0.14497193104468284,0.915143396962705,0.9668378334336462
L48T16beta4.18ms0.037265m0.001022,1003,8.195386610581174e-8,0.1450150713659829,0.9154157226460018,0.9671255421954653
L48T16beta4.18ms0.037265m0.001022,1004,8.193767220395355e-8,0.1449864167100741,0.9152348385330689,0.9669344403370778
L48T16beta4.18ms0.037265m0.001022,1005,8.195060448596534e-8,0.14500930002099005,0.9153792907089797,0.9670870522984992
L48T16beta4.18ms0.037265m0.001022,1006,8.189329764719304e-8,0.14490789717437397,0.9147391795864663,0.9664107827074148
L48T16beta4.18ms0.037265m0.001022,1007,8.191676192962939e-8,0.14494941656514518,0.9150012730554322,0.9666876812596341
L48T16beta4.18ms0.037265m0.001022,1008,8.189491618035215e-8,0.1449107611234801,0.914757258424865,0.9664298827796072
L48T16beta4.18ms0.037265m0.001022,1009,8.195304531633477e-8,0.14501361900198553,0.9154065545172985,0.9671158561793485
L48T16beta4.18ms0.037265m0.001022,1010,8.189734799566332e-8,0.14491506415258237,0.9147844215359687,0.9664585802750773
L48T16beta4.18ms0.037265m0.001022,1011,8.195112762856036e-8,0.14501022570716396,0.9153851341545598,0.96709322582746
L48T16beta4.18ms0.037265m0.001022,1012,8.189248888191014e-8,0.1449064660868513,0.9147301457666958,0.9664012385870467
L48T16beta4.18ms0.037265m0.001022,1013,8.185335736696105e-8,0.1448372239668313,0.9142930510237937,0.9659394533240647
L48T16beta4.18ms0.037265m0.001022,1014,8.193875567565562e-8,0.1449883338829137,0.915246940793502,0.9669472262275685
L48T16beta4.18ms0.037265m0.001022,1015,8.192922931579585e-8,0.14497147725587992,0.9151405323955877,0.9668348070534367
L48T16beta4.18ms0.037265m0.001022,1016,8.193168400737804e-8,0.14497582076390325,0.9151679510321371,0.9668637745084226
L48T16beta4.18ms0.037265m0.001022,1017,8.192291500845203e-8,0.14496030426583564,0.9150700022730344,0.9667602928394812
L48T16beta4.18ms0.037265m0.001022,1018,8.193419027132037e-8,0.1449802555277738,0.9151959457263099,0.9668933505612592
L48T16beta4.18ms0.037265m0.001022,1019,8.194910055529546e-8,0.14500663885777976,0.9153624919678537,0.9670693046334572
L48T16beta4.18ms0.037265m0.001022,1020,8.19460136096427e-8,0.1450011765938817,0.9153280111224739,0.9670328760410064
L48T16beta4.18ms0.037265m0.001022,1021,8.192763154431828e-8,0.14496865004398796,0.9151226854629013,0.9668159519867999
L48T16beta4.18ms0.037265m0.001022,1022,8.194263356037844e-8,0.14499519569134997,0.9152902563418045,0.9669929885758668
L48T16beta4.18ms0.037265m0.001022,1023,8.191055978393808e-8,0.14493844204200448,0.9149319957662725,0.9666144906488734
L48T16beta4.18ms0.037265m0.001022,1024,8.192321655021106e-8,0.14496083783553507,0.9150733704615087,0.9667638512895098
L48T16beta4.18ms0.037265m0.001022,1025,8.192197214857581e-8,0.14495863590168473,0.9150594706313199,0.966749166288504
L48T16beta4.18ms0.037265m0.001022,1026,8.191185633054246e-8,0.14494073624491763,0.9149464780500646,0.9666297910050047
L48T16beta4.18ms0.037265m0.001022,1027,8.192687104811525e-8,0.14496730436725058,0.9151141908034749,0.9668069774827573
L48T16beta4.18ms0.037265m0.001022,1028,8.1736194596902e-8,0.1446299077257694,0.912984355694127,0.9645568326753673
L48T16beta4.18ms0.037265m0.001022,1029,8.180821914088515e-8,0.14475735313966032,0.9137888619744463,0.9654067837449257
L48T16beta4.18ms0.037265m0.001022,1030,8.193522246356481e-8,0.14498208196304896,0.9152074752008088,0.9669055313103988
L48T16beta4.18ms0.037265m0.001022,1031,8.195382732641434e-8,0.14501500274692503,0.9154152894843735,0.9671250845654898
L48T16beta4.18ms0.037265m0.001022,1032,8.194661454178484e-8,0.1450022399264811,0.9153347234687887,0.9670399675529923
L48T16beta4.18ms0.037265m0.001022,1033,8.195326499055283e-8,0.1450140077093635,0.9154090082542925,0.9671184485225451
L48T16beta4.18ms0.037265m0.001022,1034,8.191797157029371e-8,0.14495155699043075,0.915014784609377,0.9667019560515254
L48T16beta4.18ms0.037265m0.001022,1035,8.180627455366626e-8,0.14475391224702494,0.9137671411478544,0.9653838359566422
L48T16beta4.18ms0.037265m0.001022,1036,8.19529790514866e-8,0.1450135017481921,0.9154058143461905,0.9671150741976036
L48T16beta4.18ms0.037265m0.001022,1037,8.192401393124653e-8,0.14496224877895067,0.9150822771204804,0.9667732610660453
L48T16beta4.18ms0.037265m0.001022,1038,8.195111634594513e-8,0.14501020574289222,0.9153850081289815,0.9670930926829742
L48T16beta4.18ms0.037265m0.001022,1039,8.194953465962883e-8,0.14500740699324274,0.9153673408657877,0.9670744274349643
L48T16beta4.18ms0.037265m0.001022,1040,8.191213000947043e-8,0.14494122051211766,0.9149495350137627,0.9666330206498545
L48T16beta4.18ms0.037265m0.001022,1041,8.184992062259858e-8,0.14483114274391076,0.9142546629650771,0.9658988968083947
L48T16beta4.18ms0.037265m0.001022,1042,8.195066092369703e-8,0.14500939988597603,0.9153799211122712,0.9670877183118852
L48T16beta4.18ms0.037265m0.001022,1043,8.195281982237568e-8,0.14501321999673875,0.9154040357744334,0.9671131951582421
L48T16beta4.18ms0.037265m0.001022,1044,8.189445229311978e-8,0.14490994028801124,0.9147520768552061,0.9664244085144816
L48T16beta4.18ms0.037265m0.001022,1045,8.195158374440965e-8,0.14501103279138805,0.9153902289187196,0.9670986083836348
L48T16beta4.18ms0.037265m0.001022,1046,8.195365060296847e-8,0.14501469003973583,0.9154133155028081,0.9671229990780502
L48T16beta4.18ms0.037265m0.001022,1047,8.193302646254358e-8,0.1449781962007299,0.915182946109537,0.966879616624744
L48T16beta4.18ms0.037265m0.001022,1048,8.194461547484748e-8,0.14499870263350934,0.9153123941096989,0.9670163768575494
L48T16beta4.18ms0.037265m0.001022,1049,8.195337118896846e-8,0.1450141956244864,0.9154101944789821,0.9671197017544568
L48T16beta4.18ms0.037265m0.001022,1050,8.19157682083965e-8,0.1449476582032478,0.9149901732979255,0.966675954501254
L48T16beta4.18ms0.037265m0.001022,1051,8.193757545263815e-8,0.14498624551133055,0.9152337578314558,0.9669332985890089
L48T16beta4.18ms0.037265m0.001022,1052,8.174618706638836e-8,0.14464758912073636,0.9130959704856008,0.9646747523407726
L48T16beta4.18ms0.037265m0.001022,1053,8.182821856966161e-8,0.14479274156889627,0.9140122534069173,0.965642794067783
L48T16beta4.18ms0.037265m0.001022,1054,8.191636038498829e-8,0.144948706043146,0.9149967878457005,0.9666829426902757
L48T16beta4.18ms0.037265m0.001022,1055,8.194107633317971e-8,0.14499244022142416,0.9152728622842794,0.9669746119663125
L48T16beta4.18ms0.037265m0.001022,1056,8.189335399225562e-8,0.14490799687538453,0.9147398089546539,0.9664114476272262
L48T16beta4.18ms0.037265m0.001022,1057,8.189143863038794e-8,0.14490460769618982,0.9147184145720392,0.9663888447230218
L48T16beta4.18ms0.037265m0.001022,1058,8.194872513444165e-8,0.14500597456109074,0.9153582985579694,0.9670648743470773
L48T16beta4.18ms0.037265m0.001022,1059,8.189322645516872e-8,0.14490777120208032,0.9147383843793396,0.9664099425807876
L48T16beta4.18ms0.037265m0.001022,1060,8.189460078842474e-8,0.14491020304629548,0.9147537355315243,0.9664261608857747
L48T16beta4.18ms0.037265m0.001022,1061,8.190360346394457e-8,0.14492613302855292,0.9148542944326271,0.9665324001378934
L48T16beta4.18ms0.037265m0.001022,1062,8.189731387831017e-8,0.14491500378288125,0.914784040448865,0.9664581776612017
L48T16beta4.18ms0.037265m0.001022,1063,8.194660705218167e-8,0.145002226673838,0.9153346398107404,0.9670398791692849
L48T16beta4.18ms0.037265m0.001022,1064,8.195237383367486e-8,0.14501243083222032,0.9153990541294147,0.9671079321110598
L48T16beta4.18ms0.037265m0.001022,1065,8.193556428366197e-8,0.14498268680413992,0.9152112932939157,0.9669095650791826
L48T16beta4.18ms0.037265m0.001022,1066,8.194670175084612e-8,0.14500239424047318,0.9153356975844669,0.9670409966943213
L48T16beta4.18ms0.037265m0.001022,1067,8.195301122252438e-8,0.14501355867394267,0.9154061736931645,0.9671154538432972
L48T16beta4.18ms0.037265m0.001022,1068,8.190461182012854e-8,0.1449279172865865,0.9148655576609372,0.966544299601183
L48T16beta4.18ms0.037265m0.001022,1069,8.191746831996316e-8,0.14495066650306185,0.9150091633582157,0.966696017268257
L48T16beta4.18ms0.037265m0.001022,1070,8.194574862011816e-8,0.14500070770233772,0.9153250512184616,0.9670297489385307
L48T16beta4.18ms0.037265m0.001022,1071,8.194965347453658e-8,0.14500761723289518,0.9153686680153147,0.9670758295522472
L48T16beta4.18ms0.037265m0.001022,1072,8.194151834285845e-8,0.14499322234517442,0.9152777994840566,0.9669798280576395
L48T16beta4.18ms0.037265m0.001022,1073,8.187510235186163e-8,0.1448757011087533,0.9145359401272923,0.9661960626984761
L48T16beta4.18ms0.037265m0.001022,1074,8.19482277043703e-8,0.14500509437250753,0.9153527423184671,0.9670590042478335
L48T16beta4.18ms0.037265m0.001022,1075,8.189100074673988e-8,0.1449038328733353,0.9147135234595734,0.966383677322377
L48T16beta4.18ms0.037265m0.001022,1076,8.194510750586793e-8,0.14499957326862314,0.9153178900423932,0.9670221832433862
L48T16beta4.18ms0.037265m0.001022,1077,8.195283709672146e-8,0.1450132505632099,0.9154042287269868,0.9671133990102606
L48T16beta4.18ms0.037265m0.001022,1078,8.194714075664989e-8,0.1450031710489508,0.9153406012312892,0.9670461773373609
L48T16beta4.18ms0.037265m0.001022,1079,8.18914874064396e-8,0.14490469400404749,0.9147189593952023,0.9663894203220463
L48T16beta4.18ms0.037265m0.001022,1080,8.192897206669884e-8,0.14497102206080573,0.9151376589513045,0.9668317712946097
L48T16beta4.18ms0.037265m0.001022,1081,8.195399693772255e-8,0.1450153028693858,0.915417184024139,0.9671270861236373
L48T16beta4.18ms0.037265m0.001022,1082,8.188476607448789e-8,0.1448928007953562,0.9146438828522876,0.9663101028704488
L48T16beta4.18ms0.037265m0.001022,1083,8.193309661543286e-8,0.14497832033430322,0.915183729709639,0.9668804444886913
L48T16beta4.18ms0.037265m0.001022,1084,8.195322585061639e-8,0.1450139384523419,0.9154085710654825,0.9671179866379014
L48T16beta4.18ms0.037265m0.001022,1085,8.192643583040853e-8,0.14496653426170464,0.9151093294692823,0.9668018415424948
L48T16beta4.18ms0.037265m0.001022,1086,8.19314399108171e-8,0.14497538884187333,0.9151652245002435,0.9668608939607428
L48T16beta4.18ms0.037265m0.001022,1087,8.19377683347199e-8,0.14498658681077348,0.915235912303217,0.9669355747621384
L48T16beta4.18ms0.037265m0.001022,1088,8.195391212384227e-8,0.14501515279359944,0.9154162366623707,0.9671260852474877
L48T16beta4.18ms0.037265m0.001022,1089,8.191752562269633e-8,0.14495076789864372,0.915009803423479,0.9666966934893986
L48T16beta4.18ms0.037265m0.001022,1090,8.19530493315726e-8,0.14501362610683644,0.9154065993670658,0.9671159035625805
L48T16beta4.18ms0.037265m0.001022,1091,8.195321250371844e-8,0.14501391483537968,0.9154084219820918,0.9671178291331182
L48T16beta4.18ms0.037265m0.001022,1092,8.185489195044833e-8,0.1448399393693437,0.914310192153538,0.9659575627185046
L48T16beta4.18ms0.037265m0.001022,1093,8.186041618922673e-8,0.1448497143551834,0.9143718972966104,0.9660227534493101
L48T16beta4.18ms0.037265m0.001022,1094,8.187304736817893e-8,0.1448720648726663,0.9145129861842716,0.9661718121377305
L48T16beta4.18ms0.037265m0.001022,1095,8.188613535872947e-8,0.14489522370548175,0.9146591776075332,0.966326261592758
L48T16beta4.18ms0.037265m0.001022,1096,8.19479871806299e-8,0.14500466877248355,0.9153500556945884,0.9670561658624846
L48T16beta4.18ms0.037265m0.001022,1097,8.194764319262402e-8,0.1450040600953388,0.9153462133861782,0.9670521065105283
L48T16beta4.18ms0.037265m0.001022,1098,8.195167019253423e-8,0.1450111857589239,0.9153911945348179,0.9670996285452614
L48T16beta4.18ms0.037265m0.001022,1099,8.1888826874658e-8,0.14489998626755485,0.9146892415461345,0.9663580237770869
L48T16beta4.18ms0.037265m0.001022,1100,8.189330025073028e-8,0.14490790178126023,0.9147392086676926,0.9664108134313756
L48T16beta4.18ms0.037265m0.001022,1101,8.193459602295548e-8,0.14498097349393108,0.9152004779277046,0.9668981387767365
L48T16beta4.18ms0.037265m0.001022,1102,8.194795543314894e-8,0.14500461259620492,0.9153497010786977,0.9670557912151228
L48T16beta4.18ms0.037265m0.001022,1103,8.192958966968128e-8,0.14497211489199027,0.9151445575090827,0.9668390595367348
L48T16beta4.18ms0.037265m0.001022,1104,8.19374334382205e-8,0.1449859942207949,0.91523217154594,0.9669316226977155
L48T16beta4.18ms0.037265m0.001022,1105,8.194932714146626e-8,0.1450070397956646,0.9153650229106043,0.9670719785435938
L48T16beta4.18ms0.037265m0.001022,1106,8.192042622102286e-8,0.14495590042616577,0.9150422027896026,0.9667309230244107
L48T16beta4.18ms0.037265m0.001022,1107,8.194322495580786e-8,0.14499624214900325,0.9152968621640813,0.9669999675465062
L48T16beta4.18ms0.037265m0.001022,1108,8.19528300775696e-8,0.14501323814301723,0.9154041503238279,0.9671133161782799
L48T16beta4.18ms0.037265m0.001022,1109,8.190373804776865e-8,0.1449263711708613,0.9148557977192253,0.9665339883418432
L48T16beta4.18ms0.037265m0.001022,1110,8.18747970062716e-8,0.14487516080828144,0.9145325294504417,0.9661924593599963
L48T16beta4.18ms0.037265m0.001022,1111,8.19369839205748e-8,0.14498519881190733,0.9152271504829929,0.9669263180059726
L48T16beta4.18ms0.037265m0.001022,1112,8.195181248372159e-8,0.14501143753919582,0.915392783911821,0.9671013077026736
L48T16beta4.18ms0.037265m0.001022,1113,8.195303750351738e-8,0.1450136051774239,0.9154064672489826,0.9671157639814374
L48T16beta4.18ms0.037265m0.001022,1114,8.190224119808521e-8,0.14492372253725821,0.9148390780719435,0.9665163242384827
L48T16beta4.18ms0.037265m0.001022,1115,8.190003386879388e-8,0.14491981672988247,0.9148144224451337,0.9664902758695757
L48T16beta4.18ms0.037265m0.001022,1116,8.188833520195388e-8,0.14489911626647173,0.9146837496157944,0.9663522216196884
L48T16beta4.18ms0.037265m0.001022,1117,8.188717853008103e-8,0.14489706956797954,0.9146708297174581,0.9663385719047288
L48T16beta4.18ms0.037265m0.001022,1118,8.195274205692592e-8,0.14501308239295282,0.9154031671428633,0.9671122774595863
L48T16beta4.18ms0.037265m0.001022,1119,8.19489471158019e-8,0.14500636735089223,0.9153607780654897,0.9670674939165206
L48T16beta4.18ms0.037265m0.001022,1120,8.195172979745583e-8,0.14501129122816375,0.9153918603152743,0.9671003319341905
L48T16beta4.18ms0.037265m0.001022,1121,8.193617615095424e-8,0.1449837694861813,0.9152181277846619,0.9669167856352698
L48T16beta4.18ms0.037265m0.001022,1122,8.188667184455055e-8,0.14489617300212054,0.9146651700954893,0.9663325925831706
L48T16beta4.18ms0.037265m0.001022,1123,8.18911358425902e-8,0.14490407192165977,0.9147150324654485,0.966385271568673
L48T16beta4.18ms0.037265m0.001022,1124,8.187056782969564e-8,0.1448676773987472,0.9144852900105538,0.9661425514681125
L48T16beta4.18ms0.037265m0.001022,1125,8.145415011264956e-8,0.14413083790813025,0.9098339496469379,0.9612284671239032
L48T16beta4.18ms0.037265m0.001022,1126,8.193153756176428e-8,0.14497556163249015,0.9151663152506454,0.9668620463252344
L48T16beta4.18ms0.037265m0.001022,1127,8.194783788650638e-8,0.14500440460071223,0.9153483880955542,0.967054404064451
L48T16beta4.18ms0.037265m0.001022,1128,8.194460679237289e-8,0.14499868727011364,0.9153122971274071,0.9670162743969414
L48T16beta4.18ms0.037265m0.001022,1129,8.19541801639566e-8,0.14501562708307664,0.9154192306411374,0.9671292483495257
L48T16beta4.18ms0.037265m0.001022,1130,8.193057002244229e-8,0.144973849598751,0.9151555079422204,0.966850628535741
L48T16beta4.18ms0.037265m0.001022,1131,8.187448726157161e-8,0.14487461272370764,0.9145290696360137,0.9661888041082655
L48T16beta4.18ms0.037265m0.001022,1132,8.193615100006328e-8,0.144983724982384,0.9152178468519602,0.9669164888332981
L48T16beta4.18ms0.037265m0.001022,1133,8.192709784214625e-8,0.1449677056729382,0.9151167240680008,0.9668096538458212
L48T16beta4.18ms0.037265m0.001022,1134,8.194149803510347e-8,0.1449931864111706,0.9152775726486541,0.9669795884088043
L48T16beta4.18ms0.037265m0.001022,1135,8.19322300519293e-8,0.14497678697444744,0.9151740502900639,0.9668702183000066
L48T16beta4.18ms0.037265m0.001022,1136,8.194020071557199e-8,0.1449908908405846,0.9152630817313511,0.9669642789314741
L48T16beta4.18ms0.037265m0.001022,1137,8.194320741303438e-8,0.14499621110755678,0.9152966662132199,0.9669997605268118
L48T16beta4.18ms0.037265m0.001022,1138,8.194953937341547e-8,0.1450074153341562,0.9153673935182689,0.9670744830616682
L48T16beta4.18ms0.037265m0.001022,1139,8.19416078846759e-8,0.14499338078691323,0.915278799656366,0.9669808847274814
L48T16beta4.18ms0.037265m0.001022,1140,8.190221461834125e-8,0.1449236755051455,0.9148387811791101,0.9665160105748264
L48T16beta4.18ms0.037265m0.001022,1141,8.190021372843408e-8,0.1449201349864797,0.9148164314576468,0.9664923983667844
L48T16beta4.18ms0.037265m0.001022,1142,8.188748669809675e-8,0.14489761486265465,0.9146742719204951,0.9663422085502399
L48T16beta4.18ms0.037265m0.001022,1143,8.191811299588963e-8,0.1449518072390628,0.9150163643178184,0.9667036249942201
L48T16beta4.18ms0.037265m0.001022,1144,8.195251162152643e-8,0.1450126746439656,0.9154005932046495,0.9671095581252674
L48T16beta4.18ms0.037265m0.001022,1145,8.189663662901428e-8,0.14491380540921514,0.9147764756482877,0.9664501855416883
L48T16beta4.18ms0.037265m0.001022,1146,8.193102063133737e-8,0.14497464693857381,0.9151605411943038,0.9668559461051575
L48T16beta4.18ms0.037265m0.001022,1147,8.193197671371426e-8,0.1449763386995694,0.915171220529905,0.966867228692924
L48T16beta4.18ms0.037265m0.001022,1148,8.192290473941358e-8,0.14496028609505962,0.9150698875689978,0.966760171656066
L48T16beta4.18ms0.037265m0.001022,1149,8.194217309831183e-8,0.14499438091661604,0.9152851130308726,0.9669875547306196
L48T16beta4.18ms0.037265m0.001022,1150,8.191625351069035e-8,0.14494851693206828,0.9149955940714793,0.966681681482376
L48T16beta4.18ms0.037265m0.001022,1151,8.193963859014047e-8,0.14498989617537303,0.91525680285175,0.9669576453717827
L48T16beta4.18ms0.037265m0.001022,1152,8.190944115533002e-8,0.14493646266000412,0.914919500807044,0.9666012898768966
L48T16beta4.18ms0.037265m0.001022,1153,8.193007879538624e-8,0.1449729803862297,0.9151500209897206,0.96684483163737
L48T16beta4.18ms0.037265m0.001022,1154,8.188163256469366e-8,0.14488725613751363,0.9146088818905393,0.9662731247814006
L48T16beta4.18ms0.037265m0.001022,1155,8.18964193822478e-8,0.14491342099714477,0.9147740490256625,0.9664476218444914
L48T16beta4.18ms0.037265m0.001022,1156,8.189207439602767e-8,0.14490573266568788,0.9147255160047132,0.9663963472999989
L48T16beta4.18ms0.037265m0.001022,1157,8.188268639617361e-8,0.1448891208628101,0.9146206530729325,0.9662855608919815
L48T16beta4.18ms0.037265m0.001022,1158,8.188397055400327e-8,0.14489139314413327,0.9146349969754656,0.9663007150500009
L48T16beta4.18ms0.037265m0.001022,1159,8.190425629557097e-8,0.14492728819583656,0.9148615864905062,0.966540104108074
L48T16beta4.18ms0.037265m0.001022,1160,8.195273749514898e-8,0.14501307432101626,0.9154031161883138,0.9671122236267264
L48T16beta4.18ms0.037265m0.001022,1161,8.194499171634291e-8,0.14499936838230074,0.9153165966860605,0.9670208168282006
L48T16beta4.18ms0.037265m0.001022,1162,8.194916641219477e-8,0.1450067553897191,0.9153632275822176,0.9670700818010576
L48T16beta4.18ms0.037265m0.001022,1163,8.19350266158386e-8,0.14498173541598117,0.9152052876031233,0.9669032201401344
L48T16beta4.18ms0.037265m0.001022,1164,8.19150058603748e-8,0.14494630924976912,0.9149816579538868,0.9666669581441708
L48T16beta4.18ms0.037265m0.001022,1165,8.193460302672713e-8,0.14498098588690891,0.9152005561590681,0.9668982214272175
L48T16beta4.18ms0.037265m0.001022,1166,8.192435826883371e-8,0.14496285807466974,0.9150861233336754,0.9667773245433591
L48T16beta4.18ms0.037265m0.001022,1167,8.194147257212258e-8,0.14499314135513888,0.9152772882299419,0.966979287923905
L48T16beta4.18ms0.037265m0.001022,1168,8.18860236574671e-8,0.14489502605322563,0.9146579299166474,0.9663249434225599
L48T16beta4.18ms0.037265m0.001022,1169,8.193895409320917e-8,0.144988684977219,0.9152491570958781,0.9669495677239881
L48T16beta4.18ms0.037265m0.001022,1170,8.195135437783414e-8,0.14501062693365493,0.9153876669191526,0.9670959016623507
L48T16beta4.18ms0.037265m0.001022,1171,8.195172777920205e-8,0.14501128765692023,0.9153918377716003,0.967100308117074
L48T16beta4.18ms0.037265m0.001022,1172,8.179017282919447e-8,0.1447254206964204,0.9135872866462478,0.965193821870059
L48T16beta4.18ms0.037265m0.001022,1173,8.185737946373856e-8,0.14484434095446042,0.9143379774049774,0.9659869174976486
L48T16beta4.18ms0.037265m0.001022,1174,8.19128295454752e-8,0.1449424583214911,0.914957348754441,0.9666412757715473
L48T16beta4.18ms0.037265m0.001022,1175,8.185729870937888e-8,0.14484419806188206,0.9143370753876102,0.9659859645273057
L48T16beta4.18ms0.037265m0.001022,1176,8.189201708305429e-8,0.14490563125198624,0.9147248758250678,0.9663956709580142
L48T16beta4.18ms0.037265m0.001022,1177,8.186888935699974e-8,0.14486470738830903,0.9144665416540837,0.9661227440582463
L48T16beta4.18ms0.037265m0.001022,1178,8.18358503611663e-8,0.14480624581027365,0.914097499683479,0.9657328557188999
L48T16beta4.18ms0.037265m0.001022,1179,8.168307958500884e-8,0.14453592219944475,0.912391066819472,0.9639300302178777
L48T16beta4.18ms0.037265m0.001022,1180,8.192336512254466e-8,0.14496110073011936,0.9150750299982285,0.9667656045698066
L48T16beta4.18ms0.037265m0.001022,1181,8.174743153702789e-8,0.1446497911766878,0.9131098710865598,0.9646894381560878
L48T16beta4.18ms0.037265m0.001022,1182,8.181529855573219e-8,0.14476987996600854,0.913867938264145,0.9654903268802005
L48T16beta4.18ms0.037265m0.001022,1183,8.193069797758612e-8,0.14497407601179527,0.9151569371871849,0.966852138515608
L48T16beta4.18ms0.037265m0.001022,1184,8.191374133893323e-8,0.14494407171448487,0.9149675333876615,0.9666520357122844
L48T16beta4.18ms0.037265m0.001022,1185,8.194159142828602e-8,0.14499335166779212,0.9152786158402906,0.9669806905280405
L48T16beta4.18ms0.037265m0.001022,1186,8.19506470661875e-8,0.14500937536550093,0.9153797663254051,0.9670875547814498
L48T16beta4.18ms0.037265m0.001022,1187,8.195323855737744e-8,0.14501396093659977,0.9154087129986139,0.9671181365885231
L48T16beta4.18ms0.037265m0.001022,1188,8.193216779579785e-8,0.144976676813966,0.9151733548958835,0.9668694836245393
L48T16beta4.18ms0.037265m0.001022,1189,8.189815546913152e-8,0.14491649295427508,0.9147934409263102,0.9664681091509295
L48T16beta4.18ms0.037265m0.001022,1190,8.192589793747387e-8,0.14496558247521776,0.9151033212640214,0.9667954939469415
L48T16beta4.18ms0.037265m0.001022,1191,8.194954297028391e-8,0.14500742169871422,0.9153674336948961,0.9670745255077847
L48T16beta4.18ms0.037265m0.001022,1192,8.183871501381325e-8,0.14481131473292216,0.9141294975402919,0.9657666610642242
L48T16beta4.18ms0.037265m0.001022,1193,8.193633831572529e-8,0.14498405643220308,0.9152199391474216,0.9669186993179254
L48T16beta4.18ms0.037265m0.001022,1194,8.18373643477405e-8,0.1448089247671251,0.9141144107479564,0.9657507220521923
L48T16beta4.18ms0.037265m0.001022,1195,8.19528381174078e-8,0.14501325236928583,0.9154042401279417,0.9671134110552304
L48T16beta4.18ms0.037265m0.001022,1196,8.190523096675696e-8,0.14492901284920937,0.914872473461072,0.9665516060596473
L48T16beta4.18ms0.037265m0.001022,1197,8.191611711200584e-8,0.14494827557841522,0.9149940705130888,0.9666800718615249
L48T16beta4.18ms0.037265m0.001022,1198,8.16130371626306e-8,0.14441198409423428,0.9116087006207321,0.9631034698743819
L48T16beta4.18ms0.037265m0.001022,1199,8.177544002775352e-8,0.14469935141678908,0.9134227228652023,0.9650199622431899
L48T16beta4.18ms0.037265m0.001022,1200,8.182353905623563e-8,0.14478446130091538,0.9139599837536596,0.9655875718168465
L48T16beta4.18ms0.037265m0.001022,1201,8.171056940776876e-8,0.14458456467110342,0.9126981251336546,0.9642544335804626
L48T16beta4.18ms0.037265m0.001022,1202,8.19530865524263e-8,0.14501369196809488,0.9154070151199315,0.9671163428004106
L48T16beta4.18ms0.037265m0.001022,1203,8.195076370991454e-8,0.1450095817633099,0.915381069223081,0.9670889312769481
L48T16beta4.18ms0.037265m0.001022,1204,8.195026269954155e-8,0.14500869523948318,0.9153754729920007,0.96708301892709
L48T16beta4.18ms0.037265m0.001022,1205,8.183312903341207e-8,0.14480143049700972,0.9140671027500447,0.9657007417295926
L48T16beta4.18ms0.037265m0.001022,1206,8.178168335591123e-8,0.14471039881115094,0.9134924601580082,0.9650936388421903
L48T16beta4.18ms0.037265m0.001022,1207,8.163869621887857e-8,0.14445738707581152,0.9118953094731725,0.9634062686301355
L48T16beta4.18ms0.037265m0.001022,1208,8.192850068368588e-8,0.14497018796176303,0.9151323936545961,0.966826208572878
L48T16beta4.18ms0.037265m0.001022,1209,8.17625188820695e-8,0.14467648781129328,0.9132783950808548,0.9648674816999374
L48T16beta4.18ms0.037265m0.001022,1210,8.188024224956028e-8,0.14488479601381393,0.9145933522225321,0.9662567178766249
L48T16beta4.18ms0.037265m0.001022,1211,8.195228389387306e-8,0.14501227168625935,0.9153980495116636,0.9671068707446628
L48T16beta4.18ms0.037265m0.001022,1212,8.194116111883092e-8,0.14499259024726,0.915273809330732,0.966975612509335
L48T16beta4.18ms0.037265m0.001022,1213,8.192503897829615e-8,0.14496406257100364,0.9150937267839345,0.9667853574957899
L48T16beta4.18ms0.037265m0.001022,1214,8.193806460532142e-8,0.1449871110533073,0.9152392216134384,0.9669390710080112
L48T16beta4.18ms0.037265m0.001022,1215,8.190209189972875e-8,0.14492345835799683,0.9148374104256278,0.9665145623904967
L48T16beta4.18ms0.037265m0.001022,1216,8.195380918360155e-8,0.14501497064372582,0.9154150868311386,0.9671248704648198
L48T16beta4.18ms0.037265m0.001022,1217,8.195480358094599e-8,0.14501673020198366,0.9154261941407373,0.967136605201893
L48T16beta4.18ms0.037265m0.001022,1218,8.194674463838995e-8,0.14500247012878115,0.9153361766336416,0.9670415028039296
L48T16beta4.18ms0.037265m0.001022,1219,8.194496863412695e-8,0.14499932753896588,0.9153163388602322,0.9670205444383588
L48T16beta4.18ms0.037265m0.001022,1220,8.195276731708074e-8,0.1450131270900895,0.9154034492960305,0.9671125755509649
L48T16beta4.18ms0.037265m0.001022,1221,8.195246075835118e-8,0.14501258464300118,0.9154000250685439,0.9671089578964036
L48T16beta4.18ms0.037265m0.001022,1222,8.191506295320579e-8,0.14494641027393496,0.9149822956745657,0.9666676318882874
L48T16beta4.18ms0.037265m0.001022,1223,8.191426021023471e-8,0.14494498984272441,0.9149733291233597,0.9666581588363371
L48T16beta4.18ms0.037265m0.001022,1224,8.193816797472303e-8,0.1449872939625691,0.9152403762383509,0.9669402908551439
L48T16beta4.18ms0.037265m0.001022,1225,8.194804258464703e-8,0.14500476680834054,0.9153506745514012,0.9670568196771568
L48T16beta4.18ms0.037265m0.001022,1226,8.190028404461893e-8,0.14492025940899994,0.9148172168817423,0.9664932281577585
L48T16beta4.18ms0.037265m0.001022,1227,8.195093487890935e-8,0.1450098846420535,0.9153829811620355,0.9670909512171263
L48T16beta4.18ms0.037265m0.001022,1228,8.193717797574731e-8,0.14498554218710155,0.9152293180580496,0.966928608022574
L48T16beta4.18ms0.037265m0.001022,1229,8.194696114251393e-8,0.14500285322676643,0.9153385949610315,0.9670440577373116
L48T16beta4.18ms0.037265m0.001022,1230,8.194584316440695e-8,0.1450008749958095,0.9153261072678288,0.9670308646418024
L48T16beta4.18ms0.037265m0.001022,1231,8.193892391260173e-8,0.14498863157347922,0.9152488199817932,0.9669492115670705
L48T16beta4.18ms0.037265m0.001022,1232,8.189038992802781e-8,0.14490275204672723,0.9147067006813533,0.9663764691404306
L48T16beta4.18ms0.037265m0.001022,1233,8.192961584923298e-8,0.14497216121597398,0.9151448499318124,0.9668393684777808
L48T16beta4.18ms0.037265m0.001022,1234,8.192554526552665e-8,0.14496495843208196,0.9150993819569361,0.9667913321170685
L48T16beta4.18ms0.037265m0.001022,1235,8.190886786301888e-8,0.14493544823531174,0.9149130971946188,0.9665945245384985
L48T16beta4.18ms0.037265m0.001022,1236,8.193687335872199e-8,0.1449850031758045,0.9152259155191871,0.9669250132817793
L48T16beta4.18ms0.037265m0.001022,1237,8.192974111656085e-8,0.14497238287300315,0.9151462491541665,0.9668408467391264
L48T16beta4.18ms0.037265m0.001022,1238,8.195221124108155e-8,0.14501214312917907,0.9153972379879272,0.9671060133797366
L48T16beta4.18ms0.037265m0.001022,1239,8.195186759161007e-8,0.14501153505106146,0.9153933994609091,0.967101958022775
L48T16beta4.18ms0.037265m0.001022,1240,8.195239612116957e-8,0.14501247026931816,0.9153993030782934,0.9671081951225128
L48T16beta4.18ms0.037265m0.001022,1241,8.193386663701964e-8,0.14497968286594043,0.9151923307665605,0.9668895314003892
L48T16beta4.18ms0.037265m0.001022,1242,8.191692244729659e-8,0.1449497005966628,0.9150030660202221,0.9666895755050591
L48T16beta4.18ms0.037265m0.001022,1243,8.192734113763543e-8,0.14496813617749404,0.9151194416520102,0.9668125249401704
L48T16beta4.18ms0.037265m0.001022,1244,8.188339824550872e-8,0.1448903804602768,0.9146286043521642,0.9662939613214779
L48T16beta4.18ms0.037265m0.001022,1245,8.191762933008843e-8,0.14495095140597025,0.9150109618237083,0.9666979173251073
L48T16beta4.18ms0.037265m0.001022,1246,8.186938955894088e-8,0.14486559248163824,0.9144721288550685,0.9661286468679184
L48T16beta4.18ms0.037265m0.001022,1247,8.186441450702036e-8,0.14485678926656634,0.9144165580691442,0.9660699370105961
L48T16beta4.18ms0.037265m0.001022,1248,8.186225240639792e-8,0.14485296349005375,0.91439240764162,0.9660444223785707
L48T16beta4.18ms0.037265m0.001022,1249,8.187557518805246e-8,0.14487653777915357,0.9145412216558387,0.9662016425689466
L48T16beta4.18ms0.037265m0.001022,1250,8.186161004342165e-8,0.14485182684675338,0.9143852325174182,0.9660368419473935
L48T16beta4.18ms0.037265m0.001022,1251,8.18680024992574e-8,0.14486313811836599,0.9144566355500807,0.9661122783802292
L48T16beta4.18ms0.037265m0.001022,1252,8.188209881971886e-8,0.14488808116272558,0.9146140899081853,0.9662786269885016
L48T16beta4.18ms0.037265m0.001022,1253,8.187345251482414e-8,0.14487278176831092,0.9145175116279953,0.9661765932138108
L48T16beta4.18ms0.037265m0.001022,1254,8.186519682562225e-8,0.14485817355742747,0.9144252964823799,0.9660791690375642
L48T16beta4.18ms0.037265m0.001022,1255,8.188519024083685e-8,0.14489355134583407,0.9146486207440224,0.9663151083952607
L48T16beta4.18ms0.037265m0.001022,1256,8.194907940315842e-8,0.14500660142966554,0.915362255700796,0.9670690550201935
L48T16beta4.18ms0.037265m0.001022,1257,8.188033727777603e-8,0.1448849641635809,0.9145944136773105,0.9662578392906478
L48T16beta4.18ms0.037265m0.001022,1258,8.188513142037384e-8,0.14489344726467174,0.9146479637258829,0.9663144142636124
L48T16beta4.18ms0.037265m0.001022,1259,8.189988345969294e-8,0.1449195505851898,0.9148127423919236,0.9664885009138572
L48T16beta4.18ms0.037265m0.001022,1260,8.192238272182898e-8,0.14495936239956017,0.9150640566896611,0.9667540114031881
L48T16beta4.18ms0.037265m0.001022,1261,8.194216187127784e-8,0.14499436105069374,0.9152849876261306,0.9669874222420398
L48T16beta4.18ms0.037265m0.001022,1262,8.195117277624157e-8,0.14501030559472172,0.9153856384492218,0.9670937586086177
L48T16beta4.18ms0.037265m0.001022,1263,8.191284970769882e-8,0.14494249399798123,0.914957573964274,0.9666415137029882
L48T16beta4.18ms0.037265m0.001022,1264,8.195310405748712e-8,0.14501372294280984,0.9154072106495467,0.9671165493750633
L48T16beta4.18ms0.037265m0.001022,1265,8.19469146231228e-8,0.14500277091200633,0.9153380753445195,0.9670435087688064
L48T16beta4.18ms0.037265m0.001022,1266,8.195275769626083e-8,0.14501311006631804,0.915403341832524,0.9671124620170815
L48T16beta4.18ms0.037265m0.001022,1267,8.195108508693833e-8,0.14501015043095494,0.9153846589692937,0.967092723800024
L48T16beta4.18ms0.037265m0.001022,1268,8.195332573470537e-8,0.14501411519444057,0.9154096867598339,0.9671191653553713
L48T16beta4.18ms0.037265m0.001022,1269,8.195127794804215e-8,0.14501049169327804,0.9153868132067337,0.967094999725596
L48T16beta4.18ms0.037265m0.001022,1270,8.195052993649522e-8,0.14500916810779008,0.9153784579995505,0.967086172551147
L48T16beta4.18ms0.037265m0.001022,1271,8.193798114056727e-8,0.14498696336476186,0.9152382893212616,0.966938086052701
L48T16beta4.18ms0.037265m0.001022,1272,8.194354308097338e-8,0.14499680506257612,0.9153004155873927,0.9670037216948801
L48T16beta4.18ms0.037265m0.001022,1273,8.19271587474051e-8,0.1449678134430884,0.9151174043730821,0.9668103725798394
L48T16beta4.18ms0.037265m0.001022,1274,8.193303534314998e-8,0.14497821191471427,0.9151830453049394,0.9668797214234764
L48T16beta4.18ms0.037265m0.001022,1275,8.195326468718258e-8,0.14501400717255833,0.91540900486568,0.9671184449425174
L48T16beta4.18ms0.037265m0.001022,1276,8.193110235566211e-8,0.14497479154747817,0.9151614540460745,0.9668569105219157
L48T16beta4.18ms0.037265m0.001022,1277,8.195182254989523e-8,0.1450114553510082,0.9153928963498796,0.9671014264921107
L48T16beta4.18ms0.037265m0.001022,1278,8.194693042965164e-8,0.14500279888121653,0.9153382519017182,0.9670436952993328
L48T16beta4.18ms0.037265m0.001022,1279,8.19470819454332e-8,0.14500306698414958,0.91533994431643,0.9670454833148269
L48T16beta4.18ms0.037265m0.001022,1280,8.193702183167396e-8,0.14498526589453578,0.9152275739458249,0.966926765389288
L48T16beta4.18ms0.037265m0.001022,1281,8.195311614375016e-8,0.1450137443291139,0.9154073456517833,0.9671166920032792
L48T16beta4.18ms0.037265m0.001022,1282,8.194961655175864e-8,0.14500755189907347,0.9153682555919227,0.9670753938319655
L48T16beta4.18ms0.037265m0.001022,1283,8.192846512156165e-8,0.14497012503557993,0.9151319964295572,0.9668257889094709
L48T16beta4.18ms0.037265m0.001022,1284,8.1947133623221e-8,0.1450031584265481,0.9153405215516686,0.9670460931568138
L48T16beta4.18ms0.037265m0.001022,1285,8.194442115955729e-8,0.14499835879804415,0.9153102236291561,0.9670140837713375
L48T16beta4.18ms0.037265m0.001022,1286,8.195000280750745e-8,0.14500823536780583,0.9153725700263994,0.9670799519793507
L48T16beta4.18ms0.037265m0.001022,1287,8.195067253664124e-8,0.14500942043475565,0.915380050827588,0.9670878553545349
L48T16beta4.18ms0.037265m0.001022,1288,8.188886179006781e-8,0.14490004804939488,0.9146896315474439,0.966358435808712
L48T16beta4.18ms0.037265m0.001022,1289,8.191245687618717e-8,0.14494179889362066,0.9149531860792455,0.9666368779559912
L48T16beta4.18ms0.037265m0.001022,1290,8.191066633714035e-8,0.1449386305849124,0.9149331859538901,0.9666157480675702
L48T16beta4.18ms0.037265m0.001022,1291,8.19498297375418e-8,0.14500792912534755,0.9153706368538083,0.9670779096060943
L48T16beta4.18ms0.037265m0.001022,1292,8.194361802477195e-8,0.14499693767352928,0.9153012527014277,0.9670046060956446
L48T16beta4.18ms0.037265m0.001022,1293,8.194236318247255e-8,0.14499471726521607,0.9152872362501618,0.9669897978858938
L48T16beta4.18ms0.037265m0.001022,1294,8.195339518749302e-8,0.14501423808920363,0.9154104625398771,0.9671199849575219
L48T16beta4.18ms0.037265m0.001022,1295,8.194433334679286e-8,0.14499820341581626,0.9153092427701799,0.9670130475057963
L48T16beta4.18ms0.037265m0.001022,1296,8.194765033179113e-8,0.14500407272789512,0.9153462931298941,0.9670521907587913
L48T16beta4.18ms0.037265m0.001022,1297,8.191929545411323e-8,0.14495389956578064,0.9150295722468728,0.966717579010119
L48T16beta4.18ms0.037265m0.001022,1298,8.194471790814639e-8,0.14499888388636362,0.9153135382784465,0.9670175856578714
L48T16beta4.18ms0.037265m0.001022,1299,8.188945673327694e-8,0.144901100784745,0.9146962769980321,0.9663654566461788
L48T16beta4.18ms0.037265m0.001022,1300,8.193904620520388e-8,0.14498884796681452,0.9152501859767864,0.9669506547241147
L48T16beta4.18ms0.037265m0.001022,1301,8.194967464495915e-8,0.14500765469336516,0.9153689044866199,0.967076079381296
L48T16beta4.18ms0.037265m0.001022,1302,8.192841470723255e-8,0.1449700358288362,0.915131433307014,0.9668251939773745
L48T16beta4.18ms0.037265m0.001022,1303,8.194993811099192e-8,0.1450081208891331,0.9153718473733955,0.967079188505269
L48T16beta4.18ms0.037265m0.001022,1304,8.192514123357881e-8,0.14496424350886317,0.91509486896426,0.9667865641953681
L48T16beta4.18ms0.037265m0.001022,1305,8.187140604033798e-8,0.14486916058900892,0.9144946527317693,0.9661524430688442
L48T16beta4.18ms0.037265m0.001022,1306,8.191288178457225e-8,0.14494255075711063,0.9149579322594427,0.9666418922374624
L48T16beta4.18ms0.037265m0.001022,1307,8.193677488791446e-8,0.1449848289344678,0.915224815611035,0.9669238512422363
L48T16beta4.18ms0.037265m0.001022,1308,8.195265137509223e-8,0.1450129219339872,0.9154021542366972,0.9671112073365801
L48T16beta4.18ms0.037265m0.001022,1309,8.19529501606881e-8,0.1450134506267331,0.9154054916391305,0.967114733261532
L48T16beta4.18ms0.037265m0.001022,1310,8.162837218147638e-8,0.1444391189807014,0.9117799911043363,0.9632844361804332
L48T16beta4.18ms0.037265m0.001022,1311,8.194474770361187e-8,0.1449989366086055,0.9153138710905377,0.9670179372697852
L48T16beta4.18ms0.037265m0.001022,1312,8.194157935169249e-8,0.144993330298598,0.9152784809460615,0.9669805480139332
L48T16beta4.18ms0.037265m0.001022,1313,8.195149872428723e-8,0.14501088235066198,0.9153892792532492,0.967097605073652
L48T16beta4.18ms0.037265m0.001022,1314,8.192316268483447e-8,0.1449607425222594,0.9150727687911425,0.9667632156321088
L48T16beta4.18ms0.037265m0.001022,1315,8.193041399124932e-8,0.1449735735059239,0.915153765090857,0.9668487872345396
L48T16beta4.18ms0.037265m0.001022,1316,8.190855094183711e-8,0.1449348874521544,0.9149095572196742,0.96659078459816
L48T16beta4.18ms0.037265m0.001022,1317,8.195251737230924e-8,0.14501268481981477,0.9154006574402646,0.9671096259894111
L48T16beta4.18ms0.037265m0.001022,1318,8.192412680565133e-8,0.14496244850704948,0.9150835379152391,0.9667745930803252
L48T16beta4.18ms0.037265m0.001022,1319,8.195054286832161e-8,0.14500919099029477,0.9153786024466372,0.9670863251577316
L48T16beta4.18ms0.037265m0.001022,1320,8.186156286894476e-8,0.1448517433728374,0.9143847055836699,0.9660362852483174
L48T16beta4.18ms0.037265m0.001022,1321,8.180408352332162e-8,0.14475003528017893,0.9137426675784965,0.9653579799292121
L48T16beta4.18ms0.037265m0.001022,1322,8.194213709098497e-8,0.14499431720265937,0.915284710832969,0.9669871298134416
L48T16beta4.18ms0.037265m0.001022,1323,8.189340625487266e-8,0.14490808935262203,0.9147403927223713,0.9664120643706972
L48T16beta4.18ms0.037265m0.001022,1324,8.193699722862665e-8,0.14498522236013245,0.9152272991324768,0.9669264750523388
L48T16beta4.18ms0.037265m0.001022,1325,8.191778817012641e-8,0.14495123246896993,0.9150127360495632,0.9666997917730762
L48T16beta4.18ms0.037265m0.001022,1326,8.192881444609555e-8,0.14497074315556158,0.9151358983464017,0.9668299112370108
L48T16beta4.18ms0.037265m0.001022,1327,8.194099674435971e-8,0.14499229939123565,0.9152719732858631,0.9669736727503321
L48T16beta4.18ms0.037265m0.001022,1328,8.192980328859643e-8,0.14497249288467928,0.9151469436090054,0.9668415804221907
L48T16beta4.18ms0.037265m0.001022,1329,8.195106497357359e-8,0.14501011484091922,0.915384434305209,0.9670924864451597
L48T16beta4.18ms0.037265m0.001022,1330,8.193167364307072e-8,0.14497580242455163,0.9151678352639577,0.9668636522007535
L48T16beta4.18ms0.037265m0.001022,1331,8.195310865128338e-8,0.1450137310714037,0.9154072619617487,0.9671166035857788
L48T16beta4.18ms0.037265m0.001022,1332,8.187827964998618e-8,0.14488132324882036,0.9145714301999022,0.9662335575271821
L48T16beta4.18ms0.037265m0.001022,1333,8.190020962821938e-8,0.14492012773126461,0.9148163856586968,0.9664923499807525
L48T16beta4.18ms0.037265m0.001022,1334,8.150991901475443e-8,0.14422951941887555,0.9104568821850514,0.9618865877501612
L48T16beta4.18ms0.037265m0.001022,1335,8.19274220631613e-8,0.14496827937294615,0.915120345581285,0.9668134799304207
L48T16beta4.18ms0.037265m0.001022,1336,8.193984526019775e-8,0.1449902618722526,0.9152591113336902,0.9669600842547872
L48T16beta4.18ms0.037265m0.001022,1337,8.189709948730533e-8,0.14491462442400113,0.9147816457247847,0.9664556476644284
L48T16beta4.18ms0.037265m0.001022,1338,8.19443330253879e-8,0.1449982028470992,0.9153092391801216,0.9670130437129435
L48T16beta4.18ms0.037265m0.001022,1339,8.193887924318e-8,0.1449885525321882,0.9152483210292371,0.9669486844297827
L48T16beta4.18ms0.037265m0.001022,1340,8.189547126277661e-8,0.14491174332628787,0.9147634586348473,0.9664364332258061
L48T16beta4.18ms0.037265m0.001022,1341,8.194981941274411e-8,0.14500791085590714,0.9153705215269473,0.9670777877646728
L48T16beta4.18ms0.037265m0.001022,1342,8.194251220491989e-8,0.144994980956264,0.9152889008146029,0.9669915564779168
L48T16beta4.18ms0.037265m0.001022,1343,8.195466207710889e-8,0.145016479814906,0.9154246135583506,0.9671349353358858
L48T16beta4.18ms0.037265m0.001022,1344,8.18866003269327e-8,0.14489604645369825,0.9146643712515184,0.966331748614262
L48T16beta4.18ms0.037265m0.001022,1345,8.188482143395087e-8,0.1448928987523759,0.9146445012114355,0.9663107561593441
L48T16beta4.18ms0.037265m0.001022,1346,8.187909679957961e-8,0.14488276917214574,0.9145805576715045,0.9662432005895677
L48T16beta4.18ms0.037265m0.001022,1347,8.187824054035107e-8,0.1448812540454161,0.9145709933495547,0.9662330960001199
L48T16beta4.18ms0.037265m0.001022,1348,8.192660609308052e-8,0.14496683553673537,0.91511123128471,0.9668038507872906
L48T16beta4.18ms0.037265m0.001022,1349,8.189317191761558e-8,0.14490767469940707,0.9147377752008348,0.9664092989911296
L48T16beta4.18ms0.037265m0.001022,1350,8.188069148726773e-8,0.1448855909273586,0.9145983701585996,0.9662620192648576
L48T16beta4.18ms0.037265m0.001022,1351,8.191538953902237e-8,0.144946988158393,0.9149859436024245,0.9666714858795626
L48T16beta4.18ms0.037265m0.001022,1352,8.187479454633483e-8,0.14487515645549218,0.9145325019732169,0.9661924303306435
L48T16beta4.18ms0.037265m0.001022,1353,8.189266674942827e-8,0.14490678081844433,0.9147321325274232,0.9664033375755153
L48T16beta4.18ms0.037265m0.001022,1354,8.186507225237362e-8,0.14485795312855204,0.914423905012815,0.9660776989669458
L48T16beta4.18ms0.037265m0.001022,1355,8.188087009657718e-8,0.14488590697153061,0.914600365205055,0.9662641270070966
L48T16beta4.18ms0.037265m0.001022,1356,8.190375276982755e-8,0.1449263972211323,0.9148559621630132,0.9665341620746988
L48T16beta4.18ms0.037265m0.001022,1357,8.194975762126667e-8,0.145007801517618,0.9153698313229013,0.9670770585725192
L48T16beta4.18ms0.037265m0.001022,1358,8.189762695871125e-8,0.1449155577698847,0.9147875375227092,0.9664618722770512
L48T16beta4.18ms0.037265m0.001022,1359,8.187989194631952e-8,0.1448841761620379,0.9145894393736389,0.9662525839995091
L48T16beta4.18ms0.037265m0.001022,1360,8.188453588997056e-8,0.14489239349029798,0.9146413117164001,0.9663073864967535
L48T16beta4.18ms0.037265m0.001022,1361,8.191073688109658e-8,0.14493875541046775,0.9149339739221672,0.9666165805464412
L48T16beta4.18ms0.037265m0.001022,1362,8.194065466521753e-8,0.1449916940917718,0.9152681522992517,0.9669696359245962
L48T16beta4.18ms0.037265m0.001022,1363,8.179748840408966e-8,0.14473836540136134,0.9136690008178601,0.9652801518953912
L48T16beta4.18ms0.037265m0.001022,1364,8.195256845908732e-8,0.14501277521643816,0.9154012280739893,0.9671102288569791
L48T16beta4.18ms0.037265m0.001022,1365,8.193896529766602e-8,0.1449887048031917,0.9152492822484358,0.9669496999461384
L48T16beta4.18ms0.037265m0.001022,1366,8.194384902913406e-8,0.14499734642927992,0.9153038329948918,0.9670073321442079
L48T16beta4.18ms0.037265m0.001022,1367,8.18855290071888e-8,0.1448941507834084,0.9146524047271293,0.9663191061272456
L48T16beta4.18ms0.037265m0.001022,1368,8.190069258135681e-8,0.1449209823033186,0.9148217801924304,0.9664980492398245
L48T16beta4.18ms0.037265m0.001022,1369,8.193285197976477e-8,0.14497788745833834,0.9151809971559777,0.9668775575790873
L48T16beta4.18ms0.037265m0.001022,1370,8.195237099807188e-8,0.14501242581470025,0.9153990224560394,0.9671078986485253
L48T16beta4.18ms0.037265m0.001022,1371,8.193980561476009e-8,0.14499019172076077,0.9152586684984869,0.9669596164047979
L48T16beta4.18ms0.037265m0.001022,1372,8.1904209431455e-8,0.14492720527109554,0.9148610630234555,0.9665395510715216
L48T16beta4.18ms0.037265m0.001022,1373,8.189649431662579e-8,0.14491355359142846,0.9147748860344703,0.9664485061340847
L48T16beta4.18ms0.037265m0.001022,1374,8.194439310938086e-8,0.14499830916404238,0.9153099103117527,0.9670137527553234
L48T16beta4.18ms0.037265m0.001022,1375,8.193563486164754e-8,0.1449828116899092,0.9152120816422967,0.9669103979596286
L48T16beta4.18ms0.037265m0.001022,1376,8.181702674629663e-8,0.144772937950823,0.91388724196377,0.9655107210033342
L48T16beta4.18ms0.037265m0.001022,1377,8.195001982801259e-8,0.14500826548511309,0.9153727601435805,0.9670801528358329
L48T16beta4.18ms0.037265m0.001022,1378,8.192133184511494e-8,0.14495750290263923,0.9150523185116799,0.9667416101613657
L48T16beta4.18ms0.037265m0.001022,1379,8.193319025423643e-8,0.14497848602554425,0.9151847756448355,0.9668815495064651
L48T16beta4.18ms0.037265m0.001022,1380,8.195361346008849e-8,0.1450146243164497,0.9154129006209002,0.9671225607603763
L48T16beta4.18ms0.037265m0.001022,1381,8.194733477259302e-8,0.14500351435472972,0.9153427683681581,0.967048466891022
L48T16beta4.18ms0.037265m0.001022,1382,8.19097021730942e-8,0.14493692452362933,0.9149224163469272,0.9666043701092114
L48T16beta4.18ms0.037265m0.001022,1383,8.183093851087776e-8,0.1447975544287199,0.9140426348528727,0.9656748916947578
L48T16beta4.18ms0.037265m0.001022,1384,8.16105139214232e-8,0.14440751928956855,0.9115805162923649,0.9630736934753326
L48T16beta4.18ms0.037265m0.001022,1385,8.188904767264272e-8,0.14490037696340646,0.9146917078354792,0.9663606293816889
L48T16beta4.18ms0.037265m0.001022,1386,8.191893186875497e-8,0.1449532562116696,0.9150255110381794,0.9667132883926844
L48T16beta4.18ms0.037265m0.001022,1387,8.193547844512541e-8,0.14498253491525295,0.9152103344868487,0.9669085521112145
L48T16beta4.18ms0.037265m0.001022,1388,8.195304013556734e-8,0.1450136098347626,0.9154064966486928,0.9671157950418726
L48T16beta4.18ms0.037265m0.001022,1389,8.193705386314887e-8,0.14498532257333374,0.9152279317338969,0.9669271433880209
L48T16beta4.18ms0.037265m0.001022,1390,8.193296117396113e-8,0.14497808067441134,0.9151822168432104,0.9668788461637676
L48T16beta4.18ms0.037265m0.001022,1391,8.190514059134009e-8,0.14492885293243973,0.9148714639775483,0.9665505395526209
L48T16beta4.18ms0.037265m0.001022,1392,8.193599952486963e-8,0.1449834569512701,0.9152161548906109,0.9669147012967758
L48T16beta4.18ms0.037265m0.001022,1393,8.19451298900956e-8,0.14499961287688723,0.9153181400717685,0.9670224473963707
L48T16beta4.18ms0.037265m0.001022,1394,8.195056040700995e-8,0.14500922202451272,0.9153787983518681,0.9670865321292179
L48T16beta4.18ms0.037265m0.001022,1395,8.19247404559163e-8,0.14496353434401113,0.9150903923215954,0.9667818346770115
L48T16beta4.18ms0.037265m0.001022,1396,8.195016190564145e-8,0.1450085168874992,0.9153743471351585,0.9670818294730726
L48T16beta4.18ms0.037265m0.001022,1397,8.195376967123775e-8,0.1450149007277044,0.9154146454823556,0.9671244041852153
L48T16beta4.18ms0.037265m0.001022,1398,8.189689724704614e-8,0.14491426656552522,0.9147793867232048,0.9664532610568208
L48T16beta4.18ms0.037265m0.001022,1399,8.192577881342345e-8,0.144965371688546,0.9151019906614045,0.9667940881815111
L48T16beta4.18ms0.037265m0.001022,1400,8.187544618445708e-8,0.14487630951090363,0.914539780699785,0.9662001202164566
L48T16beta4.18ms0.037265m0.001022,1401,8.186769438270677e-8,0.14486259291475692,0.9144531939219032,0.9661086423420502
L48T16beta4.18ms0.037265m0.001022,1402,8.195306274894717e-8,0.14501364984850507,0.9154067492376726,0.967116061899048
L48T16beta4.18ms0.037265m0.001022,1403,8.195199802485709e-8,0.14501176584903994,0.9153948563860155,0.9671034972463742
L48T16beta4.18ms0.037265m0.001022,1404,8.19414867712227e-8,0.14499316648004898,0.9152774468323377,0.9669794554854011
L48T16beta4.18ms0.037265m0.001022,1405,8.1914434772964e-8,0.14494529872658618,0.9149752789699573,0.9666602188254779
L48T16beta4.18ms0.037265m0.001022,1406,8.195317228374554e-8,0.14501384366726378,0.9154079727293926,0.9671173545031226
L48T16beta4.18ms0.037265m0.001022,1407,8.193860319563768e-8,0.1449880640737914,0.9152452376083756,0.9669454268332626
L48T16beta4.18ms0.037265m0.001022,1408,8.172584620442478e-8,0.1446115965350359,0.9128687652817657,0.9644347128150002
L48T16beta4.18ms0.037265m0.001022,1409,8.189462515553981e-8,0.14491024616322334,0.9147540077095351,0.9664264484385223
L48T16beta4.18ms0.037265m0.001022,1410,8.17753045117646e-8,0.14469911162504112,0.9134212091664248,0.9650183630388997
L48T16beta4.18ms0.037265m0.001022,1411,8.193452178133917e-8,0.1449808421254698,0.9151996486569688,0.9668972626623217
L48T16beta4.18ms0.037265m0.001022,1412,8.168302560351631e-8,0.14453582668070522,0.9123904638521034,0.9639293931902094
L48T16beta4.18ms0.037265m0.001022,1413,8.194714711389982e-8,0.14500318229792655,0.9153406722410757,0.9670462523583339
L48T16beta4.18ms0.037265m0.001022,1414,8.19419100883522e-8,0.14499391552785676,0.9152821752383841,0.9669844509886988
L48T16beta4.18ms0.037265m0.001022,1415,8.186415397249758e-8,0.14485632825802325,0.9144136479270146,0.9660668624809422
L48T16beta4.18ms0.037265m0.001022,1416,8.188785322721182e-8,0.14489826342566095,0.91467836601063,0.9663465339065164
L48T16beta4.18ms0.037265m0.001022,1417,8.193955846020776e-8,0.14498975438770073,0.915255907809164,0.9669566997702108
L48T16beta4.18ms0.037265m0.001022,1418,8.190813923696487e-8,0.1449341589519107,0.9149049585212716,0.9665859261294053
L48T16beta4.18ms0.037265m0.001022,1419,8.195126980211348e-8,0.14501047727928534,0.9153867222176013,0.9670949035966878
L48T16beta4.18ms0.037265m0.001022,1420,8.18970636104135e-8,0.1449145609408456,0.9147812449838261,0.966455224286495
L48T16beta4.18ms0.037265m0.001022,1421,8.195043980509012e-8,0.14500900862279242,0.9153774512416115,0.9670851089236677
L48T16beta4.18ms0.037265m0.001022,1422,8.189646158253588e-8,0.14491349566937295,0.9147745203982657,0.9664481198438956
L48T16beta4.18ms0.037265m0.001022,1423,8.194559726352056e-8,0.14500043988107625,0.9153233605818173,0.967027962801543
L48T16beta4.18ms0.037265m0.001022,1424,8.195167429267831e-8,0.14501119301401408,0.9153912403329789,0.9670996769304597
L48T16beta4.18ms0.037265m0.001022,1425,8.192229395114567e-8,0.14495920532232165,0.9150630651308358,0.9667529638333869
L48T16beta4.18ms0.037265m0.001022,1426,8.195363974439572e-8,0.1450146708257954,0.9154131942137379,0.9671228709376273
L48T16beta4.18ms0.037265m0.001022,1427,8.190467156517153e-8,0.1449280230037672,0.9148662250065341,0.966545004643664
L48T16beta4.18ms0.037265m0.001022,1428,8.187806694128714e-8,0.14488094686673322,0.9145690542669938,0.9662310473830525
L48T16beta4.18ms0.037265m0.001022,1429,8.194204949023416e-8,0.14499416219558361,0.9152837323421616,0.966986096049842
L48T16beta4.18ms0.037265m0.001022,1430,8.193163607254435e-8,0.1449757359445572,0.9151674156052865,0.9668632088364876
L48T16beta4.18ms0.037265m0.001022,1431,8.195335141429196e-8,0.14501416063375003,0.915409973598008,0.9671194683964027
L48T16beta4.18ms0.037265m0.001022,1432,8.194706370362302e-8,0.14500303470577725,0.9153397405574049,0.9670452680459029
L48T16beta4.18ms0.037265m0.001022,1433,8.192599848001842e-8,0.14496576038243517,0.9151044443132496,0.966796680434749
L48T16beta4.18ms0.037265m0.001022,1434,8.193109309315005e-8,0.14497477515772242,0.9151613505848277,0.9668568012163709
L48T16beta4.18ms0.037265m0.001022,1435,8.195083089119953e-8,0.1450097006387126,0.915381819630688,0.9670897240734292
L48T16beta4.18ms0.037265m0.001022,1436,8.191369320672689e-8,0.14494398654589344,0.9149669957561799,0.9666514677111836
L48T16beta4.18ms0.037265m0.001022,1437,8.188359356135383e-8,0.14489072606619588,0.914630786008796,0.9662962662150916
L48T16beta4.18ms0.037265m0.001022,1438,8.194850600442744e-8,0.14500558681666623,0.9153558508996729,0.9670622884259503
L48T16beta4.18ms0.037265m0.001022,1439,8.195230444541483e-8,0.14501230805163706,0.9153982790701378,0.9671071132703901
L48T16beta4.18ms0.037265m0.001022,1440,8.195100159076296e-8,0.14501000268681052,0.9153837263261453,0.9670917384739167
L48T16beta4.18ms0.037265m0.001022,1441,8.1908992290523e-8,0.14493566840629632,0.9149144870362335,0.9665959928892073
L48T16beta4.18ms0.037265m0.001022,1442,8.191863831979704e-8,0.14495273678500792,0.9150222321284194,0.9667098242645282
L48T16beta4.18ms0.037265m0.001022,1443,8.193486132165499e-8,0.1449814429325515,0.9152034412851674,0.9669012695277406
L48T16beta4.18ms0.037265m0.001022,1444,8.194833233736899e-8,0.14500527951766898,0.9153539110576207,0.9670602390064897
L48T16beta4.18ms0.037265m0.001022,1445,8.192836511997395e-8,0.14496994808557054,0.9151308794227578,0.9668246088054158
L48T16beta4.18ms0.037265m0.001022,1446,8.19273525552136e-8,0.14496815638057892,0.91511956918511,0.9668126596773343
L48T16beta4.18ms0.037265m0.001022,1447,8.194437933376736e-8,0.14499828478847998,0.9153097564396563,0.9670135901913309
L48T16beta4.18ms0.037265m0.001022,1448,8.195003704671433e-8,0.1450082959531237,0.915372952474596,0.9670803560312042
L48T16beta4.18ms0.037265m0.001022,1449,8.193999642303932e-8,0.14499052935066822,0.9152607998061008,0.9669618681052883
L48T16beta4.18ms0.037265m0.001022,1450,8.191173271084054e-8,0.14494051750331644,0.914945097231512,0.9666283321870509
L48T16beta4.18ms0.037265m0.001022,1451,8.193272103603979e-8,0.14497765575708338,0.9151795345288884,0.9668760123314127
L48T16beta4.18ms0.037265m0.001022,1452,8.19021983380942e-8,0.14492364669770422,0.9148385993305307,0.966515818454021
L48T16beta4.18ms0.037265m0.001022,1453,8.195208999155897e-8,0.14501192858154383,0.9153958836440187,0.9671045825319213
L48T16beta4.18ms0.037265m0.001022,1454,8.194917296692514e-8,0.14500676698813098,0.9153633007978391,0.9670701591524685
L48T16beta4.18ms0.037265m0.001022,1455,8.195054298264268e-8,0.1450091911925827,0.915378603723591,0.9670863265068179
L48T16beta4.18ms0.037265m0.001022,1456,8.195313302588718e-8,0.14501377420158262,0.9154075342234076,0.9671168912268996
L48T16beta4.18ms0.037265m0.001022,1457,8.191744782188887e-8,0.14495063023229332,0.9150089343969674,0.9666957753734918
L48T16beta4.18ms0.037265m0.001022,1458,8.187405399356109e-8,0.14487384606809453,0.9145242300797145,0.9661836911760817
L48T16beta4.18ms0.037265m0.001022,1459,8.193018957358651e-8,0.14497317640515328,0.9151512583701039,0.9668461389146479
L48T16beta4.18ms0.037265m0.001022,1460,8.190178258955358e-8,0.14492291104230257,0.9148339554647946,0.9665109122665296
L48T16beta4.18ms0.037265m0.001022,1461,8.190849814423629e-8,0.14493479402827808,0.9149089674762464,0.9665901615414239
L48T16beta4.18ms0.037265m0.001022,1462,8.194391175561676e-8,0.1449974574220347,0.9153045336428443,0.9670080723702211
L48T16beta4.18ms0.037265m0.001022,1463,8.192377360124078e-8,0.14496182352173473,0.9150795926605965,0.9667704249669304
L48T16beta4.18ms0.037265m0.001022,1464,8.191681287128552e-8,0.14494950670497933,0.9150018420681606,0.9666882824146393
L48T16beta4.18ms0.037265m0.001022,1465,8.195175954772363e-8,0.14501134387042963,0.9153921926225124,0.9671006830127332
L48T16beta4.18ms0.037265m0.001022,1466,8.194932485348342e-8,0.14500703574714302,0.915364997354086,0.967071951543444
L48T16beta4.18ms0.037265m0.001022,1467,8.19191017624971e-8,0.14495355683388927,0.9150274087327009,0.9667152932837931
L48T16beta4.18ms0.037265m0.001022,1468,8.187111514945489e-8,0.14486864586573622,0.9144914035124145,0.9661490103082389
L48T16beta4.18ms0.037265m0.001022,1469,8.187038628383095e-8,0.14486735615842292,0.9144832621630975,0.9661404090720161
L48T16beta4.18ms0.037265m0.001022,1470,8.186801287353927e-8,0.1448631564753673,0.9144567514296748,0.9661124008056065
L48T16beta4.18ms0.037265m0.001022,1471,8.187265199625931e-8,0.14487136527312494,0.9145085699231638,0.9661671464117519
L48T16beta4.18ms0.037265m0.001022,1472,8.194882395053316e-8,0.1450061494133978,0.9153594023229059,0.967066040461266
L48T16beta4.18ms0.037265m0.001022,1473,8.195091002679582e-8,0.14500984066693445,0.9153827035666448,0.9670906579409828
L48T16beta4.18ms0.037265m0.001022,1474,8.188532201690289e-8,0.14489378451989318,0.9146500926682702,0.9663166634652699
L48T16beta4.18ms0.037265m0.001022,1475,8.195057466248541e-8,0.14500924724917738,0.9153789575839701,0.967086700355991
L48T16beta4.18ms0.037265m0.001022,1476,8.195147334101013e-8,0.14501083743566387,0.9153889957248196,0.9670973055293254
L48T16beta4.18ms0.037265m0.001022,1477,8.194138248473164e-8,0.14499298194802307,0.9152762819636364,0.9669782248158304
L48T16beta4.18ms0.037265m0.001022,1478,8.189549179427885e-8,0.1449117796562062,0.9147636879694822,0.9664366755150497
L48T16beta4.18ms0.037265m0.001022,1479,8.188571546911667e-8,0.14489448072256883,0.9146544874864737,0.9663213065370817
L48T16beta4.18ms0.037265m0.001022,1480,8.188409400464176e-8,0.14489161158658145,0.9146363759055981,0.9663021718728619
L48T16beta4.18ms0.037265m0.001022,1481,8.188599216710003e-8,0.14489497033190282,0.9146575781726906,0.966324571809361
L48T16beta4.18ms0.037265m0.001022,1482,8.191777354591369e-8,0.144951206591835,0.9150125726987064,0.9666996191948889
L48T16beta4.18ms0.037265m0.001022,1483,8.1888401886781e-8,0.14489923426340615,0.9146844944780211,0.966353008557543
L48T16beta4.18ms0.037265m0.001022,1484,8.188267563390723e-8,0.1448891018192811,0.914620532859594,0.966285433888056
L48T16beta4.18ms0.037265m0.001022,1485,8.187889539099899e-8,0.14488241278530176,0.9145783079596831,0.9662408237964766
L48T16beta4.18ms0.037265m0.001022,1486,8.192087655209293e-8,0.14495669727438498,0.915047232938411,0.966736237315255
L48T16beta4.18ms0.037265m0.001022,1487,8.191111923147198e-8,0.1449394319687512,0.9149382447340499,0.9666210926070881
L48T16beta4.18ms0.037265m0.001022,1488,8.195131704431796e-8,0.14501056087304337,0.9153872499078592,0.9670954610950071
L48T16beta4.18ms0.037265m0.001022,1489,8.194369938817649e-8,0.14499708164379543,0.9153021615217591,0.9670055662532364
L48T16beta4.18ms0.037265m0.001022,1490,8.194492740158439e-8,0.14499925457913634,0.9153158782972406,0.9670200578591773
L48T16beta4.18ms0.037265m0.001022,1491,8.192038617227131e-8,0.14495582956102127,0.9150417554494272,0.9667304504149734
L48T16beta4.18ms0.037265m0.001022,1492,8.187395189709002e-8,0.14487366541124766,0.914523089673297,0.9661824863506155
L48T16beta4.18ms0.037265m0.001022,1493,8.188243489271632e-8,0.14488867583448453,0.914617843806817,0.9662825929366057
L48T16beta4.18ms0.037265m0.001022,1494,8.194952097550494e-8,0.14500738277956868,0.9153671880156202,0.9670742659506272
L48T16beta4.18ms0.037265m0.001022,1495,8.195181540689518e-8,0.14501144271166963,0.9153928165633503,0.9671013421986159
L48T16beta4.18ms0.037265m0.001022,1496,8.194175331318827e-8,0.1449936381185939,0.9152804240769464,0.9669826009080055
L48T16beta4.18ms0.037265m0.001022,1497,8.189022750131944e-8,0.14490246463721473,0.9147048863927825,0.9663745523666912
L48T16beta4.18ms0.037265m0.001022,1498,8.190688448285229e-8,0.1449319386996416,0.914890943055043,0.9665711189603343
L48T16beta4.18ms0.037265m0.001022,1499,8.18790695017243e-8,0.1448827208693551,0.9145802527574456,0.9662428784515846
L48T16beta4.18ms0.037265m0.001022,1500,8.192290262189993e-8,0.1449602823481785,0.9150698639166018,0.9667601466675982
L48T16beta4.18ms0.037265m0.001022,1501,8.190062773584723e-8,0.14492086756100508,0.9148210558751794,0.966497284007486
L48T16beta4.18ms0.037265m0.001022,1502,8.193287062592064e-8,0.14497792045218905,0.9151812054314997,0.9668777776196352
L48T16beta4.18ms0.037265m0.001022,1503,8.187857500415301e-8,0.14488184586974864,0.9145747292736482,0.9662370429583436
L48T16beta4.18ms0.037265m0.001022,1504,8.195062459961129e-8,0.1450093356115234,0.9153795153762055,0.9670872896566822
L48T16beta4.18ms0.037265m0.001022,1505,8.19124350829472e-8,0.14494176033109274,0.9149529426511381,0.9666366207771657
L48T16beta4.18ms0.037265m0.001022,1506,8.178234746673879e-8,0.14471157393666523,0.9134998782033308,0.9651014759165677
L48T16beta4.18ms0.037265m0.001022,1507,8.188168931519279e-8,0.14488735655593282,0.9146095157874089,0.9662737944857093
L48T16beta4.18ms0.037265m0.001022,1508,8.187893601598208e-8,0.14488248467007184,0.9145787617363018,0.9662413032059378
L48T16beta4.18ms0.037265m0.001022,1509,8.192813366201395e-8,0.14496953852719113,0.9151282940626548,0.9668218774040103
L48T16beta4.18ms0.037265m0.001022,1510,8.192724326278366e-8,0.14496796299068432,0.9151183484006188,0.966811369933414
L48T16beta4.18ms0.037265m0.001022,1511,8.19076005258849e-8,0.1449332057177386,0.9148989411774171,0.9665795688790393
L48T16beta4.18ms0.037265m0.001022,1512,8.189205197821641e-8,0.14490569299799855,0.9147252656002127,0.9663960827506992
L48T16beta4.18ms0.037265m0.001022,1513,8.187970911196568e-8,0.14488385264176812,0.9145873971338996,0.9662504263981414
L48T16beta4.18ms0.037265m0.001022,1514,8.187756045201186e-8,0.14488005064814233,0.914563396837174,0.966225070377473
L48T16beta4.18ms0.037265m0.001022,1515,8.192614612310469e-8,0.1449660216327423,0.9151060934703782,0.9667984227491344
L48T16beta4.18ms0.037265m0.001022,1516,8.190414566848646e-8,0.14492709244430807,0.9148603507980694,0.9665387986140909
L48T16beta4.18ms0.037265m0.001022,1517,8.189806768283009e-8,0.14491633761887274,0.9147924603629228,0.9664670731976743
L48T16beta4.18ms0.037265m0.001022,1518,8.191058059513875e-8,0.14493847886684136,0.9149322282251083,0.9666147362387973
L48T16beta4.18ms0.037265m0.001022,1519,8.18977644732003e-8,0.14491580109792268,0.9147890735445144,0.9664634950653477
L48T16beta4.18ms0.037265m0.001022,1520,8.190843176837916e-8,0.14493467657805742,0.9149082260651805,0.9665893782496785
L48T16beta4.18ms0.037265m0.001022,1521,8.188859685944679e-8,0.14489957926207903,0.9146866723013776,0.9663553094013481
L48T16beta4.18ms0.037265m0.001022,1522,8.191942242417827e-8,0.14495412423575557,0.9150309904886149,0.966719077365216
L48T16beta4.18ms0.037265m0.001022,1523,8.18887539325193e-8,0.1448998571984828,0.9146884267904214,0.9663571629976166
L48T16beta4.18ms0.037265m0.001022,1524,8.195322456129047e-8,0.14501393617091576,0.9154085566638529,0.9671179714227555
L48T16beta4.18ms0.037265m0.001022,1525,8.193276677772593e-8,0.14497773669571626,0.9151800454585207,0.9668765521223355
L48T16beta4.18ms0.037265m0.001022,1526,8.194698712314344e-8,0.14500289919876286,0.9153388851618222,0.9670443643309062
L48T16beta4.18ms0.037265m0.001022,1527,8.194346344312118e-8,0.1449966641456265,0.9152995260412923,0.9670027819002781
L48T16beta4.18ms0.037265m0.001022,1528,8.193955193593828e-8,0.14498974284318858,0.9152558349337874,0.9669566227782646
L48T16beta4.18ms0.037265m0.001022,1529,8.195332201233968e-8,0.14501410860781871,0.9154096451814162,0.9671191214282804
L48T16beta4.18ms0.037265m0.001022,1530,8.191055419917024e-8,0.14493843215991414,0.9149319333850264,0.9666144247438481
L48T16beta4.18ms0.037265m0.001022,1531,8.191969399366884e-8,0.14495460477036518,0.915034023890128,0.9667222821169047
L48T16beta4.18ms0.037265m0.001022,1532,8.189334888447617e-8,0.14490798783731182,0.914739751901316,0.9664113873510707
L48T16beta4.18ms0.037265m0.001022,1533,8.188540698146026e-8,0.14489393486229846,0.9146510417130851,0.9663176661195377
L48T16beta4.18ms0.037265m0.001022,1534,8.195174051331316e-8,0.14501131018957328,0.9153919800102289,0.9671004583904498
L48T16beta4.18ms0.037265m0.001022,1535,8.191126246522268e-8,0.1449396854168625,0.9149398446393825,0.9666227828875518
L48T16beta4.18ms0.037265m0.001022,1536,8.193287297908531e-8,0.14497792461604805,0.9151812317160919,0.9668778053889862
L48T16beta4.18ms0.037265m0.001022,1537,8.195203869467056e-8,0.14501183781313612,0.9153953106633845,0.9671039771848721
L48T16beta4.18ms0.037265m0.001022,1538,8.189982203816477e-8,0.14491944190151548,0.9148120563201703,0.9664877760874204
L48T16beta4.18ms0.037265m0.001022,1539,8.181579278072288e-8,0.14477075448329127,0.9138734587032469,0.965496159156758
L48T16beta4.18ms0.037265m0.001022,1540,8.19460129770516e-8,0.14500117547452945,0.9153280040565004,0.9670328685758917
L48T16beta4.18ms0.037265m0.001022,1541,8.195451482838973e-8,0.14501621926242042,0.9154229688062593,0.9671331976753685
L48T16beta4.18ms0.037265m0.001022,1542,8.191781163480464e-8,0.14495127398906105,0.9150129981474532,0.9667000686762991
L48T16beta4.18ms0.037265m0.001022,1543,8.191041351541329e-8,0.1449381832239454,0.9149303619628452,0.9666127645554862
L48T16beta4.18ms0.037265m0.001022,1544,8.194210182106477e-8,0.14499425479352313,0.9152843168718172,0.9669867135982914
L48T16beta4.18ms0.037265m0.001022,1545,8.19527626061501e-8,0.14501311875422962,0.9154033966754502,0.9671125199579639
L48T16beta4.18ms0.037265m0.001022,1546,8.191306564269586e-8,0.14494287608891232,0.9149599859345782,0.9666440619201867
L48T16beta4.18ms0.037265m0.001022,1547,8.195378723564307e-8,0.1450149318074278,0.9154148416748424,0.9671246114601839
L48T16beta4.18ms0.037265m0.001022,1548,8.194859021146758e-8,0.14500573581866597,0.9153567914831031,0.9670632821408686
L48T16beta4.18ms0.037265m0.001022,1549,8.195312436386737e-8,0.14501375887438112,0.9154074374695936,0.9671167890076756
L48T16beta4.18ms0.037265m0.001022,1550,8.194010989342529e-8,0.14499073013333902,0.9152620672579038,0.9669632071526544
L48T16beta4.18ms0.037265m0.001022,1551,8.195150527852261e-8,0.14501089394819797,0.9153893524633416,0.9670976824192214
L48T16beta4.18ms0.037265m0.001022,1552,8.192311206314207e-8,0.14496065294859212,0.9150722033523739,0.9667626182529486
L48T16beta4.18ms0.037265m0.001022,1553,8.195147648297255e-8,0.1450108429952784,0.9153890308201963,0.9670973426071626
L48T16beta4.18ms0.037265m0.001022,1554,8.19102637825465e-8,0.14493791827583014,0.9149286894630967,0.9666109975799076
L48T16beta4.18ms0.037265m0.001022,1555,8.191684079296483e-8,0.14494955611160906,0.9150021539502653,0.9666886119142777
L48T16beta4.18ms0.037265m0.001022,1556,8.191172303529922e-8,0.144940500382717,0.9149449891567736,0.9666282180074084
L48T16beta4.18ms0.037265m0.001022,1557,8.192895204438379e-8,0.14497098663187988,0.9151374353042349,0.9668315350142094
L48T16beta4.18ms0.037265m0.001022,1558,8.192363878938113e-8,0.14496158497592382,0.915078086826866,0.9667688340719665
L48T16beta4.18ms0.037265m0.001022,1559,8.195269670933795e-8,0.14501300215166563,0.9154026606152645,0.9671117423193583
L48T16beta4.18ms0.037265m0.001022,1560,8.194538012801197e-8,0.1450000556658736,0.9153209352019305,0.967025400417284
L48T16beta4.18ms0.037265m0.001022,1561,8.193030569728921e-8,0.14497338188279374,0.9151525554591647,0.9668475092734152
L48T16beta4.18ms0.037265m0.001022,1562,8.19319583433699e-8,0.14497630619375942,0.9151710153351672,0.966867011907187
L48T16beta4.18ms0.037265m0.001022,1563,8.195237851000252e-8,0.1450124391068512,0.9153991063634832,0.9671079872957159
L48T16beta4.18ms0.037265m0.001022,1564,8.18936438561659e-8,0.14490850978145758,0.9147430467028348,0.9664148682686763
L48T16beta4.18ms0.037265m0.001022,1565,8.191498519312113e-8,0.14494627267964244,0.9149814271029233,0.9666667142529445
L48T16beta4.18ms0.037265m0.001022,1566,8.193273458689172e-8,0.14497767973493647,0.9151796858904228,0.966876172243027
L48T16beta4.18ms0.037265m0.001022,1567,8.190409467293479e-8,0.14492700220910726,0.9148597811833336,0.9665381968230722
L48T16beta4.18ms0.037265m0.001022,1568,8.195319997239676e-8,0.14501389266155684,0.915408282008599,0.9671176812528308
L48T16beta4.18ms0.037265m0.001022,1569,8.195300884249573e-8,0.1450135544625486,0.9154061471085048,0.9671154257569287
L48T16beta4.18ms0.037265m0.001022,1570,8.19151910963201e-8,0.1449466370195877,0.9149837270191399,0.9666691440863665
L48T16beta4.18ms0.037265m0.001022,1571,8.18991357226155e-8,0.1449182274853679,0.9148043902505345,0.9664796769783822
L48T16beta4.18ms0.037265m0.001022,1572,8.195052753151913e-8,0.1450091638522522,0.9153784311362305,0.9670861441703772
L48T16beta4.18ms0.037265m0.001022,1573,8.19347730008473e-8,0.14498128665135526,0.9152024547514034,0.9669002272668553
L48T16beta4.18ms0.037265m0.001022,1574,8.193807849956846e-8,0.1449871356387884,0.9152393768106585,0.9669392349719806
L48T16beta4.18ms0.037265m0.001022,1575,8.192103396609409e-8,0.14495697581405245,0.9150489912355906,0.9667380949347727
L48T16beta4.18ms0.037265m0.001022,1576,8.188166868376947e-8,0.14488732004920693,0.9146092853366664,0.9662735510173115
L48T16beta4.18ms0.037265m0.001022,1577,8.18975533342928e-8,0.14491542749353775,0.9147867151460061,0.9664610034460979
L48T16beta4.18ms0.037265m0.001022,1578,8.192835182086137e-8,0.1449699245531632,0.9151307308731246,0.9668244518645406
L48T16beta4.18ms0.037265m0.001022,1579,8.190641528197609e-8,0.1449311084618288,0.9148857021325635,0.966565581989678
L48T16beta4.18ms0.037265m0.001022,1580,8.19200803388332e-8,0.14495528839731586,0.9150383393233666,0.9667268413194697
L48T16beta4.18ms0.037265m0.001022,1581,8.190912441659534e-8,0.14493590219968178,0.9149159628700133,0.9665975520895893
L48T16beta4.18ms0.037265m0.001022,1582,8.191140864902226e-8,0.14493994408500271,0.9149414774964384,0.9666245079811092
L48T16beta4.18ms0.037265m0.001022,1583,8.194943301460229e-8,0.14500722713521436,0.9153662055019562,0.9670732279369286
L48T16beta4.18ms0.037265m0.001022,1584,8.194876021864543e-8,0.14500603664160697,0.9153586904446891,0.9670652883706153
L48T16beta4.18ms0.037265m0.001022,1585,8.194690482834519e-8,0.1450027535804216,0.9153379659379247,0.9670433931820738
L48T16beta4.18ms0.037265m0.001022,1586,8.194103296291033e-8,0.14499236347894687,0.9152723778431129,0.9669741001601306
L48T16beta4.18ms0.037265m0.001022,1587,8.191309793917286e-8,0.14494293323662408,0.9149603466826947,0.9666444430461704
L48T16beta4.18ms0.037265m0.001022,1588,8.190739098758169e-8,0.14493283494557813,0.9148966006574833,0.9665770961482855
L48T16beta4.18ms0.037265m0.001022,1589,8.193121919433135e-8,0.1449749982902319,0.9151627591212335,0.9668582893178982
L48T16beta4.18ms0.037265m0.001022,1590,8.193993887435256e-8,0.14499042751987837,0.9152601569935626,0.9669611889816845
L48T16beta4.18ms0.037265m0.001022,1591,8.194418095028063e-8,0.14499793375445497,0.9153075405178029,0.9670112490969288
L48T16beta4.18ms0.037265m0.001022,1592,8.194855518467697e-8,0.14500567383974072,0.9153564002376822,0.9670628687948548
L48T16beta4.18ms0.037265m0.001022,1593,8.195300559236234e-8,0.14501354871152858,0.9154061108048702,0.9671153874025816
L48T16beta4.18ms0.037265m0.001022,1594,8.195269934743985e-8,0.14501300681971308,0.9154026900825742,0.9671117734512115
L48T16beta4.18ms0.037265m0.001022,1595,8.193903795148053e-8,0.14498883336208215,0.9152500937835991,0.9669505573231371
L48T16beta4.18ms0.037265m0.001022,1596,8.18261469784107e-8,0.14478907594618234,0.9139891139591757,0.9656183475235632
L48T16beta4.18ms0.037265m0.001022,1597,8.195330251293544e-8,0.1450140741041689,0.9154094273752031,0.9671188913186737
L48T16beta4.18ms0.037265m0.001022,1598,8.187237785595916e-8,0.14487088018953978,0.9145055078059888,0.9661639113223168
L48T16beta4.18ms0.037265m0.001022,1599,8.195255173835836e-8,0.14501274562957644,0.9154010413052753,0.9671100315381115
L48T16beta4.18ms0.037265m0.001022,1600,8.19530729294746e-8,0.1450136678626633,0.9154068629530507,0.9671161820379576
L48T16beta4.18ms0.037265m0.001022,1601,8.191248350455993e-8,0.14494184601178067,0.9149534835152574,0.9666371921935089
L48T16beta4.18ms0.037265m0.001022,1602,8.189940533618481e-8,0.1449187045590296,0.914807401804621,0.9664828586485313
L48T16beta4.18ms0.037265m0.001022,1603,8.195283037682083e-8,0.1450132386725339,0.9154041536664316,0.9671133197096998
L48T16beta4.18ms0.037265m0.001022,1604,8.195105169367723e-8,0.1450100913425144,0.9153842859702187,0.9670923297310522
L48T16beta4.18ms0.037265m0.001022,1605,8.195359080127667e-8,0.1450145842223166,0.91541264752445,0.9671222933670646
L48T16beta4.18ms0.037265m0.001022,1606,8.195159769626467e-8,0.14501105747880483,0.9153903847594144,0.9670987730274274
L48T16beta4.18ms0.037265m0.001022,1607,8.191825239966672e-8,0.14495205391014307,0.9150179214427645,0.9667052700777276
L48T16beta4.18ms0.037265m0.001022,1608,8.194377420248374e-8,0.1449972140256173,0.9153029971893901,0.9670064491258928
L48T16beta4.18ms0.037265m0.001022,1609,8.194917847079552e-8,0.1450067767270755,0.9153633622754693,0.9670702241028347
L48T16beta4.18ms0.037265m0.001022,1610,8.190436979696566e-8,0.1449274890333764,0.9148628542886733,0.9665414435213694
L48T16beta4.18ms0.037265m0.001022,1611,8.181965917485191e-8,0.14477759595944356,0.9139166459028732,0.965541785906246
L48T16beta4.18ms0.037265m0.001022,1612,8.176327268564974e-8,0.144677821645622,0.9132868149844169,0.9648763772253213
L48T16beta4.18ms0.037265m0.001022,1613,8.189357456110723e-8,0.14490838716579152,0.914742272684607,0.9664140505278621
L48T16beta4.18ms0.037265m0.001022,1614,8.193190355947809e-8,0.1449762092551968,0.9151704034050864,0.9668663654105226
L48T16beta4.18ms0.037265m0.001022,1615,8.19017246566711e-8,0.14492280853168912,0.9148333083608324,0.9665102286090888
L48T16beta4.18ms0.037265m0.001022,1616,8.192791969541348e-8,0.1449691599192827,0.9151259040791252,0.9668193524155708
L48T16beta4.18ms0.037265m0.001022,1617,8.192792541335683e-8,0.14496917003702334,0.9151259679479271,0.9668194198921809
L48T16beta4.18ms0.037265m0.001022,1618,8.195260803965189e-8,0.1450128452531389,0.9154016701845673,0.9671106959414106
L48T16beta4.18ms0.037265m0.001022,1619,8.194543477880028e-8,0.14500015236891328,0.9153215456452598,0.9670260453432136
L48T16beta4.18ms0.037265m0.001022,1620,8.195144180487268e-8,0.14501078163335168,0.9153886434696128,0.9670969333759972
L48T16beta4.18ms0.037265m0.001022,1621,8.192622202685724e-8,0.14496615594230713,0.9151069413069941,0.9667993184781749
L48T16beta4.18ms0.037265m0.001022,1622,8.195365579985092e-8,0.1450146992354738,0.9154133735514167,0.967123060405697
L48T16beta4.18ms0.037265m0.001022,1623,8.186791225687532e-8,0.1448629784369977,0.914455627552541,0.9661112134431268
L48T16beta4.18ms0.037265m0.001022,1624,8.18605408902633e-8,0.14484993501017598,0.9143732901935527,0.9660242250279353
L48T16beta4.18ms0.037265m0.001022,1625,8.19293773923326e-8,0.14497173927316553,0.9151421863943107,0.9668365544829075
L48T16beta4.18ms0.037265m0.001022,1626,8.195428568063586e-8,0.1450158137918861,0.9154204092509062,0.9671304935363665
L48T16beta4.18ms0.037265m0.001022,1627,8.189975683189792e-8,0.1449193265208521,0.9148113279733001,0.9664870065978386
L48T16beta4.18ms0.037265m0.001022,1628,8.195369825983899e-8,0.1450147743672338,0.9154138478248404,0.9671235614697825
L48T16beta4.18ms0.037265m0.001022,1629,8.191593570724774e-8,0.14494795458777507,0.9149920442417776,0.9666779311306067
L48T16beta4.18ms0.037265m0.001022,1630,8.188097129449019e-8,0.14488608603840414,0.9146014955746773,0.9662653212288111
L48T16beta4.18ms0.037265m0.001022,1631,8.185822873371105e-8,0.14484584371389717,0.9143474636577013,0.9659969396079119
L48T16beta4.18ms0.037265m0.001022,1632,8.193420079945011e-8,0.1449802741570046,0.9151960633243679,0.9668934748021727
L48T16beta4.18ms0.037265m0.001022,1633,8.187726211572356e-8,0.1448795227504336,0.9145600644534573,0.966221549754734
L48T16beta4.18ms0.037265m0.001022,1634,8.190715171707915e-8,0.14493241156312348,0.9148939280321347,0.9665742725522126
L48T16beta4.18ms0.037265m0.001022,1635,8.195295266960065e-8,0.1450134550661836,0.9154055196634093,0.9671147628688406
L48T16beta4.18ms0.037265m0.001022,1636,8.194865004798091e-8,0.14500584169770087,0.9153574598504138,0.9670639882627777
L48T16beta4.18ms0.037265m0.001022,1637,8.190119846206708e-8,0.14492187744507076,0.9148274308246455,0.9665040190638177
L48T16beta4.18ms0.037265m0.001022,1638,8.194169764939112e-8,0.14499353962306338,0.9152798023184191,0.9669819440277073
L48T16beta4.18ms0.037265m0.001022,1639,8.19508483136434e-8,0.14500973146723922,0.9153820142374808,0.9670899296731315
L48T16beta4.18ms0.037265m0.001022,1640,8.19539788815318e-8,0.14501527091946184,0.9154169823384627,0.967126873045181
L48T16beta4.18ms0.037265m0.001022,1641,8.195259284925947e-8,0.14501281837416485,0.9154015005095452,0.9671105166818199
L48T16beta4.18ms0.037265m0.001022,1642,8.194614120758373e-8,0.1450014023748656,0.9153294363775221,0.9670343818055757
L48T16beta4.18ms0.037265m0.001022,1643,8.194498548170079e-8,0.14499935735027605,0.9153165270457896,0.9670207432541041
L48T16beta4.18ms0.037265m0.001022,1644,8.12362327861552e-8,0.1437452393005836,0.9073998369395232,0.9586568567465779
L48T16beta4.18ms0.037265m0.001022,1645,8.194442597119666e-8,0.1449983673121053,0.9153102773746418,0.9670141405527873
L48T16beta4.18ms0.037265m0.001022,1646,8.194582106622548e-8,0.14500083589369614,0.9153258604335582,0.9670306038644072
L48T16beta4.18ms0.037265m0.001022,1647,8.195358429761995e-8,0.14501457271427817,0.9154125748793156,0.9671222166183665
L48T16beta4.18ms0.037265m0.001022,1648,8.193962119801847e-8,0.14498986540050013,0.9152566085836491,0.9669574401299043
L48T16beta4.18ms0.037265m0.001022,1649,8.190415122427435e-8,0.14492710227511918,0.9148604128556125,0.966538864177128
L48T16beta4.18ms0.037265m0.001022,1650,8.195070867086178e-8,0.14500948437324715,0.9153804544428802,0.9670882817691666
L48T16beta4.18ms0.037265m0.001022,1651,8.192364162829877e-8,0.14496158999930908,0.9150781185372657,0.9667688675736169
L48T16beta4.18ms0.037265m0.001022,1652,8.190177217933814e-8,0.1449228926217178,0.9148338391838265,0.9665107894171056
L48T16beta4.18ms0.037265m0.001022,1653,8.194354494001133e-8,0.14499680835209172,0.9153004363526435,0.9670037436331141
L48T16beta4.18ms0.037265m0.001022,1654,8.192294842422706e-8,0.14496036339411392,0.9150703755235875,0.9667606871741367
L48T16beta4.18ms0.037265m0.001022,1655,8.191225822682728e-8,0.14494144738914053,0.914950967187618,0.9666345337240589
L48T16beta4.18ms0.037265m0.001022,1656,8.193628124497835e-8,0.14498395544711434,0.915219301673419,0.9669180258344194
L48T16beta4.18ms0.037265m0.001022,1657,8.194122256261256e-8,0.14499269897031117,0.915274495651054,0.9669763375983815
L48T16beta4.18ms0.037265m0.001022,1658,8.19536769159807e-8,0.14501473659987418,0.9154136094162773,0.9671233095940444
L48T16beta4.18ms0.037265m0.001022,1659,8.193538383055883e-8,0.1449823674974266,0.9152092776524864,0.9669074355786049
L48T16beta4.18ms0.037265m0.001022,1660,8.186677516455614e-8,0.1448609663839775,0.9144429263556781,0.9660977947836057
L48T16beta4.18ms0.037265m0.001022,1661,8.188491872336078e-8,0.14489307090326264,0.9146455879235056,0.9663119042573874
L48T16beta4.18ms0.037265m0.001022,1662,8.192089478495115e-8,0.14495672953691707,0.9150474365974434,0.966736452478538
L48T16beta4.18ms0.037265m0.001022,1663,8.195251587832884e-8,0.1450126821762583,0.9154006407526669,0.9671096083591677
L48T16beta4.18ms0.037265m0.001022,1664,8.195358209817608e-8,0.14501456882242383,0.915412550311768,0.9671221906630523
L48T16beta4.18ms0.037265m0.001022,1665,8.194954308904619e-8,0.14500742190886073,0.9153674350214579,0.967074526909281
L48T16beta4.18ms0.037265m0.001022,1666,8.19526694108336e-8,0.14501295384772656,0.915402355693956,0.9671114201737161
L48T16beta4.18ms0.037265m0.001022,1667,8.192224929775054e-8,0.14495912630938926,0.915062566357295,0.9667524368852265
L48T16beta4.18ms0.037265m0.001022,1668,8.193488133559161e-8,0.14498147834665195,0.915203664838651,0.9669015057092685
L48T16beta4.18ms0.037265m0.001022,1669,8.1931263483005e-8,0.14497507665779982,0.915163253820875,0.9668588119620338
L48T16beta4.18ms0.037265m0.001022,1670,8.194335753992258e-8,0.14499647675288188,0.9152983431141444,0.967001532152179
L48T16beta4.18ms0.037265m0.001022,1671,8.193783533859066e-8,0.1449867053722467,0.9152366607291265,0.9669363654649804
L48T16beta4.18ms0.037265m0.001022,1672,8.192924963753779e-8,0.14497151321463328,0.915140759387223,0.9668350468673299
L48T16beta4.18ms0.037265m0.001022,1673,8.191204652557058e-8,0.14494107278969443,0.9149486025077306,0.9666320354686088
L48T16beta4.18ms0.037265m0.001022,1674,8.18389279788792e-8,0.14481169156864335,0.9141318763367907,0.965769174233702
L48T16beta4.18ms0.037265m0.001022,1675,8.195096402358957e-8,0.14500993621274907,0.9153833067049264,0.9670912951492187
L48T16beta4.18ms0.037265m0.001022,1676,8.193622769250717e-8,0.14498386068751604,0.9152187034981719,0.966917393869569
L48T16beta4.18ms0.037265m0.001022,1677,8.19182776742984e-8,0.14495209863289613,0.9150182037576364,0.9667055683399453
L48T16beta4.18ms0.037265m0.001022,1678,8.188949234255432e-8,0.1449011637943643,0.9146966747497666,0.9663658768660334
L48T16beta4.18ms0.037265m0.001022,1679,8.194950291392675e-8,0.1450073508201118,0.9153669862697669,0.9670740528085946
L48T16beta4.18ms0.037265m0.001022,1680,8.194116078759752e-8,0.14499258966115175,0.9152738056308911,0.9669756086004982
L48T16beta4.18ms0.037265m0.001022,1681,8.192234628172397e-8,0.14495929791981468,0.915063649657673,0.9667535813788587
L48T16beta4.18ms0.037265m0.001022,1682,8.191324422218848e-8,0.1449431920803243,0.914961980647983,0.9666461693105618
L48T16beta4.18ms0.037265m0.001022,1683,8.193271088053805e-8,0.14497763778720743,0.9151794210930446,0.9668758924878278
L48T16beta4.18ms0.037265m0.001022,1684,8.195467234585819e-8,0.14501649798517038,0.9154247282591573,0.9671350565158886
L48T16beta4.18ms0.037265m0.001022,1685,8.190411745333618e-8,0.14492704251838967,0.9148600356379261,0.9665384656512447
L48T16beta4.18ms0.037265m0.001022,1686,8.19080197387152e-8,0.14493394750310387,0.91490362373889,0.9665845159481045
L48T16beta4.18ms0.037265m0.001022,1687,8.19498712294144e-8,0.14500800254405435,0.9153711003134881,0.9670783992455916
L48T16beta4.18ms0.037265m0.001022,1688,8.191821365960828e-8,0.1449519853606944,0.915017488720548,0.9667048129119853
L48T16beta4.18ms0.037265m0.001022,1689,8.193880845057809e-8,0.1449884272666613,0.9152475302836149,0.9669478490166805
L48T16beta4.18ms0.037265m0.001022,1690,8.194220754507673e-8,0.14499444186920202,0.9152854977974697,0.9669879612318351
L48T16beta4.18ms0.037265m0.001022,1691,8.189778721540845e-8,0.1449158413396232,0.9147893275724926,0.9664637634428074
L48T16beta4.18ms0.037265m0.001022,1692,8.188672123405163e-8,0.1448962603954598,0.9146657217708156,0.9663331754214219
L48T16beta4.18ms0.037265m0.001022,1693,8.1907097904829e-8,0.14493231634385356,0.9148933269551848,0.9665736375217486
L48T16beta4.18ms0.037265m0.001022,1694,8.186684222964007e-8,0.14486108505376566,0.914443675465332,0.9660985862088153
L48T16beta4.18ms0.037265m0.001022,1695,8.190257985216888e-8,0.14492432177617698,0.9148428608010258,0.9665203206456059
L48T16beta4.18ms0.037265m0.001022,1696,8.194937681633168e-8,0.14500712769394805,0.915365577773419,0.9670725647493877
L48T16beta4.18ms0.037265m0.001022,1697,8.18839215369917e-8,0.14489130640990378,0.9146344494608065,0.9663001366074437
L48T16beta4.18ms0.037265m0.001022,1698,8.19531806376677e-8,0.14501385844929512,0.9154080660417896,0.9671174530865315
L48T16beta4.18ms0.037265m0.001022,1699,8.188506025060351e-8,0.1448933213317559,0.9146471687673307,0.9663135743996011
L48T16beta4.18ms0.037265m0.001022,1700,8.193008252397741e-8,0.14497298698386735,0.9151500626376763,0.966844875637927
L48T16beta4.18ms0.037265m0.001022,1701,8.193702884015755e-8,0.14498527829585126,0.9152276522298203,0.9669268480953741
L48T16beta4.18ms0.037265m0.001022,1702,8.194617068233734e-8,0.14500145452961682,0.9153297656072967,0.9670347296328158
L48T16beta4.18ms0.037265m0.001022,1703,8.191244149755016e-8,0.14494177168155306,0.9149530143015517,0.9666366964749535
L48T16beta4.18ms0.037265m0.001022,1704,8.180608699913789e-8,0.1447535803745385,0.9137650461842817,0.9653816226531878
L48T16beta4.18ms0.037265m0.001022,1705,8.173255867866042e-8,0.14462347407024662,0.9129437428849605,0.9645139257379907
L48T16beta4.18ms0.037265m0.001022,1706,8.170462982113667e-8,0.14457405473886634,0.9126317806004751,0.9641843413906132
L48T16beta4.18ms0.037265m0.001022,1707,8.192109986949213e-8,0.14495709242826998,0.91504972736934,0.9667388726510976
L48T16beta4.18ms0.037265m0.001022,1708,8.194347676013368e-8,0.14499668770970725,0.9152996747908656,0.9670029390523875
L48T16beta4.18ms0.037265m0.001022,1709,8.19491247903258e-8,0.14500668174098738,0.9153627626704925,0.9670695906274924
L48T16beta4.18ms0.037265m0.001022,1710,8.195408284481743e-8,0.14501545487958478,0.9154181435969947,0.9671280999006517
L48T16beta4.18ms0.037265m0.001022,1711,8.1883566533345e-8,0.14489067824089102,0.9146304841088928,0.9662959472615272
L48T16beta4.18ms0.037265m0.001022,1712,8.195283016591577e-8,0.14501323829934332,0.9154041513106451,0.9671133172208402
L48T16beta4.18ms0.037265m0.001022,1713,8.19439804233928e-8,0.1449975789277417,0.9153053006543937,0.9670088827085651
L48T16beta4.18ms0.037265m0.001022,1714,8.194783503247884e-8,0.1450043995505904,0.9153483562163787,0.9670543703844909
L48T16beta4.18ms0.037265m0.001022,1715,8.190589437105168e-8,0.14493018672453356,0.9148798836145,0.9665594347963343
L48T16beta4.18ms0.037265m0.001022,1716,8.191022337942527e-8,0.14493784678363839,0.9149282381646507,0.9666105207886057
L48T16beta4.18ms0.037265m0.001022,1717,8.188537795687619e-8,0.14489388350410964,0.9146507175116549,0.9663173236046823
L48T16beta4.18ms0.037265m0.001022,1718,8.188702214841663e-8,0.14489679285500306,0.9146690829513674,0.9663367264676659
L48T16beta4.18ms0.037265m0.001022,1719,8.187545806584911e-8,0.14487633053469418,0.9145399134136347,0.9662002604270197
L48T16beta4.18ms0.037265m0.001022,1720,8.195339422201733e-8,0.14501423638082145,0.9154104517556194,0.9671199735640852
L48T16beta4.18ms0.037265m0.001022,1721,8.186910279194674e-8,0.14486508505547158,0.9144689256991023,0.9661252627727213
L48T16beta4.18ms0.037265m0.001022,1722,8.187333027461998e-8,0.14487256546769237,0.9145161462182819,0.9661751506751076
L48T16beta4.18ms0.037265m0.001022,1723,8.186269153634337e-8,0.14485374051819658,0.9143973126750912,0.9660496044865877
L48T16beta4.18ms0.037265m0.001022,1724,8.191456588889545e-8,0.14494553073255562,0.9149767435205738,0.9666617661053355
L48T16beta4.18ms0.037265m0.001022,1725,8.189232041455836e-8,0.1449061679885894,0.9147282640047985,0.9663992505285612
L48T16beta4.18ms0.037265m0.001022,1726,8.18798521395476e-8,0.14488410572506957,0.9145889947363496,0.9662521142456378
L48T16beta4.18ms0.037265m0.001022,1727,8.194430554224604e-8,0.14499815421644918,0.9153089321964323,0.9670127193884211
L48T16beta4.18ms0.037265m0.001022,1728,8.195330929076825e-8,0.14501408609735428,0.9154095030828545,0.9671189713028836
L48T16beta4.18ms0.037265m0.001022,1729,8.190987761986819e-8,0.1449372349717834,0.9149243760682073,0.9666064405308338
L48T16beta4.18ms0.037265m0.001022,1730,8.191773642748628e-8,0.144951140911817,0.9150121580899311,0.9666991811657764
L48T16beta4.18ms0.037265m0.001022,1731,8.192264855552836e-8,0.1449598327848479,0.9150670260230139,0.9667571484676472
L48T16beta4.18ms0.037265m0.001022,1732,8.192052400526286e-8,0.14495607345264047,0.9150432950288705,0.9667320769618711
L48T16beta4.18ms0.037265m0.001022,1733,8.189648311943648e-8,0.1449135337783155,0.9147747609630901,0.9664483739976975
L48T16beta4.18ms0.037265m0.001022,1734,8.190590216098743e-8,0.14493020050860675,0.9148799706272306,0.9665595267242226
L48T16beta4.18ms0.037265m0.001022,1735,8.194135849688584e-8,0.14499293950220157,0.9152760140220219,0.9669779417387837
L48T16beta4.18ms0.037265m0.001022,1736,8.193527622744896e-8,0.14498217709673655,0.9152080757375156,0.9669061657701026
L48T16beta4.18ms0.037265m0.001022,1737,8.194423931265921e-8,0.1449980370250497,0.9153081924191897,0.9670119378227903
L48T16beta4.18ms0.037265m0.001022,1738,8.16992977171093e-8,0.14456461973008883,0.9125722215815616,0.964121418013797
L48T16beta4.18ms0.037265m0.001022,1739,8.191384848754958e-8,0.14494426131096133,0.9149687302259891,0.9666533001573753
L48T16beta4.18ms0.037265m0.001022,1740,8.195169040251144e-8,0.14501122151991272,0.9153914202780533,0.9670998670402354
L48T16beta4.18ms0.037265m0.001022,1741,8.195407335176777e-8,0.14501543808189923,0.9154180375606681,0.9671279878745664
L48T16beta4.18ms0.037265m0.001022,1742,8.192552345670466e-8,0.14496491984198212,0.9150991383547792,0.9667910747543619
L48T16beta4.18ms0.037265m0.001022,1743,8.194847552895354e-8,0.14500553289116846,0.9153555104919618,0.9670619287893569
L48T16beta4.18ms0.037265m0.001022,1744,8.189102436081026e-8,0.14490387465777166,0.9147137872261574,0.9663839559885548
L48T16beta4.18ms0.037265m0.001022,1745,8.194998663705016e-8,0.14500820675463444,0.9153723894041598,0.9670797611541583
L48T16beta4.18ms0.037265m0.001022,1746,8.187634454496836e-8,0.14487789913467425,0.9145498152884591,0.9662107216369611
L48T16beta4.18ms0.037265m0.001022,1747,8.192585371468679e-8,0.14496550422423427,0.9151028273003255,0.9667949720803236
L48T16beta4.18ms0.037265m0.001022,1748,8.189106893039783e-8,0.14490395352240892,0.9147142850635768,0.9663844819477144
L48T16beta4.18ms0.037265m0.001022,1749,8.190354102029993e-8,0.14492602253627215,0.9148535969439449,0.9665316632496106
L48T16beta4.18ms0.037265m0.001022,1750,8.189269373246356e-8,0.14490682856416975,0.9147324339249768,0.9664036559983534
L48T16beta4.18ms0.037265m0.001022,1751,8.187052621804812e-8,0.14486760376810204,0.9144848252130013,0.9661420604151691
L48T16beta4.18ms0.037265m0.001022,1752,8.189135707072863e-8,0.1449044633786563,0.9147175035595632,0.9663878822494559
L48T16beta4.18ms0.037265m0.001022,1753,8.190205559743018e-8,0.14492339412209598,0.9148370049329225,0.9665141339924008
L48T16beta4.18ms0.037265m0.001022,1754,8.194084681104226e-8,0.14499203408842856,0.9152702985471026,0.9669719034092648
L48T16beta4.18ms0.037265m0.001022,1755,8.191352907108159e-8,0.14494369611246488,0.9149651623789703,0.9666495307705303
L48T16beta4.18ms0.037265m0.001022,1756,8.193237101396981e-8,0.1449770364028312,0.9151756248206422,0.9668718817723521
L48T16beta4.18ms0.037265m0.001022,1757,8.19246923421686e-8,0.14496344920808177,0.9150898548962949,0.9667812668937386
L48T16beta4.18ms0.037265m0.001022,1758,8.189607001740022e-8,0.14491280280582922,0.9147701466585184,0.9664434990412156
L48T16beta4.18ms0.037265m0.001022,1759,8.189782919947771e-8,0.14491591562925824,0.9147897965299552,0.9664642588906449
L48T16beta4.18ms0.037265m0.001022,1760,8.186898816801837e-8,0.1448648822316398,0.9144676453623566,0.9661239101125705
L48T16beta4.18ms0.037265m0.001022,1761,8.195071008874888e-8,0.14500948688215864,0.9153804702805239,0.9670882985014441
L48T16beta4.18ms0.037265m0.001022,1762,8.188112978325376e-8,0.1448863664798336,0.9146032658768354,0.9662671915314421
L48T16beta4.18ms0.037265m0.001022,1763,8.192153032866178e-8,0.1449578541137178,0.9150545355511938,0.9667439524365625
L48T16beta4.18ms0.037265m0.001022,1764,8.189653486747157e-8,0.14491362534501467,0.9147753389829835,0.9664489846686626
L48T16beta4.18ms0.037265m0.001022,1765,8.195117387977705e-8,0.14501030754739686,0.9153856507755926,0.9670937716312781
L48T16beta4.18ms0.037265m0.001022,1766,8.195249779900943e-8,0.14501265018540882,0.9154004388086461,0.9671093950077736
L48T16beta4.18ms0.037265m0.001022,1767,8.187769236890686e-8,0.14488028407139436,0.9145648703344661,0.9662266271093842
L48T16beta4.18ms0.037265m0.001022,1768,8.188655825529516e-8,0.14489597200911364,0.9146639013159278,0.9663312521330439
L48T16beta4.18ms0.037265m0.001022,1769,8.187534262548251e-8,0.14487612626619778,0.9145386239573634,0.9661988981322014
L48T16beta4.18ms0.037265m0.001022,1770,8.194369738622788e-8,0.14499707810140341,0.9153021391602121,0.9670055426285348
L48T16beta4.18ms0.037265m0.001022,1771,8.189542362656121e-8,0.1449116590353385,0.9147629265435303,0.9664358710778216
L48T16beta4.18ms0.037265m0.001022,1772,8.187218187665443e-8,0.14487053340964748,0.9145033187385855,0.9661615985993135
L48T16beta4.18ms0.037265m0.001022,1773,8.193118289364289e-8,0.14497493405718007,0.9151623536465129,0.966857860938803
L48T16beta4.18ms0.037265m0.001022,1774,8.19093796779614e-8,0.14493635387752174,0.9149188141115592,0.9666005643914952
L48T16beta4.18ms0.037265m0.001022,1775,8.195314020476055e-8,0.14501378690439806,0.9154076144106382,0.9671169759437304
L48T16beta4.18ms0.037265m0.001022,1776,8.19114332107944e-8,0.14493998754637077,0.9149417518487474,0.9666247978309764
L48T16beta4.18ms0.037265m0.001022,1777,8.195186740372524e-8,0.1450115347186045,0.9153933973622562,0.9671019558055738
L48T16beta4.18ms0.037265m0.001022,1778,8.189495186604599e-8,0.14491082426831614,0.9147576570301629,0.9664303039012411
L48T16beta4.18ms0.037265m0.001022,1779,8.195104499909822e-8,0.14501007949664432,0.9153842111925033,0.9670922507293083
L48T16beta4.18ms0.037265m0.001022,1780,8.185864662787909e-8,0.14484658316592647,0.9143521314898609,0.9660018711156374
L48T16beta4.18ms0.037265m0.001022,1781,8.194516652034203e-8,0.14499967769308264,0.9153185492276156,0.9670228796645312
L48T16beta4.18ms0.037265m0.001022,1782,8.194756210915763e-8,0.14500391662041537,0.915345307692725,0.9670511496564452
L48T16beta4.18ms0.037265m0.001022,1783,8.195413024273271e-8,0.14501553874886874,0.9154186730265255,0.9671286592364916
L48T16beta4.18ms0.037265m0.001022,1784,8.189552669012325e-8,0.14491184140342578,0.9147640777522481,0.9664370873157864
L48T16beta4.18ms0.037265m0.001022,1785,8.195303736016754e-8,0.14501360492377036,0.9154064656477805,0.967115762289787
L48T16beta4.18ms0.037265m0.001022,1786,8.191136065325545e-8,0.14493985915783725,0.9149409413889715,0.9666239415901114
L48T16beta4.18ms0.037265m0.001022,1787,8.19410531556158e-8,0.1449923992093738,0.915272603393425,0.9669743384512834
L48T16beta4.18ms0.037265m0.001022,1788,8.191793108932984e-8,0.14495148536049865,0.9150143324414372,0.9667014783416138
L48T16beta4.18ms0.037265m0.001022,1789,8.194674226021557e-8,0.14500246592066815,0.9153361500696938,0.9670414747394429
L48T16beta4.18ms0.037265m0.001022,1790,8.191539751759712e-8,0.14494700227625762,0.9149860327222319,0.9666715800335519
L48T16beta4.18ms0.037265m0.001022,1791,8.194704920616698e-8,0.1450030090529347,0.9153395786224062,0.9670450969635526
L48T16beta4.18ms0.037265m0.001022,1792,8.191608727711755e-8,0.14494822278641575,0.9149937372606491,0.9666797197843884
L48T16beta4.18ms0.037265m0.001022,1793,8.192708788975752e-8,0.14496768806246502,0.915116612900907,0.9668095363991429
L48T16beta4.18ms0.037265m0.001022,1794,8.192750895884771e-8,0.14496843313243019,0.9151213161966,0.9668145053736587
L48T16beta4.18ms0.037265m0.001022,1795,8.193662122368264e-8,0.14498455702991217,0.9152230991983689,0.9669220378731962
L48T16beta4.18ms0.037265m0.001022,1796,8.189361090842592e-8,0.14490845148135423,0.914742678680182,0.9664144794572337
L48T16beta4.18ms0.037265m0.001022,1797,8.1890164332899e-8,0.14490235286246345,0.9147041808084335,0.9663738069254353
L48T16beta4.18ms0.037265m0.001022,1798,8.190107813087792e-8,0.14492166452240082,0.914826086738421,0.9665025990531204
L48T16beta4.18ms0.037265m0.001022,1799,8.189345092701072e-8,0.1449081683987195,0.9147408917052684,0.96641259154004
L48T16beta4.18ms0.037265m0.001022,1800,8.189160424303191e-8,0.14490490074312615,0.9147202644471623,0.9663907990935193
L48T16beta4.18ms0.037265m0.001022,1801,8.195152848171944e-8,0.14501093500560508,0.9153896116405129,0.9670979562367408
L48T16beta4.18ms0.037265m0.001022,1802,8.194429138980176e-8,0.1449981291740953,0.9153087741151773,0.967012552377504
L48T16beta4.18ms0.037265m0.001022,1803,8.194197867420067e-8,0.14499403688859522,0.9152829413348114,0.9669852603602273
L48T16beta4.18ms0.037265m0.001022,1804,8.190658057596785e-8,0.144931400944919,0.9148875484483764,0.9665675325998079
L48T16beta4.18ms0.037265m0.001022,1805,8.189890193811138e-8,0.14491781381023383,0.914801778903188,0.9664769181217712
L48T16beta4.18ms0.037265m0.001022,1806,8.191529407897059e-8,0.14494681924450425,0.9149848773240846,0.9666703593695061
L48T16beta4.18ms0.037265m0.001022,1807,8.1897363581861e-8,0.14491509173192274,0.9147845956320925,0.9664587642055079
L48T16beta4.18ms0.037265m0.001022,1808,8.188557404511529e-8,0.14489423047675826,0.9146529077958432,0.966319637613204
L48T16beta4.18ms0.037265m0.001022,1809,8.194460793238839e-8,0.14499868928733917,0.9153123098612557,0.967016287850097
L48T16beta4.18ms0.037265m0.001022,1810,8.195095425736861e-8,0.14500991893169457,0.9153831976173064,0.967091179899479
L48T16beta4.18ms0.037265m0.001022,1811,8.194625234776343e-8,0.14500159903430165,0.9153306778011759,0.9670356933545197
L48T16beta4.18ms0.037265m0.001022,1812,8.193164894985093e-8,0.14497575873059063,0.9151675594433929,0.966863360799692
L48T16beta4.18ms0.037265m0.001022,1813,8.194906323417126e-8,0.1450065728190955,0.9153620750949776,0.9670688642123498
L48T16beta4.18ms0.037265m0.001022,1814,8.195231458355291e-8,0.14501232599078853,0.9153983923120316,0.9671072329090692
L48T16beta4.18ms0.037265m0.001022,1815,8.195331359982052e-8,0.1450140937221016,0.9154095512144972,0.9671190221533769
L48T16beta4.18ms0.037265m0.001022,1816,8.193455497540852e-8,0.14498090086144605,0.9152000194310936,0.9668976543806609
L48T16beta4.18ms0.037265m0.001022,1817,8.19520495763634e-8,0.1450118570679869,0.9153954322107035,0.9671041055981316
L48T16beta4.18ms0.037265m0.001022,1818,8.192590640286154e-8,0.14496559745448423,0.9151034158214759,0.9667955938457385
L48T16beta4.18ms0.037265m0.001022,1819,8.185081569799178e-8,0.14483272655475693,0.9142646608593417,0.9659094594617031
L48T16beta4.18ms0.037265m0.001022,1820,8.151095261978979e-8,0.14423134835404466,0.9104684274402703,0.961898785171439
L48T16beta4.18ms0.037265m0.001022,1821,8.193980494041958e-8,0.14499019052753412,0.9152586609661771,0.9669596084470046
L48T16beta4.18ms0.037265m0.001022,1822,8.18456989473393e-8,0.14482367260774637,0.9142075073140763,0.9658490774384477
L48T16beta4.18ms0.037265m0.001022,1823,8.195203799679175e-8,0.1450118365782591,0.9153953028681546,0.9671039689493068
L48T16beta4.18ms0.037265m0.001022,1824,8.195021418678818e-8,0.14500860939752447,0.9153749311098506,0.9670824464352098
L48T16beta4.18ms0.037265m0.001022,1825,8.194090890375744e-8,0.14499214395974946,0.9152709921159412,0.9669726361562807
L48T16beta4.18ms0.037265m0.001022,1826,8.194298394522659e-8,0.14499581568752798,0.9152941701022433,0.9669971234160195
L48T16beta4.18ms0.037265m0.001022,1827,8.191237388076413e-8,0.14494165203554346,0.9149522590294458,0.9666358985391885
L48T16beta4.18ms0.037265m0.001022,1828,8.194178628430616e-8,0.14499369646006377,0.9152807923607278,0.9669829899953272
L48T16beta4.18ms0.037265m0.001022,1829,8.19437974710821e-8,0.1449972551987506,0.9153032570970893,0.9670067237152059
L48T16beta4.18ms0.037265m0.001022,1830,8.194802031920525e-8,0.14500472741026474,0.9153504258488512,0.967056556925947
L48T16beta4.18ms0.037265m0.001022,1831,8.188246275688707e-8,0.14488872513935447,0.9146181550465572,0.9662829217575938
L48T16beta4.18ms0.037265m0.001022,1832,8.189576745315173e-8,0.1449122674268633,0.9147667670489485,0.9664399285249389
L48T16beta4.18ms0.037265m0.001022,1833,8.192567567951225e-8,0.1449651891959779,0.9151008386668943,0.9667928711133663
L48T16beta4.18ms0.037265m0.001022,1834,8.195113542140588e-8,0.14501023949638592,0.9153852211997922,0.967093317789686
L48T16beta4.18ms0.037265m0.001022,1835,8.193626369326306e-8,0.1449839243898456,0.9152191056226785,0.966917818709204
L48T16beta4.18ms0.037265m0.001022,1836,8.182326128109085e-8,0.1447839697855744,0.9139568810356675,0.9655842938331434
L48T16beta4.18ms0.037265m0.001022,1837,8.195355983978564e-8,0.14501452943682516,0.9154123016879808,0.9671219279950545
L48T16beta4.18ms0.037265m0.001022,1838,8.181069379133284e-8,0.1447617319643373,0.913816503549341,0.9654359867315533
L48T16beta4.18ms0.037265m0.001022,1839,8.189964101773727e-8,0.14491912159093762,0.91481003434179,0.9664856398919314
L48T16beta4.18ms0.037265m0.001022,1840,8.191597082860598e-8,0.1449480167340351,0.9149924365435087,0.9666783455925992
L48T16beta4.18ms0.037265m0.001022,1841,8.194832411330958e-8,0.14500526496542612,0.9153538191957764,0.9670601419555721
L48T16beta4.18ms0.037265m0.001022,1842,8.188786984325661e-8,0.14489829282728695,0.9146785516100334,0.9663467299900216
L48T16beta4.18ms0.037265m0.001022,1843,8.159829381165931e-8,0.1443858961475044,0.9114440190025862,0.9629294857540539
L48T16beta4.18ms0.037265m0.001022,1844,8.191224506731685e-8,0.14494142410375527,0.9149508201973255,0.9666343784306084
L48T16beta4.18ms0.037265m0.001022,1845,8.195284084444933e-8,0.14501325719470945,0.9154042705886973,0.967113443236647
L48T16beta4.18ms0.037265m0.001022,1846,8.195130447705645e-8,0.14501053863562605,0.9153871095329225,0.967095312790599
L48T16beta4.18ms0.037265m0.001022,1847,8.195307827320196e-8,0.14501367731823922,0.915406922641901,0.9671162450984997
L48T16beta4.18ms0.037265m0.001022,1848,8.193246036518134e-8,0.14497719450729815,0.9151766228639042,0.9668729361928815
L48T16beta4.18ms0.037265m0.001022,1849,8.192058299150292e-8,0.14495617782714065,0.9150439538987217,0.9667327730498302
L48T16beta4.18ms0.037265m0.001022,1850,8.193657487712942e-8,0.14498447502098394,0.9152225815124374,0.9669214909443258
L48T16beta4.18ms0.037265m0.001022,1851,8.192136863111432e-8,0.1449575679944351,0.9150527294072704,0.966742044267544
L48T16beta4.18ms0.037265m0.001022,1852,8.193861119458146e-8,0.14498807822769844,0.9152453269557028,0.9669455212276237
L48T16beta4.18ms0.037265m0.001022,1853,8.189167565566416e-8,0.14490502710577938,0.9147210621184554,0.9663916418235083
L48T16beta4.18ms0.037265m0.001022,1854,8.195265072412857e-8,0.14501292078212522,0.9154021469655043,0.9671111996546534
L48T16beta4.18ms0.037265m0.001022,1855,8.195216122326234e-8,0.14501205462404845,0.915396679294356,0.967105423126795
L48T16beta4.18ms0.037265m0.001022,1856,8.182792282508385e-8,0.14479221825714678,0.9140089499723237,0.9656393040294394
L48T16beta4.18ms0.037265m0.001022,1857,8.172754671039052e-8,0.14461460553272812,0.9128877597474506,0.9644547802362491
L48T16beta4.18ms0.037265m0.001022,1858,8.192041095819071e-8,0.14495587341901162,0.9150420323054365,0.9667307429099693
L48T16beta4.18ms0.037265m0.001022,1859,8.166688780612364e-8,0.1445072713000772,0.9122102064199153,0.9637389534123829
L48T16beta4.18ms0.037265m0.001022,1860,8.193165909093796e-8,0.14497577667496017,0.9151676727182261,0.9668634804731713
L48T16beta4.18ms0.037265m0.001022,1861,8.1743675267251e-8,0.14464314456249316,0.9130679139639047,0.9646451109679121
L48T16beta4.18ms0.037265m0.001022,1862,8.174679268144437e-8,0.14464866073962074,0.9131027351395515,0.9646818991151376
L48T16beta4.18ms0.037265m0.001022,1863,8.143343213164228e-8,0.14409417802084132,0.9096025320646232,0.9609839772716613
L48T16beta4.18ms0.037265m0.001022,1864,8.193477518486034e-8,0.1449812905159052,0.9152024791465904,0.9669002530400728
L48T16beta4.18ms0.037265m0.001022,1865,8.150607259401085e-8,0.14422271328506958,0.9104139180859564,0.9618411967036626
L48T16beta4.18ms0.037265m0.001022,1866,8.194038697638375e-8,0.1449912204238757,0.9152651622442506,0.9669664769679684
L48T16beta4.18ms0.037265m0.001022,1867,8.193428945043856e-8,0.1449804310224464,0.9151970535462147,0.9668945209594724
L48T16beta4.18ms0.037265m0.001022,1868,8.19213064123329e-8,0.1449574579000435,0.9150520344302856,0.9667413100328387
L48T16beta4.18ms0.037265m0.001022,1869,8.19549425950066e-8,0.14501697618347154,0.915427746912593,0.9671382456864135
L48T16beta4.18ms0.037265m0.001022,1870,8.194734301418284e-8,0.14500352893799212,0.9153428604258151,0.9670485641488136
L48T16beta4.18ms0.037265m0.001022,1871,8.194415341656761e-8,0.1449978850343207,0.9153072329692393,0.9670109241756237
L48T16beta4.18ms0.037265m0.001022,1872,8.195214965690727e-8,0.14501203415770703,0.9153965500994347,0.967105286633937
L48T16beta4.18ms0.037265m0.001022,1873,8.195319620146135e-8,0.14501388598899223,0.9154082398876628,0.9671176367525756
L48T16beta4.18ms0.037265m0.001022,1874,8.195260263294561e-8,0.14501283568612355,0.9154016097922495,0.9671106321376637
L48T16beta4.18ms0.037265m0.001022,1875,8.194575640733208e-8,0.1450007214815947,0.9153251382007895,0.9670298408342988
L48T16beta4.18ms0.037265m0.001022,1876,8.193638290485423e-8,0.14498413533141824,0.9152204372031159,0.9669192255076897
L48T16beta4.18ms0.037265m0.001022,1877,8.188933319528277e-8,0.1449008821877234,0.9146948970921464,0.9663639987924464
L48T16beta4.18ms0.037265m0.001022,1878,8.192388847264836e-8,0.14496202678347403,0.9150808757616579,0.966771780547547
L48T16beta4.18ms0.037265m0.001022,1879,8.195012133021106e-8,0.14500844509041122,0.915373893912038,0.9670813506483755
L48T16beta4.18ms0.037265m0.001022,1880,8.194010846111153e-8,0.14499072759889994,0.9152620512591157,0.96696319025013
L48T16beta4.18ms0.037265m0.001022,1881,8.19424263363181e-8,0.14499482901417746,0.9152879416717107,0.9669905431551534
L48T16beta4.18ms0.037265m0.001022,1882,8.194950336826792e-8,0.14500735162405576,0.915366991344708,0.967074058170208
L48T16beta4.18ms0.037265m0.001022,1883,8.194375796585306e-8,0.14499718529535394,0.9153028158280009,0.9670062575197979
L48T16beta4.18ms0.037265m0.001022,1884,8.194240538839118e-8,0.1449947919474073,0.9152877076856577,0.9669902959517432
L48T16beta4.18ms0.037265m0.001022,1885,8.195324023028805e-8,0.14501396389676827,0.9154087316848425,0.9671181563302956
L48T16beta4.18ms0.037265m0.001022,1886,8.190334736909225e-8,0.1449256798758824,0.9148514338811311,0.9665293780001388
L48T16beta4.18ms0.037265m0.001022,1887,8.194597289129361e-8,0.14500110454390308,0.915327556302967,0.9670323955297466
L48T16beta4.18ms0.037265m0.001022,1888,8.1952864519627e-8,0.14501329908727342,0.9154045350378429,0.9671137226239429
L48T16beta4.18ms0.037265m0.001022,1889,8.190766331008454e-8,0.1449333168126219,0.9148996424700614,0.9665803097861616
L48T16beta4.18ms0.037265m0.001022,1890,8.189496581202122e-8,0.14491084894532882,0.9147578128051812,0.9664304684756474
L48T16beta4.18ms0.037265m0.001022,1891,8.192079214498763e-8,0.14495654791837556,0.9150462901202747,0.9667352412393972
L48T16beta4.18ms0.037265m0.001022,1892,8.193245654949125e-8,0.14497718775554136,0.9151765802430631,0.9668728911644829
L48T16beta4.18ms0.037265m0.001022,1893,8.195252300517099e-8,0.1450126947870059,0.9154007203587143,0.9671096924619855
L48T16beta4.18ms0.037265m0.001022,1894,8.194288159304358e-8,0.14499563457820602,0.9152930268395514,0.9669959155729342
L48T16beta4.18ms0.037265m0.001022,1895,8.189750657236204e-8,0.1449153447496106,0.914786192820353,0.9664604516154183
L48T16beta4.18ms0.037265m0.001022,1896,8.189908493497114e-8,0.14491813761805325,0.9148038229581006,0.9664790776408473
L48T16beta4.18ms0.037265m0.001022,1897,8.194009942602411e-8,0.14499071161156574,0.9152619503381773,0.9669630836283898
L48T16beta4.18ms0.037265m0.001022,1898,8.193899052143877e-8,0.1449887494359513,0.9152495639952192,0.9669499976081775
L48T16beta4.18ms0.037265m0.001022,1899,8.19107225842334e-8,0.14493873011256864,0.9149338142277688,0.9666164118312576
L48T16beta4.18ms0.037265m0.001022,1900,8.192421170636964e-8,0.1449625987364933,0.9150844862469785,0.9667755949812374
L48T16beta4.18ms0.037265m0.001022,1901,8.194956546544908e-8,0.14500746150327912,0.9153676849634312,0.9670747909699263
L48T16beta4.18ms0.037265m0.001022,1902,8.187033421974753e-8,0.1448672640324851,0.914482680612979,0.9661397946714113
L48T16beta4.18ms0.037265m0.001022,1903,8.194060027782322e-8,0.1449915978548004,0.9152675447980045,0.9669689941069406
L48T16beta4.18ms0.037265m0.001022,1904,8.193854354605044e-8,0.14498795852551696,0.9152445713290089,0.9669447229172408
L48T16beta4.18ms0.037265m0.001022,1905,8.193082540831607e-8,0.14497430149690385,0.9151583605745036,0.9668536423069438
L48T16beta4.18ms0.037265m0.001022,1906,8.19449844451654e-8,0.1449993555161557,0.9153165154678027,0.9670207310221022
L48T16beta4.18ms0.037265m0.001022,1907,8.195275953889916e-8,0.145013113326815,0.9154033624145927,0.9671124837617859
L48T16beta4.18ms0.037265m0.001022,1908,8.189953990757911e-8,0.14491894267934383,0.9148089049523799,0.966484446705799
L48T16beta4.18ms0.037265m0.001022,1909,8.193800924601303e-8,0.14498701309656115,0.9152386032560174,0.9669384177209402
L48T16beta4.18ms0.037265m0.001022,1910,8.195139872668736e-8,0.14501070540770894,0.9153881622909934,0.9670964250166566
L48T16beta4.18ms0.037265m0.001022,1911,8.19239926209262e-8,0.14496221107093551,0.9150820390865325,0.9667730095860836
L48T16beta4.18ms0.037265m0.001022,1912,8.195293603352342e-8,0.14501342562911074,0.9154053338402458,0.9671145665489356
L48T16beta4.18ms0.037265m0.001022,1913,8.189322283849262e-8,0.14490776480247322,0.914738343981463,0.9664098999009239
L48T16beta4.18ms0.037265m0.001022,1914,8.187422821193147e-8,0.1448741543426228,0.9145261760798608,0.9661857471014935
L48T16beta4.18ms0.037265m0.001022,1915,8.189681230548369e-8,0.14491411626380885,0.9147784379352407,0.9664522586739127
L48T16beta4.18ms0.037265m0.001022,1916,8.192393673107204e-8,0.1449621121754035,0.9150814148029732,0.9667723500381199
L48T16beta4.18ms0.037265m0.001022,1917,8.193721925307304e-8,0.14498561522617365,0.9152297791212644,0.9669290951302351
L48T16beta4.18ms0.037265m0.001022,1918,8.194997011207105e-8,0.14500817751414657,0.91537220482195,0.9670795661453057
L48T16beta4.18ms0.037265m0.001022,1919,8.191111441996485e-8,0.14493942345492405,0.9149381909900415,0.9666210358271988
L48T16beta4.18ms0.037265m0.001022,1920,8.194734421114013e-8,0.14500353105597455,0.9153428737956971,0.9670485782739308
L48T16beta4.18ms0.037265m0.001022,1921,8.191102127176498e-8,0.14493925863179252,0.9149371505348348,0.9666199365989674
L48T16beta4.18ms0.037265m0.001022,1922,8.189807478053727e-8,0.14491635017806687,0.914792539643536,0.966467156956675
L48T16beta4.18ms0.037265m0.001022,1923,8.186810871991802e-8,0.1448633260728508,0.9144578220232444,0.9661135318746508
L48T16beta4.18ms0.037265m0.001022,1924,8.189796498376613e-8,0.14491615589575463,0.9147913132256087,0.966465861261098
L48T16beta4.18ms0.037265m0.001022,1925,8.187225065237423e-8,0.14487065510635794,0.914504086955855,0.9661624102114859
L48T16beta4.18ms0.037265m0.001022,1926,8.189473334354912e-8,0.14491043759887653,0.9147552161577686,0.9664277251493371
L48T16beta4.18ms0.037265m0.001022,1927,8.193764393943173e-8,0.14498636669679413,0.9152345228214508,0.9669341067916052
L48T16beta4.18ms0.037265m0.001022,1928,8.195321863424317e-8,0.14501392568317154,0.9154084904593828,0.9671179014785405
L48T16beta4.18ms0.037265m0.001022,1929,8.193712677300905e-8,0.14498545158528986,0.9152287461290624,0.966928003786577
L48T16beta4.18ms0.037265m0.001022,1930,8.194465391304466e-8,0.14499877064882294,0.9153128234601581,0.967016830461071
L48T16beta4.18ms0.037265m0.001022,1931,8.194258171798747e-8,0.14499510395769072,0.9152896772679664,0.966992376791422
L48T16beta4.18ms0.037265m0.001022,1932,8.19041287921963e-8,0.14492706258218518,0.9148601622917537,0.9665385994594683
L48T16beta4.18ms0.037265m0.001022,1933,8.194750425351142e-8,0.14500381424646935,0.9153446614514836,0.9670504669104584
L48T16beta4.18ms0.037265m0.001022,1934,8.194827679202007e-8,0.14500518123172934,0.9153532906221473,0.967059583523982
L48T16beta4.18ms0.037265m0.001022,1935,8.194821361702241e-8,0.1450050694453399,0.9153525849643316,0.9670588380051093
L48T16beta4.18ms0.037265m0.001022,1936,8.189020026459598e-8,0.14490241644259516,0.9147045821615597,0.9663742309501163
L48T16beta4.18ms0.037265m0.001022,1937,8.193670560335974e-8,0.14498470633738816,0.915224041710135,0.9669230336253778
L48T16beta4.18ms0.037265m0.001022,1938,8.19487633059326e-8,0.14500604210447518,0.9153587249293493,0.9670653248032381
L48T16beta4.18ms0.037265m0.001022,1939,8.180591696281798e-8,0.14475327950003147,0.9137631468971821,0.9653796160795399
L48T16beta4.18ms0.037265m0.001022,1940,8.194913705829721e-8,0.14500670344881927,0.9153628997023917,0.967069735400022
L48T16beta4.18ms0.037265m0.001022,1941,8.193406163190617e-8,0.14498002790393227,0.9151945088381201,0.9668918325064179
L48T16beta4.18ms0.037265m0.001022,1942,8.194578007686385e-8,0.14500076336416845,0.9153254025868712,0.9670301201549684
L48T16beta4.18ms0.037265m0.001022,1943,8.19533605827048e-8,0.14501417685699983,0.9154100760081769,0.9671195765914966
L48T16beta4.18ms0.037265m0.001022,1944,8.192736002269948e-8,0.1449681695940861,0.9151196525961106,0.9668127478000389
L48T16beta4.18ms0.037265m0.001022,1945,8.19540269871032e-8,0.14501535604092347,0.9154175196724348,0.9671274407319667
L48T16beta4.18ms0.037265m0.001022,1946,8.194069786413925e-8,0.1449917705310542,0.9152686348264835,0.9669701457087293
L48T16beta4.18ms0.037265m0.001022,1947,8.192499083255253e-8,0.1449639773784584,0.915093189001243,0.9667847893349376
L48T16beta4.18ms0.037265m0.001022,1948,8.190379056117203e-8,0.1449264640918582,0.9148563842881986,0.9665346080448068
L48T16beta4.18ms0.037265m0.001022,1949,8.194682631276929e-8,0.1450026146493085,0.9153370889275276,0.9670424666312895
L48T16beta4.18ms0.037265m0.001022,1950,8.194992630729187e-8,0.14500810000281636,0.9153717155273566,0.9670790492115375
L48T16beta4.18ms0.037265m0.001022,1951,8.194041901847007e-8,0.14499127712145027,0.9152655201508508,0.9669668550919249
L48T16beta4.18ms0.037265m0.001022,1952,8.195374749559363e-8,0.14501486148852305,0.9154143977828357,0.9671241424936947
L48T16beta4.18ms0.037265m0.001022,1953,8.188542908632916e-8,0.14489397397624504,0.9146512886220536,0.9663179269758505
L48T16beta4.18ms0.037265m0.001022,1954,8.189070587737776e-8,0.1449033111102554,0.9147102298010428,0.9663801976123245
L48T16beta4.18ms0.037265m0.001022,1955,8.187127228704802e-8,0.14486892391630743,0.9144931587221465,0.9661508646659058
L48T16beta4.18ms0.037265m0.001022,1956,8.18624954830916e-8,0.14485339360745705,0.9143951227817076,0.9660472908909464
L48T16beta4.18ms0.037265m0.001022,1957,8.18862684321656e-8,0.1448954591752009,0.9146606640232631,0.9663278319728411
L48T16beta4.18ms0.037265m0.001022,1958,8.193525527535474e-8,0.1449821400225925,0.9152078417049143,0.9669059185175146
L48T16beta4.18ms0.037265m0.001022,1959,8.195314798961178e-8,0.14501380067947434,0.9154077013665751,0.9671170678116168
L48T16beta4.18ms0.037265m0.001022,1960,8.19181809830405e-8,0.14495192754042263,0.915017123726859,0.966704427300606
L48T16beta4.18ms0.037265m0.001022,1961,8.194897363887661e-8,0.14500641428273026,0.9153610743253336,0.9670678069114311
L48T16beta4.18ms0.037265m0.001022,1962,8.192599373400716e-8,0.14496575198450112,0.9151043913008229,0.966796624427767
L48T16beta4.18ms0.037265m0.001022,1963,8.192969523172963e-8,0.1449723016810791,0.9151457366256195,0.9668403052589697
L48T16beta4.18ms0.037265m0.001022,1964,8.194786380044041e-8,0.1450044504546929,0.9153486775513636,0.9670547098709821
L48T16beta4.18ms0.037265m0.001022,1965,8.19452811809174e-8,0.14499988058176028,0.9153198299737041,0.9670242327571476
L48T16beta4.18ms0.037265m0.001022,1966,8.191496249360408e-8,0.1449462325134826,0.9149811735518001,0.9666664463792763
L48T16beta4.18ms0.037265m0.001022,1967,8.194976913244083e-8,0.14500782188631833,0.9153699599014578,0.9670771944141954
L48T16beta4.18ms0.037265m0.001022,1968,8.1893718158967e-8,0.14490864125818365,0.914743876656998,0.9664157451051235
L48T16beta4.18ms0.037265m0.001022,1969,8.189772553605668e-8,0.14491573219973727,0.914788638620878,0.9664630355738323
L48T16beta4.18ms0.037265m0.001022,1970,8.188824900243316e-8,0.1448989637388334,0.9146827867765739,0.9663512043917993
L48T16beta4.18ms0.037265m0.001022,1971,8.190631435856127e-8,0.14493092988067213,0.914884574829056,0.9665643910072764
L48T16beta4.18ms0.037265m0.001022,1972,8.191416775778876e-8,0.14494482625070998,0.9149722964396483,0.9666570678185955
L48T16beta4.18ms0.037265m0.001022,1973,8.185739916634526e-8,0.1448443758176713,0.9143381974809396,0.9659871500052177
L48T16beta4.18ms0.037265m0.001022,1974,8.191179367515748e-8,0.14494062537796826,0.9149457781962658,0.966629051618005
L48T16beta4.18ms0.037265m0.001022,1975,8.190916011734254e-8,0.14493596537115433,0.9149163616434556,0.9665979733888658
L48T16beta4.18ms0.037265m0.001022,1976,8.195401302522238e-8,0.1450153313357663,0.9154173637197529,0.9671272759698609
L48T16beta4.18ms0.037265m0.001022,1977,8.195167408884417e-8,0.14501119265333529,0.915391238056174,0.9670996745250431
L48T16beta4.18ms0.037265m0.001022,1978,8.190122686250857e-8,0.14492192769885676,0.9148277480544713,0.9665043542132582
L48T16beta4.18ms0.037265m0.001022,1979,8.195420012253867e-8,0.14501566239922875,0.9154194535763165,0.9671294838778225
L48T16beta4.18ms0.037265m0.001022,1980,8.18836634529418e-8,0.14489084973740385,0.914631566690191,0.9662970909954605
L48T16beta4.18ms0.037265m0.001022,1981,8.195243560565075e-8,0.14501254013600204,0.9153997441156305,0.9671086610730785
L48T16beta4.18ms0.037265m0.001022,1982,8.193077813528742e-8,0.14497421784860332,0.9151578325399432,0.9668530844448732
L48T16beta4.18ms0.037265m0.001022,1983,8.19488688218021e-8,0.1450062288118518,0.9153599035300732,0.9670665699805231
L48T16beta4.18ms0.037265m0.001022,1984,8.193793832228692e-8,0.14498688759901368,0.9152378110457523,0.9669375807604609
L48T16beta4.18ms0.037265m0.001022,1985,8.195348657943942e-8,0.14501439980469383,0.9154114833779247,0.9671210634604641
L48T16beta4.18ms0.037265m0.001022,1986,8.19290702382402e-8,0.14497119577259937,0.9151387555166863,0.9668329298025568
L48T16beta4.18ms0.037265m0.001022,1987,8.190010708909069e-8,0.1449199462911475,0.9148152403078422,0.9664911399315488
L48T16beta4.18ms0.037265m0.001022,1988,8.193201746499674e-8,0.1449764108078227,0.915171675717274,0.9668677095928256
L48T16beta4.18ms0.037265m0.001022,1989,8.177948887421744e-8,0.14470651573723928,0.913467948037458,0.9650677420858959
L48T16beta4.18ms0.037265m0.001022,1990,8.19236114809289e-8,0.14496153665438222,0.9150777817944409,0.966768511808931
L48T16beta4.18ms0.037265m0.001022,1991,8.194559467598324e-8,0.14500043530250142,0.9153233316793086,0.9670279322663952
L48T16beta4.18ms0.037265m0.001022,1992,8.188455979300951e-8,0.14489243578605612,0.9146415787107314,0.966307668573007
L48T16beta4.18ms0.037265m0.001022,1993,8.189306326599529e-8,0.1449074824434072,0.9147365615741173,0.9664080168093099
L48T16beta4.18ms0.037265m0.001022,1994,8.19296622038113e-8,0.1449722432391024,0.9151453677073833,0.9668399155013543
L48T16beta4.18ms0.037265m0.001022,1995,8.19341515182512e-8,0.144980186955303,0.915195512858765,0.9668928932419794
L48T16beta4.18ms0.037265m0.001022,1996,8.19430009834164e-8,0.1449958458361278,0.9152943604169604,0.9669973244811961
L48T16beta4.18ms0.037265m0.001022,1997,8.194502980444994e-8,0.14499943577813965,0.9153170221260509,0.9670212663003599
L48T16beta4.18ms0.037265m0.001022,1998,8.195117936869868e-8,0.14501031725989,0.915385712086247,0.9670938364052364
L48T16beta4.18ms0.037265m0.001022,1999,8.195052678934526e-8,0.14500916253899632,0.9153784228462296,0.9670861354120923
L48T16beta4.18ms0.037265m0.001022,2000,8.195232588362464e-8,0.14501234598594906,0.9153985185325971,0.9671073662595567
L48T16beta4.18ms0.037265m0.001022,2001,8.195213449046842e-8,0.14501200732111813,0.9153963806919712,0.9671051076570187
L48T16beta4.18ms0.037265m0.001022,2002,8.19001431378526e-8,0.1449200100784223,0.9148156429685708,0.9664915653376956
L48T16beta4.18ms0.037265m0.001022,2003,8.191191008461596e-8,0.14494083136124558,0.9149470784771875,0.9666304253489344
L48T16beta4.18ms0.037265m0.001022,2004,8.194542889707105e-8,0.1450001419613581,0.9153214799469874,0.9670259759337905
L48T16beta4.18ms0.037265m0.001022,2005,8.188760371880543e-8,0.1448978219275221,0.9146755790290148,0.9663435894944432
L48T16beta4.18ms0.037265m0.001022,2006,8.189361608684495e-8,0.1449084606444217,0.9147427365225564,0.9664145405669966
L48T16beta4.18ms0.037265m0.001022,2007,8.189525881001312e-8,0.14491136739707156,0.9147610855607111,0.9664339261019346
L48T16beta4.18ms0.037265m0.001022,2008,8.189204083839569e-8,0.1449056732863977,0.9147251411696334,0.9663959512913104
L48T16beta4.18ms0.037265m0.001022,2009,8.191040137561681e-8,0.14493816174291543,0.9149302263626461,0.9666126212955303
L48T16beta4.18ms0.037265m0.001022,2010,8.19507661865672e-8,0.14500958614567744,0.9153810968870203,0.9670889605035624
L48T16beta4.18ms0.037265m0.001022,2011,8.185327919083805e-8,0.1448370856363706,0.9142921778050485,0.9659385307791144
L48T16beta4.18ms0.037265m0.001022,2012,8.187882296949216e-8,0.1448822846374732,0.9145774990193712,0.9662399691609068
L48T16beta4.18ms0.037265m0.001022,2013,8.143390447935694e-8,0.14409501382689668,0.9096078081369442,0.9609895513776963
L48T16beta4.18ms0.037265m0.001022,2014,8.183535549457209e-8,0.14480537015769146,0.9140919720777358,0.9657270158708734
L48T16beta4.18ms0.037265m0.001022,2015,8.191908769686396e-8,0.14495353194514526,0.9150272516211169,0.9667151272973213
L48T16beta4.18ms0.037265m0.001022,2016,8.189090724821386e-8,0.14490366743031147,0.9147124790912619,0.9663825739599979
L48T16beta4.18ms0.037265m0.001022,2017,8.185145382919527e-8,0.1448338557100538,0.914271788715104,0.9659169899543507
L48T16beta4.18ms0.037265m0.001022,2018,8.18820012939442e-8,0.144887908593598,0.9146130005559469,0.9662774761011528
L48T16beta4.18ms0.037265m0.001022,2019,8.191699264063413e-8,0.14494982480180815,0.9150038500721266,0.9666904038463302
L48T16beta4.18ms0.037265m0.001022,2020,8.192921482591239e-8,0.14497145161643685,0.9151403705451738,0.9668346360604492
L48T16beta4.18ms0.037265m0.001022,2021,8.191586890560345e-8,0.14494783638413594,0.9149912980747158,0.9666771428142097
L48T16beta4.18ms0.037265m0.001022,2022,8.195053707207748e-8,0.1450091807340031,0.9153785377032241,0.9670862567571057
L48T16beta4.18ms0.037265m0.001022,2023,8.17744352894496e-8,0.14469757356049295,0.9134115000482169,0.9650081054739719
L48T16beta4.18ms0.037265m0.001022,2024,8.19519326985065e-8,0.1450116502558917,0.9153941266978227,0.9671027263397013
L48T16beta4.18ms0.037265m0.001022,2025,8.184230498260675e-8,0.14481766708218313,0.914169597099148,0.96580902575891
L48T16beta4.18ms0.037265m0.001022,2026,8.193995097148864e-8,0.14499044892542196,0.9152602921172499,0.9669613317382116
L48T16beta4.18ms0.037265m0.001022,2027,8.192443918402557e-8,0.1449630012518361,0.9150870271475204,0.9667782794116591
L48T16beta4.18ms0.037265m0.001022,2028,8.195044966495522e-8,0.14500902606954766,0.9153775613752266,0.9670852252784883
