-0.06759143391413526,-0.06758781218435803,-0.06758887360733812,-0.06758536438526963,-0.06758549040814497,-0.0675883087710685,-0.06758642548097471,-0.06758828399786942,-0.0675879871020841,-0.06758811784797673,-0.06759924687684778,-0.06759635419234421,-0.06759141552900738,-0.06758876328109356,-0.06758792716716637,-0.06758817868342953,-0.06758760114451064,-0.06758559799382903,-0.06759020118813151,-0.06758963055681338,-0.0675966079903813,-0.06758513731471646,-0.06758738091276055,-0.06758945946343313,-0.06758940741033503,-0.06758778484121893,-0.06758840846972343,-0.06759048827517752,-0.0675914050699421,-0.06758883579758385,-0.06758766904439596,-0.06758769475771648,-0.06758936772090257,-0.06759124136229187,-0.06758392456552337,-0.06758858311946696,-0.06758945444821268,-0.06759287605345955,-0.06759578781751115,-0.06758783013090429,-0.0675964379420298,-0.06759826807029663,-0.06758618843676646,-0.06759087845821127,-0.06759012119947713,-0.06758844804352951,-0.06758918033019477,-0.06759294928333007,-0.0675854104144171,-0.06758748205759184,-0.06759889103735843,-0.06758889490667493,-0.06758854429724291,-0.06758592745805812,-0.06758981324907526,-0.06758353955655669,-0.06759871083571882,-0.06758778299266414,-0.06758870439359231,-0.06759035886836792,-0.06758573143521507,-0.06758729872140264,-0.06758259316460868,-0.06758885370614069,-0.06758820769907689,-0.06759065204913065,-0.06758861585152207,-0.06758894372879275,-0.0675887452642229,-0.06758542984670249,-0.06758650607324322,-0.06759480144261132,-0.06758443825608512,-0.06759347939832212,-0.06758738321218209,-0.06759191353932019,-0.06759145463668656,-0.06759287873188968,-0.06758696447823383,-0.06758684802736388,-0.0675893666679203,-0.06759477272257365,-0.06758517454975373,-0.06758427316802597,-0.06758807577922067,-0.06759145851071678,-0.06758636566852966,-0.06759717364822403,-0.06758937946088271,-0.06759305765285707,-0.06759810071565689,-0.06759430298043095,-0.06759085687013233,-0.06758554612357474,-0.06758768576671693,-0.06758855120978569,-0.06758700666913524,-0.06758774716357235,-0.06758376698355643
-0.04600579406167933,-0.046004223479230444,-0.04600590548437781,-0.04600453972998979,-0.046001094107036566,-0.046005644632064704,-0.04600269717358489,-0.046002489896133814,-0.046003852364891296,-0.04600669576468462,-0.04600979974605249,-0.0460103596365678,-0.04600542948933123,-0.04600556364280209,-0.046008189187261246,-0.04600492098151883,-0.04600382014870001,-0.046001668200763554,-0.04600766158001305,-0.04600345328797359,-0.046007560081748014,-0.04600285727200673,-0.04600580386700128,-0.046005711903556276,-0.04600538698419538,-0.046003391721398286,-0.04600066758238252,-0.04600359589261161,-0.04600291439285151,-0.04600515932555568,-0.04600486356009566,-0.04600148612464662,-0.04600687456546408,-0.04600465350377452,-0.046007476753348,-0.04600381075081571,-0.04600737212225374,-0.046005113974130374,-0.04600459809354629,-0.04600602004466557,-0.0460067438408979,-0.046008559952850955,-0.04600491495987635,-0.04600375866640386,-0.046004182730664714,-0.04600686027759897,-0.046004051420947704,-0.04600573057028112,-0.04600367552467145,-0.04600478775632997,-0.04601281752569657,-0.04600322446287598,-0.046002663177309985,-0.04600560072025333,-0.04600313588401232,-0.04600547019534981,-0.04600896897843519,-0.046003046168009,-0.046003907932310656,-0.046004556958654755,-0.04600334993642165,-0.04600428844629752,-0.04600087058880051,-0.046003123833572815,-0.046003737832621516,-0.04600447365864036,-0.046004865692433616,-0.046005273151994514,-0.046003551156568935,-0.04600422107931667,-0.04600106898501198,-0.04600729919471076,-0.046003803954955305,-0.046006480336004144,-0.04600467585602484,-0.04600794478646046,-0.046006530659230806,-0.04600699095146383,-0.04600290387396681,-0.04600269490620766,-0.04600395668423832,-0.04600608725148478,-0.04600361545836332,-0.046006288716990855,-0.046005616955365695,-0.0460045485739226,-0.04600167400644607,-0.04600664159687457,-0.046004102084175845,-0.04600891172559634,-0.04600757655213226,-0.046009188007480446,-0.04600599606086858,-0.04600473289287521,-0.04600790623250048,-0.04600573390129467,-0.04600593141114788,-0.046004335484429254,-0.04600414125062864
-0.00863729854827127,-0.008637474981644475,-0.008636565485079361,-0.008635267823128791,-0.008635720731539379,-0.008637490897284602,-0.008635962005730025,-0.008636203550047683,-0.00863595365879613,-0.008638393956343186,-0.00863849065597115,-0.008638062771958582,-0.008636266413052762,-0.008637844570341302,-0.008637095699273522,-0.008637050959598734,-0.008635924718126322,-0.008636351538358001,-0.008636627760599012,-0.008636214142393784,-0.00863679785846051,-0.008635941320961493,-0.008637757037481968,-0.008636858095967112,-0.008635963187402274,-0.00863559916171644,-0.008634487566168844,-0.008635508210844335,-0.008635668547627425,-0.008637618745524139,-0.00863646954558808,-0.008635860545470924,-0.008637099406418977,-0.008636372159296031,-0.008636662788173865,-0.008635485460136049,-0.008637207647629819,-0.00863740464725016,-0.008635034819314831,-0.008637006399528765,-0.008636014426707235,-0.00863683047057921,-0.00863705998797279,-0.008636145031451811,-0.008636167647002072,-0.008637644291056663,-0.008634601921508021,-0.008636011383039335,-0.008636862765870446,-0.008637187909997766,-0.008637418836877755,-0.008636534895185653,-0.008635578417794994,-0.008637749557036454,-0.008635561971508627,-0.008637490285923491,-0.00863834862900099,-0.008636248871348232,-0.008636942117215364,-0.008635941327603976,-0.008636772708641213,-0.00863773304802524,-0.008635819934607693,-0.008636388795194981,-0.00863483924341181,-0.008635941873459042,-0.008636402002830276,-0.008636764802652894,-0.008636556818418739,-0.00863592767430418,-0.008634602644913527,-0.008636987022019212,-0.008636584036038904,-0.008636543113296796,-0.008636950394732872,-0.008636906104433406,-0.008636548695608398,-0.008635814551893852,-0.008636404422576668,-0.008635307680091825,-0.008636314028342446,-0.008636571407782402,-0.008637388440502675,-0.008637314079762818,-0.008637572998182496,-0.008635662631039324,-0.008635441158044758,-0.00863435060492855,-0.008636200886493597,-0.008638143256260873,-0.008636941427180102,-0.008637579592685561,-0.008635951523794948,-0.008636003906894806,-0.008637016735101305,-0.008636125027002626,-0.008636672169818504,-0.008636787042218685,-0.008635855296067892
-0.002520863649968351,-0.0025212114322724416,-0.002520617507638372,-0.0025198900503787137,-0.002520699293140595,-0.002520859543840018,-0.0025205533395489307,-0.002520768880128016,-0.002519796640902538,-0.002521972536705881,-0.002521559186759738,-0.0025207092234358647,-0.0025208172831233406,-0.002522001034747727,-0.0025206294387297296,-0.002521272122211228,-0.002520353939870349,-0.002521082585205252,-0.002520018857459546,-0.002520876339600664,-0.002520270221768622,-0.0025209332713902657,-0.0025211264657332933,-0.0025208438744849593,-0.0025197280137098706,-0.0025205218942819414,-0.0025200496065059808,-0.0025203544711254293,-0.002520405349835125,-0.0025216200552530777,-0.002520782807277323,-0.0025211800161158964,-0.0025212476621754134,-0.0025202778477770495,-0.002520139370293405,-0.0025201660468968912,-0.0025208394560763212,-0.0025211557971944708,-0.0025198739154097477,-0.002520991477487573,-0.0025201187255082676,-0.0025205812654903017,-0.002520695472222759,-0.0025203012445633357,-0.0025209591255903737,-0.0025213301763236267,-0.002519494864794111,-0.0025208756552090785,-0.0025210693911471927,-0.0025212850944959612,-0.0025207612942799115,-0.00252076372779292,-0.002520397682282728,-0.0025216043029908314,-0.0025200819788759776,-0.002521051093882845,-0.002521643864608375,-0.0025203012886671817,-0.0025212115261877446,-0.0025204065068986153,-0.002521123569929889,-0.0025215397540425456,-0.002520705966480223,-0.0025208606008304524,-0.0025191246868926107,-0.002520582331239569,-0.002520674657614944,-0.002521517642000058,-0.0025212660806012525,-0.0025206520255954745,-0.002519855225029858,-0.0025203933724380076,-0.0025214662414217454,-0.002520225879545546,-0.0025208987517948535,-0.0025206860716719807,-0.0025201041172175274,-0.002520232397220987,-0.0025211712848813945,-0.0025201919170619877,-0.002520326092149035,-0.0025205302764297784,-0.0025215924799643886,-0.0025210728430799306,-0.0025209968287014323,-0.0025204365672337175,-0.00252056440778409,-0.0025180918580597757,-0.002520734632800248,-0.0025213968051260105,-0.0025203701321401695,-0.002521171499267279,-0.0025195983496807545,-0.002520351047776935,-0.0025206721992693205,-0.0025205166505224167,-0.0025205980292586283,-0.0025205701346684966,-0.002520428171038448
-0.001029666747432921,-0.001029868275013821,-0.0010294806710019963,-0.001029345773094838,-0.001029837590382976,-0.0010297636223108384,-0.0010294948702141756,-0.0010299021758070049,-0.0010287217663481486,-0.0010304292711264978,-0.001029984042449397,-0.0010294659558074595,-0.0010299664756914999,-0.0010306731200227922,-0.0010292600601648273,-0.001030186801446596,-0.0010294046850787037,-0.0010301369684040619,-0.0010286086842474066,-0.0010298674191122148,-0.0010292478762506164,-0.0010299165536795164,-0.001029688559549925,-0.0010299044937329164,-0.001029028009884775,-0.0010296791984909228,-0.001029636729766315,-0.0010297195126470569,-0.001029813976889344,-0.0010304451342859487,-0.001029953741999727,-0.0010300388773259754,-0.0010302153978321387,-0.0010293664023339937,-0.001029033453066662,-0.0010295480310839966,-0.0010297628726538845,-0.0010299675664297253,-0.0010295606795366677,-0.0010299126440036757,-0.001029108846674173,-0.0010294477557151382,-0.001029446345508902,-0.0010296253931857823,-0.0010300442519505424,-0.0010300326329268352,-0.0010289289393837352,-0.0010301664415964624,-0.0010299572186474653,-0.0010300629263878711,-0.0010295674291928348,-0.0010298395218110246,-0.0010297673617702208,-0.001030230193385196,-0.0010294541575905816,-0.0010296576633101063,-0.0010302914403776903,-0.0010293701438586628,-0.0010298985661290265,-0.0010294950788079047,-0.0010299896473840646,-0.0010301248542567035,-0.0010300831460276793,-0.001029751759274593,-0.001028338602970511,-0.001029767513796522,-0.0010297393758738056,-0.001030324357143913,-0.0010302712584329323,-0.0010297789271453029,-0.0010292849666652154,-0.0010294736948031618,-0.0010305764318015323,-0.0010292224574655622,-0.00102962735072981,-0.001029213682327171,-0.00102917383303448,-0.001029490384962904,-0.001030069656395119,-0.001029383910988491,-0.0010291575245382498,-0.00102961049765171,-0.0010301328212514076,-0.0010300883492117105,-0.0010299290956774013,-0.0010297164032030761,-0.0010300736759435876,-0.001027522246843823,-0.0010300182428721544,-0.0010300631109689336,-0.0010294482328211457,-0.0010299652162269488,-0.0010287523697468434,-0.001029630442620662,-0.0010297008797687979,-0.0010297831432087515,-0.0010296573934701536,-0.0010296585392199605,-0.0010297804036483765
-0.0005204458073899024,-0.000520460895849829,-0.0005202279698614937,-0.0005202420073367753,-0.0005207139655129741,-0.0005207434408835132,-0.0005202963319525522,-0.0005206721999183098,-0.0005196595184965147,-0.0005209121887244224,-0.0005203697852028074,-0.0005202869686716654,-0.0005207456466743404,-0.0005210185147943309,-0.0005199401384747982,-0.0005207142319221288,-0.0005202575472899402,-0.00052081719964683,-0.000519363230081608,-0.0005205083032393237,-0.0005200870238064533,-0.0005206527641253103,-0.0005202084517125732,-0.0005206330541342513,-0.0005202185529010414,-0.0005204828132301817,-0.0005206572873109568,-0.0005205849379131783,-0.0005207681553723487,-0.0005210742844033668,-0.0005207815720696754,-0.0005206236070141926,-0.0005209407384593192,-0.0005201953607013428,-0.0005199162768624557,-0.0005204776418502514,-0.0005205176126203791,-0.0005206500316953188,-0.0005205940062293147,-0.0005205458068428363,-0.0005198175541063332,-0.0005202598323878301,-0.0005202626592947684,-0.0005206129315993072,-0.0005207189842436149,-0.0005205580034725933,-0.0005200331136896311,-0.000520774970587538,-0.0005206213343442148,-0.0005205887300938621,-0.000520323586796691,-0.0005206747831482774,-0.0005206808925083871,-0.000520766463754965,-0.0005204738600458254,-0.0005202970116998716,-0.0005208076646733054,-0.0005204162116434674,-0.0005204648193486268,-0.0005203810448925876,-0.0005206727182581047,-0.0005207077927516367,-0.0005209452243715861,-0.0005204850653000001,-0.000519290676916005,-0.0005205998265716254,-0.0005206957405987063,-0.0005209769196591826,-0.0005209315822994246,-0.0005204852921813926,-0.0005202241542046119,-0.0005204112299549028,-0.0005212085390546708,-0.00052013626009775,-0.0005203018780585065,-0.0005198409867429351,-0.0005201801512008674,-0.0005203371353843622,-0.000520657581214126,-0.0005203017564164515,-0.0005198703588276553,-0.0005205239174135917,-0.0005207050215531781,-0.000520930449295805,-0.0005207415568069397,-0.0005205752178849628,-0.0005209363428633352,-0.0005188323550596029,-0.000520942340505644,-0.000520774445994287,-0.0005203066553427268,-0.0005205860477589881,-0.0005197757732224649,-0.0005204301907199718,-0.0005205238624468813,-0.000520663465436022,-0.0005204611002828778,-0.00052039456233641,-0.0005207551772125685
-0.0002990011851881269,-0.0002989218535609037,-0.00029858311320977705,-0.0002987162830302797,-0.00029924890054382745,-0.00029933207305592755,-0.0002988624510415213,-0.0002990519935521355,-0.0002982765285595144,-0.00029924050799801766,-0.00029862442959572487,-0.00029877181076905755,-0.000299131758802528,-0.0002992163214517458,-0.0002984899682497821,-0.0002989864787031882,-0.00029880551539634704,-0.0002992093273177088,-0.00029797162880137383,-0.0002989167337277543,-0.0002986528578961984,-0.00029901686216428006,-0.0002985514245864661,-0.0002990406018779815,-0.00029892370416305196,-0.0002989773702319592,-0.0002991649988147261,-0.0002990301609451865,-0.0002992162377150662,-0.0002994076626891614,-0.00029922451690438497,-0.00029891881354264266,-0.0002993664591251701,-0.0002987454189979947,-0.00029851941380482875,-0.00029905356207346923,-0.0002990136880428228,-0.000299008951371105,-0.00029901469786145776,-0.0002988358193719171,-0.00029826089091694016,-0.00029879823996585716,-0.0002988018334764927,-0.0002990915379320456,-0.0002990815203419859,-0.00029893552648060603,-0.0002987637825116621,-0.00029899223975219736,-0.0002990358820800338,-0.0002988678546223014,-0.00029886354390078955,-0.00029920195420931624,-0.00029915449128602146,-0.00029911125821929384,-0.00029905625150654076,-0.000298853330645175,-0.0002990633708269874,-0.0002990657311558989,-0.00029885393320611445,-0.0002989420295150005,-0.0002990246893594149,-0.0002990552611432149,-0.0002993611647384209,-0.0002989279829713968,-0.0002979817012854811,-0.00029913038481394416,-0.00029921473882299477,-0.00029934335907884444,-0.00029924837072736537,-0.00029896568092148824,-0.00029883188299180364,-0.0002989792141771205,-0.000299473426417184,-0.00029870902712738766,-0.0002987458924913818,-0.00029838680375672674,-0.00029878062126079846,-0.00029875988489198424,-0.00029903083345434367,-0.00029890070845956483,-0.0002983292183485893,-0.0002990122187018747,-0.00029899016668346863,-0.0002993699582010622,-0.00029918451613106765,-0.0002990462598127714,-0.00029936596102841516,-0.0002978074792364792,-0.0002994173909239869,-0.0002992613085135918,-0.00029878921787391725,-0.00029894914626429447,-0.0002985406633045975,-0.0002988815402225086,-0.0002990283066110227,-0.0002991445359034236,-0.0002989417585198431,-0.00029879188948478977,-0.0002992416301878624
-0.0001854241532116041,-0.00018537281932148436,-0.00018489268709764005,-0.00018513901664437188,-0.00018562499731147162,-0.00018571252714308525,-0.0001853244547930245,-0.0001853296801673115,-0.00018468072358233159,-0.0001855547417805655,-0.00018499684432363145,-0.00018516779298908517,-0.00018543060678095517,-0.0001854438301509207,-0.00018495470379081017,-0.0001852536979429047,-0.00018526730931402367,-0.000185506880709328,-0.00018455837528377682,-0.00018525560979547171,-0.0001851056312429827,-0.00018526495593199847,-0.00018493516815056027,-0.0001853774951350066,-0.00018539820706248137,-0.00018536369731763708,-0.00018548753087436066,-0.00018538504864736306,-0.00018550821263938963,-0.00018567306775322596,-0.00018558305293549997,-0.00018522847483723296,-0.0001856874820002944,-0.00018520433633189377,-0.00018499051334066983,-0.00018550912499251467,-0.0001853259564855357,-0.00018529511770700336,-0.00018537336172703772,-0.00018508047391627998,-0.00018467807444010916,-0.00018516409896705165,-0.00018521351308891526,-0.00018539216493943206,-0.00018537793434422913,-0.00018529295524866894,-0.00018530636233642683,-0.00018522273790287758,-0.0001854041301117724,-0.0001850598459942415,-0.00018528622056904193,-0.00018562914282718108,-0.0001855187934708303,-0.00018542355489944144,-0.0001854948417752808,-0.00018533200209161033,-0.00018525443522863578,-0.00018550405091438845,-0.00018519983476430614,-0.00018532420422265173,-0.00018530291793562083,-0.00018529322239625175,-0.00018563329947102989,-0.00018531283882678717,-0.00018455336917670394,-0.00018553821268147195,-0.00018560809438410397,-0.00018560467274700645,-0.0001854938041999583,-0.00018536468096367437,-0.0001852669433949352,-0.0001853858664749855,-0.00018566609965602504,-0.00018516959658773814,-0.0001851202229524475,-0.000184927746471328,-0.00018518787308364362,-0.00018509300208241757,-0.0001853393579449233,-0.0001853213725194773,-0.00018471491153340265,-0.00018534227929230238,-0.00018527607242972634,-0.00018565049852925486,-0.000185520422296937,-0.00018541034828129823,-0.0001856273445443261,-0.00018458991394162158,-0.00018576614219104878,-0.00018561258572348023,-0.0001851883547948309,-0.000185296677367815,-0.00018518389698025792,-0.00018518761150336304,-0.00018540997382201975,-0.00018548505578958212,-0.0001853108472877065,-0.0001851468857833511,-0.00018561423798759454
-0.00012088880668115983,-0.00012086273266731775,-0.00012036115577597397,-0.00012064791293195331,-0.00012101468460071942,-0.00012102962614205882,-0.00012082466402883789,-0.00012065070620698569,-0.00012013810449532366,-0.00012096869206457497,-0.000120492904354994,-0.00012066244355708397,-0.00012083212441276237,-0.00012074806029702088,-0.0001204753405865049,-0.00012063813945203681,-0.00012075910491466898,-0.00012085952525465115,-0.00012020573711189406,-0.00012065639054482634,-0.00012065583326675196,-0.000120594647011302,-0.00012043732363427908,-0.00012076446794429696,-0.00012084415511870239,-0.00012082205325557153,-0.00012085172106143942,-0.00012077749302845088,-0.00012092029337865915,-0.00012102981647127054,-0.00012099405142209445,-0.00012066218079842715,-0.00012105898767220791,-0.0001207001729082489,-0.0001204829837218573,-0.00012096799589479421,-0.00012067240084101006,-0.00012068597768642,-0.00012077841464770434,-0.00012046265288282005,-0.00012018714322376326,-0.00012056999988074209,-0.00012068067247485562,-0.00012084455710411875,-0.00012075882693477773,-0.00012074274443216523,-0.00012079799310205414,-0.00012060371872637645,-0.00012084348083266311,-0.0001203687729583699,-0.0001207680530244275,-0.00012105222989882095,-0.00012097574021320301,-0.00012082781196826831,-0.00012097021499137494,-0.00012082110786250876,-0.00012055343362973479,-0.00012090018430218687,-0.00012064559613865638,-0.00012071256961101906,-0.00012064494757193484,-0.0001206076457024798,-0.00012096842840481513,-0.00012076654600662331,-0.00012013888435911103,-0.00012096048937454483,-0.0001210520527922007,-0.00012094538494633418,-0.00012083034442183013,-0.00012081503507392356,-0.00012070825109512563,-0.00012083696629000953,-0.00012095706472799509,-0.00012063577544514062,-0.00012056839303928752,-0.00012046105694011255,-0.00012066849954698046,-0.00012050912673490724,-0.00012072543655699653,-0.00012072224630411179,-0.00012015800264124762,-0.00012067066273869318,-0.00012076363042543173,-0.00012102007845010731,-0.00012092117106678665,-0.00012079845099696173,-0.00012088357665824711,-0.0001202736196394027,-0.00012115616093040269,-0.00012098932233087166,-0.00012066695692669095,-0.0001207426021210512,-0.00012085216194162161,-0.00012052578428719412,-0.00012084240143507724,-0.00012089406174323639,-0.00012073475535389735,-0.00012057139947185237,-0.0001210225318151007
-0.00008211794372155774,-0.0000820767122925513,-0.00008162849172260931,-0.0000818925584250737,-0.00008215773002940785,-0.00008209993096326748,-0.00008205941143179,-0.00008183658699419924,-0.00008140639609071,-0.00008215598355860285,-0.00008172441564477801,-0.0000818530211842039,-0.00008200973543216233,-0.00008181711918753187,-0.0000817233356144734,-0.00008181027792197458,-0.00008197441585523134,-0.0000820064452847592,-0.00008155671541145793,-0.00008189116180500697,-0.00008191689908998736,-0.00008172398209125342,-0.000081693144165466,-0.00008194344633837385,-0.00008202884998268742,-0.00008205771963114548,-0.00008202121386751207,-0.00008190531577622167,-0.00008210586989288292,-0.00008217196237379445,-0.00008216901479622216,-0.00008186066746721573,-0.00008219794255810795,-0.00008195702445124374,-0.00008173649131056797,-0.00008213296949246577,-0.00008181484428289331,-0.00008192375319483599,-0.00008190972742861834,-0.00008166284709463262,-0.00008147538706461434,-0.00008178357739583043,-0.0000819114836434305,-0.00008213411673886092,-0.00008188655977448835,-0.00008196371660602598,-0.00008200806123168626,-0.0000817799143714383,-0.00008207411276823877,-0.00008150336163315861,-0.00008202815611767598,-0.00008219613040686961,-0.00008218908495297899,-0.0000820172453814876,-0.00008219015061360248,-0.00008204135713367198,-0.00008166607127433358,-0.00008201321678159672,-0.00008187900390400855,-0.00008189165980942915,-0.00008175947028612204,-0.00008169346880963698,-0.00008209699523802647,-0.00008196722111500423,-0.0000814428035708207,-0.00008212194709313524,-0.0000822178911113804,-0.00008205857219627126,-0.00008197335424689839,-0.00008199202845351065,-0.00008189475414681346,-0.0000820399809412461,-0.00008207733328508545,-0.00008189146216924299,-0.0000817970907454502,-0.00008169147125663026,-0.00008194612988557485,-0.00008171943901348488,-0.00008190457672002592,-0.00008187770681116468,-0.0000814099050791857,-0.00008182338704722651,-0.0000820655085435282,-0.00008218852940739847,-0.0000820841158962438,-0.00008196282403513384,-0.00008192046731086,-0.00008159285450739521,-0.0000822905918516816,-0.0000821267779458626,-0.00008188340059255732,-0.00008195581331133832,-0.00008221892434830422,-0.00008163398606326501,-0.00008203778261773181,-0.00008206347105864504,-0.00008192971067630969,-0.00008181269906387868,-0.00008219722888530968
-0.00005749408794664302,-0.0000574150485942287,-0.0000570320167797188,-0.0000572863794080497,-0.000057458106786628345,-0.00005735106242806039,-0.000057429077823788865,-0.000057326131095910237,-0.000056847465272749154,-0.00005748993860325916,-0.000057080797150718674,-0.00005717880017694666,-0.00005735078359087808,-0.00005705638312764493,-0.00005709504434419535,-0.00005716270530538262,-0.0000573291206097422,-0.00005736258484280049,-0.00005702842830718928,-0.00005731979407530083,-0.00005724880969871828,-0.00005707428899491972,-0.00005709034193050191,-0.00005729911364872105,-0.00005736510496452549,-0.00005739811301344589,-0.00005735435804560314,-0.00005720628678264564,-0.00005743505520737037,-0.000057476898489552734,-0.0000574821328496268,-0.0000572175273495318,-0.00005750135502656105,-0.00005732355090520444,-0.00005713281536471411,-0.00005746594900987284,-0.000057135505207532365,-0.00005729984739417051,-0.000057192949011987176,-0.00005706127078146943,-0.00005690501545533912,-0.00005713858384068634,-0.00005727980543553617,-0.00005759897453884361,-0.000057144646007506536,-0.000057300262354602585,-0.000057353332824189024,-0.000057117897588500266,-0.00005745870705250866,-0.00005685392375959748,-0.00005740599788486203,-0.000057492445164346166,-0.000057515849410359765,-0.000057366078258328806,-0.00005755429910845007,-0.00005737674424762666,-0.000056921350604522485,-0.00005728623463609291,-0.000057253067560060196,-0.000057253346280172894,-0.00005704775850072753,-0.00005698822909091148,-0.00005738769496184072,-0.00005730991902846198,-0.000056834328057132476,-0.00005743543542419165,-0.00005751847790001203,-0.00005733894823548189,-0.0000572963509709076,-0.00005730044620875329,-0.000057247358009324215,-0.00005742360985164484,-0.000057367666819188714,-0.000057313198329581495,-0.00005716375643670511,-0.000057043884066110184,-0.000057358325017250935,-0.000057085298120559895,-0.0000572573876802026,-0.000057206337397998735,-0.00005683522608697649,-0.00005717273986712384,-0.00005747346095340248,-0.00005754188423625649,-0.000057410791611139094,-0.000057290524294519355,-0.000057187710218669906,-0.00005700287104254538,-0.000057609733348830945,-0.000057418374332910174,-0.000057215640878959256,-0.000057297145581240534,-0.000057559945948292566,-0.00005691127161683518,-0.00005737444839245478,-0.00005738204857049825,-0.000057264696335352565,-0.000057241952408931997,-0.00005755518220763967
-0.00004129731335793134,-0.00004120414439642728,-0.00004082373570673682,-0.000041102279665104836,-0.000041206286324622606,-0.00004106638053173549,-0.000041221377968404476,-0.0000412965275696075,-0.00004068367585384342,-0.000041255334374604926,-0.0000408942956198709,-0.000040972643937637194,-0.00004113521607336769,-0.00004076656399831025,-0.00004090576850436324,-0.00004095032741989432,-0.00004112624690992815,-0.000041201215979310365,-0.00004091983824183065,-0.00004119006741377611,-0.00004102827709982815,-0.0000409124282281747,-0.00004095775406487891,-0.00004109553530714378,-0.000041136497417772276,-0.000041120176778148664,-0.00004112509387004384,-0.000040986405649975446,-0.000041247004045249934,-0.00004121831063157564,-0.00004122667025976624,-0.000041018610113390554,-0.000041244923274886205,-0.00004109014384752172,-0.000040943139038821124,-0.0000412501780165667,-0.00004091910615993129,-0.000041092962620247916,-0.000040951080492437715,-0.00004091153254743099,-0.000040772349213046144,-0.000040909035267660616,-0.00004107374735963895,-0.00004142405756880836,-0.00004085018307859469,-0.000041062770366060407,-0.00004113374995415551,-0.00004087519081908623,-0.00004125803943924811,-0.00004070347827059222,-0.00004119701403394129,-0.000041235453011574766,-0.000041272340858133135,-0.00004115759469594094,-0.00004133641335945349,-0.00004112496220170588,-0.000040645081011582596,-0.000040994006509834204,-0.0000410462811148512,-0.000041049910815356384,-0.000040812693738543745,-0.00004081274921501527,-0.000041110313149710594,-0.0000411118037616205,-0.000040606714933993216,-0.000041191022831339323,-0.000041285739052845935,-0.000041092248660637524,-0.000041079775552062964,-0.00004106430896349305,-0.000041053770026085783,-0.000041235159524031985,-0.000041097638549748454,-0.00004115053459877559,-0.000040948827422748835,-0.00004085641775221405,-0.00004113537183263855,-0.0000408706722067096,-0.000041070718169132045,-0.000041005761250894825,-0.00004073437886338541,-0.00004093748803936078,-0.00004126768125999021,-0.000041320395119116845,-0.00004118575489522793,-0.00004106942127072401,-0.000040976951892087094,-0.00004086383920550096,-0.0000413467289040043,-0.000041172096844639734,-0.000040985760366525394,-0.00004107049064499367,-0.00004122531807123931,-0.00004067958893737719,-0.00004115762890559737,-0.00004114592347759343,-0.00004106488654962192,-0.00004108760400244933,-0.000041353055761848164
-0.000030350958829316416,-0.000030274790363444744,-0.00002984202081602508,-0.000030156361088712283,-0.000030220794402387654,-0.00003007829640227833,-0.0000302683814880706,-0.000030434740365129935,-0.00002976418325912996,-0.00003027681115392471,-0.00002999002812758755,-0.000030044402940748834,-0.000030185512131295704,-0.000029792120275361924,-0.0000299944520754567,-0.000029982372237136946,-0.000030158890766554822,-0.000030295852508539226,-0.000030039002344760025,-0.00003030122988373808,-0.0000300547153343163,-0.000030027752336107884,-0.000030108175485657154,-0.00003015344176130479,-0.000030161398997390213,-0.000030117402837426228,-0.000030147775748396612,-0.000030015714029596784,-0.000030329210879778802,-0.00003021722885572563,-0.00003022672044252458,-0.00003007556829113376,-0.000030240301707501703,-0.00003011243998698349,-0.00002999107717552145,-0.000030266294698245527,-0.00002998846034921146,-0.00003015759007377411,-0.000029994844551333583,-0.000030001193742427608,-0.000029912089779356683,-0.00002996273663440079,-0.000030120963004383125,-0.00003042871748595393,-0.000029842503500518964,-0.00003009177339261762,-0.000030183131615112396,-0.00002989994910442612,-0.000030298918266035466,-0.000029829374639869354,-0.000030224790839716746,-0.000030253433996314834,-0.000030294477484669986,-0.000030211927276363014,-0.00003035428115625715,-0.000030139662040301002,-0.00002966286581986948,-0.0000299521295811106,-0.000030100341897975436,-0.000030085513282096684,-0.00002989835855752426,-0.00002995462194013461,-0.00003010687720487899,-0.000030192620302543195,-0.00002962931643662859,-0.000030215905258434726,-0.000030348771325656742,-0.00003012893461965879,-0.000030135973065827637,-0.000030106109611189672,-0.000030094344670079417,-0.000030269103111865455,-0.000030103368471589835,-0.00003022790046868076,-0.00003001618894861905,-0.00002995026182617112,-0.000030147302379653185,-0.000029912834208209015,-0.000030160952750024422,-0.000030071662824399178,-0.00002992038291101606,-0.00002995105035188777,-0.00003028949020572628,-0.00003033865789895849,-0.000030217170269259106,-0.000030114499646427998,-0.000030062352680186417,-0.000029980218745061833,-0.00003032435646432639,-0.00003021565859878147,-0.000030020083331148155,-0.00003009983375462579,-0.000030103221736584104,-0.00002978203158266314,-0.00003019247380077769,-0.000030178948602982485,-0.000030162692798517326,-0.000030165655469812698,-0.000030365814282196112
-0.00002278112556888182,-0.000022706320832993493,-0.00002219313166759784,-0.00002258244245758392,-0.00002260272454266645,-0.000022505276669509465,-0.000022671077016636856,-0.000022858945481418032,-0.000022175708991890862,-0.000022647560536905332,-0.000022465529796730523,-0.000022479548414639804,-0.000022600616913873234,-0.000022255349274131233,-0.000022461290056820163,-0.00002239704585350455,-0.000022531270198912024,-0.000022735810521091932,-0.000022486189138520148,-0.000022740641056303014,-0.00002243242871925744,-0.00002248337347605854,-0.000022631911090668683,-0.000022564548486099227,-0.000022552692304840087,-0.000022486555437442352,-0.000022529726313169903,-0.000022402648096012132,-0.000022738201564977205,-0.000022582193918505197,-0.000022592673663888856,-0.000022482170324701215,-0.000022616422094231815,-0.00002249577570702107,-0.00002239903473455841,-0.00002261819288149444,-0.000022419144179696004,-0.000022566798882346852,-0.000022341883628503113,-0.000022421402878484616,-0.000022378077264458796,-0.000022371381320069894,-0.00002252929308477898,-0.00002280475332198039,-0.00002222823967707964,-0.000022496435871318445,-0.000022604548679084875,-0.00002232248715671914,-0.000022686602357838643,-0.000022306306035591765,-0.00002260769596215078,-0.000022636545944599842,-0.00002267994348947193,-0.000022613837286639546,-0.000022732830323540977,-0.00002254111658437992,-0.00002208010527558732,-0.00002231097113394218,-0.00002252905013742723,-0.000022476659483880408,-0.00002237203574630735,-0.000022465923021678915,-0.000022491926633000608,-0.000022620375714327617,-0.000022059342435119404,-0.00002261036301016593,-0.000022789967519382294,-0.000022515074611672645,-0.000022548198463641864,-0.000022527831938332057,-0.00002249207824751179,-0.000022651396133227326,-0.000022487783382833283,-0.000022660025612283687,-0.000022473125556394505,-0.00002236692721242208,-0.000022538425997094696,-0.000022320294881442923,-0.00002259394492105592,-0.00002249417815802323,-0.000022420560396737507,-0.000022342617413412877,-0.000022637215031996773,-0.000022713716189420517,-0.000022617626816414813,-0.00002252275883738791,-0.00002248707964583353,-0.0000224327656710629,-0.000022671912118903885,-0.000022629957839692584,-0.000022433232740996235,-0.00002250148408510904,-0.000022404846104107043,-0.00002227242220304809,-0.00002259373436318006,-0.000022580904215183452,-0.00002260387518537025,-0.000022595440128817963,-0.00002271834725441499
-0.00001741401053477245,-0.00001733980524400949,-0.000016750703541760654,-0.000017226737518245938,-0.000017192607342964353,-0.000017141777642346395,-0.000017266657561478985,-0.000017465287835713515,-0.000016780443188645646,-0.00001719878508609069,-0.000017133028852766303,-0.000017098160917246794,-0.000017208285717211726,-0.000016920134694188637,-0.000017112109865786734,-0.000017048174330828748,-0.000017075101855933025,-0.0000173645062693269,-0.000017094526368412882,-0.000017370465833909212,-0.00001701811049917038,-0.00001712041592927318,-0.000017319670373145573,-0.00001715226540655093,-0.00001713664527678643,-0.00001708694482139663,-0.000017128806452799582,-0.000016975446079741683,-0.000017328444784227293,-0.00001715313111745666,-0.00001717101319877754,-0.000017089840243398356,-0.000017210664896208627,-0.000017080789042630044,-0.000017033077648465604,-0.000017143751693160288,-0.000017043309017202458,-0.000017159335906531045,-0.000016853801855877913,-0.000017061883813610315,-0.000017008305063290957,-0.000016975673668257093,-0.000017138894254784397,-0.000017407027580844792,-0.000016832467755982436,-0.00001710560977611482,-0.000017222733499904477,-0.000016987379511425146,-0.0000172592731176854,-0.00001695572312251202,-0.000017168646560159886,-0.000017221045485548016,-0.00001727766685795774,-0.000017200978699000404,-0.00001731330185786889,-0.000017141600041550976,-0.000016725995889051943,-0.000016915494604651472,-0.000017162342315774874,-0.000017064403525147397,-0.000017034599404121694,-0.000017164680831640916,-0.000017094621343447182,-0.000017216408974773415,-0.000016717406965161578,-0.000017212287936705973,-0.000017420212249453655,-0.00001710588751479042,-0.000017162304391832177,-0.000017149079395642866,-0.00001709145090607068,-0.00001723892968619325,-0.00001707517483418787,-0.000017262381909241663,-0.000017121551599256567,-0.000016974343111930134,-0.000017165760898194382,-0.00001693719810643143,-0.0000171967657229449,-0.000017119720317691246,-0.00001704181052537025,-0.000016951408802875145,-0.000017189488009289653,-0.000017271436347676678,-0.000017224505123494888,-0.00001712726516524772,-0.000017101951508148857,-0.00001705654825551863,-0.000017251593403641073,-0.000017230895387061108,-0.000017078193626716374,-0.00001711294548159407,-0.000017015615027760642,-0.00001692601974253095,-0.000017204871786941322,-0.000017169455665718683,-0.000017211197147336184,-0.000017206244510041613,-0.000017298383397013264
-0.000013344547037471751,-0.000013289908742890898,-0.000012663992862327856,-0.000013183825889982469,-0.000013116509896689881,-0.000013101582286108848,-0.000013172656565907696,-0.000013413500735828419,-0.000012743781526787645,-0.000013070515135828984,-0.000013094476681692186,-0.00001302457415194985,-0.000013136029127286826,-0.000012926145421540364,-0.00001307122085116766,-0.000013025925332560997,-0.000012955682531862624,-0.00001330659453531091,-0.000013031210935994221,-0.00001330332867620535,-0.00001295823999116156,-0.000013049875625882789,-0.000013266049121703155,-0.000013054219383279195,-0.000013051086225840366,-0.000013047887501782506,-0.000013082099974619264,-0.000012858612281531958,-0.000013251177609938352,-0.000013062450234859172,-0.0000130846005037243,-0.000013028582364407015,-0.00001314058095234251,-0.000012997822708501444,-0.00001300117677736319,-0.000012999405740047248,-0.000012969039434105782,-0.00001307446823308072,-0.00001270249039623431,-0.000013044038105221485,-0.000012944911245750039,-0.000012891168044596512,-0.00001307831107779557,-0.000013314332052903926,-0.000012769896896079208,-0.000013038681851915005,-0.000013160128345217191,-0.00001299585423056632,-0.000013141783841816986,-0.000012925260217603986,-0.000013059353539469216,-0.000013144965944969788,-0.000013210811682324737,-0.000013114909012925928,-0.000013224310087955014,-0.000013054103210011986,-0.000012742245747092959,-0.000012878695558561771,-0.000013107690887273749,-0.00001298149184746739,-0.000012940694168850289,-0.000013149816105219067,-0.000013034207840534325,-0.000013121497753360993,-0.000012725650771312904,-0.00001315277447550863,-0.000013316254925977154,-0.00001303035584746183,-0.00001310596259274055,-0.000013081295474267465,-0.000013019797917302294,-0.000013144046733195643,-0.000013000993430225516,-0.000013174291745435074,-0.000013077668794261739,-0.000012888393027031121,-0.000013119315548489655,-0.000012907067345261692,-0.00001310886229789437,-0.000013062520145012932,-0.00001296096193394645,-0.000012911376543867832,-0.000013088418368044385,-0.000013148152018362345,-0.000013152001127359757,-0.00001305812865458535,-0.000013056334433796276,-0.000013013992140207886,-0.00001318517624538672,-0.000013146458949086155,-0.00001307113664145948,-0.000013044496770532282,-0.000012973055915404928,-0.000012874544808098082,-0.000013131218590856299,-0.000013079053393014658,-0.000013137422786608374,-0.00001312875851925352,-0.00001320860038126307
-0.000010274159023770443,-0.000010240454681887037,-9.626479562502013e-6,-0.000010152471103081283,-0.000010071970477696288,-0.000010076953217431997,-0.000010110398411241123,-0.000010371073826694049,-9.728487075481294e-6,-9.973320291130538e-6,-0.000010040683681783928,-9.990860180956492e-6,-0.000010082179130722367,-9.961795836654527e-6,-0.000010053771571368974,-0.000010010627149728804,-9.88633455651533e-6,-0.000010266931193379897,-0.00001000784559426666,-0.000010240341259208084,-9.919745985729641e-6,-9.98090180016042e-6,-0.000010235347500013895,-9.980537980430928e-6,-0.000010012885730806001,-0.000010046010594687167,-0.000010056102124444521,-9.751391576095117e-6,-0.000010211128984695786,-0.00001000578718297213,-0.000010029679672008899,-0.000010006433412177372,-0.000010095583031973375,-9.949760058604597e-6,-9.988498635807537e-6,-9.928055071271493e-6,-9.91090207087073e-6,-0.000010021700702507015,-9.648464252068104e-6,-0.000010053365124264028,-9.909849333783516e-6,-9.824780036252593e-6,-0.00001004046757257502,-0.000010232661265593174,-9.75654120046481e-6,-9.988847110410332e-6,-0.000010120605424197132,-9.997247655527163e-6,-0.00001006782276178548,-9.929431152158246e-6,-9.98810871160626e-6,-0.000010103247238983772,-0.000010144068248542766,-0.000010056233699392869,-0.000010154985144345349,-9.994989766178823e-6,-9.83909961176634e-6,-9.901704554365566e-6,-0.000010069903612679852,-9.935922980505703e-6,-9.84458903304445e-6,-0.000010103590752386457,-0.000010007958892667845,-0.000010036044677160375,-9.763753004546386e-6,-0.000010136065607172792,-0.000010222552788438726,-9.974015380619741e-6,-0.000010068087953127958,-0.000010041888586907533,-9.969864833673556e-6,-0.000010064629756949243,-9.957098716267077e-6,-0.000010098087864881692,-0.00001003967836952873,-9.798555740361241e-6,-0.000010085028020786936,-9.926746047483302e-6,-0.000010035162882385093,-0.00001001376950050542,-9.879365578982588e-6,-9.89194734301936e-6,-0.00001001706749172894,-0.000010045841752441368,-0.00001009955319765505,-0.00001001633735557053,-0.000010030936203032985,-0.000010000554483518549,-0.000010152202328539477,-0.000010073998894730806,-0.000010069301501990212,-0.00001001606513457967,-9.935152704649871e-6,-9.820839613064201e-6,-0.000010076704868653306,-0.000010020280047532331,-0.000010095191802970153,-0.000010066432998399432,-0.000010149617058293219
-7.9620924842871e-6,-7.921544895280283e-6,-7.391661904469754e-6,-7.896474574124951e-6,-7.809839931408451e-6,-7.82120646000859e-6,-7.82972871384267e-6,-8.103660700895616e-6,-7.509053528065568e-6,-7.673783735220242e-6,-7.724653266143065e-6,-7.74401703019449e-6,-7.800360456474617e-6,-7.728640985009138e-6,-7.791707556209709e-6,-7.761108064901241e-6,-7.598167222332217e-6,-7.999787109531743e-6,-7.743851693649575e-6,-7.968695889354574e-6,-7.65572475758781e-6,-7.69868669325174e-6,-7.998107099289934e-6,-7.70350533079148e-6,-7.761073915954967e-6,-7.804496117939931e-6,-7.789681158129532e-6,-7.445021534720353e-6,-7.939517149244887e-6,-7.73999752956593e-6,-7.761760649134685e-6,-7.75301563505975e-6,-7.83688941136285e-6,-7.693207238984155e-6,-7.742170943831168e-6,-7.677146323931656e-6,-7.650118909264016e-6,-7.756346915690788e-6,-7.4567566964251495e-6,-7.82898683231416e-6,-7.671209862839729e-6,-7.5383562895598395e-6,-7.784268626401432e-6,-7.927068033549442e-6,-7.548844693663353e-6,-7.725386922245518e-6,-7.857139048769802e-6,-7.735340194134567e-6,-7.800242274448904e-6,-7.709049494621758e-6,-7.708121328543327e-6,-7.845944224271096e-6,-7.865813029269448e-6,-7.774247537703475e-6,-7.852162954289543e-6,-7.715712448886433e-6,-7.692226007686152e-6,-7.708373707334875e-6,-7.802588966605076e-6,-7.678950527210088e-6,-7.558211261704797e-6,-7.820650345948098e-6,-7.758154325582565e-6,-7.732608978973524e-6,-7.575057470778954e-6,-7.895020925230959e-6,-7.898513246192751e-6,-7.701658834829804e-6,-7.80216799779672e-6,-7.784678728055616e-6,-7.71141400942564e-6,-7.776593845572551e-6,-7.702686206934511e-6,-7.79879612879577e-6,-7.768130910078373e-6,-7.484784208089584e-6,-7.830062296137529e-6,-7.728235977149242e-6,-7.738853930935973e-6,-7.74239141287935e-6,-7.570084916091423e-6,-7.635144714003368e-6,-7.739096593519924e-6,-7.730459974197649e-6,-7.82853629159396e-6,-7.75159594972093e-6,-7.784746101861334e-6,-7.746904298339386e-6,-7.903693361392475e-6,-7.782898577025709e-6,-7.835829260794353e-6,-7.780127697676164e-6,-7.690106867057939e-6,-7.528479637946959e-6,-7.796516351657477e-6,-7.751829547253932e-6,-7.824196427586617e-6,-7.776918200937085e-6,-7.88226854906201e-6
-6.223607604829546e-6,-6.17940092913761e-6,-5.745525386682754e-6,-6.198190469687361e-6,-6.116589890841649e-6,-6.133463416142333e-6,-6.119254659881466e-6,-6.392004946194525e-6,-5.888004471594338e-6,-5.952809184434863e-6,-6.024735487546752e-6,-6.051132613212917e-6,-6.086044921601873e-6,-6.024125412053316e-6,-6.066798606477527e-6,-6.083735596058833e-6,-5.907566443752531e-6,-6.301961529252824e-6,-6.032027279411495e-6,-6.251019251835677e-6,-5.97811659651502e-6,-6.005899105940788e-6,-6.307318713072875e-6,-6.007747874326131e-6,-6.0733320411011175e-6,-6.116975341409048e-6,-6.093261059342483e-6,-5.76501817915659e-6,-6.24803697478652e-6,-6.040308972912894e-6,-6.0765922036277016e-6,-6.047120113524262e-6,-6.151266947663222e-6,-6.025047333183209e-6,-6.049995468471873e-6,-6.014124464856467e-6,-5.983205210651643e-6,-6.074469297253143e-6,-5.884445265872933e-6,-6.1467489543190005e-6,-6.010751548896111e-6,-5.803397301347931e-6,-6.1050898346579815e-6,-6.17177301403768e-6,-5.932448432902982e-6,-6.041204910851912e-6,-6.16107392801657e-6,-6.054302867338856e-6,-6.110692422720596e-6,-6.027839678853059e-6,-6.01535572431414e-6,-6.1483131624340495e-6,-6.1728713606760705e-6,-6.069718321932913e-6,-6.130435391120005e-6,-6.0219104688602985e-6,-5.9968986491742395e-6,-6.078326146359194e-6,-6.1091960919190615e-6,-5.998202325603739e-6,-5.8671527218555e-6,-6.112071399544652e-6,-6.083781135248521e-6,-6.017404007560738e-6,-5.946822289031352e-6,-6.217601878149277e-6,-6.15088992248067e-6,-6.016912523612783e-6,-6.105122213364296e-6,-6.098525275444291e-6,-6.043088644765268e-6,-6.070548356134037e-6,-6.041940637505875e-6,-6.0767463540508965e-6,-6.074416852259076e-6,-5.7676976955952664e-6,-6.144706699834925e-6,-6.107142522248949e-6,-6.033191113103799e-6,-6.040208338935172e-6,-5.875463299112801e-6,-5.9556840218627665e-6,-6.038349845733887e-6,-5.989935006063422e-6,-6.129751181394502e-6,-6.064510827596797e-6,-6.08767921357168e-6,-6.074690564135552e-6,-6.239483508112941e-6,-6.0819009237465505e-6,-6.192592927436407e-6,-6.119453479562046e-6,-5.99142641228281e-6,-5.8277371165245706e-6,-6.083710336503288e-6,-6.055982639317504e-6,-6.117853052318961e-6,-6.07313000434172e-6,-6.18401840631193e-6
-5.018387207212974e-6,-4.977246561570658e-6,-4.602821208166578e-6,-4.999543488741378e-6,-4.91399544736567e-6,-4.931862013001233e-6,-4.895077681495261e-6,-5.1473097925287796e-6,-4.765626041416862e-6,-4.734849423283543e-6,-4.8817045673320364e-6,-4.8508300954492305e-6,-4.8697274218211396e-6,-4.797575851842288e-6,-4.839863259428579e-6,-4.8891018283840775e-6,-4.731638271018093e-6,-5.07843443136935e-6,-4.809607096571446e-6,-5.010011130422934e-6,-4.812002189170457e-6,-4.832844409637208e-6,-5.074999374568219e-6,-4.8110205752311265e-6,-4.876178183557063e-6,-4.8910868826814525e-6,-4.8925346323387255e-6,-4.599364291337001e-6,-5.042752837356958e-6,-4.835409887090331e-6,-4.8864048309283145e-6,-4.8286848521948215e-6,-4.947748633018899e-6,-4.869605477461139e-6,-4.841109119619141e-6,-4.826128808882178e-6,-4.825636032225082e-6,-4.888998296448226e-6,-4.768748527400481e-6,-4.927563527068463e-6,-4.829441955087331e-6,-4.569461337824752e-6,-4.9098760714232085e-6,-4.932983672011463e-6,-4.80136161258254e-6,-4.851189070296555e-6,-4.95899632073643e-6,-4.883691726438742e-6,-4.918153631544429e-6,-4.842454399520399e-6,-4.816937321626887e-6,-4.940682138051939e-6,-4.976258663914219e-6,-4.8693048288000974e-6,-4.915323953611753e-6,-4.819597742799218e-6,-4.760382669544591e-6,-4.925417732981059e-6,-4.909502157631225e-6,-4.826396008779171e-6,-4.7156085928588084e-6,-4.891104260535936e-6,-4.907265512769266e-6,-4.8077633970091895e-6,-4.796758998625772e-6,-5.02266906993307e-6,-4.936004158655721e-6,-4.84958427125286e-6,-4.908734933836061e-6,-4.904055628805826e-6,-4.867133310039231e-6,-4.857438230625405e-6,-4.8827237672113315e-6,-4.8518353541669265e-6,-4.887365152295965e-6,-4.576365964785996e-6,-4.937476768943711e-6,-4.96116753276623e-6,-4.842461070412846e-6,-4.832941699721735e-6,-4.713776144078915e-6,-4.767723690579321e-6,-4.821028736368854e-6,-4.761273986490423e-6,-4.931312390496767e-6,-4.871992274572277e-6,-4.862007421977885e-6,-4.899336098798443e-6,-5.0668496653542745e-6,-4.89393314641815e-6,-5.032895750058691e-6,-4.950326534604138e-6,-4.766848527217674e-6,-4.646812908585175e-6,-4.866964042609402e-6,-4.85987486953195e-6,-4.9018271826423025e-6,-4.893369940372589e-6,-4.975441611936986e-6
-4.388582431096438e-6,-4.321520641006251e-6,-3.998650339093872e-6,-4.334986178940598e-6,-4.250732071000081e-6,-4.2681607382527705e-6,-4.204099236269316e-6,-4.45530738889846e-6,-4.1241472681544564e-6,-4.051697558260976e-6,-4.266840984740524e-6,-4.200285540454443e-6,-4.202052990077726e-6,-4.124625168900839e-6,-4.175836605684992e-6,-4.222298004798035e-6,-4.09787238700079e-6,-4.382095586446206e-6,-4.133706016334242e-6,-4.330563606595713e-6,-4.183615182505593e-6,-4.205776525981328e-6,-4.35100073146501e-6,-4.166065734351357e-6,-4.212555277127282e-6,-4.169195916926781e-6,-4.2257512085861225e-6,-3.959718103558065e-6,-4.364491863956932e-6,-4.173865749771491e-6,-4.229813545173397e-6,-4.157390915696487e-6,-4.271852834563284e-6,-4.24269566676138e-6,-4.181082602879283e-6,-4.14851146331252e-6,-4.216606934009031e-6,-4.2513069697688734e-6,-4.163304856605262e-6,-4.2432992749995465e-6,-4.179885632966133e-6,-3.90233195870863e-6,-4.242557982983077e-6,-4.242612647385278e-6,-4.1803622255981055e-6,-4.1964972710160245e-6,-4.29958176356864e-6,-4.24359626259213e-6,-4.28759075838062e-6,-4.201635824089129e-6,-4.150380308038473e-6,-4.2729270882186685e-6,-4.323043236687657e-6,-4.212944245917406e-6,-4.261141097561637e-6,-4.158111245500284e-6,-4.069176970219094e-6,-4.289221153924982e-6,-4.247338653023693e-6,-4.202037385693231e-6,-4.155792749296957e-6,-4.2232442722936495e-6,-4.262892532856543e-6,-4.128530826345821e-6,-4.1726739414057865e-6,-4.357310485077537e-6,-4.2219125801729155e-6,-4.234353173231737e-6,-4.256319691747131e-6,-4.248007525475501e-6,-4.204381119248316e-6,-4.189293330060215e-6,-4.255731554983851e-6,-4.1688474547409406e-6,-4.234153049270306e-6,-3.9118008570416025e-6,-4.264874506926039e-6,-4.310198281314521e-6,-4.199478336015624e-6,-4.1732571566961725e-6,-4.07893101129114e-6,-4.116700568769807e-6,-4.144029489840915e-6,-4.090779519029255e-6,-4.278480351822651e-6,-4.21932210282394e-6,-4.167786166314937e-6,-4.24738549645619e-6,-4.3984991020750054e-6,-4.255048420921969e-6,-4.378112218428791e-6,-4.317066442858482e-6,-4.090232842815263e-6,-4.007581778059458e-6,-4.1959860753277515e-6,-4.20518054350163e-6,-4.2265929730380065e-6,-4.260419881439549e-6,-4.28573253730367e-6
-4.100887631347112e-6,-3.990026311846878e-6,-3.691260486801663e-6,-3.972604174354408e-6,-3.917207555979428e-6,-3.922515278556541e-6,-3.8340404702755116e-6,-4.116250460590696e-6,-3.7502876477113896e-6,-3.711301228634376e-6,-3.973367013577756e-6,-3.881591511447718e-6,-3.868001965033445e-6,-3.799635591257033e-6,-3.8450734741621254e-6,-3.88125198278752e-6,-3.7900088931499614e-6,-4.007146746555612e-6,-3.7880365675550854e-6,-3.996506798625273e-6,-3.8602003379364235e-6,-3.897275384646097e-6,-3.961387800045626e-6,-3.8453779051167985e-6,-3.880266341913322e-6,-3.766651027346258e-6,-3.873946359257349e-6,-3.6334697986028375e-6,-4.018202780254845e-6,-3.84472915026654e-6,-3.901798854592601e-6,-3.823224958569277e-6,-3.918564683984053e-6,-3.92443679714925e-6,-3.857692380781234e-6,-3.7860818710023226e-6,-3.937119510832349e-6,-3.93511999203115e-6,-3.875027849052134e-6,-3.904284331160509e-6,-3.842695686058855e-6,-3.587856267242872e-6,-3.908643055190314e-6,-3.892451806706921e-6,-3.866507623007187e-6,-3.866920900646866e-6,-3.971174969724039e-6,-3.911275937907227e-6,-4.013825503727785e-6,-3.892324860659269e-6,-3.801320031498572e-6,-3.929409583756737e-6,-3.989465446019183e-6,-3.895224120004532e-6,-3.947663970920978e-6,-3.8369092290044e-6,-3.7356396637128916e-6,-3.952276204623307e-6,-3.9155685240264384e-6,-3.8981530783119195e-6,-3.9547462335921615e-6,-3.893547753255454e-6,-3.93767165245429e-6,-3.767225946392665e-6,-3.867746566718675e-6,-4.017259995921818e-6,-3.7773094704245084e-6,-3.93881161419303e-6,-3.9257938514564885e-6,-3.91614306259199e-6,-3.850977214942223e-6,-3.853833976729631e-6,-3.958217164334308e-6,-3.828952474589649e-6,-3.896793383648753e-6,-3.5532611864997286e-6,-3.920517902171116e-6,-3.961075672694165e-6,-3.8668017601676494e-6,-3.8456238632573785e-6,-3.7398792459217073e-6,-3.807112951616049e-6,-3.7883889287533474e-6,-3.755875506960154e-6,-3.944793255806492e-6,-3.905880945905483e-6,-3.8069171694523823e-6,-3.929357680753456e-6,-4.0387410831748285e-6,-3.945452046089081e-6,-4.025674407438975e-6,-4.004911246331218e-6,-3.75990426021965e-6,-3.711578433181563e-6,-3.861002551184214e-6,-3.877775356899582e-6,-3.8748842417096e-6,-3.955916230085222e-6,-3.919535063660309e-6
-3.877234302270351e-6,-3.7493352981342308e-6,-3.4449572529662744e-6,-3.6991530085267146e-6,-3.6652630289504286e-6,-3.665740993036732e-6,-3.5469859361900076e-6,-3.877332355924862e-6,-3.4572499226572787e-6,-3.4758160740778113e-6,-3.761451446635442e-6,-3.6377986463888932e-6,-3.6207740932252943e-6,-3.5422303710008723e-6,-3.59649656724587e-6,-3.62009153330837e-6,-3.551848290439209e-6,-3.7085834710640397e-6,-3.5216070034899696e-6,-3.7384679102096683e-6,-3.603485969511052e-6,-3.657586866959898e-6,-3.689484628188368e-6,-3.600842259513134e-6,-3.6324571496162705e-6,-3.463348513928828e-6,-3.596673936703112e-6,-3.396519047991838e-6,-3.765910939653812e-6,-3.5958179067451013e-6,-3.6560672438610504e-6,-3.570310126380688e-6,-3.654842615829392e-6,-3.6891559033061016e-6,-3.610940319092694e-6,-3.5134527491123707e-6,-3.7169803516085836e-6,-3.6860882324162475e-6,-3.634056927935656e-6,-3.6634142484916623e-6,-3.5741167245599725e-6,-3.3288883111172337e-6,-3.662967572616944e-6,-3.6343189327046198e-6,-3.6305966956170025e-6,-3.6144625654659057e-6,-3.719136620051441e-6,-3.6596970991773205e-6,-3.8080225607214924e-6,-3.6622026448490664e-6,-3.531905046186488e-6,-3.6665206527404782e-6,-3.7406341944448206e-6,-3.660139069843667e-6,-3.7202856114031515e-6,-3.6127655127522065e-6,-3.4884489001949407e-6,-3.696105466989066e-6,-3.676982026782148e-6,-3.656925064384064e-6,-3.817852708677445e-6,-3.650745689522259e-6,-3.699593539018299e-6,-3.4961808548928226e-6,-3.638588189955943e-6,-3.7619885971118547e-6,-3.464794693083627e-6,-3.7053862254917806e-6,-3.6679030496344578e-6,-3.6562855343671366e-6,-3.5657734338810522e-6,-3.59918987580727e-6,-3.7260012386508885e-6,-3.5849870478124246e-6,-3.6393575079937615e-6,-3.256249044140842e-6,-3.669100030254002e-6,-3.7075455415589105e-6,-3.6048959839027604e-6,-3.5948694644538465e-6,-3.44722516996527e-6,-3.5587699801501295e-6,-3.505285903003424e-6,-3.504584190992026e-6,-3.684042200649569e-6,-3.6764159736267064e-6,-3.5491221207065316e-6,-3.6790757312023496e-6,-3.765916288426982e-6,-3.701448390037786e-6,-3.7542114075292253e-6,-3.758407246659093e-6,-3.5469575682883837e-6,-3.5068033593223956e-6,-3.619652902973278e-6,-3.633424613394903e-6,-3.607024967216761e-6,-3.720699971863565e-6,-3.653285989912121e-6
-3.656076168852923e-6,-3.534592565848234e-6,-3.2109800088335073e-6,-3.462448157869223e-6,-3.43938216514829e-6,-3.44854654746049e-6,-3.2940398246585535e-6,-3.6596973683717734e-6,-3.216577149360936e-6,-3.269000438428311e-6,-3.5656634514450287e-6,-3.4209476191321886e-6,-3.3987803131915625e-6,-3.3056590057188233e-6,-3.3768399737393764e-6,-3.3899183211988836e-6,-3.3136490203821985e-6,-3.449631770199626e-6,-3.2824563986328246e-6,-3.5077385981045983e-6,-3.3856905619086254e-6,-3.438611110063837e-6,-3.4735816659552778e-6,-3.37515398233817e-6,-3.4029458133715363e-6,-3.238783698239232e-6,-3.3494534219553373e-6,-3.2042574023381095e-6,-3.519841954700388e-6,-3.3743589832400206e-6,-3.4352767815820636e-6,-3.3451517992994125e-6,-3.4284059813462616e-6,-3.4622576828659018e-6,-3.3871832530875905e-6,-3.283205670278877e-6,-3.493047268413599e-6,-3.4579859482155437e-6,-3.391948990818435e-6,-3.447111499425561e-6,-3.337483150969846e-6,-3.064667273555477e-6,-3.44212025715345e-6,-3.4001416101476415e-6,-3.417668602799922e-6,-3.394436323880494e-6,-3.4903604117986806e-6,-3.4436959890594265e-6,-3.6024176414269723e-6,-3.4514294990150773e-6,-3.286606112484919e-6,-3.4403051783701816e-6,-3.5280352459429215e-6,-3.4416161441074583e-6,-3.5213256014934857e-6,-3.4210079295913012e-6,-3.266872435584951e-6,-3.485675329583112e-6,-3.459338834053221e-6,-3.426551956405075e-6,-3.666710983923479e-6,-3.4241144553540483e-6,-3.4826295037617277e-6,-3.2682967471294604e-6,-3.430594268685602e-6,-3.534127141384745e-6,-3.2402369455401783e-6,-3.4774013183495665e-6,-3.440757146176645e-6,-3.4243280363508233e-6,-3.303958776445511e-6,-3.367299645143336e-6,-3.4952113659848376e-6,-3.373164572024996e-6,-3.406190407028364e-6,-2.9938767675545367e-6,-3.451062545727428e-6,-3.503266285504722e-6,-3.3680549480015594e-6,-3.3707078437100723e-6,-3.1579380334542046e-6,-3.3284061364472796e-6,-3.2472659280651685e-6,-3.2757504962416653e-6,-3.456658143929532e-6,-3.461712541381175e-6,-3.338845912132389e-6,-3.446907489771529e-6,-3.5273699782658883e-6,-3.4706590249777243e-6,-3.5066625502616215e-6,-3.5374117626218928e-6,-3.346542749023008e-6,-3.3276413303533537e-6,-3.400243862187238e-6,-3.418097341235575e-6,-3.369182270753261e-6,-3.500882009750434e-6,-3.427462606972599e-6
-3.5607421117320584e-6,-3.442434657852003e-6,-3.1089416915820956e-6,-3.3683057049918247e-6,-3.3444763075296735e-6,-3.3578487048718357e-6,-3.187813426703626e-6,-3.5621447363883585e-6,-3.1235833794654154e-6,-3.182769758929684e-6,-3.480395993022566e-6,-3.3322432234829594e-6,-3.304091188527618e-6,-3.2074883720822185e-6,-3.283210242707873e-6,-3.2948988930743162e-6,-3.205431236501572e-6,-3.342506959413219e-6,-3.179838150307327e-6,-3.4111243221143145e-6,-3.298510799188671e-6,-3.3452322208303453e-6,-3.3897618014347697e-6,-3.2812254388114836e-6,-3.305228414959737e-6,-3.1546848003991664e-6,-3.2436568811891074e-6,-3.1271916480270293e-6,-3.412557099877344e-6,-3.2843542155917163e-6,-3.341059856922569e-6,-3.2522659405085318e-6,-3.3326566642687434e-6,-3.3579573184609844e-6,-3.293257430751892e-6,-3.198575149843265e-6,-3.392557865334921e-6,-3.364345213583287e-6,-3.26877635541511e-6,-3.354030004467376e-6,-3.2419816688553026e-6,-2.94704328174074e-6,-3.34812351942487e-6,-3.306872865803831e-6,-3.3309904241938096e-6,-3.3018867712635328e-6,-3.394267572818036e-6,-3.353912597907264e-6,-3.515507482711327e-6,-3.3658116857141034e-6,-3.180670049168768e-6,-3.349619430211825e-6,-3.4401925855497085e-6,-3.346024103530307e-6,-3.4434214212541328e-6,-3.336742174661804e-6,-3.174354761574024e-6,-3.395862537284219e-6,-3.3627550086821636e-6,-3.3276904407116872e-6,-3.6009047759940543e-6,-3.3297395357966138e-6,-3.391684545717563e-6,-3.1752891491342e-6,-3.3399882765822242e-6,-3.437648312833784e-6,-3.154658187564474e-6,-3.3813360098716983e-6,-3.3449091822132757e-6,-3.327184948760586e-6,-3.1886040450829156e-6,-3.2656946822705037e-6,-3.3966436485923256e-6,-3.2867680649493835e-6,-3.3092335231747054e-6,-2.8861250029847923e-6,-3.3625559037081086e-6,-3.4154323421402417e-6,-3.2674110399282373e-6,-3.2755167572808663e-6,-3.03639199083121e-6,-3.231512717720529e-6,-3.1401012695074126e-6,-3.1804911208046384e-6,-3.36441010290022e-6,-3.367989404493228e-6,-3.256867764783933e-6,-3.351712815694468e-6,-3.4317983647927766e-6,-3.37242226369428e-6,-3.403183157315688e-6,-3.4466144868641993e-6,-3.2641770643544463e-6,-3.253738470888708e-6,-3.3055336776419354e-6,-3.327073795179818e-6,-3.271560329971672e-6,-3.408606091470742e-6,-3.3219674604252675e-6
-3.656076168852923e-6,-3.534592565848234e-6,-3.2109800088335073e-6,-3.462448157869223e-6,-3.43938216514829e-6,-3.44854654746049e-6,-3.2940398246585535e-6,-3.6596973683717734e-6,-3.216577149360936e-6,-3.269000438428311e-6,-3.5656634514450287e-6,-3.4209476191321886e-6,-3.3987803131915625e-6,-3.3056590057188233e-6,-3.3768399737393764e-6,-3.3899183211988836e-6,-3.3136490203821985e-6,-3.449631770199626e-6,-3.2824563986328246e-6,-3.5077385981045983e-6,-3.3856905619086254e-6,-3.438611110063837e-6,-3.4735816659552778e-6,-3.37515398233817e-6,-3.4029458133715363e-6,-3.238783698239232e-6,-3.3494534219553373e-6,-3.2042574023381095e-6,-3.519841954700388e-6,-3.3743589832400206e-6,-3.4352767815820636e-6,-3.3451517992994125e-6,-3.4284059813462616e-6,-3.4622576828659018e-6,-3.3871832530875905e-6,-3.283205670278877e-6,-3.493047268413599e-6,-3.4579859482155437e-6,-3.391948990818435e-6,-3.447111499425561e-6,-3.337483150969846e-6,-3.064667273555477e-6,-3.44212025715345e-6,-3.4001416101476415e-6,-3.417668602799922e-6,-3.394436323880494e-6,-3.4903604117986806e-6,-3.4436959890594265e-6,-3.6024176414269723e-6,-3.4514294990150773e-6,-3.286606112484919e-6,-3.4403051783701816e-6,-3.5280352459429215e-6,-3.4416161441074583e-6,-3.5213256014934857e-6,-3.4210079295913012e-6,-3.266872435584951e-6,-3.485675329583112e-6,-3.459338834053221e-6,-3.426551956405075e-6,-3.666710983923479e-6,-3.4241144553540483e-6,-3.4826295037617277e-6,-3.2682967471294604e-6,-3.430594268685602e-6,-3.534127141384745e-6,-3.2402369455401783e-6,-3.4774013183495665e-6,-3.440757146176645e-6,-3.4243280363508233e-6,-3.303958776445511e-6,-3.367299645143336e-6,-3.4952113659848376e-6,-3.373164572024996e-6,-3.406190407028364e-6,-2.9938767675545367e-6,-3.451062545727428e-6,-3.503266285504722e-6,-3.3680549480015594e-6,-3.3707078437100723e-6,-3.1579380334542046e-6,-3.3284061364472796e-6,-3.2472659280651685e-6,-3.2757504962416653e-6,-3.456658143929532e-6,-3.461712541381175e-6,-3.338845912132389e-6,-3.446907489771529e-6,-3.5273699782658883e-6,-3.4706590249777243e-6,-3.5066625502616215e-6,-3.5374117626218928e-6,-3.346542749023008e-6,-3.3276413303533537e-6,-3.400243862187238e-6,-3.418097341235575e-6,-3.369182270753261e-6,-3.500882009750434e-6,-3.427462606972599e-6
-3.877234302270351e-6,-3.7493352981342308e-6,-3.4449572529662744e-6,-3.6991530085267146e-6,-3.6652630289504286e-6,-3.665740993036732e-6,-3.5469859361900076e-6,-3.877332355924862e-6,-3.4572499226572787e-6,-3.4758160740778113e-6,-3.761451446635442e-6,-3.6377986463888932e-6,-3.6207740932252943e-6,-3.5422303710008723e-6,-3.59649656724587e-6,-3.62009153330837e-6,-3.551848290439209e-6,-3.7085834710640397e-6,-3.5216070034899696e-6,-3.7384679102096683e-6,-3.603485969511052e-6,-3.657586866959898e-6,-3.689484628188368e-6,-3.600842259513134e-6,-3.6324571496162705e-6,-3.463348513928828e-6,-3.596673936703112e-6,-3.396519047991838e-6,-3.765910939653812e-6,-3.5958179067451013e-6,-3.6560672438610504e-6,-3.570310126380688e-6,-3.654842615829392e-6,-3.6891559033061016e-6,-3.610940319092694e-6,-3.5134527491123707e-6,-3.7169803516085836e-6,-3.6860882324162475e-6,-3.634056927935656e-6,-3.6634142484916623e-6,-3.5741167245599725e-6,-3.3288883111172337e-6,-3.662967572616944e-6,-3.6343189327046198e-6,-3.6305966956170025e-6,-3.6144625654659057e-6,-3.719136620051441e-6,-3.6596970991773205e-6,-3.8080225607214924e-6,-3.6622026448490664e-6,-3.531905046186488e-6,-3.6665206527404782e-6,-3.7406341944448206e-6,-3.660139069843667e-6,-3.7202856114031515e-6,-3.6127655127522065e-6,-3.4884489001949407e-6,-3.696105466989066e-6,-3.676982026782148e-6,-3.656925064384064e-6,-3.817852708677445e-6,-3.650745689522259e-6,-3.699593539018299e-6,-3.4961808548928226e-6,-3.638588189955943e-6,-3.7619885971118547e-6,-3.464794693083627e-6,-3.7053862254917806e-6,-3.6679030496344578e-6,-3.6562855343671366e-6,-3.5657734338810522e-6,-3.59918987580727e-6,-3.7260012386508885e-6,-3.5849870478124246e-6,-3.6393575079937615e-6,-3.256249044140842e-6,-3.669100030254002e-6,-3.7075455415589105e-6,-3.6048959839027604e-6,-3.5948694644538465e-6,-3.44722516996527e-6,-3.5587699801501295e-6,-3.505285903003424e-6,-3.504584190992026e-6,-3.684042200649569e-6,-3.6764159736267064e-6,-3.5491221207065316e-6,-3.6790757312023496e-6,-3.765916288426982e-6,-3.701448390037786e-6,-3.7542114075292253e-6,-3.758407246659093e-6,-3.5469575682883837e-6,-3.5068033593223956e-6,-3.619652902973278e-6,-3.633424613394903e-6,-3.607024967216761e-6,-3.720699971863565e-6,-3.653285989912121e-6
-4.100887631347112e-6,-3.990026311846878e-6,-3.691260486801663e-6,-3.972604174354408e-6,-3.917207555979428e-6,-3.922515278556541e-6,-3.8340404702755116e-6,-4.116250460590696e-6,-3.7502876477113896e-6,-3.711301228634376e-6,-3.973367013577756e-6,-3.881591511447718e-6,-3.868001965033445e-6,-3.799635591257033e-6,-3.8450734741621254e-6,-3.88125198278752e-6,-3.7900088931499614e-6,-4.007146746555612e-6,-3.7880365675550854e-6,-3.996506798625273e-6,-3.8602003379364235e-6,-3.897275384646097e-6,-3.961387800045626e-6,-3.8453779051167985e-6,-3.880266341913322e-6,-3.766651027346258e-6,-3.873946359257349e-6,-3.6334697986028375e-6,-4.018202780254845e-6,-3.84472915026654e-6,-3.901798854592601e-6,-3.823224958569277e-6,-3.918564683984053e-6,-3.92443679714925e-6,-3.857692380781234e-6,-3.7860818710023226e-6,-3.937119510832349e-6,-3.93511999203115e-6,-3.875027849052134e-6,-3.904284331160509e-6,-3.842695686058855e-6,-3.587856267242872e-6,-3.908643055190314e-6,-3.892451806706921e-6,-3.866507623007187e-6,-3.866920900646866e-6,-3.971174969724039e-6,-3.911275937907227e-6,-4.013825503727785e-6,-3.892324860659269e-6,-3.801320031498572e-6,-3.929409583756737e-6,-3.989465446019183e-6,-3.895224120004532e-6,-3.947663970920978e-6,-3.8369092290044e-6,-3.7356396637128916e-6,-3.952276204623307e-6,-3.9155685240264384e-6,-3.8981530783119195e-6,-3.9547462335921615e-6,-3.893547753255454e-6,-3.93767165245429e-6,-3.767225946392665e-6,-3.867746566718675e-6,-4.017259995921818e-6,-3.7773094704245084e-6,-3.93881161419303e-6,-3.9257938514564885e-6,-3.91614306259199e-6,-3.850977214942223e-6,-3.853833976729631e-6,-3.958217164334308e-6,-3.828952474589649e-6,-3.896793383648753e-6,-3.5532611864997286e-6,-3.920517902171116e-6,-3.961075672694165e-6,-3.8668017601676494e-6,-3.8456238632573785e-6,-3.7398792459217073e-6,-3.807112951616049e-6,-3.7883889287533474e-6,-3.755875506960154e-6,-3.944793255806492e-6,-3.905880945905483e-6,-3.8069171694523823e-6,-3.929357680753456e-6,-4.0387410831748285e-6,-3.945452046089081e-6,-4.025674407438975e-6,-4.004911246331218e-6,-3.75990426021965e-6,-3.711578433181563e-6,-3.861002551184214e-6,-3.877775356899582e-6,-3.8748842417096e-6,-3.955916230085222e-6,-3.919535063660309e-6
-4.388582431096438e-6,-4.321520641006251e-6,-3.998650339093872e-6,-4.334986178940598e-6,-4.250732071000081e-6,-4.2681607382527705e-6,-4.204099236269316e-6,-4.45530738889846e-6,-4.1241472681544564e-6,-4.051697558260976e-6,-4.266840984740524e-6,-4.200285540454443e-6,-4.202052990077726e-6,-4.124625168900839e-6,-4.175836605684992e-6,-4.222298004798035e-6,-4.09787238700079e-6,-4.382095586446206e-6,-4.133706016334242e-6,-4.330563606595713e-6,-4.183615182505593e-6,-4.205776525981328e-6,-4.35100073146501e-6,-4.166065734351357e-6,-4.212555277127282e-6,-4.169195916926781e-6,-4.2257512085861225e-6,-3.959718103558065e-6,-4.364491863956932e-6,-4.173865749771491e-6,-4.229813545173397e-6,-4.157390915696487e-6,-4.271852834563284e-6,-4.24269566676138e-6,-4.181082602879283e-6,-4.14851146331252e-6,-4.216606934009031e-6,-4.2513069697688734e-6,-4.163304856605262e-6,-4.2432992749995465e-6,-4.179885632966133e-6,-3.90233195870863e-6,-4.242557982983077e-6,-4.242612647385278e-6,-4.1803622255981055e-6,-4.1964972710160245e-6,-4.29958176356864e-6,-4.24359626259213e-6,-4.28759075838062e-6,-4.201635824089129e-6,-4.150380308038473e-6,-4.2729270882186685e-6,-4.323043236687657e-6,-4.212944245917406e-6,-4.261141097561637e-6,-4.158111245500284e-6,-4.069176970219094e-6,-4.289221153924982e-6,-4.247338653023693e-6,-4.202037385693231e-6,-4.155792749296957e-6,-4.2232442722936495e-6,-4.262892532856543e-6,-4.128530826345821e-6,-4.1726739414057865e-6,-4.357310485077537e-6,-4.2219125801729155e-6,-4.234353173231737e-6,-4.256319691747131e-6,-4.248007525475501e-6,-4.204381119248316e-6,-4.189293330060215e-6,-4.255731554983851e-6,-4.1688474547409406e-6,-4.234153049270306e-6,-3.9118008570416025e-6,-4.264874506926039e-6,-4.310198281314521e-6,-4.199478336015624e-6,-4.1732571566961725e-6,-4.07893101129114e-6,-4.116700568769807e-6,-4.144029489840915e-6,-4.090779519029255e-6,-4.278480351822651e-6,-4.21932210282394e-6,-4.167786166314937e-6,-4.24738549645619e-6,-4.3984991020750054e-6,-4.255048420921969e-6,-4.378112218428791e-6,-4.317066442858482e-6,-4.090232842815263e-6,-4.007581778059458e-6,-4.1959860753277515e-6,-4.20518054350163e-6,-4.2265929730380065e-6,-4.260419881439549e-6,-4.28573253730367e-6
-5.018387207212974e-6,-4.977246561570658e-6,-4.602821208166578e-6,-4.999543488741378e-6,-4.91399544736567e-6,-4.931862013001233e-6,-4.895077681495261e-6,-5.1473097925287796e-6,-4.765626041416862e-6,-4.734849423283543e-6,-4.8817045673320364e-6,-4.8508300954492305e-6,-4.8697274218211396e-6,-4.797575851842288e-6,-4.839863259428579e-6,-4.8891018283840775e-6,-4.731638271018093e-6,-5.07843443136935e-6,-4.809607096571446e-6,-5.010011130422934e-6,-4.812002189170457e-6,-4.832844409637208e-6,-5.074999374568219e-6,-4.8110205752311265e-6,-4.876178183557063e-6,-4.8910868826814525e-6,-4.8925346323387255e-6,-4.599364291337001e-6,-5.042752837356958e-6,-4.835409887090331e-6,-4.8864048309283145e-6,-4.8286848521948215e-6,-4.947748633018899e-6,-4.869605477461139e-6,-4.841109119619141e-6,-4.826128808882178e-6,-4.825636032225082e-6,-4.888998296448226e-6,-4.768748527400481e-6,-4.927563527068463e-6,-4.829441955087331e-6,-4.569461337824752e-6,-4.9098760714232085e-6,-4.932983672011463e-6,-4.80136161258254e-6,-4.851189070296555e-6,-4.95899632073643e-6,-4.883691726438742e-6,-4.918153631544429e-6,-4.842454399520399e-6,-4.816937321626887e-6,-4.940682138051939e-6,-4.976258663914219e-6,-4.8693048288000974e-6,-4.915323953611753e-6,-4.819597742799218e-6,-4.760382669544591e-6,-4.925417732981059e-6,-4.909502157631225e-6,-4.826396008779171e-6,-4.7156085928588084e-6,-4.891104260535936e-6,-4.907265512769266e-6,-4.8077633970091895e-6,-4.796758998625772e-6,-5.02266906993307e-6,-4.936004158655721e-6,-4.84958427125286e-6,-4.908734933836061e-6,-4.904055628805826e-6,-4.867133310039231e-6,-4.857438230625405e-6,-4.8827237672113315e-6,-4.8518353541669265e-6,-4.887365152295965e-6,-4.576365964785996e-6,-4.937476768943711e-6,-4.96116753276623e-6,-4.842461070412846e-6,-4.832941699721735e-6,-4.713776144078915e-6,-4.767723690579321e-6,-4.821028736368854e-6,-4.761273986490423e-6,-4.931312390496767e-6,-4.871992274572277e-6,-4.862007421977885e-6,-4.899336098798443e-6,-5.0668496653542745e-6,-4.89393314641815e-6,-5.032895750058691e-6,-4.950326534604138e-6,-4.766848527217674e-6,-4.646812908585175e-6,-4.866964042609402e-6,-4.85987486953195e-6,-4.9018271826423025e-6,-4.893369940372589e-6,-4.975441611936986e-6
-6.223607604829546e-6,-6.17940092913761e-6,-5.745525386682754e-6,-6.198190469687361e-6,-6.116589890841649e-6,-6.133463416142333e-6,-6.119254659881466e-6,-6.392004946194525e-6,-5.888004471594338e-6,-5.952809184434863e-6,-6.024735487546752e-6,-6.051132613212917e-6,-6.086044921601873e-6,-6.024125412053316e-6,-6.066798606477527e-6,-6.083735596058833e-6,-5.907566443752531e-6,-6.301961529252824e-6,-6.032027279411495e-6,-6.251019251835677e-6,-5.97811659651502e-6,-6.005899105940788e-6,-6.307318713072875e-6,-6.007747874326131e-6,-6.0733320411011175e-6,-6.116975341409048e-6,-6.093261059342483e-6,-5.76501817915659e-6,-6.24803697478652e-6,-6.040308972912894e-6,-6.0765922036277016e-6,-6.047120113524262e-6,-6.151266947663222e-6,-6.025047333183209e-6,-6.049995468471873e-6,-6.014124464856467e-6,-5.983205210651643e-6,-6.074469297253143e-6,-5.884445265872933e-6,-6.1467489543190005e-6,-6.010751548896111e-6,-5.803397301347931e-6,-6.1050898346579815e-6,-6.17177301403768e-6,-5.932448432902982e-6,-6.041204910851912e-6,-6.16107392801657e-6,-6.054302867338856e-6,-6.110692422720596e-6,-6.027839678853059e-6,-6.01535572431414e-6,-6.1483131624340495e-6,-6.1728713606760705e-6,-6.069718321932913e-6,-6.130435391120005e-6,-6.0219104688602985e-6,-5.9968986491742395e-6,-6.078326146359194e-6,-6.1091960919190615e-6,-5.998202325603739e-6,-5.8671527218555e-6,-6.112071399544652e-6,-6.083781135248521e-6,-6.017404007560738e-6,-5.946822289031352e-6,-6.217601878149277e-6,-6.15088992248067e-6,-6.016912523612783e-6,-6.105122213364296e-6,-6.098525275444291e-6,-6.043088644765268e-6,-6.070548356134037e-6,-6.041940637505875e-6,-6.0767463540508965e-6,-6.074416852259076e-6,-5.7676976955952664e-6,-6.144706699834925e-6,-6.107142522248949e-6,-6.033191113103799e-6,-6.040208338935172e-6,-5.875463299112801e-6,-5.9556840218627665e-6,-6.038349845733887e-6,-5.989935006063422e-6,-6.129751181394502e-6,-6.064510827596797e-6,-6.08767921357168e-6,-6.074690564135552e-6,-6.239483508112941e-6,-6.0819009237465505e-6,-6.192592927436407e-6,-6.119453479562046e-6,-5.99142641228281e-6,-5.8277371165245706e-6,-6.083710336503288e-6,-6.055982639317504e-6,-6.117853052318961e-6,-6.07313000434172e-6,-6.18401840631193e-6
-7.9620924842871e-6,-7.921544895280283e-6,-7.391661904469754e-6,-7.896474574124951e-6,-7.809839931408451e-6,-7.82120646000859e-6,-7.82972871384267e-6,-8.103660700895616e-6,-7.509053528065568e-6,-7.673783735220242e-6,-7.724653266143065e-6,-7.74401703019449e-6,-7.800360456474617e-6,-7.728640985009138e-6,-7.791707556209709e-6,-7.761108064901241e-6,-7.598167222332217e-6,-7.999787109531743e-6,-7.743851693649575e-6,-7.968695889354574e-6,-7.65572475758781e-6,-7.69868669325174e-6,-7.998107099289934e-6,-7.70350533079148e-6,-7.761073915954967e-6,-7.804496117939931e-6,-7.789681158129532e-6,-7.445021534720353e-6,-7.939517149244887e-6,-7.73999752956593e-6,-7.761760649134685e-6,-7.75301563505975e-6,-7.83688941136285e-6,-7.693207238984155e-6,-7.742170943831168e-6,-7.677146323931656e-6,-7.650118909264016e-6,-7.756346915690788e-6,-7.4567566964251495e-6,-7.82898683231416e-6,-7.671209862839729e-6,-7.5383562895598395e-6,-7.784268626401432e-6,-7.927068033549442e-6,-7.548844693663353e-6,-7.725386922245518e-6,-7.857139048769802e-6,-7.735340194134567e-6,-7.800242274448904e-6,-7.709049494621758e-6,-7.708121328543327e-6,-7.845944224271096e-6,-7.865813029269448e-6,-7.774247537703475e-6,-7.852162954289543e-6,-7.715712448886433e-6,-7.692226007686152e-6,-7.708373707334875e-6,-7.802588966605076e-6,-7.678950527210088e-6,-7.558211261704797e-6,-7.820650345948098e-6,-7.758154325582565e-6,-7.732608978973524e-6,-7.575057470778954e-6,-7.895020925230959e-6,-7.898513246192751e-6,-7.701658834829804e-6,-7.80216799779672e-6,-7.784678728055616e-6,-7.71141400942564e-6,-7.776593845572551e-6,-7.702686206934511e-6,-7.79879612879577e-6,-7.768130910078373e-6,-7.484784208089584e-6,-7.830062296137529e-6,-7.728235977149242e-6,-7.738853930935973e-6,-7.74239141287935e-6,-7.570084916091423e-6,-7.635144714003368e-6,-7.739096593519924e-6,-7.730459974197649e-6,-7.82853629159396e-6,-7.75159594972093e-6,-7.784746101861334e-6,-7.746904298339386e-6,-7.903693361392475e-6,-7.782898577025709e-6,-7.835829260794353e-6,-7.780127697676164e-6,-7.690106867057939e-6,-7.528479637946959e-6,-7.796516351657477e-6,-7.751829547253932e-6,-7.824196427586617e-6,-7.776918200937085e-6,-7.88226854906201e-6
-0.000010274159023770443,-0.000010240454681887037,-9.626479562502013e-6,-0.000010152471103081283,-0.000010071970477696288,-0.000010076953217431997,-0.000010110398411241123,-0.000010371073826694049,-9.728487075481294e-6,-9.973320291130538e-6,-0.000010040683681783928,-9.990860180956492e-6,-0.000010082179130722367,-9.961795836654527e-6,-0.000010053771571368974,-0.000010010627149728804,-9.88633455651533e-6,-0.000010266931193379897,-0.00001000784559426666,-0.000010240341259208084,-9.919745985729641e-6,-9.98090180016042e-6,-0.000010235347500013895,-9.980537980430928e-6,-0.000010012885730806001,-0.000010046010594687167,-0.000010056102124444521,-9.751391576095117e-6,-0.000010211128984695786,-0.00001000578718297213,-0.000010029679672008899,-0.000010006433412177372,-0.000010095583031973375,-9.949760058604597e-6,-9.988498635807537e-6,-9.928055071271493e-6,-9.91090207087073e-6,-0.000010021700702507015,-9.648464252068104e-6,-0.000010053365124264028,-9.909849333783516e-6,-9.824780036252593e-6,-0.00001004046757257502,-0.000010232661265593174,-9.75654120046481e-6,-9.988847110410332e-6,-0.000010120605424197132,-9.997247655527163e-6,-0.00001006782276178548,-9.929431152158246e-6,-9.98810871160626e-6,-0.000010103247238983772,-0.000010144068248542766,-0.000010056233699392869,-0.000010154985144345349,-9.994989766178823e-6,-9.83909961176634e-6,-9.901704554365566e-6,-0.000010069903612679852,-9.935922980505703e-6,-9.84458903304445e-6,-0.000010103590752386457,-0.000010007958892667845,-0.000010036044677160375,-9.763753004546386e-6,-0.000010136065607172792,-0.000010222552788438726,-9.974015380619741e-6,-0.000010068087953127958,-0.000010041888586907533,-9.969864833673556e-6,-0.000010064629756949243,-9.957098716267077e-6,-0.000010098087864881692,-0.00001003967836952873,-9.798555740361241e-6,-0.000010085028020786936,-9.926746047483302e-6,-0.000010035162882385093,-0.00001001376950050542,-9.879365578982588e-6,-9.89194734301936e-6,-0.00001001706749172894,-0.000010045841752441368,-0.00001009955319765505,-0.00001001633735557053,-0.000010030936203032985,-0.000010000554483518549,-0.000010152202328539477,-0.000010073998894730806,-0.000010069301501990212,-0.00001001606513457967,-9.935152704649871e-6,-9.820839613064201e-6,-0.000010076704868653306,-0.000010020280047532331,-0.000010095191802970153,-0.000010066432998399432,-0.000010149617058293219
-0.000013344547037471751,-0.000013289908742890898,-0.000012663992862327856,-0.000013183825889982469,-0.000013116509896689881,-0.000013101582286108848,-0.000013172656565907696,-0.000013413500735828419,-0.000012743781526787645,-0.000013070515135828984,-0.000013094476681692186,-0.00001302457415194985,-0.000013136029127286826,-0.000012926145421540364,-0.00001307122085116766,-0.000013025925332560997,-0.000012955682531862624,-0.00001330659453531091,-0.000013031210935994221,-0.00001330332867620535,-0.00001295823999116156,-0.000013049875625882789,-0.000013266049121703155,-0.000013054219383279195,-0.000013051086225840366,-0.000013047887501782506,-0.000013082099974619264,-0.000012858612281531958,-0.000013251177609938352,-0.000013062450234859172,-0.0000130846005037243,-0.000013028582364407015,-0.00001314058095234251,-0.000012997822708501444,-0.00001300117677736319,-0.000012999405740047248,-0.000012969039434105782,-0.00001307446823308072,-0.00001270249039623431,-0.000013044038105221485,-0.000012944911245750039,-0.000012891168044596512,-0.00001307831107779557,-0.000013314332052903926,-0.000012769896896079208,-0.000013038681851915005,-0.000013160128345217191,-0.00001299585423056632,-0.000013141783841816986,-0.000012925260217603986,-0.000013059353539469216,-0.000013144965944969788,-0.000013210811682324737,-0.000013114909012925928,-0.000013224310087955014,-0.000013054103210011986,-0.000012742245747092959,-0.000012878695558561771,-0.000013107690887273749,-0.00001298149184746739,-0.000012940694168850289,-0.000013149816105219067,-0.000013034207840534325,-0.000013121497753360993,-0.000012725650771312904,-0.00001315277447550863,-0.000013316254925977154,-0.00001303035584746183,-0.00001310596259274055,-0.000013081295474267465,-0.000013019797917302294,-0.000013144046733195643,-0.000013000993430225516,-0.000013174291745435074,-0.000013077668794261739,-0.000012888393027031121,-0.000013119315548489655,-0.000012907067345261692,-0.00001310886229789437,-0.000013062520145012932,-0.00001296096193394645,-0.000012911376543867832,-0.000013088418368044385,-0.000013148152018362345,-0.000013152001127359757,-0.00001305812865458535,-0.000013056334433796276,-0.000013013992140207886,-0.00001318517624538672,-0.000013146458949086155,-0.00001307113664145948,-0.000013044496770532282,-0.000012973055915404928,-0.000012874544808098082,-0.000013131218590856299,-0.000013079053393014658,-0.000013137422786608374,-0.00001312875851925352,-0.00001320860038126307
-0.00001741401053477245,-0.00001733980524400949,-0.000016750703541760654,-0.000017226737518245938,-0.000017192607342964353,-0.000017141777642346395,-0.000017266657561478985,-0.000017465287835713515,-0.000016780443188645646,-0.00001719878508609069,-0.000017133028852766303,-0.000017098160917246794,-0.000017208285717211726,-0.000016920134694188637,-0.000017112109865786734,-0.000017048174330828748,-0.000017075101855933025,-0.0000173645062693269,-0.000017094526368412882,-0.000017370465833909212,-0.00001701811049917038,-0.00001712041592927318,-0.000017319670373145573,-0.00001715226540655093,-0.00001713664527678643,-0.00001708694482139663,-0.000017128806452799582,-0.000016975446079741683,-0.000017328444784227293,-0.00001715313111745666,-0.00001717101319877754,-0.000017089840243398356,-0.000017210664896208627,-0.000017080789042630044,-0.000017033077648465604,-0.000017143751693160288,-0.000017043309017202458,-0.000017159335906531045,-0.000016853801855877913,-0.000017061883813610315,-0.000017008305063290957,-0.000016975673668257093,-0.000017138894254784397,-0.000017407027580844792,-0.000016832467755982436,-0.00001710560977611482,-0.000017222733499904477,-0.000016987379511425146,-0.0000172592731176854,-0.00001695572312251202,-0.000017168646560159886,-0.000017221045485548016,-0.00001727766685795774,-0.000017200978699000404,-0.00001731330185786889,-0.000017141600041550976,-0.000016725995889051943,-0.000016915494604651472,-0.000017162342315774874,-0.000017064403525147397,-0.000017034599404121694,-0.000017164680831640916,-0.000017094621343447182,-0.000017216408974773415,-0.000016717406965161578,-0.000017212287936705973,-0.000017420212249453655,-0.00001710588751479042,-0.000017162304391832177,-0.000017149079395642866,-0.00001709145090607068,-0.00001723892968619325,-0.00001707517483418787,-0.000017262381909241663,-0.000017121551599256567,-0.000016974343111930134,-0.000017165760898194382,-0.00001693719810643143,-0.0000171967657229449,-0.000017119720317691246,-0.00001704181052537025,-0.000016951408802875145,-0.000017189488009289653,-0.000017271436347676678,-0.000017224505123494888,-0.00001712726516524772,-0.000017101951508148857,-0.00001705654825551863,-0.000017251593403641073,-0.000017230895387061108,-0.000017078193626716374,-0.00001711294548159407,-0.000017015615027760642,-0.00001692601974253095,-0.000017204871786941322,-0.000017169455665718683,-0.000017211197147336184,-0.000017206244510041613,-0.000017298383397013264
-0.00002278112556888182,-0.000022706320832993493,-0.00002219313166759784,-0.00002258244245758392,-0.00002260272454266645,-0.000022505276669509465,-0.000022671077016636856,-0.000022858945481418032,-0.000022175708991890862,-0.000022647560536905332,-0.000022465529796730523,-0.000022479548414639804,-0.000022600616913873234,-0.000022255349274131233,-0.000022461290056820163,-0.00002239704585350455,-0.000022531270198912024,-0.000022735810521091932,-0.000022486189138520148,-0.000022740641056303014,-0.00002243242871925744,-0.00002248337347605854,-0.000022631911090668683,-0.000022564548486099227,-0.000022552692304840087,-0.000022486555437442352,-0.000022529726313169903,-0.000022402648096012132,-0.000022738201564977205,-0.000022582193918505197,-0.000022592673663888856,-0.000022482170324701215,-0.000022616422094231815,-0.00002249577570702107,-0.00002239903473455841,-0.00002261819288149444,-0.000022419144179696004,-0.000022566798882346852,-0.000022341883628503113,-0.000022421402878484616,-0.000022378077264458796,-0.000022371381320069894,-0.00002252929308477898,-0.00002280475332198039,-0.00002222823967707964,-0.000022496435871318445,-0.000022604548679084875,-0.00002232248715671914,-0.000022686602357838643,-0.000022306306035591765,-0.00002260769596215078,-0.000022636545944599842,-0.00002267994348947193,-0.000022613837286639546,-0.000022732830323540977,-0.00002254111658437992,-0.00002208010527558732,-0.00002231097113394218,-0.00002252905013742723,-0.000022476659483880408,-0.00002237203574630735,-0.000022465923021678915,-0.000022491926633000608,-0.000022620375714327617,-0.000022059342435119404,-0.00002261036301016593,-0.000022789967519382294,-0.000022515074611672645,-0.000022548198463641864,-0.000022527831938332057,-0.00002249207824751179,-0.000022651396133227326,-0.000022487783382833283,-0.000022660025612283687,-0.000022473125556394505,-0.00002236692721242208,-0.000022538425997094696,-0.000022320294881442923,-0.00002259394492105592,-0.00002249417815802323,-0.000022420560396737507,-0.000022342617413412877,-0.000022637215031996773,-0.000022713716189420517,-0.000022617626816414813,-0.00002252275883738791,-0.00002248707964583353,-0.0000224327656710629,-0.000022671912118903885,-0.000022629957839692584,-0.000022433232740996235,-0.00002250148408510904,-0.000022404846104107043,-0.00002227242220304809,-0.00002259373436318006,-0.000022580904215183452,-0.00002260387518537025,-0.000022595440128817963,-0.00002271834725441499
-0.000030350958829316416,-0.000030274790363444744,-0.00002984202081602508,-0.000030156361088712283,-0.000030220794402387654,-0.00003007829640227833,-0.0000302683814880706,-0.000030434740365129935,-0.00002976418325912996,-0.00003027681115392471,-0.00002999002812758755,-0.000030044402940748834,-0.000030185512131295704,-0.000029792120275361924,-0.0000299944520754567,-0.000029982372237136946,-0.000030158890766554822,-0.000030295852508539226,-0.000030039002344760025,-0.00003030122988373808,-0.0000300547153343163,-0.000030027752336107884,-0.000030108175485657154,-0.00003015344176130479,-0.000030161398997390213,-0.000030117402837426228,-0.000030147775748396612,-0.000030015714029596784,-0.000030329210879778802,-0.00003021722885572563,-0.00003022672044252458,-0.00003007556829113376,-0.000030240301707501703,-0.00003011243998698349,-0.00002999107717552145,-0.000030266294698245527,-0.00002998846034921146,-0.00003015759007377411,-0.000029994844551333583,-0.000030001193742427608,-0.000029912089779356683,-0.00002996273663440079,-0.000030120963004383125,-0.00003042871748595393,-0.000029842503500518964,-0.00003009177339261762,-0.000030183131615112396,-0.00002989994910442612,-0.000030298918266035466,-0.000029829374639869354,-0.000030224790839716746,-0.000030253433996314834,-0.000030294477484669986,-0.000030211927276363014,-0.00003035428115625715,-0.000030139662040301002,-0.00002966286581986948,-0.0000299521295811106,-0.000030100341897975436,-0.000030085513282096684,-0.00002989835855752426,-0.00002995462194013461,-0.00003010687720487899,-0.000030192620302543195,-0.00002962931643662859,-0.000030215905258434726,-0.000030348771325656742,-0.00003012893461965879,-0.000030135973065827637,-0.000030106109611189672,-0.000030094344670079417,-0.000030269103111865455,-0.000030103368471589835,-0.00003022790046868076,-0.00003001618894861905,-0.00002995026182617112,-0.000030147302379653185,-0.000029912834208209015,-0.000030160952750024422,-0.000030071662824399178,-0.00002992038291101606,-0.00002995105035188777,-0.00003028949020572628,-0.00003033865789895849,-0.000030217170269259106,-0.000030114499646427998,-0.000030062352680186417,-0.000029980218745061833,-0.00003032435646432639,-0.00003021565859878147,-0.000030020083331148155,-0.00003009983375462579,-0.000030103221736584104,-0.00002978203158266314,-0.00003019247380077769,-0.000030178948602982485,-0.000030162692798517326,-0.000030165655469812698,-0.000030365814282196112
-0.00004129731335793134,-0.00004120414439642728,-0.00004082373570673682,-0.000041102279665104836,-0.000041206286324622606,-0.00004106638053173549,-0.000041221377968404476,-0.0000412965275696075,-0.00004068367585384342,-0.000041255334374604926,-0.0000408942956198709,-0.000040972643937637194,-0.00004113521607336769,-0.00004076656399831025,-0.00004090576850436324,-0.00004095032741989432,-0.00004112624690992815,-0.000041201215979310365,-0.00004091983824183065,-0.00004119006741377611,-0.00004102827709982815,-0.0000409124282281747,-0.00004095775406487891,-0.00004109553530714378,-0.000041136497417772276,-0.000041120176778148664,-0.00004112509387004384,-0.000040986405649975446,-0.000041247004045249934,-0.00004121831063157564,-0.00004122667025976624,-0.000041018610113390554,-0.000041244923274886205,-0.00004109014384752172,-0.000040943139038821124,-0.0000412501780165667,-0.00004091910615993129,-0.000041092962620247916,-0.000040951080492437715,-0.00004091153254743099,-0.000040772349213046144,-0.000040909035267660616,-0.00004107374735963895,-0.00004142405756880836,-0.00004085018307859469,-0.000041062770366060407,-0.00004113374995415551,-0.00004087519081908623,-0.00004125803943924811,-0.00004070347827059222,-0.00004119701403394129,-0.000041235453011574766,-0.000041272340858133135,-0.00004115759469594094,-0.00004133641335945349,-0.00004112496220170588,-0.000040645081011582596,-0.000040994006509834204,-0.0000410462811148512,-0.000041049910815356384,-0.000040812693738543745,-0.00004081274921501527,-0.000041110313149710594,-0.0000411118037616205,-0.000040606714933993216,-0.000041191022831339323,-0.000041285739052845935,-0.000041092248660637524,-0.000041079775552062964,-0.00004106430896349305,-0.000041053770026085783,-0.000041235159524031985,-0.000041097638549748454,-0.00004115053459877559,-0.000040948827422748835,-0.00004085641775221405,-0.00004113537183263855,-0.0000408706722067096,-0.000041070718169132045,-0.000041005761250894825,-0.00004073437886338541,-0.00004093748803936078,-0.00004126768125999021,-0.000041320395119116845,-0.00004118575489522793,-0.00004106942127072401,-0.000040976951892087094,-0.00004086383920550096,-0.0000413467289040043,-0.000041172096844639734,-0.000040985760366525394,-0.00004107049064499367,-0.00004122531807123931,-0.00004067958893737719,-0.00004115762890559737,-0.00004114592347759343,-0.00004106488654962192,-0.00004108760400244933,-0.000041353055761848164
-0.00005749408794664302,-0.0000574150485942287,-0.0000570320167797188,-0.0000572863794080497,-0.000057458106786628345,-0.00005735106242806039,-0.000057429077823788865,-0.000057326131095910237,-0.000056847465272749154,-0.00005748993860325916,-0.000057080797150718674,-0.00005717880017694666,-0.00005735078359087808,-0.00005705638312764493,-0.00005709504434419535,-0.00005716270530538262,-0.0000573291206097422,-0.00005736258484280049,-0.00005702842830718928,-0.00005731979407530083,-0.00005724880969871828,-0.00005707428899491972,-0.00005709034193050191,-0.00005729911364872105,-0.00005736510496452549,-0.00005739811301344589,-0.00005735435804560314,-0.00005720628678264564,-0.00005743505520737037,-0.000057476898489552734,-0.0000574821328496268,-0.0000572175273495318,-0.00005750135502656105,-0.00005732355090520444,-0.00005713281536471411,-0.00005746594900987284,-0.000057135505207532365,-0.00005729984739417051,-0.000057192949011987176,-0.00005706127078146943,-0.00005690501545533912,-0.00005713858384068634,-0.00005727980543553617,-0.00005759897453884361,-0.000057144646007506536,-0.000057300262354602585,-0.000057353332824189024,-0.000057117897588500266,-0.00005745870705250866,-0.00005685392375959748,-0.00005740599788486203,-0.000057492445164346166,-0.000057515849410359765,-0.000057366078258328806,-0.00005755429910845007,-0.00005737674424762666,-0.000056921350604522485,-0.00005728623463609291,-0.000057253067560060196,-0.000057253346280172894,-0.00005704775850072753,-0.00005698822909091148,-0.00005738769496184072,-0.00005730991902846198,-0.000056834328057132476,-0.00005743543542419165,-0.00005751847790001203,-0.00005733894823548189,-0.0000572963509709076,-0.00005730044620875329,-0.000057247358009324215,-0.00005742360985164484,-0.000057367666819188714,-0.000057313198329581495,-0.00005716375643670511,-0.000057043884066110184,-0.000057358325017250935,-0.000057085298120559895,-0.0000572573876802026,-0.000057206337397998735,-0.00005683522608697649,-0.00005717273986712384,-0.00005747346095340248,-0.00005754188423625649,-0.000057410791611139094,-0.000057290524294519355,-0.000057187710218669906,-0.00005700287104254538,-0.000057609733348830945,-0.000057418374332910174,-0.000057215640878959256,-0.000057297145581240534,-0.000057559945948292566,-0.00005691127161683518,-0.00005737444839245478,-0.00005738204857049825,-0.000057264696335352565,-0.000057241952408931997,-0.00005755518220763967
-0.00008211794372155774,-0.0000820767122925513,-0.00008162849172260931,-0.0000818925584250737,-0.00008215773002940785,-0.00008209993096326748,-0.00008205941143179,-0.00008183658699419924,-0.00008140639609071,-0.00008215598355860285,-0.00008172441564477801,-0.0000818530211842039,-0.00008200973543216233,-0.00008181711918753187,-0.0000817233356144734,-0.00008181027792197458,-0.00008197441585523134,-0.0000820064452847592,-0.00008155671541145793,-0.00008189116180500697,-0.00008191689908998736,-0.00008172398209125342,-0.000081693144165466,-0.00008194344633837385,-0.00008202884998268742,-0.00008205771963114548,-0.00008202121386751207,-0.00008190531577622167,-0.00008210586989288292,-0.00008217196237379445,-0.00008216901479622216,-0.00008186066746721573,-0.00008219794255810795,-0.00008195702445124374,-0.00008173649131056797,-0.00008213296949246577,-0.00008181484428289331,-0.00008192375319483599,-0.00008190972742861834,-0.00008166284709463262,-0.00008147538706461434,-0.00008178357739583043,-0.0000819114836434305,-0.00008213411673886092,-0.00008188655977448835,-0.00008196371660602598,-0.00008200806123168626,-0.0000817799143714383,-0.00008207411276823877,-0.00008150336163315861,-0.00008202815611767598,-0.00008219613040686961,-0.00008218908495297899,-0.0000820172453814876,-0.00008219015061360248,-0.00008204135713367198,-0.00008166607127433358,-0.00008201321678159672,-0.00008187900390400855,-0.00008189165980942915,-0.00008175947028612204,-0.00008169346880963698,-0.00008209699523802647,-0.00008196722111500423,-0.0000814428035708207,-0.00008212194709313524,-0.0000822178911113804,-0.00008205857219627126,-0.00008197335424689839,-0.00008199202845351065,-0.00008189475414681346,-0.0000820399809412461,-0.00008207733328508545,-0.00008189146216924299,-0.0000817970907454502,-0.00008169147125663026,-0.00008194612988557485,-0.00008171943901348488,-0.00008190457672002592,-0.00008187770681116468,-0.0000814099050791857,-0.00008182338704722651,-0.0000820655085435282,-0.00008218852940739847,-0.0000820841158962438,-0.00008196282403513384,-0.00008192046731086,-0.00008159285450739521,-0.0000822905918516816,-0.0000821267779458626,-0.00008188340059255732,-0.00008195581331133832,-0.00008221892434830422,-0.00008163398606326501,-0.00008203778261773181,-0.00008206347105864504,-0.00008192971067630969,-0.00008181269906387868,-0.00008219722888530968
-0.00012088880668115983,-0.00012086273266731775,-0.00012036115577597397,-0.00012064791293195331,-0.00012101468460071942,-0.00012102962614205882,-0.00012082466402883789,-0.00012065070620698569,-0.00012013810449532366,-0.00012096869206457497,-0.000120492904354994,-0.00012066244355708397,-0.00012083212441276237,-0.00012074806029702088,-0.0001204753405865049,-0.00012063813945203681,-0.00012075910491466898,-0.00012085952525465115,-0.00012020573711189406,-0.00012065639054482634,-0.00012065583326675196,-0.000120594647011302,-0.00012043732363427908,-0.00012076446794429696,-0.00012084415511870239,-0.00012082205325557153,-0.00012085172106143942,-0.00012077749302845088,-0.00012092029337865915,-0.00012102981647127054,-0.00012099405142209445,-0.00012066218079842715,-0.00012105898767220791,-0.0001207001729082489,-0.0001204829837218573,-0.00012096799589479421,-0.00012067240084101006,-0.00012068597768642,-0.00012077841464770434,-0.00012046265288282005,-0.00012018714322376326,-0.00012056999988074209,-0.00012068067247485562,-0.00012084455710411875,-0.00012075882693477773,-0.00012074274443216523,-0.00012079799310205414,-0.00012060371872637645,-0.00012084348083266311,-0.0001203687729583699,-0.0001207680530244275,-0.00012105222989882095,-0.00012097574021320301,-0.00012082781196826831,-0.00012097021499137494,-0.00012082110786250876,-0.00012055343362973479,-0.00012090018430218687,-0.00012064559613865638,-0.00012071256961101906,-0.00012064494757193484,-0.0001206076457024798,-0.00012096842840481513,-0.00012076654600662331,-0.00012013888435911103,-0.00012096048937454483,-0.0001210520527922007,-0.00012094538494633418,-0.00012083034442183013,-0.00012081503507392356,-0.00012070825109512563,-0.00012083696629000953,-0.00012095706472799509,-0.00012063577544514062,-0.00012056839303928752,-0.00012046105694011255,-0.00012066849954698046,-0.00012050912673490724,-0.00012072543655699653,-0.00012072224630411179,-0.00012015800264124762,-0.00012067066273869318,-0.00012076363042543173,-0.00012102007845010731,-0.00012092117106678665,-0.00012079845099696173,-0.00012088357665824711,-0.0001202736196394027,-0.00012115616093040269,-0.00012098932233087166,-0.00012066695692669095,-0.0001207426021210512,-0.00012085216194162161,-0.00012052578428719412,-0.00012084240143507724,-0.00012089406174323639,-0.00012073475535389735,-0.00012057139947185237,-0.0001210225318151007
-0.0001854241532116041,-0.00018537281932148436,-0.00018489268709764005,-0.00018513901664437188,-0.00018562499731147162,-0.00018571252714308525,-0.0001853244547930245,-0.0001853296801673115,-0.00018468072358233159,-0.0001855547417805655,-0.00018499684432363145,-0.00018516779298908517,-0.00018543060678095517,-0.0001854438301509207,-0.00018495470379081017,-0.0001852536979429047,-0.00018526730931402367,-0.000185506880709328,-0.00018455837528377682,-0.00018525560979547171,-0.0001851056312429827,-0.00018526495593199847,-0.00018493516815056027,-0.0001853774951350066,-0.00018539820706248137,-0.00018536369731763708,-0.00018548753087436066,-0.00018538504864736306,-0.00018550821263938963,-0.00018567306775322596,-0.00018558305293549997,-0.00018522847483723296,-0.0001856874820002944,-0.00018520433633189377,-0.00018499051334066983,-0.00018550912499251467,-0.0001853259564855357,-0.00018529511770700336,-0.00018537336172703772,-0.00018508047391627998,-0.00018467807444010916,-0.00018516409896705165,-0.00018521351308891526,-0.00018539216493943206,-0.00018537793434422913,-0.00018529295524866894,-0.00018530636233642683,-0.00018522273790287758,-0.0001854041301117724,-0.0001850598459942415,-0.00018528622056904193,-0.00018562914282718108,-0.0001855187934708303,-0.00018542355489944144,-0.0001854948417752808,-0.00018533200209161033,-0.00018525443522863578,-0.00018550405091438845,-0.00018519983476430614,-0.00018532420422265173,-0.00018530291793562083,-0.00018529322239625175,-0.00018563329947102989,-0.00018531283882678717,-0.00018455336917670394,-0.00018553821268147195,-0.00018560809438410397,-0.00018560467274700645,-0.0001854938041999583,-0.00018536468096367437,-0.0001852669433949352,-0.0001853858664749855,-0.00018566609965602504,-0.00018516959658773814,-0.0001851202229524475,-0.000184927746471328,-0.00018518787308364362,-0.00018509300208241757,-0.0001853393579449233,-0.0001853213725194773,-0.00018471491153340265,-0.00018534227929230238,-0.00018527607242972634,-0.00018565049852925486,-0.000185520422296937,-0.00018541034828129823,-0.0001856273445443261,-0.00018458991394162158,-0.00018576614219104878,-0.00018561258572348023,-0.0001851883547948309,-0.000185296677367815,-0.00018518389698025792,-0.00018518761150336304,-0.00018540997382201975,-0.00018548505578958212,-0.0001853108472877065,-0.0001851468857833511,-0.00018561423798759454
-0.0002990011851881269,-0.0002989218535609037,-0.00029858311320977705,-0.0002987162830302797,-0.00029924890054382745,-0.00029933207305592755,-0.0002988624510415213,-0.0002990519935521355,-0.0002982765285595144,-0.00029924050799801766,-0.00029862442959572487,-0.00029877181076905755,-0.000299131758802528,-0.0002992163214517458,-0.0002984899682497821,-0.0002989864787031882,-0.00029880551539634704,-0.0002992093273177088,-0.00029797162880137383,-0.0002989167337277543,-0.0002986528578961984,-0.00029901686216428006,-0.0002985514245864661,-0.0002990406018779815,-0.00029892370416305196,-0.0002989773702319592,-0.0002991649988147261,-0.0002990301609451865,-0.0002992162377150662,-0.0002994076626891614,-0.00029922451690438497,-0.00029891881354264266,-0.0002993664591251701,-0.0002987454189979947,-0.00029851941380482875,-0.00029905356207346923,-0.0002990136880428228,-0.000299008951371105,-0.00029901469786145776,-0.0002988358193719171,-0.00029826089091694016,-0.00029879823996585716,-0.0002988018334764927,-0.0002990915379320456,-0.0002990815203419859,-0.00029893552648060603,-0.0002987637825116621,-0.00029899223975219736,-0.0002990358820800338,-0.0002988678546223014,-0.00029886354390078955,-0.00029920195420931624,-0.00029915449128602146,-0.00029911125821929384,-0.00029905625150654076,-0.000298853330645175,-0.0002990633708269874,-0.0002990657311558989,-0.00029885393320611445,-0.0002989420295150005,-0.0002990246893594149,-0.0002990552611432149,-0.0002993611647384209,-0.0002989279829713968,-0.0002979817012854811,-0.00029913038481394416,-0.00029921473882299477,-0.00029934335907884444,-0.00029924837072736537,-0.00029896568092148824,-0.00029883188299180364,-0.0002989792141771205,-0.000299473426417184,-0.00029870902712738766,-0.0002987458924913818,-0.00029838680375672674,-0.00029878062126079846,-0.00029875988489198424,-0.00029903083345434367,-0.00029890070845956483,-0.0002983292183485893,-0.0002990122187018747,-0.00029899016668346863,-0.0002993699582010622,-0.00029918451613106765,-0.0002990462598127714,-0.00029936596102841516,-0.0002978074792364792,-0.0002994173909239869,-0.0002992613085135918,-0.00029878921787391725,-0.00029894914626429447,-0.0002985406633045975,-0.0002988815402225086,-0.0002990283066110227,-0.0002991445359034236,-0.0002989417585198431,-0.00029879188948478977,-0.0002992416301878624
-0.0005204458073899024,-0.000520460895849829,-0.0005202279698614937,-0.0005202420073367753,-0.0005207139655129741,-0.0005207434408835132,-0.0005202963319525522,-0.0005206721999183098,-0.0005196595184965147,-0.0005209121887244224,-0.0005203697852028074,-0.0005202869686716654,-0.0005207456466743404,-0.0005210185147943309,-0.0005199401384747982,-0.0005207142319221288,-0.0005202575472899402,-0.00052081719964683,-0.000519363230081608,-0.0005205083032393237,-0.0005200870238064533,-0.0005206527641253103,-0.0005202084517125732,-0.0005206330541342513,-0.0005202185529010414,-0.0005204828132301817,-0.0005206572873109568,-0.0005205849379131783,-0.0005207681553723487,-0.0005210742844033668,-0.0005207815720696754,-0.0005206236070141926,-0.0005209407384593192,-0.0005201953607013428,-0.0005199162768624557,-0.0005204776418502514,-0.0005205176126203791,-0.0005206500316953188,-0.0005205940062293147,-0.0005205458068428363,-0.0005198175541063332,-0.0005202598323878301,-0.0005202626592947684,-0.0005206129315993072,-0.0005207189842436149,-0.0005205580034725933,-0.0005200331136896311,-0.000520774970587538,-0.0005206213343442148,-0.0005205887300938621,-0.000520323586796691,-0.0005206747831482774,-0.0005206808925083871,-0.000520766463754965,-0.0005204738600458254,-0.0005202970116998716,-0.0005208076646733054,-0.0005204162116434674,-0.0005204648193486268,-0.0005203810448925876,-0.0005206727182581047,-0.0005207077927516367,-0.0005209452243715861,-0.0005204850653000001,-0.000519290676916005,-0.0005205998265716254,-0.0005206957405987063,-0.0005209769196591826,-0.0005209315822994246,-0.0005204852921813926,-0.0005202241542046119,-0.0005204112299549028,-0.0005212085390546708,-0.00052013626009775,-0.0005203018780585065,-0.0005198409867429351,-0.0005201801512008674,-0.0005203371353843622,-0.000520657581214126,-0.0005203017564164515,-0.0005198703588276553,-0.0005205239174135917,-0.0005207050215531781,-0.000520930449295805,-0.0005207415568069397,-0.0005205752178849628,-0.0005209363428633352,-0.0005188323550596029,-0.000520942340505644,-0.000520774445994287,-0.0005203066553427268,-0.0005205860477589881,-0.0005197757732224649,-0.0005204301907199718,-0.0005205238624468813,-0.000520663465436022,-0.0005204611002828778,-0.00052039456233641,-0.0005207551772125685
-0.001029666747432921,-0.001029868275013821,-0.0010294806710019963,-0.001029345773094838,-0.001029837590382976,-0.0010297636223108384,-0.0010294948702141756,-0.0010299021758070049,-0.0010287217663481486,-0.0010304292711264978,-0.001029984042449397,-0.0010294659558074595,-0.0010299664756914999,-0.0010306731200227922,-0.0010292600601648273,-0.001030186801446596,-0.0010294046850787037,-0.0010301369684040619,-0.0010286086842474066,-0.0010298674191122148,-0.0010292478762506164,-0.0010299165536795164,-0.001029688559549925,-0.0010299044937329164,-0.001029028009884775,-0.0010296791984909228,-0.001029636729766315,-0.0010297195126470569,-0.001029813976889344,-0.0010304451342859487,-0.001029953741999727,-0.0010300388773259754,-0.0010302153978321387,-0.0010293664023339937,-0.001029033453066662,-0.0010295480310839966,-0.0010297628726538845,-0.0010299675664297253,-0.0010295606795366677,-0.0010299126440036757,-0.001029108846674173,-0.0010294477557151382,-0.001029446345508902,-0.0010296253931857823,-0.0010300442519505424,-0.0010300326329268352,-0.0010289289393837352,-0.0010301664415964624,-0.0010299572186474653,-0.0010300629263878711,-0.0010295674291928348,-0.0010298395218110246,-0.0010297673617702208,-0.001030230193385196,-0.0010294541575905816,-0.0010296576633101063,-0.0010302914403776903,-0.0010293701438586628,-0.0010298985661290265,-0.0010294950788079047,-0.0010299896473840646,-0.0010301248542567035,-0.0010300831460276793,-0.001029751759274593,-0.001028338602970511,-0.001029767513796522,-0.0010297393758738056,-0.001030324357143913,-0.0010302712584329323,-0.0010297789271453029,-0.0010292849666652154,-0.0010294736948031618,-0.0010305764318015323,-0.0010292224574655622,-0.00102962735072981,-0.001029213682327171,-0.00102917383303448,-0.001029490384962904,-0.001030069656395119,-0.001029383910988491,-0.0010291575245382498,-0.00102961049765171,-0.0010301328212514076,-0.0010300883492117105,-0.0010299290956774013,-0.0010297164032030761,-0.0010300736759435876,-0.001027522246843823,-0.0010300182428721544,-0.0010300631109689336,-0.0010294482328211457,-0.0010299652162269488,-0.0010287523697468434,-0.001029630442620662,-0.0010297008797687979,-0.0010297831432087515,-0.0010296573934701536,-0.0010296585392199605,-0.0010297804036483765
-0.002520863649968351,-0.0025212114322724416,-0.002520617507638372,-0.0025198900503787137,-0.002520699293140595,-0.002520859543840018,-0.0025205533395489307,-0.002520768880128016,-0.002519796640902538,-0.002521972536705881,-0.002521559186759738,-0.0025207092234358647,-0.0025208172831233406,-0.002522001034747727,-0.0025206294387297296,-0.002521272122211228,-0.002520353939870349,-0.002521082585205252,-0.002520018857459546,-0.002520876339600664,-0.002520270221768622,-0.0025209332713902657,-0.0025211264657332933,-0.0025208438744849593,-0.0025197280137098706,-0.0025205218942819414,-0.0025200496065059808,-0.0025203544711254293,-0.002520405349835125,-0.0025216200552530777,-0.002520782807277323,-0.0025211800161158964,-0.0025212476621754134,-0.0025202778477770495,-0.002520139370293405,-0.0025201660468968912,-0.0025208394560763212,-0.0025211557971944708,-0.0025198739154097477,-0.002520991477487573,-0.0025201187255082676,-0.0025205812654903017,-0.002520695472222759,-0.0025203012445633357,-0.0025209591255903737,-0.0025213301763236267,-0.002519494864794111,-0.0025208756552090785,-0.0025210693911471927,-0.0025212850944959612,-0.0025207612942799115,-0.00252076372779292,-0.002520397682282728,-0.0025216043029908314,-0.0025200819788759776,-0.002521051093882845,-0.002521643864608375,-0.0025203012886671817,-0.0025212115261877446,-0.0025204065068986153,-0.002521123569929889,-0.0025215397540425456,-0.002520705966480223,-0.0025208606008304524,-0.0025191246868926107,-0.002520582331239569,-0.002520674657614944,-0.002521517642000058,-0.0025212660806012525,-0.0025206520255954745,-0.002519855225029858,-0.0025203933724380076,-0.0025214662414217454,-0.002520225879545546,-0.0025208987517948535,-0.0025206860716719807,-0.0025201041172175274,-0.002520232397220987,-0.0025211712848813945,-0.0025201919170619877,-0.002520326092149035,-0.0025205302764297784,-0.0025215924799643886,-0.0025210728430799306,-0.0025209968287014323,-0.0025204365672337175,-0.00252056440778409,-0.0025180918580597757,-0.002520734632800248,-0.0025213968051260105,-0.0025203701321401695,-0.002521171499267279,-0.0025195983496807545,-0.002520351047776935,-0.0025206721992693205,-0.0025205166505224167,-0.0025205980292586283,-0.0025205701346684966,-0.002520428171038448
-0.00863729854827127,-0.008637474981644475,-0.008636565485079361,-0.008635267823128791,-0.008635720731539379,-0.008637490897284602,-0.008635962005730025,-0.008636203550047683,-0.00863595365879613,-0.008638393956343186,-0.00863849065597115,-0.008638062771958582,-0.008636266413052762,-0.008637844570341302,-0.008637095699273522,-0.008637050959598734,-0.008635924718126322,-0.008636351538358001,-0.008636627760599012,-0.008636214142393784,-0.00863679785846051,-0.008635941320961493,-0.008637757037481968,-0.008636858095967112,-0.008635963187402274,-0.00863559916171644,-0.008634487566168844,-0.008635508210844335,-0.008635668547627425,-0.008637618745524139,-0.00863646954558808,-0.008635860545470924,-0.008637099406418977,-0.008636372159296031,-0.008636662788173865,-0.008635485460136049,-0.008637207647629819,-0.00863740464725016,-0.008635034819314831,-0.008637006399528765,-0.008636014426707235,-0.00863683047057921,-0.00863705998797279,-0.008636145031451811,-0.008636167647002072,-0.008637644291056663,-0.008634601921508021,-0.008636011383039335,-0.008636862765870446,-0.008637187909997766,-0.008637418836877755,-0.008636534895185653,-0.008635578417794994,-0.008637749557036454,-0.008635561971508627,-0.008637490285923491,-0.00863834862900099,-0.008636248871348232,-0.008636942117215364,-0.008635941327603976,-0.008636772708641213,-0.00863773304802524,-0.008635819934607693,-0.008636388795194981,-0.00863483924341181,-0.008635941873459042,-0.008636402002830276,-0.008636764802652894,-0.008636556818418739,-0.00863592767430418,-0.008634602644913527,-0.008636987022019212,-0.008636584036038904,-0.008636543113296796,-0.008636950394732872,-0.008636906104433406,-0.008636548695608398,-0.008635814551893852,-0.008636404422576668,-0.008635307680091825,-0.008636314028342446,-0.008636571407782402,-0.008637388440502675,-0.008637314079762818,-0.008637572998182496,-0.008635662631039324,-0.008635441158044758,-0.00863435060492855,-0.008636200886493597,-0.008638143256260873,-0.008636941427180102,-0.008637579592685561,-0.008635951523794948,-0.008636003906894806,-0.008637016735101305,-0.008636125027002626,-0.008636672169818504,-0.008636787042218685,-0.008635855296067892
-0.04600579406167933,-0.046004223479230444,-0.04600590548437781,-0.04600453972998979,-0.046001094107036566,-0.046005644632064704,-0.04600269717358489,-0.046002489896133814,-0.046003852364891296,-0.04600669576468462,-0.04600979974605249,-0.0460103596365678,-0.04600542948933123,-0.04600556364280209,-0.046008189187261246,-0.04600492098151883,-0.04600382014870001,-0.046001668200763554,-0.04600766158001305,-0.04600345328797359,-0.046007560081748014,-0.04600285727200673,-0.04600580386700128,-0.046005711903556276,-0.04600538698419538,-0.046003391721398286,-0.04600066758238252,-0.04600359589261161,-0.04600291439285151,-0.04600515932555568,-0.04600486356009566,-0.04600148612464662,-0.04600687456546408,-0.04600465350377452,-0.046007476753348,-0.04600381075081571,-0.04600737212225374,-0.046005113974130374,-0.04600459809354629,-0.04600602004466557,-0.0460067438408979,-0.046008559952850955,-0.04600491495987635,-0.04600375866640386,-0.046004182730664714,-0.04600686027759897,-0.046004051420947704,-0.04600573057028112,-0.04600367552467145,-0.04600478775632997,-0.04601281752569657,-0.04600322446287598,-0.046002663177309985,-0.04600560072025333,-0.04600313588401232,-0.04600547019534981,-0.04600896897843519,-0.046003046168009,-0.046003907932310656,-0.046004556958654755,-0.04600334993642165,-0.04600428844629752,-0.04600087058880051,-0.046003123833572815,-0.046003737832621516,-0.04600447365864036,-0.046004865692433616,-0.046005273151994514,-0.046003551156568935,-0.04600422107931667,-0.04600106898501198,-0.04600729919471076,-0.046003803954955305,-0.046006480336004144,-0.04600467585602484,-0.04600794478646046,-0.046006530659230806,-0.04600699095146383,-0.04600290387396681,-0.04600269490620766,-0.04600395668423832,-0.04600608725148478,-0.04600361545836332,-0.046006288716990855,-0.046005616955365695,-0.0460045485739226,-0.04600167400644607,-0.04600664159687457,-0.046004102084175845,-0.04600891172559634,-0.04600757655213226,-0.046009188007480446,-0.04600599606086858,-0.04600473289287521,-0.04600790623250048,-0.04600573390129467,-0.04600593141114788,-0.046004335484429254,-0.04600414125062864
