-0.06656252373229321,-0.06656051762527522,-0.06656267064409961,-0.06657172366751932,-0.06655680750126539,-0.0665623591402853,-0.06655969148946038,-0.06655560930894537,-0.06655894013038693,-0.06656647054552099,-0.06656000082007653,-0.0665705140376698,-0.06656174419315738,-0.06656432433420537,-0.06657403741409146,-0.0665616276775256,-0.06655955290907808,-0.06655776218920524,-0.06656721237022824,-0.06655462634845392,-0.06656003757132249,-0.06656156810447944,-0.06657311200068454,-0.06656323410780936,-0.06656681971670801,-0.0665600421519889,-0.06655284450167658,-0.06655933875225611,-0.06655095705405242,-0.06656539254978272,-0.06656677581632554,-0.0665553840114859,-0.06656851051181217,-0.06656030078385539,-0.06657455476743274,-0.06655957756118006,-0.0665685059492682,-0.06655717799521038,-0.06654986901465992,-0.06656547510432403,-0.0665557171657028,-0.06655377635833463,-0.06656231552864633,-0.06655494532589676,-0.06655704813857397,-0.0665686132161089,-0.06655868816224886,-0.06655879844727601,-0.06656365590478569,-0.06656238574964218,-0.06657021257352384,-0.06655778828986586,-0.0665569119569097,-0.06656964930550907,-0.06655805157629278,-0.06657094091097383,-0.0665579856988031,-0.0665608697178042,-0.0665585748692635,-0.0665614472483481,-0.06656094841368583,-0.06656256749375211,-0.06656320915667793,-0.06655856869146912,-0.06655747052615882,-0.06656038502393702,-0.06655868569718126,-0.06656353014409802,-0.06656188203493343,-0.06656747005488706,-0.06655230606685837,-0.06656426591165802,-0.06656645667701508,-0.06655955251329941,-0.06656332493949524,-0.06656175847061495,-0.06656385761201976,-0.06656487049381914,-0.06656011135822729,-0.06655913176607345,-0.06655606670433087,-0.06655671880551463,-0.06656205927595575,-0.06657592039774851,-0.06656668963789808,-0.066561656215977,-0.06655615330122464,-0.0665553999940083,-0.06656134776411393,-0.06656999796612713,-0.0665552514998723,-0.06656659050424955,-0.06656716850204623,-0.06656615380756797,-0.06657038852905164,-0.06656583242879976,-0.06656847939658951,-0.06656514670154755,-0.06656647713194652
0.026789655602296007,0.026788708305563805,0.02679058328274678,0.026788993285394316,0.02678642272284375,0.026789367546760777,0.026787523848884148,0.026787676000749876,0.026788711926544972,0.02678972205850961,0.026793701425236807,0.026791839556160504,0.02678958324486304,0.02678964017133637,0.026788949509116186,0.02679108503188512,0.02678873386109979,0.026787129076965704,0.0267885784591078,0.026790539132215616,0.02679139399381438,0.026787302887532678,0.026786550374960985,0.026788963899372666,0.026789769925202385,0.02678802076362443,0.026788798526001426,0.026789629446159806,0.02679083787406973,0.026788362233679815,0.026788229607050157,0.026787951164987125,0.026788499008238494,0.026789726469846162,0.026789475559959496,0.02678990214176675,0.0267903314417361,0.02679108019977595,0.026790153465842452,0.026789577752973553,0.026794133066864144,0.026799774814141013,0.026788921169685304,0.026789895491059555,0.026789817114808125,0.02678950844538041,0.026790284620101967,0.026791029912369237,0.026787959750794316,0.026789268628894754,0.02679435935714949,0.026787844876899516,0.026788940370252028,0.026788462785315204,0.02678927519653216,0.026787431768259717,0.026793253167960773,0.026787341508692636,0.026788822585726742,0.026789585621493396,0.026787265714292526,0.026786885568800264,0.026784906620160434,0.026787609044166077,0.026790301612675493,0.0267884942099959,0.026791507783828376,0.02679064682639517,0.0267892231205173,0.026787197379109166,0.026788992876879327,0.026790662634993634,0.02678808227428231,0.026790817825819296,0.026788152395716032,0.026793211652697723,0.026792187230405287,0.026791146547109235,0.02678657133195962,0.026788036071548595,0.026789775309540496,0.026791968578116776,0.026788645291064422,0.0267866815151982,0.026790314602365924,0.026788714804864392,0.026787092945280862,0.026792883378887723,0.026789266563382805,0.026790495134544363,0.02679217582703304,0.026792762935917477,0.026789501272510355,0.026788489389695733,0.026789663511003578,0.026789678869036267,0.026787924761506113,0.026786847158804604,0.026788840319698456
0.004488434892258445,0.004487913326571903,0.004488192091263589,0.0044876856162140094,0.004486245547858857,0.004488935332231289,0.004486754674778725,0.004486847297518251,0.004487782910606102,0.004488576890153938,0.004489673675483874,0.0044893504350289725,0.004486975735848431,0.0044878625466237615,0.0044872575895020415,0.004488893890559507,0.004487181122023847,0.00448742008276852,0.004487288028572414,0.004489956653572566,0.004487726893992034,0.004486285627264,0.004486925243887617,0.004487127494346397,0.004488067954752237,0.004486710437425209,0.004487361171328244,0.004487466947903081,0.004488771194853509,0.004487560114141588,0.004487496553087218,0.0044872970068451715,0.0044871162475027,0.004487749027963859,0.004487809565853486,0.00448812020453926,0.004488257856498808,0.0044891811393026875,0.004486542116218558,0.004487406335125968,0.004489829763708949,0.004495091157210378,0.00448719102350908,0.004488641713539465,0.004487231813143214,0.004487769456534594,0.004487806657669083,0.004487648786389393,0.004488035729167186,0.004488244396908266,0.004488744588549047,0.00448723718103532,0.004487553754646432,0.0044875602864569535,0.004487711454316402,0.004487933107292608,0.004489725237086775,0.004487090772070179,0.004487538105891826,0.004487404380569202,0.004486336000460646,0.004487199224465404,0.004485918181125504,0.004487184777818036,0.004487141444265973,0.004486432433147238,0.004489765530568382,0.004488036214416144,0.004487629008763791,0.004486037345932411,0.004486904536439295,0.004488129797182656,0.004487636905453818,0.004487738170580156,0.004487257797843083,0.004489277548027756,0.004489660411422146,0.004487687260427916,0.004486277359777665,0.004486512764216164,0.004488359639798227,0.00448852388865249,0.004488451316923998,0.004486885243889085,0.004489345490746429,0.004486892319298455,0.0044865165107984,0.004488200537900867,0.00448774737329233,0.004488196404320072,0.0044891908753770205,0.004489076772004991,0.00448742853649132,0.0044871184109422455,0.004487388207008878,0.004487335375094737,0.004487000501043636,0.004487243810559793,0.004487455071830489
0.0011717336355349843,0.0011717757137792975,0.0011718176374871407,0.001171518080239303,0.0011706961943024727,0.0011723399263700314,0.001171121025415659,0.0011711417748469708,0.0011717624229388456,0.001172024340927308,0.0011720004911120446,0.0011723806712790282,0.0011711640154416444,0.0011715894688750926,0.0011714480829586019,0.0011723967577476659,0.0011712796987788459,0.001171913554025713,0.001171590483286153,0.0011743051683583083,0.0011711786541539941,0.0011708128102930443,0.001171161991295058,0.0011708478375829913,0.0011713205031699254,0.00117104329143277,0.0011716193166375329,0.0011713149225867875,0.0011722005861226834,0.0011715820764516692,0.0011716371829577498,0.0011718116412552937,0.0011710885941292634,0.0011712508657367956,0.0011711497788777152,0.0011719020098019863,0.0011717642741868274,0.001172312536559941,0.0011704632972416688,0.0011712435241199122,0.0011729358606526695,0.001178191161742828,0.0011708661601613755,0.0011722113757165853,0.0011708997736574538,0.0011713020760815815,0.0011716815726580572,0.0011717351228084192,0.0011721106889914024,0.0011717396831929063,0.0011718700305805713,0.0011713538783237071,0.0011713196723751882,0.0011714878910778959,0.0011715454662840712,0.0011724876495191794,0.0011729473617696734,0.001171114984551911,0.0011715622781722785,0.0011713757314995971,0.0011704791092895395,0.001171083442001253,0.0011708745413378926,0.0011715386290050195,0.0011711478387313192,0.0011707806062750173,0.0011733516998452163,0.0011717825603472058,0.0011716310964189906,0.0011708122684566027,0.0011711328483134365,0.0011714820076734707,0.0011717624640835936,0.0011713864071774952,0.0011711701623621012,0.0011725905243173836,0.001172580157097208,0.0011715919304371026,0.001171235575010809,0.0011709176066743523,0.00117213744118716,0.0011718802744262932,0.001172375667170282,0.0011713106633407635,0.0011721747525481564,0.0011711422090418728,0.001171088458352397,0.0011714462871009056,0.0011720515801078688,0.0011716109514886843,0.0011723402498742923,0.0011721220488815618,0.0011713064458444308,0.0011711551755635478,0.0011710729812221964,0.0011713981342482717,0.001171235568560128,0.0011712683834521373,0.0011712933913588506
0.0004287290998917779,0.0004290073025959775,0.00042899781380711444,0.00042880291394366884,0.0004283405898433371,0.00042939731575657755,0.00042869548109188935,0.0004286166191821009,0.00042894675230297614,0.0004290527342948989,0.0004286730878505734,0.0004293959102416204,0.00042864095133927406,0.0004291265353296869,0.0004288574902200961,0.00042962066367659943,0.0004287517042685224,0.00042937793354827546,0.00042896060218582804,0.00043132834428846864,0.00042859502653733866,0.00042843859159338166,0.0004286583917429208,0.00042856856399300355,0.0004286477984868424,0.00042855766000881256,0.00042904335175698237,0.0004289039375129566,0.0004293782181243202,0.0004290275426811834,0.0004291306333172897,0.0004291633865005519,0.00042847761235641945,0.00042857123069269985,0.0004282951005410244,0.0004292002852658794,0.0004290586566892022,0.0004293072812030374,0.00042802008891649834,0.00042899541250780894,0.000430137811018049,0.00043464794253830037,0.00042827203455964176,0.000429485337662474,0.0004282721924442675,0.00042859720448264806,0.0004288780237821293,0.0004291734852166725,0.00042935030854942603,0.00042885244467993433,0.00042898980735675286,0.0004288598888521051,0.0004285963794708915,0.00042884499758429843,0.0004287905922749789,0.000429859947750508,0.0004300830736025254,0.0004285797310794266,0.0004289081811586497,0.0004287580121142859,0.0004280431953692705,0.0004282134691426481,0.00042871863634072515,0.0004288953828146363,0.0004287253109450752,0.00042840236532691367,0.00042990098092225606,0.0004288540009120426,0.00042907732964965543,0.0004286418622380324,0.0004286619038253599,0.0004287322445575459,0.0004289660335503585,0.00042867098914642734,0.00042837992251944695,0.0004294622691307369,0.00042956734379114687,0.0004289984764782327,0.0004289514384551461,0.00042838132221346514,0.00042939134345367153,0.00042885451360236615,0.0004294071287789335,0.0004289135740849022,0.000429181634368082,0.0004286861327146114,0.0004287362295777723,0.00042868709367534696,0.0004300621211322742,0.0004288694810568337,0.00042944588679274436,0.0004291821703338993,0.0004288354373694068,0.00042875437532558305,0.0004284697087030113,0.0004289200734963405,0.00042869492506811366,0.00042869102675448093,0.00042870395379419077
0.00019303070836865119,0.00019342442379498715,0.0001934553395991034,0.00019324075657991337,0.00019311478920880452,0.0001936814845779051,0.0001932422761082368,0.00019316200137872553,0.0001932284572992126,0.00019337571018292042,0.00019302286563592906,0.00019371356453178534,0.0001931273678244084,0.00019385579379873109,0.0001934093436617919,0.00019391684581845673,0.00019336629953695364,0.00019373263037730603,0.0001933546751640439,0.0001951343026756708,0.00019319086628888122,0.00019319616339105099,0.00019322687871888328,0.00019351509312075943,0.0001932452087581604,0.00019296747696489528,0.00019354972381393153,0.0001936062164497536,0.00019372079198769188,0.0001935474781567466,0.00019375004047793927,0.00019365407815972286,0.00019302050781423816,0.00019310388138150185,0.00019281300363920814,0.00019361253132261786,0.00019359472509956888,0.00019353805064806445,0.00019265203218741766,0.00019384990919159154,0.00019463232648057223,0.00019799862158864735,0.0001929648701413568,0.00019390831652567914,0.00019291203263893734,0.000193091579671937,0.00019325650570414636,0.00019359967463457046,0.0001936457747430937,0.00019323969933971054,0.00019339829024555492,0.00019342036039463452,0.00019303003574371448,0.0001933483676595039,0.00019314956223462614,0.000194186796307259,0.00019434898772829174,0.0001932318382495818,0.00019350641311473226,0.00019331124717683666,0.00019262139310537374,0.00019247304856664346,0.0001933896689397123,0.00019334457900936034,0.00019336174733318933,0.00019305510338584893,0.00019359926333203248,0.000193205526725983,0.00019352247560395504,0.00019324680850853584,0.00019291121295818877,0.00019325924473293201,0.00019323326179658768,0.00019320714959601186,0.00019286979741659207,0.00019365128799692457,0.00019385848191365312,0.00019357544534022341,0.00019340925462303925,0.00019296741569711917,0.0001938379901362058,0.0001931603596597124,0.0001936963253629535,0.0001934437980475251,0.00019358708797286082,0.00019328497236498405,0.00019325704616464926,0.00019328053794735145,0.0001948391037912694,0.0001933667031913529,0.0001937465329667874,0.000193546165328186,0.00019331285148054965,0.0001933550391631435,0.00019312364076514763,0.00019343399907189787,0.00019316860865802412,0.0001932153789904767,0.0001933234211966949
0.00009823968675970842,0.00009865026244404424,0.00009871306410263344,0.00009865328179577395,0.00009862856995267934,0.00009878683101930086,0.00009859695532645748,0.00009856666445959335,0.00009848802659821814,0.00009856623943431834,0.0000983293112579808,0.00009897293201487634,0.00009846132584715665,0.00009925066548702272,0.00009872100706536131,0.00009905502037485124,0.00009873327414529799,0.00009889591411592249,0.00009858742094326852,0.00010021906576825717,0.00009866457524683266,0.0000985887660265841,0.00009881004029653249,0.00009915556095693292,0.00009862522170919636,0.0000980730355621606,0.00009885296354441775,0.00009900940190070147,0.00009892279602169883,0.0000989090673642391,0.00009910555431083387,0.00009892765584303919,0.00009835472039662827,0.00009849120552169911,0.00009822185444780852,0.00009885238167766337,0.00009893874696547037,0.00009868779393461128,0.00009792025347830193,0.00009927539206742165,0.00009995494092963884,0.0001022172515825699,0.00009844047635242059,0.00009907493127060805,0.00009836751917199268,0.00009842823509563408,0.00009858998630565214,0.00009879762886742783,0.00009871058875656817,0.00009856742715175866,0.0000987204486833506,0.00009876880020446787,0.00009838331034068705,0.00009866350559674279,0.00009830354444028455,0.00009929288985301694,0.00009934931323094882,0.0000986984680306567,0.00009884243999814114,0.00009872329737337402,0.00009803064106694846,0.00009760405841203784,0.00009876065214461886,0.00009866371168418457,0.00009872990146681754,0.00009849854802717992,0.00009845431793278778,0.00009844412806627313,0.00009872104469194458,0.00009857515395261804,0.00009811926515644801,0.00009861185397229839,0.00009844603735309319,0.00009855529734897977,0.00009824263603795737,0.00009882412112776777,0.00009896765046598174,0.00009884569195699978,0.00009863316717327359,0.0000984272776979323,0.00009906911869611954,0.00009841535156320964,0.0000988566658835693,0.00009876928373727805,0.00009880346479668342,0.00009863332721235388,0.00009860297453985264,0.00009868291106652997,0.00009998000483657881,0.00009871936356666634,0.00009888726095453931,0.00009876521041253923,0.00009855875189698421,0.00009871286607536159,0.00009857842202653076,0.00009873646739293808,0.00009848973397661919,0.00009853579732232626,0.00009871313077924768
0.000054419003629090465,0.000054724945423346164,0.00005482476525222062,0.000054887951647980286,0.00005485434481679942,0.00005481968031423278,0.00005475707208777605,0.000054856987537152115,0.00005463605760114272,0.000054665038072975185,0.000054499419914390065,0.000055052848583700664,0.00005462841801198447,0.00005525636347862209,0.00005488070791306605,0.00005508130338080951,0.00005489202070985357,0.000055011936283249647,0.000054689601449584504,0.000055805907634756034,0.000054909441082183614,0.00005471132743138932,0.000055168465105587444,0.000055505470567399674,0.000054788532220005193,0.00005387263688612948,0.000054943448381684055,0.00005519264063375491,0.00005498780799533512,0.00005505063155703604,0.000055220887441393974,0.00005500635401166686,0.000054505516757325835,0.0000546848413583829,0.00005446466121272689,0.00005492250791501085,0.00005493188813549239,0.00005472512731798431,0.00005402068420937488,0.00005535148898609452,0.00005590746564043262,0.00005702761640377475,0.00005465624750882643,0.0000551233910372453,0.000054765387648569164,0.00005461906132803045,0.0000547923135003218,0.000054874517382091654,0.00005474465711165746,0.00005473087057334039,0.00005483390562964542,0.00005490335615949454,0.00005475632603622193,0.000054783345263263435,0.00005429686502470336,0.000055133283819454554,0.00005529914941963747,0.0000549156249220538,0.00005494249595795884,0.00005492495097622331,0.0000542940706324244,0.00005387873779429365,0.00005484286131534914,0.00005481223654616351,0.00005481943406852585,0.00005470273288984021,0.00005460410833221471,0.00005452983845343986,0.000054785275882760726,0.00005479238058121312,0.00005443309607642535,0.00005476721031100246,0.00005457922717744155,0.000054740336768363726,0.00005445611650704431,0.00005486510718271749,0.00005504807387850155,0.0000548096918635377,0.00005464700134148097,0.000054666459993332956,0.00005511480328667143,0.00005456496852734691,0.00005488997810550979,0.00005500692876175789,0.000054847191835216954,0.00005482911549209753,0.000054770861124013505,0.000054859438816418774,0.00005607315887378386,0.00005489242391556601,0.000054875877592091735,0.00005482696209406628,0.000054729382609195287,0.00005482097812692671,0.000054800557134958885,0.000054861759689565794,0.0000546615707276323,0.00005466694035637888,0.000054805007377430834
0.00003182819660291966,0.000031937543810710746,0.000032105468012089415,0.000032059841420327564,0.00003213536082435613,0.00003211283806133614,0.00003202465116398777,0.000032218384354971606,0.000031990593437683214,0.00003194867896616449,0.00003176581887297137,0.000032233789511481204,0.00003191033280578895,0.00003244492319656375,0.00003222607058500011,0.00003226072465007544,0.00003210293384536221,0.000032232563732123054,0.000031932291175479526,0.000032267439173177914,0.000032238765917735334,0.000031926749850676566,0.000032493350243706815,0.0000327319574339046,0.00003204870323506083,0.00003105628922287893,0.000032193215123204543,0.000032442526880241746,0.00003220845962570379,0.000032302272379056196,0.000032480913445146034,0.00003223187379475102,0.000031816524217149244,0.000031983756782585676,0.000031809263199991214,0.000032102257953256945,0.00003205560584800952,0.00003192790916863807,0.00003136059699843903,0.00003254340453338761,0.00003290912615064246,0.00003337671284033943,0.00003197154413958965,0.00003232977640315281,0.00003226755090435032,0.000031946224519401296,0.00003207923115395006,0.00003210313507342821,0.00003201673670691511,0.00003197945006734336,0.00003207351685965539,0.000032161531853969244,0.000032164588862759016,0.00003200527140790895,0.0000315469852828392,0.000031967348184041306,0.00003253237158085561,0.000032222077608018174,0.00003208346589543659,0.00003220944762646824,0.000031671829816881485,0.000031496261783321486,0.00003201672893660406,0.00003202991038599239,0.00003206673291833076,0.000031982653388382204,0.00003205800074812759,0.00003174440079427143,0.00003200917604614946,0.00003210369428360776,0.00003183085303489084,0.00003205620333230758,0.00003184603915213507,0.000032022307812795136,0.00003175939718967536,0.00003204126889348856,0.000032400053335443966,0.000031878417367945206,0.00003182145698510761,0.00003197308912755974,0.00003226980927336299,0.000031781926843065356,0.00003208088667020551,0.000032311601280697185,0.00003205240501626052,0.00003213301325464922,0.00003201870947735045,0.00003212174066584854,0.000033401612213367296,0.00003217409913733417,0.00003204835817722002,0.0000320319152465321,0.000032053356537546604,0.0000320372013383328,0.000032066372736006584,0.00003211140876468514,0.00003195999595457491,0.000031937733188206385,0.00003202026799792748
0.000019871493482404625,0.00001984527802817233,0.00002005795646252604,0.00001990869687656201,0.000020017095377661388,0.00002014984844203354,0.000019967346911231465,0.000020175495223021257,0.00001999690137650877,0.000019884271869270973,0.000019697962610968964,0.000020096964036500722,0.00001987276945834678,0.00002013392244795189,0.000020153844111594433,0.000020105811855996904,0.000019980917673841964,0.000020104009839163165,0.000019866785637782094,0.000019639618807760227,0.00002016851281443905,0.00001982508559276611,0.00002043389751711196,0.00002050547393177857,0.000019967484715620184,0.00001911044832023641,0.000020148239422446066,0.000020302785585445572,0.00002009214147067482,0.00002021133663660039,0.00002046606748502119,0.000020096293559655763,0.00001975744332420356,0.000019916315158501053,0.0000198085193477646,0.000020022976562614854,0.00001989867429471134,0.000019852128999749087,0.00001937241902967398,0.000020488067982885036,0.00002040104734820499,0.00002083430576094055,0.00001993419481338038,0.0000201721266001313,0.000020214675867216312,0.000019905043914457167,0.000020027725917609338,0.000020013674859994798,0.00001990639333564698,0.000019883642301140882,0.000020014500809904406,0.000020079480633169043,0.00002008448902899001,0.000019912179337254054,0.000019578478491209892,0.000019727104040570182,0.000020495825858113103,0.00002016468289080544,0.000019885508248762626,0.000020145176789952446,0.000019745441706737604,0.000019828573671664924,0.000019883361832055057,0.000019910183902902314,0.000019990045166502008,0.00001992774704955587,0.00002010909152913698,0.000019666676550147296,0.000019928262892194724,0.000020043202239623957,0.00001970589462557037,0.00001998248439927339,0.000019719376300284632,0.000019994754588456016,0.000019714583828175693,0.000019925898096683755,0.000020342317927393812,0.000019706514240179347,0.00001972427891870209,0.000019917225252143414,0.000020107515794866968,0.000019706826752619562,0.000020115953680432124,0.00002019167290061014,0.000019953331264777907,0.00002007372207334716,0.00001995284737917081,0.00001996377018775907,0.000021015728569098756,0.00002010813790831406,0.00001996300979054344,0.000019958595650822094,0.00002003921024324438,0.000019928868494816262,0.000019910516766647273,0.000020041739412072345,0.000019938248200822638,0.00001992279736561647,0.000020059589718445333
0.000012390739225570437,0.00001236891764204515,0.000012568225783731578,0.00001244840416163994,0.000012453239375558269,0.00001273747541674845,0.000012502533694592546,0.000012664905301348022,0.000012484306622172474,0.000012395488096571377,0.00001224934945213673,0.000012651791383619831,0.000012421286674147848,0.000012397804782929829,0.00001260643640396444,0.00001258695229348965,0.000012447536138849667,0.000012579106824927748,0.000012392335232262715,0.000011925904056998925,0.000012649205908763891,0.000012363126591630868,0.000012953597462950273,0.000012893223455130686,0.000012470768189761616,0.000011861967056955092,0.000012669525134845822,0.000012655728464729802,0.000012572836232412154,0.000012727235850909466,0.000013022678343884848,0.000012506353732611648,0.000012332757591987021,0.000012465686981846201,0.000012426994479124398,0.000012585822151453605,0.000012330298590164776,0.000012391327330174298,0.000011897942584956113,0.000013004714320979372,0.000012471949144558943,0.000013787031811774183,0.000012459397107960912,0.000012562755985095307,0.00001256613111010186,0.000012432347266830848,0.000012576189790142183,0.00001252949702849484,0.000012376245222599828,0.000012406218178416366,0.00001253019106566599,0.000012574523389281888,0.000012498871476487133,0.000012433135947256593,0.000012268302114906793,0.000012294569593873173,0.00001300908851824382,0.00001262566231981143,0.000012347487326156573,0.000012649621051858109,0.000012381898901566973,0.000012522322061559614,0.000012396897918076198,0.000012404070034897437,0.000012469027506733316,0.000012449867577635017,0.000012791885284888447,0.000012181446060402371,0.000012451874876495817,0.00001256952405911705,0.000012172330534903114,0.000012510716102078884,0.00001216375922874231,0.000012506028479620431,0.000012318073526082168,0.000012412237430842015,0.000012841336991249731,0.000012171133739720584,0.000012257408161998281,0.00001245458255728212,0.000012544625340305709,0.000012103808305300018,0.000012699637446984505,0.000012609909371505117,0.000012469934778390106,0.000012583790774267046,0.000012505436368419792,0.000012434628245459988,0.000013169932962211634,0.00001261504073253268,0.000012523233480517547,0.000012451893803517288,0.000012543820961545823,0.000012395004932819675,0.000012355088393509051,0.000012556064805433141,0.000012488769153846726,0.000012493359091280271,0.000012820027139472834
7.2303522573659015e-6,7.321947460702531e-6,7.39039958971652e-6,7.463409342968836e-6,7.296221418908273e-6,7.498075134201539e-6,7.394577415117333e-6,7.5107939429026885e-6,7.336237855673433e-6,7.282538150239348e-6,7.182719452709594e-6,7.571261622323177e-6,7.336078040579201e-6,7.177843742148853e-6,7.433959152974516e-6,7.482838860994847e-6,7.343781783796769e-6,7.430515280132038e-6,7.320160353065115e-6,6.803498033197954e-6,7.552612829093717e-6,7.295980135510353e-6,7.90797969716562e-6,7.5657513805418265e-6,7.360231287813681e-6,6.8724104927561836e-6,7.521884926053584e-6,7.4684317894972324e-6,7.503694683848583e-6,7.656693840013695e-6,7.863497708341943e-6,7.351634690152676e-6,7.27097969188901e-6,7.40513698715884e-6,7.440307731616712e-6,7.500998705023008e-6,7.178105498629677e-6,7.2948602536349934e-6,6.899346488642378e-6,7.864000491657275e-6,7.227200859806611e-6,9.193054366952317e-6,7.352347356388841e-6,7.426885302812839e-6,7.317893648884191e-6,7.340968198565174e-6,7.467880035649608e-6,7.432472053760946e-6,7.200322497638175e-6,7.31779226967903e-6,7.4424703791756676e-6,7.452284108102329e-6,7.346655795805801e-6,7.3276411917552145e-6,7.296456520435206e-6,7.466011119951062e-6,7.828237590917755e-6,7.511731400635103e-6,7.325442615001808e-6,7.508125312479604e-6,7.355378363056987e-6,7.439215507661495e-6,7.318774278882334e-6,7.334608969135274e-6,7.344218210591846e-6,7.363342919142422e-6,7.593117792989006e-6,7.077432748335943e-6,7.353635653564858e-6,7.470385862069918e-6,7.138870211383216e-6,7.420742074795294e-6,7.105214870929917e-6,7.3629772135017915e-6,7.336566062599361e-6,7.301374604244946e-6,7.644676366250388e-6,7.0976742433730745e-6,7.237274496499506e-6,7.393821712694567e-6,7.355440712452304e-6,6.871530091043884e-6,7.4373229362836e-6,7.4025725153029324e-6,7.390249060189634e-6,7.450514264424622e-6,7.4078194555052446e-6,7.338049765698078e-6,7.927660859526867e-6,7.500870729079831e-6,7.455862272720402e-6,7.354468036202669e-6,7.437965042158468e-6,7.230872995449639e-6,7.261023131188136e-6,7.457555038583774e-6,7.406283816850374e-6,7.439476345847964e-6,7.869148598747387e-6
4.383849192870552e-6,4.514027457165495e-6,4.462187452141224e-6,4.671111854460654e-6,4.442719043469901e-6,4.447910336530249e-6,4.544451133043663e-6,4.588632741500189e-6,4.562192609400445e-6,4.396640647869613e-6,4.386799136766348e-6,4.742380213664804e-6,4.502423927947301e-6,4.196882562068272e-6,4.472947161222057e-6,4.65000420232744e-6,4.503432955823606e-6,4.479764569044665e-6,4.49616988537015e-6,3.919568624548262e-6,4.699671769007916e-6,4.486585746760506e-6,5.08255764747261e-6,4.5219433623158165e-6,4.5313393130403144e-6,4.088243526934407e-6,4.617692710505992e-6,4.568737352145164e-6,4.769337108703519e-6,4.8455550728597455e-6,4.922587989044822e-6,4.484318487190667e-6,4.441761125319801e-6,4.571008385410858e-6,4.660678625776358e-6,4.615119870595545e-6,4.300789501953991e-6,4.447275723534506e-6,4.165537230604822e-6,4.955895088512342e-6,4.37887018024098e-6,6.649190791334173e-6,4.506295671840271e-6,4.5785200735734165e-6,4.395482390190609e-6,4.4569051434032455e-6,4.573039518205213e-6,4.609832637436674e-6,4.357668238284525e-6,4.516117006738198e-6,4.611053863173948e-6,4.5657366352764455e-6,4.4889488384763746e-6,4.463542945524402e-6,4.48807517133261e-6,4.883861456256148e-6,4.9374257712847385e-6,4.651881489311679e-6,4.556683198180207e-6,4.6075325841334526e-6,4.494907401769998e-6,4.383650545228533e-6,4.4798993259996175e-6,4.520479322075994e-6,4.489335814479153e-6,4.529711514274505e-6,4.660883596982226e-6,4.249770023778994e-6,4.485127145933915e-6,4.5877987951003475e-6,4.392222886151338e-6,4.561777048143579e-6,4.4037358974942115e-6,4.516372601570249e-6,4.60915315842475e-6,4.4434620942800696e-6,4.553457083117997e-6,4.278523251088865e-6,4.4425573796829924e-6,4.574839766061566e-6,4.388160480887401e-6,3.963569065267168e-6,4.3113866555870695e-6,4.443261292009243e-6,4.563835893174487e-6,4.553036860125751e-6,4.533217751117527e-6,4.470737806724993e-6,4.918251622589183e-6,4.646744195910633e-6,4.633119509056567e-6,4.514619956313864e-6,4.578518618841446e-6,4.360833376509504e-6,4.434147572687576e-6,4.604561637752355e-6,4.566297595056298e-6,4.628102071263129e-6,4.998732881273781e-6
2.505987344301412e-6,2.610266354359487e-6,2.4956519710228708e-6,2.7721670954243848e-6,2.5271043015539597e-6,2.4646867707728527e-6,2.641340857184963e-6,2.623060814453604e-6,2.7247011807757886e-6,2.45700447507493e-6,2.5413754221545843e-6,2.7937210189932413e-6,2.6012449609660464e-6,2.2387631566559743e-6,2.4782776136776357e-6,2.738881483845627e-6,2.6206966918407472e-6,2.5199882266023466e-6,2.5844898386157457e-6,2.174259095443825e-6,2.767373557275213e-6,2.5949381089030143e-6,3.1473239481122217e-6,2.569046309000231e-6,2.621401257947605e-6,2.2882570841897307e-6,2.67710020430017e-6,2.630041027316951e-6,2.9563860214847703e-6,2.9373208886921803e-6,2.850962390739048e-6,2.552454851532511e-6,2.5401951864885275e-6,2.6379195220432085e-6,2.809987129137593e-6,2.6792138423468775e-6,2.3726251577951315e-6,2.5377421840250806e-6,2.3355783951056345e-6,2.8836574807399743e-6,2.5336312411484183e-6,4.603050676092054e-6,2.6015233463769786e-6,2.676357543825601e-6,2.510336735440958e-6,2.5380531832730622e-6,2.6245174347149733e-6,2.7126861610773756e-6,2.5104754307843487e-6,2.6674478378412886e-6,2.7033765374935413e-6,2.642570428143797e-6,2.5133880973584303e-6,2.5242066847611184e-6,2.4505891451452295e-6,3.1959882279655987e-6,2.90983336139687e-6,2.703694972111935e-6,2.6834146376746194e-6,2.6386039091158336e-6,2.578694974675025e-6,2.2620868750991586e-6,2.5747288014415107e-6,2.6018696139356557e-6,2.566325290845706e-6,2.6278134462307516e-6,2.4929179353823785e-6,2.4049457652466165e-6,2.55446481890837e-6,2.6203095652249232e-6,2.510970994764103e-6,2.6439803432290885e-6,2.613781286699949e-6,2.638428303342711e-6,2.789783717233779e-6,2.5122513391057557e-6,2.3830245292721206e-6,2.325179601446771e-6,2.5263197088778922e-6,2.667732591576582e-6,2.3393055346320443e-6,2.0284869328646527e-6,2.18230936081076e-6,2.482518175614602e-6,2.630980690114919e-6,2.592750778528925e-6,2.5977718034699104e-6,2.557847426890471e-6,2.9329208575690635e-6,2.72788142804958e-6,2.6958486285734984e-6,2.6081957237358553e-6,2.6367935917232616e-6,2.481210880031156e-6,2.5408504203794875e-6,2.693698196580037e-6,2.6499720679942405e-6,2.7281731238241275e-6,2.9669863498127163e-6
1.6464940615228753e-6,1.7084090239198662e-6,1.5337347728918395e-6,1.825919620694542e-6,1.6268045824157442e-6,1.565876345926749e-6,1.719989274247283e-6,1.6985639914488886e-6,1.8404550609030062e-6,1.590109285612499e-6,1.6793366463755684e-6,1.795552554068584e-6,1.6955368736416511e-6,1.4088011598744756e-6,1.4908391091878703e-6,1.8420972698537792e-6,1.7107308600800566e-6,1.6565881729104353e-6,1.672192452793907e-6,1.5928512385158134e-6,1.8385684426819764e-6,1.6860503850940805e-6,2.2762455762056135e-6,1.670894815334362e-6,1.6991086536950364e-6,1.2125310114861823e-6,1.7503042671472121e-6,1.7188204572794725e-6,2.1045008169554103e-6,1.9979999606489298e-6,1.7965327137595049e-6,1.6151286015990864e-6,1.6364046303966035e-6,1.683005799902159e-6,1.951756799845457e-6,1.7562180484626499e-6,1.4611361722660414e-6,1.6511799324479576e-6,1.5032134968446952e-6,1.7915989545404648e-6,1.679888873022406e-6,3.240101252569809e-6,1.704271932031734e-6,1.7904903358365787e-6,1.6421616401472877e-6,1.6285471823979539e-6,1.6887359680230394e-6,1.808461580778788e-6,1.6704795430694062e-6,1.8267654517470773e-6,1.766085654340197e-6,1.7250169637621992e-6,1.5757546990778816e-6,1.5963363283894096e-6,1.3535843728010955e-6,2.242658624484069e-6,1.8899009102789832e-6,1.7629029265128436e-6,1.796545362796945e-6,1.6916061971548333e-6,1.69894185749672e-6,1.3976021314097852e-6,1.6820942392506353e-6,1.6867280392836832e-6,1.6635331489661654e-6,1.7106157162645706e-6,1.1180076814033244e-6,1.5492450125453886e-6,1.67496564156903e-6,1.6687751650661787e-6,1.6306504366164952e-6,1.7431535614341689e-6,1.7799208385826916e-6,1.7412793650050108e-6,1.96762020987322e-6,1.662829019119211e-6,1.2593894742578083e-6,1.4026585690425097e-6,1.6226671112776256e-6,1.7422338958276184e-6,1.3525878937983112e-6,1.1638527093450912e-6,1.1412159447117025e-6,1.6225104975660243e-6,1.6788869111757091e-6,1.6492657117552763e-6,1.6806331605647737e-6,1.6748138390337322e-6,2.089431556367018e-6,1.8216637603484383e-6,1.7746377396620288e-6,1.7069736553558487e-6,1.7115825018199141e-6,1.5656312776470258e-6,1.6515098420984658e-6,1.77249233863118e-6,1.722427430331137e-6,1.80121355441735e-6,1.9852857913323233e-6
1.087016986959017e-6,1.1487480732460168e-6,1.0303953976427799e-6,1.215486134974907e-6,1.1000666515050204e-6,1.0083145692093124e-6,1.1599610065919063e-6,1.17694270991421e-6,1.2723886310425217e-6,1.1014491162750132e-6,1.1891833303761951e-6,1.2006073109752378e-6,1.1641414002773561e-6,9.41724702217163e-7,9.062019298867971e-7,1.2854298934924628e-6,1.1723803660097474e-6,1.2038738494932363e-6,1.1291046311760987e-6,1.16553382340029e-6,1.2850810375295907e-6,1.173028251906332e-6,1.7204294429434091e-6,1.1221135727860473e-6,1.189088149921658e-6,4.375781656347336e-7,1.1907535679859859e-6,1.1886736693551178e-6,1.529439189769465e-6,1.4140585914661798e-6,1.167683487914755e-6,1.0967590240695918e-6,1.1167066962771057e-6,1.1204240254613192e-6,1.3704922206517414e-6,1.1772175415547817e-6,9.446812277508886e-7,1.112921007098838e-6,1.067828258312831e-6,1.1805792979710353e-6,1.1024168227252763e-6,2.7310902660160043e-6,1.1876462673115255e-6,1.2504940947217946e-6,1.1439301394436751e-6,1.0794250635090371e-6,1.1139306069089507e-6,1.2596973109088437e-6,1.183242643984083e-6,1.3274399206327e-6,1.1657634716090987e-6,1.1796585095776371e-6,1.0206102338538734e-6,1.0583931029070783e-6,6.504859274113032e-7,1.4214530996313528e-6,1.2903457103994698e-6,1.2457257207924638e-6,1.2682302438103997e-6,1.1260232469807148e-6,1.1333787299214107e-6,1.1067804941161988e-6,1.1460803628170739e-6,1.1553839625651375e-6,1.0550262139123406e-6,1.1396777866965425e-6,5.384799083331876e-7,1.0291629615649297e-6,1.137786777376521e-6,1.1186239873622536e-6,1.138231327088518e-6,1.2070653610850625e-6,1.3657920091355194e-6,1.2113419247601267e-6,1.4494449171707862e-6,1.18035724761926e-6,6.017720488549668e-7,9.537957599824308e-7,1.1888165978399288e-6,1.1701773326557875e-6,7.824040596388777e-7,6.599527462219473e-7,5.649096532286915e-7,1.0971759824725942e-6,1.1146083158922468e-6,1.1073955214730856e-6,1.1512000203496848e-6,1.1471397072954584e-6,1.465374490912457e-6,1.2922966157447783e-6,1.188155901852392e-6,1.169915905297767e-6,1.1786900100856588e-6,1.0197077072186872e-6,1.1330655365287153e-6,1.2221819419283618e-6,1.1656396529386296e-6,1.2634020445220707e-6,1.4231604758878287e-6
4.831652485555071e-7,5.35399952068317e-7,5.677582087202989e-7,5.898912852323137e-7,5.220051423589993e-7,4.2348645582169877e-7,5.700484840863444e-7,6.403572049522395e-7,7.286764921755969e-7,5.431017136456743e-7,6.397900191757935e-7,6.607215822941151e-7,5.985945381141775e-7,3.6247603941442117e-7,4.030874680840755e-7,6.76301722706787e-7,5.766684074013587e-7,6.63937926776865e-7,5.731850520265279e-7,6.005497219282387e-7,6.894366683334859e-7,6.16253939883697e-7,1.0756442021183347e-6,5.163462510904974e-7,5.816493832781592e-7,-3.0768009114908174e-7,5.854462943786614e-7,6.717323179997969e-7,8.786789197948869e-7,7.96087555582316e-7,6.209508192300125e-7,5.481520112333347e-7,5.772347699195957e-7,5.32506040345296e-7,7.245401344701032e-7,5.433386588652795e-7,3.822914200224245e-7,5.11008302923443e-7,5.796340323643617e-7,5.630246427983508e-7,5.306947272517542e-7,2.167944777844575e-6,6.217713432376987e-7,6.462104580066783e-7,5.871986945507506e-7,4.945020308516639e-7,4.98481731315086e-7,6.71614536433913e-7,5.910217150356447e-7,7.95473540795427e-7,5.269638215462972e-7,6.046277640745599e-7,4.4782923311836907e-7,4.896450568391012e-7,-1.1287143299393168e-8,7.05502834463183e-7,6.348546504442185e-7,6.887016561900674e-7,6.614823525807326e-7,5.382799690505142e-7,5.584027701269384e-7,7.02451816800934e-7,5.679022867152134e-7,5.790904055103392e-7,3.911948479513745e-7,5.543124092732958e-7,4.996041833652695e-7,4.410194708722538e-7,5.495714314803209e-7,5.403769367848545e-7,6.460854750444076e-7,6.218507214650823e-7,7.031520184568323e-7,6.299651402309267e-7,7.990163965071818e-7,6.29624972337476e-7,-7.379929270114297e-8,4.563444213951513e-7,7.61790047762201e-7,5.618911850271366e-7,1.787241532331538e-7,1.2656429047637243e-7,-5.79470685914602e-8,4.952539817029124e-7,5.325660748622549e-7,5.394960072776014e-7,5.620127032489444e-7,5.940756611703602e-7,8.486640230949777e-7,6.897774118268347e-7,5.071409026445149e-7,5.832621385178159e-7,6.33699342581783e-7,4.5339927602707233e-7,5.604164444221351e-7,6.401215004795815e-7,5.768678993496076e-7,6.878544532813702e-7,7.6045294758114e-7
7.853015473830174e-8,7.960389210277218e-8,2.437935213318821e-7,1.1425270757313275e-7,1.0208144680036278e-7,1.1321702275556922e-7,1.2654127270642905e-7,2.1679951915560634e-7,3.697328638949404e-7,1.3626720413092896e-7,1.983202173936009e-7,2.759425142379188e-7,1.818054455503542e-7,4.2675503670043826e-8,5.6816813282857476e-8,2.154959513187132e-7,1.0322421988863582e-7,1.9583835351857008e-7,1.6779179106861484e-7,2.2218888118859736e-7,2.697382728208633e-7,2.0132950041899284e-7,5.794217748676725e-7,4.084076182541057e-8,1.1097863029541572e-7,-8.990082720293797e-7,1.3631146983888583e-7,2.919579716931235e-7,3.9011040606168e-7,3.267456097617521e-7,2.2938181957520365e-7,1.2870835512204247e-7,1.77062170789113e-7,1.2621960687161133e-7,2.2651566879924584e-7,5.480413003639239e-8,-2.761324705177896e-8,3.6219977763599896e-8,9.800129730850104e-8,3.502268308465406e-8,1.2325273802451591e-7,1.6232961002257453e-6,1.9835244603763807e-7,1.2711965957547426e-7,9.629938858694485e-8,6.104569817800598e-8,3.946365439654618e-8,2.538217396018745e-7,7.233919716898341e-8,3.5061213336558847e-7,5.172649124062123e-8,2.006714311234782e-7,6.246617505298408e-8,6.977321744590408e-8,-4.3400745444584906e-7,3.160338358819528e-7,1.9001901434693413e-7,2.691589232198494e-7,2.0031844217649964e-7,9.513487999575218e-8,1.40086151049479e-7,3.6967336188556613e-7,1.3268956153782966e-7,1.552789165225236e-7,-9.276486355154201e-8,1.3796123573064054e-7,8.407756066677489e-7,2.386003343714615e-8,1.0307546802717966e-7,1.1016962012935309e-7,2.926012966162207e-7,1.664581187248147e-7,8.725530073557172e-8,1.9850158191927893e-7,3.158405520200418e-7,2.073514635625776e-7,-5.353896615934633e-7,4.3652669650249026e-8,3.7021099688333714e-7,1.3404858961041014e-7,-2.88911459169503e-7,-2.2374148130218206e-7,-5.646317121878516e-7,-2.4694651395972367e-8,1.0999661534079959e-7,1.163683556333991e-7,1.680789883689586e-7,1.5173269966812317e-7,4.3907475633352184e-7,2.0767529462748338e-7,-9.568201658842805e-9,1.486615133595354e-7,2.370064989988313e-7,5.729819610579514e-8,1.3651907420880403e-7,1.8387472432203944e-7,1.3624938474652387e-7,2.8871845784937925e-7,2.258852898060566e-7
6.201784102324284e-7,5.996578938701375e-7,8.150005274389596e-7,6.116328416384238e-7,6.337570476886576e-7,7.276898198406291e-7,6.508056006207344e-7,7.139494859708418e-7,9.191325954560714e-7,6.867314230544733e-7,6.851024992552918e-7,8.274347581387406e-7,7.144848878000541e-7,7.730380586786129e-7,6.066155091781645e-7,6.897480438286581e-7,6.058584233288875e-7,6.859610394985656e-7,6.977725451806009e-7,9.244989336056741e-7,8.121649991401012e-7,7.237115969922488e-7,9.594472257149987e-7,5.235328020043496e-7,6.077225245577107e-7,-4.722641918567931e-7,6.61794733331963e-7,8.19628400354585e-7,8.919030346005853e-7,8.362835064693073e-7,7.78775513352649e-7,6.722621851223017e-7,7.020635548744564e-7,6.852852583066744e-7,6.814792901754356e-7,5.274767067928476e-7,5.221558087533265e-7,5.642706665015912e-7,5.595189771301719e-7,4.5355103263740984e-7,6.293505028736427e-7,1.7936404419916438e-6,7.263672336898996e-7,5.927451661732337e-7,6.029611591819495e-7,5.959107584913038e-7,5.320600902397325e-7,7.779662117137918e-7,5.72336344467107e-7,8.020707787580517e-7,5.535575355468729e-7,7.494546187259609e-7,6.381653515715991e-7,6.073352764881874e-7,1.4035603272724092e-7,8.745441091586357e-7,7.424999520984156e-7,7.395851127098006e-7,7.161982493732581e-7,6.103622380257844e-7,6.077392577886109e-7,8.934663098642711e-7,6.622609343822169e-7,6.771705735939514e-7,3.8048567922053364e-7,6.660147634689449e-7,1.4966662758078244e-6,5.476565026737907e-7,6.008224315084044e-7,6.411682948673993e-7,8.360921730420906e-7,6.673836118169388e-7,5.50422751372242e-7,6.87731126396083e-7,8.38079366977556e-7,7.072546579149003e-7,1.3193206581462877e-7,5.642988647572461e-7,8.646749859452652e-7,6.729503216744392e-7,2.2480839152873628e-7,3.5199622840845554e-7,-1.2429357364966712e-7,4.408564909514807e-7,6.475875690595952e-7,6.450331109895942e-7,7.534599347108616e-7,6.449122748116957e-7,9.897657166125206e-7,6.791459025303516e-7,4.945536202047384e-7,6.638940597962633e-7,7.707089876693735e-7,6.462813912588933e-7,6.483462351678537e-7,6.907340813147205e-7,6.51303119281425e-7,8.110723949581473e-7,6.285625100935643e-7
1.4953163127955263e-6,1.5263147535106882e-6,1.7001741883372242e-6,1.4486658732918003e-6,1.5269695295074732e-6,1.6650649119601697e-6,1.5491161149214606e-6,1.5646221640228434e-6,1.7527411861990765e-6,1.5831489123124377e-6,1.6044129903782078e-6,1.7294846081000903e-6,1.622863454899551e-6,1.8548709692540695e-6,1.5218223222529533e-6,1.5345353383143595e-6,1.5242615102075054e-6,1.5567099446847445e-6,1.5905757381000062e-6,2.008253117339206e-6,1.7086802212843142e-6,1.5861100350313995e-6,1.7178684867411728e-6,1.4094902654921223e-6,1.4784349137940972e-6,5.521861430216785e-7,1.562743838957182e-6,1.7146365653528333e-6,1.8141513719584443e-6,1.7115503644875342e-6,1.6615013584048019e-6,1.553396037500144e-6,1.6034302142559281e-6,1.5770961380778939e-6,1.5206710858900717e-6,1.409327339859538e-6,1.4710414692816215e-6,1.4620784894938962e-6,1.4726503950125294e-6,1.3346127040454516e-6,1.5327107737569459e-6,2.2815650409097944e-6,1.6391739193190795e-6,1.4924229464824434e-6,1.5024170011790782e-6,1.5093549903787289e-6,1.4153663956515375e-6,1.673135484495431e-6,1.4653427179788707e-6,1.6916504882744618e-6,1.4605413363347892e-6,1.6528243977278215e-6,1.5906088199207995e-6,1.5325407682920436e-6,1.0837092740232615e-6,1.7295224859229267e-6,1.6244343767317863e-6,1.5607520124014548e-6,1.6639139793727755e-6,1.509966961474711e-6,1.4763421391879397e-6,1.8004750290749973e-6,1.5630738083108352e-6,1.560079133847964e-6,1.2456777994421879e-6,1.584155601633071e-6,1.8354400936208039e-6,1.4500147536149566e-6,1.4826494311797068e-6,1.5493550941448086e-6,1.7524430161714578e-6,1.554150028430447e-6,1.4705625640584687e-6,1.5254879489676205e-6,1.7439660891684872e-6,1.563262518950702e-6,1.325156026904169e-6,1.474506694218578e-6,1.7978572301129817e-6,1.5893680614386003e-6,1.131237362383006e-6,1.297799078542384e-6,7.899440999269189e-7,1.3636789880814714e-6,1.5610221169069863e-6,1.5412147314642161e-6,1.6647599535865102e-6,1.524566617345696e-6,1.8587881742668814e-6,1.5381991826288675e-6,1.417374911645325e-6,1.5601184968642928e-6,1.6377455603875291e-6,1.5984190338737167e-6,1.5451176804813921e-6,1.5767782859734312e-6,1.5579308312308254e-6,1.6604827530306415e-6,1.4631309973243602e-6
1.8819438674320287e-6,1.9506041269991596e-6,2.0485129443613043e-6,1.7404890131506185e-6,1.8966415425267307e-6,2.1084164439066967e-6,1.9042806337278568e-6,1.9090916270473397e-6,2.100224302826224e-6,1.930794129026317e-6,2.0494122547995957e-6,2.0880841998264157e-6,2.020245153831669e-6,2.3304960267123434e-6,1.94106020928142e-6,1.905826336694307e-6,1.9120984045220997e-6,1.8760608459799444e-6,1.958055334292086e-6,2.341698473468934e-6,2.0548653761071994e-6,1.9190619139405473e-6,1.955844924624609e-6,1.7659828236787116e-6,1.8118794833798043e-6,1.0911033099237242e-6,1.946257878083555e-6,2.064778527888051e-6,2.200508193041612e-6,2.0537911856864777e-6,1.989528760765575e-6,1.889956295664527e-6,1.953276545427256e-6,1.932149612625393e-6,1.8558701478636277e-6,1.8228345831215792e-6,1.8872755699634904e-6,1.8331121467098692e-6,1.8747330689285913e-6,1.7600714463836554e-6,1.8932117426966219e-6,2.4655002613024953e-6,2.0156736840279977e-6,1.8769028200909767e-6,1.8875078939966449e-6,1.8712459571073721e-6,1.7957439636284137e-6,2.0543673666652247e-6,1.8372326186468832e-6,2.0858522483768545e-6,1.8547855887819065e-6,2.022158627045615e-6,2.026387451627333e-6,1.932375926017261e-6,1.5506907330103075e-6,2.070373054851115e-6,1.982950784934254e-6,1.8693251598821648e-6,2.1287169120112126e-6,1.8883021245848782e-6,1.8860830153216374e-6,2.1201269625791067e-6,1.9364787602652713e-6,1.9080583157793475e-6,1.6817847765968732e-6,1.98122204699483e-6,1.8165683198185964e-6,1.8281137915219676e-6,1.8638260235128064e-6,1.94892084258224e-6,2.0841068101385195e-6,1.9323120239221836e-6,1.8862876413743356e-6,1.8983478632361826e-6,2.1133847534562636e-6,1.9087919045772395e-6,1.8543674480510675e-6,1.8426050652324604e-6,2.187025498035558e-6,1.9962479522198795e-6,1.5515420085020695e-6,1.6819846560293528e-6,1.194385750530874e-6,1.6826203472668878e-6,1.9387892858579702e-6,1.896087112411421e-6,2.03463836771915e-6,1.9193586809696315e-6,2.2186537285865478e-6,1.8949423942900015e-6,1.853433634567561e-6,1.930677469205123e-6,1.975313869849433e-6,2.009136994076433e-6,1.938017052786371e-6,1.9255541439478e-6,1.9458327212491468e-6,1.9809917471533883e-6,1.7763506448132676e-6
2.565859384028957e-6,2.638063832976294e-6,2.676238866788682e-6,2.3196727092797597e-6,2.55439150933047e-6,2.70587046998998e-6,2.5460652384076418e-6,2.5474369740860052e-6,2.732949496043258e-6,2.586705558774646e-6,2.7470759742455597e-6,2.704026305754847e-6,2.694089623951341e-6,3.0379752200776554e-6,2.5852931085874314e-6,2.5259474368551098e-6,2.5615808353211926e-6,2.4728278155119375e-6,2.59989364830515e-6,2.870206836470571e-6,2.668107333193698e-6,2.5543381912117637e-6,2.470032449090272e-6,2.42232139164666e-6,2.446666292835379e-6,1.901273875073197e-6,2.6095007273570574e-6,2.6862759020131214e-6,2.7532455723247006e-6,2.6759369240214737e-6,2.6012434970409103e-6,2.494168693401445e-6,2.568333958205653e-6,2.579143312511167e-6,2.4811699560999384e-6,2.5452032021622565e-6,2.5968059608311764e-6,2.4612863843786074e-6,2.568936940606245e-6,2.406181872488623e-6,2.522998332441943e-6,2.9746141085745922e-6,2.673144647941937e-6,2.4884125258904995e-6,2.5176850085891587e-6,2.5013313395743455e-6,2.5639745937671306e-6,2.69304166529208e-6,2.5115696985031407e-6,2.7478189960626475e-6,2.525323798452818e-6,2.6928258972494907e-6,2.7029193244426097e-6,2.6062891131125683e-6,2.315545672013621e-6,2.4735365971342206e-6,2.648540536821916e-6,2.484840774023999e-6,2.822553249135969e-6,2.5523830969805406e-6,2.6816720125147375e-6,2.7106942731200703e-6,2.586427260256245e-6,2.543476266224677e-6,2.394349496108128e-6,2.648166154714419e-6,2.3029544379641763e-6,2.5010942813361115e-6,2.520502597606506e-6,2.622443309791446e-6,2.6712445507438923e-6,2.6006293222476834e-6,2.6008660445788903e-6,2.5286969198263327e-6,2.7647478210129754e-6,2.5514287395577593e-6,2.4496150793490373e-6,2.352030508272375e-6,2.8456870630939155e-6,2.6658963861867144e-6,2.2606617003221387e-6,2.427193683811058e-6,1.8350306682042998e-6,2.328492234852197e-6,2.600123253139111e-6,2.5380795656816377e-6,2.7221718845528974e-6,2.5979817192616724e-6,2.817897692144563e-6,2.5412973529802884e-6,2.5626016624039328e-6,2.5799253207737544e-6,2.6194745596621263e-6,2.674709861271156e-6,2.6168476264317846e-6,2.565656330826796e-6,2.598791888276452e-6,2.6089097672247573e-6,2.3156989868192588e-6
3.0744432839449154e-6,3.1311333422213657e-6,3.1413127604119303e-6,2.7577433625896343e-6,3.0424098558597975e-6,3.1064993920195946e-6,3.026782119601355e-6,3.0036819170865465e-6,3.171514036365003e-6,3.0896797230182786e-6,3.250231279404285e-6,3.151732294811323e-6,3.1778886052558833e-6,3.5187768763619334e-6,3.048065975280601e-6,2.913868004683774e-6,3.039641507549585e-6,2.9459749483314326e-6,3.0714241583245183e-6,3.2906125712754113e-6,3.1266603946683575e-6,2.9958004857326735e-6,2.9436899131356706e-6,2.9088394054483706e-6,2.9082183613122167e-6,2.431039948784186e-6,3.10091285346234e-6,3.117094744793005e-6,3.115204086609274e-6,3.1179096011937014e-6,3.1070517043738808e-6,2.95418646631711e-6,3.0437555019888583e-6,3.0709628154762182e-6,2.9398861596442455e-6,3.0664641120746334e-6,3.1343369765359017e-6,2.9077176859177223e-6,3.1037514471573237e-6,2.8652251225647054e-6,2.980588641393522e-6,3.256376259130346e-6,3.1525629298764476e-6,2.9465164039511655e-6,2.9741308119592484e-6,2.9260866039659962e-6,3.186100335385559e-6,3.154186172155845e-6,3.027810055079409e-6,3.2371443177847163e-6,3.0391120820637374e-6,3.2013810848860057e-6,3.1905481612768594e-6,3.0962648443536425e-6,2.9297082294452126e-6,2.8401775691415424e-6,3.159827258452208e-6,2.937057254737557e-6,3.295747711284636e-6,3.051048622810164e-6,3.3067351935324967e-6,3.1048130795174177e-6,3.0641725166730093e-6,3.0071376789677835e-6,2.9064292056370588e-6,3.1492291996680735e-6,2.673706222541032e-6,3.026826012401344e-6,2.9986617300662164e-6,3.1067454245992854e-6,3.146952425069638e-6,3.108798648523977e-6,3.1164045860235215e-6,2.901322575352609e-6,3.270590125095447e-6,3.0061020954936105e-6,2.8403185849299933e-6,2.6329339612991077e-6,3.352100022465119e-6,3.1612241575844732e-6,2.822083412268722e-6,2.976556893295072e-6,2.3804766742381723e-6,2.77307753207427e-6,3.0707324607261915e-6,3.038769166970797e-6,3.246300860133399e-6,3.0845259029919662e-6,3.2564336201503444e-6,3.0055141615164664e-6,3.109099614659527e-6,3.0574735733102954e-6,3.1109798787465507e-6,3.1687674039959723e-6,3.1299821743530336e-6,3.0394035300148425e-6,3.062735101399683e-6,3.0560544890439363e-6,2.7322739025519416e-6
3.398533779936027e-6,3.3904062341088634e-6,3.386074849051809e-6,2.97923531943373e-6,3.3075569786664785e-6,3.286036395150498e-6,3.270971546188656e-6,3.23705572455967e-6,3.424662018879251e-6,3.356434687362188e-6,3.544540325375612e-6,3.399501273599165e-6,3.435960196968232e-6,3.746545843093536e-6,3.2853345759554594e-6,3.1185884888554205e-6,3.3005748585149485e-6,3.201035546514797e-6,3.3354675808742145e-6,3.4489521662904813e-6,3.3768520490257716e-6,3.2406762459517744e-6,3.210309710697219e-6,3.1459631124927335e-6,3.1624607952087157e-6,2.6359037951907094e-6,3.3533004273641273e-6,3.341970060354418e-6,3.3125221987436978e-6,3.318083308372912e-6,3.4135785154788446e-6,3.2222206416675984e-6,3.279149972742689e-6,3.324745128907584e-6,3.1911395577532444e-6,3.3572599250142e-6,3.4227004550660507e-6,3.161441014460045e-6,3.3908189916985106e-6,3.107422635873071e-6,3.227177883417725e-6,3.410854221669061e-6,3.4062593496469817e-6,3.226227670599455e-6,3.2041780750898913e-6,3.1225314169787065e-6,3.534298191165934e-6,3.414596988176406e-6,3.3121391774314508e-6,3.5130631094597748e-6,3.291499246678348e-6,3.494895630378576e-6,3.4523871329562473e-6,3.3433625640592586e-6,3.3342953035009997e-6,3.0734515661690506e-6,3.4354722107527715e-6,3.180385948447017e-6,3.529962956411018e-6,3.310515414439108e-6,3.691232533463978e-6,3.2288455948317956e-6,3.3169818137122155e-6,3.2623846882964825e-6,3.1693039068460824e-6,3.4262194135844073e-6,2.8135118527000207e-6,3.312648575157354e-6,3.2662547686894727e-6,3.351636335029474e-6,3.3939811385669022e-6,3.374129184276948e-6,3.3837962385777898e-6,3.1227664545970215e-6,3.559735352697033e-6,3.2045056722772714e-6,3.004687368740135e-6,2.7659003772441217e-6,3.6070453805916803e-6,3.423565288643841e-6,3.1202299450513775e-6,3.3020201916353636e-6,2.6671602571640713e-6,2.926085453084499e-6,3.305669237947457e-6,3.323153841775114e-6,3.4937342127741213e-6,3.3166249261644893e-6,3.522150836560674e-6,3.2477943089736285e-6,3.406307323582438e-6,3.3200652373781204e-6,3.376459375859033e-6,3.4591550519192755e-6,3.428259557093164e-6,3.2909332204934042e-6,3.295324152959608e-6,3.2564663634175044e-6,3.005790813319085e-6
3.7014114661588946e-6,3.641125488566868e-6,3.635478584349704e-6,3.212073619063204e-6,3.562336831692881e-6,3.5074631232899725e-6,3.507071948518568e-6,3.4787057796239077e-6,3.6845338521616165e-6,3.612222142934781e-6,3.8016777974130588e-6,3.650590113299448e-6,3.6835273951209202e-6,3.9994819837365646e-6,3.5508362883360204e-6,3.3886398087526845e-6,3.5535415138450124e-6,3.4448310437941926e-6,3.579704285847504e-6,3.6296061917192454e-6,3.629198650442258e-6,3.494670255336235e-6,3.4480031938804902e-6,3.377042295922717e-6,3.4070075903342857e-6,2.8079344013446467e-6,3.5968166745855257e-6,3.5747356228193126e-6,3.549835678572198e-6,3.5352039583271087e-6,3.686024302788699e-6,3.4913418846472363e-6,3.5153433844731038e-6,3.546426681389725e-6,3.4295119675038633e-6,3.6230927849649037e-6,3.6616578722275784e-6,3.4050901351764943e-6,3.625418833088363e-6,3.363340396569563e-6,3.4697603967071117e-6,3.6305404976433923e-6,3.6533179816032244e-6,3.4839733553449428e-6,3.444656841524581e-6,3.3395371583608647e-6,3.8035724319497555e-6,3.67100296759325e-6,3.5546019569714614e-6,3.78630249353678e-6,3.5096152874865598e-6,3.7644372956240848e-6,3.6985837978056482e-6,3.5885072766422714e-6,3.6332090363349037e-6,3.337097246459154e-6,3.678462734847728e-6,3.4184668780964634e-6,3.7783575070328393e-6,3.563172544879335e-6,4.0088486731342025e-6,3.411734045896081e-6,3.5528331346609083e-6,3.5139824533034105e-6,3.4174784784235846e-6,3.683498772111829e-6,2.9087146627210015e-6,3.5541463179712937e-6,3.536183859385837e-6,3.591136012465309e-6,3.6343689570420804e-6,3.62443312315724e-6,3.6287413211148237e-6,3.3820423003140875e-6,3.824640947071368e-6,3.4264496343264056e-6,3.25530410041205e-6,2.9741913823796005e-6,3.850666283462532e-6,3.6732707222068246e-6,3.36998203176751e-6,3.588289884296219e-6,2.944391209011273e-6,3.131070235288445e-6,3.543660895445871e-6,3.5862583176244176e-6,3.7297828725328362e-6,3.5432905588320585e-6,3.747684438272314e-6,3.4871750862672286e-6,3.6774501296566515e-6,3.5724633342413827e-6,3.6283535096400415e-6,3.7086864488546437e-6,3.6893050927360994e-6,3.5381755621989997e-6,3.5337797262446056e-6,3.4837471447798684e-6,3.2824749370404767e-6
3.398533779936027e-6,3.3904062341088634e-6,3.386074849051809e-6,2.97923531943373e-6,3.3075569786664785e-6,3.286036395150498e-6,3.270971546188656e-6,3.23705572455967e-6,3.424662018879251e-6,3.356434687362188e-6,3.544540325375612e-6,3.399501273599165e-6,3.435960196968232e-6,3.746545843093536e-6,3.2853345759554594e-6,3.1185884888554205e-6,3.3005748585149485e-6,3.201035546514797e-6,3.3354675808742145e-6,3.4489521662904813e-6,3.3768520490257716e-6,3.2406762459517744e-6,3.210309710697219e-6,3.1459631124927335e-6,3.1624607952087157e-6,2.6359037951907094e-6,3.3533004273641273e-6,3.341970060354418e-6,3.3125221987436978e-6,3.318083308372912e-6,3.4135785154788446e-6,3.2222206416675984e-6,3.279149972742689e-6,3.324745128907584e-6,3.1911395577532444e-6,3.3572599250142e-6,3.4227004550660507e-6,3.161441014460045e-6,3.3908189916985106e-6,3.107422635873071e-6,3.227177883417725e-6,3.410854221669061e-6,3.4062593496469817e-6,3.226227670599455e-6,3.2041780750898913e-6,3.1225314169787065e-6,3.534298191165934e-6,3.414596988176406e-6,3.3121391774314508e-6,3.5130631094597748e-6,3.291499246678348e-6,3.494895630378576e-6,3.4523871329562473e-6,3.3433625640592586e-6,3.3342953035009997e-6,3.0734515661690506e-6,3.4354722107527715e-6,3.180385948447017e-6,3.529962956411018e-6,3.310515414439108e-6,3.691232533463978e-6,3.2288455948317956e-6,3.3169818137122155e-6,3.2623846882964825e-6,3.1693039068460824e-6,3.4262194135844073e-6,2.8135118527000207e-6,3.312648575157354e-6,3.2662547686894727e-6,3.351636335029474e-6,3.3939811385669022e-6,3.374129184276948e-6,3.3837962385777898e-6,3.1227664545970215e-6,3.559735352697033e-6,3.2045056722772714e-6,3.004687368740135e-6,2.7659003772441217e-6,3.6070453805916803e-6,3.423565288643841e-6,3.1202299450513775e-6,3.3020201916353636e-6,2.6671602571640713e-6,2.926085453084499e-6,3.305669237947457e-6,3.323153841775114e-6,3.4937342127741213e-6,3.3166249261644893e-6,3.522150836560674e-6,3.2477943089736285e-6,3.406307323582438e-6,3.3200652373781204e-6,3.376459375859033e-6,3.4591550519192755e-6,3.428259557093164e-6,3.2909332204934042e-6,3.295324152959608e-6,3.2564663634175044e-6,3.005790813319085e-6
3.0744432839449154e-6,3.1311333422213657e-6,3.1413127604119303e-6,2.7577433625896343e-6,3.0424098558597975e-6,3.1064993920195946e-6,3.026782119601355e-6,3.0036819170865465e-6,3.171514036365003e-6,3.0896797230182786e-6,3.250231279404285e-6,3.151732294811323e-6,3.1778886052558833e-6,3.5187768763619334e-6,3.048065975280601e-6,2.913868004683774e-6,3.039641507549585e-6,2.9459749483314326e-6,3.0714241583245183e-6,3.2906125712754113e-6,3.1266603946683575e-6,2.9958004857326735e-6,2.9436899131356706e-6,2.9088394054483706e-6,2.9082183613122167e-6,2.431039948784186e-6,3.10091285346234e-6,3.117094744793005e-6,3.115204086609274e-6,3.1179096011937014e-6,3.1070517043738808e-6,2.95418646631711e-6,3.0437555019888583e-6,3.0709628154762182e-6,2.9398861596442455e-6,3.0664641120746334e-6,3.1343369765359017e-6,2.9077176859177223e-6,3.1037514471573237e-6,2.8652251225647054e-6,2.980588641393522e-6,3.256376259130346e-6,3.1525629298764476e-6,2.9465164039511655e-6,2.9741308119592484e-6,2.9260866039659962e-6,3.186100335385559e-6,3.154186172155845e-6,3.027810055079409e-6,3.2371443177847163e-6,3.0391120820637374e-6,3.2013810848860057e-6,3.1905481612768594e-6,3.0962648443536425e-6,2.9297082294452126e-6,2.8401775691415424e-6,3.159827258452208e-6,2.937057254737557e-6,3.295747711284636e-6,3.051048622810164e-6,3.3067351935324967e-6,3.1048130795174177e-6,3.0641725166730093e-6,3.0071376789677835e-6,2.9064292056370588e-6,3.1492291996680735e-6,2.673706222541032e-6,3.026826012401344e-6,2.9986617300662164e-6,3.1067454245992854e-6,3.146952425069638e-6,3.108798648523977e-6,3.1164045860235215e-6,2.901322575352609e-6,3.270590125095447e-6,3.0061020954936105e-6,2.8403185849299933e-6,2.6329339612991077e-6,3.352100022465119e-6,3.1612241575844732e-6,2.822083412268722e-6,2.976556893295072e-6,2.3804766742381723e-6,2.77307753207427e-6,3.0707324607261915e-6,3.038769166970797e-6,3.246300860133399e-6,3.0845259029919662e-6,3.2564336201503444e-6,3.0055141615164664e-6,3.109099614659527e-6,3.0574735733102954e-6,3.1109798787465507e-6,3.1687674039959723e-6,3.1299821743530336e-6,3.0394035300148425e-6,3.062735101399683e-6,3.0560544890439363e-6,2.7322739025519416e-6
2.565859384028957e-6,2.638063832976294e-6,2.676238866788682e-6,2.3196727092797597e-6,2.55439150933047e-6,2.70587046998998e-6,2.5460652384076418e-6,2.5474369740860052e-6,2.732949496043258e-6,2.586705558774646e-6,2.7470759742455597e-6,2.704026305754847e-6,2.694089623951341e-6,3.0379752200776554e-6,2.5852931085874314e-6,2.5259474368551098e-6,2.5615808353211926e-6,2.4728278155119375e-6,2.59989364830515e-6,2.870206836470571e-6,2.668107333193698e-6,2.5543381912117637e-6,2.470032449090272e-6,2.42232139164666e-6,2.446666292835379e-6,1.901273875073197e-6,2.6095007273570574e-6,2.6862759020131214e-6,2.7532455723247006e-6,2.6759369240214737e-6,2.6012434970409103e-6,2.494168693401445e-6,2.568333958205653e-6,2.579143312511167e-6,2.4811699560999384e-6,2.5452032021622565e-6,2.5968059608311764e-6,2.4612863843786074e-6,2.568936940606245e-6,2.406181872488623e-6,2.522998332441943e-6,2.9746141085745922e-6,2.673144647941937e-6,2.4884125258904995e-6,2.5176850085891587e-6,2.5013313395743455e-6,2.5639745937671306e-6,2.69304166529208e-6,2.5115696985031407e-6,2.7478189960626475e-6,2.525323798452818e-6,2.6928258972494907e-6,2.7029193244426097e-6,2.6062891131125683e-6,2.315545672013621e-6,2.4735365971342206e-6,2.648540536821916e-6,2.484840774023999e-6,2.822553249135969e-6,2.5523830969805406e-6,2.6816720125147375e-6,2.7106942731200703e-6,2.586427260256245e-6,2.543476266224677e-6,2.394349496108128e-6,2.648166154714419e-6,2.3029544379641763e-6,2.5010942813361115e-6,2.520502597606506e-6,2.622443309791446e-6,2.6712445507438923e-6,2.6006293222476834e-6,2.6008660445788903e-6,2.5286969198263327e-6,2.7647478210129754e-6,2.5514287395577593e-6,2.4496150793490373e-6,2.352030508272375e-6,2.8456870630939155e-6,2.6658963861867144e-6,2.2606617003221387e-6,2.427193683811058e-6,1.8350306682042998e-6,2.328492234852197e-6,2.600123253139111e-6,2.5380795656816377e-6,2.7221718845528974e-6,2.5979817192616724e-6,2.817897692144563e-6,2.5412973529802884e-6,2.5626016624039328e-6,2.5799253207737544e-6,2.6194745596621263e-6,2.674709861271156e-6,2.6168476264317846e-6,2.565656330826796e-6,2.598791888276452e-6,2.6089097672247573e-6,2.3156989868192588e-6
1.8819438674320287e-6,1.9506041269991596e-6,2.0485129443613043e-6,1.7404890131506185e-6,1.8966415425267307e-6,2.1084164439066967e-6,1.9042806337278568e-6,1.9090916270473397e-6,2.100224302826224e-6,1.930794129026317e-6,2.0494122547995957e-6,2.0880841998264157e-6,2.020245153831669e-6,2.3304960267123434e-6,1.94106020928142e-6,1.905826336694307e-6,1.9120984045220997e-6,1.8760608459799444e-6,1.958055334292086e-6,2.341698473468934e-6,2.0548653761071994e-6,1.9190619139405473e-6,1.955844924624609e-6,1.7659828236787116e-6,1.8118794833798043e-6,1.0911033099237242e-6,1.946257878083555e-6,2.064778527888051e-6,2.200508193041612e-6,2.0537911856864777e-6,1.989528760765575e-6,1.889956295664527e-6,1.953276545427256e-6,1.932149612625393e-6,1.8558701478636277e-6,1.8228345831215792e-6,1.8872755699634904e-6,1.8331121467098692e-6,1.8747330689285913e-6,1.7600714463836554e-6,1.8932117426966219e-6,2.4655002613024953e-6,2.0156736840279977e-6,1.8769028200909767e-6,1.8875078939966449e-6,1.8712459571073721e-6,1.7957439636284137e-6,2.0543673666652247e-6,1.8372326186468832e-6,2.0858522483768545e-6,1.8547855887819065e-6,2.022158627045615e-6,2.026387451627333e-6,1.932375926017261e-6,1.5506907330103075e-6,2.070373054851115e-6,1.982950784934254e-6,1.8693251598821648e-6,2.1287169120112126e-6,1.8883021245848782e-6,1.8860830153216374e-6,2.1201269625791067e-6,1.9364787602652713e-6,1.9080583157793475e-6,1.6817847765968732e-6,1.98122204699483e-6,1.8165683198185964e-6,1.8281137915219676e-6,1.8638260235128064e-6,1.94892084258224e-6,2.0841068101385195e-6,1.9323120239221836e-6,1.8862876413743356e-6,1.8983478632361826e-6,2.1133847534562636e-6,1.9087919045772395e-6,1.8543674480510675e-6,1.8426050652324604e-6,2.187025498035558e-6,1.9962479522198795e-6,1.5515420085020695e-6,1.6819846560293528e-6,1.194385750530874e-6,1.6826203472668878e-6,1.9387892858579702e-6,1.896087112411421e-6,2.03463836771915e-6,1.9193586809696315e-6,2.2186537285865478e-6,1.8949423942900015e-6,1.853433634567561e-6,1.930677469205123e-6,1.975313869849433e-6,2.009136994076433e-6,1.938017052786371e-6,1.9255541439478e-6,1.9458327212491468e-6,1.9809917471533883e-6,1.7763506448132676e-6
1.4953163127955263e-6,1.5263147535106882e-6,1.7001741883372242e-6,1.4486658732918003e-6,1.5269695295074732e-6,1.6650649119601697e-6,1.5491161149214606e-6,1.5646221640228434e-6,1.7527411861990765e-6,1.5831489123124377e-6,1.6044129903782078e-6,1.7294846081000903e-6,1.622863454899551e-6,1.8548709692540695e-6,1.5218223222529533e-6,1.5345353383143595e-6,1.5242615102075054e-6,1.5567099446847445e-6,1.5905757381000062e-6,2.008253117339206e-6,1.7086802212843142e-6,1.5861100350313995e-6,1.7178684867411728e-6,1.4094902654921223e-6,1.4784349137940972e-6,5.521861430216785e-7,1.562743838957182e-6,1.7146365653528333e-6,1.8141513719584443e-6,1.7115503644875342e-6,1.6615013584048019e-6,1.553396037500144e-6,1.6034302142559281e-6,1.5770961380778939e-6,1.5206710858900717e-6,1.409327339859538e-6,1.4710414692816215e-6,1.4620784894938962e-6,1.4726503950125294e-6,1.3346127040454516e-6,1.5327107737569459e-6,2.2815650409097944e-6,1.6391739193190795e-6,1.4924229464824434e-6,1.5024170011790782e-6,1.5093549903787289e-6,1.4153663956515375e-6,1.673135484495431e-6,1.4653427179788707e-6,1.6916504882744618e-6,1.4605413363347892e-6,1.6528243977278215e-6,1.5906088199207995e-6,1.5325407682920436e-6,1.0837092740232615e-6,1.7295224859229267e-6,1.6244343767317863e-6,1.5607520124014548e-6,1.6639139793727755e-6,1.509966961474711e-6,1.4763421391879397e-6,1.8004750290749973e-6,1.5630738083108352e-6,1.560079133847964e-6,1.2456777994421879e-6,1.584155601633071e-6,1.8354400936208039e-6,1.4500147536149566e-6,1.4826494311797068e-6,1.5493550941448086e-6,1.7524430161714578e-6,1.554150028430447e-6,1.4705625640584687e-6,1.5254879489676205e-6,1.7439660891684872e-6,1.563262518950702e-6,1.325156026904169e-6,1.474506694218578e-6,1.7978572301129817e-6,1.5893680614386003e-6,1.131237362383006e-6,1.297799078542384e-6,7.899440999269189e-7,1.3636789880814714e-6,1.5610221169069863e-6,1.5412147314642161e-6,1.6647599535865102e-6,1.524566617345696e-6,1.8587881742668814e-6,1.5381991826288675e-6,1.417374911645325e-6,1.5601184968642928e-6,1.6377455603875291e-6,1.5984190338737167e-6,1.5451176804813921e-6,1.5767782859734312e-6,1.5579308312308254e-6,1.6604827530306415e-6,1.4631309973243602e-6
6.201784102324284e-7,5.996578938701375e-7,8.150005274389596e-7,6.116328416384238e-7,6.337570476886576e-7,7.276898198406291e-7,6.508056006207344e-7,7.139494859708418e-7,9.191325954560714e-7,6.867314230544733e-7,6.851024992552918e-7,8.274347581387406e-7,7.144848878000541e-7,7.730380586786129e-7,6.066155091781645e-7,6.897480438286581e-7,6.058584233288875e-7,6.859610394985656e-7,6.977725451806009e-7,9.244989336056741e-7,8.121649991401012e-7,7.237115969922488e-7,9.594472257149987e-7,5.235328020043496e-7,6.077225245577107e-7,-4.722641918567931e-7,6.61794733331963e-7,8.19628400354585e-7,8.919030346005853e-7,8.362835064693073e-7,7.78775513352649e-7,6.722621851223017e-7,7.020635548744564e-7,6.852852583066744e-7,6.814792901754356e-7,5.274767067928476e-7,5.221558087533265e-7,5.642706665015912e-7,5.595189771301719e-7,4.5355103263740984e-7,6.293505028736427e-7,1.7936404419916438e-6,7.263672336898996e-7,5.927451661732337e-7,6.029611591819495e-7,5.959107584913038e-7,5.320600902397325e-7,7.779662117137918e-7,5.72336344467107e-7,8.020707787580517e-7,5.535575355468729e-7,7.494546187259609e-7,6.381653515715991e-7,6.073352764881874e-7,1.4035603272724092e-7,8.745441091586357e-7,7.424999520984156e-7,7.395851127098006e-7,7.161982493732581e-7,6.103622380257844e-7,6.077392577886109e-7,8.934663098642711e-7,6.622609343822169e-7,6.771705735939514e-7,3.8048567922053364e-7,6.660147634689449e-7,1.4966662758078244e-6,5.476565026737907e-7,6.008224315084044e-7,6.411682948673993e-7,8.360921730420906e-7,6.673836118169388e-7,5.50422751372242e-7,6.87731126396083e-7,8.38079366977556e-7,7.072546579149003e-7,1.3193206581462877e-7,5.642988647572461e-7,8.646749859452652e-7,6.729503216744392e-7,2.2480839152873628e-7,3.5199622840845554e-7,-1.2429357364966712e-7,4.408564909514807e-7,6.475875690595952e-7,6.450331109895942e-7,7.534599347108616e-7,6.449122748116957e-7,9.897657166125206e-7,6.791459025303516e-7,4.945536202047384e-7,6.638940597962633e-7,7.707089876693735e-7,6.462813912588933e-7,6.483462351678537e-7,6.907340813147205e-7,6.51303119281425e-7,8.110723949581473e-7,6.285625100935643e-7
7.853015473830174e-8,7.960389210277218e-8,2.437935213318821e-7,1.1425270757313275e-7,1.0208144680036278e-7,1.1321702275556922e-7,1.2654127270642905e-7,2.1679951915560634e-7,3.697328638949404e-7,1.3626720413092896e-7,1.983202173936009e-7,2.759425142379188e-7,1.818054455503542e-7,4.2675503670043826e-8,5.6816813282857476e-8,2.154959513187132e-7,1.0322421988863582e-7,1.9583835351857008e-7,1.6779179106861484e-7,2.2218888118859736e-7,2.697382728208633e-7,2.0132950041899284e-7,5.794217748676725e-7,4.084076182541057e-8,1.1097863029541572e-7,-8.990082720293797e-7,1.3631146983888583e-7,2.919579716931235e-7,3.9011040606168e-7,3.267456097617521e-7,2.2938181957520365e-7,1.2870835512204247e-7,1.77062170789113e-7,1.2621960687161133e-7,2.2651566879924584e-7,5.480413003639239e-8,-2.761324705177896e-8,3.6219977763599896e-8,9.800129730850104e-8,3.502268308465406e-8,1.2325273802451591e-7,1.6232961002257453e-6,1.9835244603763807e-7,1.2711965957547426e-7,9.629938858694485e-8,6.104569817800598e-8,3.946365439654618e-8,2.538217396018745e-7,7.233919716898341e-8,3.5061213336558847e-7,5.172649124062123e-8,2.006714311234782e-7,6.246617505298408e-8,6.977321744590408e-8,-4.3400745444584906e-7,3.160338358819528e-7,1.9001901434693413e-7,2.691589232198494e-7,2.0031844217649964e-7,9.513487999575218e-8,1.40086151049479e-7,3.6967336188556613e-7,1.3268956153782966e-7,1.552789165225236e-7,-9.276486355154201e-8,1.3796123573064054e-7,8.407756066677489e-7,2.386003343714615e-8,1.0307546802717966e-7,1.1016962012935309e-7,2.926012966162207e-7,1.664581187248147e-7,8.725530073557172e-8,1.9850158191927893e-7,3.158405520200418e-7,2.073514635625776e-7,-5.353896615934633e-7,4.3652669650249026e-8,3.7021099688333714e-7,1.3404858961041014e-7,-2.88911459169503e-7,-2.2374148130218206e-7,-5.646317121878516e-7,-2.4694651395972367e-8,1.0999661534079959e-7,1.163683556333991e-7,1.680789883689586e-7,1.5173269966812317e-7,4.3907475633352184e-7,2.0767529462748338e-7,-9.568201658842805e-9,1.486615133595354e-7,2.370064989988313e-7,5.729819610579514e-8,1.3651907420880403e-7,1.8387472432203944e-7,1.3624938474652387e-7,2.8871845784937925e-7,2.258852898060566e-7
4.831652485555071e-7,5.35399952068317e-7,5.677582087202989e-7,5.898912852323137e-7,5.220051423589993e-7,4.2348645582169877e-7,5.700484840863444e-7,6.403572049522395e-7,7.286764921755969e-7,5.431017136456743e-7,6.397900191757935e-7,6.607215822941151e-7,5.985945381141775e-7,3.6247603941442117e-7,4.030874680840755e-7,6.76301722706787e-7,5.766684074013587e-7,6.63937926776865e-7,5.731850520265279e-7,6.005497219282387e-7,6.894366683334859e-7,6.16253939883697e-7,1.0756442021183347e-6,5.163462510904974e-7,5.816493832781592e-7,-3.0768009114908174e-7,5.854462943786614e-7,6.717323179997969e-7,8.786789197948869e-7,7.96087555582316e-7,6.209508192300125e-7,5.481520112333347e-7,5.772347699195957e-7,5.32506040345296e-7,7.245401344701032e-7,5.433386588652795e-7,3.822914200224245e-7,5.11008302923443e-7,5.796340323643617e-7,5.630246427983508e-7,5.306947272517542e-7,2.167944777844575e-6,6.217713432376987e-7,6.462104580066783e-7,5.871986945507506e-7,4.945020308516639e-7,4.98481731315086e-7,6.71614536433913e-7,5.910217150356447e-7,7.95473540795427e-7,5.269638215462972e-7,6.046277640745599e-7,4.4782923311836907e-7,4.896450568391012e-7,-1.1287143299393168e-8,7.05502834463183e-7,6.348546504442185e-7,6.887016561900674e-7,6.614823525807326e-7,5.382799690505142e-7,5.584027701269384e-7,7.02451816800934e-7,5.679022867152134e-7,5.790904055103392e-7,3.911948479513745e-7,5.543124092732958e-7,4.996041833652695e-7,4.410194708722538e-7,5.495714314803209e-7,5.403769367848545e-7,6.460854750444076e-7,6.218507214650823e-7,7.031520184568323e-7,6.299651402309267e-7,7.990163965071818e-7,6.29624972337476e-7,-7.379929270114297e-8,4.563444213951513e-7,7.61790047762201e-7,5.618911850271366e-7,1.787241532331538e-7,1.2656429047637243e-7,-5.79470685914602e-8,4.952539817029124e-7,5.325660748622549e-7,5.394960072776014e-7,5.620127032489444e-7,5.940756611703602e-7,8.486640230949777e-7,6.897774118268347e-7,5.071409026445149e-7,5.832621385178159e-7,6.33699342581783e-7,4.5339927602707233e-7,5.604164444221351e-7,6.401215004795815e-7,5.768678993496076e-7,6.878544532813702e-7,7.6045294758114e-7
1.087016986959017e-6,1.1487480732460168e-6,1.0303953976427799e-6,1.215486134974907e-6,1.1000666515050204e-6,1.0083145692093124e-6,1.1599610065919063e-6,1.17694270991421e-6,1.2723886310425217e-6,1.1014491162750132e-6,1.1891833303761951e-6,1.2006073109752378e-6,1.1641414002773561e-6,9.41724702217163e-7,9.062019298867971e-7,1.2854298934924628e-6,1.1723803660097474e-6,1.2038738494932363e-6,1.1291046311760987e-6,1.16553382340029e-6,1.2850810375295907e-6,1.173028251906332e-6,1.7204294429434091e-6,1.1221135727860473e-6,1.189088149921658e-6,4.375781656347336e-7,1.1907535679859859e-6,1.1886736693551178e-6,1.529439189769465e-6,1.4140585914661798e-6,1.167683487914755e-6,1.0967590240695918e-6,1.1167066962771057e-6,1.1204240254613192e-6,1.3704922206517414e-6,1.1772175415547817e-6,9.446812277508886e-7,1.112921007098838e-6,1.067828258312831e-6,1.1805792979710353e-6,1.1024168227252763e-6,2.7310902660160043e-6,1.1876462673115255e-6,1.2504940947217946e-6,1.1439301394436751e-6,1.0794250635090371e-6,1.1139306069089507e-6,1.2596973109088437e-6,1.183242643984083e-6,1.3274399206327e-6,1.1657634716090987e-6,1.1796585095776371e-6,1.0206102338538734e-6,1.0583931029070783e-6,6.504859274113032e-7,1.4214530996313528e-6,1.2903457103994698e-6,1.2457257207924638e-6,1.2682302438103997e-6,1.1260232469807148e-6,1.1333787299214107e-6,1.1067804941161988e-6,1.1460803628170739e-6,1.1553839625651375e-6,1.0550262139123406e-6,1.1396777866965425e-6,5.384799083331876e-7,1.0291629615649297e-6,1.137786777376521e-6,1.1186239873622536e-6,1.138231327088518e-6,1.2070653610850625e-6,1.3657920091355194e-6,1.2113419247601267e-6,1.4494449171707862e-6,1.18035724761926e-6,6.017720488549668e-7,9.537957599824308e-7,1.1888165978399288e-6,1.1701773326557875e-6,7.824040596388777e-7,6.599527462219473e-7,5.649096532286915e-7,1.0971759824725942e-6,1.1146083158922468e-6,1.1073955214730856e-6,1.1512000203496848e-6,1.1471397072954584e-6,1.465374490912457e-6,1.2922966157447783e-6,1.188155901852392e-6,1.169915905297767e-6,1.1786900100856588e-6,1.0197077072186872e-6,1.1330655365287153e-6,1.2221819419283618e-6,1.1656396529386296e-6,1.2634020445220707e-6,1.4231604758878287e-6
1.6464940615228753e-6,1.7084090239198662e-6,1.5337347728918395e-6,1.825919620694542e-6,1.6268045824157442e-6,1.565876345926749e-6,1.719989274247283e-6,1.6985639914488886e-6,1.8404550609030062e-6,1.590109285612499e-6,1.6793366463755684e-6,1.795552554068584e-6,1.6955368736416511e-6,1.4088011598744756e-6,1.4908391091878703e-6,1.8420972698537792e-6,1.7107308600800566e-6,1.6565881729104353e-6,1.672192452793907e-6,1.5928512385158134e-6,1.8385684426819764e-6,1.6860503850940805e-6,2.2762455762056135e-6,1.670894815334362e-6,1.6991086536950364e-6,1.2125310114861823e-6,1.7503042671472121e-6,1.7188204572794725e-6,2.1045008169554103e-6,1.9979999606489298e-6,1.7965327137595049e-6,1.6151286015990864e-6,1.6364046303966035e-6,1.683005799902159e-6,1.951756799845457e-6,1.7562180484626499e-6,1.4611361722660414e-6,1.6511799324479576e-6,1.5032134968446952e-6,1.7915989545404648e-6,1.679888873022406e-6,3.240101252569809e-6,1.704271932031734e-6,1.7904903358365787e-6,1.6421616401472877e-6,1.6285471823979539e-6,1.6887359680230394e-6,1.808461580778788e-6,1.6704795430694062e-6,1.8267654517470773e-6,1.766085654340197e-6,1.7250169637621992e-6,1.5757546990778816e-6,1.5963363283894096e-6,1.3535843728010955e-6,2.242658624484069e-6,1.8899009102789832e-6,1.7629029265128436e-6,1.796545362796945e-6,1.6916061971548333e-6,1.69894185749672e-6,1.3976021314097852e-6,1.6820942392506353e-6,1.6867280392836832e-6,1.6635331489661654e-6,1.7106157162645706e-6,1.1180076814033244e-6,1.5492450125453886e-6,1.67496564156903e-6,1.6687751650661787e-6,1.6306504366164952e-6,1.7431535614341689e-6,1.7799208385826916e-6,1.7412793650050108e-6,1.96762020987322e-6,1.662829019119211e-6,1.2593894742578083e-6,1.4026585690425097e-6,1.6226671112776256e-6,1.7422338958276184e-6,1.3525878937983112e-6,1.1638527093450912e-6,1.1412159447117025e-6,1.6225104975660243e-6,1.6788869111757091e-6,1.6492657117552763e-6,1.6806331605647737e-6,1.6748138390337322e-6,2.089431556367018e-6,1.8216637603484383e-6,1.7746377396620288e-6,1.7069736553558487e-6,1.7115825018199141e-6,1.5656312776470258e-6,1.6515098420984658e-6,1.77249233863118e-6,1.722427430331137e-6,1.80121355441735e-6,1.9852857913323233e-6
2.505987344301412e-6,2.610266354359487e-6,2.4956519710228708e-6,2.7721670954243848e-6,2.5271043015539597e-6,2.4646867707728527e-6,2.641340857184963e-6,2.623060814453604e-6,2.7247011807757886e-6,2.45700447507493e-6,2.5413754221545843e-6,2.7937210189932413e-6,2.6012449609660464e-6,2.2387631566559743e-6,2.4782776136776357e-6,2.738881483845627e-6,2.6206966918407472e-6,2.5199882266023466e-6,2.5844898386157457e-6,2.174259095443825e-6,2.767373557275213e-6,2.5949381089030143e-6,3.1473239481122217e-6,2.569046309000231e-6,2.621401257947605e-6,2.2882570841897307e-6,2.67710020430017e-6,2.630041027316951e-6,2.9563860214847703e-6,2.9373208886921803e-6,2.850962390739048e-6,2.552454851532511e-6,2.5401951864885275e-6,2.6379195220432085e-6,2.809987129137593e-6,2.6792138423468775e-6,2.3726251577951315e-6,2.5377421840250806e-6,2.3355783951056345e-6,2.8836574807399743e-6,2.5336312411484183e-6,4.603050676092054e-6,2.6015233463769786e-6,2.676357543825601e-6,2.510336735440958e-6,2.5380531832730622e-6,2.6245174347149733e-6,2.7126861610773756e-6,2.5104754307843487e-6,2.6674478378412886e-6,2.7033765374935413e-6,2.642570428143797e-6,2.5133880973584303e-6,2.5242066847611184e-6,2.4505891451452295e-6,3.1959882279655987e-6,2.90983336139687e-6,2.703694972111935e-6,2.6834146376746194e-6,2.6386039091158336e-6,2.578694974675025e-6,2.2620868750991586e-6,2.5747288014415107e-6,2.6018696139356557e-6,2.566325290845706e-6,2.6278134462307516e-6,2.4929179353823785e-6,2.4049457652466165e-6,2.55446481890837e-6,2.6203095652249232e-6,2.510970994764103e-6,2.6439803432290885e-6,2.613781286699949e-6,2.638428303342711e-6,2.789783717233779e-6,2.5122513391057557e-6,2.3830245292721206e-6,2.325179601446771e-6,2.5263197088778922e-6,2.667732591576582e-6,2.3393055346320443e-6,2.0284869328646527e-6,2.18230936081076e-6,2.482518175614602e-6,2.630980690114919e-6,2.592750778528925e-6,2.5977718034699104e-6,2.557847426890471e-6,2.9329208575690635e-6,2.72788142804958e-6,2.6958486285734984e-6,2.6081957237358553e-6,2.6367935917232616e-6,2.481210880031156e-6,2.5408504203794875e-6,2.693698196580037e-6,2.6499720679942405e-6,2.7281731238241275e-6,2.9669863498127163e-6
4.383849192870552e-6,4.514027457165495e-6,4.462187452141224e-6,4.671111854460654e-6,4.442719043469901e-6,4.447910336530249e-6,4.544451133043663e-6,4.588632741500189e-6,4.562192609400445e-6,4.396640647869613e-6,4.386799136766348e-6,4.742380213664804e-6,4.502423927947301e-6,4.196882562068272e-6,4.472947161222057e-6,4.65000420232744e-6,4.503432955823606e-6,4.479764569044665e-6,4.49616988537015e-6,3.919568624548262e-6,4.699671769007916e-6,4.486585746760506e-6,5.08255764747261e-6,4.5219433623158165e-6,4.5313393130403144e-6,4.088243526934407e-6,4.617692710505992e-6,4.568737352145164e-6,4.769337108703519e-6,4.8455550728597455e-6,4.922587989044822e-6,4.484318487190667e-6,4.441761125319801e-6,4.571008385410858e-6,4.660678625776358e-6,4.615119870595545e-6,4.300789501953991e-6,4.447275723534506e-6,4.165537230604822e-6,4.955895088512342e-6,4.37887018024098e-6,6.649190791334173e-6,4.506295671840271e-6,4.5785200735734165e-6,4.395482390190609e-6,4.4569051434032455e-6,4.573039518205213e-6,4.609832637436674e-6,4.357668238284525e-6,4.516117006738198e-6,4.611053863173948e-6,4.5657366352764455e-6,4.4889488384763746e-6,4.463542945524402e-6,4.48807517133261e-6,4.883861456256148e-6,4.9374257712847385e-6,4.651881489311679e-6,4.556683198180207e-6,4.6075325841334526e-6,4.494907401769998e-6,4.383650545228533e-6,4.4798993259996175e-6,4.520479322075994e-6,4.489335814479153e-6,4.529711514274505e-6,4.660883596982226e-6,4.249770023778994e-6,4.485127145933915e-6,4.5877987951003475e-6,4.392222886151338e-6,4.561777048143579e-6,4.4037358974942115e-6,4.516372601570249e-6,4.60915315842475e-6,4.4434620942800696e-6,4.553457083117997e-6,4.278523251088865e-6,4.4425573796829924e-6,4.574839766061566e-6,4.388160480887401e-6,3.963569065267168e-6,4.3113866555870695e-6,4.443261292009243e-6,4.563835893174487e-6,4.553036860125751e-6,4.533217751117527e-6,4.470737806724993e-6,4.918251622589183e-6,4.646744195910633e-6,4.633119509056567e-6,4.514619956313864e-6,4.578518618841446e-6,4.360833376509504e-6,4.434147572687576e-6,4.604561637752355e-6,4.566297595056298e-6,4.628102071263129e-6,4.998732881273781e-6
7.2303522573659015e-6,7.321947460702531e-6,7.39039958971652e-6,7.463409342968836e-6,7.296221418908273e-6,7.498075134201539e-6,7.394577415117333e-6,7.5107939429026885e-6,7.336237855673433e-6,7.282538150239348e-6,7.182719452709594e-6,7.571261622323177e-6,7.336078040579201e-6,7.177843742148853e-6,7.433959152974516e-6,7.482838860994847e-6,7.343781783796769e-6,7.430515280132038e-6,7.320160353065115e-6,6.803498033197954e-6,7.552612829093717e-6,7.295980135510353e-6,7.90797969716562e-6,7.5657513805418265e-6,7.360231287813681e-6,6.8724104927561836e-6,7.521884926053584e-6,7.4684317894972324e-6,7.503694683848583e-6,7.656693840013695e-6,7.863497708341943e-6,7.351634690152676e-6,7.27097969188901e-6,7.40513698715884e-6,7.440307731616712e-6,7.500998705023008e-6,7.178105498629677e-6,7.2948602536349934e-6,6.899346488642378e-6,7.864000491657275e-6,7.227200859806611e-6,9.193054366952317e-6,7.352347356388841e-6,7.426885302812839e-6,7.317893648884191e-6,7.340968198565174e-6,7.467880035649608e-6,7.432472053760946e-6,7.200322497638175e-6,7.31779226967903e-6,7.4424703791756676e-6,7.452284108102329e-6,7.346655795805801e-6,7.3276411917552145e-6,7.296456520435206e-6,7.466011119951062e-6,7.828237590917755e-6,7.511731400635103e-6,7.325442615001808e-6,7.508125312479604e-6,7.355378363056987e-6,7.439215507661495e-6,7.318774278882334e-6,7.334608969135274e-6,7.344218210591846e-6,7.363342919142422e-6,7.593117792989006e-6,7.077432748335943e-6,7.353635653564858e-6,7.470385862069918e-6,7.138870211383216e-6,7.420742074795294e-6,7.105214870929917e-6,7.3629772135017915e-6,7.336566062599361e-6,7.301374604244946e-6,7.644676366250388e-6,7.0976742433730745e-6,7.237274496499506e-6,7.393821712694567e-6,7.355440712452304e-6,6.871530091043884e-6,7.4373229362836e-6,7.4025725153029324e-6,7.390249060189634e-6,7.450514264424622e-6,7.4078194555052446e-6,7.338049765698078e-6,7.927660859526867e-6,7.500870729079831e-6,7.455862272720402e-6,7.354468036202669e-6,7.437965042158468e-6,7.230872995449639e-6,7.261023131188136e-6,7.457555038583774e-6,7.406283816850374e-6,7.439476345847964e-6,7.869148598747387e-6
0.000012390739225570437,0.00001236891764204515,0.000012568225783731578,0.00001244840416163994,0.000012453239375558269,0.00001273747541674845,0.000012502533694592546,0.000012664905301348022,0.000012484306622172474,0.000012395488096571377,0.00001224934945213673,0.000012651791383619831,0.000012421286674147848,0.000012397804782929829,0.00001260643640396444,0.00001258695229348965,0.000012447536138849667,0.000012579106824927748,0.000012392335232262715,0.000011925904056998925,0.000012649205908763891,0.000012363126591630868,0.000012953597462950273,0.000012893223455130686,0.000012470768189761616,0.000011861967056955092,0.000012669525134845822,0.000012655728464729802,0.000012572836232412154,0.000012727235850909466,0.000013022678343884848,0.000012506353732611648,0.000012332757591987021,0.000012465686981846201,0.000012426994479124398,0.000012585822151453605,0.000012330298590164776,0.000012391327330174298,0.000011897942584956113,0.000013004714320979372,0.000012471949144558943,0.000013787031811774183,0.000012459397107960912,0.000012562755985095307,0.00001256613111010186,0.000012432347266830848,0.000012576189790142183,0.00001252949702849484,0.000012376245222599828,0.000012406218178416366,0.00001253019106566599,0.000012574523389281888,0.000012498871476487133,0.000012433135947256593,0.000012268302114906793,0.000012294569593873173,0.00001300908851824382,0.00001262566231981143,0.000012347487326156573,0.000012649621051858109,0.000012381898901566973,0.000012522322061559614,0.000012396897918076198,0.000012404070034897437,0.000012469027506733316,0.000012449867577635017,0.000012791885284888447,0.000012181446060402371,0.000012451874876495817,0.00001256952405911705,0.000012172330534903114,0.000012510716102078884,0.00001216375922874231,0.000012506028479620431,0.000012318073526082168,0.000012412237430842015,0.000012841336991249731,0.000012171133739720584,0.000012257408161998281,0.00001245458255728212,0.000012544625340305709,0.000012103808305300018,0.000012699637446984505,0.000012609909371505117,0.000012469934778390106,0.000012583790774267046,0.000012505436368419792,0.000012434628245459988,0.000013169932962211634,0.00001261504073253268,0.000012523233480517547,0.000012451893803517288,0.000012543820961545823,0.000012395004932819675,0.000012355088393509051,0.000012556064805433141,0.000012488769153846726,0.000012493359091280271,0.000012820027139472834
0.000019871493482404625,0.00001984527802817233,0.00002005795646252604,0.00001990869687656201,0.000020017095377661388,0.00002014984844203354,0.000019967346911231465,0.000020175495223021257,0.00001999690137650877,0.000019884271869270973,0.000019697962610968964,0.000020096964036500722,0.00001987276945834678,0.00002013392244795189,0.000020153844111594433,0.000020105811855996904,0.000019980917673841964,0.000020104009839163165,0.000019866785637782094,0.000019639618807760227,0.00002016851281443905,0.00001982508559276611,0.00002043389751711196,0.00002050547393177857,0.000019967484715620184,0.00001911044832023641,0.000020148239422446066,0.000020302785585445572,0.00002009214147067482,0.00002021133663660039,0.00002046606748502119,0.000020096293559655763,0.00001975744332420356,0.000019916315158501053,0.0000198085193477646,0.000020022976562614854,0.00001989867429471134,0.000019852128999749087,0.00001937241902967398,0.000020488067982885036,0.00002040104734820499,0.00002083430576094055,0.00001993419481338038,0.0000201721266001313,0.000020214675867216312,0.000019905043914457167,0.000020027725917609338,0.000020013674859994798,0.00001990639333564698,0.000019883642301140882,0.000020014500809904406,0.000020079480633169043,0.00002008448902899001,0.000019912179337254054,0.000019578478491209892,0.000019727104040570182,0.000020495825858113103,0.00002016468289080544,0.000019885508248762626,0.000020145176789952446,0.000019745441706737604,0.000019828573671664924,0.000019883361832055057,0.000019910183902902314,0.000019990045166502008,0.00001992774704955587,0.00002010909152913698,0.000019666676550147296,0.000019928262892194724,0.000020043202239623957,0.00001970589462557037,0.00001998248439927339,0.000019719376300284632,0.000019994754588456016,0.000019714583828175693,0.000019925898096683755,0.000020342317927393812,0.000019706514240179347,0.00001972427891870209,0.000019917225252143414,0.000020107515794866968,0.000019706826752619562,0.000020115953680432124,0.00002019167290061014,0.000019953331264777907,0.00002007372207334716,0.00001995284737917081,0.00001996377018775907,0.000021015728569098756,0.00002010813790831406,0.00001996300979054344,0.000019958595650822094,0.00002003921024324438,0.000019928868494816262,0.000019910516766647273,0.000020041739412072345,0.000019938248200822638,0.00001992279736561647,0.000020059589718445333
0.00003182819660291966,0.000031937543810710746,0.000032105468012089415,0.000032059841420327564,0.00003213536082435613,0.00003211283806133614,0.00003202465116398777,0.000032218384354971606,0.000031990593437683214,0.00003194867896616449,0.00003176581887297137,0.000032233789511481204,0.00003191033280578895,0.00003244492319656375,0.00003222607058500011,0.00003226072465007544,0.00003210293384536221,0.000032232563732123054,0.000031932291175479526,0.000032267439173177914,0.000032238765917735334,0.000031926749850676566,0.000032493350243706815,0.0000327319574339046,0.00003204870323506083,0.00003105628922287893,0.000032193215123204543,0.000032442526880241746,0.00003220845962570379,0.000032302272379056196,0.000032480913445146034,0.00003223187379475102,0.000031816524217149244,0.000031983756782585676,0.000031809263199991214,0.000032102257953256945,0.00003205560584800952,0.00003192790916863807,0.00003136059699843903,0.00003254340453338761,0.00003290912615064246,0.00003337671284033943,0.00003197154413958965,0.00003232977640315281,0.00003226755090435032,0.000031946224519401296,0.00003207923115395006,0.00003210313507342821,0.00003201673670691511,0.00003197945006734336,0.00003207351685965539,0.000032161531853969244,0.000032164588862759016,0.00003200527140790895,0.0000315469852828392,0.000031967348184041306,0.00003253237158085561,0.000032222077608018174,0.00003208346589543659,0.00003220944762646824,0.000031671829816881485,0.000031496261783321486,0.00003201672893660406,0.00003202991038599239,0.00003206673291833076,0.000031982653388382204,0.00003205800074812759,0.00003174440079427143,0.00003200917604614946,0.00003210369428360776,0.00003183085303489084,0.00003205620333230758,0.00003184603915213507,0.000032022307812795136,0.00003175939718967536,0.00003204126889348856,0.000032400053335443966,0.000031878417367945206,0.00003182145698510761,0.00003197308912755974,0.00003226980927336299,0.000031781926843065356,0.00003208088667020551,0.000032311601280697185,0.00003205240501626052,0.00003213301325464922,0.00003201870947735045,0.00003212174066584854,0.000033401612213367296,0.00003217409913733417,0.00003204835817722002,0.0000320319152465321,0.000032053356537546604,0.0000320372013383328,0.000032066372736006584,0.00003211140876468514,0.00003195999595457491,0.000031937733188206385,0.00003202026799792748
0.000054419003629090465,0.000054724945423346164,0.00005482476525222062,0.000054887951647980286,0.00005485434481679942,0.00005481968031423278,0.00005475707208777605,0.000054856987537152115,0.00005463605760114272,0.000054665038072975185,0.000054499419914390065,0.000055052848583700664,0.00005462841801198447,0.00005525636347862209,0.00005488070791306605,0.00005508130338080951,0.00005489202070985357,0.000055011936283249647,0.000054689601449584504,0.000055805907634756034,0.000054909441082183614,0.00005471132743138932,0.000055168465105587444,0.000055505470567399674,0.000054788532220005193,0.00005387263688612948,0.000054943448381684055,0.00005519264063375491,0.00005498780799533512,0.00005505063155703604,0.000055220887441393974,0.00005500635401166686,0.000054505516757325835,0.0000546848413583829,0.00005446466121272689,0.00005492250791501085,0.00005493188813549239,0.00005472512731798431,0.00005402068420937488,0.00005535148898609452,0.00005590746564043262,0.00005702761640377475,0.00005465624750882643,0.0000551233910372453,0.000054765387648569164,0.00005461906132803045,0.0000547923135003218,0.000054874517382091654,0.00005474465711165746,0.00005473087057334039,0.00005483390562964542,0.00005490335615949454,0.00005475632603622193,0.000054783345263263435,0.00005429686502470336,0.000055133283819454554,0.00005529914941963747,0.0000549156249220538,0.00005494249595795884,0.00005492495097622331,0.0000542940706324244,0.00005387873779429365,0.00005484286131534914,0.00005481223654616351,0.00005481943406852585,0.00005470273288984021,0.00005460410833221471,0.00005452983845343986,0.000054785275882760726,0.00005479238058121312,0.00005443309607642535,0.00005476721031100246,0.00005457922717744155,0.000054740336768363726,0.00005445611650704431,0.00005486510718271749,0.00005504807387850155,0.0000548096918635377,0.00005464700134148097,0.000054666459993332956,0.00005511480328667143,0.00005456496852734691,0.00005488997810550979,0.00005500692876175789,0.000054847191835216954,0.00005482911549209753,0.000054770861124013505,0.000054859438816418774,0.00005607315887378386,0.00005489242391556601,0.000054875877592091735,0.00005482696209406628,0.000054729382609195287,0.00005482097812692671,0.000054800557134958885,0.000054861759689565794,0.0000546615707276323,0.00005466694035637888,0.000054805007377430834
0.00009823968675970842,0.00009865026244404424,0.00009871306410263344,0.00009865328179577395,0.00009862856995267934,0.00009878683101930086,0.00009859695532645748,0.00009856666445959335,0.00009848802659821814,0.00009856623943431834,0.0000983293112579808,0.00009897293201487634,0.00009846132584715665,0.00009925066548702272,0.00009872100706536131,0.00009905502037485124,0.00009873327414529799,0.00009889591411592249,0.00009858742094326852,0.00010021906576825717,0.00009866457524683266,0.0000985887660265841,0.00009881004029653249,0.00009915556095693292,0.00009862522170919636,0.0000980730355621606,0.00009885296354441775,0.00009900940190070147,0.00009892279602169883,0.0000989090673642391,0.00009910555431083387,0.00009892765584303919,0.00009835472039662827,0.00009849120552169911,0.00009822185444780852,0.00009885238167766337,0.00009893874696547037,0.00009868779393461128,0.00009792025347830193,0.00009927539206742165,0.00009995494092963884,0.0001022172515825699,0.00009844047635242059,0.00009907493127060805,0.00009836751917199268,0.00009842823509563408,0.00009858998630565214,0.00009879762886742783,0.00009871058875656817,0.00009856742715175866,0.0000987204486833506,0.00009876880020446787,0.00009838331034068705,0.00009866350559674279,0.00009830354444028455,0.00009929288985301694,0.00009934931323094882,0.0000986984680306567,0.00009884243999814114,0.00009872329737337402,0.00009803064106694846,0.00009760405841203784,0.00009876065214461886,0.00009866371168418457,0.00009872990146681754,0.00009849854802717992,0.00009845431793278778,0.00009844412806627313,0.00009872104469194458,0.00009857515395261804,0.00009811926515644801,0.00009861185397229839,0.00009844603735309319,0.00009855529734897977,0.00009824263603795737,0.00009882412112776777,0.00009896765046598174,0.00009884569195699978,0.00009863316717327359,0.0000984272776979323,0.00009906911869611954,0.00009841535156320964,0.0000988566658835693,0.00009876928373727805,0.00009880346479668342,0.00009863332721235388,0.00009860297453985264,0.00009868291106652997,0.00009998000483657881,0.00009871936356666634,0.00009888726095453931,0.00009876521041253923,0.00009855875189698421,0.00009871286607536159,0.00009857842202653076,0.00009873646739293808,0.00009848973397661919,0.00009853579732232626,0.00009871313077924768
0.00019303070836865119,0.00019342442379498715,0.0001934553395991034,0.00019324075657991337,0.00019311478920880452,0.0001936814845779051,0.0001932422761082368,0.00019316200137872553,0.0001932284572992126,0.00019337571018292042,0.00019302286563592906,0.00019371356453178534,0.0001931273678244084,0.00019385579379873109,0.0001934093436617919,0.00019391684581845673,0.00019336629953695364,0.00019373263037730603,0.0001933546751640439,0.0001951343026756708,0.00019319086628888122,0.00019319616339105099,0.00019322687871888328,0.00019351509312075943,0.0001932452087581604,0.00019296747696489528,0.00019354972381393153,0.0001936062164497536,0.00019372079198769188,0.0001935474781567466,0.00019375004047793927,0.00019365407815972286,0.00019302050781423816,0.00019310388138150185,0.00019281300363920814,0.00019361253132261786,0.00019359472509956888,0.00019353805064806445,0.00019265203218741766,0.00019384990919159154,0.00019463232648057223,0.00019799862158864735,0.0001929648701413568,0.00019390831652567914,0.00019291203263893734,0.000193091579671937,0.00019325650570414636,0.00019359967463457046,0.0001936457747430937,0.00019323969933971054,0.00019339829024555492,0.00019342036039463452,0.00019303003574371448,0.0001933483676595039,0.00019314956223462614,0.000194186796307259,0.00019434898772829174,0.0001932318382495818,0.00019350641311473226,0.00019331124717683666,0.00019262139310537374,0.00019247304856664346,0.0001933896689397123,0.00019334457900936034,0.00019336174733318933,0.00019305510338584893,0.00019359926333203248,0.000193205526725983,0.00019352247560395504,0.00019324680850853584,0.00019291121295818877,0.00019325924473293201,0.00019323326179658768,0.00019320714959601186,0.00019286979741659207,0.00019365128799692457,0.00019385848191365312,0.00019357544534022341,0.00019340925462303925,0.00019296741569711917,0.0001938379901362058,0.0001931603596597124,0.0001936963253629535,0.0001934437980475251,0.00019358708797286082,0.00019328497236498405,0.00019325704616464926,0.00019328053794735145,0.0001948391037912694,0.0001933667031913529,0.0001937465329667874,0.000193546165328186,0.00019331285148054965,0.0001933550391631435,0.00019312364076514763,0.00019343399907189787,0.00019316860865802412,0.0001932153789904767,0.0001933234211966949
0.0004287290998917779,0.0004290073025959775,0.00042899781380711444,0.00042880291394366884,0.0004283405898433371,0.00042939731575657755,0.00042869548109188935,0.0004286166191821009,0.00042894675230297614,0.0004290527342948989,0.0004286730878505734,0.0004293959102416204,0.00042864095133927406,0.0004291265353296869,0.0004288574902200961,0.00042962066367659943,0.0004287517042685224,0.00042937793354827546,0.00042896060218582804,0.00043132834428846864,0.00042859502653733866,0.00042843859159338166,0.0004286583917429208,0.00042856856399300355,0.0004286477984868424,0.00042855766000881256,0.00042904335175698237,0.0004289039375129566,0.0004293782181243202,0.0004290275426811834,0.0004291306333172897,0.0004291633865005519,0.00042847761235641945,0.00042857123069269985,0.0004282951005410244,0.0004292002852658794,0.0004290586566892022,0.0004293072812030374,0.00042802008891649834,0.00042899541250780894,0.000430137811018049,0.00043464794253830037,0.00042827203455964176,0.000429485337662474,0.0004282721924442675,0.00042859720448264806,0.0004288780237821293,0.0004291734852166725,0.00042935030854942603,0.00042885244467993433,0.00042898980735675286,0.0004288598888521051,0.0004285963794708915,0.00042884499758429843,0.0004287905922749789,0.000429859947750508,0.0004300830736025254,0.0004285797310794266,0.0004289081811586497,0.0004287580121142859,0.0004280431953692705,0.0004282134691426481,0.00042871863634072515,0.0004288953828146363,0.0004287253109450752,0.00042840236532691367,0.00042990098092225606,0.0004288540009120426,0.00042907732964965543,0.0004286418622380324,0.0004286619038253599,0.0004287322445575459,0.0004289660335503585,0.00042867098914642734,0.00042837992251944695,0.0004294622691307369,0.00042956734379114687,0.0004289984764782327,0.0004289514384551461,0.00042838132221346514,0.00042939134345367153,0.00042885451360236615,0.0004294071287789335,0.0004289135740849022,0.000429181634368082,0.0004286861327146114,0.0004287362295777723,0.00042868709367534696,0.0004300621211322742,0.0004288694810568337,0.00042944588679274436,0.0004291821703338993,0.0004288354373694068,0.00042875437532558305,0.0004284697087030113,0.0004289200734963405,0.00042869492506811366,0.00042869102675448093,0.00042870395379419077
0.0011717336355349843,0.0011717757137792975,0.0011718176374871407,0.001171518080239303,0.0011706961943024727,0.0011723399263700314,0.001171121025415659,0.0011711417748469708,0.0011717624229388456,0.001172024340927308,0.0011720004911120446,0.0011723806712790282,0.0011711640154416444,0.0011715894688750926,0.0011714480829586019,0.0011723967577476659,0.0011712796987788459,0.001171913554025713,0.001171590483286153,0.0011743051683583083,0.0011711786541539941,0.0011708128102930443,0.001171161991295058,0.0011708478375829913,0.0011713205031699254,0.00117104329143277,0.0011716193166375329,0.0011713149225867875,0.0011722005861226834,0.0011715820764516692,0.0011716371829577498,0.0011718116412552937,0.0011710885941292634,0.0011712508657367956,0.0011711497788777152,0.0011719020098019863,0.0011717642741868274,0.001172312536559941,0.0011704632972416688,0.0011712435241199122,0.0011729358606526695,0.001178191161742828,0.0011708661601613755,0.0011722113757165853,0.0011708997736574538,0.0011713020760815815,0.0011716815726580572,0.0011717351228084192,0.0011721106889914024,0.0011717396831929063,0.0011718700305805713,0.0011713538783237071,0.0011713196723751882,0.0011714878910778959,0.0011715454662840712,0.0011724876495191794,0.0011729473617696734,0.001171114984551911,0.0011715622781722785,0.0011713757314995971,0.0011704791092895395,0.001171083442001253,0.0011708745413378926,0.0011715386290050195,0.0011711478387313192,0.0011707806062750173,0.0011733516998452163,0.0011717825603472058,0.0011716310964189906,0.0011708122684566027,0.0011711328483134365,0.0011714820076734707,0.0011717624640835936,0.0011713864071774952,0.0011711701623621012,0.0011725905243173836,0.001172580157097208,0.0011715919304371026,0.001171235575010809,0.0011709176066743523,0.00117213744118716,0.0011718802744262932,0.001172375667170282,0.0011713106633407635,0.0011721747525481564,0.0011711422090418728,0.001171088458352397,0.0011714462871009056,0.0011720515801078688,0.0011716109514886843,0.0011723402498742923,0.0011721220488815618,0.0011713064458444308,0.0011711551755635478,0.0011710729812221964,0.0011713981342482717,0.001171235568560128,0.0011712683834521373,0.0011712933913588506
0.004488434892258445,0.004487913326571903,0.004488192091263589,0.0044876856162140094,0.004486245547858857,0.004488935332231289,0.004486754674778725,0.004486847297518251,0.004487782910606102,0.004488576890153938,0.004489673675483874,0.0044893504350289725,0.004486975735848431,0.0044878625466237615,0.0044872575895020415,0.004488893890559507,0.004487181122023847,0.00448742008276852,0.004487288028572414,0.004489956653572566,0.004487726893992034,0.004486285627264,0.004486925243887617,0.004487127494346397,0.004488067954752237,0.004486710437425209,0.004487361171328244,0.004487466947903081,0.004488771194853509,0.004487560114141588,0.004487496553087218,0.0044872970068451715,0.0044871162475027,0.004487749027963859,0.004487809565853486,0.00448812020453926,0.004488257856498808,0.0044891811393026875,0.004486542116218558,0.004487406335125968,0.004489829763708949,0.004495091157210378,0.00448719102350908,0.004488641713539465,0.004487231813143214,0.004487769456534594,0.004487806657669083,0.004487648786389393,0.004488035729167186,0.004488244396908266,0.004488744588549047,0.00448723718103532,0.004487553754646432,0.0044875602864569535,0.004487711454316402,0.004487933107292608,0.004489725237086775,0.004487090772070179,0.004487538105891826,0.004487404380569202,0.004486336000460646,0.004487199224465404,0.004485918181125504,0.004487184777818036,0.004487141444265973,0.004486432433147238,0.004489765530568382,0.004488036214416144,0.004487629008763791,0.004486037345932411,0.004486904536439295,0.004488129797182656,0.004487636905453818,0.004487738170580156,0.004487257797843083,0.004489277548027756,0.004489660411422146,0.004487687260427916,0.004486277359777665,0.004486512764216164,0.004488359639798227,0.00448852388865249,0.004488451316923998,0.004486885243889085,0.004489345490746429,0.004486892319298455,0.0044865165107984,0.004488200537900867,0.00448774737329233,0.004488196404320072,0.0044891908753770205,0.004489076772004991,0.00448742853649132,0.0044871184109422455,0.004487388207008878,0.004487335375094737,0.004487000501043636,0.004487243810559793,0.004487455071830489
0.026789655602296007,0.026788708305563805,0.02679058328274678,0.026788993285394316,0.02678642272284375,0.026789367546760777,0.026787523848884148,0.026787676000749876,0.026788711926544972,0.02678972205850961,0.026793701425236807,0.026791839556160504,0.02678958324486304,0.02678964017133637,0.026788949509116186,0.02679108503188512,0.02678873386109979,0.026787129076965704,0.0267885784591078,0.026790539132215616,0.02679139399381438,0.026787302887532678,0.026786550374960985,0.026788963899372666,0.026789769925202385,0.02678802076362443,0.026788798526001426,0.026789629446159806,0.02679083787406973,0.026788362233679815,0.026788229607050157,0.026787951164987125,0.026788499008238494,0.026789726469846162,0.026789475559959496,0.02678990214176675,0.0267903314417361,0.02679108019977595,0.026790153465842452,0.026789577752973553,0.026794133066864144,0.026799774814141013,0.026788921169685304,0.026789895491059555,0.026789817114808125,0.02678950844538041,0.026790284620101967,0.026791029912369237,0.026787959750794316,0.026789268628894754,0.02679435935714949,0.026787844876899516,0.026788940370252028,0.026788462785315204,0.02678927519653216,0.026787431768259717,0.026793253167960773,0.026787341508692636,0.026788822585726742,0.026789585621493396,0.026787265714292526,0.026786885568800264,0.026784906620160434,0.026787609044166077,0.026790301612675493,0.0267884942099959,0.026791507783828376,0.02679064682639517,0.0267892231205173,0.026787197379109166,0.026788992876879327,0.026790662634993634,0.02678808227428231,0.026790817825819296,0.026788152395716032,0.026793211652697723,0.026792187230405287,0.026791146547109235,0.02678657133195962,0.026788036071548595,0.026789775309540496,0.026791968578116776,0.026788645291064422,0.0267866815151982,0.026790314602365924,0.026788714804864392,0.026787092945280862,0.026792883378887723,0.026789266563382805,0.026790495134544363,0.02679217582703304,0.026792762935917477,0.026789501272510355,0.026788489389695733,0.026789663511003578,0.026789678869036267,0.026787924761506113,0.026786847158804604,0.026788840319698456
