ensemble,beta,temp,ns,nt,jk_index,chi_unscaled,chi_vol_scaled,chi_renorm
L48T16beta4.405ms0.021032m0.000760,4.405,241.6,48,16,0,3.271941326011972e-12,5.789608562021056e-6,0.00007245182766921265
L48T16beta4.405ms0.021032m0.000760,4.405,241.6,48,16,1,3.2714879433154435e-12,5.788806314034264e-6,0.00007244178824560322
L48T16beta4.405ms0.021032m0.000760,4.405,241.6,48,16,2,3.2710781543209807e-12,5.788081203882654e-6,0.00007243271413373832
L48T16beta4.405ms0.021032m0.000760,4.405,241.6,48,16,3,3.270824935753693e-12,5.7876331407179585e-6,0.00007242710701974337
L48T16beta4.405ms0.021032m0.000760,4.405,241.6,48,16,4,3.271916679735487e-12,5.789564951124912e-6,0.00007245128191744065
L48T16beta4.405ms0.021032m0.000760,4.405,241.6,48,16,5,3.2714441555766582e-12,5.788728832856541e-6,0.00007244081863723057
L48T16beta4.405ms0.021032m0.000760,4.405,241.6,48,16,6,3.2717379681450036e-12,5.789248725969476e-6,0.00007244732463946221
L48T16beta4.405ms0.021032m0.000760,4.405,241.6,48,16,7,3.2711306680476047e-12,5.788174125451531e-6,0.00007243387696494236
L48T16beta4.405ms0.021032m0.000760,4.405,241.6,48,16,8,3.2711750840466088e-12,5.788252718318121e-6,0.00007243486048511737
L48T16beta4.405ms0.021032m0.000760,4.405,241.6,48,16,9,3.2716249672794554e-12,5.7890487741019125e-6,0.00007244482241878604
L48T16beta4.405ms0.021032m0.000760,4.405,241.6,48,16,10,3.2716092936626854e-12,5.789021040075899e-6,0.00007244447535199357
L48T16beta4.405ms0.021032m0.000760,4.405,241.6,48,16,11,3.2716847195643583e-12,5.789154504096984e-6,0.00007244614553610914
L48T16beta4.405ms0.021032m0.000760,4.405,241.6,48,16,12,3.270245150859841e-12,5.786607227582265e-6,0.00007241426862472674
L48T16beta4.405ms0.021032m0.000760,4.405,241.6,48,16,13,3.271794789947372e-12,5.789349270557756e-6,0.00007244858286600811
L48T16beta4.405ms0.021032m0.000760,4.405,241.6,48,16,14,3.2718581154804673e-12,5.7894613233154535e-6,0.00007244998510711018
L48T16beta4.405ms0.021032m0.000760,4.405,241.6,48,16,15,3.271825823818426e-12,5.789404184123638e-6,0.00007244927006068964
L48T16beta4.405ms0.021032m0.000760,4.405,241.6,48,16,16,3.271955055251377e-12,5.789632855525764e-6,0.00007245213168092566
L48T16beta4.405ms0.021032m0.000760,4.405,241.6,48,16,17,3.271959642199484e-12,5.789640972002005e-6,0.00007245223325144319
L48T16beta4.405ms0.021032m0.000760,4.405,241.6,48,16,18,3.271370911552448e-12,5.788599229606534e-6,0.00007243919676724847
L48T16beta4.405ms0.021032m0.000760,4.405,241.6,48,16,19,3.2715925512359198e-12,5.7889914148205254e-6,0.00007244410461813928
L48T16beta4.405ms0.021032m0.000760,4.405,241.6,48,16,20,3.271368839987792e-12,5.788595564030878e-6,0.00007243915089581298
L48T16beta4.405ms0.021032m0.000760,4.405,241.6,48,16,21,3.271260839898885e-12,5.78840446089756e-6,0.00007243675940921524
L48T16beta4.405ms0.021032m0.000760,4.405,241.6,48,16,22,3.271947878804436e-12,5.789620157003843e-6,0.00007245197277016131
L48T16beta4.405ms0.021032m0.000760,4.405,241.6,48,16,23,3.271542825584416e-12,5.788903426672508e-6,0.0000724430035243315
L48T16beta4.405ms0.021032m0.000760,4.405,241.6,48,16,24,3.271495549525726e-12,5.7888197730103855e-6,0.00007244195667277891
L48T16beta4.405ms0.021032m0.000760,4.405,241.6,48,16,25,3.271875863970616e-12,5.789492728771814e-6,0.00007245037811860443
L48T16beta4.405ms0.021032m0.000760,4.405,241.6,48,16,26,3.2715471059992406e-12,5.788911000746688e-6,0.00007244309830716723
L48T16beta4.405ms0.021032m0.000760,4.405,241.6,48,16,27,3.2719352313981584e-12,5.789597777772562e-6,0.00007245169271388623
L48T16beta4.405ms0.021032m0.000760,4.405,241.6,48,16,28,3.2719261976329572e-12,5.789581792777984e-6,0.00007245149267582492
L48T16beta4.405ms0.021032m0.000760,4.405,241.6,48,16,29,3.271939254209088e-12,5.789604896023863e-6,0.00007245178179250201
L48T16beta4.405ms0.021032m0.000760,4.405,241.6,48,16,30,3.2719103792794324e-12,5.789553802644336e-6,0.00007245114240407203
L48T16beta4.405ms0.021032m0.000760,4.405,241.6,48,16,31,3.2717847066421746e-12,5.789331428431542e-6,0.00007244835958758784
L48T16beta4.405ms0.021032m0.000760,4.405,241.6,48,16,32,3.271958379590997e-12,5.789638737851641e-6,0.00007245220529302847
L48T16beta4.405ms0.021032m0.000760,4.405,241.6,48,16,33,3.271231026708187e-12,5.788351707291389e-6,0.00007243609924451804
L48T16beta4.405ms0.021032m0.000760,4.405,241.6,48,16,34,3.2718774058485128e-12,5.78949545708158e-6,0.00007245041226098674
L48T16beta4.405ms0.021032m0.000760,4.405,241.6,48,16,35,3.264613827764955e-12,5.77664275904291e-6,0.00007228957211896219
L48T16beta4.405ms0.021032m0.000760,4.405,241.6,48,16,36,3.268039156979381e-12,5.782703783178619e-6,0.00007236542047234828
L48T16beta4.405ms0.021032m0.000760,4.405,241.6,48,16,37,3.271014916588144e-12,5.7879693064850565e-6,0.00007243131383683042
L48T16beta4.405ms0.021032m0.000760,4.405,241.6,48,16,38,3.2719105901774014e-12,5.789554175822387e-6,0.0000724511470740651
L48T16beta4.405ms0.021032m0.000760,4.405,241.6,48,16,39,3.2718851498075284e-12,5.789509159800227e-6,0.00007245058373838448
L48T16beta4.405ms0.021032m0.000760,4.405,241.6,48,16,40,3.2700196615042685e-12,5.786208230481281e-6,0.00007240927552909839
L48T16beta4.405ms0.021032m0.000760,4.405,241.6,48,16,41,3.2716249367862693e-12,5.7890487201450735e-6,0.00007244482174356393
L48T16beta4.405ms0.021032m0.000760,4.405,241.6,48,16,42,3.2677126931305687e-12,5.782126114539134e-6,0.00007235819146053003
L48T16beta4.405ms0.021032m0.000760,4.405,241.6,48,16,43,3.2719411735460416e-12,5.789608292236861e-6,0.0000724518242931022
L48T16beta4.405ms0.021032m0.000760,4.405,241.6,48,16,44,3.2718428759680828e-12,5.789434357424995e-6,0.00007244964765285443
L48T16beta4.405ms0.021032m0.000760,4.405,241.6,48,16,45,3.271940479442246e-12,5.78960706403963e-6,0.00007245180892330074
L48T16beta4.405ms0.021032m0.000760,4.405,241.6,48,16,46,3.270306878637335e-12,5.786716453156163e-6,0.00007241563548612546
L48T16beta4.405ms0.021032m0.000760,4.405,241.6,48,16,47,3.271868964728442e-12,5.789480520755966e-6,0.00007245022534608951
L48T16beta4.405ms0.021032m0.000760,4.405,241.6,48,16,48,3.2696386701874093e-12,5.7855340770138555e-6,0.00007240083909504221
L48T16beta4.405ms0.021032m0.000760,4.405,241.6,48,16,49,3.271953842684008e-12,5.789630709921757e-6,0.00007245210483059027
L48T16beta4.405ms0.021032m0.000760,4.405,241.6,48,16,50,3.2719214621629167e-12,5.789573413496341e-6,0.00007245138781653036
L48T16beta4.405ms0.021032m0.000760,4.405,241.6,48,16,51,3.2716153634610808e-12,5.7890317804142055e-6,0.00007244460975782286
L48T16beta4.405ms0.021032m0.000760,4.405,241.6,48,16,52,3.271501522457963e-12,5.7888303419467366e-6,0.00007244208893366442
L48T16beta4.405ms0.021032m0.000760,4.405,241.6,48,16,53,3.271668926013017e-12,5.789126557850105e-6,0.00007244579581356033
L48T16beta4.405ms0.021032m0.000760,4.405,241.6,48,16,54,3.2719570910024213e-12,5.7896364577302364e-6,0.00007245217675932689
L48T16beta4.405ms0.021032m0.000760,4.405,241.6,48,16,55,3.271954955327959e-12,5.789632678714074e-6,0.00007245212946828383
L48T16beta4.405ms0.021032m0.000760,4.405,241.6,48,16,56,3.271850888648301e-12,5.789448535638286e-6,0.00007244982508064683
L48T16beta4.405ms0.021032m0.000760,4.405,241.6,48,16,57,3.2718499830377314e-12,5.789446933185741e-6,0.0000724498050273713
L48T16beta4.405ms0.021032m0.000760,4.405,241.6,48,16,58,3.2719371283416787e-12,5.789601134361007e-6,0.00007245173471862021
L48T16beta4.405ms0.021032m0.000760,4.405,241.6,48,16,59,3.2717863071241633e-12,5.7893342604396075e-6,0.00007244839502766261
L48T16beta4.405ms0.021032m0.000760,4.405,241.6,48,16,60,3.2643048638153562e-12,5.776096055985086e-6,0.00007228273061399558
L48T16beta4.405ms0.021032m0.000760,4.405,241.6,48,16,61,3.271923094501285e-12,5.789576301873378e-6,0.00007245142396201292
L48T16beta4.405ms0.021032m0.000760,4.405,241.6,48,16,62,3.271908314345456e-12,5.7895501488014825e-6,0.00007245109667946218
L48T16beta4.405ms0.021032m0.000760,4.405,241.6,48,16,63,3.271953559364722e-12,5.789630208596214e-6,0.00007245209855694473
L48T16beta4.405ms0.021032m0.000760,4.405,241.6,48,16,64,3.271027623869063e-12,5.787991791662839e-6,0.00007243159521893222
L48T16beta4.405ms0.021032m0.000760,4.405,241.6,48,16,65,3.271622018982759e-12,5.789043557173461e-6,0.00007244475713354314
L48T16beta4.405ms0.021032m0.000760,4.405,241.6,48,16,66,3.271635537774181e-12,5.789067478296356e-6,0.0000724450564852273
L48T16beta4.405ms0.021032m0.000760,4.405,241.6,48,16,67,3.271713311995291e-12,5.789205097602931e-6,0.00007244677866906361
L48T16beta4.405ms0.021032m0.000760,4.405,241.6,48,16,68,3.2713330560883184e-12,5.788532245422709e-6,0.00007243835851946521
L48T16beta4.405ms0.021032m0.000760,4.405,241.6,48,16,69,3.2717841955239654e-12,5.789330524022182e-6,0.00007244834826970505
L48T16beta4.405ms0.021032m0.000760,4.405,241.6,48,16,70,3.2719530374997824e-12,5.789629285170815e-6,0.00007245208700109306
L48T16beta4.405ms0.021032m0.000760,4.405,241.6,48,16,71,3.271959621526586e-12,5.789640935421891e-6,0.00007245223279367545
L48T16beta4.405ms0.021032m0.000760,4.405,241.6,48,16,72,3.2718865279433684e-12,5.789511598373008e-6,0.00007245061425496482
L48T16beta4.405ms0.021032m0.000760,4.405,241.6,48,16,73,3.2719346997394002e-12,5.789596837017276e-6,0.00007245168094116634
L48T16beta4.405ms0.021032m0.000760,4.405,241.6,48,16,74,3.2719282101303004e-12,5.789585353835683e-6,0.00007245153723931067
L48T16beta4.405ms0.021032m0.000760,4.405,241.6,48,16,75,3.2715516590924996e-12,5.7889190573177235e-6,0.00007244319912802411
L48T16beta4.405ms0.021032m0.000760,4.405,241.6,48,16,76,3.2716607314060036e-12,5.789112057722444e-6,0.00007244561435729446
L48T16beta4.405ms0.021032m0.000760,4.405,241.6,48,16,77,3.2719207150533875e-12,5.789572091506948e-6,0.00007245137127300298
L48T16beta4.405ms0.021032m0.000760,4.405,241.6,48,16,78,3.2719057482326724e-12,5.789545608136763e-6,0.00007245103985706145
L48T16beta4.405ms0.021032m0.000760,4.405,241.6,48,16,79,3.2719222267689703e-12,5.789574766445343e-6,0.00007245140474748982
L48T16beta4.405ms0.021032m0.000760,4.405,241.6,48,16,80,3.271498573420113e-12,5.788825123706834e-6,0.0000724420236320099
L48T16beta4.405ms0.021032m0.000760,4.405,241.6,48,16,81,3.271233711312939e-12,5.788356457624329e-6,0.000072436158690731
L48T16beta4.405ms0.021032m0.000760,4.405,241.6,48,16,82,3.2719545236323233e-12,5.789631914840734e-6,0.00007245211990908497
L48T16beta4.405ms0.021032m0.000760,4.405,241.6,48,16,83,3.270817148715111e-12,5.787619361771225e-6,0.0000724269345884186
L48T16beta4.405ms0.021032m0.000760,4.405,241.6,48,16,84,3.268626990353828e-12,5.7837439378753686e-6,0.00007237843708789851
L48T16beta4.405ms0.021032m0.000760,4.405,241.6,48,16,85,3.271256642202122e-12,5.788397033190673e-6,0.00007243666645803666
L48T16beta4.405ms0.021032m0.000760,4.405,241.6,48,16,86,3.2719569192400215e-12,5.789636153801479e-6,0.00007245217295592744
L48T16beta4.405ms0.021032m0.000760,4.405,241.6,48,16,87,3.2718260672212844e-12,5.7894046148181805e-6,0.0000724492754504507
L48T16beta4.405ms0.021032m0.000760,4.405,241.6,48,16,88,3.271682919778164e-12,5.7891513194257074e-6,0.00007244610568276638
L48T16beta4.405ms0.021032m0.000760,4.405,241.6,48,16,89,3.271933625000174e-12,5.789594935296308e-6,0.00007245165714281133
L48T16beta4.405ms0.021032m0.000760,4.405,241.6,48,16,90,3.2717380553761623e-12,5.789248880322569e-6,0.00007244732657105456
L48T16beta4.405ms0.021032m0.000760,4.405,241.6,48,16,91,3.2718654259174326e-12,5.789474258928971e-6,0.00007245014698486605
L48T16beta4.405ms0.021032m0.000760,4.405,241.6,48,16,92,3.271912241468132e-12,5.7895570977350985e-6,0.00007245118363921695
L48T16beta4.405ms0.021032m0.000760,4.405,241.6,48,16,93,3.2718704235309354e-12,5.789483102066131e-6,0.00007245025764890193
L48T16beta4.405ms0.021032m0.000760,4.405,241.6,48,16,94,3.271942484845688e-12,5.78961061254487e-6,0.0000724518533297036
L48T16beta4.405ms0.021032m0.000760,4.405,241.6,48,16,95,3.271944392906516e-12,5.7896139888050785e-6,0.00007245189558061229
L48T16beta4.405ms0.021032m0.000760,4.405,241.6,48,16,96,3.2718959621301605e-12,5.789528291902379e-6,0.00007245082315971205
L48T16beta4.405ms0.021032m0.000760,4.405,241.6,48,16,97,3.271948496106166e-12,5.78962124930197e-6,0.00007245198643930574
L48T16beta4.405ms0.021032m0.000760,4.405,241.6,48,16,98,3.270938762688123e-12,5.787834554291278e-6,0.00007242962753237355
L48T16beta4.405ms0.021032m0.000760,4.405,241.6,48,16,99,3.269981272171154e-12,5.786140301631236e-6,0.00007240842545965335
L48T16beta4.405ms0.021032m0.000760,4.405,241.6,48,16,100,3.271923017910978e-12,5.789576166348974e-6,0.00007245142226604494
L48T16beta4.405ms0.021032m0.000760,4.405,241.6,48,16,101,3.2714132270023873e-12,5.788674105610368e-6,0.00007244013377417532
L48T16beta4.405ms0.021032m0.000760,4.405,241.6,48,16,102,3.2718792076464103e-12,5.789498645312509e-6,0.00007245045215887542
L48T16beta4.405ms0.021032m0.000760,4.405,241.6,48,16,103,3.2718174596063e-12,5.789389383884479e-6,0.00007244908484879395
L48T16beta4.405ms0.021032m0.000760,4.405,241.6,48,16,104,3.269327639768587e-12,5.784983717396601e-6,0.0000723939518314702
L48T16beta4.405ms0.021032m0.000760,4.405,241.6,48,16,105,3.2718994416885683e-12,5.789534448883554e-6,0.00007245090020888287
L48T16beta4.405ms0.021032m0.000760,4.405,241.6,48,16,106,3.2718953284833415e-12,5.789527170682075e-6,0.00007245080912863216
L48T16beta4.405ms0.021032m0.000760,4.405,241.6,48,16,107,3.271957380595045e-12,5.7896369701562755e-6,0.0000724521831718853
L48T16beta4.405ms0.021032m0.000760,4.405,241.6,48,16,108,3.271874136248397e-12,5.789489671615723e-6,0.00007245033986100137
L48T16beta4.405ms0.021032m0.000760,4.405,241.6,48,16,109,3.2717385488257936e-12,5.789249753467875e-6,0.00007244733749769539
L48T16beta4.405ms0.021032m0.000760,4.405,241.6,48,16,110,3.2716796542411592e-12,5.7891455411494125e-6,0.000072446033372752
L48T16beta4.405ms0.021032m0.000760,4.405,241.6,48,16,111,3.2714040124353566e-12,5.788657800692015e-6,0.0000724399297325511
L48T16beta4.405ms0.021032m0.000760,4.405,241.6,48,16,112,3.271783518347594e-12,5.7893293257775535e-6,0.00007244833327473391
L48T16beta4.405ms0.021032m0.000760,4.405,241.6,48,16,113,3.2715570218036725e-12,5.788928546484988e-6,0.00007244331787655505
L48T16beta4.405ms0.021032m0.000760,4.405,241.6,48,16,114,3.2715437369653975e-12,5.788905039335636e-6,0.00007244302370538344
L48T16beta4.405ms0.021032m0.000760,4.405,241.6,48,16,115,3.271971702757513e-12,5.789662312821742e-6,0.00007245250031291674
L48T16beta4.405ms0.021032m0.000760,4.405,241.6,48,16,116,3.2713457747909472e-12,5.788554750810887e-6,0.00007243864015448224
L48T16beta4.405ms0.021032m0.000760,4.405,241.6,48,16,117,3.271486527274879e-12,5.788803808390135e-6,0.00007244175688968428
L48T16beta4.405ms0.021032m0.000760,4.405,241.6,48,16,118,3.2718307215217457e-12,5.7894128504725265e-6,0.00007244937851237674
L48T16beta4.405ms0.021032m0.000760,4.405,241.6,48,16,119,3.2718384711055895e-12,5.78942656314415e-6,0.00007244955011432715
L48T16beta4.405ms0.021032m0.000760,4.405,241.6,48,16,120,3.2717791964546247e-12,5.789321678308958e-6,0.00007244823757343202
L48T16beta4.405ms0.021032m0.000760,4.405,241.6,48,16,121,3.2716752553211314e-12,5.789137757383593e-6,0.00007244593596581096
L48T16beta4.405ms0.021032m0.000760,4.405,241.6,48,16,122,3.271816129592519e-12,5.789387030462334e-6,0.00007244905539779847
L48T16beta4.405ms0.021032m0.000760,4.405,241.6,48,16,123,3.2718596068407896e-12,5.789463962235786e-6,0.00007245001813086284
L48T16beta4.405ms0.021032m0.000760,4.405,241.6,48,16,124,3.2716358321975396e-12,5.789067999270245e-6,0.0000724450630047545
L48T16beta4.405ms0.021032m0.000760,4.405,241.6,48,16,125,3.27136919392845e-12,5.788596190318962e-6,0.00007243915873325411
L48T16beta4.405ms0.021032m0.000760,4.405,241.6,48,16,126,3.271829064487073e-12,5.78940991839607e-6,0.00007244934182003461
L48T16beta4.405ms0.021032m0.000760,4.405,241.6,48,16,127,3.27189714698367e-12,5.789530388467488e-6,0.00007245084939636905
L48T16beta4.405ms0.021032m0.000760,4.405,241.6,48,16,128,3.271806919763579e-12,5.7893707339279e-6,0.00007244885146109156
L48T16beta4.405ms0.021032m0.000760,4.405,241.6,48,16,129,3.271950228195899e-12,5.7896243141862536e-6,0.0000724520247936203
L48T16beta4.405ms0.021032m0.000760,4.405,241.6,48,16,130,3.2719534823111938e-12,5.789630072252153e-6,0.00007245209685071946
L48T16beta4.405ms0.021032m0.000760,4.405,241.6,48,16,131,3.2716728783878628e-12,5.789133551466728e-6,0.00007244588333248341
L48T16beta4.405ms0.021032m0.000760,4.405,241.6,48,16,132,3.271721033454994e-12,5.789218760509675e-6,0.00007244694964825058
L48T16beta4.405ms0.021032m0.000760,4.405,241.6,48,16,133,3.2714124469247476e-12,5.788672725284827e-6,0.00007244011650062268
L48T16beta4.405ms0.021032m0.000760,4.405,241.6,48,16,134,3.27138807179145e-12,5.7886295941689606e-6,0.00007243957675287628
L48T16beta4.405ms0.021032m0.000760,4.405,241.6,48,16,135,3.271924224919693e-12,5.789578302117099e-6,0.00007245144899329299
L48T16beta4.405ms0.021032m0.000760,4.405,241.6,48,16,136,3.2719421496985738e-12,5.789610019511435e-6,0.00007245184590841496
L48T16beta4.405ms0.021032m0.000760,4.405,241.6,48,16,137,3.2719561873506155e-12,5.789634858743668e-6,0.000072452156749425
L48T16beta4.405ms0.021032m0.000760,4.405,241.6,48,16,138,3.2719492990536953e-12,5.78962267009514e-6,0.00007245200421927496
L48T16beta4.405ms0.021032m0.000760,4.405,241.6,48,16,139,3.2718259873222546e-12,5.7894044734390845e-6,0.00007244927368121643
L48T16beta4.405ms0.021032m0.000760,4.405,241.6,48,16,140,3.2717681900290987e-12,5.789302202747169e-6,0.00007244799385401103
L48T16beta4.405ms0.021032m0.000760,4.405,241.6,48,16,141,3.271929290375241e-12,5.789587265298858e-6,0.00007245156115958077
L48T16beta4.405ms0.021032m0.000760,4.405,241.6,48,16,142,3.2719417047945182e-12,5.789609232266166e-6,0.00007245183605673708
L48T16beta4.405ms0.021032m0.000760,4.405,241.6,48,16,143,3.271953794310486e-12,5.789630624326164e-6,0.00007245210375943716
L48T16beta4.405ms0.021032m0.000760,4.405,241.6,48,16,144,3.2714084841208085e-12,5.788665713214215e-6,0.00007244002875076428
L48T16beta4.405ms0.021032m0.000760,4.405,241.6,48,16,145,3.2717596234555076e-12,5.789287044435064e-6,0.00007244780416114931
L48T16beta4.405ms0.021032m0.000760,4.405,241.6,48,16,146,3.2714144428387738e-12,5.788676256998811e-6,0.00007244016069689782
L48T16beta4.405ms0.021032m0.000760,4.405,241.6,48,16,147,3.2719588049471203e-12,5.789639490507391e-6,0.00007245221471184913
L48T16beta4.405ms0.021032m0.000760,4.405,241.6,48,16,148,3.2717479887035883e-12,5.789266457067316e-6,0.00007244754652846064
L48T16beta4.405ms0.021032m0.000760,4.405,241.6,48,16,149,3.271926055847583e-12,5.789581541892734e-6,0.00007245148953621803
L48T16beta4.405ms0.021032m0.000760,4.405,241.6,48,16,150,3.2715785950843294e-12,5.788966719801059e-6,0.00007244379558182438
L48T16beta4.405ms0.021032m0.000760,4.405,241.6,48,16,151,3.2718792411042117e-12,5.789498704515152e-6,0.0000724504528997441
L48T16beta4.405ms0.021032m0.000760,4.405,241.6,48,16,152,3.2717111375426013e-12,5.789201249969782e-6,0.00007244673051933969
L48T16beta4.405ms0.021032m0.000760,4.405,241.6,48,16,153,3.2718038517176e-12,5.789365305106445e-6,0.00007244878352419527
L48T16beta4.405ms0.021032m0.000760,4.405,241.6,48,16,154,3.27119483669612e-12,5.788287670078357e-6,0.00007243529787546635
L48T16beta4.405ms0.021032m0.000760,4.405,241.6,48,16,155,3.2716344013736033e-12,5.7890654674673525e-6,0.0000724450313214818
L48T16beta4.405ms0.021032m0.000760,4.405,241.6,48,16,156,3.2719580735474052e-12,5.789638196316074e-6,0.0000724521985161901
L48T16beta4.405ms0.021032m0.000760,4.405,241.6,48,16,157,3.271897568422266e-12,5.789531134191284e-6,0.00007245085872844243
L48T16beta4.405ms0.021032m0.000760,4.405,241.6,48,16,158,3.2719461066526915e-12,5.789617021230951e-6,0.00007245193352873857
L48T16beta4.405ms0.021032m0.000760,4.405,241.6,48,16,159,3.271912491025214e-12,5.789557539319368e-6,0.0000724511891652533
L48T16beta4.405ms0.021032m0.000760,4.405,241.6,48,16,160,3.271950415787227e-12,5.789624646123856e-6,0.00007245202894752565
L48T16beta4.405ms0.021032m0.000760,4.405,241.6,48,16,161,3.2719646969877107e-12,5.7896499163082385e-6,0.00007245234518152048
L48T16beta4.405ms0.021032m0.000760,4.405,241.6,48,16,162,3.271861181210341e-12,5.789466748038624e-6,0.00007245005299272007
L48T16beta4.405ms0.021032m0.000760,4.405,241.6,48,16,163,3.271949278049925e-12,5.789622632929557e-6,0.00007245200375418058
L48T16beta4.405ms0.021032m0.000760,4.405,241.6,48,16,164,3.2719085254948878e-12,5.78955052242449e-6,0.00007245110135502347
L48T16beta4.405ms0.021032m0.000760,4.405,241.6,48,16,165,3.27171995723346e-12,5.789216856165805e-6,0.00007244692581707227
L48T16beta4.405ms0.021032m0.000760,4.405,241.6,48,16,166,3.2714457601085232e-12,5.788731672030749e-6,0.00007244085416698328
L48T16beta4.405ms0.021032m0.000760,4.405,241.6,48,16,167,3.2714592225590193e-12,5.788755493459953e-6,0.00007244115227108911
L48T16beta4.405ms0.021032m0.000760,4.405,241.6,48,16,168,3.271807363291206e-12,5.789371518737617e-6,0.00007244886128229065
L48T16beta4.405ms0.021032m0.000760,4.405,241.6,48,16,169,3.2703410487802254e-12,5.786776916267243e-6,0.00007241639212845412
L48T16beta4.405ms0.021032m0.000760,4.405,241.6,48,16,170,3.2717162099464663e-12,5.789210225446394e-6,0.00007244684283948668
L48T16beta4.405ms0.021032m0.000760,4.405,241.6,48,16,171,3.271936431458556e-12,5.789599901245834e-6,0.00007245171928727506
L48T16beta4.405ms0.021032m0.000760,4.405,241.6,48,16,172,3.2719481076356805e-12,5.789620561914323e-6,0.00007245197783725765
L48T16beta4.405ms0.021032m0.000760,4.405,241.6,48,16,173,3.271792418321294e-12,5.789345074031817e-6,0.00007244853035019968
L48T16beta4.405ms0.021032m0.000760,4.405,241.6,48,16,174,3.271839218665105e-12,5.789427885929781e-6,0.00007244956666781873
L48T16beta4.405ms0.021032m0.000760,4.405,241.6,48,16,175,3.2718560892320737e-12,5.789457737925656e-6,0.00007244994023912973
L48T16beta4.405ms0.021032m0.000760,4.405,241.6,48,16,176,3.2718179700892344e-12,5.789390287169738e-6,0.00007244909615260962
L48T16beta4.405ms0.021032m0.000760,4.405,241.6,48,16,177,3.2719460678876993e-12,5.789616952637383e-6,0.00007245193267035076
L48T16beta4.405ms0.021032m0.000760,4.405,241.6,48,16,178,3.2719558183089483e-12,5.789634205734771e-6,0.00007245214857759653
L48T16beta4.405ms0.021032m0.000760,4.405,241.6,48,16,179,3.271847587218275e-12,5.7894426938502955e-6,0.00007244975197583978
L48T16beta4.405ms0.021032m0.000760,4.405,241.6,48,16,180,3.271761457546536e-12,5.7892902898077844e-6,0.00007244784477411693
L48T16beta4.405ms0.021032m0.000760,4.405,241.6,48,16,181,3.271949280961601e-12,5.789622638081686e-6,0.00007245200381865491
L48T16beta4.405ms0.021032m0.000760,4.405,241.6,48,16,182,3.271944400000417e-12,5.7896140013575376e-6,0.00007245189573769521
L48T16beta4.405ms0.021032m0.000760,4.405,241.6,48,16,183,3.2713641124322155e-12,5.788587198753657e-6,0.00007243904621177136
L48T16beta4.405ms0.021032m0.000760,4.405,241.6,48,16,184,3.2716831509255144e-12,5.789151728434472e-6,0.0000724461108011491
L48T16beta4.405ms0.021032m0.000760,4.405,241.6,48,16,185,3.271879097082141e-12,5.78949844967213e-6,0.0000724504497106092
L48T16beta4.405ms0.021032m0.000760,4.405,241.6,48,16,186,3.2719477873381125e-12,5.7896199951567445e-6,0.0000724519707447881
L48T16beta4.405ms0.021032m0.000760,4.405,241.6,48,16,187,3.2716731916709392e-12,5.78913410581236e-6,0.00007244589026962843
L48T16beta4.405ms0.021032m0.000760,4.405,241.6,48,16,188,3.271807381767112e-12,5.7893715514302155e-6,0.00007244886169140961
L48T16beta4.405ms0.021032m0.000760,4.405,241.6,48,16,189,3.271901505974035e-12,5.789538101578888e-6,0.00007245094591913253
L48T16beta4.405ms0.021032m0.000760,4.405,241.6,48,16,190,3.271554672121042e-12,5.788924388787364e-6,0.00007244326584664862
L48T16beta4.405ms0.021032m0.000760,4.405,241.6,48,16,191,3.271726117598206e-12,5.789227756758733e-6,0.00007244706222834636
L48T16beta4.405ms0.021032m0.000760,4.405,241.6,48,16,192,3.2717522057232907e-12,5.7892739189656026e-6,0.00007244763990751433
L48T16beta4.405ms0.021032m0.000760,4.405,241.6,48,16,193,3.271295627303801e-12,5.788466016236511e-6,0.00007243752971980914
L48T16beta4.405ms0.021032m0.000760,4.405,241.6,48,16,194,3.2718673166537896e-12,5.789477604534014e-6,0.0000724501888521525
L48T16beta4.405ms0.021032m0.000760,4.405,241.6,48,16,195,3.271823116396724e-12,5.789399393416744e-6,0.00007244921010923239
L48T16beta4.405ms0.021032m0.000760,4.405,241.6,48,16,196,3.27195000888054e-12,5.789623926113867e-6,0.00007245201993723782
L48T16beta4.405ms0.021032m0.000760,4.405,241.6,48,16,197,3.27194814674478e-12,5.789620631116779e-6,0.00007245197870326515
L48T16beta4.405ms0.021032m0.000760,4.405,241.6,48,16,198,3.2717910017116293e-12,5.78934256738068e-6,0.00007244849898167894
L48T16beta4.405ms0.021032m0.000760,4.405,241.6,48,16,199,3.2718463785022593e-12,5.78944055506115e-6,0.00007244972521078633
L48T16beta4.405ms0.021032m0.000760,4.405,241.6,48,16,200,3.271687847709972e-12,5.78916003926306e-6,0.00007244621480381427
L48T16beta4.405ms0.021032m0.000760,4.405,241.6,48,16,201,3.271971809152792e-12,5.789662501085209e-6,0.00007245250266886743
L48T16beta4.405ms0.021032m0.000760,4.405,241.6,48,16,202,3.271521735112539e-12,5.788866107673055e-6,0.0000724425365100786
L48T16beta4.405ms0.021032m0.000760,4.405,241.6,48,16,203,3.2712281906301215e-12,5.788346688930662e-6,0.00007243603644417451
L48T16beta4.405ms0.021032m0.000760,4.405,241.6,48,16,204,3.267000267562328e-12,5.780865497444047e-6,0.00007234241595316168
L48T16beta4.405ms0.021032m0.000760,4.405,241.6,48,16,205,3.2718656377815485e-12,5.789474633816592e-6,0.00007245015167625288
L48T16beta4.405ms0.021032m0.000760,4.405,241.6,48,16,206,3.2719433834814708e-12,5.789612202655725e-6,0.00007245187322853378
L48T16beta4.405ms0.021032m0.000760,4.405,241.6,48,16,207,3.271148449505864e-12,5.78820558924404e-6,0.00007243427070646189
L48T16beta4.405ms0.021032m0.000760,4.405,241.6,48,16,208,3.268635828745586e-12,5.783759577162109e-6,0.00007237863279973217
L48T16beta4.405ms0.021032m0.000760,4.405,241.6,48,16,209,3.271255841107477e-12,5.78839561567613e-6,0.00007243664871909657
L48T16beta4.405ms0.021032m0.000760,4.405,241.6,48,16,210,3.2708388150370433e-12,5.787657699721227e-6,0.00007242741435393592
L48T16beta4.405ms0.021032m0.000760,4.405,241.6,48,16,211,3.2673228098603526e-12,5.781436227009218e-6,0.00007234955812860557
L48T16beta4.405ms0.021032m0.000760,4.405,241.6,48,16,212,3.2692667732647815e-12,5.7848760158223794e-6,0.00007239260404157877
L48T16beta4.405ms0.021032m0.000760,4.405,241.6,48,16,213,3.2715929339227584e-12,5.788992091974171e-6,0.0000724441130921179
L48T16beta4.405ms0.021032m0.000760,4.405,241.6,48,16,214,3.2712910768575198e-12,5.788457964349229e-6,0.00007243742895756527
L48T16beta4.405ms0.021032m0.000760,4.405,241.6,48,16,215,3.2718105900764534e-12,5.789377228443762e-6,0.0000724489327342103
L48T16beta4.405ms0.021032m0.000760,4.405,241.6,48,16,216,3.2711585440607175e-12,5.788223451276206e-6,0.00007243449423398752
L48T16beta4.405ms0.021032m0.000760,4.405,241.6,48,16,217,3.271551901780674e-12,5.788919486747653e-6,0.00007244320450195966
L48T16beta4.405ms0.021032m0.000760,4.405,241.6,48,16,218,3.2710252518327036e-12,5.787987594410918e-6,0.00007243154269403877
L48T16beta4.405ms0.021032m0.000760,4.405,241.6,48,16,219,3.2715500256556353e-12,5.788916166996928e-6,0.00007244316295821714
L48T16beta4.405ms0.021032m0.000760,4.405,241.6,48,16,220,3.270506581940948e-12,5.787069822560213e-6,0.00007242005759150471
L48T16beta4.405ms0.021032m0.000760,4.405,241.6,48,16,221,3.246260954369404e-12,5.744167863449938e-6,0.00007188317753910886
L48T16beta4.405ms0.021032m0.000760,4.405,241.6,48,16,222,3.271635309101755e-12,5.789067073666901e-6,0.00007244505142164776
L48T16beta4.405ms0.021032m0.000760,4.405,241.6,48,16,223,3.2711622461240926e-12,5.78823000197369e-6,0.00007243457621016954
L48T16beta4.405ms0.021032m0.000760,4.405,241.6,48,16,224,3.271021872303593e-12,5.787981614428783e-6,0.00007243146785985432
L48T16beta4.405ms0.021032m0.000760,4.405,241.6,48,16,225,3.2707656664496236e-12,5.787528265343948e-6,0.00007242579459724656
L48T16beta4.405ms0.021032m0.000760,4.405,241.6,48,16,226,3.27181093278069e-12,5.789377834849313e-6,0.00007244894032283912
L48T16beta4.405ms0.021032m0.000760,4.405,241.6,48,16,227,3.2718962118328264e-12,5.789528733744255e-6,0.00007245082868897211
L48T16beta4.405ms0.021032m0.000760,4.405,241.6,48,16,228,3.2719391029475323e-12,5.789604628370776e-6,0.00007245177844306046
L48T16beta4.405ms0.021032m0.000760,4.405,241.6,48,16,229,3.2719227081351472e-12,5.789575618209315e-6,0.00007245141540656218
L48T16beta4.405ms0.021032m0.000760,4.405,241.6,48,16,230,3.271877442694446e-12,5.789495522279427e-6,0.00007245041307688011
L48T16beta4.405ms0.021032m0.000760,4.405,241.6,48,16,231,3.271959086479696e-12,5.789639988671401e-6,0.00007245222094593087
L48T16beta4.405ms0.021032m0.000760,4.405,241.6,48,16,232,3.27188295300111e-12,5.78950527261278e-6,0.00007245053509367351
L48T16beta4.405ms0.021032m0.000760,4.405,241.6,48,16,233,3.271183683773599e-12,5.788267935294238e-6,0.0000724350509121073
L48T16beta4.405ms0.021032m0.000760,4.405,241.6,48,16,234,3.270287266833521e-12,5.786681750618444e-6,0.00007241520121457575
L48T16beta4.405ms0.021032m0.000760,4.405,241.6,48,16,235,3.270073789900683e-12,5.7863040091631415e-6,0.00007241047411454301
L48T16beta4.405ms0.021032m0.000760,4.405,241.6,48,16,236,3.2577547230941297e-12,5.764505765382816e-6,0.00007213768838387656
L48T16beta4.405ms0.021032m0.000760,4.405,241.6,48,16,237,3.2615428042664383e-12,5.771208668950943e-6,0.00007222156929033145
L48T16beta4.405ms0.021032m0.000760,4.405,241.6,48,16,238,3.270549496229946e-12,5.787145758192995e-6,0.00007242100785875013
L48T16beta4.405ms0.021032m0.000760,4.405,241.6,48,16,239,3.258865160973956e-12,5.766470654118908e-6,0.00007216227722759051
L48T16beta4.405ms0.021032m0.000760,4.405,241.6,48,16,240,3.2705659841630157e-12,5.7871749331289e-6,0.00007242137295725476
L48T16beta4.405ms0.021032m0.000760,4.405,241.6,48,16,241,3.2664930861504895e-12,5.779968054136879e-6,0.00007233118524436032
L48T16beta4.405ms0.021032m0.000760,4.405,241.6,48,16,242,3.2713942789547666e-12,5.788640577570649e-6,0.00007243971420042869
L48T16beta4.405ms0.021032m0.000760,4.405,241.6,48,16,243,3.270925843066632e-12,5.7878116933827994e-6,0.0000724293414483346
L48T16beta4.405ms0.021032m0.000760,4.405,241.6,48,16,244,3.271618773774545e-12,5.789037814868392e-6,0.00007244468527367685
L48T16beta4.405ms0.021032m0.000760,4.405,241.6,48,16,245,3.2719681949029107e-12,5.789656105771243e-6,0.00007245242263717264
L48T16beta4.405ms0.021032m0.000760,4.405,241.6,48,16,246,3.271724979807965e-12,5.789225743470759e-6,0.00007244703703382901
L48T16beta4.405ms0.021032m0.000760,4.405,241.6,48,16,247,3.271736998636386e-12,5.7892470104511234e-6,0.00007244730317126817
L48T16beta4.405ms0.021032m0.000760,4.405,241.6,48,16,248,3.2719099623671688e-12,5.789553064929759e-6,0.00007245113317222694
L48T16beta4.405ms0.021032m0.000760,4.405,241.6,48,16,249,3.2719258774147985e-12,5.789581226160918e-6,0.00007245148558511377
L48T16beta4.405ms0.021032m0.000760,4.405,241.6,48,16,250,3.2719351062358055e-12,5.789597556301283e-6,0.00007245168994236916
L48T16beta4.405ms0.021032m0.000760,4.405,241.6,48,16,251,3.2717505797111995e-12,5.789271041782736e-6,0.00007244760390211688
L48T16beta4.405ms0.021032m0.000760,4.405,241.6,48,16,252,3.2717537324604734e-12,5.789276620484299e-6,0.00007244767371463011
L48T16beta4.405ms0.021032m0.000760,4.405,241.6,48,16,253,3.2719063843014762e-12,5.789546733642702e-6,0.00007245105394177225
L48T16beta4.405ms0.021032m0.000760,4.405,241.6,48,16,254,3.2714392983588664e-12,5.78872023814566e-6,0.00007244071108202974
L48T16beta4.405ms0.021032m0.000760,4.405,241.6,48,16,255,3.271377308318796e-12,5.788610548505477e-6,0.00007243933841325215
L48T16beta4.405ms0.021032m0.000760,4.405,241.6,48,16,256,3.271335409966409e-12,5.788536410544082e-6,0.00007243841064227329
L48T16beta4.405ms0.021032m0.000760,4.405,241.6,48,16,257,3.2715974597786142e-12,5.789000100349384e-6,0.00007244421330984673
L48T16beta4.405ms0.021032m0.000760,4.405,241.6,48,16,258,3.2718811746422022e-12,5.789502125856487e-6,0.0000724504957148032
L48T16beta4.405ms0.021032m0.000760,4.405,241.6,48,16,259,3.2717571312595836e-12,5.789282634564158e-6,0.00007244774897551742
L48T16beta4.405ms0.021032m0.000760,4.405,241.6,48,16,260,3.2717189457967115e-12,5.789215066456799e-6,0.00007244690342044787
L48T16beta4.405ms0.021032m0.000760,4.405,241.6,48,16,261,3.271497474487508e-12,5.78882317917636e-6,0.00007244199929793182
L48T16beta4.405ms0.021032m0.000760,4.405,241.6,48,16,262,3.271642186850468e-12,5.789079243650672e-6,0.00007244520371822488
L48T16beta4.405ms0.021032m0.000760,4.405,241.6,48,16,263,3.271931622667226e-12,5.789591392224222e-6,0.0000724516128043996
L48T16beta4.405ms0.021032m0.000760,4.405,241.6,48,16,264,3.271150014663932e-12,5.788208358747417e-6,0.00007243430536434578
L48T16beta4.405ms0.021032m0.000760,4.405,241.6,48,16,265,3.2718775150363536e-12,5.789495650286407e-6,0.00007245041467877419
L48T16beta4.405ms0.021032m0.000760,4.405,241.6,48,16,266,3.2713243230462833e-12,5.788516792549353e-6,0.0000724381651404301
L48T16beta4.405ms0.021032m0.000760,4.405,241.6,48,16,267,3.271469180291582e-12,5.7887731133889064e-6,0.0000724413727689073
L48T16beta4.405ms0.021032m0.000760,4.405,241.6,48,16,268,3.2719602591174023e-12,5.789642063620988e-6,0.00007245224691208875
L48T16beta4.405ms0.021032m0.000760,4.405,241.6,48,16,269,3.2718702240546763e-12,5.789482749098476e-6,0.00007245025323182407
L48T16beta4.405ms0.021032m0.000760,4.405,241.6,48,16,270,3.2718567434326766e-12,5.789458895515305e-6,0.0000724499547253398
L48T16beta4.405ms0.021032m0.000760,4.405,241.6,48,16,271,3.271783982892226e-12,5.789330147776273e-6,0.00007244834356132046
L48T16beta4.405ms0.021032m0.000760,4.405,241.6,48,16,272,3.2719536652570755e-12,5.789630395969768e-6,0.00007245210090175894
L48T16beta4.405ms0.021032m0.000760,4.405,241.6,48,16,273,3.2718516563645536e-12,5.789449894090699e-6,0.00007244984208047662
L48T16beta4.405ms0.021032m0.000760,4.405,241.6,48,16,274,3.2716631371648622e-12,5.789116314645383e-6,0.00007244566762891792
L48T16beta4.405ms0.021032m0.000760,4.405,241.6,48,16,275,3.2714797287634512e-12,5.7887917786145215e-6,0.00007244160634768818
L48T16beta4.405ms0.021032m0.000760,4.405,241.6,48,16,276,3.2717865370009643e-12,5.78933466720017e-6,0.0000724484001179111
L48T16beta4.405ms0.021032m0.000760,4.405,241.6,48,16,277,3.271718181402416e-12,5.789213713882496e-6,0.00007244688649417743
L48T16beta4.405ms0.021032m0.000760,4.405,241.6,48,16,278,3.2716015473743292e-12,5.789007333235549e-6,0.00007244430382301637
L48T16beta4.405ms0.021032m0.000760,4.405,241.6,48,16,279,3.271844146954255e-12,5.78943660639944e-6,0.00007244967579677937
L48T16beta4.405ms0.021032m0.000760,4.405,241.6,48,16,280,3.2715750695743843e-12,5.788960481509925e-6,0.00007244371751513139
L48T16beta4.405ms0.021032m0.000760,4.405,241.6,48,16,281,3.2718915820036763e-12,5.789520541391209e-6,0.00007245072616892354
L48T16beta4.405ms0.021032m0.000760,4.405,241.6,48,16,282,3.268031803661373e-12,5.782690771688297e-6,0.00007236525764506133
L48T16beta4.405ms0.021032m0.000760,4.405,241.6,48,16,283,3.2717689949883313e-12,5.789303627099993e-6,0.00007244801167852616
L48T16beta4.405ms0.021032m0.000760,4.405,241.6,48,16,284,3.2714055510310006e-12,5.788660523193927e-6,0.00007243996380225325
L48T16beta4.405ms0.021032m0.000760,4.405,241.6,48,16,285,3.271389590918571e-12,5.788632282221866e-6,0.00007243961039147962
L48T16beta4.405ms0.021032m0.000760,4.405,241.6,48,16,286,3.27183722743623e-12,5.78942436250604e-6,0.00007244952257528866
L48T16beta4.405ms0.021032m0.000760,4.405,241.6,48,16,287,3.2719572317025348e-12,5.789636706695148e-6,0.00007245217987490242
L48T16beta4.405ms0.021032m0.000760,4.405,241.6,48,16,288,3.2717371876173776e-12,5.789247344847696e-6,0.00007244730735594536
L48T16beta4.405ms0.021032m0.000760,4.405,241.6,48,16,289,3.2716774751297884e-12,5.789141685272857e-6,0.00007244598511986913
L48T16beta4.405ms0.021032m0.000760,4.405,241.6,48,16,290,3.2714080122705173e-12,5.788664878288337e-6,0.00007244001830240577
L48T16beta4.405ms0.021032m0.000760,4.405,241.6,48,16,291,3.270569730735325e-12,5.787181562583697e-6,0.00007242145591901484
L48T16beta4.405ms0.021032m0.000760,4.405,241.6,48,16,292,3.2718463948208784e-12,5.789440583936489e-6,0.00007244972557213566
L48T16beta4.405ms0.021032m0.000760,4.405,241.6,48,16,293,3.2712865068897762e-12,5.788449877919266e-6,0.00007243732776305033
L48T16beta4.405ms0.021032m0.000760,4.405,241.6,48,16,294,3.2713694892650157e-12,5.788596712908746e-6,0.00007243916527300279
L48T16beta4.405ms0.021032m0.000760,4.405,241.6,48,16,295,3.271665229931812e-12,5.789120017737903e-6,0.00007244571396984378
L48T16beta4.405ms0.021032m0.000760,4.405,241.6,48,16,296,3.2716598082062655e-12,5.789110424146357e-6,0.00007244559391453535
L48T16beta4.405ms0.021032m0.000760,4.405,241.6,48,16,297,3.2716336941010923e-12,5.789064215968448e-6,0.00007244501566008053
L48T16beta4.405ms0.021032m0.000760,4.405,241.6,48,16,298,3.2718502341697654e-12,5.789447377556843e-6,0.0000724498105882824
L48T16beta4.405ms0.021032m0.000760,4.405,241.6,48,16,299,3.2712485758941303e-12,5.788382760084539e-6,0.00007243648784274429
L48T16beta4.405ms0.021032m0.000760,4.405,241.6,48,16,300,3.2713834357683714e-12,5.788621390855932e-6,0.00007243947409567319
L48T16beta4.405ms0.021032m0.000760,4.405,241.6,48,16,301,3.2714218603459975e-12,5.788689382070153e-6,0.00007244032494555071
L48T16beta4.405ms0.021032m0.000760,4.405,241.6,48,16,302,3.2718878066719512e-12,5.789513861047431e-6,0.00007245064257033288
L48T16beta4.405ms0.021032m0.000760,4.405,241.6,48,16,303,3.271939281195028e-12,5.789604943774729e-6,0.00007245178239006182
L48T16beta4.405ms0.021032m0.000760,4.405,241.6,48,16,304,3.271924181654838e-12,5.78957822556115e-6,0.00007245144803526304
L48T16beta4.405ms0.021032m0.000760,4.405,241.6,48,16,305,3.2714396208004867e-12,5.788720808697079e-6,0.00007244071822197585
L48T16beta4.405ms0.021032m0.000760,4.405,241.6,48,16,306,3.2715336603570545e-12,5.788887209059318e-6,0.00007244280057525412
L48T16beta4.405ms0.021032m0.000760,4.405,241.6,48,16,307,3.271729345071668e-12,5.789233467682654e-6,0.00007244713369550538
L48T16beta4.405ms0.021032m0.000760,4.405,241.6,48,16,308,3.2715560118889364e-12,5.78892675946914e-6,0.00007244329551363312
L48T16beta4.405ms0.021032m0.000760,4.405,241.6,48,16,309,3.271802286572767e-12,5.789362535626487e-6,0.00007244874886660442
L48T16beta4.405ms0.021032m0.000760,4.405,241.6,48,16,310,3.271939429915485e-12,5.789605206931413e-6,0.00007245178568323485
L48T16beta4.405ms0.021032m0.000760,4.405,241.6,48,16,311,3.2718285658493647e-12,5.789409036070607e-6,0.00007244933077851227
L48T16beta4.405ms0.021032m0.000760,4.405,241.6,48,16,312,3.2719383287594185e-12,5.789603258466586e-6,0.00007245176129992183
L48T16beta4.405ms0.021032m0.000760,4.405,241.6,48,16,313,3.2719455075754047e-12,5.7896159611804665e-6,0.00007245192026314484
L48T16beta4.405ms0.021032m0.000760,4.405,241.6,48,16,314,3.2716129471804847e-12,5.789027504873347e-6,0.00007244455625321264
L48T16beta4.405ms0.021032m0.000760,4.405,241.6,48,16,315,3.271946892513978e-12,5.789618411790494e-6,0.00007245195093036066
L48T16beta4.405ms0.021032m0.000760,4.405,241.6,48,16,316,3.2719350008860827e-12,5.789597369887899e-6,0.00007245168760957062
L48T16beta4.405ms0.021032m0.000760,4.405,241.6,48,16,317,3.271956319051004e-12,5.789635091783818e-6,0.00007245215966571625
L48T16beta4.405ms0.021032m0.000760,4.405,241.6,48,16,318,3.2719438359426484e-12,5.78961300327311e-6,0.00007245188324755185
L48T16beta4.405ms0.021032m0.000760,4.405,241.6,48,16,319,3.2718530028293024e-12,5.789452276622371e-6,0.00007244987189575209
L48T16beta4.405ms0.021032m0.000760,4.405,241.6,48,16,320,3.2705020390120844e-12,5.787061783974791e-6,0.00007241995699572186
L48T16beta4.405ms0.021032m0.000760,4.405,241.6,48,16,321,3.2717517291746136e-12,5.789273075726062e-6,0.00007244762935511768
L48T16beta4.405ms0.021032m0.000760,4.405,241.6,48,16,322,3.2716695112863136e-12,5.789127593474816e-6,0.00007244580877348712
L48T16beta4.405ms0.021032m0.000760,4.405,241.6,48,16,323,3.271875233433996e-12,5.78949161305492e-6,0.00007245036415639486
L48T16beta4.405ms0.021032m0.000760,4.405,241.6,48,16,324,3.271811245865243e-12,5.789378388843663e-6,0.00007244894725558816
L48T16beta4.405ms0.021032m0.000760,4.405,241.6,48,16,325,3.2706499662356563e-12,5.787323537054939e-6,0.00007242323260388286
L48T16beta4.405ms0.021032m0.000760,4.405,241.6,48,16,326,3.270568472335533e-12,5.7871793358805004e-6,0.00007242142805379486
L48T16beta4.405ms0.021032m0.000760,4.405,241.6,48,16,327,3.2715127258583538e-12,5.788850166050033e-6,0.00007244233701477394
L48T16beta4.405ms0.021032m0.000760,4.405,241.6,48,16,328,3.2696081628796807e-12,5.7854800951870344e-6,0.00007240016356025049
L48T16beta4.405ms0.021032m0.000760,4.405,241.6,48,16,329,3.2710822090544643e-12,5.788088378620021e-6,0.00007243280391922724
L48T16beta4.405ms0.021032m0.000760,4.405,241.6,48,16,330,3.2714777304936146e-12,5.788788242731997e-6,0.00007244156209924744
L48T16beta4.405ms0.021032m0.000760,4.405,241.6,48,16,331,3.270347367632777e-12,5.786788097299905e-6,0.0000724165320491833
L48T16beta4.405ms0.021032m0.000760,4.405,241.6,48,16,332,3.270463674137046e-12,5.786993898402627e-6,0.00007241910746786121
L48T16beta4.405ms0.021032m0.000760,4.405,241.6,48,16,333,3.27186187548619e-12,5.7894679765402995e-6,0.0000724500683663314
L48T16beta4.405ms0.021032m0.000760,4.405,241.6,48,16,334,3.2715817449616323e-12,5.788972293420749e-6,0.00007244386533074246
L48T16beta4.405ms0.021032m0.000760,4.405,241.6,48,16,335,3.271524910440535e-12,5.788871726327034e-6,0.00007244260682256095
L48T16beta4.405ms0.021032m0.000760,4.405,241.6,48,16,336,3.2719250973636285e-12,5.7895798458822145e-6,0.00007245146831214726
L48T16beta4.405ms0.021032m0.000760,4.405,241.6,48,16,337,3.2691312946594422e-12,5.7846362902236326e-6,0.00007238960408785439
L48T16beta4.405ms0.021032m0.000760,4.405,241.6,48,16,338,3.2719121071737052e-12,5.7895568601048705e-6,0.00007245118066548495
L48T16beta4.405ms0.021032m0.000760,4.405,241.6,48,16,339,3.271273026426595e-12,5.78842602461712e-6,0.00007243702926008284
L48T16beta4.405ms0.021032m0.000760,4.405,241.6,48,16,340,3.271942889727437e-12,5.789611328971787e-6,0.00007245186229515245
L48T16beta4.405ms0.021032m0.000760,4.405,241.6,48,16,341,3.271919296829066e-12,5.789569581998721e-6,0.00007245133986872831
L48T16beta4.405ms0.021032m0.000760,4.405,241.6,48,16,342,3.2717215416482924e-12,5.789219659743487e-6,0.00007244696090136597
L48T16beta4.405ms0.021032m0.000760,4.405,241.6,48,16,343,3.2717945729613536e-12,5.789348886607072e-6,0.00007244857806120507
L48T16beta4.405ms0.021032m0.000760,4.405,241.6,48,16,344,3.2715188720220633e-12,5.788861041514624e-6,0.00007244247311158911
L48T16beta4.405ms0.021032m0.000760,4.405,241.6,48,16,345,3.2711856005826888e-12,5.7882713270342515e-6,0.00007243509335673206
L48T16beta4.405ms0.021032m0.000760,4.405,241.6,48,16,346,3.271845696111341e-12,5.789439347589527e-6,0.00007244971010034751
L48T16beta4.405ms0.021032m0.000760,4.405,241.6,48,16,347,3.271702499063854e-12,5.7891859644235155e-6,0.00007244653923425502
L48T16beta4.405ms0.021032m0.000760,4.405,241.6,48,16,348,3.2719058032501093e-12,5.789545705488577e-6,0.00007245104107533325
L48T16beta4.405ms0.021032m0.000760,4.405,241.6,48,16,349,3.2716586502989917e-12,5.7891083752618575e-6,0.00007244556827455899
L48T16beta4.405ms0.021032m0.000760,4.405,241.6,48,16,350,3.2715396676205956e-12,5.7888978387439505e-6,0.00007244293359635061
L48T16beta4.405ms0.021032m0.000760,4.405,241.6,48,16,351,3.271755197973056e-12,5.789279213667779e-6,0.00007244770616602654
L48T16beta4.405ms0.021032m0.000760,4.405,241.6,48,16,352,3.2719249538577184e-12,5.789579591952525e-6,0.0000724514651344419
L48T16beta4.405ms0.021032m0.000760,4.405,241.6,48,16,353,3.271952826535639e-12,5.78962891187567e-6,0.00007245208232963465
L48T16beta4.405ms0.021032m0.000760,4.405,241.6,48,16,354,3.2716826117625737e-12,5.789150774400745e-6,0.00007244609886226128
L48T16beta4.405ms0.021032m0.000760,4.405,241.6,48,16,355,3.271533436065377e-12,5.788886812181475e-6,0.00007244279560867913
L48T16beta4.405ms0.021032m0.000760,4.405,241.6,48,16,356,3.271910688327344e-12,5.789554349495962e-6,0.0000724511492474362
L48T16beta4.405ms0.021032m0.000760,4.405,241.6,48,16,357,3.271831675691126e-12,5.789414538848528e-6,0.00007244939964090828
L48T16beta4.405ms0.021032m0.000760,4.405,241.6,48,16,358,3.271853596533224e-12,5.789453327164837e-6,0.00007244988504236138
L48T16beta4.405ms0.021032m0.000760,4.405,241.6,48,16,359,3.271817430635126e-12,5.789389332620798e-6,0.00007244908420727436
L48T16beta4.405ms0.021032m0.000760,4.405,241.6,48,16,360,3.2719475304091968e-12,5.789619540528222e-6,0.00007245196505551447
L48T16beta4.405ms0.021032m0.000760,4.405,241.6,48,16,361,3.2719567928865285e-12,5.7896359302225114e-6,0.00007245217015803452
L48T16beta4.405ms0.021032m0.000760,4.405,241.6,48,16,362,3.271560421264527e-12,5.788934561735785e-6,0.0000724433931520956
L48T16beta4.405ms0.021032m0.000760,4.405,241.6,48,16,363,3.271362179714788e-12,5.7885837788642855e-6,0.00007243900341488228
L48T16beta4.405ms0.021032m0.000760,4.405,241.6,48,16,364,3.2718668051650034e-12,5.789476699468929e-6,0.00007245017752606388
L48T16beta4.405ms0.021032m0.000760,4.405,241.6,48,16,365,3.2717939858219373e-12,5.789347847680315e-6,0.00007244856505995611
L48T16beta4.405ms0.021032m0.000760,4.405,241.6,48,16,366,3.2719473333416876e-12,5.789619191822783e-6,0.00007245196069177448
L48T16beta4.405ms0.021032m0.000760,4.405,241.6,48,16,367,3.271944475293705e-12,5.789614134586903e-6,0.00007245189740494281
L48T16beta4.405ms0.021032m0.000760,4.405,241.6,48,16,368,3.2719459925811763e-12,5.789616819384599e-6,0.0000724519310028101
L48T16beta4.405ms0.021032m0.000760,4.405,241.6,48,16,369,3.27190382031951e-12,5.789542196748404e-6,0.00007245099716655502
L48T16beta4.405ms0.021032m0.000760,4.405,241.6,48,16,370,3.2719558679794897e-12,5.789634293625404e-6,0.00007245214967747002
L48T16beta4.405ms0.021032m0.000760,4.405,241.6,48,16,371,3.2717830723450424e-12,5.789328536588527e-6,0.00007244832339873163
L48T16beta4.405ms0.021032m0.000760,4.405,241.6,48,16,372,3.271956472999242e-12,5.789635364190915e-6,0.00007245216307464999
L48T16beta4.405ms0.021032m0.000760,4.405,241.6,48,16,373,3.2719592946645127e-12,5.789640357048605e-6,0.00007245222555584558
L48T16beta4.405ms0.021032m0.000760,4.405,241.6,48,16,374,3.271761252088107e-12,5.789289926254847e-6,0.00007244784022457364
L48T16beta4.405ms0.021032m0.000760,4.405,241.6,48,16,375,3.2719545901244097e-12,5.789632032496619e-6,0.00007245212138144426
L48T16beta4.405ms0.021032m0.000760,4.405,241.6,48,16,376,3.2717834319105285e-12,5.789329172829587e-6,0.00007244833136072546
L48T16beta4.405ms0.021032m0.000760,4.405,241.6,48,16,377,3.271948791204504e-12,5.789621771470216e-6,0.00007245199297377925
L48T16beta4.405ms0.021032m0.000760,4.405,241.6,48,16,378,3.27190723774011e-12,5.789548243778468e-6,0.00007245107283978499
L48T16beta4.405ms0.021032m0.000760,4.405,241.6,48,16,379,3.271023917980805e-12,5.787985234197331e-6,0.00007243151315805439
L48T16beta4.405ms0.021032m0.000760,4.405,241.6,48,16,380,3.2719483328405654e-12,5.789620960408061e-6,0.00007245198282405413
L48T16beta4.405ms0.021032m0.000760,4.405,241.6,48,16,381,3.26223495811279e-12,5.7724334158017546e-6,0.00007223689591333589
L48T16beta4.405ms0.021032m0.000760,4.405,241.6,48,16,382,3.27183918622639e-12,5.789427828530383e-6,0.00007244956594951606
L48T16beta4.405ms0.021032m0.000760,4.405,241.6,48,16,383,3.1692449625977337e-12,5.607890222457737e-6,0.00007017778346029275
L48T16beta4.405ms0.021032m0.000760,4.405,241.6,48,16,384,3.2716355139778493e-12,5.789067436189413e-6,0.00007244505595829619
L48T16beta4.405ms0.021032m0.000760,4.405,241.6,48,16,385,3.2713966754359675e-12,5.788644818077032e-6,0.00007243976726661347
L48T16beta4.405ms0.021032m0.000760,4.405,241.6,48,16,386,3.2719124573159498e-12,5.789557479671768e-6,0.00007245118841881639
L48T16beta4.405ms0.021032m0.000760,4.405,241.6,48,16,387,3.271948037795167e-12,5.78962043833349e-6,0.00007245197629075289
L48T16beta4.405ms0.021032m0.000760,4.405,241.6,48,16,388,3.270333688778598e-12,5.786763892950443e-6,0.00007241622915316928
L48T16beta4.405ms0.021032m0.000760,4.405,241.6,48,16,389,3.2719356515132653e-12,5.789598521154481e-6,0.00007245170201665309
L48T16beta4.405ms0.021032m0.000760,4.405,241.6,48,16,390,3.2710590521133635e-12,5.7880474030611376e-6,0.00007243229114636891
L48T16beta4.405ms0.021032m0.000760,4.405,241.6,48,16,391,3.2719160246481467e-12,5.7895637919662055e-6,0.00007245126741159523
L48T16beta4.405ms0.021032m0.000760,4.405,241.6,48,16,392,3.2718820610357118e-12,5.789503694304983e-6,0.00007245051534254815
L48T16beta4.405ms0.021032m0.000760,4.405,241.6,48,16,393,3.271912115736679e-12,5.789556875256813e-6,0.00007245118085509808
L48T16beta4.405ms0.021032m0.000760,4.405,241.6,48,16,394,3.2719699284484814e-12,5.789659173231591e-6,0.00007245246102372437
L48T16beta4.405ms0.021032m0.000760,4.405,241.6,48,16,395,3.2719519754792853e-12,5.789627405955282e-6,0.00007245206348437365
L48T16beta4.405ms0.021032m0.000760,4.405,241.6,48,16,396,3.2719368108366723e-12,5.789600572544788e-6,0.00007245172768798741
L48T16beta4.405ms0.021032m0.000760,4.405,241.6,48,16,397,3.2717351372550148e-12,5.7892437167889055e-6,0.00007244726195400022
L48T16beta4.405ms0.021032m0.000760,4.405,241.6,48,16,398,3.271836275384432e-12,5.789422677877042e-6,0.00007244950149364754
L48T16beta4.405ms0.021032m0.000760,4.405,241.6,48,16,399,3.27195408566335e-12,5.789631139866899e-6,0.00007245211021097323
L48T16beta4.405ms0.021032m0.000760,4.405,241.6,48,16,400,3.2719326249851355e-12,5.789593165797698e-6,0.00007245163499910213
L48T16beta4.405ms0.021032m0.000760,4.405,241.6,48,16,401,3.2719438498392827e-12,5.789613027862815e-6,0.00007245188355527025
L48T16beta4.405ms0.021032m0.000760,4.405,241.6,48,16,402,3.2717178592254938e-12,5.789213143799453e-6,0.00007244687936009263
L48T16beta4.405ms0.021032m0.000760,4.405,241.6,48,16,403,3.2718730751014024e-12,5.789487793945829e-6,0.00007245031636362428
L48T16beta4.405ms0.021032m0.000760,4.405,241.6,48,16,404,3.271940032658836e-12,5.789606273468896e-6,0.00007245179903000762
L48T16beta4.405ms0.021032m0.000760,4.405,241.6,48,16,405,3.271014473695792e-12,5.78796852279944e-6,0.00007243130402969846
L48T16beta4.405ms0.021032m0.000760,4.405,241.6,48,16,406,3.2710532262207523e-12,5.788037094307287e-6,0.00007243216214143715
L48T16beta4.405ms0.021032m0.000760,4.405,241.6,48,16,407,3.27164701045164e-12,5.789087778877884e-6,0.00007244531052904024
L48T16beta4.405ms0.021032m0.000760,4.405,241.6,48,16,408,3.2719112808665954e-12,5.789555397977576e-6,0.00007245116236825575
L48T16beta4.405ms0.021032m0.000760,4.405,241.6,48,16,409,3.2718926018842843e-12,5.789522346041388e-6,0.00007245074875252352
L48T16beta4.405ms0.021032m0.000760,4.405,241.6,48,16,410,3.2719314703601143e-12,5.789591122721052e-6,0.00007245160943180592
L48T16beta4.405ms0.021032m0.000760,4.405,241.6,48,16,411,3.2718237995685008e-12,5.789400602270074e-6,0.00007244922523696204
L48T16beta4.405ms0.021032m0.000760,4.405,241.6,48,16,412,3.2719634892643117e-12,5.7896477792755e-6,0.00007245231843844692
L48T16beta4.405ms0.021032m0.000760,4.405,241.6,48,16,413,3.2710321889134276e-12,5.7879998693810206e-6,0.00007243169630442693
L48T16beta4.405ms0.021032m0.000760,4.405,241.6,48,16,414,3.2712309800949052e-12,5.788351624810492e-6,0.00007243609821234259
L48T16beta4.405ms0.021032m0.000760,4.405,241.6,48,16,415,3.2711753334978117e-12,5.78825315971504e-6,0.0000724348660088092
L48T16beta4.405ms0.021032m0.000760,4.405,241.6,48,16,416,3.2494783734574005e-12,5.749860996438413e-6,0.00007195442206035072
L48T16beta4.405ms0.021032m0.000760,4.405,241.6,48,16,417,3.27164971746306e-12,5.789092568858796e-6,0.00007244537047141247
L48T16beta4.405ms0.021032m0.000760,4.405,241.6,48,16,418,3.271957582506524e-12,5.789637327432984e-6,0.00007245218764288713
L48T16beta4.405ms0.021032m0.000760,4.405,241.6,48,16,419,3.2719529238782535e-12,5.789629084120701e-6,0.00007245208448512879
L48T16beta4.405ms0.021032m0.000760,4.405,241.6,48,16,420,3.2717298603323976e-12,5.789234379422088e-6,0.00007244714510511754
L48T16beta4.405ms0.021032m0.000760,4.405,241.6,48,16,421,3.271771545351596e-12,5.789308139896379e-6,0.00007244806815217936
L48T16beta4.405ms0.021032m0.000760,4.405,241.6,48,16,422,3.2686453622999305e-12,5.783776446519583e-6,0.0000723788439048125
L48T16beta4.405ms0.021032m0.000760,4.405,241.6,48,16,423,3.27186131283132e-12,5.789466980938261e-6,0.00007245005590725295
L48T16beta4.405ms0.021032m0.000760,4.405,241.6,48,16,424,3.2705561054824496e-12,5.787157453080241e-6,0.00007242115420991468
L48T16beta4.405ms0.021032m0.000760,4.405,241.6,48,16,425,3.2717155605633634e-12,5.789209076381176e-6,0.00007244682845995234
L48T16beta4.405ms0.021032m0.000760,4.405,241.6,48,16,426,3.2719058761081776e-12,5.789545834408889e-6,0.00007245104268865686
L48T16beta4.405ms0.021032m0.000760,4.405,241.6,48,16,427,3.271846075304169e-12,5.789440018560618e-6,0.00007244971849695696
L48T16beta4.405ms0.021032m0.000760,4.405,241.6,48,16,428,3.271955744127391e-12,5.789634074472583e-6,0.00007245214693496641
L48T16beta4.405ms0.021032m0.000760,4.405,241.6,48,16,429,3.2719000017494e-12,5.789535439895514e-6,0.00007245091261052056
L48T16beta4.405ms0.021032m0.000760,4.405,241.6,48,16,430,3.271854580282583e-12,5.7894550678817824e-6,0.00007244990682589351
L48T16beta4.405ms0.021032m0.000760,4.405,241.6,48,16,431,3.2717466865889552e-12,5.789264153011932e-6,0.00007244751769524646
L48T16beta4.405ms0.021032m0.000760,4.405,241.6,48,16,432,3.2715794947391985e-12,5.788968311715159e-6,0.0000724438155032206
L48T16beta4.405ms0.021032m0.000760,4.405,241.6,48,16,433,3.271725058793787e-12,5.78922588323396e-6,0.00007244703878284179
L48T16beta4.405ms0.021032m0.000760,4.405,241.6,48,16,434,3.2719566337369787e-12,5.789635648611839e-6,0.00007245216663392617
L48T16beta4.405ms0.021032m0.000760,4.405,241.6,48,16,435,3.27181436941835e-12,5.789383915883427e-6,0.00007244901642159967
L48T16beta4.405ms0.021032m0.000760,4.405,241.6,48,16,436,3.27175082163175e-12,5.789271469854376e-6,0.00007244760925905466
L48T16beta4.405ms0.021032m0.000760,4.405,241.6,48,16,437,3.271781106606565e-12,5.789325058269332e-6,0.00007244827987064502
L48T16beta4.405ms0.021032m0.000760,4.405,241.6,48,16,438,3.271570813498522e-12,5.788952950502857e-6,0.00007244362327124245
L48T16beta4.405ms0.021032m0.000760,4.405,241.6,48,16,439,3.271950442098188e-12,5.789624692680365e-6,0.00007245202953013916
L48T16beta4.405ms0.021032m0.000760,4.405,241.6,48,16,440,3.271908866769756e-12,5.789551126300814e-6,0.00007245110891200127
L48T16beta4.405ms0.021032m0.000760,4.405,241.6,48,16,441,3.2718796166442098e-12,5.789499369022663e-6,0.00007245046121546756
L48T16beta4.405ms0.021032m0.000760,4.405,241.6,48,16,442,3.271914814714521e-12,5.789561651022533e-6,0.00007245124061957979
L48T16beta4.405ms0.021032m0.000760,4.405,241.6,48,16,443,3.2719310552477957e-12,5.789590388191428e-6,0.0000724516002398177
L48T16beta4.405ms0.021032m0.000760,4.405,241.6,48,16,444,3.2719755092706382e-12,5.789669048340135e-6,0.00007245258460196886
L48T16beta4.405ms0.021032m0.000760,4.405,241.6,48,16,445,3.2681172034686438e-12,5.782841884256068e-6,0.00007236714868512071
L48T16beta4.405ms0.021032m0.000760,4.405,241.6,48,16,446,3.2719094870625713e-12,5.789552223891582e-6,0.00007245112264737843
L48T16beta4.405ms0.021032m0.000760,4.405,241.6,48,16,447,3.271804376878027e-12,5.789366234363116e-6,0.00007244879515302016
L48T16beta4.405ms0.021032m0.000760,4.405,241.6,48,16,448,3.2719057928739557e-12,5.789545687128264e-6,0.00007245104084557017
L48T16beta4.405ms0.021032m0.000760,4.405,241.6,48,16,449,3.2719570991286436e-12,5.789636472109359e-6,0.00007245217693926889
L48T16beta4.405ms0.021032m0.000760,4.405,241.6,48,16,450,3.2707419903435006e-12,5.787486371137095e-6,0.00007242527032832186
L48T16beta4.405ms0.021032m0.000760,4.405,241.6,48,16,451,3.2717427943666835e-12,5.789257265833604e-6,0.00007244743150830446
L48T16beta4.405ms0.021032m0.000760,4.405,241.6,48,16,452,3.271791080525398e-12,5.789342706839437e-6,0.00007244850072688188
L48T16beta4.405ms0.021032m0.000760,4.405,241.6,48,16,453,3.2719042623251247e-12,5.789542978864963e-6,0.00007245100695405163
L48T16beta4.405ms0.021032m0.000760,4.405,241.6,48,16,454,3.2716130391894386e-12,5.789027667680614e-6,0.0000724445582906015
L48T16beta4.405ms0.021032m0.000760,4.405,241.6,48,16,455,3.271966384939086e-12,5.789652903090935e-6,0.00007245238255846279
L48T16beta4.405ms0.021032m0.000760,4.405,241.6,48,16,456,3.27183569431983e-12,5.7894216496994985e-6,0.00007244948862691547
L48T16beta4.405ms0.021032m0.000760,4.405,241.6,48,16,457,3.271490587725835e-12,5.788810993244409e-6,0.00007244184680177733
L48T16beta4.405ms0.021032m0.000760,4.405,241.6,48,16,458,3.2719030654543353e-12,5.789540861035614e-6,0.00007245098045129148
L48T16beta4.405ms0.021032m0.000760,4.405,241.6,48,16,459,3.271876060694018e-12,5.7894930768683656e-6,0.00007245038247472473
L48T16beta4.405ms0.021032m0.000760,4.405,241.6,48,16,460,3.271951051326635e-12,5.789625770693044e-6,0.00007245204302051386
L48T16beta4.405ms0.021032m0.000760,4.405,241.6,48,16,461,3.2719555295501226e-12,5.7896336947841145e-6,0.00007245214218350122
L48T16beta4.405ms0.021032m0.000760,4.405,241.6,48,16,462,3.271666578792076e-12,5.789122404508372e-6,0.00007244574383816403
L48T16beta4.405ms0.021032m0.000760,4.405,241.6,48,16,463,3.2717826777865077e-12,5.789327838428247e-6,0.00007244831466187356
L48T16beta4.405ms0.021032m0.000760,4.405,241.6,48,16,464,3.271857687252373e-12,5.789460565577831e-6,0.00007244997562469439
L48T16beta4.405ms0.021032m0.000760,4.405,241.6,48,16,465,3.2714480826728646e-12,5.788735781743319e-6,0.00007244090559639923
L48T16beta4.405ms0.021032m0.000760,4.405,241.6,48,16,466,3.2718548763735375e-12,5.789455591806436e-6,0.0000724499133823469
L48T16beta4.405ms0.021032m0.000760,4.405,241.6,48,16,467,3.271813892737324e-12,5.789383072409698e-6,0.00007244900586627239
L48T16beta4.405ms0.021032m0.000760,4.405,241.6,48,16,468,3.2719294196668793e-12,5.789587494076792e-6,0.00007245156402253416
L48T16beta4.405ms0.021032m0.000760,4.405,241.6,48,16,469,3.2718958152361186e-12,5.789528031977485e-6,0.00007245081990698202
L48T16beta4.405ms0.021032m0.000760,4.405,241.6,48,16,470,3.2718773794713774e-12,5.789495410407977e-6,0.00007245041167690792
L48T16beta4.405ms0.021032m0.000760,4.405,241.6,48,16,471,3.27164969949008e-12,5.7890925370561105e-6,0.00007244537007343002
L48T16beta4.405ms0.021032m0.000760,4.405,241.6,48,16,472,3.2719016894360776e-12,5.789538426209835e-6,0.00007245094998160156
L48T16beta4.405ms0.021032m0.000760,4.405,241.6,48,16,473,3.2719558689721064e-12,5.789634295381811e-6,0.0000724521496994499
L48T16beta4.405ms0.021032m0.000760,4.405,241.6,48,16,474,3.2715754998803564e-12,5.788961242924294e-6,0.00007244372704355841
L48T16beta4.405ms0.021032m0.000760,4.405,241.6,48,16,475,3.271938223714098e-12,5.789603072591833e-6,0.00007245175897386377
L48T16beta4.405ms0.021032m0.000760,4.405,241.6,48,16,476,3.271956564042049e-12,5.7896355252886125e-6,0.00007245216509064512
L48T16beta4.405ms0.021032m0.000760,4.405,241.6,48,16,477,3.27134305238735e-12,5.788549933593949e-6,0.00007243857987127522
L48T16beta4.405ms0.021032m0.000760,4.405,241.6,48,16,478,3.271722746645304e-12,5.7892217919519595e-6,0.00007244698758406812
L48T16beta4.405ms0.021032m0.000760,4.405,241.6,48,16,479,3.2716891755797006e-12,5.789162388891364e-6,0.00007244624420733319
L48T16beta4.405ms0.021032m0.000760,4.405,241.6,48,16,480,3.271598926588216e-12,5.789002695827904e-6,0.00007244424578996354
L48T16beta4.405ms0.021032m0.000760,4.405,241.6,48,16,481,3.2719449397853974e-12,5.789614956491947e-6,0.00007245190769035711
L48T16beta4.405ms0.021032m0.000760,4.405,241.6,48,16,482,3.2715564310643662e-12,5.788927501188326e-6,0.00007244330479559235
L48T16beta4.405ms0.021032m0.000760,4.405,241.6,48,16,483,3.271654071927093e-12,5.789100273960977e-6,0.0000724454668939477
L48T16beta4.405ms0.021032m0.000760,4.405,241.6,48,16,484,3.2719550573424894e-12,5.789632859225929e-6,0.00007245213172722996
L48T16beta4.405ms0.021032m0.000760,4.405,241.6,48,16,485,3.27190043708463e-12,5.789536210209015e-6,0.00007245092225031233
L48T16beta4.405ms0.021032m0.000760,4.405,241.6,48,16,486,3.2717634462078427e-12,5.789293808688284e-6,0.00007244788880979237
L48T16beta4.405ms0.021032m0.000760,4.405,241.6,48,16,487,3.271788525622566e-12,5.7893381860104134e-6,0.00007244844415270734
L48T16beta4.405ms0.021032m0.000760,4.405,241.6,48,16,488,3.271878669039335e-12,5.78949769226237e-6,0.00007245044023229634
L48T16beta4.405ms0.021032m0.000760,4.405,241.6,48,16,489,3.271883751660535e-12,5.78950668581827e-6,0.00007245055277868962
L48T16beta4.405ms0.021032m0.000760,4.405,241.6,48,16,490,3.2716850488219467e-12,5.789155086709068e-6,0.00007244615282698378
L48T16beta4.405ms0.021032m0.000760,4.405,241.6,48,16,491,3.271494355606317e-12,5.788817660403421e-6,0.00007244193023537231
L48T16beta4.405ms0.021032m0.000760,4.405,241.6,48,16,492,3.271923495518446e-12,5.789577011462016e-6,0.00007245143284188678
L48T16beta4.405ms0.021032m0.000760,4.405,241.6,48,16,493,3.2719231951129175e-12,5.789576479902844e-6,0.00007245142618989414
L48T16beta4.405ms0.021032m0.000760,4.405,241.6,48,16,494,3.2715884732752046e-12,5.788984198983223e-6,0.00007244401431832105
L48T16beta4.405ms0.021032m0.000760,4.405,241.6,48,16,495,3.271785189993585e-12,5.789332283708329e-6,0.00007244837029061997
L48T16beta4.405ms0.021032m0.000760,4.405,241.6,48,16,496,3.2717189305236487e-12,5.789215039431542e-6,0.0000724469030822507
L48T16beta4.405ms0.021032m0.000760,4.405,241.6,48,16,497,3.2714822700740512e-12,5.7887962753924715e-6,0.00007244166262088482
L48T16beta4.405ms0.021032m0.000760,4.405,241.6,48,16,498,3.2712835419568235e-12,5.788444631553424e-6,0.00007243726210942456
L48T16beta4.405ms0.021032m0.000760,4.405,241.6,48,16,499,3.2718398653482905e-12,5.78942903021757e-6,0.00007244958098756779
L48T16beta4.405ms0.021032m0.000760,4.405,241.6,48,16,500,3.271930750051237e-12,5.789589848154662e-6,0.00007245159348173548
L48T16beta4.405ms0.021032m0.000760,4.405,241.6,48,16,501,3.2719466865129184e-12,5.789618047277387e-6,0.00007245194636880171
L48T16beta4.405ms0.021032m0.000760,4.405,241.6,48,16,502,3.2719492916156872e-12,5.789622656933793e-6,0.00007245200405457234
L48T16beta4.405ms0.021032m0.000760,4.405,241.6,48,16,503,3.2717431964823403e-12,5.789257977366e-6,0.00007244744041250272
L48T16beta4.405ms0.021032m0.000760,4.405,241.6,48,16,504,3.2718293702924366e-12,5.789410459510098e-6,0.00007244934859159783
L48T16beta4.405ms0.021032m0.000760,4.405,241.6,48,16,505,3.2719219403924248e-12,5.789574259710065e-6,0.00007245139840614625
L48T16beta4.405ms0.021032m0.000760,4.405,241.6,48,16,506,3.271455279726529e-12,5.788748516728261e-6,0.00007244106496346601
L48T16beta4.405ms0.021032m0.000760,4.405,241.6,48,16,507,3.271421599658373e-12,5.788688920790701e-6,0.00007244031917304656
L48T16beta4.405ms0.021032m0.000760,4.405,241.6,48,16,508,3.2719444389506975e-12,5.789614070278969e-6,0.00007245189660018593
L48T16beta4.405ms0.021032m0.000760,4.405,241.6,48,16,509,3.2717120990573453e-12,5.789202951343199e-6,0.00007244675181052238
L48T16beta4.405ms0.021032m0.000760,4.405,241.6,48,16,510,3.2718058834584727e-12,5.789368900215031e-6,0.00007244882851379774
L48T16beta4.405ms0.021032m0.000760,4.405,241.6,48,16,511,3.271923303122853e-12,5.789576671023401e-6,0.00007245142858159879
L48T16beta4.405ms0.021032m0.000760,4.405,241.6,48,16,512,3.2719499654833363e-12,5.78962384932373e-6,0.0000724520189762772
L48T16beta4.405ms0.021032m0.000760,4.405,241.6,48,16,513,3.2719565440176607e-12,5.789635489856018e-6,0.00007245216464723755
L48T16beta4.405ms0.021032m0.000760,4.405,241.6,48,16,514,3.271647529987239e-12,5.78908869818158e-6,0.00007244532203331247
L48T16beta4.405ms0.021032m0.000760,4.405,241.6,48,16,515,3.2717718667741296e-12,5.789308708644553e-6,0.00007244807526955943
L48T16beta4.405ms0.021032m0.000760,4.405,241.6,48,16,516,3.2718354350086343e-12,5.789421190855598e-6,0.00007244948288489011
L48T16beta4.405ms0.021032m0.000760,4.405,241.6,48,16,517,3.271664091744524e-12,5.789118003747366e-6,0.00007244568876653448
L48T16beta4.405ms0.021032m0.000760,4.405,241.6,48,16,518,3.271946917395571e-12,5.789618455817776e-6,0.00007245195148132313
L48T16beta4.405ms0.021032m0.000760,4.405,241.6,48,16,519,3.271893999978338e-12,5.78952481992967e-6,0.0000724507797110461
L48T16beta4.405ms0.021032m0.000760,4.405,241.6,48,16,520,3.271971493037449e-12,5.789661941727961e-6,0.00007245249566900648
L48T16beta4.405ms0.021032m0.000760,4.405,241.6,48,16,521,3.2718879128422372e-12,5.789514048912779e-6,0.00007245064492130147
L48T16beta4.405ms0.021032m0.000760,4.405,241.6,48,16,522,3.2719479762529295e-12,5.789620329436224e-6,0.00007245197492799996
L48T16beta4.405ms0.021032m0.000760,4.405,241.6,48,16,523,3.271947872928145e-12,5.78962014660591e-6,0.0000724519726400404
L48T16beta4.405ms0.021032m0.000760,4.405,241.6,48,16,524,3.271649921915638e-12,5.7890929306319075e-6,0.00007244537499868282
L48T16beta4.405ms0.021032m0.000760,4.405,241.6,48,16,525,3.2717760957184677e-12,5.7893161916431485e-6,0.00007244816891266482
L48T16beta4.405ms0.021032m0.000760,4.405,241.6,48,16,526,3.271506334359492e-12,5.788838856471759e-6,0.0000724421954854102
L48T16beta4.405ms0.021032m0.000760,4.405,241.6,48,16,527,3.2717976240137342e-12,5.78935428535883e-6,0.00007244864562180574
L48T16beta4.405ms0.021032m0.000760,4.405,241.6,48,16,528,3.2718209166918648e-12,5.789395501100587e-6,0.00007244916140034017
L48T16beta4.405ms0.021032m0.000760,4.405,241.6,48,16,529,3.2719093698146826e-12,5.789552016424726e-6,0.00007245112005111433
L48T16beta4.405ms0.021032m0.000760,4.405,241.6,48,16,530,3.271640092230634e-12,5.789075537279524e-6,0.0000724451573362699
L48T16beta4.405ms0.021032m0.000760,4.405,241.6,48,16,531,3.27001704435775e-12,5.7862035995137964e-6,0.00007240921757663846
L48T16beta4.405ms0.021032m0.000760,4.405,241.6,48,16,532,3.271718162079477e-12,5.7892136796910965e-6,0.00007244688606630231
L48T16beta4.405ms0.021032m0.000760,4.405,241.6,48,16,533,3.271814435222222e-12,5.789384032321536e-6,0.00007244901787871957
L48T16beta4.405ms0.021032m0.000760,4.405,241.6,48,16,534,3.2719516497554124e-12,5.789626829596009e-6,0.0000724520562717474
L48T16beta4.405ms0.021032m0.000760,4.405,241.6,48,16,535,3.2719237998017976e-12,5.789577549882886e-6,0.0000724514395797475
L48T16beta4.405ms0.021032m0.000760,4.405,241.6,48,16,536,3.2716165650964305e-12,5.789033906674311e-6,0.00007244463636608647
L48T16beta4.405ms0.021032m0.000760,4.405,241.6,48,16,537,3.2718893088716483e-12,5.789516519147733e-6,0.0000724506758341059
L48T16beta4.405ms0.021032m0.000760,4.405,241.6,48,16,538,3.271833993133565e-12,5.7894186394980354e-6,0.00007244945095690802
L48T16beta4.405ms0.021032m0.000760,4.405,241.6,48,16,539,3.27190918819229e-12,5.7895516950489875e-6,0.00007245111602938136
L48T16beta4.405ms0.021032m0.000760,4.405,241.6,48,16,540,3.271855532638783e-12,5.789456753049413e-6,0.00007244992791427512
L48T16beta4.405ms0.021032m0.000760,4.405,241.6,48,16,541,3.2719162575425025e-12,5.789564204066247e-6,0.00007245127256866257
L48T16beta4.405ms0.021032m0.000760,4.405,241.6,48,16,542,3.2716030518504273e-12,5.789009995363879e-6,0.00007244433713719659
L48T16beta4.405ms0.021032m0.000760,4.405,241.6,48,16,543,3.271929385587038e-12,5.789587433773467e-6,0.00007245156326789141
L48T16beta4.405ms0.021032m0.000760,4.405,241.6,48,16,544,3.2716713338497532e-12,5.7891308184497905e-6,0.000072445849131195
L48T16beta4.405ms0.021032m0.000760,4.405,241.6,48,16,545,3.271696983555878e-12,5.789176204886587e-6,0.00007244641710228701
L48T16beta4.405ms0.021032m0.000760,4.405,241.6,48,16,546,3.2711692463617108e-12,5.788242388698149e-6,0.00007243473121906458
L48T16beta4.405ms0.021032m0.000760,4.405,241.6,48,16,547,3.271981432598508e-12,5.789679529502947e-6,0.00007245271576444621
L48T16beta4.405ms0.021032m0.000760,4.405,241.6,48,16,548,3.2717575839192846e-12,5.789283435532824e-6,0.00007244775899893146
L48T16beta4.405ms0.021032m0.000760,4.405,241.6,48,16,549,3.2718945905588258e-12,5.789525864945307e-6,0.000072450792788492
L48T16beta4.405ms0.021032m0.000760,4.405,241.6,48,16,550,3.271848335095428e-12,5.789444017197977e-6,0.00007244976853636492
L48T16beta4.405ms0.021032m0.000760,4.405,241.6,48,16,551,3.2717022915540166e-12,5.789185597240669e-6,0.00007244653463928664
L48T16beta4.405ms0.021032m0.000760,4.405,241.6,48,16,552,3.271851765750918e-12,5.789450087646808e-6,0.00007244984450266003
L48T16beta4.405ms0.021032m0.000760,4.405,241.6,48,16,553,3.2719010544790045e-12,5.789537302671073e-6,0.00007245093592150822
L48T16beta4.405ms0.021032m0.000760,4.405,241.6,48,16,554,3.2719509782832783e-12,5.789625641444869e-6,0.00007245204140308733
L48T16beta4.405ms0.021032m0.000760,4.405,241.6,48,16,555,3.2713754609134683e-12,5.788607279573477e-6,0.00007243929750546098
L48T16beta4.405ms0.021032m0.000760,4.405,241.6,48,16,556,3.271750620832002e-12,5.7892711145448444e-6,0.00007244760481267029
L48T16beta4.405ms0.021032m0.000760,4.405,241.6,48,16,557,3.2719220320969762e-12,5.789574421978701e-6,0.00007245140043679463
L48T16beta4.405ms0.021032m0.000760,4.405,241.6,48,16,558,3.271663149936531e-12,5.789116337244493e-6,0.00007244566791172578
L48T16beta4.405ms0.021032m0.000760,4.405,241.6,48,16,559,3.2704434947152783e-12,5.786958191480833e-6,0.00007241866062733362
L48T16beta4.405ms0.021032m0.000760,4.405,241.6,48,16,560,3.271897973515773e-12,5.789531850992902e-6,0.00007245086769858034
L48T16beta4.405ms0.021032m0.000760,4.405,241.6,48,16,561,3.271480737262054e-12,5.788793563124561e-6,0.00007244162867925214
L48T16beta4.405ms0.021032m0.000760,4.405,241.6,48,16,562,3.2718557742416965e-12,5.789457180559003e-6,0.00007244993326417931
L48T16beta4.405ms0.021032m0.000760,4.405,241.6,48,16,563,3.2717470984984305e-12,5.789264881874215e-6,0.00007244752681631294
L48T16beta4.405ms0.021032m0.000760,4.405,241.6,48,16,564,3.2712030388602555e-12,5.788302183578134e-6,0.00007243547949907241
L48T16beta4.405ms0.021032m0.000760,4.405,241.6,48,16,565,3.2706971194348643e-12,5.787406973320648e-6,0.00007242427673491172
L48T16beta4.405ms0.021032m0.000760,4.405,241.6,48,16,566,3.2714264027454656e-12,5.7886974197188246e-6,0.00007244042552961096
L48T16beta4.405ms0.021032m0.000760,4.405,241.6,48,16,567,3.271285675090187e-12,5.788448406073184e-6,0.0000724373093441991
L48T16beta4.405ms0.021032m0.000760,4.405,241.6,48,16,568,3.271444369981873e-12,5.788729212240565e-6,0.0000724408233848859
L48T16beta4.405ms0.021032m0.000760,4.405,241.6,48,16,569,3.271156465547744e-12,5.788219773405698e-6,0.00007243444820869283
L48T16beta4.405ms0.021032m0.000760,4.405,241.6,48,16,570,3.2716179928631073e-12,5.789036433067468e-6,0.0000724446679816611
L48T16beta4.405ms0.021032m0.000760,4.405,241.6,48,16,571,3.2713383330506402e-12,5.7885415828597825e-6,0.00007243847536922707
L48T16beta4.405ms0.021032m0.000760,4.405,241.6,48,16,572,3.2559595483193103e-12,5.761329253883667e-6,0.0000720979371535023
L48T16beta4.405ms0.021032m0.000760,4.405,241.6,48,16,573,3.271876789089413e-12,5.789494365743622e-6,0.00007245039860385798
L48T16beta4.405ms0.021032m0.000760,4.405,241.6,48,16,574,3.2718821558504623e-12,5.789503862077029e-6,0.00007245051744206684
L48T16beta4.405ms0.021032m0.000760,4.405,241.6,48,16,575,3.2718438233347296e-12,5.789436033763751e-6,0.00007244966863075048
L48T16beta4.405ms0.021032m0.000760,4.405,241.6,48,16,576,3.271828924435469e-12,5.789409670578678e-6,0.00007244933871881927
L48T16beta4.405ms0.021032m0.000760,4.405,241.6,48,16,577,3.2719440012728918e-12,5.789613295820346e-6,0.00007245188690852163
L48T16beta4.405ms0.021032m0.000760,4.405,241.6,48,16,578,3.271906290280819e-12,5.7895465672757815e-6,0.00007245105185983748
L48T16beta4.405ms0.021032m0.000760,4.405,241.6,48,16,579,3.271881094796112e-12,5.789501984571066e-6,0.00007245049394674121
L48T16beta4.405ms0.021032m0.000760,4.405,241.6,48,16,580,3.2718514228084533e-12,5.7894494808197194e-6,0.00007244983690875603
L48T16beta4.405ms0.021032m0.000760,4.405,241.6,48,16,581,3.2718758076958646e-12,5.789492629195217e-6,0.00007245037687249145
L48T16beta4.405ms0.021032m0.000760,4.405,241.6,48,16,582,3.271888272791535e-12,5.789514685832983e-6,0.00007245065289179419
L48T16beta4.405ms0.021032m0.000760,4.405,241.6,48,16,583,3.2719700527638013e-12,5.789659393204069e-6,0.00007245246377648526
L48T16beta4.405ms0.021032m0.000760,4.405,241.6,48,16,584,3.2719570092902117e-12,5.7896363131427694e-6,0.0000724521749499427
L48T16beta4.405ms0.021032m0.000760,4.405,241.6,48,16,585,3.271917989949873e-12,5.789567269512581e-6,0.00007245131093001069
L48T16beta4.405ms0.021032m0.000760,4.405,241.6,48,16,586,3.2709619053884822e-12,5.787875504651568e-6,0.00007243013998989378
L48T16beta4.405ms0.021032m0.000760,4.405,241.6,48,16,587,3.2719298515345684e-12,5.789588258254576e-6,0.00007245157358554287
L48T16beta4.405ms0.021032m0.000760,4.405,241.6,48,16,588,3.271713645011588e-12,5.789205686865945e-6,0.00007244678604316875
L48T16beta4.405ms0.021032m0.000760,4.405,241.6,48,16,589,3.2719409699669667e-12,5.7896079320093885e-6,0.00007245181978517417
L48T16beta4.405ms0.021032m0.000760,4.405,241.6,48,16,590,3.2719505231089483e-12,5.789624836026637e-6,0.0000724520313239909
L48T16beta4.405ms0.021032m0.000760,4.405,241.6,48,16,591,3.271949135523397e-12,5.789622380732856e-6,0.00007245200059816204
L48T16beta4.405ms0.021032m0.000760,4.405,241.6,48,16,592,3.271797157682392e-12,5.789353460198578e-6,0.0000724486352956554
L48T16beta4.405ms0.021032m0.000760,4.405,241.6,48,16,593,3.2719503828985258e-12,5.78962458792822e-6,0.00007245202821925876
L48T16beta4.405ms0.021032m0.000760,4.405,241.6,48,16,594,3.271879982813906e-12,5.789500016949688e-6,0.00007245046932370089
L48T16beta4.405ms0.021032m0.000760,4.405,241.6,48,16,595,3.27192084987721e-12,5.789572330073926e-6,0.0000724513742584576
L48T16beta4.405ms0.021032m0.000760,4.405,241.6,48,16,596,3.2717679970379357e-12,5.78930186125471e-6,0.00007244798958053512
L48T16beta4.405ms0.021032m0.000760,4.405,241.6,48,16,597,3.27171668932741e-12,5.7892110736975505e-6,0.00007244685345459923
L48T16beta4.405ms0.021032m0.000760,4.405,241.6,48,16,598,3.2719496496326912e-12,5.789623290434857e-6,0.00007245201198227755
L48T16beta4.405ms0.021032m0.000760,4.405,241.6,48,16,599,3.2719611907080605e-12,5.789643712044573e-6,0.00007245226754065115
L48T16beta4.405ms0.021032m0.000760,4.405,241.6,48,16,600,3.2719500570025993e-12,5.789624011264503e-6,0.00007245202100282268
L48T16beta4.405ms0.021032m0.000760,4.405,241.6,48,16,601,3.2717685258776623e-12,5.789302797021799e-6,0.00007244800129083213
L48T16beta4.405ms0.021032m0.000760,4.405,241.6,48,16,602,3.2718916887430625e-12,5.789520730263564e-6,0.00007245072853249391
L48T16beta4.405ms0.021032m0.000760,4.405,241.6,48,16,603,3.271481502648966e-12,5.788794917455271e-6,0.00007244164562750245
L48T16beta4.405ms0.021032m0.000760,4.405,241.6,48,16,604,3.2718985528201344e-12,5.789532876055749e-6,0.00007245088052633475
L48T16beta4.405ms0.021032m0.000760,4.405,241.6,48,16,605,3.2719209122532455e-12,5.789572440446575e-6,0.00007245137563967362
L48T16beta4.405ms0.021032m0.000760,4.405,241.6,48,16,606,3.271508591636122e-12,5.788842850659552e-6,0.00007244224546913579
L48T16beta4.405ms0.021032m0.000760,4.405,241.6,48,16,607,3.2713078785104173e-12,5.788487694403585e-6,0.00007243780100288607
L48T16beta4.405ms0.021032m0.000760,4.405,241.6,48,16,608,3.2714217433628066e-12,5.788689175071672e-6,0.0000724403223551479
L48T16beta4.405ms0.021032m0.000760,4.405,241.6,48,16,609,3.2719400814691097e-12,5.7896063598373085e-6,0.00007245180011083188
L48T16beta4.405ms0.021032m0.000760,4.405,241.6,48,16,610,3.2710903575378866e-12,5.788102797133279e-6,0.00007243298435416108
L48T16beta4.405ms0.021032m0.000760,4.405,241.6,48,16,611,3.2714913691269637e-12,5.788812375911827e-6,0.00007244186410463648
L48T16beta4.405ms0.021032m0.000760,4.405,241.6,48,16,612,3.2717731681608438e-12,5.7893110114119045e-6,0.00007244810408665502
L48T16beta4.405ms0.021032m0.000760,4.405,241.6,48,16,613,3.2719550914090957e-12,5.7896329195058355e-6,0.00007245213248157965
L48T16beta4.405ms0.021032m0.000760,4.405,241.6,48,16,614,3.2715855799430056e-12,5.78897907931291e-6,0.00007244395025017772
L48T16beta4.405ms0.021032m0.000760,4.405,241.6,48,16,615,3.271825783849059e-12,5.789404113398962e-6,0.00007244926917563291
L48T16beta4.405ms0.021032m0.000760,4.405,241.6,48,16,616,3.2713046585808428e-12,5.788481996828361e-6,0.00007243772970277418
L48T16beta4.405ms0.021032m0.000760,4.405,241.6,48,16,617,3.2717402097912287e-12,5.789252692499705e-6,0.00007244737427707787
L48T16beta4.405ms0.021032m0.000760,4.405,241.6,48,16,618,3.2713093281808367e-12,5.7884902595548016e-6,0.00007243783310348352
L48T16beta4.405ms0.021032m0.000760,4.405,241.6,48,16,619,3.2716130650107086e-12,5.789027713370629e-6,0.0000724445588623716
L48T16beta4.405ms0.021032m0.000760,4.405,241.6,48,16,620,3.2714143847111377e-12,5.788676154143586e-6,0.0000724401594097557
L48T16beta4.405ms0.021032m0.000760,4.405,241.6,48,16,621,3.271894312123214e-12,5.789525372261288e-6,0.00007245078662298752
L48T16beta4.405ms0.021032m0.000760,4.405,241.6,48,16,622,3.271960409148113e-12,5.78964232909613e-6,0.0000724522502342752
L48T16beta4.405ms0.021032m0.000760,4.405,241.6,48,16,623,3.2713777603432223e-12,5.788611348350042e-6,0.00007243934842259906
L48T16beta4.405ms0.021032m0.000760,4.405,241.6,48,16,624,3.2717974564467945e-12,5.789353988853822e-6,0.00007244864191130796
L48T16beta4.405ms0.021032m0.000760,4.405,241.6,48,16,625,3.2716415702369523e-12,5.7890781525703205e-6,0.00007244519006431982
L48T16beta4.405ms0.021032m0.000760,4.405,241.6,48,16,626,3.271898256583596e-12,5.789532351873489e-6,0.00007245087396665763
L48T16beta4.405ms0.021032m0.000760,4.405,241.6,48,16,627,3.271954049743859e-12,5.789631076308366e-6,0.00007245210941559444
L48T16beta4.405ms0.021032m0.000760,4.405,241.6,48,16,628,3.2719392035856343e-12,5.7896048064470795e-6,0.00007245178067152783
L48T16beta4.405ms0.021032m0.000760,4.405,241.6,48,16,629,3.27193600763768e-12,5.789599151306661e-6,0.00007245170990244996
L48T16beta4.405ms0.021032m0.000760,4.405,241.6,48,16,630,3.2716192141522683e-12,5.7890385941044425e-6,0.00007244469502512643
L48T16beta4.405ms0.021032m0.000760,4.405,241.6,48,16,631,3.2718926024666195e-12,5.789522347071814e-6,0.00007245074876541837
L48T16beta4.405ms0.021032m0.000760,4.405,241.6,48,16,632,3.2717513858351024e-12,5.78927246819641e-6,0.00007244762175242173
L48T16beta4.405ms0.021032m0.000760,4.405,241.6,48,16,633,3.271906572263381e-12,5.78954706623603e-6,0.00007245105810388343
L48T16beta4.405ms0.021032m0.000760,4.405,241.6,48,16,634,3.271948190552265e-12,5.789620708632898e-6,0.00007245197967331078
L48T16beta4.405ms0.021032m0.000760,4.405,241.6,48,16,635,3.2719298945214904e-12,5.789588334318731e-6,0.00007245157453741846
L48T16beta4.405ms0.021032m0.000760,4.405,241.6,48,16,636,3.2717555107929113e-12,5.789279767193754e-6,0.00007244771309291427
L48T16beta4.405ms0.021032m0.000760,4.405,241.6,48,16,637,3.271905172184094e-12,5.789544588834933e-6,0.00007245102710140107
L48T16beta4.405ms0.021032m0.000760,4.405,241.6,48,16,638,3.27119587977749e-12,5.788289515781635e-6,0.00007243532097280952
L48T16beta4.405ms0.021032m0.000760,4.405,241.6,48,16,639,3.2718162546092882e-12,5.7893872516760064e-6,0.00007244905816609183
L48T16beta4.405ms0.021032m0.000760,4.405,241.6,48,16,640,3.2702778813246537e-12,5.786665143223298e-6,0.00007241499338772213
L48T16beta4.405ms0.021032m0.000760,4.405,241.6,48,16,641,3.2718951481844378e-12,5.7895268516482135e-6,0.0000724508051362057
L48T16beta4.405ms0.021032m0.000760,4.405,241.6,48,16,642,3.2711561357342902e-12,5.788219189810026e-6,0.00007243444090550945
L48T16beta4.405ms0.021032m0.000760,4.405,241.6,48,16,643,3.27164545576237e-12,5.789085027898752e-6,0.00007244527610297086
L48T16beta4.405ms0.021032m0.000760,4.405,241.6,48,16,644,3.2719558385980343e-12,5.789634241635741e-6,0.0000724521490268654
L48T16beta4.405ms0.021032m0.000760,4.405,241.6,48,16,645,3.271952440765071e-12,5.789628229265452e-6,0.00007245207378737183
L48T16beta4.405ms0.021032m0.000760,4.405,241.6,48,16,646,3.2719019615983515e-12,5.789538907793358e-6,0.00007245095600819318
L48T16beta4.405ms0.021032m0.000760,4.405,241.6,48,16,647,3.2717467540736583e-12,5.789264272424224e-6,0.00007244751918958563
L48T16beta4.405ms0.021032m0.000760,4.405,241.6,48,16,648,3.2718498607473496e-12,5.789446716796334e-6,0.00007244980231944937
L48T16beta4.405ms0.021032m0.000760,4.405,241.6,48,16,649,3.271935435877206e-12,5.789598139592511e-6,0.00007245169724174268
L48T16beta4.405ms0.021032m0.000760,4.405,241.6,48,16,650,3.2719355046192234e-12,5.7895982612295865e-6,0.00007245169876392305
L48T16beta4.405ms0.021032m0.000760,4.405,241.6,48,16,651,3.271956235830017e-12,5.7896349445266115e-6,0.00007245215782292262
L48T16beta4.405ms0.021032m0.000760,4.405,241.6,48,16,652,3.271938757569848e-12,5.789604017234634e-6,0.00007245177079523248
L48T16beta4.405ms0.021032m0.000760,4.405,241.6,48,16,653,3.271912465799514e-12,5.789557494683198e-6,0.00007245118860667115
L48T16beta4.405ms0.021032m0.000760,4.405,241.6,48,16,654,3.271957785688552e-12,5.789637686957894e-6,0.00007245219214202322
L48T16beta4.405ms0.021032m0.000760,4.405,241.6,48,16,655,3.2719500690992886e-12,5.789624032669256e-6,0.00007245202127068422
L48T16beta4.405ms0.021032m0.000760,4.405,241.6,48,16,656,3.2719293602951636e-12,5.789587389020204e-6,0.00007245156270784393
L48T16beta4.405ms0.021032m0.000760,4.405,241.6,48,16,657,3.2715659174760334e-12,5.788944287128152e-6,0.00007244351485677463
L48T16beta4.405ms0.021032m0.000760,4.405,241.6,48,16,658,3.2719648497580437e-12,5.789650186631065e-6,0.00007245234856437143
L48T16beta4.405ms0.021032m0.000760,4.405,241.6,48,16,659,3.27143405979096e-12,5.788710968646429e-6,0.00007244059508244987
L48T16beta4.405ms0.021032m0.000760,4.405,241.6,48,16,660,3.2708627075336145e-12,5.78769997682492e-6,0.00007242794341447571
L48T16beta4.405ms0.021032m0.000760,4.405,241.6,48,16,661,3.271437776492123e-12,5.78871754524507e-6,0.00007244067738276193
L48T16beta4.405ms0.021032m0.000760,4.405,241.6,48,16,662,3.271588598477262e-12,5.788984420524758e-6,0.00007244401709071731
L48T16beta4.405ms0.021032m0.000760,4.405,241.6,48,16,663,3.2716320525380056e-12,5.78906131126853e-6,0.00007244497931033154
L48T16beta4.405ms0.021032m0.000760,4.405,241.6,48,16,664,3.2719558820746473e-12,5.78963431856639e-6,0.0000724521499895844
L48T16beta4.405ms0.021032m0.000760,4.405,241.6,48,16,665,3.27181485401384e-12,5.789384773361578e-6,0.00007244902715217993
L48T16beta4.405ms0.021032m0.000760,4.405,241.6,48,16,666,3.2717661028737422e-12,5.7892985095842064e-6,0.0000724479476373448
L48T16beta4.405ms0.021032m0.000760,4.405,241.6,48,16,667,3.2719435900913355e-12,5.7896125682460955e-6,0.00007245187780357374
L48T16beta4.405ms0.021032m0.000760,4.405,241.6,48,16,668,3.2717046879293384e-12,5.789189837559702e-6,0.00007244658770312688
L48T16beta4.405ms0.021032m0.000760,4.405,241.6,48,16,669,3.2719545838907766e-12,5.78963202146638e-6,0.00007245212124341058
L48T16beta4.405ms0.021032m0.000760,4.405,241.6,48,16,670,3.2718619130997468e-12,5.789468043096435e-6,0.00007245006919922252
L48T16beta4.405ms0.021032m0.000760,4.405,241.6,48,16,671,3.271547617580671e-12,5.788911905975705e-6,0.00007244310963530729
L48T16beta4.405ms0.021032m0.000760,4.405,241.6,48,16,672,3.271732003921324e-12,5.789238172442673e-6,0.00007244719257141356
L48T16beta4.405ms0.021032m0.000760,4.405,241.6,48,16,673,3.2718903803815615e-12,5.789518415154522e-6,0.00007245069956095299
L48T16beta4.405ms0.021032m0.000760,4.405,241.6,48,16,674,3.271922928906344e-12,5.789576008857766e-6,0.00007245142029518184
L48T16beta4.405ms0.021032m0.000760,4.405,241.6,48,16,675,3.2719118743852285e-12,5.789556448192179e-6,0.00007245117551076213
L48T16beta4.405ms0.021032m0.000760,4.405,241.6,48,16,676,3.2719553488409373e-12,5.789633375024271e-6,0.00007245213818198975
L48T16beta4.405ms0.021032m0.000760,4.405,241.6,48,16,677,3.2719314666278754e-12,5.78959111611696e-6,0.00007245160934916157
L48T16beta4.405ms0.021032m0.000760,4.405,241.6,48,16,678,3.27195649188543e-12,5.789635397609495e-6,0.00007245216349285396
L48T16beta4.405ms0.021032m0.000760,4.405,241.6,48,16,679,3.271927928160973e-12,5.7895848548988535e-6,0.00007245153099555779
L48T16beta4.405ms0.021032m0.000760,4.405,241.6,48,16,680,3.271520043746562e-12,5.788863114848317e-6,0.00007244249905752548
L48T16beta4.405ms0.021032m0.000760,4.405,241.6,48,16,681,3.2712535700003874e-12,5.788391597015725e-6,0.0000724365984291179
L48T16beta4.405ms0.021032m0.000760,4.405,241.6,48,16,682,3.2719670342560147e-12,5.789654052039059e-6,0.00007245239693653181
L48T16beta4.405ms0.021032m0.000760,4.405,241.6,48,16,683,3.271636629758469e-12,5.789069410531977e-6,0.0000724450806654462
L48T16beta4.405ms0.021032m0.000760,4.405,241.6,48,16,684,3.271956076561353e-12,5.78963466270517e-6,0.00007245215429617668
L48T16beta4.405ms0.021032m0.000760,4.405,241.6,48,16,685,3.2700963251063657e-12,5.786343884578611e-6,0.00007241097312008006
L48T16beta4.405ms0.021032m0.000760,4.405,241.6,48,16,686,3.2719581059464155e-12,5.789638253645216e-6,0.00007245219923361357
L48T16beta4.405ms0.021032m0.000760,4.405,241.6,48,16,687,3.271888659753243e-12,5.789515370550891e-6,0.00007245066146043285
L48T16beta4.405ms0.021032m0.000760,4.405,241.6,48,16,688,3.2718921934952897e-12,5.789521623408497e-6,0.00007245073970941236
L48T16beta4.405ms0.021032m0.000760,4.405,241.6,48,16,689,3.2714463706604595e-12,5.788732752385305e-6,0.00007244086768666448
L48T16beta4.405ms0.021032m0.000760,4.405,241.6,48,16,690,3.2719483191159847e-12,5.7896209361228e-6,0.00007245198252014558
L48T16beta4.405ms0.021032m0.000760,4.405,241.6,48,16,691,3.27182802597174e-12,5.789408080772267e-6,0.00007244931882379892
L48T16beta4.405ms0.021032m0.000760,4.405,241.6,48,16,692,3.271754773900717e-12,5.789278463283649e-6,0.00007244769677563321
L48T16beta4.405ms0.021032m0.000760,4.405,241.6,48,16,693,3.271922132298327e-12,5.789574599282185e-6,0.00007245140265559084
L48T16beta4.405ms0.021032m0.000760,4.405,241.6,48,16,694,3.2718967675129096e-12,5.789529717004603e-6,0.00007245084099360524
L48T16beta4.405ms0.021032m0.000760,4.405,241.6,48,16,695,3.271912281093392e-12,5.789557167850887e-6,0.00007245118451665399
L48T16beta4.405ms0.021032m0.000760,4.405,241.6,48,16,696,3.271952238059499e-12,5.789627870583618e-6,0.0000724520692987861
L48T16beta4.405ms0.021032m0.000760,4.405,241.6,48,16,697,3.2718746097398143e-12,5.789490509445529e-6,0.00007245035034569996
L48T16beta4.405ms0.021032m0.000760,4.405,241.6,48,16,698,3.2718796364833096e-12,5.789499404127395e-6,0.00007245046165477222
L48T16beta4.405ms0.021032m0.000760,4.405,241.6,48,16,699,3.2719257457011752e-12,5.78958099309735e-6,0.00007245148266852945
L48T16beta4.405ms0.021032m0.000760,4.405,241.6,48,16,700,3.2715493476984052e-12,5.7889149673705925e-6,0.00007244314794595514
L48T16beta4.405ms0.021032m0.000760,4.405,241.6,48,16,701,3.271736071122074e-12,5.7892453692405185e-6,0.00007244728263296982
L48T16beta4.405ms0.021032m0.000760,4.405,241.6,48,16,702,3.2719485859843026e-12,5.789621408338816e-6,0.00007245198842951115
L48T16beta4.405ms0.021032m0.000760,4.405,241.6,48,16,703,3.271913070779562e-12,5.789558565178453e-6,0.00007245120200297194
L48T16beta4.405ms0.021032m0.000760,4.405,241.6,48,16,704,3.2719536750905986e-12,5.789630413369912e-6,0.00007245210111950635
L48T16beta4.405ms0.021032m0.000760,4.405,241.6,48,16,705,3.2719452110874034e-12,5.78961543655325e-6,0.00007245191369789949
L48T16beta4.405ms0.021032m0.000760,4.405,241.6,48,16,706,3.271947545258743e-12,5.789619566804079e-6,0.00007245196538433356
L48T16beta4.405ms0.021032m0.000760,4.405,241.6,48,16,707,3.271899171140951e-12,5.789533970157121e-6,0.00007245089421804519
L48T16beta4.405ms0.021032m0.000760,4.405,241.6,48,16,708,3.2719104171312172e-12,5.789553869622009e-6,0.00007245114324223834
L48T16beta4.405ms0.021032m0.000760,4.405,241.6,48,16,709,3.271908927094384e-12,5.789551233043554e-6,0.0000724511102477922
L48T16beta4.405ms0.021032m0.000760,4.405,241.6,48,16,710,3.2719076462746885e-12,5.789548966668966e-6,0.00007245108188611985
L48T16beta4.405ms0.021032m0.000760,4.405,241.6,48,16,711,3.271782062827353e-12,5.789326750275242e-6,0.00007244830104460166
L48T16beta4.405ms0.021032m0.000760,4.405,241.6,48,16,712,3.268521989542413e-12,5.7835581418795926e-6,0.0000723761120154306
L48T16beta4.405ms0.021032m0.000760,4.405,241.6,48,16,713,3.271109173633656e-12,5.788136091687893e-6,0.00007243340100604821
L48T16beta4.405ms0.021032m0.000760,4.405,241.6,48,16,714,3.271780098002083e-12,5.789323273571942e-6,0.00007244825753673655
L48T16beta4.405ms0.021032m0.000760,4.405,241.6,48,16,715,3.2719578633508854e-12,5.789637824379218e-6,0.00007245219386172948
L48T16beta4.405ms0.021032m0.000760,4.405,241.6,48,16,716,3.2716844484741105e-12,5.789154024410381e-6,0.00007244613953325579
L48T16beta4.405ms0.021032m0.000760,4.405,241.6,48,16,717,3.271947603412849e-12,5.7896196697061406e-6,0.00007245196667206179
L48T16beta4.405ms0.021032m0.000760,4.405,241.6,48,16,718,3.2718510064917597e-12,5.789448744158987e-6,0.00007244982769009887
L48T16beta4.405ms0.021032m0.000760,4.405,241.6,48,16,719,3.2719533695499327e-12,5.7896298727242584e-6,0.00007245209435380445
L48T16beta4.405ms0.021032m0.000760,4.405,241.6,48,16,720,3.271411389390878e-12,5.788670854008256e-6,0.00007244009308325239
L48T16beta4.405ms0.021032m0.000760,4.405,241.6,48,16,721,3.2718950557652023e-12,5.789526688114964e-6,0.0000724508030897318
L48T16beta4.405ms0.021032m0.000760,4.405,241.6,48,16,722,3.2719565078731767e-12,5.789635425899366e-6,0.00007245216384687665
L48T16beta4.405ms0.021032m0.000760,4.405,241.6,48,16,723,3.271944674637615e-12,5.78961448732037e-6,0.00007245190181909
L48T16beta4.405ms0.021032m0.000760,4.405,241.6,48,16,724,3.2717160975028426e-12,5.78921002648055e-6,0.00007244684034960521
L48T16beta4.405ms0.021032m0.000760,4.405,241.6,48,16,725,3.271785291955176e-12,5.789332464126509e-6,0.00007244837254839384
L48T16beta4.405ms0.021032m0.000760,4.405,241.6,48,16,726,3.271950272757773e-12,5.789624393037242e-6,0.00007245202578037065
L48T16beta4.405ms0.021032m0.000760,4.405,241.6,48,16,727,3.271959047966167e-12,5.789639920522789e-6,0.0000724522200931113
L48T16beta4.405ms0.021032m0.000760,4.405,241.6,48,16,728,3.2713172927522304e-12,5.788504352640875e-6,0.00007243800946598412
L48T16beta4.405ms0.021032m0.000760,4.405,241.6,48,16,729,3.271468675036429e-12,5.78877221935406e-6,0.00007244136158085237
L48T16beta4.405ms0.021032m0.000760,4.405,241.6,48,16,730,3.2711941965377353e-12,5.7882865373360196e-6,0.0000724352837001984
L48T16beta4.405ms0.021032m0.000760,4.405,241.6,48,16,731,3.271473891687358e-12,5.788781450071813e-6,0.00007244147709511638
L48T16beta4.405ms0.021032m0.000760,4.405,241.6,48,16,732,3.2719623372862686e-12,5.789645740882608e-6,0.00007245229292976374
L48T16beta4.405ms0.021032m0.000760,4.405,241.6,48,16,733,3.2671984263145963e-12,5.781216133807741e-6,0.00007234680385695945
L48T16beta4.405ms0.021032m0.000760,4.405,241.6,48,16,734,3.271849185966493e-12,5.7894455227905026e-6,0.00007244978737752301
L48T16beta4.405ms0.021032m0.000760,4.405,241.6,48,16,735,3.2718690881305545e-12,5.7894807391125486e-6,0.00007245022807862893
L48T16beta4.405ms0.021032m0.000760,4.405,241.6,48,16,736,3.2717577829190876e-12,5.789283787657404e-6,0.00007244776340545896
L48T16beta4.405ms0.021032m0.000760,4.405,241.6,48,16,737,3.2718470025405483e-12,5.789441659279429e-6,0.00007244973902910093
L48T16beta4.405ms0.021032m0.000760,4.405,241.6,48,16,738,3.270699032776413e-12,5.787410358924945e-6,0.00007242431910275341
L48T16beta4.405ms0.021032m0.000760,4.405,241.6,48,16,739,3.2711427513961138e-12,5.788195506598384e-6,0.0000724341445310741
L48T16beta4.405ms0.021032m0.000760,4.405,241.6,48,16,740,3.2714922970515575e-12,5.7888140178484135e-6,0.00007244188465201983
L48T16beta4.405ms0.021032m0.000760,4.405,241.6,48,16,741,3.2719622564872664e-12,5.789645597911036e-6,0.00007245229114060104
L48T16beta4.405ms0.021032m0.000760,4.405,241.6,48,16,742,3.2717913971436667e-12,5.789343267086598e-6,0.00007244850773787932
L48T16beta4.405ms0.021032m0.000760,4.405,241.6,48,16,743,3.2717274808977348e-12,5.7892301690790765e-6,0.00007244709241640068
L48T16beta4.405ms0.021032m0.000760,4.405,241.6,48,16,744,3.271666134893872e-12,5.789121619042929e-6,0.0000724457340087591
L48T16beta4.405ms0.021032m0.000760,4.405,241.6,48,16,745,3.2718867315224434e-12,5.789511958600481e-6,0.00007245061876289285
L48T16beta4.405ms0.021032m0.000760,4.405,241.6,48,16,746,3.2718924949463747e-12,5.7895221568177516e-6,0.00007245074638455713
L48T16beta4.405ms0.021032m0.000760,4.405,241.6,48,16,747,3.271934476255051e-12,5.789596441567978e-6,0.00007245167599246832
L48T16beta4.405ms0.021032m0.000760,4.405,241.6,48,16,748,3.2719587385212084e-12,5.7896393729686e-6,0.00007245221324095517
L48T16beta4.405ms0.021032m0.000760,4.405,241.6,48,16,749,3.2719317883680465e-12,5.789591685427184e-6,0.00007245161647357519
L48T16beta4.405ms0.021032m0.000760,4.405,241.6,48,16,750,3.271685830659827e-12,5.789156470149305e-6,0.00007244617013951408
L48T16beta4.405ms0.021032m0.000760,4.405,241.6,48,16,751,3.2718999840278825e-12,5.789535408537785e-6,0.00007245091221810632
L48T16beta4.405ms0.021032m0.000760,4.405,241.6,48,16,752,3.2719302825684594e-12,5.789589020956977e-6,0.00007245158313008847
L48T16beta4.405ms0.021032m0.000760,4.405,241.6,48,16,753,3.2716953584834642e-12,5.789173329366452e-6,0.0000724463811176972
L48T16beta4.405ms0.021032m0.000760,4.405,241.6,48,16,754,3.271712015386372e-12,5.789202803289754e-6,0.00007244674995776453
L48T16beta4.405ms0.021032m0.000760,4.405,241.6,48,16,755,3.2719523452621063e-12,5.78962806027563e-6,0.00007245207167261377
L48T16beta4.405ms0.021032m0.000760,4.405,241.6,48,16,756,3.27183669956265e-12,5.789423428448522e-6,0.0000724495108863854
L48T16beta4.405ms0.021032m0.000760,4.405,241.6,48,16,757,3.2718729338189537e-12,5.789487543950492e-6,0.00007245031323515386
L48T16beta4.405ms0.021032m0.000760,4.405,241.6,48,16,758,3.267736978941595e-12,5.782169087601742e-6,0.00007235872923037978
L48T16beta4.405ms0.021032m0.000760,4.405,241.6,48,16,759,3.271873713962768e-12,5.789488924393127e-6,0.00007245033051017183
L48T16beta4.405ms0.021032m0.000760,4.405,241.6,48,16,760,3.2719282428998875e-12,5.78958541182055e-6,0.00007245153796493997
L48T16beta4.405ms0.021032m0.000760,4.405,241.6,48,16,761,3.2719522542325343e-12,5.789627899201351e-6,0.00007245206965691171
L48T16beta4.405ms0.021032m0.000760,4.405,241.6,48,16,762,3.271452854300624e-12,5.788744225005034e-6,0.00007244101125634778
L48T16beta4.405ms0.021032m0.000760,4.405,241.6,48,16,763,3.2719267577334936e-12,5.7895827838602e-6,0.0000724515050783418
L48T16beta4.405ms0.021032m0.000760,4.405,241.6,48,16,764,3.271874879996264e-12,5.789490987656749e-6,0.00007245035633009019
L48T16beta4.405ms0.021032m0.000760,4.405,241.6,48,16,765,3.2556763971826185e-12,5.760828225875522e-6,0.00007209166723136255
L48T16beta4.405ms0.021032m0.000760,4.405,241.6,48,16,766,3.271947478740187e-12,5.789619449101356e-6,0.00007245196391138814
L48T16beta4.405ms0.021032m0.000760,4.405,241.6,48,16,767,3.2241925591452003e-12,5.705118456015776e-6,0.00007139450876164368
L48T16beta4.405ms0.021032m0.000760,4.405,241.6,48,16,768,3.270636255908909e-12,5.787299277015649e-6,0.00007242292901095995
L48T16beta4.405ms0.021032m0.000760,4.405,241.6,48,16,769,3.2702816629429514e-12,5.78667183469099e-6,0.0000724150771255187
L48T16beta4.405ms0.021032m0.000760,4.405,241.6,48,16,770,3.2718550081401003e-12,5.78945582496368e-6,0.00007244991630010347
L48T16beta4.405ms0.021032m0.000760,4.405,241.6,48,16,771,3.263766254344506e-12,5.7751430016074815e-6,0.00007227080398186047
L48T16beta4.405ms0.021032m0.000760,4.405,241.6,48,16,772,3.271953004425793e-12,5.7896292266473165e-6,0.00007245208626872325
L48T16beta4.405ms0.021032m0.000760,4.405,241.6,48,16,773,3.2719379076913995e-12,5.789602513398516e-6,0.00007245175197605426
L48T16beta4.405ms0.021032m0.000760,4.405,241.6,48,16,774,3.2719404275879478e-12,5.789606972284901e-6,0.00007245180777507151
L48T16beta4.405ms0.021032m0.000760,4.405,241.6,48,16,775,3.2718217771052856e-12,5.789397023578044e-6,0.00007244918045279822
L48T16beta4.405ms0.021032m0.000760,4.405,241.6,48,16,776,3.2719580264709022e-12,5.78963811301552e-6,0.00007245219747375737
L48T16beta4.405ms0.021032m0.000760,4.405,241.6,48,16,777,3.271898879298396e-12,5.789533453749891e-6,0.0000724508877556657
L48T16beta4.405ms0.021032m0.000760,4.405,241.6,48,16,778,3.2719018298317886e-12,5.789538674636115e-6,0.0000724509530904366
L48T16beta4.405ms0.021032m0.000760,4.405,241.6,48,16,779,3.2719429511770303e-12,5.789611437705122e-6,0.00007245186365585392
L48T16beta4.405ms0.021032m0.000760,4.405,241.6,48,16,780,3.2714866637795324e-12,5.788804049931297e-6,0.00007244175991235817
L48T16beta4.405ms0.021032m0.000760,4.405,241.6,48,16,781,3.2718158773487544e-12,5.789386584124055e-6,0.00007244904981226989
L48T16beta4.405ms0.021032m0.000760,4.405,241.6,48,16,782,3.2717647567928053e-12,5.789296127731679e-6,0.00007244791783056823
L48T16beta4.405ms0.021032m0.000760,4.405,241.6,48,16,783,3.270728830138183e-12,5.787463084522271e-6,0.00007242497891694471
L48T16beta4.405ms0.021032m0.000760,4.405,241.6,48,16,784,3.271678639058937e-12,5.7891437448128955e-6,0.00007244601089319014
L48T16beta4.405ms0.021032m0.000760,4.405,241.6,48,16,785,3.2717453480651403e-12,5.78926178453152e-6,0.00007244748805581007
L48T16beta4.405ms0.021032m0.000760,4.405,241.6,48,16,786,3.2714846590510696e-12,5.788800502620414e-6,0.00007244171552090166
L48T16beta4.405ms0.021032m0.000760,4.405,241.6,48,16,787,3.271935124182316e-12,5.789597588057131e-6,0.0000724516903397655
L48T16beta4.405ms0.021032m0.000760,4.405,241.6,48,16,788,3.2718286544966566e-12,5.789409192929508e-6,0.00007244933274146258
L48T16beta4.405ms0.021032m0.000760,4.405,241.6,48,16,789,3.2715734350787288e-12,5.788957589315628e-6,0.0000724436813218792
L48T16beta4.405ms0.021032m0.000760,4.405,241.6,48,16,790,3.2671238918224563e-12,5.781084247110865e-6,0.00007234515341166049
L48T16beta4.405ms0.021032m0.000760,4.405,241.6,48,16,791,3.271687866212348e-12,5.789160072002496e-6,0.00007244621521351932
L48T16beta4.405ms0.021032m0.000760,4.405,241.6,48,16,792,3.270450175542066e-12,5.786970013016771e-6,0.00007241880856339447
L48T16beta4.405ms0.021032m0.000760,4.405,241.6,48,16,793,3.2719445068059775e-12,5.789614190346987e-6,0.00007245189810273093
L48T16beta4.405ms0.021032m0.000760,4.405,241.6,48,16,794,3.271959432042669e-12,5.789640600135405e-6,0.00007245222859786178
L48T16beta4.405ms0.021032m0.000760,4.405,241.6,48,16,795,3.271960514471366e-12,5.789642515462677e-6,0.00007245225256648763
L48T16beta4.405ms0.021032m0.000760,4.405,241.6,48,16,796,3.271201842717385e-12,5.788300067036817e-6,0.00007243545301243085
L48T16beta4.405ms0.021032m0.000760,4.405,241.6,48,16,797,3.2719525480867925e-12,5.789628419168233e-6,0.0000724520761638371
L48T16beta4.405ms0.021032m0.000760,4.405,241.6,48,16,798,3.2719357597084895e-12,5.7895987126029e-6,0.00007245170441246064
L48T16beta4.405ms0.021032m0.000760,4.405,241.6,48,16,799,3.2718165679188345e-12,5.789387806068476e-6,0.00007244906510382298
L48T16beta4.405ms0.021032m0.000760,4.405,241.6,48,16,800,3.271811344968098e-12,5.78937856420339e-6,0.00007244894945005996
L48T16beta4.405ms0.021032m0.000760,4.405,241.6,48,16,801,3.2719070892314117e-12,5.7895479809964845e-6,0.00007245106955130101
L48T16beta4.405ms0.021032m0.000760,4.405,241.6,48,16,802,3.2716788229709657e-12,5.789144070240081e-6,0.00007244601496562338
L48T16beta4.405ms0.021032m0.000760,4.405,241.6,48,16,803,3.271958673365846e-12,5.78963925767801e-6,0.00007245221179819547
L48T16beta4.405ms0.021032m0.000760,4.405,241.6,48,16,804,3.27189412825089e-12,5.789525046904359e-6,0.00007245078255143347
L48T16beta4.405ms0.021032m0.000760,4.405,241.6,48,16,805,3.2718671543808057e-12,5.789477317396513e-6,0.00007245018525888076
L48T16beta4.405ms0.021032m0.000760,4.405,241.6,48,16,806,3.2719624469505655e-12,5.789645934930511e-6,0.00007245229535810152
L48T16beta4.405ms0.021032m0.000760,4.405,241.6,48,16,807,3.271847748247179e-12,5.789442978786433e-6,0.00007244975554156338
L48T16beta4.405ms0.021032m0.000760,4.405,241.6,48,16,808,3.2719516316103785e-12,5.78962679748888e-6,0.00007245205586995508
L48T16beta4.405ms0.021032m0.000760,4.405,241.6,48,16,809,3.271950294833569e-12,5.789624432099745e-6,0.0000724520262692033
L48T16beta4.405ms0.021032m0.000760,4.405,241.6,48,16,810,3.2718969725081177e-12,5.789530079737884e-6,0.00007245084553289125
L48T16beta4.405ms0.021032m0.000760,4.405,241.6,48,16,811,3.2719292161804486e-12,5.789587134013251e-6,0.00007245155951665758
L48T16beta4.405ms0.021032m0.000760,4.405,241.6,48,16,812,3.271635231902643e-12,5.789066937065233e-6,0.00007244504971219878
L48T16beta4.405ms0.021032m0.000760,4.405,241.6,48,16,813,3.2717784455996216e-12,5.789320349692054e-6,0.00007244822094696722
L48T16beta4.405ms0.021032m0.000760,4.405,241.6,48,16,814,3.2717571778463957e-12,5.7892827169982175e-6,0.00007244775000710672
L48T16beta4.405ms0.021032m0.000760,4.405,241.6,48,16,815,3.2719450023599563e-12,5.789615067215877e-6,0.0000724519090759691
L48T16beta4.405ms0.021032m0.000760,4.405,241.6,48,16,816,3.2717510488483383e-12,5.789271871907767e-6,0.00007244761429039704
L48T16beta4.405ms0.021032m0.000760,4.405,241.6,48,16,817,3.271375900894145e-12,5.788608058106964e-6,0.00007243930724811862
L48T16beta4.405ms0.021032m0.000760,4.405,241.6,48,16,818,3.271582322293995e-12,5.7889733149942e-6,0.00007244387811483017
L48T16beta4.405ms0.021032m0.000760,4.405,241.6,48,16,819,3.271959400067175e-12,5.7896405435556644e-6,0.0000724522278898164
L48T16beta4.405ms0.021032m0.000760,4.405,241.6,48,16,820,3.2719585201984662e-12,5.7896389866526204e-6,0.00007245220840655256
L48T16beta4.405ms0.021032m0.000760,4.405,241.6,48,16,821,3.2714878097489356e-12,5.7888060776920686e-6,0.00007244178528798978
L48T16beta4.405ms0.021032m0.000760,4.405,241.6,48,16,822,3.271825225627877e-12,5.7894031256422104e-6,0.00007244925681473128
L48T16beta4.405ms0.021032m0.000760,4.405,241.6,48,16,823,3.2612759484157602e-12,5.770736474995132e-6,0.0000722156602008401
L48T16beta4.405ms0.021032m0.000760,4.405,241.6,48,16,824,3.2718490758786798e-12,5.789445327993199e-6,0.00007244978493980716
L48T16beta4.405ms0.021032m0.000760,4.405,241.6,48,16,825,3.2719484282905906e-12,5.789621129304208e-6,0.00007245198493763995
L48T16beta4.405ms0.021032m0.000760,4.405,241.6,48,16,826,3.2714039424095547e-12,5.7886576767833195e-6,0.0000724399281819434
L48T16beta4.405ms0.021032m0.000760,4.405,241.6,48,16,827,3.2718261815310276e-12,5.78940481708607e-6,0.00007244927798165435
L48T16beta4.405ms0.021032m0.000760,4.405,241.6,48,16,828,3.2717321116268574e-12,5.789238363024599e-6,0.00007244719495637771
L48T16beta4.405ms0.021032m0.000760,4.405,241.6,48,16,829,3.2719063264782427e-12,5.789546631326109e-6,0.00007245105266137065
L48T16beta4.405ms0.021032m0.000760,4.405,241.6,48,16,830,3.2715200011963913e-12,5.788863039556981e-6,0.00007244249811532105
L48T16beta4.405ms0.021032m0.000760,4.405,241.6,48,16,831,3.2719721992776386e-12,5.789663191400202e-6,0.00007245251130754867
L48T16beta4.405ms0.021032m0.000760,4.405,241.6,48,16,832,3.2718603292937192e-12,5.789465240596016e-6,0.00007245003412840984
L48T16beta4.405ms0.021032m0.000760,4.405,241.6,48,16,833,3.271757731700064e-12,5.789283697026776e-6,0.00007244776227129686
L48T16beta4.405ms0.021032m0.000760,4.405,241.6,48,16,834,3.271893326957722e-12,5.789523629038534e-6,0.0000724507648080974
L48T16beta4.405ms0.021032m0.000760,4.405,241.6,48,16,835,3.271866796443211e-12,5.7894766840359616e-6,0.00007245017733293394
L48T16beta4.405ms0.021032m0.000760,4.405,241.6,48,16,836,3.2719378824789344e-12,5.789602468785765e-6,0.00007245175141776517
L48T16beta4.405ms0.021032m0.000760,4.405,241.6,48,16,837,3.2719554870264217e-12,5.789633619539616e-6,0.00007245214124188291
L48T16beta4.405ms0.021032m0.000760,4.405,241.6,48,16,838,3.2719229773857454e-12,5.78957609464071e-6,0.00007245142136867945
L48T16beta4.405ms0.021032m0.000760,4.405,241.6,48,16,839,3.2719363877172454e-12,5.78959982384681e-6,0.00007245171831869477
L48T16beta4.405ms0.021032m0.000760,4.405,241.6,48,16,840,3.271921707273076e-12,5.789573847211904e-6,0.00007245139324409682
L48T16beta4.405ms0.021032m0.000760,4.405,241.6,48,16,841,3.2718928352021566e-12,5.7895227588908305e-6,0.00007245075391896893
L48T16beta4.405ms0.021032m0.000760,4.405,241.6,48,16,842,3.2715148517787025e-12,5.788853927806564e-6,0.00007244238408982799
L48T16beta4.405ms0.021032m0.000760,4.405,241.6,48,16,843,3.271820470834897e-12,5.789394712169167e-6,0.0000724491515275616
L48T16beta4.405ms0.021032m0.000760,4.405,241.6,48,16,844,3.2717505611161793e-12,5.789271008879368e-6,0.00007244760349036035
L48T16beta4.405ms0.021032m0.000760,4.405,241.6,48,16,845,3.2718801865650344e-12,5.7895003774816045e-6,0.00007245047383543878
L48T16beta4.405ms0.021032m0.000760,4.405,241.6,48,16,846,3.27159487693693e-12,5.7889955300833434e-6,0.00007244415611701167
L48T16beta4.405ms0.021032m0.000760,4.405,241.6,48,16,847,3.271894392022244e-12,5.789525513640384e-6,0.00007245078839222179
L48T16beta4.405ms0.021032m0.000760,4.405,241.6,48,16,848,3.2719630176654835e-12,5.789646944794578e-6,0.00007245230799565665
L48T16beta4.405ms0.021032m0.000760,4.405,241.6,48,16,849,3.2716274059799548e-12,5.7890530893141626e-6,0.00007244487641984863
L48T16beta4.405ms0.021032m0.000760,4.405,241.6,48,16,850,3.2716736132154143e-12,5.7891348517235056e-6,0.00007244589960404631
L48T16beta4.405ms0.021032m0.000760,4.405,241.6,48,16,851,3.2710475419811666e-12,5.788027036204499e-6,0.00007243203627318163
L48T16beta4.405ms0.021032m0.000760,4.405,241.6,48,16,852,3.2717869336506116e-12,5.789335369060615e-6,0.00007244840890107345
L48T16beta4.405ms0.021032m0.000760,4.405,241.6,48,16,853,3.2718059283115142e-12,5.789368979581232e-6,0.00007244882950699552
L48T16beta4.405ms0.021032m0.000760,4.405,241.6,48,16,854,3.2713347443043916e-12,5.7885352326737805e-6,0.00007243839590226881
L48T16beta4.405ms0.021032m0.000760,4.405,241.6,48,16,855,3.271945508991538e-12,5.7896159636862746e-6,0.0000724519202945028
L48T16beta4.405ms0.021032m0.000760,4.405,241.6,48,16,856,3.271951175761069e-12,5.78962599087629e-6,0.00007245204577591233
L48T16beta4.405ms0.021032m0.000760,4.405,241.6,48,16,857,3.2713719872181168e-12,5.7886011329668155e-6,0.00007243922058611803
L48T16beta4.405ms0.021032m0.000760,4.405,241.6,48,16,858,3.2716997469214593e-12,5.789181094584608e-6,0.00007244647829253064
L48T16beta4.405ms0.021032m0.000760,4.405,241.6,48,16,859,3.2719331806784535e-12,5.7895941490814645e-6,0.00007245164730402832
L48T16beta4.405ms0.021032m0.000760,4.405,241.6,48,16,860,3.270601798489501e-12,5.787238305576814e-6,0.00007242216600735929
L48T16beta4.405ms0.021032m0.000760,4.405,241.6,48,16,861,3.2713589326536894e-12,5.788578033280589e-6,0.00007243893151398686
L48T16beta4.405ms0.021032m0.000760,4.405,241.6,48,16,862,3.2719531205884206e-12,5.789629432193834e-6,0.00007245208884095601
L48T16beta4.405ms0.021032m0.000760,4.405,241.6,48,16,863,3.271948679991725e-12,5.789621574682317e-6,0.00007245199051115286
L48T16beta4.405ms0.021032m0.000760,4.405,241.6,48,16,864,3.271889593421779e-12,5.789517022651222e-6,0.00007245068213500649
L48T16beta4.405ms0.021032m0.000760,4.405,241.6,48,16,865,3.2714889541698567e-12,5.788808102712845e-6,0.00007244181062933276
L48T16beta4.405ms0.021032m0.000760,4.405,241.6,48,16,866,3.2718703785720148e-12,5.78948302251258e-6,0.00007245025665335963
L48T16beta4.405ms0.021032m0.000760,4.405,241.6,48,16,867,3.2717864489624773e-12,5.789334511418533e-6,0.00007244839816844176
L48T16beta4.405ms0.021032m0.000760,4.405,241.6,48,16,868,3.2719471492708403e-12,5.789618866114572e-6,0.00007245195661582445
L48T16beta4.405ms0.021032m0.000760,4.405,241.6,48,16,869,3.2718460709895947e-12,5.7894400109261e-6,0.00007244971840141771
L48T16beta4.405ms0.021032m0.000760,4.405,241.6,48,16,870,3.271942808875495e-12,5.78961118590654e-6,0.0000724518605048175
L48T16beta4.405ms0.021032m0.000760,4.405,241.6,48,16,871,3.2715632989133817e-12,5.788939653654859e-6,0.00007244345687295674
L48T16beta4.405ms0.021032m0.000760,4.405,241.6,48,16,872,3.2717922444677816e-12,5.789344766402894e-6,0.00007244852650049595
L48T16beta4.405ms0.021032m0.000760,4.405,241.6,48,16,873,3.2712283759053438e-12,5.7883470167699805e-6,0.00007243604054679347
L48T16beta4.405ms0.021032m0.000760,4.405,241.6,48,16,874,3.2718167305094557e-12,5.7893880937680275e-6,0.00007244906870412825
L48T16beta4.405ms0.021032m0.000760,4.405,241.6,48,16,875,3.2709800671645348e-12,5.787907641405764e-6,0.00007243054215293329
L48T16beta4.405ms0.021032m0.000760,4.405,241.6,48,16,876,3.2719626567368037e-12,5.7896463061413855e-6,0.00007245230000347712
L48T16beta4.405ms0.021032m0.000760,4.405,241.6,48,16,877,3.271622074966343e-12,5.789043656234845e-6,0.00007244475837320871
L48T16beta4.405ms0.021032m0.000760,4.405,241.6,48,16,878,3.271718083067185e-12,5.789213539881058e-6,0.0000724468843167034
L48T16beta4.405ms0.021032m0.000760,4.405,241.6,48,16,879,3.2719451586110653e-12,5.789615343697839e-6,0.00007245191253589619
L48T16beta4.405ms0.021032m0.000760,4.405,241.6,48,16,880,3.259707270581909e-12,5.7679607434911115e-6,0.00007218092437743666
L48T16beta4.405ms0.021032m0.000760,4.405,241.6,48,16,881,3.271952880229587e-12,5.789629006885608e-6,0.00007245208351859994
L48T16beta4.405ms0.021032m0.000760,4.405,241.6,48,16,882,3.2719383788137717e-12,5.789603347036362e-6,0.00007245176240829419
L48T16beta4.405ms0.021032m0.000760,4.405,241.6,48,16,883,3.271953624599494e-12,5.789630324027316e-6,0.00007245210000146283
L48T16beta4.405ms0.021032m0.000760,4.405,241.6,48,16,884,3.271955845347828e-12,5.789634253579312e-6,0.00007245214917632863
L48T16beta4.405ms0.021032m0.000760,4.405,241.6,48,16,885,3.271956858425703e-12,5.789636046192245e-6,0.00007245217160929312
L48T16beta4.405ms0.021032m0.000760,4.405,241.6,48,16,886,3.271559115086783e-12,5.78893225049084e-6,0.00007244336422891044
L48T16beta4.405ms0.021032m0.000760,4.405,241.6,48,16,887,3.2711481929210554e-12,5.788205135224406e-6,0.00007243426502480794
L48T16beta4.405ms0.021032m0.000760,4.405,241.6,48,16,888,3.27188724477147e-12,5.789512866780262e-6,0.00007245063012795914
L48T16beta4.405ms0.021032m0.000760,4.405,241.6,48,16,889,3.271925264507052e-12,5.789580141637822e-6,0.00007245147201326696
L48T16beta4.405ms0.021032m0.000760,4.405,241.6,48,16,890,3.2719486770138746e-12,5.789621569413095e-6,0.00007245199044521319
L48T16beta4.405ms0.021032m0.000760,4.405,241.6,48,16,891,3.271963334905792e-12,5.7896475061424216e-6,0.00007245231502042816
L48T16beta4.405ms0.021032m0.000760,4.405,241.6,48,16,892,3.2716463942351707e-12,5.789086688500096e-6,0.00007244529688392715
L48T16beta4.405ms0.021032m0.000760,4.405,241.6,48,16,893,3.2716856735881547e-12,5.789156192215379e-6,0.00007244616666141696
L48T16beta4.405ms0.021032m0.000760,4.405,241.6,48,16,894,3.2716768156219947e-12,5.789140518292282e-6,0.00007244597051613996
L48T16beta4.405ms0.021032m0.000760,4.405,241.6,48,16,895,3.2715165375860258e-12,5.78885691079542e-6,0.00007244242141929373
L48T16beta4.405ms0.021032m0.000760,4.405,241.6,48,16,896,3.2719591725726543e-12,5.78964014101048e-6,0.00007245222285231964
L48T16beta4.405ms0.021032m0.000760,4.405,241.6,48,16,897,3.271965774850371e-12,5.789651823556036e-6,0.00007245236904903885
L48T16beta4.405ms0.021032m0.000760,4.405,241.6,48,16,898,3.2719771966396785e-12,5.789672034092405e-6,0.00007245262196601632
L48T16beta4.405ms0.021032m0.000760,4.405,241.6,48,16,899,3.27190258690719e-12,5.789540014259839e-6,0.00007245096985464202
L48T16beta4.405ms0.021032m0.000760,4.405,241.6,48,16,900,3.271927629714208e-12,5.789584326805659e-6,0.0000724515243869388
L48T16beta4.405ms0.021032m0.000760,4.405,241.6,48,16,901,3.27195184462593e-12,5.789627174413933e-6,0.00007245206058683858
L48T16beta4.405ms0.021032m0.000760,4.405,241.6,48,16,902,3.271942564122678e-12,5.7896107528232835e-6,0.0000724518550851638
L48T16beta4.405ms0.021032m0.000760,4.405,241.6,48,16,903,3.2718427121995564e-12,5.7894340676411735e-6,0.00007244964402646634
L48T16beta4.405ms0.021032m0.000760,4.405,241.6,48,16,904,3.271928927037811e-12,5.78958662238345e-6,0.00007245155311406338
L48T16beta4.405ms0.021032m0.000760,4.405,241.6,48,16,905,3.269795315471121e-12,5.7858112564573155e-6,0.00007240430775048858
L48T16beta4.405ms0.021032m0.000760,4.405,241.6,48,16,906,3.2716248256528997e-12,5.789048523497688e-6,0.00007244481928269594
L48T16beta4.405ms0.021032m0.000760,4.405,241.6,48,16,907,3.2703620902300706e-12,5.7868141485235836e-6,0.00007241685805719372
L48T16beta4.405ms0.021032m0.000760,4.405,241.6,48,16,908,3.271406500978451e-12,5.7886622040993416e-6,0.000072439984837297
L48T16beta4.405ms0.021032m0.000760,4.405,241.6,48,16,909,3.2701748884710147e-12,5.786482900252583e-6,0.00007241271277821862
L48T16beta4.405ms0.021032m0.000760,4.405,241.6,48,16,910,3.2719022394119233e-12,5.789539399376695e-6,0.0000724509621599236
L48T16beta4.405ms0.021032m0.000760,4.405,241.6,48,16,911,3.2717314539587134e-12,5.7892371992992325e-6,0.00007244718039338458
L48T16beta4.405ms0.021032m0.000760,4.405,241.6,48,16,912,3.271315078171355e-12,5.788500434002024e-6,0.00007243796042768669
L48T16beta4.405ms0.021032m0.000760,4.405,241.6,48,16,913,3.271946814692826e-12,5.789618274088144e-6,0.00007245194920713763
L48T16beta4.405ms0.021032m0.000760,4.405,241.6,48,16,914,3.2710097120471393e-12,5.787960097195476e-6,0.00007243119859072103
L48T16beta4.405ms0.021032m0.000760,4.405,241.6,48,16,915,3.2718953485474345e-12,5.789527206184926e-6,0.00007245080957291892
L48T16beta4.405ms0.021032m0.000760,4.405,241.6,48,16,916,3.2717012385597143e-12,5.789183733996735e-6,0.00007244651132243766
L48T16beta4.405ms0.021032m0.000760,4.405,241.6,48,16,917,3.271832486341361e-12,5.789415973271421e-6,0.0000724494175914414
L48T16beta4.405ms0.021032m0.000760,4.405,241.6,48,16,918,3.2717467961738428e-12,5.789264346919322e-6,0.00007244752012182585
L48T16beta4.405ms0.021032m0.000760,4.405,241.6,48,16,919,3.271923912271891e-12,5.789577748895568e-6,0.00007245144207021508
L48T16beta4.405ms0.021032m0.000760,4.405,241.6,48,16,920,3.2713495255719517e-12,5.7885613877128525e-6,0.00007243872320943704
L48T16beta4.405ms0.021032m0.000760,4.405,241.6,48,16,921,3.269274367841596e-12,5.784889454213404e-6,0.00007239277221115022
L48T16beta4.405ms0.021032m0.000760,4.405,241.6,48,16,922,3.271857604613721e-12,5.78946041935105e-6,0.00007244997379479564
L48T16beta4.405ms0.021032m0.000760,4.405,241.6,48,16,923,3.271905472179341e-12,5.789545119668123e-6,0.00007245103374430869
L48T16beta4.405ms0.021032m0.000760,4.405,241.6,48,16,924,3.2719174872755233e-12,5.789566380044395e-6,0.00007245129979910347
L48T16beta4.405ms0.021032m0.000760,4.405,241.6,48,16,925,3.2719014198546072e-12,5.789537949192972e-6,0.00007245094401215764
L48T16beta4.405ms0.021032m0.000760,4.405,241.6,48,16,926,3.2718864936914736e-12,5.789511537765239e-6,0.00007245061349651223
L48T16beta4.405ms0.021032m0.000760,4.405,241.6,48,16,927,3.27155258744061e-12,5.788920700003711e-6,0.00007244321968478555
L48T16beta4.405ms0.021032m0.000760,4.405,241.6,48,16,928,3.2718870477436654e-12,5.789512518145079e-6,0.00007245062576509833
L48T16beta4.405ms0.021032m0.000760,4.405,241.6,48,16,929,3.271657638544606e-12,5.789106584990801e-6,0.00007244554587090101
L48T16beta4.405ms0.021032m0.000760,4.405,241.6,48,16,930,3.2718693245189213e-12,5.789481157395145e-6,0.00007245023331306545
L48T16beta4.405ms0.021032m0.000760,4.405,241.6,48,16,931,3.2719564766785414e-12,5.789635370701332e-6,0.00007245216315612211
L48T16beta4.405ms0.021032m0.000760,4.405,241.6,48,16,932,3.2716164456118453e-12,5.789033695249683e-6,0.00007244463372029433
L48T16beta4.405ms0.021032m0.000760,4.405,241.6,48,16,933,3.2719147561501338e-12,5.7895615473944895e-6,0.00007245123932276652
L48T16beta4.405ms0.021032m0.000760,4.405,241.6,48,16,934,3.271878405532679e-12,5.7894972259947206e-6,0.00007245043439736931
L48T16beta4.405ms0.021032m0.000760,4.405,241.6,48,16,935,3.2712991151472497e-12,5.788472187877834e-6,0.00007243760695243872
L48T16beta4.405ms0.021032m0.000760,4.405,241.6,48,16,936,3.2719506507197558e-12,5.789625061830388e-6,0.00007245203414972503
L48T16beta4.405ms0.021032m0.000760,4.405,241.6,48,16,937,3.271826997567863e-12,5.7894062610404015e-6,0.00007244929605146498
L48T16beta4.405ms0.021032m0.000760,4.405,241.6,48,16,938,3.271127280815788e-12,5.788168131839674e-6,0.00007243380196019399
L48T16beta4.405ms0.021032m0.000760,4.405,241.6,48,16,939,3.2719507596693686e-12,5.789625254613677e-6,0.00007245203656223729
L48T16beta4.405ms0.021032m0.000760,4.405,241.6,48,16,940,3.2718512935829893e-12,5.789449252158879e-6,0.00007244983404726796
L48T16beta4.405ms0.021032m0.000760,4.405,241.6,48,16,941,3.2715178301185986e-12,5.788859197895617e-6,0.00007244245004032873
L48T16beta4.405ms0.021032m0.000760,4.405,241.6,48,16,942,3.2717652495012828e-12,5.789296999565534e-6,0.00007244792874079741
L48T16beta4.405ms0.021032m0.000760,4.405,241.6,48,16,943,3.2719530048228395e-12,5.7896292273498795e-6,0.0000724520862775152
L48T16beta4.405ms0.021032m0.000760,4.405,241.6,48,16,944,3.2717988395986578e-12,5.789356436302316e-6,0.00007244867253896
L48T16beta4.405ms0.021032m0.000760,4.405,241.6,48,16,945,3.271851077192541e-12,5.78944886926204e-6,0.00007244982925565286
L48T16beta4.405ms0.021032m0.000760,4.405,241.6,48,16,946,3.271941228854646e-12,5.789608390103888e-6,0.00007245182551782145
L48T16beta4.405ms0.021032m0.000760,4.405,241.6,48,16,947,3.2718988441332938e-12,5.789533391526228e-6,0.00007245088697699162
L48T16beta4.405ms0.021032m0.000760,4.405,241.6,48,16,948,3.2715283596381055e-12,5.788877829585558e-6,0.00007244268319944032
L48T16beta4.405ms0.021032m0.000760,4.405,241.6,48,16,949,3.2714377968341488e-12,5.788717581239715e-6,0.00007244067783320306
L48T16beta4.405ms0.021032m0.000760,4.405,241.6,48,16,950,3.271318084383929e-12,5.788505753411e-6,0.00007243802699538263
L48T16beta4.405ms0.021032m0.000760,4.405,241.6,48,16,951,3.2712367445908627e-12,5.788361824924683e-6,0.00007243622585774517
L48T16beta4.405ms0.021032m0.000760,4.405,241.6,48,16,952,3.271105553136907e-12,5.788129685320269e-6,0.00007243332083602668
L48T16beta4.405ms0.021032m0.000760,4.405,241.6,48,16,953,3.2719304538279334e-12,5.789589323995821e-6,0.00007245158692235143
L48T16beta4.405ms0.021032m0.000760,4.405,241.6,48,16,954,3.2717461213532816e-12,5.789263152843234e-6,0.0000724475051790203
L48T16beta4.405ms0.021032m0.000760,4.405,241.6,48,16,955,3.2715148260500767e-12,5.788853882280481e-6,0.00007244238352010934
L48T16beta4.405ms0.021032m0.000760,4.405,241.6,48,16,956,3.271417812944643e-12,5.788682220306783e-6,0.0000724402353224199
L48T16beta4.405ms0.021032m0.000760,4.405,241.6,48,16,957,3.271282770137755e-12,5.7884432658411936e-6,0.00007243724501874458
L48T16beta4.405ms0.021032m0.000760,4.405,241.6,48,16,958,3.2716552164009538e-12,5.7891022990754284e-6,0.00007244549223646292
L48T16beta4.405ms0.021032m0.000760,4.405,241.6,48,16,959,3.270767356306823e-12,5.787531255498947e-6,0.00007242583201639024
L48T16beta4.405ms0.021032m0.000760,4.405,241.6,48,16,960,3.2707492605596358e-12,5.78749923558098e-6,0.00007242543131545274
L48T16beta4.405ms0.021032m0.000760,4.405,241.6,48,16,961,3.270969701228266e-12,5.787889299171782e-6,0.00007243031261610685
L48T16beta4.405ms0.021032m0.000760,4.405,241.6,48,16,962,3.271093325647213e-12,5.788108049119625e-6,0.00007243305007812246
L48T16beta4.405ms0.021032m0.000760,4.405,241.6,48,16,963,3.2712618692159697e-12,5.78840628224532e-6,0.00007243678220177068
L48T16beta4.405ms0.021032m0.000760,4.405,241.6,48,16,964,3.2717438725337462e-12,5.789259173620033e-6,0.00007244745538256333
L48T16beta4.405ms0.021032m0.000760,4.405,241.6,48,16,965,3.270588638045955e-12,5.787215018540452e-6,0.00007242187459070696
L48T16beta4.405ms0.021032m0.000760,4.405,241.6,48,16,966,3.2711259976270476e-12,5.788165861273127e-6,0.00007243377354606297
L48T16beta4.405ms0.021032m0.000760,4.405,241.6,48,16,967,3.263600955878084e-12,5.774850510599505e-6,0.00007226714371573406
L48T16beta4.405ms0.021032m0.000760,4.405,241.6,48,16,968,3.2714205985713086e-12,5.7886871493951705e-6,0.0000724402970055991
L48T16beta4.405ms0.021032m0.000760,4.405,241.6,48,16,969,3.271892977583101e-12,5.789523010829925e-6,0.00007245075707176374
L48T16beta4.405ms0.021032m0.000760,4.405,241.6,48,16,970,3.2718409311010266e-12,5.789430916037196e-6,0.00007244960458693155
L48T16beta4.405ms0.021032m0.000760,4.405,241.6,48,16,971,3.2719552972645717e-12,5.789633283761336e-6,0.00007245213703991489
L48T16beta4.405ms0.021032m0.000760,4.405,241.6,48,16,972,3.2719499605070178e-12,5.789623840518274e-6,0.00007245201886608471
L48T16beta4.405ms0.021032m0.000760,4.405,241.6,48,16,973,3.271922240850893e-12,5.789574791362911e-6,0.00007245140505931114
L48T16beta4.405ms0.021032m0.000760,4.405,241.6,48,16,974,3.2713371811123018e-12,5.788539544537147e-6,0.00007243844986142308
L48T16beta4.405ms0.021032m0.000760,4.405,241.6,48,16,975,3.271771550407324e-12,5.789308148842348e-6,0.00007244806826413024
L48T16beta4.405ms0.021032m0.000760,4.405,241.6,48,16,976,3.27157466235006e-12,5.788959760937885e-6,0.00007244370849780998
L48T16beta4.405ms0.021032m0.000760,4.405,241.6,48,16,977,3.2714675180688325e-12,5.788770172132293e-6,0.00007244133596168365
L48T16beta4.405ms0.021032m0.000760,4.405,241.6,48,16,978,3.270787142400901e-12,5.787566266438407e-6,0.00007242627014731482
L48T16beta4.405ms0.021032m0.000760,4.405,241.6,48,16,979,3.2717008551714265e-12,5.7891830556018944e-6,0.00007244650283292657
L48T16beta4.405ms0.021032m0.000760,4.405,241.6,48,16,980,3.2714898101363545e-12,5.7888096173215955e-6,0.00007244182958332094
L48T16beta4.405ms0.021032m0.000760,4.405,241.6,48,16,981,3.271307399592695e-12,5.788486846972085e-6,0.00007243779039803078
L48T16beta4.405ms0.021032m0.000760,4.405,241.6,48,16,982,3.271472743785661e-12,5.788779418891901e-6,0.00007244145167669726
L48T16beta4.405ms0.021032m0.000760,4.405,241.6,48,16,983,3.271821970797898e-12,5.789397366311698e-6,0.00007244918474180661
L48T16beta4.405ms0.021032m0.000760,4.405,241.6,48,16,984,3.27151476621514e-12,5.788853776404236e-6,0.00007244238219516183
L48T16beta4.405ms0.021032m0.000760,4.405,241.6,48,16,985,3.271373475600589e-12,5.788603766617925e-6,0.00007243925354393102
L48T16beta4.405ms0.021032m0.000760,4.405,241.6,48,16,986,3.271682538825096e-12,5.78915064533992e-6,0.00007244609724717925
L48T16beta4.405ms0.021032m0.000760,4.405,241.6,48,16,987,3.271404502258628e-12,5.788658667420579e-6,0.00007243994057889205
L48T16beta4.405ms0.021032m0.000760,4.405,241.6,48,16,988,3.2719233245633746e-12,5.789576708961804e-6,0.00007245142905636432
L48T16beta4.405ms0.021032m0.000760,4.405,241.6,48,16,989,3.2719686173341233e-12,5.789656853251446e-6,0.0000724524319912259
L48T16beta4.405ms0.021032m0.000760,4.405,241.6,48,16,990,3.271941441698144e-12,5.789608766724498e-6,0.00007245183023089509
L48T16beta4.405ms0.021032m0.000760,4.405,241.6,48,16,991,3.27185999472894e-12,5.789464648593007e-6,0.00007245002672001608
L48T16beta4.405ms0.021032m0.000760,4.405,241.6,48,16,992,3.271908159298722e-12,5.789549874450628e-6,0.00007245109324620401
L48T16beta4.405ms0.021032m0.000760,4.405,241.6,48,16,993,3.271896014077103e-12,5.7895283838210396e-6,0.00007245082430999274
L48T16beta4.405ms0.021032m0.000760,4.405,241.6,48,16,994,3.2719528601125544e-12,5.789628971289082e-6,0.00007245208307314093
L48T16beta4.405ms0.021032m0.000760,4.405,241.6,48,16,995,3.271845041593101e-12,5.7894381894378275e-6,0.0000724496956071039
L48T16beta4.405ms0.021032m0.000760,4.405,241.6,48,16,996,3.270520095081072e-12,5.787093733683295e-6,0.00007242035681805004
L48T16beta4.405ms0.021032m0.000760,4.405,241.6,48,16,997,3.2719414086109194e-12,5.789608708177581e-6,0.00007245182949823222
L48T16beta4.405ms0.021032m0.000760,4.405,241.6,48,16,998,3.2718740564023066e-12,5.789489530330302e-6,0.00007245033809293936
L48T16beta4.405ms0.021032m0.000760,4.405,241.6,48,16,999,3.2719239538956195e-12,5.78957782254759e-6,0.00007245144299190496
L48T16beta4.405ms0.021032m0.000760,4.405,241.6,48,16,1000,3.2653907625286606e-12,5.778017523353114e-6,0.00007230677607771374
L48T16beta4.405ms0.021032m0.000760,4.405,241.6,48,16,1001,3.271914211097667e-12,5.789560582939411e-6,0.00007245122725346472
L48T16beta4.405ms0.021032m0.000760,4.405,241.6,48,16,1002,3.2718018600122686e-12,5.789361780839629e-6,0.00007244873942111484
L48T16beta4.405ms0.021032m0.000760,4.405,241.6,48,16,1003,3.2716481168619574e-12,5.7890897366399616e-6,0.00007244533502870012
L48T16beta4.405ms0.021032m0.000760,4.405,241.6,48,16,1004,3.2719453821086494e-12,5.789615739170556e-6,0.00007245191748488727
L48T16beta4.405ms0.021032m0.000760,4.405,241.6,48,16,1005,3.271756839747901e-12,5.789282118742398e-6,0.00007244774252046455
L48T16beta4.405ms0.021032m0.000760,4.405,241.6,48,16,1006,3.2717760329056807e-12,5.789316080497681e-6,0.00007244816752177764
L48T16beta4.405ms0.021032m0.000760,4.405,241.6,48,16,1007,3.27193344654092e-12,5.7895946195176545e-6,0.00007245165319112093
L48T16beta4.405ms0.021032m0.000760,4.405,241.6,48,16,1008,3.271928691787645e-12,5.7895862061148676e-6,0.00007245154790483046
L48T16beta4.405ms0.021032m0.000760,4.405,241.6,48,16,1009,3.271947535292871e-12,5.789619549169747e-6,0.00007245196516365551
L48T16beta4.405ms0.021032m0.000760,4.405,241.6,48,16,1010,3.2717370969451476e-12,5.789247184405724e-6,0.00007244730534815605
L48T16beta4.405ms0.021032m0.000760,4.405,241.6,48,16,1011,3.2719095535811275e-12,5.789552341594305e-6,0.00007245112412032384
L48T16beta4.405ms0.021032m0.000760,4.405,241.6,48,16,1012,3.2719422110158182e-12,5.789610128010582e-6,0.00007245184726618575
L48T16beta4.405ms0.021032m0.000760,4.405,241.6,48,16,1013,3.2717512556567263e-12,5.789272237849419e-6,0.00007244761886983298
L48T16beta4.405ms0.021032m0.000760,4.405,241.6,48,16,1014,3.271892746978381e-12,5.78952260278133e-6,0.00007245075196539667
L48T16beta4.405ms0.021032m0.000760,4.405,241.6,48,16,1015,3.2718987926231027e-12,5.789533300380387e-6,0.00007245088583638208
L48T16beta4.405ms0.021032m0.000760,4.405,241.6,48,16,1016,3.2719014439950462e-12,5.7895379919088025e-6,0.00007245094454670847
L48T16beta4.405ms0.021032m0.000760,4.405,241.6,48,16,1017,3.2715898225060453e-12,5.788986586409417e-6,0.00007244404419484714
L48T16beta4.405ms0.021032m0.000760,4.405,241.6,48,16,1018,3.2716596740838923e-12,5.789110186820573e-6,0.00007244559094461319
L48T16beta4.405ms0.021032m0.000760,4.405,241.6,48,16,1019,3.2718547675562735e-12,5.7894553992573344e-6,0.00007244991097276528
L48T16beta4.405ms0.021032m0.000760,4.405,241.6,48,16,1020,3.271434907300363e-12,5.788712468290588e-6,0.00007244061384916942
L48T16beta4.405ms0.021032m0.000760,4.405,241.6,48,16,1021,3.2718446850584046e-12,5.789437558559665e-6,0.00007244968771222199
L48T16beta4.405ms0.021032m0.000760,4.405,241.6,48,16,1022,3.2716214847431975e-12,5.789042611851515e-6,0.00007244474530367556
L48T16beta4.405ms0.021032m0.000760,4.405,241.6,48,16,1023,3.2719569571976854e-12,5.789636220966503e-6,0.00007245217379643829
L48T16beta4.405ms0.021032m0.000760,4.405,241.6,48,16,1024,3.271685596561096e-12,5.789156055918156e-6,0.00007244616495577781
L48T16beta4.405ms0.021032m0.000760,4.405,241.6,48,16,1025,3.271739515965366e-12,5.789251464794268e-6,0.00007244735891343076
L48T16beta4.405ms0.021032m0.000760,4.405,241.6,48,16,1026,3.2715409017740695e-12,5.788900022543966e-6,0.00007244296092467528
L48T16beta4.405ms0.021032m0.000760,4.405,241.6,48,16,1027,3.2719500368061575e-12,5.789623975527465e-6,0.00007245202055560526
L48T16beta4.405ms0.021032m0.000760,4.405,241.6,48,16,1028,3.2718904689891487e-12,5.789518571943167e-6,0.00007245070152302413
L48T16beta4.405ms0.021032m0.000760,4.405,241.6,48,16,1029,3.2719369992750333e-12,5.789600905981192e-6,0.00007245173186064892
L48T16beta4.405ms0.021032m0.000760,4.405,241.6,48,16,1030,3.2719059273801407e-12,5.789545925133192e-6,0.00007245104382399123
L48T16beta4.405ms0.021032m0.000760,4.405,241.6,48,16,1031,3.271679424642291e-12,5.789145134880644e-6,0.00007244602828865788
L48T16beta4.405ms0.021032m0.000760,4.405,241.6,48,16,1032,3.271906193705828e-12,5.789546396389039e-6,0.00007245104972134113
L48T16beta4.405ms0.021032m0.000760,4.405,241.6,48,16,1033,3.2718460559018204e-12,5.789439984228706e-6,0.00007244971806732344
L48T16beta4.405ms0.021032m0.000760,4.405,241.6,48,16,1034,3.2719582325116666e-12,5.789638477598884e-6,0.00007245220203619553
L48T16beta4.405ms0.021032m0.000760,4.405,241.6,48,16,1035,3.271885676714961e-12,5.789510092148176e-6,0.00007245059540589398
L48T16beta4.405ms0.021032m0.000760,4.405,241.6,48,16,1036,3.2719511123924167e-12,5.789625878747234e-6,0.00007245204437271644
L48T16beta4.405ms0.021032m0.000760,4.405,241.6,48,16,1037,3.271364223221478e-12,5.788587394792155e-6,0.00007243904866501969
L48T16beta4.405ms0.021032m0.000760,4.405,241.6,48,16,1038,3.2707519484069357e-12,5.787503991651517e-6,0.00007242549083346666
L48T16beta4.405ms0.021032m0.000760,4.405,241.6,48,16,1039,3.27103411620455e-12,5.788003279668698e-6,0.00007243173898115929
L48T16beta4.405ms0.021032m0.000760,4.405,241.6,48,16,1040,3.270837061136212e-12,5.787654596242815e-6,0.00007242737551664999
L48T16beta4.405ms0.021032m0.000760,4.405,241.6,48,16,1041,3.2714724685925974e-12,5.7887789319454805e-6,0.00007244144558299373
L48T16beta4.405ms0.021032m0.000760,4.405,241.6,48,16,1042,3.2717636551205783e-12,5.78929417835352e-6,0.00007244789343582565
L48T16beta4.405ms0.021032m0.000760,4.405,241.6,48,16,1043,3.271560661596891e-12,5.788934986997174e-6,0.00007244339847386554
L48T16beta4.405ms0.021032m0.000760,4.405,241.6,48,16,1044,3.271935680881486e-12,5.7895985731207245e-6,0.00007245170266696464
L48T16beta4.405ms0.021032m0.000760,4.405,241.6,48,16,1045,3.271934098173954e-12,5.789595772564063e-6,0.00007245166762047635
L48T16beta4.405ms0.021032m0.000760,4.405,241.6,48,16,1046,3.271917899846743e-12,5.789567110077616e-6,0.00007245130893482319
L48T16beta4.405ms0.021032m0.000760,4.405,241.6,48,16,1047,3.271951827288224e-12,5.789627143735349e-6,0.00007245206020292323
L48T16beta4.405ms0.021032m0.000760,4.405,241.6,48,16,1048,3.2719398070172e-12,5.789605874202339e-6,0.00007245179403353997
L48T16beta4.405ms0.021032m0.000760,4.405,241.6,48,16,1049,3.2713980384178587e-12,5.788647229835325e-6,0.00007243979744763424
L48T16beta4.405ms0.021032m0.000760,4.405,241.6,48,16,1050,3.271956239151974e-12,5.789634950404722e-6,0.00007245215789648197
L48T16beta4.405ms0.021032m0.000760,4.405,241.6,48,16,1051,3.2684306852272854e-12,5.783396581450495e-6,0.00007237409022963252
L48T16beta4.405ms0.021032m0.000760,4.405,241.6,48,16,1052,3.271668655280111e-12,5.789126078795809e-6,0.00007244578981861974
L48T16beta4.405ms0.021032m0.000760,4.405,241.6,48,16,1053,3.271850824141448e-12,5.789448421495216e-6,0.00007244982365224731
L48T16beta4.405ms0.021032m0.000760,4.405,241.6,48,16,1054,3.2718013817959954e-12,5.7893609346493236e-6,0.00007244872883179199
L48T16beta4.405ms0.021032m0.000760,4.405,241.6,48,16,1055,3.2718126961312326e-12,5.789380955048724e-6,0.00007244897936937356
L48T16beta4.405ms0.021032m0.000760,4.405,241.6,48,16,1056,3.2719528393337775e-12,5.789628934521618e-6,0.00007245208261302866
L48T16beta4.405ms0.021032m0.000760,4.405,241.6,48,16,1057,3.2717700097735068e-12,5.789305422733947e-6,0.00007244803414929606
L48T16beta4.405ms0.021032m0.000760,4.405,241.6,48,16,1058,3.2717679763120982e-12,5.789301824580921e-6,0.00007244798912159509
L48T16beta4.405ms0.021032m0.000760,4.405,241.6,48,16,1059,3.2719549621174573e-12,5.789632690727901e-6,0.00007245212961862625
L48T16beta4.405ms0.021032m0.000760,4.405,241.6,48,16,1060,3.2719065241810265e-12,5.789546981155649e-6,0.00007245105703917777
L48T16beta4.405ms0.021032m0.000760,4.405,241.6,48,16,1061,3.271950180867933e-12,5.789624230440743e-6,0.00007245202374561935
L48T16beta4.405ms0.021032m0.000760,4.405,241.6,48,16,1062,3.271583009780346e-12,5.788974531482048e-6,0.00007244389333809905
L48T16beta4.405ms0.021032m0.000760,4.405,241.6,48,16,1063,3.2718521500788827e-12,5.789450767704381e-6,0.00007244985301297874
L48T16beta4.405ms0.021032m0.000760,4.405,241.6,48,16,1064,3.271935728513854e-12,5.789598657404867e-6,0.00007245170372170609
L48T16beta4.405ms0.021032m0.000760,4.405,241.6,48,16,1065,3.2719190443073688e-12,5.7895691351686485e-6,0.00007245133427704536
L48T16beta4.405ms0.021032m0.000760,4.405,241.6,48,16,1066,3.2719499183803635e-12,5.789623765976339e-6,0.00007245201793325836
L48T16beta4.405ms0.021032m0.000760,4.405,241.6,48,16,1067,3.2719395961854054e-12,5.789605501141382e-6,0.00007245178936501224
L48T16beta4.405ms0.021032m0.000760,4.405,241.6,48,16,1068,3.2719381329756937e-12,5.789602912032767e-6,0.00007245175696460915
L48T16beta4.405ms0.021032m0.000760,4.405,241.6,48,16,1069,3.27195610334877e-12,5.789634710104755e-6,0.00007245215488934053
L48T16beta4.405ms0.021032m0.000760,4.405,241.6,48,16,1070,3.2719362806866916e-12,5.7895996344592415e-6,0.00007245171594867696
L48T16beta4.405ms0.021032m0.000760,4.405,241.6,48,16,1071,3.2718639575858186e-12,5.7894716607572935e-6,0.00007245011447104674
L48T16beta4.405ms0.021032m0.000760,4.405,241.6,48,16,1072,3.271950793378633e-12,5.789625314261276e-6,0.00007245203730867422
L48T16beta4.405ms0.021032m0.000760,4.405,241.6,48,16,1073,3.2716182675267753e-12,5.789036919077138e-6,0.00007244467406364203
L48T16beta4.405ms0.021032m0.000760,4.405,241.6,48,16,1074,3.2716773451367008e-12,5.789141455253728e-6,0.00007244598224138328
L48T16beta4.405ms0.021032m0.000760,4.405,241.6,48,16,1075,3.2719546068533104e-12,5.789632062097941e-6,0.0000724521217518786
L48T16beta4.405ms0.021032m0.000760,4.405,241.6,48,16,1076,3.271249037474147e-12,5.788383576837454e-6,0.00007243649806368424
L48T16beta4.405ms0.021032m0.000760,4.405,241.6,48,16,1077,3.2710733377078308e-12,5.788072681020551e-6,0.00007243260747766137
L48T16beta4.405ms0.021032m0.000760,4.405,241.6,48,16,1078,3.271260949430833e-12,5.788404654711275e-6,0.00007243676183462236
L48T16beta4.405ms0.021032m0.000760,4.405,241.6,48,16,1079,3.2717180350907094e-12,5.789213454988028e-6,0.00007244688325434226
L48T16beta4.405ms0.021032m0.000760,4.405,241.6,48,16,1080,3.2719260264264228e-12,5.789581489832815e-6,0.00007245148888473422
L48T16beta4.405ms0.021032m0.000760,4.405,241.6,48,16,1081,3.2719049093524173e-12,5.7895441237616405e-6,0.0000724510212814204
L48T16beta4.405ms0.021032m0.000760,4.405,241.6,48,16,1082,3.2719350998698236e-12,5.789597545036856e-6,0.00007245168980140481
L48T16beta4.405ms0.021032m0.000760,4.405,241.6,48,16,1083,3.27172336266325e-12,5.789222881978466e-6,0.00007244700122478523
L48T16beta4.405ms0.021032m0.000760,4.405,241.6,48,16,1084,3.271837014248625e-12,5.789423985276543e-6,0.00007244951785459532
L48T16beta4.405ms0.021032m0.000760,4.405,241.6,48,16,1085,3.2714480662483664e-12,5.788735752680629e-6,0.00007244090523270538
L48T16beta4.405ms0.021032m0.000760,4.405,241.6,48,16,1086,3.271908397182631e-12,5.789550295379545e-6,0.00007245109851375691
L48T16beta4.405ms0.021032m0.000760,4.405,241.6,48,16,1087,3.2719583902186135e-12,5.7896387566569105e-6,0.0000724522055283598
L48T16beta4.405ms0.021032m0.000760,4.405,241.6,48,16,1088,3.271698134620714e-12,5.789178241663584e-6,0.0000724464425907487
L48T16beta4.405ms0.021032m0.000760,4.405,241.6,48,16,1089,3.2718039363150154e-12,5.789365454799203e-6,0.00007244878539746765
L48T16beta4.405ms0.021032m0.000760,4.405,241.6,48,16,1090,3.2717025623928015e-12,5.789186076482315e-6,0.00007244654063657173
L48T16beta4.405ms0.021032m0.000760,4.405,241.6,48,16,1091,3.2714124566259218e-12,5.788672742450783e-6,0.00007244011671543943
L48T16beta4.405ms0.021032m0.000760,4.405,241.6,48,16,1092,3.2716999701675804e-12,5.789181489612369e-6,0.00007244648323595347
L48T16beta4.405ms0.021032m0.000760,4.405,241.6,48,16,1093,3.2717078791789067e-12,5.7891954843864585e-6,0.0000724466583681666
L48T16beta4.405ms0.021032m0.000760,4.405,241.6,48,16,1094,3.271686713016695e-12,5.789158031455077e-6,0.00007244618967787415
L48T16beta4.405ms0.021032m0.000760,4.405,241.6,48,16,1095,3.271720583296687e-12,5.789217963967155e-6,0.00007244693968022583
L48T16beta4.405ms0.021032m0.000760,4.405,241.6,48,16,1096,3.2716975931813722e-12,5.789177283601829e-6,0.00007244643060145365
L48T16beta4.405ms0.021032m0.000760,4.405,241.6,48,16,1097,3.2716247616886773e-12,5.789048410314787e-6,0.0000724448178663121
L48T16beta4.405ms0.021032m0.000760,4.405,241.6,48,16,1098,3.2719494724307517e-12,5.789622976880987e-6,0.00007245200805842833
L48T16beta4.405ms0.021032m0.000760,4.405,241.6,48,16,1099,3.2713396017868812e-12,5.788543827853036e-6,0.00007243850346333093
L48T16beta4.405ms0.021032m0.000760,4.405,241.6,48,16,1100,3.2719179514231086e-12,5.789567201340551e-6,0.00007245131007689805
L48T16beta4.405ms0.021032m0.000760,4.405,241.6,48,16,1101,3.2715602240514342e-12,5.7889342127727395e-6,0.0000724433887851319
L48T16beta4.405ms0.021032m0.000760,4.405,241.6,48,16,1102,3.2717161130273683e-12,5.7892100539507635e-6,0.00007244684069337062
L48T16beta4.405ms0.021032m0.000760,4.405,241.6,48,16,1103,3.271949945485418e-12,5.789623813937973e-6,0.00007245201853345577
L48T16beta4.405ms0.021032m0.000760,4.405,241.6,48,16,1104,3.2718642093266575e-12,5.789472106205659e-6,0.00007245012004543884
L48T16beta4.405ms0.021032m0.000760,4.405,241.6,48,16,1105,3.2719179204269967e-12,5.789567146493799e-6,0.00007245130939053949
L48T16beta4.405ms0.021032m0.000760,4.405,241.6,48,16,1106,3.271894975350012e-12,5.789526545822536e-6,0.000072450801309068
L48T16beta4.405ms0.021032m0.000760,4.405,241.6,48,16,1107,3.2719366689454188e-12,5.789600321472188e-6,0.000072451724546036
L48T16beta4.405ms0.021032m0.000760,4.405,241.6,48,16,1108,3.2719056547678806e-12,5.789545442753431e-6,0.0000724510377874354
L48T16beta4.405ms0.021032m0.000760,4.405,241.6,48,16,1109,3.2719414983037676e-12,5.789608866886564e-6,0.0000724518314843347
L48T16beta4.405ms0.021032m0.000760,4.405,241.6,48,16,1110,3.271770906649049e-12,5.789307009730106e-6,0.00007244805400914858
L48T16beta4.405ms0.021032m0.000760,4.405,241.6,48,16,1111,3.2718471106166584e-12,5.78944185051708e-6,0.00007244974142227089
L48T16beta4.405ms0.021032m0.000760,4.405,241.6,48,16,1112,3.271938791067354e-12,5.789604076507533e-6,0.00007245177153698036
L48T16beta4.405ms0.021032m0.000760,4.405,241.6,48,16,1113,3.2718902098367715e-12,5.789518113380292e-6,0.00007245069578451556
L48T16beta4.405ms0.021032m0.000760,4.405,241.6,48,16,1114,3.2717918938755507e-12,5.7893441460397585e-6,0.00007244851873720028
L48T16beta4.405ms0.021032m0.000760,4.405,241.6,48,16,1115,3.271867556059711e-12,5.789478028156089e-6,0.00007245019415340787
L48T16beta4.405ms0.021032m0.000760,4.405,241.6,48,16,1116,3.2712952506256023e-12,5.788465349714986e-6,0.00007243752137888207
L48T16beta4.405ms0.021032m0.000760,4.405,241.6,48,16,1117,3.271752653764015e-12,5.789274711761119e-6,0.00007244764982864863
L48T16beta4.405ms0.021032m0.000760,4.405,241.6,48,16,1118,3.2719583890142385e-12,5.789638754525803e-6,0.00007245220550169085
L48T16beta4.405ms0.021032m0.000760,4.405,241.6,48,16,1119,3.2719468170618714e-12,5.789618278280104e-6,0.00007245194925959629
L48T16beta4.405ms0.021032m0.000760,4.405,241.6,48,16,1120,3.271893086744472e-12,5.789523203987915e-6,0.00007245075948896504
L48T16beta4.405ms0.021032m0.000760,4.405,241.6,48,16,1121,3.2718424482429142e-12,5.789433600577286e-6,0.0000724496381815751
L48T16beta4.405ms0.021032m0.000760,4.405,241.6,48,16,1122,3.2719589221288346e-12,5.789639697857153e-6,0.00007245221730664793
L48T16beta4.405ms0.021032m0.000760,4.405,241.6,48,16,1123,3.271938796017203e-12,5.789604085266152e-6,0.00007245177164658672
L48T16beta4.405ms0.021032m0.000760,4.405,241.6,48,16,1124,3.271824215421973e-12,5.78940133811115e-6,0.00007244923444536192
L48T16beta4.405ms0.021032m0.000760,4.405,241.6,48,16,1125,3.2719609309204086e-12,5.789643252357597e-6,0.00007245226178807543
L48T16beta4.405ms0.021032m0.000760,4.405,241.6,48,16,1126,3.2719148134704415e-12,5.789561648821169e-6,0.00007245124059203166
L48T16beta4.405ms0.021032m0.000760,4.405,241.6,48,16,1127,3.2719508274320044e-12,5.789625374517764e-6,0.00007245203806273081
L48T16beta4.405ms0.021032m0.000760,4.405,241.6,48,16,1128,3.2718734885858295e-12,5.789488525594945e-6,0.0000724503255195655
L48T16beta4.405ms0.021032m0.000760,4.405,241.6,48,16,1129,3.2719208275499508e-12,5.7895722905664665e-6,0.00007245137376405671
L48T16beta4.405ms0.021032m0.000760,4.405,241.6,48,16,1130,3.2718123336805405e-12,5.789380313702373e-6,0.00007244897134349152
L48T16beta4.405ms0.021032m0.000760,4.405,241.6,48,16,1131,3.271956869212138e-12,5.78963606527854e-6,0.00007245217184814122
L48T16beta4.405ms0.021032m0.000760,4.405,241.6,48,16,1132,3.2719616762432277e-12,5.789644571185457e-6,0.00007245227829203901
L48T16beta4.405ms0.021032m0.000760,4.405,241.6,48,16,1133,3.2717021830014505e-12,5.7891854051599426e-6,0.00007244653223556632
L48T16beta4.405ms0.021032m0.000760,4.405,241.6,48,16,1134,3.2719506596136017e-12,5.789625077567799e-6,0.0000724520343466648
L48T16beta4.405ms0.021032m0.000760,4.405,241.6,48,16,1135,3.2718740089552267e-12,5.789489446374023e-6,0.00007245033704230082
L48T16beta4.405ms0.021032m0.000760,4.405,241.6,48,16,1136,3.271593406792136e-12,5.7889929287032946e-6,0.00007244412356304242
L48T16beta4.405ms0.021032m0.000760,4.405,241.6,48,16,1137,3.2717830752434833e-12,5.789328541717237e-6,0.0000724483234629129
L48T16beta4.405ms0.021032m0.000760,4.405,241.6,48,16,1138,3.271950176407775e-12,5.789624222548619e-6,0.0000724520236468564
L48T16beta4.405ms0.021032m0.000760,4.405,241.6,48,16,1139,3.271940120710558e-12,5.789606429273952e-6,0.00007245180097977002
L48T16beta4.405ms0.021032m0.000760,4.405,241.6,48,16,1140,3.2714528942170517e-12,5.788744295636035e-6,0.00007244101214023223
L48T16beta4.405ms0.021032m0.000760,4.405,241.6,48,16,1141,3.2718610385911683e-12,5.789466495677992e-6,0.00007245004983465009
L48T16beta4.405ms0.021032m0.000760,4.405,241.6,48,16,1142,3.2718248031304897e-12,5.789402378044914e-6,0.00007244924745921269
L48T16beta4.405ms0.021032m0.000760,4.405,241.6,48,16,1143,3.271848437387891e-12,5.7894441982016265e-6,0.00007244977080146542
L48T16beta4.405ms0.021032m0.000760,4.405,241.6,48,16,1144,3.2719518153635885e-12,5.78962712263504e-6,0.00007245205993887154
L48T16beta4.405ms0.021032m0.000760,4.405,241.6,48,16,1145,3.2719193425688453e-12,5.78956966293398e-6,0.00007245134088156145
L48T16beta4.405ms0.021032m0.000760,4.405,241.6,48,16,1146,3.271957452156094e-12,5.789637096781548e-6,0.00007245218475648853
L48T16beta4.405ms0.021032m0.000760,4.405,241.6,48,16,1147,3.271942336059057e-12,5.789610349271092e-6,0.00007245185003506523
L48T16beta4.405ms0.021032m0.000760,4.405,241.6,48,16,1148,3.2719260850437497e-12,5.789581593554534e-6,0.00007245149018271975
L48T16beta4.405ms0.021032m0.000760,4.405,241.6,48,16,1149,3.271936931935914e-12,5.789600786826506e-6,0.00007245173036953348
L48T16beta4.405ms0.021032m0.000760,4.405,241.6,48,16,1150,3.2719324736309357e-12,5.789592897980679e-6,0.00007245163164760916
L48T16beta4.405ms0.021032m0.000760,4.405,241.6,48,16,1151,3.271967121632757e-12,5.789654206649758e-6,0.00007245239887134789
L48T16beta4.405ms0.021032m0.000760,4.405,241.6,48,16,1152,3.2718821496035943e-12,5.789503851023371e-6,0.00007245051730374009
L48T16beta4.405ms0.021032m0.000760,4.405,241.6,48,16,1153,3.271840802537307e-12,5.789430688547294e-6,0.00007244960174009675
L48T16beta4.405ms0.021032m0.000760,4.405,241.6,48,16,1154,3.2719079312483357e-12,5.789549470921855e-6,0.00007245108819639852
L48T16beta4.405ms0.021032m0.000760,4.405,241.6,48,16,1155,3.271875281728109e-12,5.789491698510001e-6,0.00007245036522578957
L48T16beta4.405ms0.021032m0.000760,4.405,241.6,48,16,1156,3.271829582580069e-12,5.78941083514712e-6,0.00007244935329236273
L48T16beta4.405ms0.021032m0.000760,4.405,241.6,48,16,1157,3.2719779471373395e-12,5.7896733620770024e-6,0.00007245263858456835
L48T16beta4.405ms0.021032m0.000760,4.405,241.6,48,16,1158,3.27144119972284e-12,5.788723602555973e-6,0.0000724407531846475
L48T16beta4.405ms0.021032m0.000760,4.405,241.6,48,16,1159,3.271715320760395e-12,5.789208652056538e-6,0.000072446823149905
L48T16beta4.405ms0.021032m0.000760,4.405,241.6,48,16,1160,3.2718036114117057e-12,5.789364879891894e-6,0.00007244877820301145
L48T16beta4.405ms0.021032m0.000760,4.405,241.6,48,16,1161,3.2717712145455254e-12,5.7893075545443e-6,0.00007244806082701608
L48T16beta4.405ms0.021032m0.000760,4.405,241.6,48,16,1162,3.2713188870932303e-12,5.788507173782632e-6,0.00007243804477007668
L48T16beta4.405ms0.021032m0.000760,4.405,241.6,48,16,1163,3.271541204508939e-12,5.788900558224841e-6,0.00007244296762824737
L48T16beta4.405ms0.021032m0.000760,4.405,241.6,48,16,1164,3.270923857912571e-12,5.787808180708273e-6,0.00007242929749032142
L48T16beta4.405ms0.021032m0.000760,4.405,241.6,48,16,1165,3.2716814976230805e-12,5.7891488029621074e-6,0.00007244607419145134
L48T16beta4.405ms0.021032m0.000760,4.405,241.6,48,16,1166,3.2715954058957707e-12,5.788996466061201e-6,0.00007244416782994627
L48T16beta4.405ms0.021032m0.000760,4.405,241.6,48,16,1167,3.2717459446675028e-12,5.7892628402026955e-6,0.00007244750126660064
L48T16beta4.405ms0.021032m0.000760,4.405,241.6,48,16,1168,3.271954886705055e-12,5.7896325572877674e-6,0.00007245212794874107
L48T16beta4.405ms0.021032m0.000760,4.405,241.6,48,16,1169,3.271720559738583e-12,5.78921792228175e-6,0.0000724469391585699
L48T16beta4.405ms0.021032m0.000760,4.405,241.6,48,16,1170,3.2718076676672016e-12,5.789372057322419e-6,0.00007244886802220283
L48T16beta4.405ms0.021032m0.000760,4.405,241.6,48,16,1171,3.2664820841454167e-12,5.779948586396959e-6,0.0000723309416228231
L48T16beta4.405ms0.021032m0.000760,4.405,241.6,48,16,1172,3.270952592300932e-12,5.7878590254039144e-6,0.00007242993376669261
L48T16beta4.405ms0.021032m0.000760,4.405,241.6,48,16,1173,3.2715478302256453e-12,5.788912282245033e-6,0.00007244311434398496
L48T16beta4.405ms0.021032m0.000760,4.405,241.6,48,16,1174,3.2716433341963e-12,5.789081273846995e-6,0.00007244522912433526
L48T16beta4.405ms0.021032m0.000760,4.405,241.6,48,16,1175,3.2718678405436674e-12,5.789478531542484e-6,0.00007245020045284315
L48T16beta4.405ms0.021032m0.000760,4.405,241.6,48,16,1176,3.2717901353954476e-12,5.789341034458453e-6,0.00007244847979851385
L48T16beta4.405ms0.021032m0.000760,4.405,241.6,48,16,1177,3.2719637015254744e-12,5.789648154865684e-6,0.0000724523231386257
L48T16beta4.405ms0.021032m0.000760,4.405,241.6,48,16,1178,3.2719040544844152e-12,5.789542611096647e-6,0.00007245100235175661
L48T16beta4.405ms0.021032m0.000760,4.405,241.6,48,16,1179,3.2718929102439818e-12,5.789522891675239e-6,0.0000724507555806483
L48T16beta4.405ms0.021032m0.000760,4.405,241.6,48,16,1180,3.2718712612200505e-12,5.789484584333565e-6,0.00007245027619816713
L48T16beta4.405ms0.021032m0.000760,4.405,241.6,48,16,1181,3.2719373128360425e-12,5.789601460818618e-6,0.00007245173880394832
L48T16beta4.405ms0.021032m0.000760,4.405,241.6,48,16,1182,3.271954881437569e-12,5.789632547967098e-6,0.00007245212783210114
L48T16beta4.405ms0.021032m0.000760,4.405,241.6,48,16,1183,3.271893130697541e-12,5.78952328176164e-6,0.00007245076046223439
L48T16beta4.405ms0.021032m0.000760,4.405,241.6,48,16,1184,3.2718424414931204e-12,5.789433588633715e-6,0.0000724496380321119
L48T16beta4.405ms0.021032m0.000760,4.405,241.6,48,16,1185,3.27194511661676e-12,5.7896152693900915e-6,0.00007245191160600049
L48T16beta4.405ms0.021032m0.000760,4.405,241.6,48,16,1186,3.2718798801508657e-12,5.789499835290313e-6,0.00007245046705039456
L48T16beta4.405ms0.021032m0.000760,4.405,241.6,48,16,1187,3.2719372614582003e-12,5.7896013699069646e-6,0.00007245173766626943
L48T16beta4.405ms0.021032m0.000760,4.405,241.6,48,16,1188,3.271946848706493e-12,5.789618334274375e-6,0.00007245194996031504
L48T16beta4.405ms0.021032m0.000760,4.405,241.6,48,16,1189,3.271954708722257e-12,5.78963224235219e-6,0.000072452124007601
L48T16beta4.405ms0.021032m0.000760,4.405,241.6,48,16,1190,3.2719597169898463e-12,5.789641104341457e-6,0.00007245223490755432
L48T16beta4.405ms0.021032m0.000760,4.405,241.6,48,16,1191,3.271802947112882e-12,5.789363704433725e-6,0.00007244876349319268
L48T16beta4.405ms0.021032m0.000760,4.405,241.6,48,16,1192,3.2719547391889735e-12,5.789632296262191e-6,0.00007245212468223698
L48T16beta4.405ms0.021032m0.000760,4.405,241.6,48,16,1193,3.2717134607422173e-12,5.789205360806453e-6,0.00007244678196282274
L48T16beta4.405ms0.021032m0.000760,4.405,241.6,48,16,1194,3.271779828010331e-12,5.789322795829097e-6,0.00007244825155820761
L48T16beta4.405ms0.021032m0.000760,4.405,241.6,48,16,1195,3.2718681838037693e-12,5.789479138931623e-6,0.0000724502080537807
L48T16beta4.405ms0.021032m0.000760,4.405,241.6,48,16,1196,3.2716301911036947e-12,5.789058017512637e-6,0.00007244493809189134
L48T16beta4.405ms0.021032m0.000760,4.405,241.6,48,16,1197,3.2717690198434544e-12,5.789303671080437e-6,0.00007244801222890248
L48T16beta4.405ms0.021032m0.000760,4.405,241.6,48,16,1198,3.271895649072077e-12,5.7895277379548665e-6,0.00007245081622754914
L48T16beta4.405ms0.021032m0.000760,4.405,241.6,48,16,1199,3.271900193165611e-12,5.78953577860114e-6,0.00007245091684912173
L48T16beta4.405ms0.021032m0.000760,4.405,241.6,48,16,1200,3.2718578724878906e-12,5.789460893346893e-6,0.00007244997972643415
L48T16beta4.405ms0.021032m0.000760,4.405,241.6,48,16,1201,3.2719605545069077e-12,5.789642586304447e-6,0.00007245225345300968
L48T16beta4.405ms0.021032m0.000760,4.405,241.6,48,16,1202,3.2714462307676743e-12,5.788732504848938e-6,0.00007244086458896592
L48T16beta4.405ms0.021032m0.000760,4.405,241.6,48,16,1203,3.2718817974364116e-12,5.789503227873402e-6,0.00007245050950556969
L48T16beta4.405ms0.021032m0.000760,4.405,241.6,48,16,1204,3.271836807546116e-12,5.789423619522241e-6,0.00007244951327750391
L48T16beta4.405ms0.021032m0.000760,4.405,241.6,48,16,1205,3.271812417430923e-12,5.7893804618963304e-6,0.00007244897319800774
L48T16beta4.405ms0.021032m0.000760,4.405,241.6,48,16,1206,3.2717134095364287e-12,5.789205270199244e-6,0.0000724467808289537
L48T16beta4.405ms0.021032m0.000760,4.405,241.6,48,16,1207,3.271913090353964e-12,5.789558599814809e-6,0.00007245120243641527
L48T16beta4.405ms0.021032m0.000760,4.405,241.6,48,16,1208,3.271810094125428e-12,5.789376350872309e-6,0.00007244892175218017
L48T16beta4.405ms0.021032m0.000760,4.405,241.6,48,16,1209,3.2719148921518613e-12,5.789561788045738e-6,0.00007245124233430395
L48T16beta4.405ms0.021032m0.000760,4.405,241.6,48,16,1210,3.2719571774527215e-12,5.789636610701622e-6,0.00007245217867362841
L48T16beta4.405ms0.021032m0.000760,4.405,241.6,48,16,1211,3.271927792000427e-12,5.789584613966579e-6,0.0000724515279805036
L48T16beta4.405ms0.021032m0.000760,4.405,241.6,48,16,1212,3.2717705086891476e-12,5.789306305551203e-6,0.00007244804519697277
L48T16beta4.405ms0.021032m0.000760,4.405,241.6,48,16,1213,3.2719423896603607e-12,5.789610444117098e-6,0.00007245185122197907
L48T16beta4.405ms0.021032m0.000760,4.405,241.6,48,16,1214,3.27193897410588e-12,5.78960440038908e-6,0.0000724517755900713
L48T16beta4.405ms0.021032m0.000760,4.405,241.6,48,16,1215,3.268336704115991e-12,5.7832302845055306e-6,0.00007237200917052993
L48T16beta4.405ms0.021032m0.000760,4.405,241.6,48,16,1216,3.2719550245729023e-12,5.7896328012410625e-6,0.00007245213100160067
L48T16beta4.405ms0.021032m0.000760,4.405,241.6,48,16,1217,3.2719298075417947e-12,5.7895881804105945e-6,0.00007245157261139434
L48T16beta4.405ms0.021032m0.000760,4.405,241.6,48,16,1218,3.271931178914606e-12,5.789590607016386e-6,0.00007245160297821838
L48T16beta4.405ms0.021032m0.000760,4.405,241.6,48,16,1219,3.27179604159737e-12,5.789351485317382e-6,0.0000724486105817649
L48T16beta4.405ms0.021032m0.000760,4.405,241.6,48,16,1220,3.271423188612773e-12,5.78869173240102e-6,0.00007244035435786161
L48T16beta4.405ms0.021032m0.000760,4.405,241.6,48,16,1221,3.2712654580548625e-12,5.788412632595254e-6,0.00007243686167078038
L48T16beta4.405ms0.021032m0.000760,4.405,241.6,48,16,1222,3.2693609367396226e-12,5.785042635454533e-6,0.000072394689138826
L48T16beta4.405ms0.021032m0.000760,4.405,241.6,48,16,1223,3.2714746533023266e-12,5.7887827977281744e-6,0.00007244149395984313
L48T16beta4.405ms0.021032m0.000760,4.405,241.6,48,16,1224,3.2718675907086527e-12,5.789478089466421e-6,0.00007245019492065241
L48T16beta4.405ms0.021032m0.000760,4.405,241.6,48,16,1225,3.2718971962571647e-12,5.789530475655558e-6,0.00007245085048745058
L48T16beta4.405ms0.021032m0.000760,4.405,241.6,48,16,1226,3.2719058391431304e-12,5.789545769000273e-6,0.00007245104187012593
L48T16beta4.405ms0.021032m0.000760,4.405,241.6,48,16,1227,3.2718293108677814e-12,5.789410354359835e-6,0.00007244934727573533
L48T16beta4.405ms0.021032m0.000760,4.405,241.6,48,16,1228,3.2718200519903397e-12,5.78939397103545e-6,0.000072449142252929
L48T16beta4.405ms0.021032m0.000760,4.405,241.6,48,16,1229,3.2717839197485666e-12,5.789330036045336e-6,0.00007244834216310664
L48T16beta4.405ms0.021032m0.000760,4.405,241.6,48,16,1230,3.271760320113637e-12,5.789288277152117e-6,0.00007244781958751235
L48T16beta4.405ms0.021032m0.000760,4.405,241.6,48,16,1231,3.271779037755061e-12,5.7893213974945235e-6,0.00007244823405928788
L48T16beta4.405ms0.021032m0.000760,4.405,241.6,48,16,1232,3.2719271645210665e-12,5.789583503659421e-6,0.00007245151408599207
L48T16beta4.405ms0.021032m0.000760,4.405,241.6,48,16,1233,3.271944595162102e-12,5.789614346690675e-6,0.00007245190005923382
L48T16beta4.405ms0.021032m0.000760,4.405,241.6,48,16,1234,3.2719390734072582e-12,5.789604576100088e-6,0.00007245177778893906
L48T16beta4.405ms0.021032m0.000760,4.405,241.6,48,16,1235,3.2719647826703873e-12,5.7896500679213356e-6,0.00007245234707882423
L48T16beta4.405ms0.021032m0.000760,4.405,241.6,48,16,1236,3.2719312882877354e-12,5.789590800549076e-6,0.00007245160540010875
L48T16beta4.405ms0.021032m0.000760,4.405,241.6,48,16,1237,3.2715819659181175e-12,5.788972684397063e-6,0.00007244387022346504
L48T16beta4.405ms0.021032m0.000760,4.405,241.6,48,16,1238,3.2719521133603672e-12,5.789627649931996e-6,0.00007245206653752632
L48T16beta4.405ms0.021032m0.000760,4.405,241.6,48,16,1239,3.271775873279675e-12,5.789315798043933e-6,0.00007244816398711895
L48T16beta4.405ms0.021032m0.000760,4.405,241.6,48,16,1240,3.2719477133550785e-12,5.789619864245837e-6,0.00007245196910655396
L48T16beta4.405ms0.021032m0.000760,4.405,241.6,48,16,1241,3.2718025309020675e-12,5.789362967960343e-6,0.00007244875427688004
L48T16beta4.405ms0.021032m0.000760,4.405,241.6,48,16,1242,3.271715217131208e-12,5.789208468687593e-6,0.00007244682085520492
L48T16beta4.405ms0.021032m0.000760,4.405,241.6,48,16,1243,3.271906884077385e-12,5.789547617982178e-6,0.00007245106500849822
L48T16beta4.405ms0.021032m0.000760,4.405,241.6,48,16,1244,3.27194585882938e-12,5.789616582714541e-6,0.00007245192804109375
L48T16beta4.405ms0.021032m0.000760,4.405,241.6,48,16,1245,3.2719462471675166e-12,5.789617269868e-6,0.00007245193664021118
L48T16beta4.405ms0.021032m0.000760,4.405,241.6,48,16,1246,3.271527636563136e-12,5.788876550124646e-6,0.00007244266718811927
L48T16beta4.405ms0.021032m0.000760,4.405,241.6,48,16,1247,3.2719689591251524e-12,5.789657458041102e-6,0.00007245243955963326
L48T16beta4.405ms0.021032m0.000760,4.405,241.6,48,16,1248,3.271798197772677e-12,5.789355300609214e-6,0.00007244865832676584
L48T16beta4.405ms0.021032m0.000760,4.405,241.6,48,16,1249,3.2719723459334525e-12,5.789663450903558e-6,0.00007245251455500354
L48T16beta4.405ms0.021032m0.000760,4.405,241.6,48,16,1250,3.271706202913939e-12,5.7891925182825335e-6,0.00007244662125000083
L48T16beta4.405ms0.021032m0.000760,4.405,241.6,48,16,1251,3.2718245192156337e-12,5.789401875665526e-6,0.00007244924117237924
L48T16beta4.405ms0.021032m0.000760,4.405,241.6,48,16,1252,3.2718658725552587e-12,5.789475049242099e-6,0.00007245015687493546
L48T16beta4.405ms0.021032m0.000760,4.405,241.6,48,16,1253,3.271609125116364e-12,5.7890207418379025e-6,0.00007244447161980896
L48T16beta4.405ms0.021032m0.000760,4.405,241.6,48,16,1254,3.2692392804149633e-12,5.784827367994426e-6,0.00007239199525706257
L48T16beta4.405ms0.021032m0.000760,4.405,241.6,48,16,1255,3.271564858261333e-12,5.788942412877397e-6,0.00007244349140218504
L48T16beta4.405ms0.021032m0.000760,4.405,241.6,48,16,1256,3.2716643796827865e-12,5.78911851324606e-6,0.00007244569514245972
L48T16beta4.405ms0.021032m0.000760,4.405,241.6,48,16,1257,3.271727840198523e-12,5.789230804851761e-6,0.00007244710037253321
L48T16beta4.405ms0.021032m0.000760,4.405,241.6,48,16,1258,3.2717986564807225e-12,5.789356112280257e-6,0.00007244866848411067
L48T16beta4.405ms0.021032m0.000760,4.405,241.6,48,16,1259,3.2719220102064685e-12,5.78957438324406e-6,0.00007245139995206489
L48T16beta4.405ms0.021032m0.000760,4.405,241.6,48,16,1260,3.2718885422671264e-12,5.789515162662497e-6,0.00007245065885889358
L48T16beta4.405ms0.021032m0.000760,4.405,241.6,48,16,1261,3.271462483649101e-12,5.788761263867542e-6,0.0000724412244826336
L48T16beta4.405ms0.021032m0.000760,4.405,241.6,48,16,1262,3.271303663872995e-12,5.788480236720676e-6,0.0000724377076765841
L48T16beta4.405ms0.021032m0.000760,4.405,241.6,48,16,1263,3.271907888234944e-12,5.7895493948108626e-6,0.00007245108724393681
L48T16beta4.405ms0.021032m0.000760,4.405,241.6,48,16,1264,3.2713049445868114e-12,5.788482502907914e-6,0.00007243773603591193
L48T16beta4.405ms0.021032m0.000760,4.405,241.6,48,16,1265,3.2712469165830565e-12,5.788379823980054e-6,0.00007243645109999496
L48T16beta4.405ms0.021032m0.000760,4.405,241.6,48,16,1266,3.2706410161414285e-12,5.787307700113806e-6,0.00007242303441857939
L48T16beta4.405ms0.021032m0.000760,4.405,241.6,48,16,1267,3.271904499600229e-12,5.7895433987166164e-6,0.00007245101220812354
L48T16beta4.405ms0.021032m0.000760,4.405,241.6,48,16,1268,3.270947016031577e-12,5.787849158351427e-6,0.00007242981028926253
L48T16beta4.405ms0.021032m0.000760,4.405,241.6,48,16,1269,3.271568537031302e-12,5.788948922357852e-6,0.0000724435728625724
L48T16beta4.405ms0.021032m0.000760,4.405,241.6,48,16,1270,3.2718492183257987e-12,5.789445580049388e-6,0.0000724497880940673
L48T16beta4.405ms0.021032m0.000760,4.405,241.6,48,16,1271,3.2718235160639263e-12,5.789400100616668e-6,0.00007244921895921358
L48T16beta4.405ms0.021032m0.000760,4.405,241.6,48,16,1272,3.2719241155862682e-12,5.789578108654665e-6,0.00007245144657228183
L48T16beta4.405ms0.021032m0.000760,4.405,241.6,48,16,1273,3.2718695317640606e-12,5.789481524109616e-6,0.00007245023790217253
L48T16beta4.405ms0.021032m0.000760,4.405,241.6,48,16,1274,3.2716090180328704e-12,5.789020552356659e-6,0.00007244446924861887
L48T16beta4.405ms0.021032m0.000760,4.405,241.6,48,16,1275,3.2711787551932813e-12,5.788259214309366e-6,0.00007243494177669922
L48T16beta4.405ms0.021032m0.000760,4.405,241.6,48,16,1276,3.271819523891767e-12,5.789393036579812e-6,0.00007244913055904364
L48T16beta4.405ms0.021032m0.000760,4.405,241.6,48,16,1277,3.2717415109926544e-12,5.789254994939194e-6,0.00007244740309007054
L48T16beta4.405ms0.021032m0.000760,4.405,241.6,48,16,1278,3.271514382032759e-12,5.78885309660427e-6,0.00007244237368806684
L48T16beta4.405ms0.021032m0.000760,4.405,241.6,48,16,1279,3.27013337657741e-12,5.7864094461191826e-6,0.00007241179356474196
L48T16beta4.405ms0.021032m0.000760,4.405,241.6,48,16,1280,3.2715956959516156e-12,5.788996979306897e-6,0.00007244417425276195
L48T16beta4.405ms0.021032m0.000760,4.405,241.6,48,16,1281,3.271601760561934e-12,5.789007710465047e-6,0.0000724443085437097
L48T16beta4.405ms0.021032m0.000760,4.405,241.6,48,16,1282,3.268353865638777e-12,5.783260651339578e-6,0.00007237238918458505
L48T16beta4.405ms0.021032m0.000760,4.405,241.6,48,16,1283,3.271950641680326e-12,5.78962504583537e-6,0.00007245203394956154
L48T16beta4.405ms0.021032m0.000760,4.405,241.6,48,16,1284,3.2717328864899506e-12,5.789239734123146e-6,0.00007244721211446268
L48T16beta4.405ms0.021032m0.000760,4.405,241.6,48,16,1285,3.27194601378347e-12,5.789616856901464e-6,0.00007245193147230046
L48T16beta4.405ms0.021032m0.000760,4.405,241.6,48,16,1286,3.2712629077180677e-12,5.788408119845705e-6,0.0000724368051977133
L48T16beta4.405ms0.021032m0.000760,4.405,241.6,48,16,1287,3.2719413501391762e-12,5.7896086047134684e-6,0.00007245182820347042
L48T16beta4.405ms0.021032m0.000760,4.405,241.6,48,16,1288,3.271829887750158e-12,5.789411375137048e-6,0.00007244936004985882
L48T16beta4.405ms0.021032m0.000760,4.405,241.6,48,16,1289,3.2716367377816394e-12,5.789069601675953e-6,0.00007244508305744389
L48T16beta4.405ms0.021032m0.000760,4.405,241.6,48,16,1290,3.2719337279411468e-12,5.789595117447477e-6,0.00007245165942227201
L48T16beta4.405ms0.021032m0.000760,4.405,241.6,48,16,1291,3.2717681880041606e-12,5.789302199164098e-6,0.00007244799380917207
L48T16beta4.405ms0.021032m0.000760,4.405,241.6,48,16,1292,3.2719372786370872e-12,5.789601400304524e-6,0.00007245173804666799
L48T16beta4.405ms0.021032m0.000760,4.405,241.6,48,16,1293,3.271940499731332e-12,5.7896070999406e-6,0.0000724518093725696
L48T16beta4.405ms0.021032m0.000760,4.405,241.6,48,16,1294,3.2716481053476033e-12,5.789089716265634e-6,0.00007244533477373345
L48T16beta4.405ms0.021032m0.000760,4.405,241.6,48,16,1295,3.2719268550231685e-12,5.789582956011556e-6,0.00007245150723266367
L48T16beta4.405ms0.021032m0.000760,4.405,241.6,48,16,1296,3.271952244544595e-12,5.7896278820588135e-6,0.00007245206944238803
L48T16beta4.405ms0.021032m0.000760,4.405,241.6,48,16,1297,3.2719245842866556e-12,5.789578938006877e-6,0.00007245145695089082
L48T16beta4.405ms0.021032m0.000760,4.405,241.6,48,16,1298,3.2719468401038145e-12,5.789618319052177e-6,0.00007245194976982271
L48T16beta4.405ms0.021032m0.000760,4.405,241.6,48,16,1299,3.2717842793537574e-12,5.789330672356652e-6,0.00007244835012597968
L48T16beta4.405ms0.021032m0.000760,4.405,241.6,48,16,1300,3.2719256129552305e-12,5.789580758207118e-6,0.00007245147972908606
L48T16beta4.405ms0.021032m0.000760,4.405,241.6,48,16,1301,3.2717091602633e-12,5.789197751229422e-6,0.00007244668673570027
L48T16beta4.405ms0.021032m0.000760,4.405,241.6,48,16,1302,3.2713163891401293e-12,5.788502753724563e-6,0.00007243798945696143
L48T16beta4.405ms0.021032m0.000760,4.405,241.6,48,16,1303,3.271943322680387e-12,5.78961209506991e-6,0.00007245187188219252
L48T16beta4.405ms0.021032m0.000760,4.405,241.6,48,16,1304,3.2719361036568056e-12,5.789599321209815e-6,0.00007245171202863759
L48T16beta4.405ms0.021032m0.000760,4.405,241.6,48,16,1305,3.271940418442639e-12,5.789606956102533e-6,0.0000724518075725635
L48T16beta4.405ms0.021032m0.000760,4.405,241.6,48,16,1306,3.2718593476884125e-12,5.7894635036729106e-6,0.00007245001239235426
L48T16beta4.405ms0.021032m0.000760,4.405,241.6,48,16,1307,3.2719513315886616e-12,5.789626266608852e-6,0.00007245204922646134
L48T16beta4.405ms0.021032m0.000760,4.405,241.6,48,16,1308,3.2707989861582e-12,5.787587223635322e-6,0.00007242653240808825
L48T16beta4.405ms0.021032m0.000760,4.405,241.6,48,16,1309,3.271891211426762e-12,5.789519885665735e-6,0.00007245071796309951
L48T16beta4.405ms0.021032m0.000760,4.405,241.6,48,16,1310,3.271941058190742e-12,5.789608088118889e-6,0.00007245182173874641
L48T16beta4.405ms0.021032m0.000760,4.405,241.6,48,16,1311,3.271916117080617e-12,5.789563955522874e-6,0.0000724512694583622
L48T16beta4.405ms0.021032m0.000760,4.405,241.6,48,16,1312,3.2719843309467303e-12,5.789684658048973e-6,0.00007245277994366124
L48T16beta4.405ms0.021032m0.000760,4.405,241.6,48,16,1313,3.2693977315861535e-12,5.785107742905214e-6,0.00007239550390095475
L48T16beta4.405ms0.021032m0.000760,4.405,241.6,48,16,1314,3.2719579347134112e-12,5.789637950653209e-6,0.00007245219544193673
L48T16beta4.405ms0.021032m0.000760,4.405,241.6,48,16,1315,3.27168314604184e-12,5.789151719792947e-6,0.00007244611069300807
L48T16beta4.405ms0.021032m0.000760,4.405,241.6,48,16,1316,3.2717378842093325e-12,5.789248577447656e-6,0.00007244732278084308
L48T16beta4.405ms0.021032m0.000760,4.405,241.6,48,16,1317,3.271965208344148e-12,5.789650821139136e-6,0.00007245235650467846
L48T16beta4.405ms0.021032m0.000760,4.405,241.6,48,16,1318,3.2717826784350173e-12,5.789327839575767e-6,0.00007244831467623375
L48T16beta4.405ms0.021032m0.000760,4.405,241.6,48,16,1319,3.2718488173351075e-12,5.789444870507587e-6,0.00007244977921477956
L48T16beta4.405ms0.021032m0.000760,4.405,241.6,48,16,1320,3.2719189492146856e-12,5.789568966904808e-6,0.0000724513321713723
L48T16beta4.405ms0.021032m0.000760,4.405,241.6,48,16,1321,3.271894834795482e-12,5.7895262971152314e-6,0.00007245079819671617
L48T16beta4.405ms0.021032m0.000760,4.405,241.6,48,16,1322,3.2719611339965577e-12,5.789643611695157e-6,0.000072452266284867
L48T16beta4.405ms0.021032m0.000760,4.405,241.6,48,16,1323,3.2716735439175313e-12,5.789134729102842e-6,0.00007244589806955721
L48T16beta4.405ms0.021032m0.000760,4.405,241.6,48,16,1324,3.2715297745007648e-12,5.788880333145417e-6,0.00007244271452927647
L48T16beta4.405ms0.021032m0.000760,4.405,241.6,48,16,1325,3.2715881312062428e-12,5.788983593701773e-6,0.00007244400674375935
L48T16beta4.405ms0.021032m0.000760,4.405,241.6,48,16,1326,3.2718342261867394e-12,5.789419051879102e-6,0.00007244945611749213
L48T16beta4.405ms0.021032m0.000760,4.405,241.6,48,16,1327,3.2716404415523152e-12,5.789076155394458e-6,0.00007244516507143131
L48T16beta4.405ms0.021032m0.000760,4.405,241.6,48,16,1328,3.2719164445514954e-12,5.789564534973424e-6,0.00007245127670967307
L48T16beta4.405ms0.021032m0.000760,4.405,241.6,48,16,1329,3.271033472830087e-12,5.7880021412356e-6,0.00007243172473467654
L48T16beta4.405ms0.021032m0.000760,4.405,241.6,48,16,1330,3.2712942703702543e-12,5.788463615180595e-6,0.00007243749967271913
L48T16beta4.405ms0.021032m0.000760,4.405,241.6,48,16,1331,3.269546262585398e-12,5.78537056434951e-6,0.00007239879287874761
L48T16beta4.405ms0.021032m0.000760,4.405,241.6,48,16,1332,3.271778649721327e-12,5.789320710879696e-6,0.00007244822546691094
L48T16beta4.405ms0.021032m0.000760,4.405,241.6,48,16,1333,3.271954252727364e-12,5.789631435481994e-6,0.00007245211391033455
L48T16beta4.405ms0.021032m0.000760,4.405,241.6,48,16,1334,3.2719120734247362e-12,5.789556800387015e-6,0.00007245117991816883
L48T16beta4.405ms0.021032m0.000760,4.405,241.6,48,16,1335,3.2719486092777086e-12,5.789621449555846e-6,0.0000724519889453058
L48T16beta4.405ms0.021032m0.000760,4.405,241.6,48,16,1336,3.2719435855120636e-12,5.789612560143202e-6,0.0000724518777021732
L48T16beta4.405ms0.021032m0.000760,4.405,241.6,48,16,1337,3.270296686250176e-12,5.786698418012472e-6,0.00007241540979226229
L48T16beta4.405ms0.021032m0.000760,4.405,241.6,48,16,1338,3.2716560572664424e-12,5.789103786963366e-6,0.00007244551085606378
L48T16beta4.405ms0.021032m0.000760,4.405,241.6,48,16,1339,3.2703293057933774e-12,5.786756137380819e-6,0.0000724161320990787
L48T16beta4.405ms0.021032m0.000760,4.405,241.6,48,16,1340,3.269476632347848e-12,5.785247355593812e-6,0.00007239725103020302
L48T16beta4.405ms0.021032m0.000760,4.405,241.6,48,16,1341,3.2715674220447758e-12,5.7889469494204135e-6,0.00007244354817300629
L48T16beta4.405ms0.021032m0.000760,4.405,241.6,48,16,1342,3.2699109638043203e-12,5.786015892944758e-6,0.00007240686859503692
L48T16beta4.405ms0.021032m0.000760,4.405,241.6,48,16,1343,3.271824659809868e-12,5.789402124443087e-6,0.00007244924428561025
L48T16beta4.405ms0.021032m0.000760,4.405,241.6,48,16,1344,3.2718087966562412e-12,5.7893740550369124e-6,0.00007244889302183185
L48T16beta4.405ms0.021032m0.000760,4.405,241.6,48,16,1345,3.271928421782658e-12,5.7895857283486035e-6,0.00007245154192600846
L48T16beta4.405ms0.021032m0.000760,4.405,241.6,48,16,1346,3.2710337697680748e-12,5.788002666659055e-6,0.0000724317313098861
L48T16beta4.405ms0.021032m0.000760,4.405,241.6,48,16,1347,3.27194424527132e-12,5.7896137275687334e-6,0.00007245189231147062
L48T16beta4.405ms0.021032m0.000760,4.405,241.6,48,16,1348,3.271856145149483e-12,5.789457836869946e-6,0.00007244994147732997
L48T16beta4.405ms0.021032m0.000760,4.405,241.6,48,16,1349,3.2719554552494513e-12,5.789633563311157e-6,0.0000724521405382335
L48T16beta4.405ms0.021032m0.000760,4.405,241.6,48,16,1350,3.2719467153252735e-12,5.789618098260042e-6,0.00007245194700680453
L48T16beta4.405ms0.021032m0.000760,4.405,241.6,48,16,1351,3.271943240200554e-12,5.789611949124154e-6,0.00007245187005581053
L48T16beta4.405ms0.021032m0.000760,4.405,241.6,48,16,1352,3.271846849902564e-12,5.78944138919079e-6,0.00007244973564918062
L48T16beta4.405ms0.021032m0.000760,4.405,241.6,48,16,1353,3.271862610260802e-12,5.789469276703402e-6,0.00007245008463672204
L48T16beta4.405ms0.021032m0.000760,4.405,241.6,48,16,1354,3.271877103312167e-12,5.7894949217519864e-6,0.00007245040556181064
L48T16beta4.405ms0.021032m0.000760,4.405,241.6,48,16,1355,3.271866596464026e-12,5.789476330178393e-6,0.00007245017290471963
L48T16beta4.405ms0.021032m0.000760,4.405,241.6,48,16,1356,3.2719549680863926e-12,5.789632701289765e-6,0.00007245212975079862
L48T16beta4.405ms0.021032m0.000760,4.405,241.6,48,16,1357,3.27193212002115e-12,5.789592272278064e-6,0.00007245162381749465
L48T16beta4.405ms0.021032m0.000760,4.405,241.6,48,16,1358,3.271944032599876e-12,5.789613351252568e-6,0.00007245188760220682
L48T16beta4.405ms0.021032m0.000760,4.405,241.6,48,16,1359,3.2719328885050263e-12,5.789593632088766e-6,0.00007245164083432221
L48T16beta4.405ms0.021032m0.000760,4.405,241.6,48,16,1360,3.2705478168150745e-12,5.7871427865154035e-6,0.00007242097067083485
L48T16beta4.405ms0.021032m0.000760,4.405,241.6,48,16,1361,3.2719432898313906e-12,5.78961203694453e-6,0.00007245187115480482
L48T16beta4.405ms0.021032m0.000760,4.405,241.6,48,16,1362,3.2719514629581777e-12,5.789626499063533e-6,0.00007245205213542596
L48T16beta4.405ms0.021032m0.000760,4.405,241.6,48,16,1363,3.2718410535899317e-12,5.7894311327778836e-6,0.00007244960729924945
L48T16beta4.405ms0.021032m0.000760,4.405,241.6,48,16,1364,3.271627448252193e-12,5.789053164113704e-6,0.00007244487735589869
L48T16beta4.405ms0.021032m0.000760,4.405,241.6,48,16,1365,3.2714544553252433e-12,5.788747057973269e-6,0.0000724410467084382
L48T16beta4.405ms0.021032m0.000760,4.405,241.6,48,16,1366,3.2717909239566517e-12,5.789342429795424e-6,0.00007244849725992122
L48T16beta4.405ms0.021032m0.000760,4.405,241.6,48,16,1367,3.271928106779046e-12,5.789585170958532e-6,0.00007245153495076497
L48T16beta4.405ms0.021032m0.000760,4.405,241.6,48,16,1368,3.2719268505497758e-12,5.789582948096013e-6,0.00007245150713360765
L48T16beta4.405ms0.021032m0.000760,4.405,241.6,48,16,1369,3.2719152015306453e-12,5.789562335482834e-6,0.00007245124918499474
L48T16beta4.405ms0.021032m0.000760,4.405,241.6,48,16,1370,3.2712636510027138e-12,5.788409435067074e-6,0.00007243682165654483
L48T16beta4.405ms0.021032m0.000760,4.405,241.6,48,16,1371,3.271945380348409e-12,5.78961573605586e-6,0.00007245191744590961
L48T16beta4.405ms0.021032m0.000760,4.405,241.6,48,16,1372,3.270489540286559e-12,5.787039667829938e-6,0.00007241968023174059
L48T16beta4.405ms0.021032m0.000760,4.405,241.6,48,16,1373,3.2719260025374467e-12,5.789581447561941e-6,0.00007245148835575163
L48T16beta4.405ms0.021032m0.000760,4.405,241.6,48,16,1374,3.2719516496362984e-12,5.78962682938524e-6,0.0000724520562691098
L48T16beta4.405ms0.021032m0.000760,4.405,241.6,48,16,1375,3.2718776491719618e-12,5.7894958876356095e-6,0.00007245041764898942
L48T16beta4.405ms0.021032m0.000760,4.405,241.6,48,16,1376,3.2719503572360744e-12,5.789624542519231e-6,0.00007245202765100546
L48T16beta4.405ms0.021032m0.000760,4.405,241.6,48,16,1377,3.2717995444624188e-12,5.789357683539005e-6,0.00007244868814702342
L48T16beta4.405ms0.021032m0.000760,4.405,241.6,48,16,1378,3.271929241101746e-12,5.789587178110789e-6,0.00007245156006849924
L48T16beta4.405ms0.021032m0.000760,4.405,241.6,48,16,1379,3.2719402810115432e-12,5.789606712922057e-6,0.00007245180452937503
L48T16beta4.405ms0.021032m0.000760,4.405,241.6,48,16,1380,3.27187444814181e-12,5.7894902235023846e-6,0.00007245034676737455
L48T16beta4.405ms0.021032m0.000760,4.405,241.6,48,16,1381,3.2713396958869477e-12,5.788543994360469e-6,0.00007243850554702411
L48T16beta4.405ms0.021032m0.000760,4.405,241.6,48,16,1382,3.271888335855785e-12,5.789514797423408e-6,0.0000724506542882496
L48T16beta4.405ms0.021032m0.000760,4.405,241.6,48,16,1383,3.271811538197489e-12,5.789378906117387e-6,0.00007244895372881106
L48T16beta4.405ms0.021032m0.000760,4.405,241.6,48,16,1384,3.2716062949939986e-12,5.789015734015621e-6,0.00007244440895134474
L48T16beta4.405ms0.021032m0.000760,4.405,241.6,48,16,1385,3.2715100038120987e-12,5.788845349465402e-6,0.00007244227673947969
L48T16beta4.405ms0.021032m0.000760,4.405,241.6,48,16,1386,3.2708369912030543e-12,5.787654472498051e-6,0.00007242737396809377
L48T16beta4.405ms0.021032m0.000760,4.405,241.6,48,16,1387,3.2716614120499162e-12,5.789113262102789e-6,0.00007244562942904868
L48T16beta4.405ms0.021032m0.000760,4.405,241.6,48,16,1388,3.2716199940710894e-12,5.789039974148959e-6,0.00007244471229516229
L48T16beta4.405ms0.021032m0.000760,4.405,241.6,48,16,1389,3.2719508524194763e-12,5.789625418732396e-6,0.00007245203861603782
L48T16beta4.405ms0.021032m0.000760,4.405,241.6,48,16,1390,3.271816747423645e-12,5.789388123697212e-6,0.00007244906907866551
L48T16beta4.405ms0.021032m0.000760,4.405,241.6,48,16,1391,3.2719112494072623e-12,5.789555342311167e-6,0.00007245116167163992
L48T16beta4.405ms0.021032m0.000760,4.405,241.6,48,16,1392,3.271960844271585e-12,5.78964309903493e-6,0.00007245225986937795
L48T16beta4.405ms0.021032m0.000760,4.405,241.6,48,16,1393,3.271914676979023e-12,5.789561407303426e-6,0.00007245123756965084
L48T16beta4.405ms0.021032m0.000760,4.405,241.6,48,16,1394,3.2716643524056786e-12,5.789118464979981e-6,0.00007244569453845247
L48T16beta4.405ms0.021032m0.000760,4.405,241.6,48,16,1395,3.27164449553141e-12,5.789083328796955e-6,0.0000724452548402155
L48T16beta4.405ms0.021032m0.000760,4.405,241.6,48,16,1396,3.2717647011665634e-12,5.789296029302601e-6,0.00007244791659881542
L48T16beta4.405ms0.021032m0.000760,4.405,241.6,48,16,1397,3.2719269366692037e-12,5.789583100481929e-6,0.00007245150904058254
L48T16beta4.405ms0.021032m0.000760,4.405,241.6,48,16,1398,3.2717428445401507e-12,5.78925735461415e-6,0.00007244743261931443
L48T16beta4.405ms0.021032m0.000760,4.405,241.6,48,16,1399,3.271369520922872e-12,5.7885967689264364e-6,0.00007243916597401462
L48T16beta4.405ms0.021032m0.000760,4.405,241.6,48,16,1400,3.2717669799366545e-12,5.789300061522472e-6,0.00007244796705847882
L48T16beta4.405ms0.021032m0.000760,4.405,241.6,48,16,1401,3.2715981542794565e-12,5.7890013292491785e-6,0.00007244422868844015
L48T16beta4.405ms0.021032m0.000760,4.405,241.6,48,16,1402,3.2681360025840496e-12,5.782875148764403e-6,0.00007236756496100526
L48T16beta4.405ms0.021032m0.000760,4.405,241.6,48,16,1403,3.271816092481888e-12,5.789386964796112e-6,0.00007244905457604381
L48T16beta4.405ms0.021032m0.000760,4.405,241.6,48,16,1404,3.2713922741071898e-12,5.788637030048997e-6,0.0000724396698063346
L48T16beta4.405ms0.021032m0.000760,4.405,241.6,48,16,1405,3.2719562536574134e-12,5.789634976071691e-6,0.00007245215821768136
L48T16beta4.405ms0.021032m0.000760,4.405,241.6,48,16,1406,3.27152224840127e-12,5.788867015923092e-6,0.00007244254787602407
L48T16beta4.405ms0.021032m0.000760,4.405,241.6,48,16,1407,3.271378415404093e-12,5.788612507461911e-6,0.00007243936292785835
L48T16beta4.405ms0.021032m0.000760,4.405,241.6,48,16,1408,3.2719220017626088e-12,5.789574368302887e-6,0.00007245139976508933
L48T16beta4.405ms0.021032m0.000760,4.405,241.6,48,16,1409,3.2713084708114406e-12,5.788488742463661e-6,0.00007243781411843046
L48T16beta4.405ms0.021032m0.000760,4.405,241.6,48,16,1410,3.2715677832381533e-12,5.788947588541982e-6,0.00007244355617104713
L48T16beta4.405ms0.021032m0.000760,4.405,241.6,48,16,1411,3.271453910603649e-12,5.78874609410366e-6,0.00007244103464646302
L48T16beta4.405ms0.021032m0.000760,4.405,241.6,48,16,1412,3.271053685418489e-12,5.788037906844824e-6,0.00007243217230962538
L48T16beta4.405ms0.021032m0.000760,4.405,241.6,48,16,1413,3.2718985112361106e-12,5.789532802473983e-6,0.00007245087960552405
L48T16beta4.405ms0.021032m0.000760,4.405,241.6,48,16,1414,3.271242009707958e-12,5.78837114140196e-6,0.00007243634244521372
L48T16beta4.405ms0.021032m0.000760,4.405,241.6,48,16,1415,3.271135389951883e-12,5.788182480728939e-6,0.00007243398152384515
L48T16beta4.405ms0.021032m0.000760,4.405,241.6,48,16,1416,3.2713783085720626e-12,5.788612318425625e-6,0.0000724393605622365
L48T16beta4.405ms0.021032m0.000760,4.405,241.6,48,16,1417,3.271532767981375e-12,5.788885630025539e-6,0.00007244278081504373
L48T16beta4.405ms0.021032m0.000760,4.405,241.6,48,16,1418,3.271651641141058e-12,5.78909597275315e-6,0.00007244541306813806
L48T16beta4.405ms0.021032m0.000760,4.405,241.6,48,16,1419,3.271943038792001e-12,5.789611592737359e-6,0.00007245186559594518
L48T16beta4.405ms0.021032m0.000760,4.405,241.6,48,16,1420,3.2719258752839813e-12,5.789581222390497e-6,0.00007245148553793028
L48T16beta4.405ms0.021032m0.000760,4.405,241.6,48,16,1421,3.265632233701882e-12,5.778444799832937e-6,0.00007231212306474258
L48T16beta4.405ms0.021032m0.000760,4.405,241.6,48,16,1422,3.2712931840240297e-12,5.788461692921368e-6,0.000072437475617346
L48T16beta4.405ms0.021032m0.000760,4.405,241.6,48,16,1423,3.271363436076407e-12,5.788586001960992e-6,0.00007243903123497026
L48T16beta4.405ms0.021032m0.000760,4.405,241.6,48,16,1424,3.271623073221141e-12,5.789045422618759e-6,0.00007244478047794025
L48T16beta4.405ms0.021032m0.000760,4.405,241.6,48,16,1425,3.271270304274461e-12,5.788421207845139e-6,0.00007243696898244406
L48T16beta4.405ms0.021032m0.000760,4.405,241.6,48,16,1426,3.27186501247271e-12,5.789473527350111e-6,0.00007245013782980403
L48T16beta4.405ms0.021032m0.000760,4.405,241.6,48,16,1427,3.271890786719148e-12,5.7895191341575045e-6,0.00007245070855863905
L48T16beta4.405ms0.021032m0.000760,4.405,241.6,48,16,1428,3.2717519266656392e-12,5.789273425180902e-6,0.00007244763372823576
L48T16beta4.405ms0.021032m0.000760,4.405,241.6,48,16,1429,3.2716173608838844e-12,5.789035314797929e-6,0.00007244465398750742
L48T16beta4.405ms0.021032m0.000760,4.405,241.6,48,16,1430,3.271898898409577e-12,5.789533487566591e-6,0.00007245088817885178
L48T16beta4.405ms0.021032m0.000760,4.405,241.6,48,16,1431,3.2719490240326852e-12,5.789622183453164e-6,0.00007245199812938127
L48T16beta4.405ms0.021032m0.000760,4.405,241.6,48,16,1432,3.271870522051455e-12,5.789483276395432e-6,0.00007245025983047884
L48T16beta4.405ms0.021032m0.000760,4.405,241.6,48,16,1433,3.2714856569617606e-12,5.7888022683954404e-6,0.0000724417376180135
L48T16beta4.405ms0.021032m0.000760,4.405,241.6,48,16,1434,3.271482040236955e-12,5.788795868702165e-6,0.00007244165753151553
L48T16beta4.405ms0.021032m0.000760,4.405,241.6,48,16,1435,3.271146747326982e-12,5.7882025772861695e-6,0.00007243423301447454
L48T16beta4.405ms0.021032m0.000760,4.405,241.6,48,16,1436,3.271081702647876e-12,5.788087482547742e-6,0.00007243279270567564
L48T16beta4.405ms0.021032m0.000760,4.405,241.6,48,16,1437,3.2714923336460278e-12,5.788814082601304e-6,0.00007244188546234496
L48T16beta4.405ms0.021032m0.000760,4.405,241.6,48,16,1438,3.2716515536187316e-12,5.789095817884844e-6,0.00007244541113009827
L48T16beta4.405ms0.021032m0.000760,4.405,241.6,48,16,1439,3.2717331929570588e-12,5.789240276408113e-6,0.00007244721890067914
L48T16beta4.405ms0.021032m0.000760,4.405,241.6,48,16,1440,3.27175413582021e-12,5.789277334218058e-6,0.0000724476826463765
L48T16beta4.405ms0.021032m0.000760,4.405,241.6,48,16,1441,3.2716318686789165e-12,5.78906098593502e-6,0.00007244497523907057
L48T16beta4.405ms0.021032m0.000760,4.405,241.6,48,16,1442,3.2716337178312497e-12,5.789064257958297e-6,0.00007244501618554633
L48T16beta4.405ms0.021032m0.000760,4.405,241.6,48,16,1443,3.27141215480426e-12,5.788672208385803e-6,0.00007244011003208883
L48T16beta4.405ms0.021032m0.000760,4.405,241.6,48,16,1444,3.2718173960258893e-12,5.789389271380722e-6,0.00007244908344090902
L48T16beta4.405ms0.021032m0.000760,4.405,241.6,48,16,1445,3.2719521151073727e-12,5.789627653023273e-6,0.00007245206657621091
L48T16beta4.405ms0.021032m0.000760,4.405,241.6,48,16,1446,3.271414507041224e-12,5.788676370603249e-6,0.00007244016211855684
L48T16beta4.405ms0.021032m0.000760,4.405,241.6,48,16,1447,3.2718133550169864e-12,5.789382120928617e-6,0.00007244899395932868
L48T16beta4.405ms0.021032m0.000760,4.405,241.6,48,16,1448,3.2714284420699304e-12,5.788701028246364e-6,0.00007244047068713975
L48T16beta4.405ms0.021032m0.000760,4.405,241.6,48,16,1449,3.2717060947451847e-12,5.789192326880951e-6,0.00007244661885477941
L48T16beta4.405ms0.021032m0.000760,4.405,241.6,48,16,1450,3.271738691100859e-12,5.789250005219619e-6,0.00007244734064814568
L48T16beta4.405ms0.021032m0.000760,4.405,241.6,48,16,1451,3.271718006066596e-12,5.789213403630672e-6,0.0000724468826116504
L48T16beta4.405ms0.021032m0.000760,4.405,241.6,48,16,1452,3.2719152988997296e-12,5.789562507774702e-6,0.00007245125134107502
L48T16beta4.405ms0.021032m0.000760,4.405,241.6,48,16,1453,3.271702706825154e-12,5.789186332051319e-6,0.00007244654383479164
L48T16beta4.405ms0.021032m0.000760,4.405,241.6,48,16,1454,3.271915811579656e-12,5.789563414947477e-6,0.00007245126269353949
L48T16beta4.405ms0.021032m0.000760,4.405,241.6,48,16,1455,3.271961424224456e-12,5.789644125245297e-6,0.00007245227271149254
L48T16beta4.405ms0.021032m0.000760,4.405,241.6,48,16,1456,3.2719221060535404e-12,5.78957455284277e-6,0.00007245140207444266
L48T16beta4.405ms0.021032m0.000760,4.405,241.6,48,16,1457,3.2719460693964767e-12,5.7896169553071225e-6,0.00007245193270376019
L48T16beta4.405ms0.021032m0.000760,4.405,241.6,48,16,1458,3.2719578862737146e-12,5.789637864940522e-6,0.0000724521943693183
L48T16beta4.405ms0.021032m0.000760,4.405,241.6,48,16,1459,3.2719523672452583e-12,5.789628099174202e-6,0.00007245207215939497
L48T16beta4.405ms0.021032m0.000760,4.405,241.6,48,16,1460,3.2719536951811613e-12,5.7896304489196e-6,0.00007245210156437924
L48T16beta4.405ms0.021032m0.000760,4.405,241.6,48,16,1461,3.271900883404819e-12,5.789536999960092e-6,0.00007245093213334817
L48T16beta4.405ms0.021032m0.000760,4.405,241.6,48,16,1462,3.271780191096298e-12,5.7893234382995484e-6,0.00007244825959815677
L48T16beta4.405ms0.021032m0.000760,4.405,241.6,48,16,1463,3.2719503162740905e-12,5.7896244700381475e-6,0.00007245202674396885
L48T16beta4.405ms0.021032m0.000760,4.405,241.6,48,16,1464,3.2719005207688384e-12,5.789536358285878e-6,0.00007245092410336322
L48T16beta4.405ms0.021032m0.000760,4.405,241.6,48,16,1465,3.271954856225104e-12,5.789632503354347e-6,0.00007245212727381203
L48T16beta4.405ms0.021032m0.000760,4.405,241.6,48,16,1466,3.2718525320113326e-12,5.789451443523157e-6,0.00007244986147025266
L48T16beta4.405ms0.021032m0.000760,4.405,241.6,48,16,1467,3.2719523898901547e-12,5.789628139243712e-6,0.00007245207266082942
L48T16beta4.405ms0.021032m0.000760,4.405,241.6,48,16,1468,3.2719269162610037e-12,5.789583064370191e-6,0.0000724515085886761
L48T16beta4.405ms0.021032m0.000760,4.405,241.6,48,16,1469,3.2719131175251926e-12,5.789558647893538e-6,0.00007245120303807801
L48T16beta4.405ms0.021032m0.000760,4.405,241.6,48,16,1470,3.2715234392634196e-12,5.7888691231203215e-6,0.00007244257424573264
L48T16beta4.405ms0.021032m0.000760,4.405,241.6,48,16,1471,3.2719398147331407e-12,5.78960588785548e-6,0.00007245179420439696
L48T16beta4.405ms0.021032m0.000760,4.405,241.6,48,16,1472,3.2719503576066513e-12,5.7896245431749566e-6,0.00007245202765921128
L48T16beta4.405ms0.021032m0.000760,4.405,241.6,48,16,1473,3.271762746240991e-12,5.789292570116539e-6,0.00007244787331016304
L48T16beta4.405ms0.021032m0.000760,4.405,241.6,48,16,1474,3.271562204533579e-12,5.788937717180441e-6,0.00007244343263969307
L48T16beta4.405ms0.021032m0.000760,4.405,241.6,48,16,1475,3.2718419889790032e-12,5.789432787922655e-6,0.00007244962801192156
L48T16beta4.405ms0.021032m0.000760,4.405,241.6,48,16,1476,3.2717400041739808e-12,5.789252328665742e-6,0.00007244736972401779
L48T16beta4.405ms0.021032m0.000760,4.405,241.6,48,16,1477,3.2716763625255424e-12,5.7891397165507966e-6,0.00007244596048305476
L48T16beta4.405ms0.021032m0.000760,4.405,241.6,48,16,1478,3.2719132160192425e-12,5.789558822176001e-6,0.0000724512052190688
L48T16beta4.405ms0.021032m0.000760,4.405,241.6,48,16,1479,3.271385344795346e-12,5.788624768825711e-6,0.00007243951636797567
L48T16beta4.405ms0.021032m0.000760,4.405,241.6,48,16,1480,3.2714315081042063e-12,5.788706453508166e-6,0.00007244053857949016
L48T16beta4.405ms0.021032m0.000760,4.405,241.6,48,16,1481,3.271922453575277e-12,5.789575167772752e-6,0.0000724514097697472
L48T16beta4.405ms0.021032m0.000760,4.405,241.6,48,16,1482,3.2719484333198487e-12,5.789621138203339e-6,0.00007245198504900471
L48T16beta4.405ms0.021032m0.000760,4.405,241.6,48,16,1483,3.2717746713531576e-12,5.789313671268614e-6,0.00007244813737240792
L48T16beta4.405ms0.021032m0.000760,4.405,241.6,48,16,1484,3.271903673081361e-12,5.789541936214622e-6,0.0000724509939062053
L48T16beta4.405ms0.021032m0.000760,4.405,241.6,48,16,1485,3.2717817512251076e-12,5.789326198903794e-6,0.00007244829414467592
L48T16beta4.405ms0.021032m0.000760,4.405,241.6,48,16,1486,3.2716414469671887e-12,5.789077934447925e-6,0.00007244518733471107
L48T16beta4.405ms0.021032m0.000760,4.405,241.6,48,16,1487,3.270830358961547e-12,5.7876427369324066e-6,0.00007242722710787506
L48T16beta4.405ms0.021032m0.000760,4.405,241.6,48,16,1488,3.271531105996853e-12,5.788882689190464e-6,0.00007244274401309524
L48T16beta4.405ms0.021032m0.000760,4.405,241.6,48,16,1489,3.2711377547752277e-12,5.788186665217632e-6,0.00007243403388901812
L48T16beta4.405ms0.021032m0.000760,4.405,241.6,48,16,1490,3.2717386772571642e-12,5.789249980723589e-6,0.00007244734034159954
L48T16beta4.405ms0.021032m0.000760,4.405,241.6,48,16,1491,3.271047270626221e-12,5.788026556049521e-6,0.00007243203026446699
L48T16beta4.405ms0.021032m0.000760,4.405,241.6,48,16,1492,3.271662985360676e-12,5.7891160460321264e-6,0.00007244566426746071
L48T16beta4.405ms0.021032m0.000760,4.405,241.6,48,16,1493,3.2706190535829578e-12,5.7872688379815435e-6,0.00007242254809338499
L48T16beta4.405ms0.021032m0.000760,4.405,241.6,48,16,1494,3.2715621607393286e-12,5.788937639687741e-6,0.00007244343166994051
L48T16beta4.405ms0.021032m0.000760,4.405,241.6,48,16,1495,3.271817799862082e-12,5.789389985957558e-6,0.00007244909238320575
L48T16beta4.405ms0.021032m0.000760,4.405,241.6,48,16,1496,3.2719731256140455e-12,5.789664830526536e-6,0.00007245253181976422
L48T16beta4.405ms0.021032m0.000760,4.405,241.6,48,16,1497,3.271338434456366e-12,5.788541762294375e-6,0.00007243847761469221
L48T16beta4.405ms0.021032m0.000760,4.405,241.6,48,16,1498,3.2718115413473928e-12,5.789378911691054e-6,0.00007244895379856057
L48T16beta4.405ms0.021032m0.000760,4.405,241.6,48,16,1499,3.271737121138526e-12,5.78924722721523e-6,0.00007244730588387913
L48T16beta4.405ms0.021032m0.000760,4.405,241.6,48,16,1500,3.2719327505048303e-12,5.789593387901283e-6,0.00007245163777853196
L48T16beta4.405ms0.021032m0.000760,4.405,241.6,48,16,1501,3.2716868090490553e-12,5.78915820138165e-6,0.00007244619180435483
L48T16beta4.405ms0.021032m0.000760,4.405,241.6,48,16,1502,3.2719336229752358e-12,5.789594931713236e-6,0.00007245165709797236
L48T16beta4.405ms0.021032m0.000760,4.405,241.6,48,16,1503,3.2719288084531985e-12,5.789586412551298e-6,0.0000724515504881997
L48T16beta4.405ms0.021032m0.000760,4.405,241.6,48,16,1504,3.2717831489353497e-12,5.789328672112931e-6,0.00007244832509469962
L48T16beta4.405ms0.021032m0.000760,4.405,241.6,48,16,1505,3.271779643661551e-12,5.789322469629092e-6,0.00007244824747610323
L48T16beta4.405ms0.021032m0.000760,4.405,241.6,48,16,1506,3.2717756707329213e-12,5.789315439643124e-6,0.00007244815950204998
L48T16beta4.405ms0.021032m0.000760,4.405,241.6,48,16,1507,3.271924436638225e-12,5.789578676747113e-6,0.00007245145368145608
L48T16beta4.405ms0.021032m0.000760,4.405,241.6,48,16,1508,3.271916661140467e-12,5.7895649182215445e-6,0.00007245128150568412
L48T16beta4.405ms0.021032m0.000760,4.405,241.6,48,16,1509,3.271453867127036e-12,5.78874601717301e-6,0.00007244103368374402
L48T16beta4.405ms0.021032m0.000760,4.405,241.6,48,16,1510,3.27190864892347e-12,5.78955074082791e-6,0.00007245110408814902
L48T16beta4.405ms0.021032m0.000760,4.405,241.6,48,16,1511,3.2719224866625013e-12,5.7895752263196695e-6,0.00007245141050241006
L48T16beta4.405ms0.021032m0.000760,4.405,241.6,48,16,1512,3.2719087692286183e-12,5.789550953704502e-6,0.00007245110675211117
L48T16beta4.405ms0.021032m0.000760,4.405,241.6,48,16,1513,3.2719216338194374e-12,5.789573717237748e-6,0.00007245139161758527
L48T16beta4.405ms0.021032m0.000760,4.405,241.6,48,16,1514,3.271955515203502e-12,5.789633669398171e-6,0.0000724521418658186
L48T16beta4.405ms0.021032m0.000760,4.405,241.6,48,16,1515,3.271942938233308e-12,5.789611414801568e-6,0.00007245186336923621
L48T16beta4.405ms0.021032m0.000760,4.405,241.6,48,16,1516,3.2719564945324078e-12,5.789635402293249e-6,0.00007245216355146698
L48T16beta4.405ms0.021032m0.000760,4.405,241.6,48,16,1517,3.271941130400301e-12,5.789608215891681e-6,0.00007245182333770985
L48T16beta4.405ms0.021032m0.000760,4.405,241.6,48,16,1518,3.271693722148159e-12,5.789170433916947e-6,0.00007244634488370896
L48T16beta4.405ms0.021032m0.000760,4.405,241.6,48,16,1519,3.2719218792869386e-12,5.789574151585618e-6,0.00007245139705306449
L48T16beta4.405ms0.021032m0.000760,4.405,241.6,48,16,1520,3.2708586289243897e-12,5.787692759840098e-6,0.0000724278531002973
L48T16beta4.405ms0.021032m0.000760,4.405,241.6,48,16,1521,3.271937339901392e-12,5.789601508709996e-6,0.00007245173940326653
L48T16beta4.405ms0.021032m0.000760,4.405,241.6,48,16,1522,3.270990517724689e-12,5.787926133379341e-6,0.0000724307735636182
L48T16beta4.405ms0.021032m0.000760,4.405,241.6,48,16,1523,3.2713252453989884e-12,5.788518424626639e-6,0.00007243818556443303
L48T16beta4.405ms0.021032m0.000760,4.405,241.6,48,16,1524,3.271944514918965e-12,5.789614204702691e-6,0.00007245189828237986
L48T16beta4.405ms0.021032m0.000760,4.405,241.6,48,16,1525,3.271876020711416e-12,5.789493006120271e-6,0.00007245038158937494
L48T16beta4.405ms0.021032m0.000760,4.405,241.6,48,16,1526,3.271810341419344e-12,5.789376788451969e-6,0.00007244892722810239
L48T16beta4.405ms0.021032m0.000760,4.405,241.6,48,16,1527,3.2717895941413943e-12,5.789340076724561e-6,0.00007244846781332171
L48T16beta4.405ms0.021032m0.000760,4.405,241.6,48,16,1528,3.271928697200715e-12,5.789586215693143e-6,0.0000724515480246941
L48T16beta4.405ms0.021032m0.000760,4.405,241.6,48,16,1529,3.2718239807144375e-12,5.789400922802737e-6,0.00007244922924814466
L48T16beta4.405ms0.021032m0.000760,4.405,241.6,48,16,1530,3.271829747102984e-12,5.7894111262658116e-6,0.00007244935693545554
L48T16beta4.405ms0.021032m0.000760,4.405,241.6,48,16,1531,3.2716303236114114e-12,5.789058251981331e-6,0.00007244494102605957
L48T16beta4.405ms0.021032m0.000760,4.405,241.6,48,16,1532,3.27170797665387e-12,5.789195656865677e-6,0.00007244666052659141
L48T16beta4.405ms0.021032m0.000760,4.405,241.6,48,16,1533,3.2719563331726313e-12,5.789635116771642e-6,0.00007245215997841676
L48T16beta4.405ms0.021032m0.000760,4.405,241.6,48,16,1534,3.2715876158925735e-12,5.788982681868664e-6,0.0000724439953329749
L48T16beta4.405ms0.021032m0.000760,4.405,241.6,48,16,1535,3.2718852937766596e-12,5.7895094145495735e-6,0.00007245058692634711
L48T16beta4.405ms0.021032m0.000760,4.405,241.6,48,16,1536,3.271939246400503e-12,5.7896048822067905e-6,0.00007245178161959355
L48T16beta4.405ms0.021032m0.000760,4.405,241.6,48,16,1537,3.2719658476819696e-12,5.78965195242951e-6,0.00007245237066177634
L48T16beta4.405ms0.021032m0.000760,4.405,241.6,48,16,1538,3.271955438097034e-12,5.789633532960435e-6,0.00007245214015842107
L48T16beta4.405ms0.021032m0.000760,4.405,241.6,48,16,1539,3.2719038238664605e-12,5.7895422030246335e-6,0.00007245099724509648
L48T16beta4.405ms0.021032m0.000760,4.405,241.6,48,16,1540,3.2719007219523983e-12,5.789536714274554e-6,0.00007245092855824647
L48T16beta4.405ms0.021032m0.000760,4.405,241.6,48,16,1541,3.2719657673197187e-12,5.789651810230757e-6,0.00007245236888228479
L48T16beta4.405ms0.021032m0.000760,4.405,241.6,48,16,1542,3.2719473966838702e-12,5.789619303905001e-6,0.00007245196209438425
L48T16beta4.405ms0.021032m0.000760,4.405,241.6,48,16,1543,3.271815192006456e-12,5.7893853714300475e-6,0.00007244903463647756
L48T16beta4.405ms0.021032m0.000760,4.405,241.6,48,16,1544,3.2717052097545735e-12,5.789190760914845e-6,0.00007244659925809938
L48T16beta4.405ms0.021032m0.000760,4.405,241.6,48,16,1545,3.271949840479802e-12,5.7896236281334765e-6,0.00007245201620827693
L48T16beta4.405ms0.021032m0.000760,4.405,241.6,48,16,1546,3.271951533195738e-12,5.789626623346929e-6,0.00007245205369072267
L48T16beta4.405ms0.021032m0.000760,4.405,241.6,48,16,1547,3.2719136648408254e-12,5.789559616353225e-6,0.00007245121515749397
L48T16beta4.405ms0.021032m0.000760,4.405,241.6,48,16,1548,3.2718679875435885e-12,5.7894787916547286e-6,0.0000724502037079177
L48T16beta4.405ms0.021032m0.000760,4.405,241.6,48,16,1549,3.271402148076135e-12,5.788654501760575e-6,0.00007243988844934348
L48T16beta4.405ms0.021032m0.000760,4.405,241.6,48,16,1550,3.271936314012144e-12,5.789599693427697e-6,0.00007245171668661498
L48T16beta4.405ms0.021032m0.000760,4.405,241.6,48,16,1551,3.271811708993742e-12,5.7893792083365744e-6,0.00007244895751081674
L48T16beta4.405ms0.021032m0.000760,4.405,241.6,48,16,1552,3.2719455441963448e-12,5.789616025980195e-6,0.00007245192107405608
L48T16beta4.405ms0.021032m0.000760,4.405,241.6,48,16,1553,3.2717165800469247e-12,5.789210880328792e-6,0.00007244685103476035
L48T16beta4.405ms0.021032m0.000760,4.405,241.6,48,16,1554,3.2719544354747223e-12,5.789631758848328e-6,0.00007245211795697805
L48T16beta4.405ms0.021032m0.000760,4.405,241.6,48,16,1555,3.271858359333312e-12,5.789461754806234e-6,0.00007244999050683546
L48T16beta4.405ms0.021032m0.000760,4.405,241.6,48,16,1556,3.27189250871066e-12,5.789522181173269e-6,0.00007245074668934489
L48T16beta4.405ms0.021032m0.000760,4.405,241.6,48,16,1557,3.2719355428283503e-12,5.789598328839567e-6,0.00007245169961000212
L48T16beta4.405ms0.021032m0.000760,4.405,241.6,48,16,1558,3.2700302102011307e-12,5.786226896105015e-6,0.00007240950911286137
L48T16beta4.405ms0.021032m0.000760,4.405,241.6,48,16,1559,3.271955544373199e-12,5.7896337210131335e-6,0.00007245214251173419
L48T16beta4.405ms0.021032m0.000760,4.405,241.6,48,16,1560,3.2719598316569315e-12,5.789641307241654e-6,0.00007245223744667073
L48T16beta4.405ms0.021032m0.000760,4.405,241.6,48,16,1561,3.271931820595003e-12,5.789591742451881e-6,0.00007245161718718882
L48T16beta4.405ms0.021032m0.000760,4.405,241.6,48,16,1562,3.271919647540411e-12,5.789570202572626e-6,0.00007245134763466156
L48T16beta4.405ms0.021032m0.000760,4.405,241.6,48,16,1563,3.271909573433462e-12,5.789552376722455e-6,0.00007245112455992156
L48T16beta4.405ms0.021032m0.000760,4.405,241.6,48,16,1564,3.271945051051116e-12,5.78961515337352e-6,0.00007245191015415575
L48T16beta4.405ms0.021032m0.000760,4.405,241.6,48,16,1565,3.2719266042881813e-12,5.789582512343017e-6,0.00007245150168054453
L48T16beta4.405ms0.021032m0.000760,4.405,241.6,48,16,1566,3.271937406592002e-12,5.789601626717163e-6,0.00007245174088002179
L48T16beta4.405ms0.021032m0.000760,4.405,241.6,48,16,1567,3.2719662842745143e-12,5.7896527249677934e-6,0.0000724523803294093
L48T16beta4.405ms0.021032m0.000760,4.405,241.6,48,16,1568,3.2600070000724375e-12,5.768491106432176e-6,0.00007218756140030212
L48T16beta4.405ms0.021032m0.000760,4.405,241.6,48,16,1569,3.2719233277926877e-12,5.789576714675983e-6,0.00007245142912787221
L48T16beta4.405ms0.021032m0.000760,4.405,241.6,48,16,1570,3.27175957333498e-12,5.7892869557481935e-6,0.0000724478030513116
L48T16beta4.405ms0.021032m0.000760,4.405,241.6,48,16,1571,3.271848637367076e-12,5.789444552059195e-6,0.00007244977522967974
L48T16beta4.405ms0.021032m0.000760,4.405,241.6,48,16,1572,3.2719573346302728e-12,5.789636888822898e-6,0.00007245218215407006
L48T16beta4.405ms0.021032m0.000760,4.405,241.6,48,16,1573,3.2719540584524166e-12,5.7896310917179145e-6,0.0000724521096084313
L48T16beta4.405ms0.021032m0.000760,4.405,241.6,48,16,1574,3.2718274308516852e-12,5.789407027723993e-6,0.00007244930564583167
L48T16beta4.405ms0.021032m0.000760,4.405,241.6,48,16,1575,3.2718030116462046e-12,5.789363818623633e-6,0.00007244876492217833
L48T16beta4.405ms0.021032m0.000760,4.405,241.6,48,16,1576,3.271928897259309e-12,5.789586569691224e-6,0.00007245155245466683
L48T16beta4.405ms0.021032m0.000760,4.405,241.6,48,16,1577,3.2718560958892233e-12,5.789457749705296e-6,0.0000724499403865415
L48T16beta4.405ms0.021032m0.000760,4.405,241.6,48,16,1578,3.2697122029439752e-12,5.785664191167682e-6,0.0000724024673585335
L48T16beta4.405ms0.021032m0.000760,4.405,241.6,48,16,1579,3.2691901224608227e-12,5.784740384370997e-6,0.00007239090673399108
L48T16beta4.405ms0.021032m0.000760,4.405,241.6,48,16,1580,3.271955043564969e-12,5.789632834846993e-6,0.00007245213142214914
L48T16beta4.405ms0.021032m0.000760,4.405,241.6,48,16,1581,3.2719608173385843e-12,5.7896430513777394e-6,0.00007245225927299038
L48T16beta4.405ms0.021032m0.000760,4.405,241.6,48,16,1582,3.2718964334113514e-12,5.789529125821251e-6,0.00007245083359546876
L48T16beta4.405ms0.021032m0.000760,4.405,241.6,48,16,1583,3.2716678572030212e-12,5.789124666620744e-6,0.00007244577214649852
L48T16beta4.405ms0.021032m0.000760,4.405,241.6,48,16,1584,3.2718217018384673e-12,5.7893968903955165e-6,0.00007244917878613674
L48T16beta4.405ms0.021032m0.000760,4.405,241.6,48,16,1585,3.271800922452675e-12,5.78936012185418e-6,0.00007244871866038005
L48T16beta4.405ms0.021032m0.000760,4.405,241.6,48,16,1586,3.271371036622157e-12,5.788599450913881e-6,0.00007243919953671407
L48T16beta4.405ms0.021032m0.000760,4.405,241.6,48,16,1587,3.2716886202569595e-12,5.789161406263323e-6,0.00007244623191061281
L48T16beta4.405ms0.021032m0.000760,4.405,241.6,48,16,1588,3.271891945221992e-12,5.7895211840958485e-6,0.00007245073421180333
L48T16beta4.405ms0.021032m0.000760,4.405,241.6,48,16,1589,3.271314778268752e-12,5.788499903332765e-6,0.00007243795378683053
L48T16beta4.405ms0.021032m0.000760,4.405,241.6,48,16,1590,3.271004082388239e-12,5.787950135671682e-6,0.00007243107393106616
L48T16beta4.405ms0.021032m0.000760,4.405,241.6,48,16,1591,3.271148107000151e-12,5.788204983189771e-6,0.00007243426312222903
L48T16beta4.405ms0.021032m0.000760,4.405,241.6,48,16,1592,3.271852883252073e-12,5.789452065033812e-6,0.00007244986924790851
L48T16beta4.405ms0.021032m0.000760,4.405,241.6,48,16,1593,3.2716061842444407e-12,5.789015538047379e-6,0.00007244440649897562
L48T16beta4.405ms0.021032m0.000760,4.405,241.6,48,16,1594,3.2712548082963818e-12,5.788393788145815e-6,0.00007243662584917195
L48T16beta4.405ms0.021032m0.000760,4.405,241.6,48,16,1595,3.2713466030965254e-12,5.788556216474415e-6,0.00007243865849596425
L48T16beta4.405ms0.021032m0.000760,4.405,241.6,48,16,1596,3.2714956115576545e-12,5.788819882774146e-6,0.00007244195804637524
L48T16beta4.405ms0.021032m0.000760,4.405,241.6,48,16,1597,3.2719448088261628e-12,5.789614724763248e-6,0.0000724519047904775
L48T16beta4.405ms0.021032m0.000760,4.405,241.6,48,16,1598,3.2719069758613456e-12,5.789547780391327e-6,0.00007245106704090499
L48T16beta4.405ms0.021032m0.000760,4.405,241.6,48,16,1599,3.2716459104999485e-12,5.789085832544165e-6,0.00007244528617239615
L48T16beta4.405ms0.021032m0.000760,4.405,241.6,48,16,1600,3.271869618439354e-12,5.7894816774791205e-6,0.00007245023982145615
L48T16beta4.405ms0.021032m0.000760,4.405,241.6,48,16,1601,3.2703437996917752e-12,5.786781783928205e-6,0.00007241645304292344
L48T16beta4.405ms0.021032m0.000760,4.405,241.6,48,16,1602,3.271126250373738e-12,5.788166308501319e-6,0.00007243377914272803
L48T16beta4.405ms0.021032m0.000760,4.405,241.6,48,16,1603,3.2713551793977606e-12,5.788571391999314e-6,0.00007243884840422886
L48T16beta4.405ms0.021032m0.000760,4.405,241.6,48,16,1604,3.2709021155297272e-12,5.7877697081706175e-6,0.00007242881604055873
L48T16beta4.405ms0.021032m0.000760,4.405,241.6,48,16,1605,3.271079060209483e-12,5.788082806826994e-6,0.00007243273419316823
L48T16beta4.405ms0.021032m0.000760,4.405,241.6,48,16,1606,3.271523407155577e-12,5.788869066306393e-6,0.00007244257353475659
L48T16beta4.405ms0.021032m0.000760,4.405,241.6,48,16,1607,3.2712360325140867e-12,5.788360564924766e-6,0.00007243621008996124
L48T16beta4.405ms0.021032m0.000760,4.405,241.6,48,16,1608,3.271584533579383e-12,5.788977227801778e-6,0.00007244392708015438
L48T16beta4.405ms0.021032m0.000760,4.405,241.6,48,16,1609,3.2715549827439055e-12,5.788924938425824e-6,0.00007244327272488754
L48T16beta4.405ms0.021032m0.000760,4.405,241.6,48,16,1610,3.271760275048837e-12,5.789288197411216e-6,0.00007244781858962553
L48T16beta4.405ms0.021032m0.000760,4.405,241.6,48,16,1611,3.2719309036818377e-12,5.789590119999709e-6,0.00007245159688363567
L48T16beta4.405ms0.021032m0.000760,4.405,241.6,48,16,1612,3.2719555124903497e-12,5.789633664597324e-6,0.00007245214180574026
L48T16beta4.405ms0.021032m0.000760,4.405,241.6,48,16,1613,3.2716734582745594e-12,5.789134577560001e-6,0.0000724458961731327
L48T16beta4.405ms0.021032m0.000760,4.405,241.6,48,16,1614,3.27101841560184e-12,5.787975497891819e-6,0.000072431391316807
L48T16beta4.405ms0.021032m0.000760,4.405,241.6,48,16,1615,3.2713295408486477e-12,5.788526025304538e-6,0.00007243828068019079
L48T16beta4.405ms0.021032m0.000760,4.405,241.6,48,16,1616,3.2718090401914484e-12,5.789374485965643e-6,0.00007244889841452357
L48T16beta4.405ms0.021032m0.000760,4.405,241.6,48,16,1617,3.2716075345605424e-12,5.789017927393912e-6,0.00007244443639953305
L48T16beta4.405ms0.021032m0.000760,4.405,241.6,48,16,1618,3.2719563189715946e-12,5.789635091643305e-6,0.00007245215966395787
L48T16beta4.405ms0.021032m0.000760,4.405,241.6,48,16,1619,3.271772256316641e-12,5.78930939792912e-6,0.0000724480838953458
L48T16beta4.405ms0.021032m0.000760,4.405,241.6,48,16,1620,3.270791175574749e-12,5.787573403026602e-6,0.00007242635945540061
L48T16beta4.405ms0.021032m0.000760,4.405,241.6,48,16,1621,3.2718737097937776e-12,5.789488917016215e-6,0.00007245033041785631
L48T16beta4.405ms0.021032m0.000760,4.405,241.6,48,16,1622,3.2719315641160737e-12,5.789591288619597e-6,0.00007245161150787941
L48T16beta4.405ms0.021032m0.000760,4.405,241.6,48,16,1623,3.2719401389350012e-12,5.7896064615215945e-6,0.00007245180138332071
L48T16beta4.405ms0.021032m0.000760,4.405,241.6,48,16,1624,3.2681373740495052e-12,5.782877575534126e-6,0.00007236759532988079
L48T16beta4.405ms0.021032m0.000760,4.405,241.6,48,16,1625,3.2718460251439365e-12,5.7894399298034915e-6,0.00007244971738624006
L48T16beta4.405ms0.021032m0.000760,4.405,241.6,48,16,1626,3.2719505577711247e-12,5.7896248973603875e-6,0.00007245203209152851
L48T16beta4.405ms0.021032m0.000760,4.405,241.6,48,16,1627,3.2718790156875686e-12,5.789498305646713e-6,0.00007245044790825858
L48T16beta4.405ms0.021032m0.000760,4.405,241.6,48,16,1628,3.271803847839777e-12,5.789365298244746e-6,0.00007244878343832717
L48T16beta4.405ms0.021032m0.000760,4.405,241.6,48,16,1629,3.2715653276366997e-12,5.788943243423966e-6,0.00007244350179574037
L48T16beta4.405ms0.021032m0.000760,4.405,241.6,48,16,1630,3.2713355876845093e-12,5.788536725011284e-6,0.00007243841457755203
L48T16beta4.405ms0.021032m0.000760,4.405,241.6,48,16,1631,3.2719231631771284e-12,5.78957642339336e-6,0.00007245142548272795
L48T16beta4.405ms0.021032m0.000760,4.405,241.6,48,16,1632,3.27194440263416e-12,5.789614006017872e-6,0.00007245189579601518
L48T16beta4.405ms0.021032m0.000760,4.405,241.6,48,16,1633,3.271929805940373e-12,5.789588177576924e-6,0.00007245157257593345
L48T16beta4.405ms0.021032m0.000760,4.405,241.6,48,16,1634,3.2718614900464943e-12,5.78946729451555e-6,0.00007245005983139521
L48T16beta4.405ms0.021032m0.000760,4.405,241.6,48,16,1635,3.2481051592360935e-12,5.747431132323809e-6,0.00007192401446125226
L48T16beta4.405ms0.021032m0.000760,4.405,241.6,48,16,1636,3.271954559565049e-12,5.7896319784226866e-6,0.00007245212070475685
L48T16beta4.405ms0.021032m0.000760,4.405,241.6,48,16,1637,3.2719617029115307e-12,5.789644618374272e-6,0.00007245227888256527
L48T16beta4.405ms0.021032m0.000760,4.405,241.6,48,16,1638,3.2674463715062174e-12,5.7816548658818495e-6,0.0000723522942006132
L48T16beta4.405ms0.021032m0.000760,4.405,241.6,48,16,1639,3.2714347278087877e-12,5.788712150685271e-6,0.00007244060987461994
L48T16beta4.405ms0.021032m0.000760,4.405,241.6,48,16,1640,3.2719772900912354e-12,5.7896721994523184e-6,0.00007245262403534928
L48T16beta4.405ms0.021032m0.000760,4.405,241.6,48,16,1641,3.2718630867433045e-12,5.789470119825849e-6,0.00007245009518765336
L48T16beta4.405ms0.021032m0.000760,4.405,241.6,48,16,1642,3.271801373696243e-12,5.789360920317038e-6,0.00007244872865243613
L48T16beta4.405ms0.021032m0.000760,4.405,241.6,48,16,1643,3.2719457484239293e-12,5.789616387355187e-6,0.00007245192559634432
L48T16beta4.405ms0.021032m0.000760,4.405,241.6,48,16,1644,3.2718102259581652e-12,5.7893765841466466e-6,0.00007244892467140206
L48T16beta4.405ms0.021032m0.000760,4.405,241.6,48,16,1645,3.2718016593051647e-12,5.7893614256940285e-6,0.00007244873497678193
L48T16beta4.405ms0.021032m0.000760,4.405,241.6,48,16,1646,3.271936593241849e-12,5.789600187516841e-6,0.00007245172286970339
L48T16beta4.405ms0.021032m0.000760,4.405,241.6,48,16,1647,3.271774957147368e-12,5.789314176973467e-6,0.00007244814370085663
L48T16beta4.405ms0.021032m0.000760,4.405,241.6,48,16,1648,3.271630981570723e-12,5.78905941622191e-6,0.00007244495559550012
L48T16beta4.405ms0.021032m0.000760,4.405,241.6,48,16,1649,3.271785070747228e-12,5.789332072705239e-6,0.00007244836765010301
L48T16beta4.405ms0.021032m0.000760,4.405,241.6,48,16,1650,3.271880317153692e-12,5.789500608554578e-6,0.00007245047672711255
L48T16beta4.405ms0.021032m0.000760,4.405,241.6,48,16,1651,3.271732568164381e-12,5.789239170854964e-6,0.00007244720506565984
L48T16beta4.405ms0.021032m0.000760,4.405,241.6,48,16,1652,3.27161873657127e-12,5.789037749038238e-6,0.00007244468444987071
L48T16beta4.405ms0.021032m0.000760,4.405,241.6,48,16,1653,3.2714861363956436e-12,5.788803116740272e-6,0.00007244174823429834
L48T16beta4.405ms0.021032m0.000760,4.405,241.6,48,16,1654,3.2716601984105215e-12,5.789111114601862e-6,0.000072445602554975
L48T16beta4.405ms0.021032m0.000760,4.405,241.6,48,16,1655,3.271373176399435e-12,5.788603237189861e-6,0.00007243924691860732
L48T16beta4.405ms0.021032m0.000760,4.405,241.6,48,16,1656,3.2716162870711004e-12,5.789033414716274e-6,0.00007244463020966698
L48T16beta4.405ms0.021032m0.000760,4.405,241.6,48,16,1657,3.2719597121723464e-12,5.789641095817026e-6,0.0000724522348008786
L48T16beta4.405ms0.021032m0.000760,4.405,241.6,48,16,1658,3.2716377773425286e-12,5.789071441149839e-6,0.00007244510607683174
L48T16beta4.405ms0.021032m0.000760,4.405,241.6,48,16,1659,3.27175002780306e-12,5.789270065196736e-6,0.00007244759168100732
L48T16beta4.405ms0.021032m0.000760,4.405,241.6,48,16,1660,3.2719601353976524e-12,5.789641844702355e-6,0.00007245224417251579
L48T16beta4.405ms0.021032m0.000760,4.405,241.6,48,16,1661,3.271855244634346e-12,5.789456243433626e-6,0.00007244992153688453
L48T16beta4.405ms0.021032m0.000760,4.405,241.6,48,16,1662,3.2709351143584004e-12,5.7878280986739875e-6,0.00007242954674603603
L48T16beta4.405ms0.021032m0.000760,4.405,241.6,48,16,1663,3.2719566519084824e-12,5.789635680765806e-6,0.0000724521670363046
L48T16beta4.405ms0.021032m0.000760,4.405,241.6,48,16,1664,3.27168837157338e-12,5.789160966224692e-6,0.00007244622640391877
L48T16beta4.405ms0.021032m0.000760,4.405,241.6,48,16,1665,3.271927260169615e-12,5.789583672906849e-6,0.00007245151620397385
L48T16beta4.405ms0.021032m0.000760,4.405,241.6,48,16,1666,3.271824266363064e-12,5.789401428249984e-6,0.00007244923557336966
L48T16beta4.405ms0.021032m0.000760,4.405,241.6,48,16,1667,3.2719537124791623e-12,5.789630479527928e-6,0.00007245210194741538
L48T16beta4.405ms0.021032m0.000760,4.405,241.6,48,16,1668,3.2718819965553287e-12,5.7895035802087505e-6,0.00007245051391473477
L48T16beta4.405ms0.021032m0.000760,4.405,241.6,48,16,1669,3.271707090326535e-12,5.789194088534275e-6,0.00007244664090031177
L48T16beta4.405ms0.021032m0.000760,4.405,241.6,48,16,1670,3.271935104965256e-12,5.789597554053082e-6,0.0000724516899142349
L48T16beta4.405ms0.021032m0.000760,4.405,241.6,48,16,1671,3.2719305177392163e-12,5.7895894370850465e-6,0.00007245158833756301
L48T16beta4.405ms0.021032m0.000760,4.405,241.6,48,16,1672,3.271842872844649e-12,5.789434351898166e-6,0.00007244964758369105
L48T16beta4.405ms0.021032m0.000760,4.405,241.6,48,16,1673,3.2717777473400706e-12,5.7893191141413294e-6,0.0000724482054851433
L48T16beta4.405ms0.021032m0.000760,4.405,241.6,48,16,1674,3.2719774494260737e-12,5.7896724813908534e-6,0.00007245262756356056
L48T16beta4.405ms0.021032m0.000760,4.405,241.6,48,16,1675,3.271950122025613e-12,5.789624126320905e-6,0.00007245202244265173
L48T16beta4.405ms0.021032m0.000760,4.405,241.6,48,16,1676,3.271861832115456e-12,5.789467899797e-6,0.00007245006740595693
L48T16beta4.405ms0.021032m0.000760,4.405,241.6,48,16,1677,3.271702618548439e-12,5.789186175848143e-6,0.00007244654188004714
L48T16beta4.405ms0.021032m0.000760,4.405,241.6,48,16,1678,3.2718379158622577e-12,5.789425580656621e-6,0.00007244953781936517
L48T16beta4.405ms0.021032m0.000760,4.405,241.6,48,16,1679,3.2715938948154626e-12,5.788993792246906e-6,0.00007244413436952653
L48T16beta4.405ms0.021032m0.000760,4.405,241.6,48,16,1680,3.2717252096053565e-12,5.789226150090809e-6,0.0000724470421223191
L48T16beta4.405ms0.021032m0.000760,4.405,241.6,48,16,1681,3.271887988506102e-12,5.78951418279787e-6,0.00007245064659675488
L48T16beta4.405ms0.021032m0.000760,4.405,241.6,48,16,1682,3.2717576821486367e-12,5.7892836093469124e-6,0.00007244776117406095
L48T16beta4.405ms0.021032m0.000760,4.405,241.6,48,16,1683,3.2719491589756216e-12,5.789622422230911e-6,0.00007245200111747347
L48T16beta4.405ms0.021032m0.000760,4.405,241.6,48,16,1684,3.2719453388305597e-12,5.789615662591188e-6,0.00007245191652656425
L48T16beta4.405ms0.021032m0.000760,4.405,241.6,48,16,1685,3.2719628190494922e-12,5.789646593349143e-6,0.00007245230359762803
L48T16beta4.405ms0.021032m0.000760,4.405,241.6,48,16,1686,3.271785060053437e-12,5.789332053782875e-6,0.00007244836741330638
L48T16beta4.405ms0.021032m0.000760,4.405,241.6,48,16,1687,3.2719478133049662e-12,5.789620041104365e-6,0.00007245197131978192
L48T16beta4.405ms0.021032m0.000760,4.405,241.6,48,16,1688,3.271938183612382e-12,5.789603001632969e-6,0.00007245175808587638
L48T16beta4.405ms0.021032m0.000760,4.405,241.6,48,16,1689,3.271942370059489e-12,5.789610409433904e-6,0.0000724518507879496
L48T16beta4.405ms0.021032m0.000760,4.405,241.6,48,16,1690,3.2719405891330127e-12,5.78960725813437e-6,0.00007245181135222466
L48T16beta4.405ms0.021032m0.000760,4.405,241.6,48,16,1691,3.271835523682396e-12,5.7894213477613365e-6,0.00007244948484842657
L48T16beta4.405ms0.021032m0.000760,4.405,241.6,48,16,1692,3.2718342430215193e-12,5.789419081667774e-6,0.000072449456490271
L48T16beta4.405ms0.021032m0.000760,4.405,241.6,48,16,1693,3.2715372191659824e-12,5.788893506272069e-6,0.00007244287937929902
L48T16beta4.405ms0.021032m0.000760,4.405,241.6,48,16,1694,3.2719290660703285e-12,5.789586868397596e-6,0.00007245155619271272
L48T16beta4.405ms0.021032m0.000760,4.405,241.6,48,16,1695,3.271954549003607e-12,5.7896319597345106e-6,0.00007245212047089086
L48T16beta4.405ms0.021032m0.000760,4.405,241.6,48,16,1696,3.2717089788129607e-12,5.789197430158127e-6,0.00007244668271777715
L48T16beta4.405ms0.021032m0.000760,4.405,241.6,48,16,1697,3.2719387469554664e-12,5.789603998452783e-6,0.00007245177056019421
L48T16beta4.405ms0.021032m0.000760,4.405,241.6,48,16,1698,3.271865183268963e-12,5.7894738295692985e-6,0.0000724501416118097
L48T16beta4.405ms0.021032m0.000760,4.405,241.6,48,16,1699,3.2718822785775954e-12,5.789504079239255e-6,0.00007245052015965992
L48T16beta4.405ms0.021032m0.000760,4.405,241.6,48,16,1700,3.2716483247159018e-12,5.789090104431696e-6,0.00007244533963128822
L48T16beta4.405ms0.021032m0.000760,4.405,241.6,48,16,1701,3.2718086390287037e-12,5.789373776119398e-6,0.00007244888953142598
L48T16beta4.405ms0.021032m0.000760,4.405,241.6,48,16,1702,3.271405023130951e-12,5.78865958908957e-6,0.00007243995211276386
L48T16beta4.405ms0.021032m0.000760,4.405,241.6,48,16,1703,3.271550499120583e-12,5.788917004779896e-6,0.00007244317344232959
L48T16beta4.405ms0.021032m0.000760,4.405,241.6,48,16,1704,3.271793946342261e-12,5.789347777822133e-6,0.00007244856418574278
L48T16beta4.405ms0.021032m0.000760,4.405,241.6,48,16,1705,3.2719195986904328e-12,5.7895701161339574e-6,0.0000724513465529581
L48T16beta4.405ms0.021032m0.000760,4.405,241.6,48,16,1706,3.271712308552416e-12,5.7892033220388606e-6,0.00007244675644945053
L48T16beta4.405ms0.021032m0.000760,4.405,241.6,48,16,1707,3.271949587203716e-12,5.789623179968534e-6,0.00007245201059988927
L48T16beta4.405ms0.021032m0.000760,4.405,241.6,48,16,1708,3.271906485707202e-12,5.789546913077294e-6,0.00007245105618723739
L48T16beta4.405ms0.021032m0.000760,4.405,241.6,48,16,1709,3.271215288359571e-12,5.788323858724187e-6,0.00007243575074434395
L48T16beta4.405ms0.021032m0.000760,4.405,241.6,48,16,1710,3.2719523680525865e-12,5.789628100602746e-6,0.00007245207217727195
L48T16beta4.405ms0.021032m0.000760,4.405,241.6,48,16,1711,3.2717912340898244e-12,5.78934297856739e-6,0.00007244850412731675
L48T16beta4.405ms0.021032m0.000760,4.405,241.6,48,16,1712,3.2719628647628016e-12,5.789646674237564e-6,0.00007245230460987505
L48T16beta4.405ms0.021032m0.000760,4.405,241.6,48,16,1713,3.271957347798988e-12,5.789636912124571e-6,0.00007245218244566988
L48T16beta4.405ms0.021032m0.000760,4.405,241.6,48,16,1714,3.271955448539362e-12,5.789633551437842e-6,0.00007245214038964948
L48T16beta4.405ms0.021032m0.000760,4.405,241.6,48,16,1715,3.2718653719190822e-12,5.789474163380402e-6,0.00007245014578916027
L48T16beta4.405ms0.021032m0.000760,4.405,241.6,48,16,1716,3.2719634713972105e-12,5.789647747660165e-6,0.00007245231804280897
L48T16beta4.405ms0.021032m0.000760,4.405,241.6,48,16,1717,3.2719448686743345e-12,5.789614830662912e-6,0.00007245190611571808
L48T16beta4.405ms0.021032m0.000760,4.405,241.6,48,16,1718,3.2683099964127752e-12,5.783183025972506e-6,0.00007237141777181031
L48T16beta4.405ms0.021032m0.000760,4.405,241.6,48,16,1719,3.271795678326115e-12,5.789350842519067e-6,0.00007244860253771282
L48T16beta4.405ms0.021032m0.000760,4.405,241.6,48,16,1720,3.271747192122041e-12,5.789265047538572e-6,0.00007244752888945576
L48T16beta4.405ms0.021032m0.000760,4.405,241.6,48,16,1721,3.2706465887711884e-12,5.787317560726132e-6,0.00007242315781541657
L48T16beta4.405ms0.021032m0.000760,4.405,241.6,48,16,1722,3.2656147802836014e-12,5.778413916497985e-6,0.00007231173658713572
L48T16beta4.405ms0.021032m0.000760,4.405,241.6,48,16,1723,3.2482621907535944e-12,5.747708995197144e-6,0.00007192749166921873
L48T16beta4.405ms0.021032m0.000760,4.405,241.6,48,16,1724,3.268494042312358e-12,5.783508690038533e-6,0.00007237549316940189
L48T16beta4.405ms0.021032m0.000760,4.405,241.6,48,16,1725,3.2706750653836004e-12,5.78736794929445e-6,0.00007242378838375796
L48T16beta4.405ms0.021032m0.000760,4.405,241.6,48,16,1726,3.2710792627430015e-12,5.788083165204384e-6,0.00007243273867794412
L48T16beta4.405ms0.021032m0.000760,4.405,241.6,48,16,1727,3.2716616424031732e-12,5.789113669706428e-6,0.0000724456345298475
L48T16beta4.405ms0.021032m0.000760,4.405,241.6,48,16,1728,3.271446736168411e-12,5.788733399141391e-6,0.00007244087578024457
L48T16beta4.405ms0.021032m0.000760,4.405,241.6,48,16,1729,3.271893500864174e-12,5.789523936761132e-6,0.0000724507686589734
L48T16beta4.405ms0.021032m0.000760,4.405,241.6,48,16,1730,3.271958165463715e-12,5.7896383589594105e-6,0.00007245220055152752
L48T16beta4.405ms0.021032m0.000760,4.405,241.6,48,16,1731,3.250857659872618e-12,5.752301605130121e-6,0.00007198496411832327
L48T16beta4.405ms0.021032m0.000760,4.405,241.6,48,16,1732,3.271790560989799e-12,5.789341787535741e-6,0.00007244848922260966
L48T16beta4.405ms0.021032m0.000760,4.405,241.6,48,16,1733,3.271915163017116e-12,5.789562267334222e-6,0.00007245124833217518
L48T16beta4.405ms0.021032m0.000760,4.405,241.6,48,16,1734,3.271457246351744e-12,5.788751996616513e-6,0.00007244110851118797
L48T16beta4.405ms0.021032m0.000760,4.405,241.6,48,16,1735,3.2718608875678408e-12,5.789466228446442e-6,0.00007245004649048373
L48T16beta4.405ms0.021032m0.000760,4.405,241.6,48,16,1736,3.271934012808915e-12,5.789595621513016e-6,0.00007245166573020617
L48T16beta4.405ms0.021032m0.000760,4.405,241.6,48,16,1737,3.2717221730848848e-12,5.789220777052857e-6,0.00007244697488350398
L48T16beta4.405ms0.021032m0.000760,4.405,241.6,48,16,1738,3.271909532974404e-12,5.789552305131285e-6,0.00007245112366402142
L48T16beta4.405ms0.021032m0.000760,4.405,241.6,48,16,1739,3.2716732535969886e-12,5.789134215388771e-6,0.00007244589164088024
L48T16beta4.405ms0.021032m0.000760,4.405,241.6,48,16,1740,3.2716509173646393e-12,5.789094692051043e-6,0.00007244539704128455
L48T16beta4.405ms0.021032m0.000760,4.405,241.6,48,16,1741,3.2713723017849775e-12,5.788601689584068e-6,0.00007243922755169037
L48T16beta4.405ms0.021032m0.000760,4.405,241.6,48,16,1742,3.271847958205471e-12,5.789443350301751e-6,0.00007244976019074882
L48T16beta4.405ms0.021032m0.000760,4.405,241.6,48,16,1743,3.2717849290544977e-12,5.78933182198392e-6,0.00007244836451254758
L48T16beta4.405ms0.021032m0.000760,4.405,241.6,48,16,1744,3.271579354264078e-12,5.788968063148367e-6,0.00007244381239262715
L48T16beta4.405ms0.021032m0.000760,4.405,241.6,48,16,1745,3.2719077865777553e-12,5.789549214931314e-6,0.00007245108499290344
L48T16beta4.405ms0.021032m0.000760,4.405,241.6,48,16,1746,3.271905991106135e-12,5.789546037894555e-6,0.00007245104523509991
L48T16beta4.405ms0.021032m0.000760,4.405,241.6,48,16,1747,3.2718913562826307e-12,5.789520141984139e-6,0.0000724507211706975
L48T16beta4.405ms0.021032m0.000760,4.405,241.6,48,16,1748,3.270861117467484e-12,5.787697163247424e-6,0.00007242790820504321
L48T16beta4.405ms0.021032m0.000760,4.405,241.6,48,16,1749,3.271325646111747e-12,5.788519133676645e-6,0.00007243819443756639
L48T16beta4.405ms0.021032m0.000760,4.405,241.6,48,16,1750,3.2715579789641378e-12,5.788930240153631e-6,0.00007244333907131929
L48T16beta4.405ms0.021032m0.000760,4.405,241.6,48,16,1751,3.2714842933710644e-12,5.788799855559884e-6,0.00007244170742351173
L48T16beta4.405ms0.021032m0.000760,4.405,241.6,48,16,1752,3.27194175259894e-12,5.789609316854752e-6,0.00007245183711528837
L48T16beta4.405ms0.021032m0.000760,4.405,241.6,48,16,1753,3.2717102291791747e-12,5.7891996426461326e-6,0.0000724467104051066
L48T16beta4.405ms0.021032m0.000760,4.405,241.6,48,16,1754,3.271918773323e-12,5.789568655669396e-6,0.00007245132827653654
L48T16beta4.405ms0.021032m0.000760,4.405,241.6,48,16,1755,3.2719287971373677e-12,5.789586392528252e-6,0.00007245155023762901
L48T16beta4.405ms0.021032m0.000760,4.405,241.6,48,16,1756,3.2718819025214366e-12,5.7895034138184115e-6,0.00007245051183250692
L48T16beta4.405ms0.021032m0.000760,4.405,241.6,48,16,1757,3.271444867904897e-12,5.788730093301414e-6,0.00007244083441058275
L48T16beta4.405ms0.021032m0.000760,4.405,241.6,48,16,1758,3.2711467763510953e-12,5.788202628643525e-6,0.00007243423365716641
L48T16beta4.405ms0.021032m0.000760,4.405,241.6,48,16,1759,3.271571610384472e-12,5.788954360570232e-6,0.00007244364091698783
L48T16beta4.405ms0.021032m0.000760,4.405,241.6,48,16,1760,3.271875460928517e-12,5.789492015600105e-6,0.00007245036919389162
L48T16beta4.405ms0.021032m0.000760,4.405,241.6,48,16,1761,3.2719188394842142e-12,5.7895687727398115e-6,0.0000724513297415692
L48T16beta4.405ms0.021032m0.000760,4.405,241.6,48,16,1762,3.2717461670268863e-12,5.789263233661399e-6,0.00007244750619038811
L48T16beta4.405ms0.021032m0.000760,4.405,241.6,48,16,1763,3.271782578564539e-12,5.789327662857752e-6,0.00007244831246476418
L48T16beta4.405ms0.021032m0.000760,4.405,241.6,48,16,1764,3.2716715813289576e-12,5.789131256357313e-6,0.00007244585461122012
L48T16beta4.405ms0.021032m0.000760,4.405,241.6,48,16,1765,3.271688477134861e-12,5.789161153012777e-6,0.00007244622874140635
L48T16beta4.405ms0.021032m0.000760,4.405,241.6,48,16,1766,3.27137591890683e-12,5.788608089979906e-6,0.00007243930764698028
L48T16beta4.405ms0.021032m0.000760,4.405,241.6,48,16,1767,3.2716345857885577e-12,5.789065793784451e-6,0.00007244503540505152
L48T16beta4.405ms0.021032m0.000760,4.405,241.6,48,16,1768,3.2715566037267386e-12,5.7889278067095595e-6,0.00007244330861892021
L48T16beta4.405ms0.021032m0.000760,4.405,241.6,48,16,1769,3.2719563550234344e-12,5.7896351554360265e-6,0.00007245216046226731
L48T16beta4.405ms0.021032m0.000760,4.405,241.6,48,16,1770,3.271935935732524e-12,5.7895990240725e-6,0.00007245170831022706
L48T16beta4.405ms0.021032m0.000760,4.405,241.6,48,16,1771,3.2718877413180654e-12,5.78951374540556e-6,0.0000724506411231772
L48T16beta4.405ms0.021032m0.000760,4.405,241.6,48,16,1772,3.271636104412753e-12,5.789068480947443e-6,0.00007244506903251838
L48T16beta4.405ms0.021032m0.000760,4.405,241.6,48,16,1773,3.2709954208807834e-12,5.787934809376762e-6,0.00007243088213604815
L48T16beta4.405ms0.021032m0.000760,4.405,241.6,48,16,1774,3.2714413453463324e-12,5.7887238602326654e-6,0.00007244075640924327
L48T16beta4.405ms0.021032m0.000760,4.405,241.6,48,16,1775,3.271706833079982e-12,5.789193633343702e-6,0.00007244663520400458
L48T16beta4.405ms0.021032m0.000760,4.405,241.6,48,16,1776,3.2714777036135534e-12,5.788788195168482e-6,0.00007244156150403213
L48T16beta4.405ms0.021032m0.000760,4.405,241.6,48,16,1777,3.271675762535048e-12,5.789138654884417e-6,0.00007244594719723952
L48T16beta4.405ms0.021032m0.000760,4.405,241.6,48,16,1778,3.2719574323964037e-12,5.789637061817329e-6,0.00007245218431894227
L48T16beta4.405ms0.021032m0.000760,4.405,241.6,48,16,1779,3.2719419610881592e-12,5.789609685770587e-6,0.00007245184173194359
L48T16beta4.405ms0.021032m0.000760,4.405,241.6,48,16,1780,3.2717734944670518e-12,5.789311588801603e-6,0.00007244811131217613
L48T16beta4.405ms0.021032m0.000760,4.405,241.6,48,16,1781,3.2718523929258757e-12,5.789451197415335e-6,0.00007244985839043105
L48T16beta4.405ms0.021032m0.000760,4.405,241.6,48,16,1782,3.271668947599122e-12,5.789126596046114e-6,0.00007244579629154957
L48T16beta4.405ms0.021032m0.000760,4.405,241.6,48,16,1783,3.2712520298297915e-12,5.788388871726981e-6,0.00007243656432454099
L48T16beta4.405ms0.021032m0.000760,4.405,241.6,48,16,1784,3.2717560775505972e-12,5.78928077005561e-6,0.00007244772564284293
L48T16beta4.405ms0.021032m0.000760,4.405,241.6,48,16,1785,3.271494607704498e-12,5.7888181064840935e-6,0.00007244193581767714
L48T16beta4.405ms0.021032m0.000760,4.405,241.6,48,16,1786,3.2717396695033224e-12,5.789251736475383e-6,0.0000724473623132795
L48T16beta4.405ms0.021032m0.000760,4.405,241.6,48,16,1787,3.271842394707785e-12,5.789433505848374e-6,0.0000724496369961266
L48T16beta4.405ms0.021032m0.000760,4.405,241.6,48,16,1788,3.271943772679875e-12,5.789612891331404e-6,0.00007245188184670047
L48T16beta4.405ms0.021032m0.000760,4.405,241.6,48,16,1789,3.2719551304784904e-12,5.7896329886380354e-6,0.00007245213334670795
L48T16beta4.405ms0.021032m0.000760,4.405,241.6,48,16,1790,3.2719403212059036e-12,5.7896067840448526e-6,0.00007245180541941388
L48T16beta4.405ms0.021032m0.000760,4.405,241.6,48,16,1791,3.271813019261067e-12,5.789381526817919e-6,0.00007244898652455903
L48T16beta4.405ms0.021032m0.000760,4.405,241.6,48,16,1792,3.2719041913464107e-12,5.789542853270116e-6,0.00007245100538234328
L48T16beta4.405ms0.021032m0.000760,4.405,241.6,48,16,1793,3.2717783746473774e-12,5.789320224144044e-6,0.00007244821937584499
L48T16beta4.405ms0.021032m0.000760,4.405,241.6,48,16,1794,3.271304073784002e-12,5.788480962046726e-6,0.00007243771675339775
L48T16beta4.405ms0.021032m0.000760,4.405,241.6,48,16,1795,3.2666275027618013e-12,5.78020590056693e-6,0.00007233416168195143
L48T16beta4.405ms0.021032m0.000760,4.405,241.6,48,16,1796,3.2718905830077243e-12,5.789518773695844e-6,0.00007245070404778035
L48T16beta4.405ms0.021032m0.000760,4.405,241.6,48,16,1797,3.271872386860663e-12,5.789486576123111e-6,0.00007245030112365067
L48T16beta4.405ms0.021032m0.000760,4.405,241.6,48,16,1798,3.271910522825047e-12,5.789554056644282e-6,0.00007245114558265658
L48T16beta4.405ms0.021032m0.000760,4.405,241.6,48,16,1799,3.2716600696482786e-12,5.789110886760679e-6,0.00007244559970374423
L48T16beta4.405ms0.021032m0.000760,4.405,241.6,48,16,1800,3.27191490614114e-12,5.789561812799375e-6,0.00007245124264407381
L48T16beta4.405ms0.021032m0.000760,4.405,241.6,48,16,1801,3.2719268778533535e-12,5.789582996408929e-6,0.00007245150773820104
L48T16beta4.405ms0.021032m0.000760,4.405,241.6,48,16,1802,3.27173748757292e-12,5.78924787561063e-6,0.00007244731399797377
L48T16beta4.405ms0.021032m0.000760,4.405,241.6,48,16,1803,3.2711964881324345e-12,5.788290592248675e-6,0.00007243533444384192
L48T16beta4.405ms0.021032m0.000760,4.405,241.6,48,16,1804,3.2705295870249232e-12,5.787110529412165e-6,0.00007242056700173356
L48T16beta4.405ms0.021032m0.000760,4.405,241.6,48,16,1805,3.2714636302934837e-12,5.788763292822671e-6,0.00007244124987321152
L48T16beta4.405ms0.021032m0.000760,4.405,241.6,48,16,1806,3.271487794568517e-12,5.788806050830743e-6,0.00007244178495184406
L48T16beta4.405ms0.021032m0.000760,4.405,241.6,48,16,1807,3.2713404988080073e-12,5.788545415106802e-6,0.00007243852332640719
L48T16beta4.405ms0.021032m0.000760,4.405,241.6,48,16,1808,3.271865324366123e-12,5.789474079236773e-6,0.0000724501447361772
L48T16beta4.405ms0.021032m0.000760,4.405,241.6,48,16,1809,3.271571217506768e-12,5.788953665384136e-6,0.00007244363221734904
L48T16beta4.405ms0.021032m0.000760,4.405,241.6,48,16,1810,3.271693956564527e-12,5.789170848710147e-6,0.00007244635007447878
L48T16beta4.405ms0.021032m0.000760,4.405,241.6,48,16,1811,3.271821246240621e-12,5.789396084227884e-6,0.00007244916869766224
L48T16beta4.405ms0.021032m0.000760,4.405,241.6,48,16,1812,3.2718892134745626e-12,5.789516350345261e-6,0.00007245067372169234
L48T16beta4.405ms0.021032m0.000760,4.405,241.6,48,16,1813,3.271864739992799e-12,5.789473045204538e-6,0.00007245013179617886
L48T16beta4.405ms0.021032m0.000760,4.405,241.6,48,16,1814,3.2719390718323064e-12,5.789604573313255e-6,0.0000724517777540643
L48T16beta4.405ms0.021032m0.000760,4.405,241.6,48,16,1815,3.271666710413055e-12,5.789122637408009e-6,0.00007244574675269687
L48T16beta4.405ms0.021032m0.000760,4.405,241.6,48,16,1816,3.2714488218943996e-12,5.788737089775127e-6,0.00007244092196525977
L48T16beta4.405ms0.021032m0.000760,4.405,241.6,48,16,1817,3.271663113540584e-12,5.789116272842884e-6,0.00007244566710579663
L48T16beta4.405ms0.021032m0.000760,4.405,241.6,48,16,1818,3.271661960689038e-12,5.7891142329043535e-6,0.00007244564157777115
L48T16beta4.405ms0.021032m0.000760,4.405,241.6,48,16,1819,3.2710216569057614e-12,5.7879812332883515e-6,0.0000724314630902191
L48T16beta4.405ms0.021032m0.000760,4.405,241.6,48,16,1820,3.271200438495577e-12,5.788297582305646e-6,0.0000724354219182191
L48T16beta4.405ms0.021032m0.000760,4.405,241.6,48,16,1821,3.270899413679914e-12,5.787764927323025e-6,0.0000724287562124819
L48T16beta4.405ms0.021032m0.000760,4.405,241.6,48,16,1822,3.270745624988347e-12,5.78749280253938e-6,0.00007242535081163003
L48T16beta4.405ms0.021032m0.000760,4.405,241.6,48,16,1823,3.2704829947865194e-12,5.787028085750892e-6,0.00007241953529227084
L48T16beta4.405ms0.021032m0.000760,4.405,241.6,48,16,1824,3.271696774868136e-12,5.78917583561947e-6,0.00007244641248123583
L48T16beta4.405ms0.021032m0.000760,4.405,241.6,48,16,1825,3.2716941790959643e-12,5.789171242473294e-6,0.0000724463550020761
L48T16beta4.405ms0.021032m0.000760,4.405,241.6,48,16,1826,3.2713360918544014e-12,5.788537617125791e-6,0.00007243842574157562
L48T16beta4.405ms0.021032m0.000760,4.405,241.6,48,16,1827,3.2718814770197295e-12,5.789502660905055e-6,0.00007245050241046256
L48T16beta4.405ms0.021032m0.000760,4.405,241.6,48,16,1828,3.2717026984871733e-12,5.7891863172974956e-6,0.0000724465436501606
L48T16beta4.405ms0.021032m0.000760,4.405,241.6,48,16,1829,3.271974186999268e-12,5.789666708617969e-6,0.00007245255532241649
L48T16beta4.405ms0.021032m0.000760,4.405,241.6,48,16,1830,3.27191541953575e-12,5.789562721236763e-6,0.0000724512540123638
L48T16beta4.405ms0.021032m0.000760,4.405,241.6,48,16,1831,3.271822255917129e-12,5.789397870822194e-6,0.000072449191055309
L48T16beta4.405ms0.021032m0.000760,4.405,241.6,48,16,1832,3.2698255056311853e-12,5.785864677100225e-6,0.00007240497626256026
L48T16beta4.405ms0.021032m0.000760,4.405,241.6,48,16,1833,3.2715988789823173e-12,5.789002611590599e-6,0.00007244424473580822
L48T16beta4.405ms0.021032m0.000760,4.405,241.6,48,16,1834,3.2719484342859957e-12,5.789621139912909e-6,0.00007245198507039846
L48T16beta4.405ms0.021032m0.000760,4.405,241.6,48,16,1835,3.271900930137215e-12,5.789537082651758e-6,0.0000724509331681612
L48T16beta4.405ms0.021032m0.000760,4.405,241.6,48,16,1836,3.2719450642860057e-12,5.789615176792287e-6,0.0000724519104472209
L48T16beta4.405ms0.021032m0.000760,4.405,241.6,48,16,1837,3.2716979857679084e-12,5.789177978272712e-6,0.00007244643929464502
L48T16beta4.405ms0.021032m0.000760,4.405,241.6,48,16,1838,3.2713698007084425e-12,5.788597263999169e-6,0.00007243917216941175
L48T16beta4.405ms0.021032m0.000760,4.405,241.6,48,16,1839,3.2719352595752388e-12,5.789597827631117e-6,0.00007245169333782192
L48T16beta4.405ms0.021032m0.000760,4.405,241.6,48,16,1840,3.271936599263724e-12,5.78960019817238e-6,0.00007245172300304802
L48T16beta4.405ms0.021032m0.000760,4.405,241.6,48,16,1841,3.2713962447726534e-12,5.7886440560303565e-6,0.0000724397577302737
L48T16beta4.405ms0.021032m0.000760,4.405,241.6,48,16,1842,3.2718747675261705e-12,5.789490788644068e-6,0.0000724503538396226
L48T16beta4.405ms0.021032m0.000760,4.405,241.6,48,16,1843,3.271852293664202e-12,5.789451021774583e-6,0.00007244985619244248
L48T16beta4.405ms0.021032m0.000760,4.405,241.6,48,16,1844,3.2719416183177483e-12,5.789609079247943e-6,0.00007245183414184943
L48T16beta4.405ms0.021032m0.000760,4.405,241.6,48,16,1845,3.2719449787753827e-12,5.789615025483634e-6,0.00007245190855372702
L48T16beta4.405ms0.021032m0.000760,4.405,241.6,48,16,1846,3.2719277431372137e-12,5.789584527504492e-6,0.00007245152689850707
L48T16beta4.405ms0.021032m0.000760,4.405,241.6,48,16,1847,3.271569987350231e-12,5.788951488656588e-6,0.00007244360497753005
L48T16beta4.405ms0.021032m0.000760,4.405,241.6,48,16,1848,3.271949308437232e-12,5.789622686699046e-6,0.00007245200442705814
L48T16beta4.405ms0.021032m0.000760,4.405,241.6,48,16,1849,3.2719324556447205e-12,5.789592866154575e-6,0.00007245163124933362
L48T16beta4.405ms0.021032m0.000760,4.405,241.6,48,16,1850,3.2718997522320226e-12,5.7895349983815014e-6,0.0000724509070853634
L48T16beta4.405ms0.021032m0.000760,4.405,241.6,48,16,1851,3.2719117343733293e-12,5.789556200445044e-6,0.00007245117241042597
L48T16beta4.405ms0.021032m0.000760,4.405,241.6,48,16,1852,3.2711015595089094e-12,5.788122618707349e-6,0.00007243323240361956
L48T16beta4.405ms0.021032m0.000760,4.405,241.6,48,16,1853,3.271685628126308e-12,5.789156111771915e-6,0.0000724461656547382
L48T16beta4.405ms0.021032m0.000760,4.405,241.6,48,16,1854,3.271905503612204e-12,5.789545175287694e-6,0.0000724510344403384
L48T16beta4.405ms0.021032m0.000760,4.405,241.6,48,16,1855,3.271551083414498e-12,5.7889180386716185e-6,0.00007244318638056956
L48T16beta4.405ms0.021032m0.000760,4.405,241.6,48,16,1856,3.271937925982017e-12,5.789602545763252e-6,0.0000724517523810703
L48T16beta4.405ms0.021032m0.000760,4.405,241.6,48,16,1857,3.2719335987421526e-12,5.789594888833474e-6,0.00007245165656137008
L48T16beta4.405ms0.021032m0.000760,4.405,241.6,48,16,1858,3.2717488885834505e-12,5.789268049379535e-6,0.00007244756645483895
L48T16beta4.405ms0.021032m0.000760,4.405,241.6,48,16,1859,3.271634900183365e-12,5.789066350097259e-6,0.000072445042366814
L48T16beta4.405ms0.021032m0.000760,4.405,241.6,48,16,1860,3.2718877115263284e-12,5.7895136926899154e-6,0.00007245064046348757
L48T16beta4.405ms0.021032m0.000760,4.405,241.6,48,16,1861,3.271485894091281e-12,5.7888026879894874e-6,0.00007244174286886169
L48T16beta4.405ms0.021032m0.000760,4.405,241.6,48,16,1862,3.271935432714067e-12,5.789598133995426e-6,0.00007245169717170013
L48T16beta4.405ms0.021032m0.000760,4.405,241.6,48,16,1863,3.2714168650221307e-12,5.7886805429844396e-6,0.00007244021433221511
L48T16beta4.405ms0.021032m0.000760,4.405,241.6,48,16,1864,3.271602881821798e-12,5.789009694502981e-6,0.00007244433337218869
L48T16beta4.405ms0.021032m0.000760,4.405,241.6,48,16,1865,3.2715681234939352e-12,5.7889481906150606e-6,0.00007244356370545892
L48T16beta4.405ms0.021032m0.000760,4.405,241.6,48,16,1866,3.2719451760281803e-12,5.789615374516936e-6,0.00007245191292156991
L48T16beta4.405ms0.021032m0.000760,4.405,241.6,48,16,1867,3.2718233362811833e-12,5.789399782496138e-6,0.00007244921497821668
L48T16beta4.405ms0.021032m0.000760,4.405,241.6,48,16,1868,3.2717136506364162e-12,5.789205696818921e-6,0.00007244678616772144
L48T16beta4.405ms0.021032m0.000760,4.405,241.6,48,16,1869,3.271920597884908e-12,5.789571884180604e-6,0.00007245136867849726
L48T16beta4.405ms0.021032m0.000760,4.405,241.6,48,16,1870,3.2692373072781824e-12,5.78482387658414e-6,0.00007239195156515257
L48T16beta4.405ms0.021032m0.000760,4.405,241.6,48,16,1871,3.2719333631478792e-12,5.789594471956004e-6,0.00007245165134451745
L48T16beta4.405ms0.021032m0.000760,4.405,241.6,48,16,1872,3.2719199473503697e-12,5.789570733077953e-6,0.00007245135427346626
L48T16beta4.405ms0.021032m0.000760,4.405,241.6,48,16,1873,3.27194767294896e-12,5.789619792748342e-6,0.00007245196821182606
L48T16beta4.405ms0.021032m0.000760,4.405,241.6,48,16,1874,3.2718260887279803e-12,5.789404652873677e-6,0.00007244927592668157
L48T16beta4.405ms0.021032m0.000760,4.405,241.6,48,16,1875,3.271699231250448e-12,5.789180182119193e-6,0.00007244646687383345
L48T16beta4.405ms0.021032m0.000760,4.405,241.6,48,16,1876,3.271683526769915e-12,5.789152393480615e-6,0.00007244611912361306
L48T16beta4.405ms0.021032m0.000760,4.405,241.6,48,16,1877,3.2719178284312777e-12,5.78956698370995e-6,0.00007245130735344368
L48T16beta4.405ms0.021032m0.000760,4.405,241.6,48,16,1878,3.2718806189091795e-12,5.789501142502464e-6,0.00007245048340899783
L48T16beta4.405ms0.021032m0.000760,4.405,241.6,48,16,1879,3.271881595974919e-12,5.789502871392932e-6,0.00007245050504453207
L48T16beta4.405ms0.021032m0.000760,4.405,241.6,48,16,1880,3.270977525946579e-12,5.787903144791745e-6,0.00007243048588178809
L48T16beta4.405ms0.021032m0.000760,4.405,241.6,48,16,1881,3.2510962286080362e-12,5.752723745827519e-6,0.00007199024683557995
L48T16beta4.405ms0.021032m0.000760,4.405,241.6,48,16,1882,3.271293167520122e-12,5.7884616637181655e-6,0.00007243747525189377
L48T16beta4.405ms0.021032m0.000760,4.405,241.6,48,16,1883,3.2719046343975816e-12,5.789543637236758e-6,0.00007245101519299202
L48T16beta4.405ms0.021032m0.000760,4.405,241.6,48,16,1884,3.2719669278872054e-12,5.789653863822429e-6,0.00007245239458116725
L48T16beta4.405ms0.021032m0.000760,4.405,241.6,48,16,1885,3.271427467637934e-12,5.78869930401623e-6,0.0000724404491099255
L48T16beta4.405ms0.021032m0.000760,4.405,241.6,48,16,1886,3.271756531560257e-12,5.789281573412991e-6,0.00007244773569614962
L48T16beta4.405ms0.021032m0.000760,4.405,241.6,48,16,1887,3.271944630340439e-12,5.789614408937757e-6,0.00007245190083820098
L48T16beta4.405ms0.021032m0.000760,4.405,241.6,48,16,1888,3.2718268973268076e-12,5.789406083666661e-6,0.00007244929383178959
L48T16beta4.405ms0.021032m0.000760,4.405,241.6,48,16,1889,3.2715255110265992e-12,5.7888727890472585e-6,0.00007244262012156412
L48T16beta4.405ms0.021032m0.000760,4.405,241.6,48,16,1890,3.271750977671101e-12,5.789271745961638e-6,0.00007244761271429269
L48T16beta4.405ms0.021032m0.000760,4.405,241.6,48,16,1891,3.2719546437257133e-12,5.7896321273426254e-6,0.0000724521225683581
L48T16beta4.405ms0.021032m0.000760,4.405,241.6,48,16,1892,3.2717190067963186e-12,5.7892151743938955e-6,0.00007244690477118511
L48T16beta4.405ms0.021032m0.000760,4.405,241.6,48,16,1893,3.2719359253299004e-12,5.7895990056653496e-6,0.00007245170807987784
L48T16beta4.405ms0.021032m0.000760,4.405,241.6,48,16,1894,3.2718337756710906e-12,5.789418254704276e-6,0.00007244944614155465
L48T16beta4.405ms0.021032m0.000760,4.405,241.6,48,16,1895,3.271582371911597e-12,5.788973402791157e-6,0.00007244387921353139
L48T16beta4.405ms0.021032m0.000760,4.405,241.6,48,16,1896,3.271597143358869e-12,5.788999540453504e-6,0.00007244420630324527
L48T16beta4.405ms0.021032m0.000760,4.405,241.6,48,16,1897,3.271382603412917e-12,5.788619918026261e-6,0.00007243945566451324
L48T16beta4.405ms0.021032m0.000760,4.405,241.6,48,16,1898,3.271888259609585e-12,5.789514662507891e-6,0.0000724506525999013
L48T16beta4.405ms0.021032m0.000760,4.405,241.6,48,16,1899,3.2718816600582555e-12,5.789502984786601e-6,0.00007245050646355348
L48T16beta4.405ms0.021032m0.000760,4.405,241.6,48,16,1900,3.271499061840486e-12,5.7888259879530085e-6,0.00007244203444728596
L48T16beta4.405ms0.021032m0.000760,4.405,241.6,48,16,1901,3.2718086804936134e-12,5.789373849490395e-6,0.0000724488904495991
L48T16beta4.405ms0.021032m0.000760,4.405,241.6,48,16,1902,3.271794508070689e-12,5.789348771784858e-6,0.00007244857662430667
L48T16beta4.405ms0.021032m0.000760,4.405,241.6,48,16,1903,3.2718556822724472e-12,5.789457017821992e-6,0.00007244993122766964
L48T16beta4.405ms0.021032m0.000760,4.405,241.6,48,16,1904,3.271946349817322e-12,5.789617451503956e-6,0.00007245193891322446
L48T16beta4.405ms0.021032m0.000760,4.405,241.6,48,16,1905,3.2716462285078807e-12,5.789086395250297e-6,0.00007244529321416542
L48T16beta4.405ms0.021032m0.000760,4.405,241.6,48,16,1906,3.271849563703483e-12,5.789446191185529e-6,0.00007244979574189529
L48T16beta4.405ms0.021032m0.000760,4.405,241.6,48,16,1907,3.271936843420971e-12,5.7896006302017924e-6,0.00007245172840951379
L48T16beta4.405ms0.021032m0.000760,4.405,241.6,48,16,1908,3.271803183448309e-12,5.789364122622646e-6,0.00007244876872645696
L48T16beta4.405ms0.021032m0.000760,4.405,241.6,48,16,1909,3.2714139522611135e-12,5.788675388935377e-6,0.00007244014983385213
L48T16beta4.405ms0.021032m0.000760,4.405,241.6,48,16,1910,3.2718323103437965e-12,5.789415661848658e-6,0.00007244941369426114
L48T16beta4.405ms0.021032m0.000760,4.405,241.6,48,16,1911,3.271817307206544e-12,5.7893891142173776e-6,0.00007244908147414884
L48T16beta4.405ms0.021032m0.000760,4.405,241.6,48,16,1912,3.27194280888873e-12,5.789611185929959e-6,0.00007245186050511057
L48T16beta4.405ms0.021032m0.000760,4.405,241.6,48,16,1913,3.2719365361465345e-12,5.789600086488281e-6,0.00007245172160542036
L48T16beta4.405ms0.021032m0.000760,4.405,241.6,48,16,1914,3.2718837428328634e-12,5.7895066701979525e-6,0.00007245055258321516
L48T16beta4.405ms0.021032m0.000760,4.405,241.6,48,16,1915,3.2716350345042616e-12,5.789066587774325e-6,0.00007244504534113215
L48T16beta4.405ms0.021032m0.000760,4.405,241.6,48,16,1916,3.271957061872429e-12,5.7896364061855304e-6,0.0000724521761142905
L48T16beta4.405ms0.021032m0.000760,4.405,241.6,48,16,1917,3.2716351847599655e-12,5.789066853647586e-6,0.00007244504866830073
L48T16beta4.405ms0.021032m0.000760,4.405,241.6,48,16,1918,3.2719656729152498e-12,5.789651643184693e-6,0.00007245236679185113
L48T16beta4.405ms0.021032m0.000760,4.405,241.6,48,16,1919,3.2718186031404834e-12,5.789391407336197e-6,0.00007244911017050158
L48T16beta4.405ms0.021032m0.000760,4.405,241.6,48,16,1920,3.2714857176304954e-12,5.788802375747068e-6,0.00007244173896142411
L48T16beta4.405ms0.021032m0.000760,4.405,241.6,48,16,1921,3.271822330006042e-12,5.789398001920451e-6,0.00007244919269588767
L48T16beta4.405ms0.021032m0.000760,4.405,241.6,48,16,1922,3.2718729862952918e-12,5.7894876368059026e-6,0.00007245031439715717
L48T16beta4.405ms0.021032m0.000760,4.405,241.6,48,16,1923,3.2718118512158677e-12,5.789379459994644e-6,0.00007244896066009478
L48T16beta4.405ms0.021032m0.000760,4.405,241.6,48,16,1924,3.271933717723812e-12,5.789595099368189e-6,0.00007245165919602573
L48T16beta4.405ms0.021032m0.000760,4.405,241.6,48,16,1925,3.271945839599085e-12,5.789616548687072e-6,0.00007245192761527011
L48T16beta4.405ms0.021032m0.000760,4.405,241.6,48,16,1926,3.271880735085042e-12,5.7895013480724e-6,0.00007245048598152366
L48T16beta4.405ms0.021032m0.000760,4.405,241.6,48,16,1927,3.2716438924439517e-12,5.789082261650584e-6,0.00007244524148582303
L48T16beta4.405ms0.021032m0.000760,4.405,241.6,48,16,1928,3.271814723835464e-12,5.789384543014586e-6,0.00007244902426959118
L48T16beta4.405ms0.021032m0.000760,4.405,241.6,48,16,1929,3.271873276655539e-12,5.78948815059023e-6,0.00007245032082671335
L48T16beta4.405ms0.021032m0.000760,4.405,241.6,48,16,1930,3.2687448914770295e-12,5.783952560611642e-6,0.00007238104781682336
L48T16beta4.405ms0.021032m0.000760,4.405,241.6,48,16,1931,3.269860672546566e-12,5.785926903972317e-6,0.00007240575497679714
L48T16beta4.405ms0.021032m0.000760,4.405,241.6,48,16,1932,3.27076241339312e-12,5.787522509151551e-6,0.00007242572256359262
L48T16beta4.405ms0.021032m0.000760,4.405,241.6,48,16,1933,3.2694941779339014e-12,5.785278402017056e-6,0.00007239763954871555
L48T16beta4.405ms0.021032m0.000760,4.405,241.6,48,16,1934,3.2712769868879587e-12,5.78843303254261e-6,0.0000724371169580687
L48T16beta4.405ms0.021032m0.000760,4.405,241.6,48,16,1935,3.2716061290020107e-12,5.789015440297446e-6,0.00007244440527572171
L48T16beta4.405ms0.021032m0.000760,4.405,241.6,48,16,1936,3.2717653400941035e-12,5.7892971598669934e-6,0.0000724479307468283
L48T16beta4.405ms0.021032m0.000760,4.405,241.6,48,16,1937,3.2718002428940234e-12,5.789358919394173e-6,0.00007244870361265719
L48T16beta4.405ms0.021032m0.000760,4.405,241.6,48,16,1938,3.2717911315988378e-12,5.789342797212459e-6,0.00007244850185782027
L48T16beta4.405ms0.021032m0.000760,4.405,241.6,48,16,1939,3.271415250696447e-12,5.788677686480344e-6,0.00007244017858559419
L48T16beta4.405ms0.021032m0.000760,4.405,241.6,48,16,1940,3.2719348893159617e-12,5.789597172467693e-6,0.00007245168513903145
L48T16beta4.405ms0.021032m0.000760,4.405,241.6,48,16,1941,3.2719532485301003e-12,5.789629658583054e-6,0.00007245209167401677
L48T16beta4.405ms0.021032m0.000760,4.405,241.6,48,16,1942,3.2718536048976743e-12,5.7894533419654975e-6,0.00007244988522757853
L48T16beta4.405ms0.021032m0.000760,4.405,241.6,48,16,1943,3.271957184334864e-12,5.789636622879381e-6,0.00007245217882602229
L48T16beta4.405ms0.021032m0.000760,4.405,241.6,48,16,1944,3.2719474708654275e-12,5.78961943516719e-6,0.00007245196373701437
L48T16beta4.405ms0.021032m0.000760,4.405,241.6,48,16,1945,3.271958494655129e-12,5.7896389414544e-6,0.00007245220784093683
L48T16beta4.405ms0.021032m0.000760,4.405,241.6,48,16,1946,3.271912869357774e-12,5.789558208768239e-6,0.0000724511975428135
L48T16beta4.405ms0.021032m0.000760,4.405,241.6,48,16,1947,3.2719011926115494e-12,5.7895375470927435e-6,0.00007245093898022913
L48T16beta4.405ms0.021032m0.000760,4.405,241.6,48,16,1948,3.2719521506827564e-12,5.789627715972918e-6,0.00007245206736397002
L48T16beta4.405ms0.021032m0.000760,4.405,241.6,48,16,1949,3.2716542857896774e-12,5.789100652384832e-6,0.00007244547162958736
L48T16beta4.405ms0.021032m0.000760,4.405,241.6,48,16,1950,3.27195636935682e-12,5.789635180798551e-6,0.00007245216077965686
L48T16beta4.405ms0.021032m0.000760,4.405,241.6,48,16,1951,3.2677717215993483e-12,5.782230563761842e-6,0.00007235949855012042
L48T16beta4.405ms0.021032m0.000760,4.405,241.6,48,16,1952,3.2593919370107213e-12,5.767402769566235e-6,0.00007217394182754301
L48T16beta4.405ms0.021032m0.000760,4.405,241.6,48,16,1953,3.271382135268395e-12,5.788619089657637e-6,0.00007243944529821298
L48T16beta4.405ms0.021032m0.000760,4.405,241.6,48,16,1954,3.271500700227199e-12,5.7888288870324225e-6,0.00007244207072669929
L48T16beta4.405ms0.021032m0.000760,4.405,241.6,48,16,1955,3.269019784002781e-12,5.784438975238969e-6,0.00007238713486543422
L48T16beta4.405ms0.021032m0.000760,4.405,241.6,48,16,1956,3.2705082917828312e-12,5.78707284807755e-6,0.00007242009545317676
L48T16beta4.405ms0.021032m0.000760,4.405,241.6,48,16,1957,3.2710649826542484e-12,5.788057896987178e-6,0.00007243242246856676
L48T16beta4.405ms0.021032m0.000760,4.405,241.6,48,16,1958,3.2679803062816412e-12,5.782599648516788e-6,0.00007236411731920891
L48T16beta4.405ms0.021032m0.000760,4.405,241.6,48,16,1959,3.2640718735198145e-12,5.775683786180853e-6,0.00007227757142223168
L48T16beta4.405ms0.021032m0.000760,4.405,241.6,48,16,1960,3.2717869355564357e-12,5.7893353724329175e-6,0.00007244840894327484
L48T16beta4.405ms0.021032m0.000760,4.405,241.6,48,16,1961,3.2714333107756065e-12,5.788709643284734e-6,0.00007244057849672113
L48T16beta4.405ms0.021032m0.000760,4.405,241.6,48,16,1962,3.2718503723552498e-12,5.7894476220721885e-6,0.00007244981364817558
L48T16beta4.405ms0.021032m0.000760,4.405,241.6,48,16,1963,3.2717495184053864e-12,5.789269163831816e-6,0.000072447580401223
L48T16beta4.405ms0.021032m0.000760,4.405,241.6,48,16,1964,3.2719141069523192e-12,5.789560398657134e-6,0.00007245122494733509
L48T16beta4.405ms0.021032m0.000760,4.405,241.6,48,16,1965,3.271895253944442e-12,5.78952703878758e-6,0.00007245080747808928
L48T16beta4.405ms0.021032m0.000760,4.405,241.6,48,16,1966,3.2717245996357553e-12,5.789225070766679e-6,0.00007244702861553275
L48T16beta4.405ms0.021032m0.000760,4.405,241.6,48,16,1967,3.271524347904779e-12,5.788870730935765e-6,0.00007244259436612008
L48T16beta4.405ms0.021032m0.000760,4.405,241.6,48,16,1968,3.2719455750865776e-12,5.789616080639597e-6,0.00007245192175807013
L48T16beta4.405ms0.021032m0.000760,4.405,241.6,48,16,1969,3.2716244299296946e-12,5.789047823276557e-6,0.00007244481052004813
L48T16beta4.405ms0.021032m0.000760,4.405,241.6,48,16,1970,3.2719604399854063e-12,5.789642383661857e-6,0.000072452250917117
L48T16beta4.405ms0.021032m0.000760,4.405,241.6,48,16,1971,3.271958560472236e-12,5.789639057915928e-6,0.0000724522092983498
L48T16beta4.405ms0.021032m0.000760,4.405,241.6,48,16,1972,3.2716553130024144e-12,5.789102470009008e-6,0.00007244549437554541
L48T16beta4.405ms0.021032m0.000760,4.405,241.6,48,16,1973,3.2719556163974695e-12,5.789633848458063e-6,0.0000724521441065947
L48T16beta4.405ms0.021032m0.000760,4.405,241.6,48,16,1974,3.2718972340030704e-12,5.789530542445881e-6,0.00007245085132327236
L48T16beta4.405ms0.021032m0.000760,4.405,241.6,48,16,1975,3.2719551413840396e-12,5.789633007935099e-6,0.00007245213358819362
L48T16beta4.405ms0.021032m0.000760,4.405,241.6,48,16,1976,3.27193896628406e-12,5.7896043865485886e-6,0.0000724517754168698
L48T16beta4.405ms0.021032m0.000760,4.405,241.6,48,16,1977,3.271625516646496e-12,5.789049746191509e-6,0.00007244483458362707
L48T16beta4.405ms0.021032m0.000760,4.405,241.6,48,16,1978,3.2699408001693105e-12,5.78606868755719e-6,0.00007240752927289118
L48T16beta4.405ms0.021032m0.000760,4.405,241.6,48,16,1979,3.2686076909595876e-12,5.783709788137643e-6,0.00007237800973415152
L48T16beta4.405ms0.021032m0.000760,4.405,241.6,48,16,1980,3.2698506460058112e-12,5.785909162289195e-6,0.00007240553295533329
L48T16beta4.405ms0.021032m0.000760,4.405,241.6,48,16,1981,3.2719612452225716e-12,5.789643808506474e-6,0.00007245226874778647
L48T16beta4.405ms0.021032m0.000760,4.405,241.6,48,16,1982,3.2719087223638735e-12,5.789550870778648e-6,0.00007245110571436749
L48T16beta4.405ms0.021032m0.000760,4.405,241.6,48,16,1983,3.271594500285201e-12,5.7889948636086555e-6,0.00007244414777667074
L48T16beta4.405ms0.021032m0.000760,4.405,241.6,48,16,1984,3.271701133408515e-12,5.7891835479346315e-6,0.0000724465089940351
L48T16beta4.405ms0.021032m0.000760,4.405,241.6,48,16,1985,3.2718555720125803e-12,5.7894568227202445e-6,0.00007244992878614391
L48T16beta4.405ms0.021032m0.000760,4.405,241.6,48,16,1986,3.2712949741222846e-12,5.788464860450107e-6,0.00007243751525616508
L48T16beta4.405ms0.021032m0.000760,4.405,241.6,48,16,1987,3.2718284258242307e-12,5.789408788300053e-6,0.00007244932767788303
L48T16beta4.405ms0.021032m0.000760,4.405,241.6,48,16,1988,3.2717647143617486e-12,5.789296052651112e-6,0.00007244791689100138
L48T16beta4.405ms0.021032m0.000760,4.405,241.6,48,16,1989,3.2719331918619354e-12,5.789594168870323e-6,0.00007245164755166838
L48T16beta4.405ms0.021032m0.000760,4.405,241.6,48,16,1990,3.2719216382531255e-12,5.7895737250830345e-6,0.0000724513917157621
L48T16beta4.405ms0.021032m0.000760,4.405,241.6,48,16,1991,3.2717951655270746e-12,5.789349935135524e-6,0.00007244859118261077
L48T16beta4.405ms0.021032m0.000760,4.405,241.6,48,16,1992,3.271814361014195e-12,5.78938390101251e-6,0.00007244901623550332
L48T16beta4.405ms0.021032m0.000760,4.405,241.6,48,16,1993,3.2713375137183173e-12,5.788540133074178e-6,0.00007243845722644323
L48T16beta4.405ms0.021032m0.000760,4.405,241.6,48,16,1994,3.271401358773777e-12,5.788653105112153e-6,0.00007243987097152444
L48T16beta4.405ms0.021032m0.000760,4.405,241.6,48,16,1995,3.271737108565381e-12,5.7892472049674015e-6,0.00007244730560546725
L48T16beta4.405ms0.021032m0.000760,4.405,241.6,48,16,1996,3.271451466079798e-12,5.788741768587152e-6,0.00007244098051645177
L48T16beta4.405ms0.021032m0.000760,4.405,241.6,48,16,1997,3.2716943610227595e-12,5.789171564387664e-6,0.00007244635903054958
L48T16beta4.405ms0.021032m0.000760,4.405,241.6,48,16,1998,3.2716431801421826e-12,5.789081001252548e-6,0.00007244522571305698
L48T16beta4.405ms0.021032m0.000760,4.405,241.6,48,16,1999,3.2711608617810892e-12,5.7882275524175075e-6,0.00007243454555614164
L48T16beta4.405ms0.021032m0.000760,4.405,241.6,48,16,2000,3.271269387877456e-12,5.788419586306298e-6,0.00007243694869032044
L48T16beta4.405ms0.021032m0.000760,4.405,241.6,48,16,2001,3.271112583047148e-12,5.788142124549603e-6,0.00007243347650197376
L48T16beta4.405ms0.021032m0.000760,4.405,241.6,48,16,2002,3.2706699017781097e-12,5.787358812439115e-6,0.00007242367404409905
L48T16beta4.405ms0.021032m0.000760,4.405,241.6,48,16,2003,3.2713467894702436e-12,5.788556546257491e-6,0.00007243866262290761
L48T16beta4.405ms0.021032m0.000760,4.405,241.6,48,16,2004,3.2719191887264863e-12,5.789569390714233e-6,0.00007245133747497222
L48T16beta4.405ms0.021032m0.000760,4.405,241.6,48,16,2005,3.270689093930038e-12,5.787392772414572e-6,0.00007242409902313919
L48T16beta4.405ms0.021032m0.000760,4.405,241.6,48,16,2006,3.271937876258536e-12,5.7896024577789446e-6,0.00007245175128002455
L48T16beta4.405ms0.021032m0.000760,4.405,241.6,48,16,2007,3.2708041368332033e-12,5.787596337610522e-6,0.00007242664646142252
L48T16beta4.405ms0.021032m0.000760,4.405,241.6,48,16,2008,3.2718822275041557e-12,5.789503988866233e-6,0.00007245051902872153
L48T16beta4.405ms0.021032m0.000760,4.405,241.6,48,16,2009,3.271766088963873e-12,5.789298484971082e-6,0.00007244794732933334
L48T16beta4.405ms0.021032m0.000760,4.405,241.6,48,16,2010,3.27196508381707e-12,5.789650600791958e-6,0.00007245235374722851
L48T16beta4.405ms0.021032m0.000760,4.405,241.6,48,16,2011,3.270418309858188e-12,5.786913627581387e-6,0.00007241810294956865
L48T16beta4.405ms0.021032m0.000760,4.405,241.6,48,16,2012,3.2719536534515538e-12,5.789630375080228e-6,0.00007245210064034484
L48T16beta4.405ms0.021032m0.000760,4.405,241.6,48,16,2013,3.271438086506182e-12,5.7887180938062666e-6,0.00007244068424751985
L48T16beta4.405ms0.021032m0.000760,4.405,241.6,48,16,2014,3.271804662963405e-12,5.789366740583182e-6,0.00007244880148791631
L48T16beta4.405ms0.021032m0.000760,4.405,241.6,48,16,2015,3.271907266817163e-12,5.789548295229499e-6,0.00007245107348364911
L48T16beta4.405ms0.021032m0.000760,4.405,241.6,48,16,2016,3.2717975868369288e-12,5.789354219575514e-6,0.00007244864479858575
L48T16beta4.405ms0.021032m0.000760,4.405,241.6,48,16,2017,3.27197049789285e-12,5.789660180847457e-6,0.00007245247363314524
L48T16beta4.405ms0.021032m0.000760,4.405,241.6,48,16,2018,3.271703929305455e-12,5.789188495195982e-6,0.00007244657090463286
L48T16beta4.405ms0.021032m0.000760,4.405,241.6,48,16,2019,3.2719290989722645e-12,5.789586926616651e-6,0.00007245155692127266
L48T16beta4.405ms0.021032m0.000760,4.405,241.6,48,16,2020,3.2719567716445304e-12,5.7896358926353905e-6,0.00007245216968766496
L48T16beta4.405ms0.021032m0.000760,4.405,241.6,48,16,2021,3.2716610814026643e-12,5.789112677031735e-6,0.00007244562210740219
L48T16beta4.405ms0.021032m0.000760,4.405,241.6,48,16,2022,3.271706771828912e-12,5.7891935249616486e-6,0.0000724466338476991
L48T16beta4.405ms0.021032m0.000760,4.405,241.6,48,16,2023,3.2718506765724267e-12,5.789448160375965e-6,0.00007244982038457096
L48T16beta4.405ms0.021032m0.000760,4.405,241.6,48,16,2024,3.271785084564453e-12,5.7893320971544315e-6,0.00007244836795606302
L48T16beta4.405ms0.021032m0.000760,4.405,241.6,48,16,2025,3.271902220578675e-12,5.789539366051789e-6,0.00007245096174289191
L48T16beta4.405ms0.021032m0.000760,4.405,241.6,48,16,2026,3.271919402430252e-12,5.789569768857063e-6,0.00007245134220709509
L48T16beta4.405ms0.021032m0.000760,4.405,241.6,48,16,2027,3.2719623232308156e-12,5.789645716011878e-6,0.00007245229261852856
L48T16beta4.405ms0.021032m0.000760,4.405,241.6,48,16,2028,3.2719375477421016e-12,5.789601876478312e-6,0.00007245174400556156
L48T16beta4.405ms0.021032m0.000760,4.405,241.6,48,16,2029,3.271890674447578e-12,5.789518935496105e-6,0.00007245070607256742
L48T16beta4.405ms0.021032m0.000760,4.405,241.6,48,16,2030,3.271824299384114e-12,5.789401486679807e-6,0.00007244923630456719
L48T16beta4.405ms0.021032m0.000760,4.405,241.6,48,16,2031,3.2718125926476292e-12,5.789380771937386e-6,0.0000724489770778972
L48T16beta4.405ms0.021032m0.000760,4.405,241.6,48,16,2032,3.270060584114405e-12,5.786280641894084e-6,0.0000724101816938495
L48T16beta4.405ms0.021032m0.000760,4.405,241.6,48,16,2033,3.2719716272657014e-12,5.789662179241095e-6,0.00007245249864127316
L48T16beta4.405ms0.021032m0.000760,4.405,241.6,48,16,2034,3.271812104452249e-12,5.78937990808933e-6,0.00007244896626760324
L48T16beta4.405ms0.021032m0.000760,4.405,241.6,48,16,2035,3.2719022389222324e-12,5.7895393985102e-6,0.0000724509621490802
L48T16beta4.405ms0.021032m0.000760,4.405,241.6,48,16,2036,3.2716228662142298e-12,5.7890450563258256e-6,0.00007244477589410833
L48T16beta4.405ms0.021032m0.000760,4.405,241.6,48,16,2037,3.2718061754730813e-12,5.789369416926704e-6,0.00007244883497998707
L48T16beta4.405ms0.021032m0.000760,4.405,241.6,48,16,2038,3.271943026774721e-12,5.789611571473119e-6,0.00007245186532984202
L48T16beta4.405ms0.021032m0.000760,4.405,241.6,48,16,2039,3.271951478760636e-12,5.78962652702554e-6,0.00007245205248534576
L48T16beta4.405ms0.021032m0.000760,4.405,241.6,48,16,2040,3.2717599681714473e-12,5.789287654400267e-6,0.00007244781179432404
L48T16beta4.405ms0.021032m0.000760,4.405,241.6,48,16,2041,3.271775620930031e-12,5.789315351518304e-6,0.00007244815839924585
L48T16beta4.405ms0.021032m0.000760,4.405,241.6,48,16,2042,3.271670587203445e-12,5.7891294972800544e-6,0.00007244583259792492
L48T16beta4.405ms0.021032m0.000760,4.405,241.6,48,16,2043,3.271647081655347e-12,5.78908790487085e-6,0.00007244531210573072
L48T16beta4.405ms0.021032m0.000760,4.405,241.6,48,16,2044,3.2719386007893435e-12,5.789603739815921e-6,0.00007245176732358278
L48T16beta4.405ms0.021032m0.000760,4.405,241.6,48,16,2045,3.271936046945303e-12,5.789599220860399e-6,0.00007245171077285344
L48T16beta4.405ms0.021032m0.000760,4.405,241.6,48,16,2046,3.271953238723047e-12,5.789629641229747e-6,0.0000724520914568555
L48T16beta4.405ms0.021032m0.000760,4.405,241.6,48,16,2047,3.2719378921801086e-12,5.789602485951721e-6,0.00007245175163258193
L48T16beta4.405ms0.021032m0.000760,4.405,241.6,48,16,2048,3.2719479758823526e-12,5.789620328780498e-6,0.00007245197491979415
L48T16beta4.405ms0.021032m0.000760,4.405,241.6,48,16,2049,3.2719545422538132e-12,5.7896319477909394e-6,0.00007245212032142763
L48T16beta4.405ms0.021032m0.000760,4.405,241.6,48,16,2050,3.2718831965098473e-12,5.789505703494673e-6,0.0000724505404857791
L48T16beta4.405ms0.021032m0.000760,4.405,241.6,48,16,2051,3.2719447356901617e-12,5.789614595351142e-6,0.00007245190317099951
L48T16beta4.405ms0.021032m0.000760,4.405,241.6,48,16,2052,3.2719374640578933e-12,5.789601728401449e-6,0.00007245174215251064
L48T16beta4.405ms0.021032m0.000760,4.405,241.6,48,16,2053,3.271888285761727e-12,5.789514708783375e-6,0.00007245065317899802
L48T16beta4.405ms0.021032m0.000760,4.405,241.6,48,16,2054,3.2717594695866787e-12,5.78928677216848e-6,0.00007244780075397394
L48T16beta4.405ms0.021032m0.000760,4.405,241.6,48,16,2055,3.2717560184171096e-12,5.78928066542056e-6,0.00007244772433342787
L48T16beta4.405ms0.021032m0.000760,4.405,241.6,48,16,2056,3.2719498778816007e-12,5.789623694314912e-6,0.00007245201703647902
L48T16beta4.405ms0.021032m0.000760,4.405,241.6,48,16,2057,3.2719492919200897e-12,5.789622657472425e-6,0.00007245200406131285
L48T16beta4.405ms0.021032m0.000760,4.405,241.6,48,16,2058,3.2716449619553965e-12,5.789084154121139e-6,0.00007244526516841728
L48T16beta4.405ms0.021032m0.000760,4.405,241.6,48,16,2059,3.2691988552116902e-12,5.78475583672914e-6,0.00007239110010657875
L48T16beta4.405ms0.021032m0.000760,4.405,241.6,48,16,2060,3.2719226967796118e-12,5.789575598116013e-6,0.00007245141515511229
L48T16beta4.405ms0.021032m0.000760,4.405,241.6,48,16,2061,3.2719257851676166e-12,5.789581062932113e-6,0.00007245148354244971
L48T16beta4.405ms0.021032m0.000760,4.405,241.6,48,16,2062,3.270299838046538e-12,5.786703995027884e-6,0.00007241547958367482
L48T16beta4.405ms0.021032m0.000760,4.405,241.6,48,16,2063,3.2707164775390757e-12,5.787441226944023e-6,0.00007242470538869568
L48T16beta4.405ms0.021032m0.000760,4.405,241.6,48,16,2064,3.269784349782586e-12,5.785791852978492e-6,0.00007240406493312212
L48T16beta4.405ms0.021032m0.000760,4.405,241.6,48,16,2065,3.2719083578617735e-12,5.789550225802388e-6,0.00007245109764306037
L48T16beta4.405ms0.021032m0.000760,4.405,241.6,48,16,2066,3.271827973601281e-12,5.789407988104206e-6,0.00007244931766414015
L48T16beta4.405ms0.021032m0.000760,4.405,241.6,48,16,2067,3.2719694010778275e-12,5.789658240063986e-6,0.0000724524493459576
L48T16beta4.405ms0.021032m0.000760,4.405,241.6,48,16,2068,3.27151684214731e-12,5.788857449708085e-6,0.00007244242816330883
L48T16beta4.405ms0.021032m0.000760,4.405,241.6,48,16,2069,3.2719572042401384e-12,5.789636658101206e-6,0.00007245217926679225
L48T16beta4.405ms0.021032m0.000760,4.405,241.6,48,16,2070,3.2719453165562402e-12,5.7896156231774035e-6,0.00007245191603333561
L48T16beta4.405ms0.021032m0.000760,4.405,241.6,48,16,2071,3.2715882363574422e-12,5.788983779763876e-6,0.00007244400907216191
L48T16beta4.405ms0.021032m0.000760,4.405,241.6,48,16,2072,3.271950803701847e-12,5.7896253325279146e-6,0.00007245203753726502
L48T16beta4.405ms0.021032m0.000760,4.405,241.6,48,16,2073,3.2717407567495195e-12,5.789253660327086e-6,0.00007244738638858106
L48T16beta4.405ms0.021032m0.000760,4.405,241.6,48,16,2074,3.271917194493291e-12,5.789565861974433e-6,0.00007245129331591636
L48T16beta4.405ms0.021032m0.000760,4.405,241.6,48,16,2075,3.27182760560517e-12,5.789407336945392e-6,0.00007244930951546382
L48T16beta4.405ms0.021032m0.000760,4.405,241.6,48,16,2076,3.2718426360327656e-12,5.78943393286617e-6,0.00007244964233987644
L48T16beta4.405ms0.021032m0.000760,4.405,241.6,48,16,2077,3.2719354573177273e-12,5.7895981775309135e-6,0.00007245169771650823
L48T16beta4.405ms0.021032m0.000760,4.405,241.6,48,16,2078,3.27193977816514e-12,5.789605823149427e-6,0.00007245179339465797
L48T16beta4.405ms0.021032m0.000760,4.405,241.6,48,16,2079,3.2719450334222427e-12,5.789615122179723e-6,0.000072451909763793
L48T16beta4.405ms0.021032m0.000760,4.405,241.6,48,16,2080,3.2718807711633518e-12,5.789501411911958e-6,0.00007245048678041924
L48T16beta4.405ms0.021032m0.000760,4.405,241.6,48,16,2081,3.271291977584415e-12,5.78845955816025e-6,0.00007243744890269976
L48T16beta4.405ms0.021032m0.000760,4.405,241.6,48,16,2082,3.267842394812389e-12,5.782355618033468e-6,0.00007236106349366366
L48T16beta4.405ms0.021032m0.000760,4.405,241.6,48,16,2083,3.271695773225206e-12,5.7891740632403516e-6,0.00007244639030147962
L48T16beta4.405ms0.021032m0.000760,4.405,241.6,48,16,2084,3.269961782618017e-12,5.786105815412668e-6,0.00007240799389514636
L48T16beta4.405ms0.021032m0.000760,4.405,241.6,48,16,2085,3.269904979648897e-12,5.786005304149293e-6,0.00007240673608563216
L48T16beta4.405ms0.021032m0.000760,4.405,241.6,48,16,2086,3.2716396135246697e-12,5.789074690222724e-6,0.00007244514673610366
L48T16beta4.405ms0.021032m0.000760,4.405,241.6,48,16,2087,3.2713177518705576e-12,5.788505165037899e-6,0.00007243801963241397
L48T16beta4.405ms0.021032m0.000760,4.405,241.6,48,16,2088,3.2702239438679942e-12,5.7865697024039875e-6,0.00007241379903032831
L48T16beta4.405ms0.021032m0.000760,4.405,241.6,48,16,2089,3.2719553253887125e-12,5.789633333526216e-6,0.00007245213766267831
L48T16beta4.405ms0.021032m0.000760,4.405,241.6,48,16,2090,3.2719289350449194e-12,5.789586636551804e-6,0.0000724515532913678
L48T16beta4.405ms0.021032m0.000760,4.405,241.6,48,16,2091,3.2719540182183516e-12,5.789631020524863e-6,0.00007245210871751327
L48T16beta4.405ms0.021032m0.000760,4.405,241.6,48,16,2092,3.2719435769755597e-12,5.7896125450380975e-6,0.00007245187751314619
L48T16beta4.405ms0.021032m0.000760,4.405,241.6,48,16,2093,3.271913298829948e-12,5.789558968707226e-6,0.00007245120705277742
L48T16beta4.405ms0.021032m0.000760,4.405,241.6,48,16,2094,3.271842493770935e-12,5.789433681137844e-6,0.0000724496391897192
L48T16beta4.405ms0.021032m0.000760,4.405,241.6,48,16,2095,3.2718835314319686e-12,5.789506296129988e-6,0.00007245054790208563
L48T16beta4.405ms0.021032m0.000760,4.405,241.6,48,16,2096,3.2718523717235822e-12,5.7894511598984705e-6,0.0000724498579209407
L48T16beta4.405ms0.021032m0.000760,4.405,241.6,48,16,2097,3.271936252655195e-12,5.789599584858293e-6,0.00007245171532796498
L48T16beta4.405ms0.021032m0.000760,4.405,241.6,48,16,2098,3.2719569080962443e-12,5.7896361340828775e-6,0.0000724521727091666
L48T16beta4.405ms0.021032m0.000760,4.405,241.6,48,16,2099,3.2718709464679012e-12,5.78948402738845e-6,0.00007245026922849188
L48T16beta4.405ms0.021032m0.000760,4.405,241.6,48,16,2100,3.271790360772386e-12,5.789341433256635e-6,0.00007244848478912017
L48T16beta4.405ms0.021032m0.000760,4.405,241.6,48,16,2101,3.2719620287545175e-12,5.789645194944314e-6,0.0000724522860978291
L48T16beta4.405ms0.021032m0.000760,4.405,241.6,48,16,2102,3.271969443429475e-12,5.78965831500404e-6,0.00007245245028376605
L48T16beta4.405ms0.021032m0.000760,4.405,241.6,48,16,2103,3.2719653280140216e-12,5.789651032891627e-6,0.00007245235915457346
L48T16beta4.405ms0.021032m0.000760,4.405,241.6,48,16,2104,3.271908138983166e-12,5.789549838502821e-6,0.00007245109279634902
L48T16beta4.405ms0.021032m0.000760,4.405,241.6,48,16,2105,3.2712311442207736e-12,5.788351915226621e-6,0.00007243610184664345
L48T16beta4.405ms0.021032m0.000760,4.405,241.6,48,16,2106,3.271446872765709e-12,5.788733640846484e-6,0.00007244087880496991
L48T16beta4.405ms0.021032m0.000760,4.405,241.6,48,16,2107,3.271719438041968e-12,5.789215937470997e-6,0.00007244691432041975
L48T16beta4.405ms0.021032m0.000760,4.405,241.6,48,16,2108,3.2714487629594353e-12,5.788736985491358e-6,0.00007244092066024068
L48T16beta4.405ms0.021032m0.000760,4.405,241.6,48,16,2109,3.2717622683952947e-12,5.789291724581959e-6,0.00007244786272904603
L48T16beta4.405ms0.021032m0.000760,4.405,241.6,48,16,2110,3.271927366736948e-12,5.7895838614747605e-6,0.0000724515185637344
L48T16beta4.405ms0.021032m0.000760,4.405,241.6,48,16,2111,3.2717830531412173e-12,5.789328502607896e-6,0.00007244832297349411
L48T16beta4.405ms0.021032m0.000760,4.405,241.6,48,16,2112,3.271370413404431e-12,5.788598348147565e-6,0.00007243918573656952
L48T16beta4.405ms0.021032m0.000760,4.405,241.6,48,16,2113,3.271636641722809e-12,5.789069431702543e-6,0.00007244508093037708
L48T16beta4.405ms0.021032m0.000760,4.405,241.6,48,16,2114,3.2496328799829205e-12,5.750134391409138e-6,0.00007195784335646987
L48T16beta4.405ms0.021032m0.000760,4.405,241.6,48,16,2115,3.271651876377989e-12,5.789096388998313e-6,0.00007244541827707792
L48T16beta4.405ms0.021032m0.000760,4.405,241.6,48,16,2116,3.271372863566345e-12,5.7886026836404675e-6,0.00007243923999142653
L48T16beta4.405ms0.021032m0.000760,4.405,241.6,48,16,2117,3.2716765819467804e-12,5.7891401048105334e-6,0.00007244596534178177
L48T16beta4.405ms0.021032m0.000760,4.405,241.6,48,16,2118,3.2719455583973815e-12,5.7896160511085315e-6,0.00007245192138851499
L48T16beta4.405ms0.021032m0.000760,4.405,241.6,48,16,2119,3.2718769594621496e-12,5.789494667213409e-6,0.00007245040237648558
L48T16beta4.405ms0.021032m0.000760,4.405,241.6,48,16,2120,3.2718752865720787e-12,5.789491707081269e-6,0.00007245036533305141
L48T16beta4.405ms0.021032m0.000760,4.405,241.6,48,16,2121,3.271826573138182e-12,5.789405510023965e-6,0.00007244928665315889
L48T16beta4.405ms0.021032m0.000760,4.405,241.6,48,16,2122,3.2719323743295575e-12,5.789592722269671e-6,0.00007245162944874138
L48T16beta4.405ms0.021032m0.000760,4.405,241.6,48,16,2123,3.2714793122217645e-12,5.78879104155567e-6,0.00007244159712404892
L48T16beta4.405ms0.021032m0.000760,4.405,241.6,48,16,2124,3.271910824779058e-12,5.789554590943449e-6,0.00007245115226893784
L48T16beta4.405ms0.021032m0.000760,4.405,241.6,48,16,2125,3.2715380819484485e-12,5.788895032941485e-6,0.00007244289848421575
L48T16beta4.405ms0.021032m0.000760,4.405,241.6,48,16,2126,3.271095070310091e-12,5.788111136251738e-6,0.0000724330887108489
L48T16beta4.405ms0.021032m0.000760,4.405,241.6,48,16,2127,3.271519153911981e-12,5.788861540310941e-6,0.00007244247935358361
L48T16beta4.405ms0.021032m0.000760,4.405,241.6,48,16,2128,3.2685826314501384e-12,5.783665446037339e-6,0.00007237745483200653
L48T16beta4.405ms0.021032m0.000760,4.405,241.6,48,16,2129,3.2719361822323464e-12,5.789599460247034e-6,0.00007245171376856534
L48T16beta4.405ms0.021032m0.000760,4.405,241.6,48,16,2130,3.2718863117646784e-12,5.789511215850869e-6,0.00007245060946803875
L48T16beta4.405ms0.021032m0.000760,4.405,241.6,48,16,2131,3.2719575818315445e-12,5.789637326238627e-6,0.0000724521876279408
L48T16beta4.405ms0.021032m0.000760,4.405,241.6,48,16,2132,3.2716292728273357e-12,5.789056392648331e-6,0.00007244491775815247
L48T16beta4.405ms0.021032m0.000760,4.405,241.6,48,16,2133,3.271750500857726e-12,5.789270902253722e-6,0.00007244760215603477
L48T16beta4.405ms0.021032m0.000760,4.405,241.6,48,16,2134,3.271849693418638e-12,5.789446420712864e-6,0.00007244979861422675
L48T16beta4.405ms0.021032m0.000760,4.405,241.6,48,16,2135,3.2719651352875563e-12,5.789650691867543e-6,0.00007245235488695884
L48T16beta4.405ms0.021032m0.000760,4.405,241.6,48,16,2136,3.271670592854743e-12,5.789129507279868e-6,0.00007244583272306372
L48T16beta4.405ms0.021032m0.000760,4.405,241.6,48,16,2137,3.271915495331964e-12,5.789562855356041e-6,0.00007245125569074787
L48T16beta4.405ms0.021032m0.000760,4.405,241.6,48,16,2138,3.270199662106844e-12,5.786526736507522e-6,0.00007241326135015651
L48T16beta4.405ms0.021032m0.000760,4.405,241.6,48,16,2139,3.2695837795672213e-12,5.78543694959837e-6,0.00007239962363138982
L48T16beta4.405ms0.021032m0.000760,4.405,241.6,48,16,2140,3.2705794799257294e-12,5.78719881350314e-6,0.00007242167179900556
L48T16beta4.405ms0.021032m0.000760,4.405,241.6,48,16,2141,3.2715624233724818e-12,5.788938104409752e-6,0.00007244343748552522
L48T16beta4.405ms0.021032m0.000760,4.405,241.6,48,16,2142,3.2715686348239027e-12,5.788949095399121e-6,0.00007244357502803075
L48T16beta4.405ms0.021032m0.000760,4.405,241.6,48,16,2143,3.2718782784115625e-12,5.789497001057464e-6,0.00007245043158247862
L48T16beta4.405ms0.021032m0.000760,4.405,241.6,48,16,2144,3.271949172978135e-12,5.789622447007967e-6,0.0000724520014275364
L48T16beta4.405ms0.021032m0.000760,4.405,241.6,48,16,2145,3.2715407632841826e-12,5.788899777489989e-6,0.0000724429578580416
L48T16beta4.405ms0.021032m0.000760,4.405,241.6,48,16,2146,3.2719237062840662e-12,5.789577384405879e-6,0.0000724514375089492
L48T16beta4.405ms0.021032m0.000760,4.405,241.6,48,16,2147,3.2719506553387323e-12,5.789625070003537e-6,0.00007245203425200476
L48T16beta4.405ms0.021032m0.000760,4.405,241.6,48,16,2148,3.2719169820733098e-12,5.789565486103224e-6,0.0000724512886122208
L48T16beta4.405ms0.021032m0.000760,4.405,241.6,48,16,2149,3.271862029699126e-12,5.789468249415772e-6,0.00007245007178112645
L48T16beta4.405ms0.021032m0.000760,4.405,241.6,48,16,2150,3.2717093646364682e-12,5.789198112862021e-6,0.00007244669126121222
L48T16beta4.405ms0.021032m0.000760,4.405,241.6,48,16,2151,3.2719133579502007e-12,5.789559073318858e-6,0.00007245120836189942
L48T16beta4.405ms0.021032m0.000760,4.405,241.6,48,16,2152,3.2717728459309818e-12,5.789310441235186e-6,0.00007244809695139797
L48T16beta4.405ms0.021032m0.000760,4.405,241.6,48,16,2153,3.2717028247083174e-12,5.789186540642276e-6,0.00007244654644512288
L48T16beta4.405ms0.021032m0.000760,4.405,241.6,48,16,2154,3.2718052084923277e-12,5.789367705881336e-6,0.00007244881356776847
L48T16beta4.405ms0.021032m0.000760,4.405,241.6,48,16,2155,3.2719456896477837e-12,5.789616283352443e-6,0.00007245192429484201
L48T16beta4.405ms0.021032m0.000760,4.405,241.6,48,16,2156,3.2717439550135795e-12,5.7892593195657885e-6,0.0000724474572089453
L48T16beta4.405ms0.021032m0.000760,4.405,241.6,48,16,2157,3.271952885497073e-12,5.789629016206277e-6,0.00007245208363523988
L48T16beta4.405ms0.021032m0.000760,4.405,241.6,48,16,2158,3.2719418880183326e-12,5.789609556475575e-6,0.00007245184011393092
L48T16beta4.405ms0.021032m0.000760,4.405,241.6,48,16,2159,3.2714527685914777e-12,5.788744073345099e-6,0.0000724410093584579
L48T16beta4.405ms0.021032m0.000760,4.405,241.6,48,16,2160,3.271936631424506e-12,5.789600255079984e-6,0.00007245172371519633
L48T16beta4.405ms0.021032m0.000760,4.405,241.6,48,16,2161,3.2718093038172184e-12,5.789374952444061e-6,0.00007244890425208817
L48T16beta4.405ms0.021032m0.000760,4.405,241.6,48,16,2162,3.2664478743640315e-12,5.7798880531466715e-6,0.00007233018410276433
L48T16beta4.405ms0.021032m0.000760,4.405,241.6,48,16,2163,3.260227197139686e-12,5.768880738977154e-6,0.0000721924373067992
L48T16beta4.405ms0.021032m0.000760,4.405,241.6,48,16,2164,3.2719054204970963e-12,5.789545028217838e-6,0.00007245103259988929
L48T16beta4.405ms0.021032m0.000760,4.405,241.6,48,16,2165,3.271832795852494e-12,5.789416520942704e-6,0.00007244942444506285
L48T16beta4.405ms0.021032m0.000760,4.405,241.6,48,16,2166,3.271868174340823e-12,5.789479122187205e-6,0.00007245020784423913
L48T16beta4.405ms0.021032m0.000760,4.405,241.6,48,16,2167,3.2718511862877376e-12,5.789449062302936e-6,0.00007244983167138884
L48T16beta4.405ms0.021032m0.000760,4.405,241.6,48,16,2168,3.271921110233962e-12,5.789572790767909e-6,0.00007245138002363512
L48T16beta4.405ms0.021032m0.000760,4.405,241.6,48,16,2169,3.271613955401155e-12,5.789029288891592e-6,0.00007244457857862221
L48T16beta4.405ms0.021032m0.000760,4.405,241.6,48,16,2170,3.2719311290455413e-12,5.789590518774472e-6,0.00007245160187394894
L48T16beta4.405ms0.021032m0.000760,4.405,241.6,48,16,2171,3.271594589183956e-12,5.788995020912513e-6,0.00007244414974518931
L48T16beta4.405ms0.021032m0.000760,4.405,241.6,48,16,2172,3.271901262293244e-12,5.789537670392551e-6,0.00007245094052321711
L48T16beta4.405ms0.021032m0.000760,4.405,241.6,48,16,2173,3.2719095728114224e-12,5.789552375621773e-6,0.0000724511245461475
L48T16beta4.405ms0.021032m0.000760,4.405,241.6,48,16,2174,3.2717121961617318e-12,5.789203123166692e-6,0.00007244675396074134
L48T16beta4.405ms0.021032m0.000760,4.405,241.6,48,16,2175,3.2719467674707393e-12,5.789618190529984e-6,0.0000724519481614812
L48T16beta4.405ms0.021032m0.000760,4.405,241.6,48,16,2176,3.2719444278069203e-12,5.789614050560367e-6,0.00007245189635342508
L48T16beta4.405ms0.021032m0.000760,4.405,241.6,48,16,2177,3.2718658120718123e-12,5.789474942218334e-6,0.00007245015553562775
L48T16beta4.405ms0.021032m0.000760,4.405,241.6,48,16,2178,3.2719528740488934e-12,5.7896289959490435e-6,0.00007245208338173853
L48T16beta4.405ms0.021032m0.000760,4.405,241.6,48,16,2179,3.271934705642161e-12,5.789596847462046e-6,0.00007245168107187339
L48T16beta4.405ms0.021032m0.000760,4.405,241.6,48,16,2180,3.2719329463679645e-12,5.789593734475615e-6,0.00007245164211560303
L48T16beta4.405ms0.021032m0.000760,4.405,241.6,48,16,2181,3.2718876812449006e-12,5.789513639107777e-6,0.00007245063979295451
L48T16beta4.405ms0.021032m0.000760,4.405,241.6,48,16,2182,3.2719484270862157e-12,5.7896211271731e-6,0.00007245198491097102
L48T16beta4.405ms0.021032m0.000760,4.405,241.6,48,16,2183,3.271749536709239e-12,5.7892691962199705e-6,0.00007244758080653211
L48T16beta4.405ms0.021032m0.000760,4.405,241.6,48,16,2184,3.271510329112455e-12,5.788845925075274e-6,0.00007244228394272787
L48T16beta4.405ms0.021032m0.000760,4.405,241.6,48,16,2185,3.2714882139292352e-12,5.788806792877792e-6,0.0000724417942379062
L48T16beta4.405ms0.021032m0.000760,4.405,241.6,48,16,2186,3.2637092090842582e-12,5.7750420616167406e-6,0.00007226954080720266
L48T16beta4.405ms0.021032m0.000760,4.405,241.6,48,16,2187,3.2713050658845764e-12,5.788482717540913e-6,0.00007243773872185398
L48T16beta4.405ms0.021032m0.000760,4.405,241.6,48,16,2188,3.271961629140255e-12,5.789644487838065e-6,0.00007245227724902016
L48T16beta4.405ms0.021032m0.000760,4.405,241.6,48,16,2189,3.2716450161390353e-12,5.789084249997571e-6,0.000072445266368226
L48T16beta4.405ms0.021032m0.000760,4.405,241.6,48,16,2190,3.271951590727804e-12,5.7896267251483086e-6,0.00007245205496467686
L48T16beta4.405ms0.021032m0.000760,4.405,241.6,48,16,2191,3.2719290272788664e-12,5.78958679975719e-6,0.00007245155533373878
L48T16beta4.405ms0.021032m0.000760,4.405,241.6,48,16,2192,3.2716512418709023e-12,5.789095266255789e-6,0.0000724454042269488
L48T16beta4.405ms0.021032m0.000760,4.405,241.6,48,16,2193,3.271778458265411e-12,5.789320372103814e-6,0.00007244822122743056
L48T16beta4.405ms0.021032m0.000760,4.405,241.6,48,16,2194,3.2719530006009097e-12,5.789629219879293e-6,0.00007245208618402742
L48T16beta4.405ms0.021032m0.000760,4.405,241.6,48,16,2195,3.271631593591732e-12,5.789060499175949e-6,0.00007244496914771156
L48T16beta4.405ms0.021032m0.000760,4.405,241.6,48,16,2196,3.271805290958926e-12,5.789367851803673e-6,0.00007244881539385738
L48T16beta4.405ms0.021032m0.000760,4.405,241.6,48,16,2197,3.2713103364147418e-12,5.788492043596466e-6,0.00007243785542918618
L48T16beta4.405ms0.021032m0.000760,4.405,241.6,48,16,2198,3.271909658586743e-12,5.789552527398802e-6,0.0000724511264455027
L48T16beta4.405ms0.021032m0.000760,4.405,241.6,48,16,2199,3.2718594275345026e-12,5.7894636449583314e-6,0.00007245001416041627
L48T16beta4.405ms0.021032m0.000760,4.405,241.6,48,16,2200,3.271278374711738e-12,5.788435488257929e-6,0.00007243714768917274
L48T16beta4.405ms0.021032m0.000760,4.405,241.6,48,16,2201,3.271944678727196e-12,5.789614494556769e-6,0.00007245190190964715
L48T16beta4.405ms0.021032m0.000760,4.405,241.6,48,16,2202,3.271881136949236e-12,5.789502059159839e-6,0.00007245049488015367
L48T16beta4.405ms0.021032m0.000760,4.405,241.6,48,16,2203,3.2718219210082424e-12,5.789397278210297e-6,0.00007244918363929554
L48T16beta4.405ms0.021032m0.000760,4.405,241.6,48,16,2204,3.2719605880176487e-12,5.789642645600765e-6,0.00007245225419505063
L48T16beta4.405ms0.021032m0.000760,4.405,241.6,48,16,2205,3.2718163223057495e-12,5.789387371462999e-6,0.00007244905966512004
L48T16beta4.405ms0.021032m0.000760,4.405,241.6,48,16,2206,3.2715949720957877e-12,5.788995698464278e-6,0.00007244415822415004
L48T16beta4.405ms0.021032m0.000760,4.405,241.6,48,16,2207,3.2716829827894744e-12,5.789151430922457e-6,0.00007244610707804952
L48T16beta4.405ms0.021032m0.000760,4.405,241.6,48,16,2208,3.2718398803434206e-12,5.789429056751033e-6,0.00007244958131961058
L48T16beta4.405ms0.021032m0.000760,4.405,241.6,48,16,2209,3.271939699629304e-12,5.789605684182464e-6,0.00007245179165560941
L48T16beta4.405ms0.021032m0.000760,4.405,241.6,48,16,2210,3.2716691386579913e-12,5.789126934119433e-6,0.00007244580052223799
L48T16beta4.405ms0.021032m0.000760,4.405,241.6,48,16,2211,3.271813008342283e-12,5.789381507497436e-6,0.0000724489862827803
L48T16beta4.405ms0.021032m0.000760,4.405,241.6,48,16,2212,3.2714923173141737e-12,5.788814053702546e-6,0.00007244188510070258
L48T16beta4.405ms0.021032m0.000760,4.405,241.6,48,16,2213,3.2718382388332735e-12,5.78942615214479e-6,0.00007244954497103387
L48T16beta4.405ms0.021032m0.000760,4.405,241.6,48,16,2214,3.271900028153005e-12,5.789535486615954e-6,0.00007245091319518553
L48T16beta4.405ms0.021032m0.000760,4.405,241.6,48,16,2215,3.2718282687393236e-12,5.7894085103427084e-6,0.00007244932419949285
L48T16beta4.405ms0.021032m0.000760,4.405,241.6,48,16,2216,3.2717727856857634e-12,5.789310334632959e-6,0.00007244809561736542
L48T16beta4.405ms0.021032m0.000760,4.405,241.6,48,16,2217,3.2719616473249935e-12,5.789644520015451e-6,0.00007245227765169167
L48T16beta4.405ms0.021032m0.000760,4.405,241.6,48,16,2218,3.2719455550357195e-12,5.789616045160165e-6,0.00007245192131407644
L48T16beta4.405ms0.021032m0.000760,4.405,241.6,48,16,2219,3.2717747580416857e-12,5.789313824661538e-6,0.0000724481392919846
L48T16beta4.405ms0.021032m0.000760,4.405,241.6,48,16,2220,3.271945407956389e-12,5.789615784907408e-6,0.0000724519180572435
L48T16beta4.405ms0.021032m0.000760,4.405,241.6,48,16,2221,3.27164337022167e-12,5.789081337592879e-6,0.00007244522992205858
L48T16beta4.405ms0.021032m0.000760,4.405,241.6,48,16,2222,3.2719547759687322e-12,5.7896323613429446e-6,0.00007245212549666501
L48T16beta4.405ms0.021032m0.000760,4.405,241.6,48,16,2223,3.271701907530454e-12,5.789184917721728e-6,0.00007244652613570842
L48T16beta4.405ms0.021032m0.000760,4.405,241.6,48,16,2224,3.2713399111789e-12,5.788544375313551e-6,0.00007243851031431481
L48T16beta4.405ms0.021032m0.000760,4.405,241.6,48,16,2225,3.27144236527988e-12,5.78872566497652e-6,0.00007244077899401551
L48T16beta4.405ms0.021032m0.000760,4.405,241.6,48,16,2226,3.2716578482646698e-12,5.789106956084582e-6,0.0000724455505148113
L48T16beta4.405ms0.021032m0.000760,4.405,241.6,48,16,2227,3.271925253177986e-12,5.7895801215913575e-6,0.00007245147176240319
L48T16beta4.405ms0.021032m0.000760,4.405,241.6,48,16,2228,3.2718109526197898e-12,5.789377869954045e-6,0.00007244894076214377
L48T16beta4.405ms0.021032m0.000760,4.405,241.6,48,16,2229,3.2719170202162622e-12,5.78956555359611e-6,0.00007245128945683455
L48T16beta4.405ms0.021032m0.000760,4.405,241.6,48,16,2230,3.2719328760774648e-12,5.789593610098544e-6,0.00007245164055913404
L48T16beta4.405ms0.021032m0.000760,4.405,241.6,48,16,2231,3.2718711807519205e-12,5.789484441947462e-6,0.00007245027441633106
L48T16beta4.405ms0.021032m0.000760,4.405,241.6,48,16,2232,3.271904534315345e-12,5.789543460144042e-6,0.00007245101297683341
L48T16beta4.405ms0.021032m0.000760,4.405,241.6,48,16,2233,3.271951740467347e-12,5.7896269901082376e-6,0.0000724520582804159
L48T16beta4.405ms0.021032m0.000760,4.405,241.6,48,16,2234,3.271026080495624e-12,5.7879890607067525e-6,0.00007243156104343355
L48T16beta4.405ms0.021032m0.000760,4.405,241.6,48,16,2235,3.2716722355030907e-12,5.789132413900125e-6,0.00007244586909684405
L48T16beta4.405ms0.021032m0.000760,4.405,241.6,48,16,2236,3.27183574176691e-12,5.789421733655778e-6,0.00007244948967755401
L48T16beta4.405ms0.021032m0.000760,4.405,241.6,48,16,2237,3.2559661586173702e-12,5.761340950620995e-6,0.000072098083527819
L48T16beta4.405ms0.021032m0.000760,4.405,241.6,48,16,2238,3.271671484502504e-12,5.7891310850256145e-6,0.00007244585246715553
L48T16beta4.405ms0.021032m0.000760,4.405,241.6,48,16,2239,3.2714070255168384e-12,5.788663132255331e-6,0.00007243999645234786
L48T16beta4.405ms0.021032m0.000760,4.405,241.6,48,16,2240,3.271838109647514e-12,5.789425923554206e-6,0.000072449542110425
L48T16beta4.405ms0.021032m0.000760,4.405,241.6,48,16,2241,3.2717000710174407e-12,5.789181668063373e-6,0.00007244648546910988
L48T16beta4.405ms0.021032m0.000760,4.405,241.6,48,16,2242,3.2718631324963186e-12,5.789470200784526e-6,0.00007245009620077955
L48T16beta4.405ms0.021032m0.000760,4.405,241.6,48,16,2243,3.271591522315882e-12,5.788989594175328e-6,0.0000724440818343758
L48T16beta4.405ms0.021032m0.000760,4.405,241.6,48,16,2244,3.2719316283714637e-12,5.789591402317711e-6,0.00007245161293071068
L48T16beta4.405ms0.021032m0.000760,4.405,241.6,48,16,2245,3.271915613876872e-12,5.789563065117936e-6,0.00007245125831573237
L48T16beta4.405ms0.021032m0.000760,4.405,241.6,48,16,2246,3.2709164740484373e-12,5.7877951151674364e-6,0.00007242913398664012
L48T16beta4.405ms0.021032m0.000760,4.405,241.6,48,16,2247,3.271181515011912e-12,5.788264097731158e-6,0.00007243500288840138
L48T16beta4.405ms0.021032m0.000760,4.405,241.6,48,16,2248,3.2707035972119726e-12,5.787418435565864e-6,0.00007242442017476713
L48T16beta4.405ms0.021032m0.000760,4.405,241.6,48,16,2249,3.2712217161485007e-12,5.78833523251672e-6,0.00007243589307729232
L48T16beta4.405ms0.021032m0.000760,4.405,241.6,48,16,2250,3.2718762059469336e-12,5.7894933338893326e-6,0.00007245038569111468
L48T16beta4.405ms0.021032m0.000760,4.405,241.6,48,16,2251,3.2718900005005195e-12,5.789517742965655e-6,0.00007245069114910417
L48T16beta4.405ms0.021032m0.000760,4.405,241.6,48,16,2252,3.2676146524021162e-12,5.7819526342152774e-6,0.0000723560205077975
L48T16beta4.405ms0.021032m0.000760,4.405,241.6,48,16,2253,3.271748602934824e-12,5.789267543932289e-6,0.00007244756012961393
L48T16beta4.405ms0.021032m0.000760,4.405,241.6,48,16,2254,3.2719444561428194e-12,5.789614100699947e-6,0.00007245189698087756
L48T16beta4.405ms0.021032m0.000760,4.405,241.6,48,16,2255,3.2719534356582072e-12,5.789629989700999e-6,0.00007245209581766483
L48T16beta4.405ms0.021032m0.000760,4.405,241.6,48,16,2256,3.271887329686523e-12,5.789513017035071e-6,0.0000724506320082651
L48T16beta4.405ms0.021032m0.000760,4.405,241.6,48,16,2257,3.2716139960190317e-12,5.789029360763788e-6,0.00007244457947803915
L48T16beta4.405ms0.021032m0.000760,4.405,241.6,48,16,2258,3.271614254059678e-12,5.789029817359487e-6,0.00007244458519193023
L48T16beta4.405ms0.021032m0.000760,4.405,241.6,48,16,2259,3.2716007649011744e-12,5.789005948671211e-6,0.00007244428649641894
L48T16beta4.405ms0.021032m0.000760,4.405,241.6,48,16,2260,3.2716638323009792e-12,5.789117544669278e-6,0.00007244568302157845
L48T16beta4.405ms0.021032m0.000760,4.405,241.6,48,16,2261,3.2716975122235513e-12,5.789177140349232e-6,0.00007244642880877418
L48T16beta4.405ms0.021032m0.000760,4.405,241.6,48,16,2262,3.2719534079708178e-12,5.789629940708939e-6,0.00007245209520457255
L48T16beta4.405ms0.021032m0.000760,4.405,241.6,48,16,2263,3.271815357032297e-12,5.789385663438652e-6,0.00007244903829070684
L48T16beta4.405ms0.021032m0.000760,4.405,241.6,48,16,2264,3.270108762580821e-12,5.786365892341411e-6,0.00007241124852775585
L48T16beta4.405ms0.021032m0.000760,4.405,241.6,48,16,2265,3.271942652055286e-12,5.789610908417571e-6,0.0000724518570322886
L48T16beta4.405ms0.021032m0.000760,4.405,241.6,48,16,2266,3.2716457472872875e-12,5.789085543743931e-6,0.0000724452825583168
L48T16beta4.405ms0.021032m0.000760,4.405,241.6,48,16,2267,3.2714988382767275e-12,5.788825592363198e-6,0.00007244202949682956
L48T16beta4.405ms0.021032m0.000760,4.405,241.6,48,16,2268,3.271363270097654e-12,5.788585708266236e-6,0.00007243902755964028
L48T16beta4.405ms0.021032m0.000760,4.405,241.6,48,16,2269,3.2712048103237855e-12,5.7883053181332494e-6,0.00007243551872525578
L48T16beta4.405ms0.021032m0.000760,4.405,241.6,48,16,2270,3.2718012012456287e-12,5.789360615170505e-6,0.00007244872483379731
L48T16beta4.405ms0.021032m0.000760,4.405,241.6,48,16,2271,3.2719344463177303e-12,5.789596388594727e-6,0.00007245167532955496
L48T16beta4.405ms0.021032m0.000760,4.405,241.6,48,16,2272,3.2719196499756307e-12,5.789570206881679e-6,0.00007245134768858554
L48T16beta4.405ms0.021032m0.000760,4.405,241.6,48,16,2273,3.271880129085908e-12,5.7895002757739e-6,0.00007245047256265685
L48T16beta4.405ms0.021032m0.000760,4.405,241.6,48,16,2274,3.2716445854360166e-12,5.789083487880639e-6,0.00007244525683100701
L48T16beta4.405ms0.021032m0.000760,4.405,241.6,48,16,2275,3.2709234617526148e-12,5.787807479714323e-6,0.00007242928871800248
L48T16beta4.405ms0.021032m0.000760,4.405,241.6,48,16,2276,3.2718794385687675e-12,5.789499053923154e-6,0.00007245045727227605
L48T16beta4.405ms0.021032m0.000760,4.405,241.6,48,16,2277,3.2719559679426124e-12,5.78963447050735e-6,0.00007245215189099104
L48T16beta4.405ms0.021032m0.000760,4.405,241.6,48,16,2278,3.2718059404082035e-12,5.789369000985985e-6,0.00007244882977485706
L48T16beta4.405ms0.021032m0.000760,4.405,241.6,48,16,2279,3.2718107339397056e-12,5.789377483005759e-6,0.00007244893591982841
L48T16beta4.405ms0.021032m0.000760,4.405,241.6,48,16,2280,3.271944109719579e-12,5.789613487713723e-6,0.00007245188930989741
L48T16beta4.405ms0.021032m0.000760,4.405,241.6,48,16,2281,3.271961398416421e-12,5.789644079578701e-6,0.00007245227214001551
L48T16beta4.405ms0.021032m0.000760,4.405,241.6,48,16,2282,3.2719542947216693e-12,5.789631509789742e-6,0.00007245211484023025
L48T16beta4.405ms0.021032m0.000760,4.405,241.6,48,16,2283,3.2718154195009767e-12,5.789385773975232e-6,0.00007244903967397432
L48T16beta4.405ms0.021032m0.000760,4.405,241.6,48,16,2284,3.2716772322827954e-12,5.789141255561903e-6,0.00007244597974241681
L48T16beta4.405ms0.021032m0.000760,4.405,241.6,48,16,2285,3.2710200371140685e-12,5.787978367112305e-6,0.00007243142722256228
L48T16beta4.405ms0.021032m0.000760,4.405,241.6,48,16,2286,3.2715813888372175e-12,5.788971663268569e-6,0.00007244385744494557
L48T16beta4.405ms0.021032m0.000760,4.405,241.6,48,16,2287,3.2718875484063117e-12,5.789513404053613e-6,0.00007245063685145967
L48T16beta4.405ms0.021032m0.000760,4.405,241.6,48,16,2288,3.270393400075047e-12,5.7868695504175935e-6,0.00007241755136286963
L48T16beta4.405ms0.021032m0.000760,4.405,241.6,48,16,2289,3.2714226655169883e-12,5.788690806797676e-6,0.00007244034277475486
L48T16beta4.405ms0.021032m0.000760,4.405,241.6,48,16,2290,3.270587647123286e-12,5.787213265130535e-6,0.00007242185264833352
L48T16beta4.405ms0.021032m0.000760,4.405,241.6,48,16,2291,3.2704081048052393e-12,5.786895570025936e-6,0.00007241787697524212
L48T16beta4.405ms0.021032m0.000760,4.405,241.6,48,16,2292,3.270724697027682e-12,5.787455771098966e-6,0.00007242488739592402
L48T16beta4.405ms0.021032m0.000760,4.405,241.6,48,16,2293,3.270945153776703e-12,5.78784586314357e-6,0.00007242976905265228
L48T16beta4.405ms0.021032m0.000760,4.405,241.6,48,16,2294,3.2707891560364446e-12,5.78756982951012e-6,0.0000724263147360042
L48T16beta4.405ms0.021032m0.000760,4.405,241.6,48,16,2295,3.271863051763491e-12,5.789470057930048e-6,0.00007245009441308217
L48T16beta4.405ms0.021032m0.000760,4.405,241.6,48,16,2296,3.2719548798493823e-12,5.789632545156846e-6,0.00007245212779693332
L48T16beta4.405ms0.021032m0.000760,4.405,241.6,48,16,2297,3.267054984871634e-12,5.78096231819078e-6,0.00007234362757912599
L48T16beta4.405ms0.021032m0.000760,4.405,241.6,48,16,2298,3.2713497963180923e-12,5.7885618667905675e-6,0.00007243872920467069
L48T16beta4.405ms0.021032m0.000760,4.405,241.6,48,16,2299,3.2717255361365576e-12,5.789226727878627e-6,0.00007244704935282233
L48T16beta4.405ms0.021032m0.000760,4.405,241.6,48,16,2300,3.2718824123823313e-12,5.7895043160029885e-6,0.00007245052312254853
L48T16beta4.405ms0.021032m0.000760,4.405,241.6,48,16,2301,3.2719348349602693e-12,5.789597076286818e-6,0.00007245168393541292
L48T16beta4.405ms0.021032m0.000760,4.405,241.6,48,16,2302,3.2719438733841517e-12,5.789613069524802e-6,0.00007245188407663315
L48T16beta4.405ms0.021032m0.000760,4.405,241.6,48,16,2303,3.2719326224837413e-12,5.789593161371551e-6,0.00007245163494371283
L48T16beta4.405ms0.021032m0.000760,4.405,241.6,48,16,2304,3.2717685133706915e-12,5.789302774891064e-6,0.00007244800101388557
L48T16beta4.405ms0.021032m0.000760,4.405,241.6,48,16,2305,3.271757991620065e-12,5.7892841569479395e-6,0.00007244776802680323
L48T16beta4.405ms0.021032m0.000760,4.405,241.6,48,16,2306,3.271676423088398e-12,5.789139823715074e-6,0.00007244596182412087
L48T16beta4.405ms0.021032m0.000760,4.405,241.6,48,16,2307,3.2718914646234386e-12,5.789520333690165e-6,0.00007245072356972876
L48T16beta4.405ms0.021032m0.000760,4.405,241.6,48,16,2308,3.271572419234762e-12,5.788955791808173e-6,0.00007244365882766408
L48T16beta4.405ms0.021032m0.000760,4.405,241.6,48,16,2309,3.271517907754462e-12,5.788859335270104e-6,0.00007244245175944887
L48T16beta4.405ms0.021032m0.000760,4.405,241.6,48,16,2310,3.271897746047722e-12,5.7895314484945545e-6,0.0000724508626616697
L48T16beta4.405ms0.021032m0.000760,4.405,241.6,48,16,2311,3.2715360658115107e-12,5.7888914654436255e-6,0.00007244285384013706
L48T16beta4.405ms0.021032m0.000760,4.405,241.6,48,16,2312,3.2718588988403598e-12,5.789462709448849e-6,0.00007245000245334298
L48T16beta4.405ms0.021032m0.000760,4.405,241.6,48,16,2313,3.2714738367758003e-12,5.788781352907349e-6,0.00007244147587918909
L48T16beta4.405ms0.021032m0.000760,4.405,241.6,48,16,2314,3.271918144268688e-12,5.789567542575404e-6,0.00007245131434715027
L48T16beta4.405ms0.021032m0.000760,4.405,241.6,48,16,2315,3.271881557090813e-12,5.789502802588595e-6,0.00007245050418350668
L48T16beta4.405ms0.021032m0.000760,4.405,241.6,48,16,2316,3.2719583654428998e-12,5.789638712816979e-6,0.00007245220497974184
L48T16beta4.405ms0.021032m0.000760,4.405,241.6,48,16,2317,3.2713458336067975e-12,5.788554854883887e-6,0.00007243864145686373
L48T16beta4.405ms0.021032m0.000760,4.405,241.6,48,16,2318,3.271925390701726e-12,5.789580364935765e-6,0.0000724514748076431
L48T16beta4.405ms0.021032m0.000760,4.405,241.6,48,16,2319,3.2719272294779057e-12,5.789583618598729e-6,0.00007245151552435579
L48T16beta4.405ms0.021032m0.000760,4.405,241.6,48,16,2320,3.2718765591861424e-12,5.789493958936222e-6,0.00007245039351302337
L48T16beta4.405ms0.021032m0.000760,4.405,241.6,48,16,2321,3.2719030839302415e-12,5.789540893728212e-6,0.00007245098086041044
L48T16beta4.405ms0.021032m0.000760,4.405,241.6,48,16,2322,3.266229335152019e-12,5.7795013541301135e-6,0.00007232534490677943
L48T16beta4.405ms0.021032m0.000760,4.405,241.6,48,16,2323,3.271948316323423e-12,5.78962093118144e-6,0.00007245198245830884
L48T16beta4.405ms0.021032m0.000760,4.405,241.6,48,16,2324,3.27140853679567e-12,5.788665806420908e-6,0.00007244002991716355
L48T16beta4.405ms0.021032m0.000760,4.405,241.6,48,16,2325,3.2709959746815122e-12,5.787935789311645e-6,0.00007243089439906604
L48T16beta4.405ms0.021032m0.000760,4.405,241.6,48,16,2326,3.2717998095837313e-12,5.789358152663744e-6,0.00007244869401770438
L48T16beta4.405ms0.021032m0.000760,4.405,241.6,48,16,2327,3.271117983795394e-12,5.7881516810224035e-6,0.00007243359609277391
L48T16beta4.405ms0.021032m0.000760,4.405,241.6,48,16,2328,3.271414311681016e-12,5.7886760249188304e-6,0.00007244015779262225
L48T16beta4.405ms0.021032m0.000760,4.405,241.6,48,16,2329,3.2711913264989424e-12,5.788281458882737e-6,0.00007243522014784972
L48T16beta4.405ms0.021032m0.000760,4.405,241.6,48,16,2330,3.271279415278479e-12,5.788437329511641e-6,0.00007243717073083353
L48T16beta4.405ms0.021032m0.000760,4.405,241.6,48,16,2331,3.2467876359752307e-12,5.745099811804363e-6,0.00007189484004804157
L48T16beta4.405ms0.021032m0.000760,4.405,241.6,48,16,2332,3.271902592042327e-12,5.789540023346321e-6,0.0000724509699683513
L48T16beta4.405ms0.021032m0.000760,4.405,241.6,48,16,2333,3.271936426429298e-12,5.789599892346703e-6,0.00007245171917591033
L48T16beta4.405ms0.021032m0.000760,4.405,241.6,48,16,2334,3.2715568996588745e-12,5.788928330353188e-6,0.00007244331517185683
L48T16beta4.405ms0.021032m0.000760,4.405,241.6,48,16,2335,3.271951187646e-12,5.789626011906343e-6,0.00007245204603908485
L48T16beta4.405ms0.021032m0.000760,4.405,241.6,48,16,2336,3.2719160693291347e-12,5.789563871027963e-6,0.00007245126840098316
L48T16beta4.405ms0.021032m0.000760,4.405,241.6,48,16,2337,3.2718462227143714e-12,5.789440279398844e-6,0.00007244972176111653
L48T16beta4.405ms0.021032m0.000760,4.405,241.6,48,16,2338,3.2716904373676245e-12,5.789164621589765e-6,0.00007244627214757786
L48T16beta4.405ms0.021032m0.000760,4.405,241.6,48,16,2339,3.2718997663007104e-12,5.789535023275651e-6,0.00007245090739689166
L48T16beta4.405ms0.021032m0.000760,4.405,241.6,48,16,2340,3.2717863267647398e-12,5.789334295193058e-6,0.00007244839546257128
L48T16beta4.405ms0.021032m0.000760,4.405,241.6,48,16,2341,3.2715788653275443e-12,5.7889671979888604e-6,0.00007244380156592155
L48T16beta4.405ms0.021032m0.000760,4.405,241.6,48,16,2342,3.271614304524313e-12,5.789029906655245e-6,0.00007244458630938764
L48T16beta4.405ms0.021032m0.000760,4.405,241.6,48,16,2343,3.2716796717112138e-12,5.789145572062185e-6,0.00007244603375959799
L48T16beta4.405ms0.021032m0.000760,4.405,241.6,48,16,2344,3.2714776161574016e-12,5.78878804041727e-6,0.00007244155956745767
L48T16beta4.405ms0.021032m0.000760,4.405,241.6,48,16,2345,3.2718410335390736e-12,5.789431097298452e-6,0.00007244960685525575
L48T16beta4.405ms0.021032m0.000760,4.405,241.6,48,16,2346,3.2715802666376764e-12,5.7889696775679025e-6,0.00007244383259565897
L48T16beta4.405ms0.021032m0.000760,4.405,241.6,48,16,2347,3.271225062563917e-12,5.788341153905099e-6,0.0000724359671782278
L48T16beta4.405ms0.021032m0.000760,4.405,241.6,48,16,2348,3.271010120661127e-12,5.787960820226486e-6,0.00007243120763881428
L48T16beta4.405ms0.021032m0.000760,4.405,241.6,48,16,2349,3.2712725830974915e-12,5.7884252401586844e-6,0.00007243701944327971
L48T16beta4.405ms0.021032m0.000760,4.405,241.6,48,16,2350,3.2717282807747696e-12,5.789231584439093e-6,0.00007244711012837878
L48T16beta4.405ms0.021032m0.000760,4.405,241.6,48,16,2351,3.2719476104405754e-12,5.789619682141506e-6,0.0000724519668276794
L48T16beta4.405ms0.021032m0.000760,4.405,241.6,48,16,2352,3.2716514519350733e-12,5.789095637958458e-6,0.00007244540887847878
L48T16beta4.405ms0.021032m0.000760,4.405,241.6,48,16,2353,3.2712793786707737e-12,5.788437264735331e-6,0.00007243716992021536
L48T16beta4.405ms0.021032m0.000760,4.405,241.6,48,16,2354,3.2716909440918503e-12,5.7891655182240945e-6,0.00007244628336816303
L48T16beta4.405ms0.021032m0.000760,4.405,241.6,48,16,2355,3.2718102917620373e-12,5.789376700584756e-6,0.00007244892612852194
L48T16beta4.405ms0.021032m0.000760,4.405,241.6,48,16,2356,3.2719044325258075e-12,5.789543280030306e-6,0.00007245101072286938
L48T16beta4.405ms0.021032m0.000760,4.405,241.6,48,16,2357,3.271728932010757e-12,5.7892327367829385e-6,0.00007244712454894224
L48T16beta4.405ms0.021032m0.000760,4.405,241.6,48,16,2358,3.2717402158395734e-12,5.7892527032020816e-6,0.00007244737441100865
L48T16beta4.405ms0.021032m0.000760,4.405,241.6,48,16,2359,3.2715223624595505e-12,5.788867217746026e-6,0.00007244255040165948
L48T16beta4.405ms0.021032m0.000760,4.405,241.6,48,16,2360,3.2719095654528236e-12,5.789552362600939e-6,0.00007245112438320328
L48T16beta4.405ms0.021032m0.000760,4.405,241.6,48,16,2361,3.271163152211118e-12,5.788231605269312e-6,0.00007243459627399541
L48T16beta4.405ms0.021032m0.000760,4.405,241.6,48,16,2362,3.271531405303886e-12,5.788883218805878e-6,0.00007244275064076346
L48T16beta4.405ms0.021032m0.000760,4.405,241.6,48,16,2363,3.2717727720008873e-12,5.789310310417954e-6,0.00007244809531433606
L48T16beta4.405ms0.021032m0.000760,4.405,241.6,48,16,2364,3.271787840359677e-12,5.789336973456918e-6,0.00007244842897867339
L48T16beta4.405ms0.021032m0.000760,4.405,241.6,48,16,2365,3.271955203892424e-12,5.7896331185419356e-6,0.00007245213497234031
L48T16beta4.405ms0.021032m0.000760,4.405,241.6,48,16,2366,3.2719619605683653e-12,5.7896450742908265e-6,0.00007245228458795749
L48T16beta4.405ms0.021032m0.000760,4.405,241.6,48,16,2367,3.2718958098759882e-12,5.789528022492885e-6,0.00007245081978829064
L48T16beta4.405ms0.021032m0.000760,4.405,241.6,48,16,2368,3.2718864604057258e-12,5.7895114788670404e-6,0.00007245061275945339
L48T16beta4.405ms0.021032m0.000760,4.405,241.6,48,16,2369,3.2719656023468173e-12,5.789651518315828e-6,0.00007245236522922776
L48T16beta4.405ms0.021032m0.000760,4.405,241.6,48,16,2370,3.2719489155198238e-12,5.7896219914426936e-6,0.00007245199572654016
L48T16beta4.405ms0.021032m0.000760,4.405,241.6,48,16,2371,3.271950415046073e-12,5.789624644812405e-6,0.00007245202893111402
L48T16beta4.405ms0.021032m0.000760,4.405,241.6,48,16,2372,3.271918460939896e-12,5.78956810291624e-6,0.00007245132135931996
L48T16beta4.405ms0.021032m0.000760,4.405,241.6,48,16,2373,3.2719592628346027e-12,5.78964030072647e-6,0.0000724522248510239
L48T16beta4.405ms0.021032m0.000760,4.405,241.6,48,16,2374,3.271962336161303e-12,5.789645738892013e-6,0.0000724522929048532
L48T16beta4.405ms0.021032m0.000760,4.405,241.6,48,16,2375,3.27175857228762e-12,5.7892851844229196e-6,0.00007244778088474332
L48T16beta4.405ms0.021032m0.000760,4.405,241.6,48,16,2376,3.271821393941991e-12,5.789396345581323e-6,0.00007244917196826924
L48T16beta4.405ms0.021032m0.000760,4.405,241.6,48,16,2377,3.2718562793909704e-12,5.789458074406499e-6,0.00007244994444988974
L48T16beta4.405ms0.021032m0.000760,4.405,241.6,48,16,2378,3.2715938045138095e-12,5.7889936324606595e-6,0.00007244413236994306
L48T16beta4.405ms0.021032m0.000760,4.405,241.6,48,16,2379,3.2706374417020957e-12,5.787301375243491e-6,0.00007242295526842458
L48T16beta4.405ms0.021032m0.000760,4.405,241.6,48,16,2380,3.2713000473996524e-12,5.788473837472358e-6,0.0000724376275956544
L48T16beta4.405ms0.021032m0.000760,4.405,241.6,48,16,2381,3.2717293576977527e-12,5.789233490024158e-6,0.00007244713397508952
L48T16beta4.405ms0.021032m0.000760,4.405,241.6,48,16,2382,3.271955159833476e-12,5.7896330405808605e-6,0.00007245213399672642
L48T16beta4.405ms0.021032m0.000760,4.405,241.6,48,16,2383,3.2718959934571447e-12,5.789528347334601e-6,0.00007245082385339725
L48T16beta4.405ms0.021032m0.000760,4.405,241.6,48,16,2384,3.2717377945826588e-12,5.789248418855766e-6,0.0000724473207962059
L48T16beta4.405ms0.021032m0.000760,4.405,241.6,48,16,2385,3.271954325386909e-12,5.789631564051025e-6,0.00007245211551926218
L48T16beta4.405ms0.021032m0.000760,4.405,241.6,48,16,2386,3.2718536368466983e-12,5.789453398498401e-6,0.00007244988593503778
L48T16beta4.405ms0.021032m0.000760,4.405,241.6,48,16,2387,3.2717082767682313e-12,5.789196187909636e-6,0.00007244666717213659
L48T16beta4.405ms0.021032m0.000760,4.405,241.6,48,16,2388,3.271942065233507e-12,5.789609870052864e-6,0.0000724518440380732
L48T16beta4.405ms0.021032m0.000760,4.405,241.6,48,16,2389,3.2719646335925886e-12,5.789649804132345e-6,0.00007245234377773844
L48T16beta4.405ms0.021032m0.000760,4.405,241.6,48,16,2390,3.271854060971977e-12,5.789454148976206e-6,0.0000724498953266034
L48T16beta4.405ms0.021032m0.000760,4.405,241.6,48,16,2391,3.271915520094443e-12,5.789562899172554e-6,0.00007245125623907277
L48T16beta4.405ms0.021032m0.000760,4.405,241.6,48,16,2392,3.271939785735497e-12,5.7896058365449615e-6,0.00007245179356229124
L48T16beta4.405ms0.021032m0.000760,4.405,241.6,48,16,2393,3.2717985897239383e-12,5.789355994155997e-6,0.00007244866700589008
L48T16beta4.405ms0.021032m0.000760,4.405,241.6,48,16,2394,3.2719546220601987e-12,5.789632089006104e-6,0.00007245212208861045
L48T16beta4.405ms0.021032m0.000760,4.405,241.6,48,16,2395,3.2719534889551084e-12,5.789630084008374e-6,0.00007245209699783816
L48T16beta4.405ms0.021032m0.000760,4.405,241.6,48,16,2396,3.271837043074215e-12,5.789424036282617e-6,0.00007244951849289121
L48T16beta4.405ms0.021032m0.000760,4.405,241.6,48,16,2397,3.271959035220968e-12,5.789639897970517e-6,0.00007245221981088957
L48T16beta4.405ms0.021032m0.000760,4.405,241.6,48,16,2398,3.271900121353099e-12,5.789535651530911e-6,0.00007245091525895025
L48T16beta4.405ms0.021032m0.000760,4.405,241.6,48,16,2399,3.271949245028875e-12,5.789622574499734e-6,0.00007245200302298303
L48T16beta4.405ms0.021032m0.000760,4.405,241.6,48,16,2400,3.271940516539642e-12,5.789607129682434e-6,0.00007245180974476235
L48T16beta4.405ms0.021032m0.000760,4.405,241.6,48,16,2401,3.2718461619662272e-12,5.789440171906704e-6,0.00007244972041594752
L48T16beta4.405ms0.021032m0.000760,4.405,241.6,48,16,2402,3.2719421063807795e-12,5.7896099428618106e-6,0.00007245184494921273
L48T16beta4.405ms0.021032m0.000760,4.405,241.6,48,16,2403,3.271920184850467e-12,5.789571153327726e-6,0.00007245135953252027
L48T16beta4.405ms0.021032m0.000760,4.405,241.6,48,16,2404,3.271955659834378e-12,5.789633925318456e-6,0.00007245214506843451
L48T16beta4.405ms0.021032m0.000760,4.405,241.6,48,16,2405,3.271953301654948e-12,5.789629752585984e-6,0.00007245209285038025
L48T16beta4.405ms0.021032m0.000760,4.405,241.6,48,16,2406,3.2717383570257706e-12,5.789249414083104e-6,0.00007244733325059532
L48T16beta4.405ms0.021032m0.000760,4.405,241.6,48,16,2407,3.2715625013789223e-12,5.788938242439964e-6,0.00007244343921285119
L48T16beta4.405ms0.021032m0.000760,4.405,241.6,48,16,2408,3.2718836445505718e-12,5.789506496290189e-6,0.00007245055040691342
L48T16beta4.405ms0.021032m0.000760,4.405,241.6,48,16,2409,3.271397808130776e-12,5.788646822348781e-6,0.00007243979234830073
L48T16beta4.405ms0.021032m0.000760,4.405,241.6,48,16,2410,3.2706238528054625e-12,5.787277330071387e-6,0.00007242265436437434
L48T16beta4.405ms0.021032m0.000760,4.405,241.6,48,16,2411,3.2718882310619276e-12,5.789514611993611e-6,0.00007245065196775978
L48T16beta4.405ms0.021032m0.000760,4.405,241.6,48,16,2412,3.271868834325073e-12,5.789480290010855e-6,0.00007245022245851866
L48T16beta4.405ms0.021032m0.000760,4.405,241.6,48,16,2413,3.2718268686468014e-12,5.789406032918193e-6,0.00007244929319671743
L48T16beta4.405ms0.021032m0.000760,4.405,241.6,48,16,2414,3.271947119889385e-12,5.78961881412491e-6,0.00007245195596521984
L48T16beta4.405ms0.021032m0.000760,4.405,241.6,48,16,2415,3.271943204373707e-12,5.789611885729552e-6,0.00007245186926248319
L48T16beta4.405ms0.021032m0.000760,4.405,241.6,48,16,2416,3.271946845344831e-12,5.789618328326009e-6,0.00007245194988587649
L48T16beta4.405ms0.021032m0.000760,4.405,241.6,48,16,2417,3.2719132456786306e-12,5.789558874657458e-6,0.00007245120587582781
L48T16beta4.405ms0.021032m0.000760,4.405,241.6,48,16,2418,3.271671478824736e-12,5.7891310749789635e-6,0.00007244585234143059
L48T16beta4.405ms0.021032m0.000760,4.405,241.6,48,16,2419,3.271730908019509e-12,5.789236233275097e-6,0.0000724471683044474
L48T16beta4.405ms0.021032m0.000760,4.405,241.6,48,16,2420,3.2716353070503472e-12,5.789067070036992e-6,0.00007244505137622265
L48T16beta4.405ms0.021032m0.000760,4.405,241.6,48,16,2421,3.271866467013569e-12,5.789476101119434e-6,0.00007245017003824946
L48T16beta4.405ms0.021032m0.000760,4.405,241.6,48,16,2422,3.2715642446918417e-12,5.7889413271833626e-6,0.00007244347781568498
L48T16beta4.405ms0.021032m0.000760,4.405,241.6,48,16,2423,3.2711352171174573e-12,5.788182174903261e-6,0.00007243397769670744
L48T16beta4.405ms0.021032m0.000760,4.405,241.6,48,16,2424,3.2715764196919627e-12,5.7889628705051766e-6,0.00007244374741129285
L48T16beta4.405ms0.021032m0.000760,4.405,241.6,48,16,2425,3.270883868798917e-12,5.787737421091357e-6,0.00007242841199633407
L48T16beta4.405ms0.021032m0.000760,4.405,241.6,48,16,2426,3.2705662869243547e-12,5.787175468856612e-6,0.00007242137966141299
L48T16beta4.405ms0.021032m0.000760,4.405,241.6,48,16,2427,3.2712469479232755e-12,5.788379879435694e-6,0.00007243645179397323
L48T16beta4.405ms0.021032m0.000760,4.405,241.6,48,16,2428,3.2706673587866787e-12,5.787354312686982e-6,0.00007242361773368314
L48T16beta4.405ms0.021032m0.000760,4.405,241.6,48,16,2429,3.2714226360428888e-12,5.7886907546440824e-6,0.00007244034212209878
L48T16beta4.405ms0.021032m0.000760,4.405,241.6,48,16,2430,3.2718856296252232e-12,5.789510008824203e-6,0.00007245059436316819
L48T16beta4.405ms0.021032m0.000760,4.405,241.6,48,16,2431,3.2719457761510234e-12,5.789616436417504e-6,0.00007245192621031579
L48T16beta4.405ms0.021032m0.000760,4.405,241.6,48,16,2432,3.2717724873316426e-12,5.789309806703696e-6,0.0000724480890107979
L48T16beta4.405ms0.021032m0.000760,4.405,241.6,48,16,2433,3.2694785415601113e-12,5.785250733891453e-6,0.00007239729330660839
L48T16beta4.405ms0.021032m0.000760,4.405,241.6,48,16,2434,3.2718151213983188e-12,5.789385246490926e-6,0.00007244903307297502
L48T16beta4.405ms0.021032m0.000760,4.405,241.6,48,16,2435,3.2717807689183517e-12,5.789324460739494e-6,0.00007244827239308788
L48T16beta4.405ms0.021032m0.000760,4.405,241.6,48,16,2436,3.2713391847555036e-12,5.7885430899276905e-6,0.00007243849422884826
L48T16beta4.405ms0.021032m0.000760,4.405,241.6,48,16,2437,3.2714621370008675e-12,5.788760650483199e-6,0.00007244121680667135
L48T16beta4.405ms0.021032m0.000760,4.405,241.6,48,16,2438,3.2715748123145963e-12,5.7889600262959334e-6,0.00007244371181853113
L48T16beta4.405ms0.021032m0.000760,4.405,241.6,48,16,2439,3.271633561805134e-12,5.789063981874454e-6,0.00007244501273060134
L48T16beta4.405ms0.021032m0.000760,4.405,241.6,48,16,2440,3.2719009823091504e-12,5.789537174968537e-6,0.00007245093432342398
L48T16beta4.405ms0.021032m0.000760,4.405,241.6,48,16,2441,3.2718497197560686e-12,5.78944646731621e-6,0.00007244979919742639
L48T16beta4.405ms0.021032m0.000760,4.405,241.6,48,16,2442,3.2716957742178226e-12,5.789174064996759e-6,0.0000724463903234595
L48T16beta4.405ms0.021032m0.000760,4.405,241.6,48,16,2443,3.2716328553134814e-12,5.7890627317572566e-6,0.00007244499708649091
L48T16beta4.405ms0.021032m0.000760,4.405,241.6,48,16,2444,3.2719229176566877e-12,5.7895759889518145e-6,0.00007245142004607647
L48T16beta4.405ms0.021032m0.000760,4.405,241.6,48,16,2445,3.2719604094789853e-12,5.789642329681599e-6,0.00007245225024160183
L48T16beta4.405ms0.021032m0.000760,4.405,241.6,48,16,2446,3.2718773434327725e-12,5.789495346638675e-6,0.00007245041087889152
L48T16beta4.405ms0.021032m0.000760,4.405,241.6,48,16,2447,3.2719456608486635e-12,5.789616232393206e-6,0.00007245192365713225
L48T16beta4.405ms0.021032m0.000760,4.405,241.6,48,16,2448,3.27179077825375e-12,5.789342171978219e-6,0.00007244849403356708
L48T16beta4.405ms0.021032m0.000760,4.405,241.6,48,16,2449,3.271957032901255e-12,5.78963635492185e-6,0.0000724521754727709
L48T16beta4.405ms0.021032m0.000760,4.405,241.6,48,16,2450,3.2719398892058656e-12,5.789606019632881e-6,0.00007245179585347453
L48T16beta4.405ms0.021032m0.000760,4.405,241.6,48,16,2451,3.2718608005219706e-12,5.789466074421212e-6,0.00007245004456299429
L48T16beta4.405ms0.021032m0.000760,4.405,241.6,48,16,2452,3.2719428979595384e-12,5.78961134353826e-6,0.00007245186247743898
L48T16beta4.405ms0.021032m0.000760,4.405,241.6,48,16,2453,3.2701102046014743e-12,5.78636844395658e-6,0.00007241128045896165
L48T16beta4.405ms0.021032m0.000760,4.405,241.6,48,16,2454,3.2718181647612285e-12,5.7893906316363805e-6,0.00007244910046330483
L48T16beta4.405ms0.021032m0.000760,4.405,241.6,48,16,2455,3.2719706385664937e-12,5.789660429765531e-6,0.00007245247674813465
L48T16beta4.405ms0.021032m0.000760,4.405,241.6,48,16,2456,3.2718327735914094e-12,5.789416481552338e-6,0.0000724494239521273
L48T16beta4.405ms0.021032m0.000760,4.405,241.6,48,16,2457,3.2719391073812204e-12,5.789604636216063e-6,0.00007245177854123729
L48T16beta4.405ms0.021032m0.000760,4.405,241.6,48,16,2458,3.271929658569875e-12,5.789587916808954e-6,0.00007245156931265308
L48T16beta4.405ms0.021032m0.000760,4.405,241.6,48,16,2459,3.271265644772688e-12,5.7884129629872175e-6,0.00007243686580534342
L48T16beta4.405ms0.021032m0.000760,4.405,241.6,48,16,2460,3.271592874034882e-12,5.788991986004251e-6,0.00007244411176599814
L48T16beta4.405ms0.021032m0.000760,4.405,241.6,48,16,2461,3.2715528276670946e-12,5.788921125077749e-6,0.000072443225004211
L48T16beta4.405ms0.021032m0.000760,4.405,241.6,48,16,2462,3.271596562532495e-12,5.788998512697499e-6,0.00007244419344178838
L48T16beta4.405ms0.021032m0.000760,4.405,241.6,48,16,2463,3.271523150014903e-12,5.78886861130317e-6,0.00007244256784079393
L48T16beta4.405ms0.021032m0.000760,4.405,241.6,48,16,2464,3.2715593768199636e-12,5.788932713620375e-6,0.00007244337002456672
L48T16beta4.405ms0.021032m0.000760,4.405,241.6,48,16,2465,3.271185811586537e-12,5.7882717003996526e-6,0.00007243509802906964
L48T16beta4.405ms0.021032m0.000760,4.405,241.6,48,16,2466,3.2715267676926207e-12,5.788875012682597e-6,0.00007244264794839258
L48T16beta4.405ms0.021032m0.000760,4.405,241.6,48,16,2467,3.271507043312834e-12,5.788840110944847e-6,0.00007244221118403076
L48T16beta4.405ms0.021032m0.000760,4.405,241.6,48,16,2468,3.2719325800394497e-12,5.789593086267565e-6,0.0000724516340038529
L48T16beta4.405ms0.021032m0.000760,4.405,241.6,48,16,2469,3.2719474524689307e-12,5.789619402615104e-6,0.00007245196332965383
L48T16beta4.405ms0.021032m0.000760,4.405,241.6,48,16,2470,3.271933982765715e-12,5.789595568352415e-6,0.0000724516650649483
L48T16beta4.405ms0.021032m0.000760,4.405,241.6,48,16,2471,3.2719635488874903e-12,5.789647884777045e-6,0.00007245231975870538
L48T16beta4.405ms0.021032m0.000760,4.405,241.6,48,16,2472,3.271941579896863e-12,5.789609011263262e-6,0.00007245183329108132
L48T16beta4.405ms0.021032m0.000760,4.405,241.6,48,16,2473,3.2719098274242324e-12,5.789552826152011e-6,0.00007245113018413474
L48T16beta4.405ms0.021032m0.000760,4.405,241.6,48,16,2474,3.271914622557156e-12,5.789561311005456e-6,0.00007245123636456697
L48T16beta4.405ms0.021032m0.000760,4.405,241.6,48,16,2475,3.271955325309303e-12,5.789633333385703e-6,0.00007245213766091993
L48T16beta4.405ms0.021032m0.000760,4.405,241.6,48,16,2476,3.2716788886689587e-12,5.78914418649084e-6,0.00007244601642039876
L48T16beta4.405ms0.021032m0.000760,4.405,241.6,48,16,2477,3.271851153226983e-12,5.789449003802856e-6,0.00007244983093931212
L48T16beta4.405ms0.021032m0.000760,4.405,241.6,48,16,2478,3.271112486247164e-12,5.7881419532647416e-6,0.0000724334743584953
L48T16beta4.405ms0.021032m0.000760,4.405,241.6,48,16,2479,3.271923937841698e-12,5.789577794140625e-6,0.00007245144263641694
L48T16beta4.405ms0.021032m0.000760,4.405,241.6,48,16,2480,3.2719553102479986e-12,5.789633306735147e-6,0.00007245213732741179
L48T16beta4.405ms0.021032m0.000760,4.405,241.6,48,16,2481,3.2719503698224546e-12,5.7896245647904784e-6,0.00007245202792971041
L48T16beta4.405ms0.021032m0.000760,4.405,241.6,48,16,2482,3.2719304144144316e-12,5.789589254254733e-6,0.00007245158604960343
L48T16beta4.405ms0.021032m0.000760,4.405,241.6,48,16,2483,3.2719700689500716e-12,5.789659421845221e-6,0.00007245246413490394
L48T16beta4.405ms0.021032m0.000760,4.405,241.6,48,16,2484,3.2719092893597875e-12,5.789551874062042e-6,0.0000724511182695713
L48T16beta4.405ms0.021032m0.000760,4.405,241.6,48,16,2485,3.271903030924508e-12,5.789540799936051e-6,0.00007245097968668452
L48T16beta4.405ms0.021032m0.000760,4.405,241.6,48,16,2486,3.271681920649863e-12,5.789149551496155e-6,0.00007244608355869253
L48T16beta4.405ms0.021032m0.000760,4.405,241.6,48,16,2487,3.2718085004197028e-12,5.789373530854652e-6,0.00007244888646215473
L48T16beta4.405ms0.021032m0.000760,4.405,241.6,48,16,2488,3.271674804646664e-12,5.789136959927742e-6,0.00007244592598635669
L48T16beta4.405ms0.021032m0.000760,4.405,241.6,48,16,2489,3.2719305633334116e-12,5.7895895177626985e-6,0.00007245158934717244
L48T16beta4.405ms0.021032m0.000760,4.405,241.6,48,16,2490,3.2717087047845674e-12,5.789196945272558e-6,0.00007244667664986336
L48T16beta4.405ms0.021032m0.000760,4.405,241.6,48,16,2491,3.271809208128965e-12,5.789374783126376e-6,0.00007244890213322717
L48T16beta4.405ms0.021032m0.000760,4.405,241.6,48,16,2492,3.2715351877559818e-12,5.7888899117489526e-6,0.00007244283439702318
L48T16beta4.405ms0.021032m0.000760,4.405,241.6,48,16,2493,3.271632613710568e-12,5.789062304247666e-6,0.00007244499173658672
L48T16beta4.405ms0.021032m0.000760,4.405,241.6,48,16,2494,3.271900331801082e-12,5.789536023912724e-6,0.00007245091991897911
L48T16beta4.405ms0.021032m0.000760,4.405,241.6,48,16,2495,3.2719133947299595e-12,5.789559138399611e-6,0.00007245120917632745
L48T16beta4.405ms0.021032m0.000760,4.405,241.6,48,16,2496,3.2717866504901443e-12,5.789334868016097e-6,0.0000724484026309447
L48T16beta4.405ms0.021032m0.000760,4.405,241.6,48,16,2497,3.270699837325364e-12,5.7874117825517865e-6,0.00007242433691818351
L48T16beta4.405ms0.021032m0.000760,4.405,241.6,48,16,2498,3.2714876366630468e-12,5.788805771421435e-6,0.00007244178145528383
L48T16beta4.405ms0.021032m0.000760,4.405,241.6,48,16,2499,3.2716750004436237e-12,5.78913730638498e-6,0.00007244593032196244
L48T16beta4.405ms0.021032m0.000760,4.405,241.6,48,16,2500,3.2718827152495495e-12,5.789504851918051e-6,0.00007245052982905128
L48T16beta4.405ms0.021032m0.000760,4.405,241.6,48,16,2501,3.2715258153496553e-12,5.788873327538385e-6,0.00007244262686030403
L48T16beta4.405ms0.021032m0.000760,4.405,241.6,48,16,2502,3.2719138581760957e-12,5.789559958454572e-6,0.0000724512194385896
L48T16beta4.405ms0.021032m0.000760,4.405,241.6,48,16,2503,3.2719667179024438e-12,5.789653492260273e-6,0.00007245238993139567
L48T16beta4.405ms0.021032m0.000760,4.405,241.6,48,16,2504,3.2718302941009796e-12,5.789412094163449e-6,0.00007244936904783793
L48T16beta4.405ms0.021032m0.000760,4.405,241.6,48,16,2505,3.271457161820503e-12,5.788751847040849e-6,0.0000724411066393809
L48T16beta4.405ms0.021032m0.000760,4.405,241.6,48,16,2506,3.271123786407834e-12,5.788161948582643e-6,0.00007243372458220408
L48T16beta4.405ms0.021032m0.000760,4.405,241.6,48,16,2507,3.27131516222614e-12,5.7885005827346125e-6,0.00007243796228894342
L48T16beta4.405ms0.021032m0.000760,4.405,241.6,48,16,2508,3.2717874648593835e-12,5.789336309019663e-6,0.00007244842066382912
L48T16beta4.405ms0.021032m0.000760,4.405,241.6,48,16,2509,3.271773913960119e-12,5.7893123310828395e-6,0.00007244812060116894
L48T16beta4.405ms0.021032m0.000760,4.405,241.6,48,16,2510,3.2717911717137887e-12,5.789342868194741e-6,0.00007244850274610071
L48T16beta4.405ms0.021032m0.000760,4.405,241.6,48,16,2511,3.2713907894437217e-12,5.788634402978561e-6,0.0000724396369308729
L48T16beta4.405ms0.021032m0.000760,4.405,241.6,48,16,2512,3.2711642656226924e-12,5.788233575419917e-6,0.00007243462092868677
L48T16beta4.405ms0.021032m0.000760,4.405,241.6,48,16,2513,3.271955103399906e-12,5.789632940723238e-6,0.00007245213274709666
L48T16beta4.405ms0.021032m0.000760,4.405,241.6,48,16,2514,3.2718866589952473e-12,5.789511830265638e-6,0.00007245061715689587
L48T16beta4.405ms0.021032m0.000760,4.405,241.6,48,16,2515,3.271178544229138e-12,5.788258841014221e-6,0.00007243493710524082
L48T16beta4.405ms0.021032m0.000760,4.405,241.6,48,16,2516,3.271762874765006e-12,5.789292797536184e-6,0.00007244787615611865
L48T16beta4.405ms0.021032m0.000760,4.405,241.6,48,16,2517,3.271846785686879e-12,5.789441275562933e-6,0.00007244973422722855
L48T16beta4.405ms0.021032m0.000760,4.405,241.6,48,16,2518,3.271927604766441e-12,5.789584282661284e-6,0.00007245152383451101
L48T16beta4.405ms0.021032m0.000760,4.405,241.6,48,16,2519,3.2718951048534086e-12,5.7895267749751705e-6,0.00007245080417671042
L48T16beta4.405ms0.021032m0.000760,4.405,241.6,48,16,2520,3.271957477977364e-12,5.789637142471563e-6,0.00007245218532825863
L48T16beta4.405ms0.021032m0.000760,4.405,241.6,48,16,2521,3.2718521266531278e-12,5.789450726253163e-6,0.00007244985249425344
L48T16beta4.405ms0.021032m0.000760,4.405,241.6,48,16,2522,3.271210816224133e-12,5.788315945405749e-6,0.00007243565171616655
L48T16beta4.405ms0.021032m0.000760,4.405,241.6,48,16,2523,3.2719513459882217e-12,5.7896262920884706e-6,0.00007245204954531622
L48T16beta4.405ms0.021032m0.000760,4.405,241.6,48,16,2524,3.2718453441559166e-12,5.789438724814258e-6,0.00007244970230686614
L48T16beta4.405ms0.021032m0.000760,4.405,241.6,48,16,2525,3.2718845886746706e-12,5.789508166891347e-6,0.00007245057131300851
L48T16beta4.405ms0.021032m0.000760,4.405,241.6,48,16,2526,3.2719599410432957e-12,5.7896415007977625e-6,0.00007245223986885414
L48T16beta4.405ms0.021032m0.000760,4.405,241.6,48,16,2527,3.2713571592843353e-12,5.788574895353171e-6,0.00007243889224560211
L48T16beta4.405ms0.021032m0.000760,4.405,241.6,48,16,2528,3.2718957306916426e-12,5.789527882378402e-6,0.00007245081803488188
L48T16beta4.405ms0.021032m0.000760,4.405,241.6,48,16,2529,3.2719540867883156e-12,5.7896311418574944e-6,0.00007245211023588378
L48T16beta4.405ms0.021032m0.000760,4.405,241.6,48,16,2530,3.271494850644135e-12,5.788818536358979e-6,0.00007244194119718094
L48T16beta4.405ms0.021032m0.000760,4.405,241.6,48,16,2531,3.2717839346642874e-12,5.789330062438286e-6,0.00007244834249339108
L48T16beta4.405ms0.021032m0.000760,4.405,241.6,48,16,2532,3.271751708687004e-12,5.789273039473811e-6,0.00007244762890145285
L48T16beta4.405ms0.021032m0.000760,4.405,241.6,48,16,2533,3.2719220956244473e-12,5.789574534388782e-6,0.00007245140184350732
L48T16beta4.405ms0.021032m0.000760,4.405,241.6,48,16,2534,3.2719488416559038e-12,5.789621860742555e-6,0.00007245199409094358
L48T16beta4.405ms0.021032m0.000760,4.405,241.6,48,16,2535,3.271880222881572e-12,5.789500441742701e-6,0.00007245047463960953
L48T16beta4.405ms0.021032m0.000760,4.405,241.6,48,16,2536,3.271957264458887e-12,5.789636764656596e-6,0.00007245218060023867
L48T16beta4.405ms0.021032m0.000760,4.405,241.6,48,16,2537,3.2718851786198835e-12,5.7895092107828824e-6,0.00007245058437638729
L48T16beta4.405ms0.021032m0.000760,4.405,241.6,48,16,2538,3.2719603012175867e-12,5.789642138116086e-6,0.00007245224784432897
L48T16beta4.405ms0.021032m0.000760,4.405,241.6,48,16,2539,3.271837739255888e-12,5.789425268156595e-6,0.0000724495339087039
L48T16beta4.405ms0.021032m0.000760,4.405,241.6,48,16,2540,3.2716450080922223e-12,5.789084235758961e-6,0.00007244526619004238
L48T16beta4.405ms0.021032m0.000760,4.405,241.6,48,16,2541,3.271860739720887e-12,5.789465966835397e-6,0.00007245004321665302
L48T16beta4.405ms0.021032m0.000760,4.405,241.6,48,16,2542,3.268454683841203e-12,5.783439046325861e-6,0.00007237462163996865
L48T16beta4.405ms0.021032m0.000760,4.405,241.6,48,16,2543,3.2719392909623768e-12,5.789604961057779e-6,0.0000724517826063439
L48T16beta4.405ms0.021032m0.000760,4.405,241.6,48,16,2544,3.2718410030194177e-12,5.789431043294775e-6,0.00007244960617944755
L48T16beta4.405ms0.021032m0.000760,4.405,241.6,48,16,2545,3.2716210628281455e-12,5.789041865284644e-6,0.00007244473596105185
L48T16beta4.405ms0.021032m0.000760,4.405,241.6,48,16,2546,3.2718658869680537e-12,5.789475074745136e-6,0.00007245015719408339
L48T16beta4.405ms0.021032m0.000760,4.405,241.6,48,16,2547,3.2718691285763778e-12,5.7894808106803e-6,0.00007245022897423599
L48T16beta4.405ms0.021032m0.000760,4.405,241.6,48,16,2548,3.27195459009794e-12,5.789632032449782e-6,0.00007245212138085813
L48T16beta4.405ms0.021032m0.000760,4.405,241.6,48,16,2549,3.264111980556337e-12,5.775754754458982e-6,0.00007227845952742944
L48T16beta4.405ms0.021032m0.000760,4.405,241.6,48,16,2550,3.271965329628678e-12,5.789651035748716e-6,0.00007245235919032741
L48T16beta4.405ms0.021032m0.000760,4.405,241.6,48,16,2551,3.271729609160659e-12,5.7892339349807295e-6,0.00007244713954332726
L48T16beta4.405ms0.021032m0.000760,4.405,241.6,48,16,2552,3.271943625335847e-12,5.789612630610272e-6,0.00007245187858400621
L48T16beta4.405ms0.021032m0.000760,4.405,241.6,48,16,2553,3.271927421701445e-12,5.7895839587328995e-6,0.00007245151978083394
L48T16beta4.405ms0.021032m0.000760,4.405,241.6,48,16,2554,3.270654302448776e-12,5.787331209862641e-6,0.00007242332862228124
L48T16beta4.405ms0.021032m0.000760,4.405,241.6,48,16,2555,3.271872910710836e-12,5.789487503061325e-6,0.00007245031272346213
L48T16beta4.405ms0.021032m0.000760,4.405,241.6,48,16,2556,3.2719320318370793e-12,5.78959211623882e-6,0.00007245162186480158
L48T16beta4.405ms0.021032m0.000760,4.405,241.6,48,16,2557,3.2716563860740446e-12,5.789104368779212e-6,0.00007244551813697422
L48T16beta4.405ms0.021032m0.000760,4.405,241.6,48,16,2558,3.2718456195475036e-12,5.78943921211196e-6,0.00007244970840496567
L48T16beta4.405ms0.021032m0.000760,4.405,241.6,48,16,2559,3.2713660880571556e-12,5.788590694566671e-6,0.00007243908995877764
L48T16beta4.405ms0.021032m0.000760,4.405,241.6,48,16,2560,3.27058846510565e-12,5.787214712527425e-6,0.00007242187076122474
L48T16beta4.405ms0.021032m0.000760,4.405,241.6,48,16,2561,3.270736628942582e-12,5.787476884288288e-6,0.00007242515160880438
L48T16beta4.405ms0.021032m0.000760,4.405,241.6,48,16,2562,3.2711360253854123e-12,5.788183605110776e-6,0.00007243399559448884
L48T16beta4.405ms0.021032m0.000760,4.405,241.6,48,16,2563,3.2716533067519393e-12,5.7890989200049675e-6,0.0000724454499503864
L48T16beta4.405ms0.021032m0.000760,4.405,241.6,48,16,2564,3.271959683862917e-12,5.789641045724284e-6,0.00007245223417401226
L48T16beta4.405ms0.021032m0.000760,4.405,241.6,48,16,2565,3.2719444071604922e-12,5.7896140140270905e-6,0.00007245189589624345
L48T16beta4.405ms0.021032m0.000760,4.405,241.6,48,16,2566,3.271967067713816e-12,5.789654111241702e-6,0.0000724523976774005
L48T16beta4.405ms0.021032m0.000760,4.405,241.6,48,16,2567,3.271801831967537e-12,5.789361731215262e-6,0.0000724487388001098
L48T16beta4.405ms0.021032m0.000760,4.405,241.6,48,16,2568,3.2719332180537823e-12,5.789594215216062e-6,0.00007245164813164429
L48T16beta4.405ms0.021032m0.000760,4.405,241.6,48,16,2569,3.271774641177609e-12,5.789313617873826e-6,0.00007244813670421938
L48T16beta4.405ms0.021032m0.000760,4.405,241.6,48,16,2570,3.2718898494242524e-12,5.789517475640431e-6,0.00007245068780376556
L48T16beta4.405ms0.021032m0.000760,4.405,241.6,48,16,2571,3.271958665901368e-12,5.7896392444698255e-6,0.00007245221163290673
L48T16beta4.405ms0.021032m0.000760,4.405,241.6,48,16,2572,3.2719568375410467e-12,5.789636009237431e-6,0.00007245217114683632
L48T16beta4.405ms0.021032m0.000760,4.405,241.6,48,16,2573,3.271956591173573e-12,5.789635573297085e-6,0.00007245216569142867
L48T16beta4.405ms0.021032m0.000760,4.405,241.6,48,16,2574,3.2719467710838642e-12,5.789618196923307e-6,0.00007245194824148798
L48T16beta4.405ms0.021032m0.000760,4.405,241.6,48,16,2575,3.2719187841756098e-12,5.7895686748727845e-6,0.00007245132851684997
L48T16beta4.405ms0.021032m0.000760,4.405,241.6,48,16,2576,3.271939997837841e-12,5.78960621185412e-6,0.00007245179825895323
L48T16beta4.405ms0.021032m0.000760,4.405,241.6,48,16,2577,3.27177272962277e-12,5.7893102354310624e-6,0.00007244809437594146
L48T16beta4.405ms0.021032m0.000760,4.405,241.6,48,16,2578,3.271960961360655e-12,5.789643306220761e-6,0.00007245226246212527
L48T16beta4.405ms0.021032m0.000760,4.405,241.6,48,16,2579,3.2715485506006972e-12,5.788913556928517e-6,0.00007244313029552072
L48T16beta4.405ms0.021032m0.000760,4.405,241.6,48,16,2580,3.2717730442425705e-12,5.78931079214199e-6,0.00007244810134268608
L48T16beta4.405ms0.021032m0.000760,4.405,241.6,48,16,2581,3.2701392975494694e-12,5.786419923113455e-6,0.00007241192467505371
L48T16beta4.405ms0.021032m0.000760,4.405,241.6,48,16,2582,3.2712021101150986e-12,5.788300540189584e-6,0.000072435458933519
L48T16beta4.405ms0.021032m0.000760,4.405,241.6,48,16,2583,3.2707186940390102e-12,5.7874451489785955e-6,0.00007242475446948757
L48T16beta4.405ms0.021032m0.000760,4.405,241.6,48,16,2584,3.271072825716119e-12,5.788071775065552e-6,0.00007243259614043629
L48T16beta4.405ms0.021032m0.000760,4.405,241.6,48,16,2585,3.271963270068067e-12,5.789647391413882e-6,0.000072452313584702
L48T16beta4.405ms0.021032m0.000760,4.405,241.6,48,16,2586,3.2719322747767164e-12,5.789592546113706e-6,0.00007245162724430538
L48T16beta4.405ms0.021032m0.000760,4.405,241.6,48,16,2587,3.271917006306393e-12,5.789565528982986e-6,0.00007245128914882306
L48T16beta4.405ms0.021032m0.000760,4.405,241.6,48,16,2588,3.2719592842221847e-12,5.7896403385711975e-6,0.00007245222532461719
L48T16beta4.405ms0.021032m0.000760,4.405,241.6,48,16,2589,3.2719301779731253e-12,5.789588835878462e-6,0.00007245158081399464
L48T16beta4.405ms0.021032m0.000760,4.405,241.6,48,16,2590,3.2717405992940356e-12,5.789253381714016e-6,0.00007244738290198504
L48T16beta4.405ms0.021032m0.000760,4.405,241.6,48,16,2591,3.271866100486531e-12,5.789475452560103e-6,0.00007245016192210337
L48T16beta4.405ms0.021032m0.000760,4.405,241.6,48,16,2592,3.2719066491051514e-12,5.78954720220539e-6,0.00007245105980541966
L48T16beta4.405ms0.021032m0.000760,4.405,241.6,48,16,2593,3.2719296478231445e-12,5.789587897792915e-6,0.00007245156907468419
L48T16beta4.405ms0.021032m0.000760,4.405,241.6,48,16,2594,3.271856726425843e-12,5.7894588654221896e-6,0.00007244995434875109
L48T16beta4.405ms0.021032m0.000760,4.405,241.6,48,16,2595,3.2719343002177818e-12,5.789596130074959e-6,0.00007245167209440884
L48T16beta4.405ms0.021032m0.000760,4.405,241.6,48,16,2596,3.2717390844947234e-12,5.789250701319047e-6,0.00007244734935921402
L48T16beta4.405ms0.021032m0.000760,4.405,241.6,48,16,2597,3.2719078318410784e-12,5.789549295023497e-6,0.00007245108599518623
L48T16beta4.405ms0.021032m0.000760,4.405,241.6,48,16,2598,3.271956882169095e-12,5.789636088205513e-6,0.00007245217213505198
L48T16beta4.405ms0.021032m0.000760,4.405,241.6,48,16,2599,3.271585884848397e-12,5.7889796188344625e-6,0.0000724439570018125
L48T16beta4.405ms0.021032m0.000760,4.405,241.6,48,16,2600,3.2717752880593176e-12,5.789314762512897e-6,0.00007244815102836442
L48T16beta4.405ms0.021032m0.000760,4.405,241.6,48,16,2601,3.2719613691408448e-12,5.789644027776389e-6,0.0000724522714917554
L48T16beta4.405ms0.021032m0.000760,4.405,241.6,48,16,2602,3.270853398892987e-12,5.787683505445972e-6,0.00007242773728974444
L48T16beta4.405ms0.021032m0.000760,4.405,241.6,48,16,2603,3.270989847576044e-12,5.787924947570078e-6,0.00007243075872426467
L48T16beta4.405ms0.021032m0.000760,4.405,241.6,48,16,2604,3.2717335429934242e-12,5.78924089578766e-6,0.00007244722665166607
L48T16beta4.405ms0.021032m0.000760,4.405,241.6,48,16,2605,3.2713032493694814e-12,5.788479503268315e-6,0.00007243769849807687
L48T16beta4.405ms0.021032m0.000760,4.405,241.6,48,16,2606,3.271923183016228e-12,5.789576458498091e-6,0.0000724514259220326
L48T16beta4.405ms0.021032m0.000760,4.405,241.6,48,16,2607,3.271483968560399e-12,5.788799280816506e-6,0.00007244170023110698
L48T16beta4.405ms0.021032m0.000760,4.405,241.6,48,16,2608,3.2718680683822954e-12,5.789478934696557e-6,0.00007245020549795959
L48T16beta4.405ms0.021032m0.000760,4.405,241.6,48,16,2609,3.2719485770904567e-12,5.7896213926014045e-6,0.00007245198823257137
L48T16beta4.405ms0.021032m0.000760,4.405,241.6,48,16,2610,3.2713801749032827e-12,5.7886156208464615e-6,0.00007243940188911082
L48T16beta4.405ms0.021032m0.000760,4.405,241.6,48,16,2611,3.2719510206349257e-12,5.789625716384923e-6,0.00007245204234089578
L48T16beta4.405ms0.021032m0.000760,4.405,241.6,48,16,2612,3.2719399371294015e-12,5.789606104432236e-6,0.00007245179691466342
L48T16beta4.405ms0.021032m0.000760,4.405,241.6,48,16,2613,3.2718329308880746e-12,5.789416759884383e-6,0.00007244942743520653
L48T16beta4.405ms0.021032m0.000760,4.405,241.6,48,16,2614,3.271793160785377e-12,5.7893463878012225e-6,0.00007244854679086117
L48T16beta4.405ms0.021032m0.000760,4.405,241.6,48,16,2615,3.271844807984061e-12,5.7894377760731724e-6,0.00007244969043421103
L48T16beta4.405ms0.021032m0.000760,4.405,241.6,48,16,2616,3.271942356626076e-12,5.789610385663856e-6,0.00007245185049048848
L48T16beta4.405ms0.021032m0.000760,4.405,241.6,48,16,2617,3.271931567438031e-12,5.789591294497708e-6,0.00007245161158143876
L48T16beta4.405ms0.021032m0.000760,4.405,241.6,48,16,2618,3.2718139232040405e-12,5.7893831263197e-6,0.00007244900654090836
L48T16beta4.405ms0.021032m0.000760,4.405,241.6,48,16,2619,3.2717025379876647e-12,5.789186033298109e-6,0.00007244654009615961
L48T16beta4.405ms0.021032m0.000760,4.405,241.6,48,16,2620,3.2719620993891244e-12,5.789645319930273e-6,0.00007245228766191778
L48T16beta4.405ms0.021032m0.000760,4.405,241.6,48,16,2621,3.2718491277726827e-12,5.789445419818184e-6,0.00007244978608891558
L48T16beta4.405ms0.021032m0.000760,4.405,241.6,48,16,2622,3.2719234785645523e-12,5.7895769814625755e-6,0.00007245143246647032
L48T16beta4.405ms0.021032m0.000760,4.405,241.6,48,16,2623,3.264375175530617e-12,5.776220470596512e-6,0.00007228428755275751
L48T16beta4.405ms0.021032m0.000760,4.405,241.6,48,16,2624,3.2714579570388566e-12,5.78875325415746e-6,0.00007244112424820007
L48T16beta4.405ms0.021032m0.000760,4.405,241.6,48,16,2625,3.271536194547284e-12,5.788891693237971e-6,0.0000724428566907817
L48T16beta4.405ms0.021032m0.000760,4.405,241.6,48,16,2626,3.271946029480049e-12,5.7896168846761215e-6,0.00007245193181987571
L48T16beta4.405ms0.021032m0.000760,4.405,241.6,48,16,2627,3.271951328888744e-12,5.789626261831424e-6,0.00007245204916667606
L48T16beta4.405ms0.021032m0.000760,4.405,241.6,48,16,2628,3.271940489275769e-12,5.789607081439774e-6,0.00007245180914104814
L48T16beta4.405ms0.021032m0.000760,4.405,241.6,48,16,2629,3.2711406167407378e-12,5.788191729385467e-6,0.00007243409726259706
L48T16beta4.405ms0.021032m0.000760,4.405,241.6,48,16,2630,3.2718292237557367e-12,5.789410200217511e-6,0.00007244934534678055
L48T16beta4.405ms0.021032m0.000760,4.405,241.6,48,16,2631,3.2717322363789287e-12,5.789238583769896e-6,0.00007244719771880974
L48T16beta4.405ms0.021032m0.000760,4.405,241.6,48,16,2632,3.2719432629513294e-12,5.789611989381015e-6,0.00007245187055958952
L48T16beta4.405ms0.021032m0.000760,4.405,241.6,48,16,2633,3.271949460731109e-12,5.789622956178797e-6,0.00007245200779935875
L48T16beta4.405ms0.021032m0.000760,4.405,241.6,48,16,2634,3.271960527706256e-12,5.789642538881444e-6,0.00007245225285955277
L48T16beta4.405ms0.021032m0.000760,4.405,241.6,48,16,2635,3.271610400655338e-12,5.7890229988684025e-6,0.00007244449986454831
L48T16beta4.405ms0.021032m0.000760,4.405,241.6,48,16,2636,3.2719599709541466e-12,5.789641553724176e-6,0.00007245224053118136
L48T16beta4.405ms0.021032m0.000760,4.405,241.6,48,16,2637,3.2718854965219365e-12,5.789509773301664e-6,0.00007245059141581203
L48T16beta4.405ms0.021032m0.000760,4.405,241.6,48,16,2638,3.2719369751345943e-12,5.789600863265361e-6,0.0000724517313260981
L48T16beta4.405ms0.021032m0.000760,4.405,241.6,48,16,2639,3.2719044252333832e-12,5.789543267126565e-6,0.00007245101056139048
L48T16beta4.405ms0.021032m0.000760,4.405,241.6,48,16,2640,3.271804537112838e-12,5.7893665178941275e-6,0.00007244879870115986
L48T16beta4.405ms0.021032m0.000760,4.405,241.6,48,16,2641,3.271960330493163e-12,5.789642189918398e-6,0.00007245224849258906
L48T16beta4.405ms0.021032m0.000760,4.405,241.6,48,16,2642,3.2719713616811678e-12,5.789661709296699e-6,0.00007245249276033493
L48T16beta4.405ms0.021032m0.000760,4.405,241.6,48,16,2643,3.271683557276336e-12,5.789152447460873e-6,0.00007244611979912822
L48T16beta4.405ms0.021032m0.000760,4.405,241.6,48,16,2644,3.271942961314956e-12,5.789611455643898e-6,0.00007245186388034183
L48T16beta4.405ms0.021032m0.000760,4.405,241.6,48,16,2645,3.2717943455859468e-12,5.789348484272656e-6,0.00007244857302634592
L48T16beta4.405ms0.021032m0.000760,4.405,241.6,48,16,2646,3.271763471287959e-12,5.789293853066847e-6,0.00007244788936515081
L48T16beta4.405ms0.021032m0.000760,4.405,241.6,48,16,2647,3.271962334599586e-12,5.7896457361285986e-6,0.00007245229287027152
L48T16beta4.405ms0.021032m0.000760,4.405,241.6,48,16,2648,3.271722194538641e-12,5.7892208150146784e-6,0.00007244697535856257
L48T16beta4.405ms0.021032m0.000760,4.405,241.6,48,16,2649,3.2712037966635757e-12,5.788303524489891e-6,0.00007243549627939641
L48T16beta4.405ms0.021032m0.000760,4.405,241.6,48,16,2650,3.2715067052672787e-12,5.788839512782702e-6,0.00007244220369856086
L48T16beta4.405ms0.021032m0.000760,4.405,241.6,48,16,2651,3.2717578258001306e-12,5.789283863534209e-6,0.00007244776435499003
L48T16beta4.405ms0.021032m0.000760,4.405,241.6,48,16,2652,3.2718799437048065e-12,5.789499947747231e-6,0.0000724504684576934
L48T16beta4.405ms0.021032m0.000760,4.405,241.6,48,16,2653,3.271895970971067e-12,5.789528307546116e-6,0.00007245082335547958
L48T16beta4.405ms0.021032m0.000760,4.405,241.6,48,16,2654,3.271674899024663e-12,5.789137126926969e-6,0.00007244592807620424
L48T16beta4.405ms0.021032m0.000760,4.405,241.6,48,16,2655,3.2719330305418636e-12,5.7895938834189725e-6,0.00007245164397949735
L48T16beta4.405ms0.021032m0.000760,4.405,241.6,48,16,2656,3.2710674695562164e-12,5.788062297490577e-6,0.00007243247753697261
L48T16beta4.405ms0.021032m0.000760,4.405,241.6,48,16,2657,3.2718654385699873e-12,5.7894742813173125e-6,0.00007245014726503633
L48T16beta4.405ms0.021032m0.000760,4.405,241.6,48,16,2658,3.271926476664139e-12,5.789582286515847e-6,0.00007245149885451735
L48T16beta4.405ms0.021032m0.000760,4.405,241.6,48,16,2659,3.2719437204947047e-12,5.789612798991206e-6,0.0000724518806911446
L48T16beta4.405ms0.021032m0.000760,4.405,241.6,48,16,2660,3.271841578485661e-12,5.78943206156618e-6,0.00007244961892221307
L48T16beta4.405ms0.021032m0.000760,4.405,241.6,48,16,2661,3.2715262772605442e-12,5.78887414487677e-6,0.00007244263708857061
L48T16beta4.405ms0.021032m0.000760,4.405,241.6,48,16,2662,3.271950163424348e-12,5.789624199574808e-6,0.0000724520233593595
L48T16beta4.405ms0.021032m0.000760,4.405,241.6,48,16,2663,3.2606438371086797e-12,5.76961797173637e-6,0.00007220166312237042
L48T16beta4.405ms0.021032m0.000760,4.405,241.6,48,16,2664,3.268671633820883e-12,5.7838229332403054e-6,0.00007237942564498416
L48T16beta4.405ms0.021032m0.000760,4.405,241.6,48,16,2665,3.271798812440664e-12,5.7893563882470064e-6,0.00007244867193759032
L48T16beta4.405ms0.021032m0.000760,4.405,241.6,48,16,2666,3.271950713135496e-12,5.7896251722732925e-6,0.00007245203553182025
L48T16beta4.405ms0.021032m0.000760,4.405,241.6,48,16,2667,3.2718584631213177e-12,5.789461938456204e-6,0.0000724499928050523
L48T16beta4.405ms0.021032m0.000760,4.405,241.6,48,16,2668,3.2717497516306144e-12,5.789269576517327e-6,0.00007244758556561698
L48T16beta4.405ms0.021032m0.000760,4.405,241.6,48,16,2669,3.271953853748376e-12,5.789630729499846e-6,0.00007245210507559272
L48T16beta4.405ms0.021032m0.000760,4.405,241.6,48,16,2670,3.2718114705407323e-12,5.789378786400651e-6,0.00007244895223066205
L48T16beta4.405ms0.021032m0.000760,4.405,241.6,48,16,2671,3.2719356648407994e-12,5.789598544737179e-6,0.00007245170231176968
L48T16beta4.405ms0.021032m0.000760,4.405,241.6,48,16,2672,3.271956376675714e-12,5.789635193749129e-6,0.0000724521609417219
L48T16beta4.405ms0.021032m0.000760,4.405,241.6,48,16,2673,3.271962162268086e-12,5.7896454311928344e-6,0.00007245228905427028
L48T16beta4.405ms0.021032m0.000760,4.405,241.6,48,16,2674,3.271934375233137e-12,5.78959626281253e-6,0.00007245167375550207
L48T16beta4.405ms0.021032m0.000760,4.405,241.6,48,16,2675,3.2719256548965963e-12,5.78958083242119e-6,0.00007245148065780951
L48T16beta4.405ms0.021032m0.000760,4.405,241.6,48,16,2676,3.271797703409838e-12,5.789354425848013e-6,0.00007244864737990353
L48T16beta4.405ms0.021032m0.000760,4.405,241.6,48,16,2677,3.2717916528946772e-12,5.78934371963085e-6,0.00007244851340107015
L48T16beta4.405ms0.021032m0.000760,4.405,241.6,48,16,2678,3.2718807313130986e-12,5.789501341398051e-6,0.0000724504858980001
L48T16beta4.405ms0.021032m0.000760,4.405,241.6,48,16,2679,3.271944356497334e-12,5.789613924380051e-6,0.00007245189477439008
L48T16beta4.405ms0.021032m0.000760,4.405,241.6,48,16,2680,3.271947004706139e-12,5.789618610311381e-6,0.0000724519534146739
L48T16beta4.405ms0.021032m0.000760,4.405,241.6,48,16,2681,3.271896152090534e-12,5.789528628031941e-6,0.00007245082736607605
L48T16beta4.405ms0.021032m0.000760,4.405,241.6,48,16,2682,3.271717983381995e-12,5.7892133634909054e-6,0.00007244688210933675
L48T16beta4.405ms0.021032m0.000760,4.405,241.6,48,16,2683,3.271943786616214e-12,5.789612915991366e-6,0.00007245188215529806
L48T16beta4.405ms0.021032m0.000760,4.405,241.6,48,16,2684,3.2719236871464156e-12,5.789577350542342e-6,0.000072451437085177
L48T16beta4.405ms0.021032m0.000760,4.405,241.6,48,16,2685,3.271955075143416e-12,5.789632890724171e-6,0.00007245213212140258
L48T16beta4.405ms0.021032m0.000760,4.405,241.6,48,16,2686,3.2712521593199533e-12,5.788389100856196e-6,0.00007243656719189036
L48T16beta4.405ms0.021032m0.000760,4.405,241.6,48,16,2687,3.2718409857875912e-12,5.789431012803541e-6,0.00007244960579787672
L48T16beta4.405ms0.021032m0.000760,4.405,241.6,48,16,2688,3.271698360037357e-12,5.789178640532022e-6,0.00007244644758223423
L48T16beta4.405ms0.021032m0.000760,4.405,241.6,48,16,2689,3.2715831388999308e-12,5.788974759955538e-6,0.00007244389619724261
L48T16beta4.405ms0.021032m0.000760,4.405,241.6,48,16,2690,3.2713632292415493e-12,5.788585635972503e-6,0.00007243902665494819
L48T16beta4.405ms0.021032m0.000760,4.405,241.6,48,16,2691,3.271895779171044e-12,5.789527968161345e-6,0.0000724508191083795
L48T16beta4.405ms0.021032m0.000760,4.405,241.6,48,16,2692,3.2716625496945737e-12,5.789115275133157e-6,0.0000724456546203423
L48T16beta4.405ms0.021032m0.000760,4.405,241.6,48,16,2693,3.2718099808347712e-12,5.789376150407664e-6,0.00007244891924354253
L48T16beta4.405ms0.021032m0.000760,4.405,241.6,48,16,2694,3.2719372706696836e-12,5.789601386206426e-6,0.00007245173787024277
L48T16beta4.405ms0.021032m0.000760,4.405,241.6,48,16,2695,3.2719169593092993e-12,5.7895654458229445e-6,0.00007245128810814875
L48T16beta4.405ms0.021032m0.000760,4.405,241.6,48,16,2696,3.271906013234871e-12,5.7895460770507334e-6,0.00007245104572510483
L48T16beta4.405ms0.021032m0.000760,4.405,241.6,48,16,2697,3.2719309725032647e-12,5.789590241777297e-6,0.00007245159840757442
L48T16beta4.405ms0.021032m0.000760,4.405,241.6,48,16,2698,3.2711643414056714e-12,5.788233709515776e-6,0.00007243462260677778
L48T16beta4.405ms0.021032m0.000760,4.405,241.6,48,16,2699,3.271772662018953e-12,5.789310115808001e-6,0.00007244809287896473
L48T16beta4.405ms0.021032m0.000760,4.405,241.6,48,16,2700,3.2719267486278894e-12,5.789582767748089e-6,0.00007245150487671299
L48T16beta4.405ms0.021032m0.000760,4.405,241.6,48,16,2701,3.271594427903589e-12,5.788994735531419e-6,0.00007244414617389748
L48T16beta4.405ms0.021032m0.000760,4.405,241.6,48,16,2702,3.2719540118656045e-12,5.789631009283855e-6,0.00007245210857684199
L48T16beta4.405ms0.021032m0.000760,4.405,241.6,48,16,2703,3.2717462174385816e-12,5.789263322863482e-6,0.00007244750730667324
L48T16beta4.405ms0.021032m0.000760,4.405,241.6,48,16,2704,3.2719408681509595e-12,5.7896077518488145e-6,0.00007245181753062401
L48T16beta4.405ms0.021032m0.000760,4.405,241.6,48,16,2705,3.2713834428490375e-12,5.788621403384972e-6,0.00007243947425246305
L48T16beta4.405ms0.021032m0.000760,4.405,241.6,48,16,2706,3.2715664441981777e-12,5.788945219148238e-6,0.00007244352652018123
L48T16beta4.405ms0.021032m0.000760,4.405,241.6,48,16,2707,3.2718042804221502e-12,5.789366063687143e-6,0.0000724487930171614
L48T16beta4.405ms0.021032m0.000760,4.405,241.6,48,16,2708,3.2719681332150893e-12,5.7896559966163705e-6,0.00007245242127119603
L48T16beta4.405ms0.021032m0.000760,4.405,241.6,48,16,2709,3.271842670681707e-12,5.789433994176502e-6,0.00007244964310712098
L48T16beta4.405ms0.021032m0.000760,4.405,241.6,48,16,2710,3.2719374236517748e-12,5.789601656903953e-6,0.00007245174125778278
L48T16beta4.405ms0.021032m0.000760,4.405,241.6,48,16,2711,3.2715595059660183e-12,5.788932942140702e-6,0.0000724433728842964
L48T16beta4.405ms0.021032m0.000760,4.405,241.6,48,16,2712,3.2715417096846825e-12,5.7889014521191745e-6,0.0000724429788145439
L48T16beta4.405ms0.021032m0.000760,4.405,241.6,48,16,2713,3.2719722164829953e-12,5.789663221844599e-6,0.00007245251168853336
L48T16beta4.405ms0.021032m0.000760,4.405,241.6,48,16,2714,3.2719109194879294e-12,5.789554758528145e-6,0.000072451154366112
L48T16beta4.405ms0.021032m0.000760,4.405,241.6,48,16,2715,3.2718454602259e-12,5.789438930196844e-6,0.00007244970487704746
L48T16beta4.405ms0.021032m0.000760,4.405,241.6,48,16,2716,3.2719041738498863e-12,5.789542822310506e-6,0.00007245100499491114
L48T16beta4.405ms0.021032m0.000760,4.405,241.6,48,16,2717,3.271952077957037e-12,5.789627587286794e-6,0.00007245206575357705
L48T16beta4.405ms0.021032m0.000760,4.405,241.6,48,16,2718,3.2719484113631666e-12,5.789621099351605e-6,0.00007245198456280963
L48T16beta4.405ms0.021032m0.000760,4.405,241.6,48,16,2719,3.2718424188746937e-12,5.789433548611042e-6,0.00007244963753126356
L48T16beta4.405ms0.021032m0.000760,4.405,241.6,48,16,2720,3.2719017086796074e-12,5.789538460260722e-6,0.00007245095040771828
L48T16beta4.405ms0.021032m0.000760,4.405,241.6,48,16,2721,3.271938045281314e-12,5.789602756860017e-6,0.0000724517550227595
L48T16beta4.405ms0.021032m0.000760,4.405,241.6,48,16,2722,3.2716991377591864e-12,5.789180016689023e-6,0.00007244646480362127
L48T16beta4.405ms0.021032m0.000760,4.405,241.6,48,16,2723,3.271665870169606e-12,5.789121150620753e-6,0.0000724457281468701
L48T16beta4.405ms0.021032m0.000760,4.405,241.6,48,16,2724,3.2719347337265972e-12,5.789596897156669e-6,0.00007245168169375762
L48T16beta4.405ms0.021032m0.000760,4.405,241.6,48,16,2725,3.2719136869563263e-12,5.789559655485985e-6,0.00007245121564720582
L48T16beta4.405ms0.021032m0.000760,4.405,241.6,48,16,2726,3.265729652019937e-12,5.778617178819022e-6,0.00007231428023520754
L48T16beta4.405ms0.021032m0.000760,4.405,241.6,48,16,2727,3.271962288251002e-12,5.789645654116077e-6,0.00007245229184395738
L48T16beta4.405ms0.021032m0.000760,4.405,241.6,48,16,2728,3.2719347364265147e-12,5.789596901934098e-6,0.0000724516817535429
L48T16beta4.405ms0.021032m0.000760,4.405,241.6,48,16,2729,3.271831995393124e-12,5.789415104552262e-6,0.0000724494067201899
L48T16beta4.405ms0.021032m0.000760,4.405,241.6,48,16,2730,3.2719461985425314e-12,5.78961718382745e-6,0.00007245193556348987
L48T16beta4.405ms0.021032m0.000760,4.405,241.6,48,16,2731,3.271951150680953e-12,5.789625946497727e-6,0.00007245204522055388
L48T16beta4.405ms0.021032m0.000760,4.405,241.6,48,16,2732,3.2685179803237154e-12,5.783551047679365e-6,0.00007237602323779273
L48T16beta4.405ms0.021032m0.000760,4.405,241.6,48,16,2733,3.271919261200743e-12,5.789569518955401e-6,0.00007245133907979694
L48T16beta4.405ms0.021032m0.000760,4.405,241.6,48,16,2734,3.2718336583702623e-12,5.789418047143745e-6,0.00007244944354411827
L48T16beta4.405ms0.021032m0.000760,4.405,241.6,48,16,2735,3.2719380304185326e-12,5.789602730560742e-6,0.00007245175469364734
L48T16beta4.405ms0.021032m0.000760,4.405,241.6,48,16,2736,3.2719433168570355e-12,5.789612084765652e-6,0.00007245187175324385
L48T16beta4.405ms0.021032m0.000760,4.405,241.6,48,16,2737,3.2719548596529404e-12,5.789632509419808e-6,0.00007245212734971591
L48T16beta4.405ms0.021032m0.000760,4.405,241.6,48,16,2738,3.2717530833288333e-12,5.789275471864037e-6,0.000072447659340664
L48T16beta4.405ms0.021032m0.000760,4.405,241.6,48,16,2739,3.2719464921585617e-12,5.789617703372794e-6,0.00007245194206514006
L48T16beta4.405ms0.021032m0.000760,4.405,241.6,48,16,2740,3.271857957707346e-12,5.789461044140333e-6,0.00007244998161348059
L48T16beta4.405ms0.021032m0.000760,4.405,241.6,48,16,2741,3.2717322047078374e-12,5.789238527728786e-6,0.00007244719701750486
L48T16beta4.405ms0.021032m0.000760,4.405,241.6,48,16,2742,3.2719463041966567e-12,5.7896173707794665e-6,0.0000724519379030289
L48T16beta4.405ms0.021032m0.000760,4.405,241.6,48,16,2743,3.271948970987247e-12,5.789622089590746e-6,0.00007245199695477618
L48T16beta4.405ms0.021032m0.000760,4.405,241.6,48,16,2744,3.2719202231125336e-12,5.789571221031381e-6,0.0000724513603797716
L48T16beta4.405ms0.021032m0.000760,4.405,241.6,48,16,2745,3.2706784743868107e-12,5.787373981430179e-6,0.00007242386387059849
L48T16beta4.405ms0.021032m0.000760,4.405,241.6,48,16,2746,3.2715840600085562e-12,5.78897638983146e-6,0.0000724439165936974
L48T16beta4.405ms0.021032m0.000760,4.405,241.6,48,16,2747,3.2719513441088673e-12,5.789626288763006e-6,0.00007245204950370097
L48T16beta4.405ms0.021032m0.000760,4.405,241.6,48,16,2748,3.271652633731323e-12,5.789097729113832e-6,0.00007244543504743772
L48T16beta4.405ms0.021032m0.000760,4.405,241.6,48,16,2749,3.2716743860403344e-12,5.789136219215563e-6,0.00007244591671699926
L48T16beta4.405ms0.021032m0.000760,4.405,241.6,48,16,2750,3.2718350703477156e-12,5.789420545598313e-6,0.00007244947481006621
L48T16beta4.405ms0.021032m0.000760,4.405,241.6,48,16,2751,3.2718843726547993e-12,5.789507784650233e-6,0.00007245056652959922
L48T16beta4.405ms0.021032m0.000760,4.405,241.6,48,16,2752,3.271905377549879e-12,5.789544952223939e-6,0.0000724510316488929
L48T16beta4.405ms0.021032m0.000760,4.405,241.6,48,16,2753,3.2719488078539952e-12,5.789621800931025e-6,0.00007245199334245521
L48T16beta4.405ms0.021032m0.000760,4.405,241.6,48,16,2754,3.269850389500412e-12,5.785908708410073e-6,0.00007240552727543773
L48T16beta4.405ms0.021032m0.000760,4.405,241.6,48,16,2755,3.271854631183969e-12,5.78945515795036e-6,0.00007244990795302205
L48T16beta4.405ms0.021032m0.000760,4.405,241.6,48,16,2756,3.2719332775181422e-12,5.789594320436582e-6,0.000072451649448386
L48T16beta4.405ms0.021032m0.000760,4.405,241.6,48,16,2757,3.2718363484674935e-12,5.789422807195473e-6,0.00007244950311195327
L48T16beta4.405ms0.021032m0.000760,4.405,241.6,48,16,2758,3.2712253030948043e-12,5.7883415795177695e-6,0.00007243597250439371
L48T16beta4.405ms0.021032m0.000760,4.405,241.6,48,16,2759,3.2717922861709193e-12,5.789344840195429e-6,0.00007244852742394421
L48T16beta4.405ms0.021032m0.000760,4.405,241.6,48,16,2760,3.27195064780808e-12,5.789625056678259e-6,0.0000724520340852507
L48T16beta4.405ms0.021032m0.000760,4.405,241.6,48,16,2761,3.2718644353653404e-12,5.7894725061747795e-6,0.00007245012505069843
L48T16beta4.405ms0.021032m0.000760,4.405,241.6,48,16,2762,3.27190529933168e-12,5.789544813819027e-6,0.00007245102991687791
L48T16beta4.405ms0.021032m0.000760,4.405,241.6,48,16,2763,3.2719459984442325e-12,5.789616829759113e-6,0.00007245193113263795
L48T16beta4.405ms0.021032m0.000760,4.405,241.6,48,16,2764,3.2719358253138382e-12,5.789598828689728e-6,0.00007245170586518454
L48T16beta4.405ms0.021032m0.000760,4.405,241.6,48,16,2765,3.2719146836097028e-12,5.789561419036228e-6,0.00007245123771647648
L48T16beta4.405ms0.021032m0.000760,4.405,241.6,48,16,2766,3.2715728420497866e-12,5.78895653996752e-6,0.00007244366819021624
L48T16beta4.405ms0.021032m0.000760,4.405,241.6,48,16,2767,3.2717987126628297e-12,5.789356211692923e-6,0.00007244866972817221
L48T16beta4.405ms0.021032m0.000760,4.405,241.6,48,16,2768,3.271953064326904e-12,5.789629332640656e-6,0.0000724520875951361
L48T16beta4.405ms0.021032m0.000760,4.405,241.6,48,16,2769,3.2717824473273716e-12,5.789327430637259e-6,0.00007244830955873022
L48T16beta4.405ms0.021032m0.000760,4.405,241.6,48,16,2770,3.271956945021587e-12,5.789636199421237e-6,0.00007245217352681835
L48T16beta4.405ms0.021032m0.000760,4.405,241.6,48,16,2771,3.271875929906837e-12,5.789492845444111e-6,0.00007245037957865499
L48T16beta4.405ms0.021032m0.000760,4.405,241.6,48,16,2772,3.27192532537431e-12,5.789580249340731e-6,0.00007245147336107355
L48T16beta4.405ms0.021032m0.000760,4.405,241.6,48,16,2773,3.271957583340322e-12,5.789637328908366e-6,0.00007245218766135024
L48T16beta4.405ms0.021032m0.000760,4.405,241.6,48,16,2774,3.271900828374147e-12,5.789536902584859e-6,0.0000724509309147833
L48T16beta4.405ms0.021032m0.000760,4.405,241.6,48,16,2775,3.271892525796903e-12,5.789522211406897e-6,0.000072450747067692
L48T16beta4.405ms0.021032m0.000760,4.405,241.6,48,16,2776,3.2717301677788877e-12,5.789234923440044e-6,0.00007244715191302085
L48T16beta4.405ms0.021032m0.000760,4.405,241.6,48,16,2777,3.2716889826282422e-12,5.789162047469161e-6,0.00007244623993473646
L48T16beta4.405ms0.021032m0.000760,4.405,241.6,48,16,2778,3.2719731073763674e-12,5.7896647982554755e-6,0.00007245253141592044
L48T16beta4.405ms0.021032m0.000760,4.405,241.6,48,16,2779,3.2718543487646556e-12,5.789454658217293e-6,0.00007244990169930494
L48T16beta4.405ms0.021032m0.000760,4.405,241.6,48,16,2780,3.271905352059481e-12,5.789544907119394e-6,0.00007245103108444944
L48T16beta4.405ms0.021032m0.000760,4.405,241.6,48,16,2781,3.2719267261550466e-12,5.7895827279830225e-6,0.00007245150437908837
L48T16beta4.405ms0.021032m0.000760,4.405,241.6,48,16,2782,3.2719172007798638e-12,5.789565873098347e-6,0.0000724512934551223
L48T16beta4.405ms0.021032m0.000760,4.405,241.6,48,16,2783,3.271690497229031e-12,5.789164727512848e-6,0.00007244627347311151
L48T16beta4.405ms0.021032m0.000760,4.405,241.6,48,16,2784,3.271806538810511e-12,5.7893700598421124e-6,0.00007244884302550446
L48T16beta4.405ms0.021032m0.000760,4.405,241.6,48,16,2785,3.2719033409385665e-12,5.789541348497247e-6,0.00007245098655144245
L48T16beta4.405ms0.021032m0.000760,4.405,241.6,48,16,2786,3.2719485225891805e-12,5.789621296162922e-6,0.00007245198702572911
L48T16beta4.405ms0.021032m0.000760,4.405,241.6,48,16,2787,3.271618534183335e-12,5.789037390918454e-6,0.00007244467996831853
L48T16beta4.405ms0.021032m0.000760,4.405,241.6,48,16,2788,3.2715264171136248e-12,5.78887439234288e-6,0.00007244264018538999
L48T16beta4.405ms0.021032m0.000760,4.405,241.6,48,16,2789,3.2719523278052867e-12,5.789628029386276e-6,0.00007245207128606085
L48T16beta4.405ms0.021032m0.000760,4.405,241.6,48,16,2790,3.271725131016581e-12,5.789226011030171e-6,0.00007244704038209828
L48T16beta4.405ms0.021032m0.000760,4.405,241.6,48,16,2791,3.2717849955862887e-12,5.7893319397100615e-6,0.00007244836598578605
L48T16beta4.405ms0.021032m0.000760,4.405,241.6,48,16,2792,3.2715139911270536e-12,5.78885240490757e-6,0.00007244236503209476
L48T16beta4.405ms0.021032m0.000760,4.405,241.6,48,16,2793,3.2713849532278964e-12,5.788624075958072e-6,0.00007243950769735032
L48T16beta4.405ms0.021032m0.000760,4.405,241.6,48,16,2794,3.2714266618316684e-12,5.788697878164606e-6,0.0000724404312666542
L48T16beta4.405ms0.021032m0.000760,4.405,241.6,48,16,2795,3.2719540338619913e-12,5.7896310482058455e-6,0.00007245210906391627
L48T16beta4.405ms0.021032m0.000760,4.405,241.6,48,16,2796,3.271955085373986e-12,5.789632908826878e-6,0.00007245213234794194
L48T16beta4.405ms0.021032m0.000760,4.405,241.6,48,16,2797,3.2719566683462155e-12,5.789635709851915e-6,0.00007245216740029152
L48T16beta4.405ms0.021032m0.000760,4.405,241.6,48,16,2798,3.2719074496968703e-12,5.7895486188300205e-6,0.00007245107753322326
L48T16beta4.405ms0.021032m0.000760,4.405,241.6,48,16,2799,3.271955378182688e-12,5.789633426943677e-6,0.00007245213883171518
L48T16beta4.405ms0.021032m0.000760,4.405,241.6,48,16,2800,3.271798732210762e-12,5.789356246282441e-6,0.00007244867016102941
L48T16beta4.405ms0.021032m0.000760,4.405,241.6,48,16,2801,3.2718671652069456e-12,5.789477336553064e-6,0.00007245018549860805
L48T16beta4.405ms0.021032m0.000760,4.405,241.6,48,16,2802,3.2717938618639594e-12,5.789347628340144e-6,0.00007244856231510796
L48T16beta4.405ms0.021032m0.000760,4.405,241.6,48,16,2803,3.2717643625916126e-12,5.789295430203706e-6,0.00007244790910162293
L48T16beta4.405ms0.021032m0.000760,4.405,241.6,48,16,2804,3.2719466569329397e-12,5.789617994936443e-6,0.00007245194571380111
L48T16beta4.405ms0.021032m0.000760,4.405,241.6,48,16,2805,3.2719435201714126e-12,5.78961244452475e-6,0.00007245187625531058
L48T16beta4.405ms0.021032m0.000760,4.405,241.6,48,16,2806,3.271948811837697e-12,5.7896218079800735e-6,0.00007245199343066782
L48T16beta4.405ms0.021032m0.000760,4.405,241.6,48,16,2807,3.2719021648200844e-12,5.789539267388524e-6,0.00007245096050820846
L48T16beta4.405ms0.021032m0.000760,4.405,241.6,48,16,2808,3.2718744110841184e-12,5.789490157929837e-6,0.00007245034594679215
L48T16beta4.405ms0.021032m0.000760,4.405,241.6,48,16,2809,3.2718508878277377e-12,5.789448534186323e-6,0.00007244982506247679
L48T16beta4.405ms0.021032m0.000760,4.405,241.6,48,16,2810,3.2714261474047367e-12,5.788696967900554e-6,0.00007244041987550512
L48T16beta4.405ms0.021032m0.000760,4.405,241.6,48,16,2811,3.271831336282377e-12,5.78941393827425e-6,0.00007244939212525268
L48T16beta4.405ms0.021032m0.000760,4.405,241.6,48,16,2812,3.271896879400668e-12,5.789529914986859e-6,0.00007245084347117797
L48T16beta4.405ms0.021032m0.000760,4.405,241.6,48,16,2813,3.27194830887218e-12,5.789620917996674e-6,0.00007245198229331317
L48T16beta4.405ms0.021032m0.000760,4.405,241.6,48,16,2814,3.2715543636025258e-12,5.7889238428724885e-6,0.00007244325901500704
L48T16beta4.405ms0.021032m0.000760,4.405,241.6,48,16,2815,3.271845790065824e-12,5.789439513839353e-6,0.00007244971218081698
L48T16beta4.405ms0.021032m0.000760,4.405,241.6,48,16,2816,3.271877180987735e-12,5.7894950591967295e-6,0.00007245040728180995
L48T16beta4.405ms0.021032m0.000760,4.405,241.6,48,16,2817,3.271940562305891e-12,5.78960721066453e-6,0.00007245181075818162
L48T16beta4.405ms0.021032m0.000760,4.405,241.6,48,16,2818,3.2719463426572465e-12,5.789617438834403e-6,0.00007245193875467621
L48T16beta4.405ms0.021032m0.000760,4.405,241.6,48,16,2819,3.2719415116180667e-12,5.789608890445844e-6,0.00007245183177915823
L48T16beta4.405ms0.021032m0.000760,4.405,241.6,48,16,2820,3.2719779160088787e-12,5.789673306996063e-6,0.00007245263789527914
L48T16beta4.405ms0.021032m0.000760,4.405,241.6,48,16,2821,3.2719699080005767e-12,5.7896591370495964e-6,0.00007245246057093872
L48T16beta4.405ms0.021032m0.000760,4.405,241.6,48,16,2822,3.271945192042397e-12,5.789615402853644e-6,0.00007245191327617875
L48T16beta4.405ms0.021032m0.000760,4.405,241.6,48,16,2823,3.2719359232520227e-12,5.789599001988603e-6,0.0000724517080338666
L48T16beta4.405ms0.021032m0.000760,4.405,241.6,48,16,2824,3.2718293763143115e-12,5.789410470165637e-6,0.00007244934872494247
L48T16beta4.405ms0.021032m0.000760,4.405,241.6,48,16,2825,3.271820387375682e-12,5.789394564490423e-6,0.00007244914967949281
L48T16beta4.405ms0.021032m0.000760,4.405,241.6,48,16,2826,3.27194307492325e-12,5.789611656670593e-6,0.00007245186639601301
L48T16beta4.405ms0.021032m0.000760,4.405,241.6,48,16,2827,3.2718111812922157e-12,5.7893782745834996e-6,0.00007244894582572333
L48T16beta4.405ms0.021032m0.000760,4.405,241.6,48,16,2828,3.271571921536731e-12,5.788954911145443e-6,0.00007244364780694936
L48T16beta4.405ms0.021032m0.000760,4.405,241.6,48,16,2829,3.2715001110893146e-12,5.788827844569432e-6,0.00007244205768119749
L48T16beta4.405ms0.021032m0.000760,4.405,241.6,48,16,2830,3.2711471278697684e-12,5.788203250645975e-6,0.00007243424144097665
L48T16beta4.405ms0.021032m0.000760,4.405,241.6,48,16,2831,3.2717347259411095e-12,5.789242988980467e-6,0.00007244725284612168
L48T16beta4.405ms0.021032m0.000760,4.405,241.6,48,16,2832,3.269656401750134e-12,5.785565452517613e-6,0.00007240123173170614
L48T16beta4.405ms0.021032m0.000760,4.405,241.6,48,16,2833,3.2717853591354767e-12,5.78933258300017e-6,0.0000724483740359925
L48T16beta4.405ms0.021032m0.000760,4.405,241.6,48,16,2834,3.2717871581275775e-12,5.789335766266321e-6,0.00007244841387175135
L48T16beta4.405ms0.021032m0.000760,4.405,241.6,48,16,2835,3.2709450853655577e-12,5.787845742091964e-6,0.00007242976753779854
L48T16beta4.405ms0.021032m0.000760,4.405,241.6,48,16,2836,3.271028039669596e-12,5.787992527410239e-6,0.00007243160442615985
L48T16beta4.405ms0.021032m0.000760,4.405,241.6,48,16,2837,3.271546422840699e-12,5.788909791916777e-6,0.00007244308317973064
L48T16beta4.405ms0.021032m0.000760,4.405,241.6,48,16,2838,3.271781872112591e-12,5.789326412810811e-6,0.00007244829682153294
L48T16beta4.405ms0.021032m0.000760,4.405,241.6,48,16,2839,3.2714235542001338e-12,5.788692379297619e-6,0.00007244036245320007
L48T16beta4.405ms0.021032m0.000760,4.405,241.6,48,16,2840,3.2719554434836342e-12,5.789633542491873e-6,0.0000724521402776986
L48T16beta4.405ms0.021032m0.000760,4.405,241.6,48,16,2841,3.2718476663099764e-12,5.789442833800847e-6,0.00007244975372719708
L48T16beta4.405ms0.021032m0.000760,4.405,241.6,48,16,2842,3.2717215016127507e-12,5.789219588901717e-6,0.00007244696001484391
L48T16beta4.405ms0.021032m0.000760,4.405,241.6,48,16,2843,3.27194895562154e-12,5.789622062401557e-6,0.00007245199661452753
L48T16beta4.405ms0.021032m0.000760,4.405,241.6,48,16,2844,3.2716564532014056e-12,5.789104487559198e-6,0.00007244551962340061
L48T16beta4.405ms0.021032m0.000760,4.405,241.6,48,16,2845,3.2707526645732926e-12,5.787505258887833e-6,0.00007242550669180772
L48T16beta4.405ms0.021032m0.000760,4.405,241.6,48,16,2846,3.271843446312424e-12,5.789435366633337e-6,0.00007244966028220373
L48T16beta4.405ms0.021032m0.000760,4.405,241.6,48,16,2847,3.271955242326544e-12,5.789633186550035e-6,0.00007245213582340148
L48T16beta4.405ms0.021032m0.000760,4.405,241.6,48,16,2848,3.2719546715851564e-12,5.78963217663913e-6,0.00007245212318526021
L48T16beta4.405ms0.021032m0.000760,4.405,241.6,48,16,2849,3.2719066561593476e-12,5.789547214687593e-6,0.00007245105996162338
L48T16beta4.405ms0.021032m0.000760,4.405,241.6,48,16,2850,3.2718162182795157e-12,5.789387187391491e-6,0.000072449057361628
L48T16beta4.405ms0.021032m0.000760,4.405,241.6,48,16,2851,3.2712728657815027e-12,5.788425740360127e-6,0.00007243702570285812
L48T16beta4.405ms0.021032m0.000760,4.405,241.6,48,16,2852,3.271883325404439e-12,5.789505931570044e-6,0.00007245054333994053
L48T16beta4.405ms0.021032m0.000760,4.405,241.6,48,16,2853,3.2719519655134132e-12,5.78962738832095e-6,0.00007245206326369561
L48T16beta4.405ms0.021032m0.000760,4.405,241.6,48,16,2854,3.271929829577886e-12,5.789588219402841e-6,0.00007245157309934779
L48T16beta4.405ms0.021032m0.000760,4.405,241.6,48,16,2855,3.2719305082100956e-12,5.789589420223534e-6,0.00007245158812655611
L48T16beta4.405ms0.021032m0.000760,4.405,241.6,48,16,2856,3.2719022185934416e-12,5.789539362538974e-6,0.00007245096169893213
L48T16beta4.405ms0.021032m0.000760,4.405,241.6,48,16,2857,3.2719539810018415e-12,5.78963095467129e-6,0.00007245210789341408
L48T16beta4.405ms0.021032m0.000760,4.405,241.6,48,16,2858,3.2710388061201e-12,5.788011578342946e-6,0.00007243184283172365
L48T16beta4.405ms0.021032m0.000760,4.405,241.6,48,16,2859,3.2718962609077978e-12,5.789528820581043e-6,0.00007245082977565768
L48T16beta4.405ms0.021032m0.000760,4.405,241.6,48,16,2860,3.2716246380880414e-12,5.789048191606923e-6,0.00007244481512937672
L48T16beta4.405ms0.021032m0.000760,4.405,241.6,48,16,2861,3.271777430232111e-12,5.789318553027674e-6,0.00007244819846330247
L48T16beta4.405ms0.021032m0.000760,4.405,241.6,48,16,2862,3.271926420349683e-12,5.789582186868994e-6,0.00007245149760752516
L48T16beta4.405ms0.021032m0.000760,4.405,241.6,48,16,2863,3.271907626991454e-12,5.789548932547822e-6,0.00007245108145912394
L48T16beta4.405ms0.021032m0.000760,4.405,241.6,48,16,2864,3.271796405636249e-12,5.789352129473985e-6,0.00007244861864281473
L48T16beta4.405ms0.021032m0.000760,4.405,241.6,48,16,2865,3.2718039011499132e-12,5.789365392575539e-6,0.00007244878461879358
L48T16beta4.405ms0.021032m0.000760,4.405,241.6,48,16,2866,3.2718886883803098e-12,5.7895154212056835e-6,0.00007245066209433276
L48T16beta4.405ms0.021032m0.000760,4.405,241.6,48,16,2867,3.2719581085669236e-12,5.7896382582821315e-6,0.00007245219929164046
L48T16beta4.405ms0.021032m0.000760,4.405,241.6,48,16,2868,3.271946006808683e-12,5.789616844559774e-6,0.00007245193131785513
L48T16beta4.405ms0.021032m0.000760,4.405,241.6,48,16,2869,3.27195496117778e-12,5.789632689065169e-6,0.00007245212959781862
L48T16beta4.405ms0.021032m0.000760,4.405,241.6,48,16,2870,3.2719507468182906e-12,5.789625231874054e-6,0.00007245203627767103
L48T16beta4.405ms0.021032m0.000760,4.405,241.6,48,16,2871,3.271906784855416e-12,5.789547442411683e-6,0.00007245106281138884
L48T16beta4.405ms0.021032m0.000760,4.405,241.6,48,16,2872,3.271352967344749e-12,5.788567477833448e-6,0.00007243879942190686
L48T16beta4.405ms0.021032m0.000760,4.405,241.6,48,16,2873,3.2719521016871944e-12,5.789627629276643e-6,0.00007245206627904287
L48T16beta4.405ms0.021032m0.000760,4.405,241.6,48,16,2874,3.2719550691347762e-12,5.789632880092051e-6,0.00007245213198835101
L48T16beta4.405ms0.021032m0.000760,4.405,241.6,48,16,2875,3.263374432387927e-12,5.77444968362633e-6,0.00007226212772087455
L48T16beta4.405ms0.021032m0.000760,4.405,241.6,48,16,2876,3.271936559016424e-12,5.78960012695591e-6,0.00007245172211183692
L48T16beta4.405ms0.021032m0.000760,4.405,241.6,48,16,2877,3.271587276205892e-12,5.788982080802592e-6,0.00007244398781116493
L48T16beta4.405ms0.021032m0.000760,4.405,241.6,48,16,2878,3.2718805324324095e-12,5.789500989484241e-6,0.00007245048149411017
L48T16beta4.405ms0.021032m0.000760,4.405,241.6,48,16,2879,3.2719574372006687e-12,5.789637070318342e-6,0.00007245218442532491
L48T16beta4.405ms0.021032m0.000760,4.405,241.6,48,16,2880,3.2719570302410422e-12,5.7896363502146775e-6,0.0000724521754138648
L48T16beta4.405ms0.021032m0.000760,4.405,241.6,48,16,2881,3.2718146355190444e-12,5.7893843867411546e-6,0.00007244902231396746
L48T16beta4.405ms0.021032m0.000760,4.405,241.6,48,16,2882,3.2715469734385843e-12,5.788910766184319e-6,0.00007244309537182675
L48T16beta4.405ms0.021032m0.000760,4.405,241.6,48,16,2883,3.2714525222769436e-12,5.788743637498428e-6,0.0000724410039042225
L48T16beta4.405ms0.021032m0.000760,4.405,241.6,48,16,2884,3.27113504446832e-12,5.788181869405447e-6,0.00007243397387367264
L48T16beta4.405ms0.021032m0.000760,4.405,241.6,48,16,2885,3.2715376417560137e-12,5.788894254033297e-6,0.00007244288873686905
L48T16beta4.405ms0.021032m0.000760,4.405,241.6,48,16,2886,3.271807152657935e-12,5.789371146027941e-6,0.0000724488566181589
L48T16beta4.405ms0.021032m0.000760,4.405,241.6,48,16,2887,3.2714111113258433e-12,5.788670361979963e-6,0.0000724400869259537
L48T16beta4.405ms0.021032m0.000760,4.405,241.6,48,16,2888,3.271923233123521e-12,5.789576547161543e-6,0.00007245142703157724
L48T16beta4.405ms0.021032m0.000760,4.405,241.6,48,16,2889,3.271626700864731e-12,5.789051841632517e-6,0.00007244486080621696
L48T16beta4.405ms0.021032m0.000760,4.405,241.6,48,16,2890,3.271183407534979e-12,5.788267446497734e-6,0.00007243504479525161
L48T16beta4.405ms0.021032m0.000760,4.405,241.6,48,16,2891,3.2714133197127904e-12,5.788674269658831e-6,0.00007244013582709666
L48T16beta4.405ms0.021032m0.000760,4.405,241.6,48,16,2892,3.2711481837625116e-12,5.788205119018619e-6,0.00007243426482200686
L48T16beta4.405ms0.021032m0.000760,4.405,241.6,48,16,2893,3.2717919312641144e-12,5.789344212197775e-6,0.00007244851956510931
L48T16beta4.405ms0.021032m0.000760,4.405,241.6,48,16,2894,3.2719491165710347e-12,5.789622347197182e-6,0.00007245200017849275
L48T16beta4.405ms0.021032m0.000760,4.405,241.6,48,16,2895,3.271932373694283e-12,5.78959272114557e-6,0.00007245162943467425
L48T16beta4.405ms0.021032m0.000760,4.405,241.6,48,16,2896,3.271883711042658e-12,5.789506613946074e-6,0.0000724505518792727
L48T16beta4.405ms0.021032m0.000760,4.405,241.6,48,16,2897,3.271574383610046e-12,5.788959267715235e-6,0.00007244370232556499
L48T16beta4.405ms0.021032m0.000760,4.405,241.6,48,16,2898,3.2712399086162627e-12,5.7883674235790356e-6,0.00007243629591994989
L48T16beta4.405ms0.021032m0.000760,4.405,241.6,48,16,2899,3.2719500032689467e-12,5.78962391618431e-6,0.00007245201981297819
L48T16beta4.405ms0.021032m0.000760,4.405,241.6,48,16,2900,3.271897799106395e-12,5.789531542380391e-6,0.00007245086383656788
L48T16beta4.405ms0.021032m0.000760,4.405,241.6,48,16,2901,3.271939423403919e-12,5.789605195409379e-6,0.00007245178553904678
L48T16beta4.405ms0.021032m0.000760,4.405,241.6,48,16,2902,3.2718876969944194e-12,5.789513666976109e-6,0.00007245064014170203
L48T16beta4.405ms0.021032m0.000760,4.405,241.6,48,16,2903,3.2718108919113502e-12,5.789377762532161e-6,0.00007244893941785397
L48T16beta4.405ms0.021032m0.000760,4.405,241.6,48,16,2904,3.2715293545180067e-12,5.788879589997686e-6,0.00007244270522944026
L48T16beta4.405ms0.021032m0.000760,4.405,241.6,48,16,2905,3.271876025502446e-12,5.789493014597864e-6,0.00007245038169546453
L48T16beta4.405ms0.021032m0.000760,4.405,241.6,48,16,2906,3.2719598528062854e-12,5.7896413446648434e-6,0.00007245223791498883
L48T16beta4.405ms0.021032m0.000760,4.405,241.6,48,16,2907,3.2719416759159887e-12,5.789609181166416e-6,0.00007245183541726893
L48T16beta4.405ms0.021032m0.000760,4.405,241.6,48,16,2908,3.271908521272958e-12,5.789550514953903e-6,0.00007245110126153568
L48T16beta4.405ms0.021032m0.000760,4.405,241.6,48,16,2909,3.271956968645865e-12,5.789636241223736e-6,0.00007245217404993964
L48T16beta4.405ms0.021032m0.000760,4.405,241.6,48,16,2910,3.2717748640002135e-12,5.789314012152186e-6,0.00007244814163826415
L48T16beta4.405ms0.021032m0.000760,4.405,241.6,48,16,2911,3.271756697869882e-12,5.789281867693216e-6,0.0000724477393788062
L48T16beta4.405ms0.021032m0.000760,4.405,241.6,48,16,2912,3.270966092312045e-12,5.787882913295579e-6,0.00007243023270251733
L48T16beta4.405ms0.021032m0.000760,4.405,241.6,48,16,2913,3.271901405097705e-12,5.7895379230810465e-6,0.00007245094368539
L48T16beta4.405ms0.021032m0.000760,4.405,241.6,48,16,2914,3.271952066204455e-12,5.789627566490929e-6,0.0000724520654933352
L48T16beta4.405ms0.021032m0.000760,4.405,241.6,48,16,2915,3.2712624648124805e-12,5.7884073361366695e-6,0.00007243679539028827
L48T16beta4.405ms0.021032m0.000760,4.405,241.6,48,16,2916,3.27150571006974e-12,5.788837751808523e-6,0.00007244218166152737
L48T16beta4.405ms0.021032m0.000760,4.405,241.6,48,16,2917,3.271859175290738e-12,5.789463198620053e-6,0.0000724500085748877
L48T16beta4.405ms0.021032m0.000760,4.405,241.6,48,16,2918,3.2716986198514787e-12,5.789179100265836e-6,0.00007244645333539605
L48T16beta4.405ms0.021032m0.000760,4.405,241.6,48,16,2919,3.2713942708947187e-12,5.78864056330862e-6,0.00007243971402195203
L48T16beta4.405ms0.021032m0.000760,4.405,241.6,48,16,2920,3.2718255913608216e-12,5.789403772796416e-6,0.00007244926491329346
L48T16beta4.405ms0.021032m0.000760,4.405,241.6,48,16,2921,3.27121939288271e-12,5.788331121562955e-6,0.00007243584163234392
L48T16beta4.405ms0.021032m0.000760,4.405,241.6,48,16,2922,3.2712778845575943e-12,5.7884346209438955e-6,0.00007243713683550514
L48T16beta4.405ms0.021032m0.000760,4.405,241.6,48,16,2923,3.2715762792300772e-12,5.788962621961803e-6,0.00007244374430099246
L48T16beta4.405ms0.021032m0.000760,4.405,241.6,48,16,2924,3.271944002464032e-12,5.789613297928035e-6,0.00007245188693489749
L48T16beta4.405ms0.021032m0.000760,4.405,241.6,48,16,2925,3.2718156334165005e-12,5.789386152492762e-6,0.00007244904441078623
L48T16beta4.405ms0.021032m0.000760,4.405,241.6,48,16,2926,3.2719024139933546e-12,5.789539708293649e-6,0.00007245096602574591
L48T16beta4.405ms0.021032m0.000760,4.405,241.6,48,16,2927,3.271734006479265e-12,5.789241715912878e-6,0.0000724472369148074
L48T16beta4.405ms0.021032m0.000760,4.405,241.6,48,16,2928,3.271963479721956e-12,5.789647762390569e-6,0.00007245231822714696
L48T16beta4.405ms0.021032m0.000760,4.405,241.6,48,16,2929,3.2714288088616663e-12,5.78870167727407e-6,0.00007244047880914715
L48T16beta4.405ms0.021032m0.000760,4.405,241.6,48,16,2930,3.2717098663579057e-12,5.789199000644056e-6,0.00007244670237101876
L48T16beta4.405ms0.021032m0.000760,4.405,241.6,48,16,2931,3.2719526887339664e-12,5.789628668039469e-6,0.00007245207927824038
L48T16beta4.405ms0.021032m0.000760,4.405,241.6,48,16,2932,3.239328213881926e-12,5.731900573274079e-6,0.00007172966325843368
L48T16beta4.405ms0.021032m0.000760,4.405,241.6,48,16,2933,3.268889768720247e-12,5.784208916836953e-6,0.00007238425588812199
L48T16beta4.405ms0.021032m0.000760,4.405,241.6,48,16,2934,3.2717445824135305e-12,5.789260429732435e-6,0.00007244747110169846
L48T16beta4.405ms0.021032m0.000760,4.405,241.6,48,16,2935,3.2719543398526435e-12,5.789631589647737e-6,0.00007245211583958238
L48T16beta4.405ms0.021032m0.000760,4.405,241.6,48,16,2936,3.2719430894816287e-12,5.789611682431237e-6,0.00007245186671838467
L48T16beta4.405ms0.021032m0.000760,4.405,241.6,48,16,2937,3.2719224819905852e-12,5.789575218052845e-6,0.00007245141039895808
L48T16beta4.405ms0.021032m0.000760,4.405,241.6,48,16,2938,3.2719023464160073e-12,5.789539588717425e-6,0.0000724509645293553
L48T16beta4.405ms0.021032m0.000760,4.405,241.6,48,16,2939,3.2719569466230085e-12,5.789636202254908e-6,0.00007245217356227924
L48T16beta4.405ms0.021032m0.000760,4.405,241.6,48,16,2940,3.2718544396751136e-12,5.789454819080803e-6,0.00007244990371236941
L48T16beta4.405ms0.021032m0.000760,4.405,241.6,48,16,2941,3.271867127937496e-12,5.789477270605817e-6,0.0000724501846733366
L48T16beta4.405ms0.021032m0.000760,4.405,241.6,48,16,2942,3.2715237791353896e-12,5.788869724514256e-6,0.00007244258177164553
L48T16beta4.405ms0.021032m0.000760,4.405,241.6,48,16,2943,3.2714280621491838e-12,5.7887003559872405e-6,0.00007244046227441175
L48T16beta4.405ms0.021032m0.000760,4.405,241.6,48,16,2944,3.270420380496402e-12,5.786917291517729e-6,0.00007241814880048959
L48T16beta4.405ms0.021032m0.000760,4.405,241.6,48,16,2945,3.27091023575666e-12,5.7877840766848085e-6,0.00007242899584979849
L48T16beta4.405ms0.021032m0.000760,4.405,241.6,48,16,2946,3.271070400051986e-12,5.788067482920788e-6,0.00007243254242804287
L48T16beta4.405ms0.021032m0.000760,4.405,241.6,48,16,2947,3.2716945939832898e-12,5.7891719766048e-6,0.00007244636418908224
L48T16beta4.405ms0.021032m0.000760,4.405,241.6,48,16,2948,3.271587904174943e-12,5.788983191976245e-6,0.00007244400171651987
L48T16beta4.405ms0.021032m0.000760,4.405,241.6,48,16,2949,3.2718741165813506e-12,5.7894896368154355e-6,0.00007245033942550657
L48T16beta4.405ms0.021032m0.000760,4.405,241.6,48,16,2950,3.2716679517927786e-12,5.789124833994672e-6,0.0000724457742410351
L48T16beta4.405ms0.021032m0.000760,4.405,241.6,48,16,2951,3.271951381881243e-12,5.7896263556001665e-6,0.00007245205034010889
L48T16beta4.405ms0.021032m0.000760,4.405,241.6,48,16,2952,3.27179500877304e-12,5.789349657763648e-6,0.00007244858771154719
L48T16beta4.405ms0.021032m0.000760,4.405,241.6,48,16,2953,3.2716649417156168e-12,5.789119507747416e-6,0.00007244570758776413
L48T16beta4.405ms0.021032m0.000760,4.405,241.6,48,16,2954,3.2719469592178227e-12,5.789618529821079e-6,0.000072451952407409
L48T16beta4.405ms0.021032m0.000760,4.405,241.6,48,16,2955,3.271951579438443e-12,5.7896267051721e-6,0.0000724520547146923
L48T16beta4.405ms0.021032m0.000760,4.405,241.6,48,16,2956,3.2719521181646322e-12,5.789627658433008e-6,0.00007245206664390897
L48T16beta4.405ms0.021032m0.000760,4.405,241.6,48,16,2957,3.271953684871182e-12,5.7896304306763804e-6,0.0000724521013360815
L48T16beta4.405ms0.021032m0.000760,4.405,241.6,48,16,2958,3.271899185090525e-12,5.789533994840501e-6,0.00007245089452693587
L48T16beta4.405ms0.021032m0.000760,4.405,241.6,48,16,2959,3.26957172769128e-12,5.785415624141345e-6,0.000072399356762167
L48T16beta4.405ms0.021032m0.000760,4.405,241.6,48,16,2960,3.271513835550924e-12,5.788852129619965e-6,0.00007244236158711399
L48T16beta4.405ms0.021032m0.000760,4.405,241.6,48,16,2961,3.271758339657962e-12,5.789284772791253e-6,0.00007244777573353731
L48T16beta4.405ms0.021032m0.000760,4.405,241.6,48,16,2962,3.2719336554271856e-12,5.789594989136053e-6,0.0000724516578165681
L48T16beta4.405ms0.021032m0.000760,4.405,241.6,48,16,2963,3.2719085534205052e-12,5.789550571838088e-6,0.00007245110197339094
L48T16beta4.405ms0.021032m0.000760,4.405,241.6,48,16,2964,3.271888826327566e-12,5.789515665299491e-6,0.00007245066514895076
L48T16beta4.405ms0.021032m0.000760,4.405,241.6,48,16,2965,3.2719543110005838e-12,5.789631538594825e-6,0.00007245211520070037
L48T16beta4.405ms0.021032m0.000760,4.405,241.6,48,16,2966,3.2718615248674894e-12,5.789467356130326e-6,0.00007245006060244961
L48T16beta4.405ms0.021032m0.000760,4.405,241.6,48,16,2967,3.2719413831072867e-12,5.789608663049617e-6,0.0000724518289334957
L48T16beta4.405ms0.021032m0.000760,4.405,241.6,48,16,2968,3.2719760244519586e-12,5.789669959939056e-6,0.00007245259600982266
L48T16beta4.405ms0.021032m0.000760,4.405,241.6,48,16,2969,3.2702210611766467e-12,5.786564601562363e-6,0.00007241373519780936
L48T16beta4.405ms0.021032m0.000760,4.405,241.6,48,16,2970,3.264461102086502e-12,5.776372515231207e-6,0.00007228619025680961
L48T16beta4.405ms0.021032m0.000760,4.405,241.6,48,16,2971,3.2711752731202445e-12,5.788253052878625e-6,0.00007243486467184601
L48T16beta4.405ms0.021032m0.000760,4.405,241.6,48,16,2972,3.2707358028472302e-12,5.787475422535694e-6,0.00007242513331626424
L48T16beta4.405ms0.021032m0.000760,4.405,241.6,48,16,2973,3.271916765365224e-12,5.789565102644334e-6,0.00007245128381357213
L48T16beta4.405ms0.021032m0.000760,4.405,241.6,48,16,2974,3.2717846290592506e-12,5.78933129115073e-6,0.00007244835786963996
L48T16beta4.405ms0.021032m0.000760,4.405,241.6,48,16,2975,3.2719682075157606e-12,5.789656128089328e-6,0.00007245242291646375
L48T16beta4.405ms0.021032m0.000760,4.405,241.6,48,16,2976,3.271957112059131e-12,5.789636494989495e-6,0.00007245217722559352
L48T16beta4.405ms0.021032m0.000760,4.405,241.6,48,16,2977,3.2719677456313415e-12,5.789655310797781e-6,0.0000724524126887833
L48T16beta4.405ms0.021032m0.000760,4.405,241.6,48,16,2978,3.2717933957311407e-12,5.789346803531173e-6,0.00007244855199335361
L48T16beta4.405ms0.021032m0.000760,4.405,241.6,48,16,2979,3.271894430059317e-12,5.78952558094592e-6,0.000072450789234491
L48T16beta4.405ms0.021032m0.000760,4.405,241.6,48,16,2980,3.2718418506876397e-12,5.789432543219959e-6,0.00007244962494968386
L48T16beta4.405ms0.021032m0.000760,4.405,241.6,48,16,2981,3.2683936245712277e-12,5.783331003657299e-6,0.00007237326958158341
L48T16beta4.405ms0.021032m0.000760,4.405,241.6,48,16,2982,3.271961116883845e-12,5.789643581414691e-6,0.00007245226590593376
L48T16beta4.405ms0.021032m0.000760,4.405,241.6,48,16,2983,3.271864595639856e-12,5.789472789776047e-6,0.00007245012859971731
L48T16beta4.405ms0.021032m0.000760,4.405,241.6,48,16,2984,3.2718112318494948e-12,5.789378364043189e-6,0.00007244894694523217
L48T16beta4.405ms0.021032m0.000760,4.405,241.6,48,16,2985,3.2719580767767183e-12,5.789638202030253e-6,0.00007245219858769799
L48T16beta4.405ms0.021032m0.000760,4.405,241.6,48,16,2986,3.2719281452793403e-12,5.789585239083725e-6,0.00007245153580329147
L48T16beta4.405ms0.021032m0.000760,4.405,241.6,48,16,2987,3.2719160609382145e-12,5.789563856180464e-6,0.00007245126821517986
L48T16beta4.405ms0.021032m0.000760,4.405,241.6,48,16,2988,3.271889360686242e-12,5.789516610832206e-6,0.00007245067698145593
L48T16beta4.405ms0.021032m0.000760,4.405,241.6,48,16,2989,3.2719548129470143e-12,5.789632426774979e-6,0.00007245212631548901
L48T16beta4.405ms0.021032m0.000760,4.405,241.6,48,16,2990,3.271756781382037e-12,5.7892820154656355e-6,0.00007244774122804728
L48T16beta4.405ms0.021032m0.000760,4.405,241.6,48,16,2991,3.2650721458312997e-12,5.7774537400284015e-6,0.00007229972082832214
L48T16beta4.405ms0.021032m0.000760,4.405,241.6,48,16,2992,3.2717466090589708e-12,5.789264015824795e-6,0.00007244751597847085
L48T16beta4.405ms0.021032m0.000760,4.405,241.6,48,16,2993,3.2719185367758147e-12,5.789568237105774e-6,0.00007245132303858323
L48T16beta4.405ms0.021032m0.000760,4.405,241.6,48,16,2994,3.2717195463960107e-12,5.789216129200442e-6,0.00007244691671974409
L48T16beta4.405ms0.021032m0.000760,4.405,241.6,48,16,2995,3.2716644093554094e-12,5.789118565750935e-6,0.00007244569579951179
L48T16beta4.405ms0.021032m0.000760,4.405,241.6,48,16,2996,3.271955122974308e-12,5.789632975359595e-6,0.00007245213318054
L48T16beta4.405ms0.021032m0.000760,4.405,241.6,48,16,2997,3.2718440678890234e-12,5.789436466495726e-6,0.00007244967404600821
L48T16beta4.405ms0.021032m0.000760,4.405,241.6,48,16,2998,3.271943755051002e-12,5.7896128601376065e-6,0.0000724518814563377
L48T16beta4.405ms0.021032m0.000760,4.405,241.6,48,16,2999,3.2718881975908913e-12,5.7895145527675496e-6,0.00007245065122659802
L48T16beta4.405ms0.021032m0.000760,4.405,241.6,48,16,3000,3.2719331008191285e-12,5.789594007772625e-6,0.00007245164553567324
L48T16beta4.405ms0.021032m0.000760,4.405,241.6,48,16,3001,3.2718463875019843e-12,5.789440570985911e-6,0.00007244972541007063
L48T16beta4.405ms0.021032m0.000760,4.405,241.6,48,16,3002,3.2717513070080987e-12,5.7892723287142345e-6,0.00007244762000692573
L48T16beta4.405ms0.021032m0.000760,4.405,241.6,48,16,3003,3.2715578490504595e-12,5.788930010275015e-6,0.00007244333619459186
L48T16beta4.405ms0.021032m0.000760,4.405,241.6,48,16,3004,3.2719566449204606e-12,5.789635668400697e-6,0.00007245216688156621
L48T16beta4.405ms0.021032m0.000760,4.405,241.6,48,16,3005,3.2710463921736454e-12,5.788025001652285e-6,0.00007243201081256113
L48T16beta4.405ms0.021032m0.000760,4.405,241.6,48,16,3006,3.2717848113963274e-12,5.789331613791082e-6,0.00007244836190719846
L48T16beta4.405ms0.021032m0.000760,4.405,241.6,48,16,3007,3.271812575124635e-12,5.789380740930938e-6,0.00007244897668987895
L48T16beta4.405ms0.021032m0.000760,4.405,241.6,48,16,3008,3.27194963899184e-12,5.789623271606169e-6,0.00007245201174665317
L48T16beta4.405ms0.021032m0.000760,4.405,241.6,48,16,3009,3.2717398964816825e-12,5.789252138107236e-6,0.00007244736733934672
L48T16beta4.405ms0.021032m0.000760,4.405,241.6,48,16,3010,3.2717798649621434e-12,5.789322861214294e-6,0.0000724482523764455
L48T16beta4.405ms0.021032m0.000760,4.405,241.6,48,16,3011,3.27163346319197e-12,5.7890638073812214e-6,0.00007244501054697295
L48T16beta4.405ms0.021032m0.000760,4.405,241.6,48,16,3012,3.2719314379081646e-12,5.789591065298236e-6,0.0000724516087132102
L48T16beta4.405ms0.021032m0.000760,4.405,241.6,48,16,3013,3.271939179246672e-12,5.789604763379967e-6,0.00007245178013258101
L48T16beta4.405ms0.021032m0.000760,4.405,241.6,48,16,3014,3.271810319793534e-12,5.789376750185704e-6,0.00007244892674923393
L48T16beta4.405ms0.021032m0.000760,4.405,241.6,48,16,3015,3.2718306445343918e-12,5.789412714245559e-6,0.00007244937680761679
L48T16beta4.405ms0.021032m0.000760,4.405,241.6,48,16,3016,3.271493296696019e-12,5.788815786691298e-6,0.00007244190678752321
L48T16beta4.405ms0.021032m0.000760,4.405,241.6,48,16,3017,3.271959452305285e-12,5.7896406359895375e-6,0.00007245222904654451
L48T16beta4.405ms0.021032m0.000760,4.405,241.6,48,16,3018,3.2718183660241977e-12,5.789390987765569e-6,0.00007244910491994645
L48T16beta4.405ms0.021032m0.000760,4.405,241.6,48,16,3019,3.2716982732429497e-12,5.789178486951749e-6,0.00007244644566031302
L48T16beta4.405ms0.021032m0.000760,4.405,241.6,48,16,3020,3.271954089872045e-12,5.789631147314067e-6,0.00007245211030416796
L48T16beta4.405ms0.021032m0.000760,4.405,241.6,48,16,3021,3.268697150317842e-12,5.783868083967213e-6,0.0000723799906663755
L48T16beta4.405ms0.021032m0.000760,4.405,241.6,48,16,3022,3.2717156808023372e-12,5.789209289140673e-6,0.00007244683112244916
L48T16beta4.405ms0.021032m0.000760,4.405,241.6,48,16,3023,3.2719206536699686e-12,5.789571982890707e-6,0.00007245136991376684
L48T16beta4.405ms0.021032m0.000760,4.405,241.6,48,16,3024,3.271919128613617e-12,5.789569284346194e-6,0.00007245133614387034
L48T16beta4.405ms0.021032m0.000760,4.405,241.6,48,16,3025,3.271806567622866e-12,5.789370110824768e-6,0.00007244884366350728
L48T16beta4.405ms0.021032m0.000760,4.405,241.6,48,16,3026,3.271773516913425e-12,5.789311628519832e-6,0.00007244811180921462
L48T16beta4.405ms0.021032m0.000760,4.405,241.6,48,16,3027,3.271868080796622e-12,5.78947895666336e-6,0.0000724502057728547
L48T16beta4.405ms0.021032m0.000760,4.405,241.6,48,16,3028,3.271773770202746e-12,5.789312076708193e-6,0.00007244811741789535
L48T16beta4.405ms0.021032m0.000760,4.405,241.6,48,16,3029,3.2716150811079418e-12,5.789031280798232e-6,0.00007244460350557106
L48T16beta4.405ms0.021032m0.000760,4.405,241.6,48,16,3030,3.271851628068359e-12,5.789449844021376e-6,0.00007244984145390334
L48T16beta4.405ms0.021032m0.000760,4.405,241.6,48,16,3031,3.2716653551338695e-12,5.789120239279438e-6,0.00007244571674224002
L48T16beta4.405ms0.021032m0.000760,4.405,241.6,48,16,3032,3.2664825812346427e-12,5.779949465982426e-6,0.00007233095263005682
L48T16beta4.405ms0.021032m0.000760,4.405,241.6,48,16,3033,3.2718638736501474e-12,5.789471512235474e-6,0.0000724501126124276
L48T16beta4.405ms0.021032m0.000760,4.405,241.6,48,16,3034,3.271913850327806e-12,5.7895599445672435e-6,0.00007245121926480197
L48T16beta4.405ms0.021032m0.000760,4.405,241.6,48,16,3035,3.271874329332204e-12,5.789490013272114e-6,0.00007245034413652875
L48T16beta4.405ms0.021032m0.000760,4.405,241.6,48,16,3036,3.2719505823218453e-12,5.7896249408022e-6,0.00007245203263516436
L48T16beta4.405ms0.021032m0.000760,4.405,241.6,48,16,3037,3.2676897932507325e-12,5.78208559384296e-6,0.000072357684379876
L48T16beta4.405ms0.021032m0.000760,4.405,241.6,48,16,3038,3.271936676740769e-12,5.789600335265842e-6,0.00007245172471865138
L48T16beta4.405ms0.021032m0.000760,4.405,241.6,48,16,3039,3.271947590786764e-12,5.789619647364637e-6,0.00007245196639247765
L48T16beta4.405ms0.021032m0.000760,4.405,241.6,48,16,3040,3.2719583944537782e-12,5.789638764150916e-6,0.00007245220562214063
L48T16beta4.405ms0.021032m0.000760,4.405,241.6,48,16,3041,3.2717654701268958e-12,5.7892973899563785e-6,0.00007244793362619334
L48T16beta4.405ms0.021032m0.000760,4.405,241.6,48,16,3042,3.2719036472203863e-12,5.789541890454351e-6,0.00007245099333355602
L48T16beta4.405ms0.021032m0.000760,4.405,241.6,48,16,3043,3.2718481357515177e-12,5.7894436644645095e-6,0.00007244976412221773
L48T16beta4.405ms0.021032m0.000760,4.405,241.6,48,16,3044,3.271947136803574e-12,5.789618844054094e-6,0.00007245195633975709
L48T16beta4.405ms0.021032m0.000760,4.405,241.6,48,16,3045,3.2719527462660324e-12,5.789628769840849e-6,0.00007245208055219456
L48T16beta4.405ms0.021032m0.000760,4.405,241.6,48,16,3046,3.2718148950287636e-12,5.7893848459363365e-6,0.00007244902806038881
L48T16beta4.405ms0.021032m0.000760,4.405,241.6,48,16,3047,3.2716821522471998e-12,5.789149961301157e-6,0.0000724460886870395
L48T16beta4.405ms0.021032m0.000760,4.405,241.6,48,16,3048,3.2712107624640106e-12,5.788315850278718e-6,0.00007243565052573593
L48T16beta4.405ms0.021032m0.000760,4.405,241.6,48,16,3049,3.2713232311811096e-12,5.7885148605245004e-6,0.00007243814096284882
L48T16beta4.405ms0.021032m0.000760,4.405,241.6,48,16,3050,3.271787299648254e-12,5.789336016683196e-6,0.00007244841700549694
L48T16beta4.405ms0.021032m0.000760,4.405,241.6,48,16,3051,3.2719507772320674e-12,5.789625285690381e-6,0.00007245203695113474
L48T16beta4.405ms0.021032m0.000760,4.405,241.6,48,16,3052,3.2719129420967283e-12,5.789558337477782e-6,0.00007245119915349955
L48T16beta4.405ms0.021032m0.000760,4.405,241.6,48,16,3053,3.2719529829852714e-12,5.789629188708914e-6,0.00007245208579395772
L48T16beta4.405ms0.021032m0.000760,4.405,241.6,48,16,3054,3.2717254494215597e-12,5.789226574438866e-6,0.0000724470474326595
L48T16beta4.405ms0.021032m0.000760,4.405,241.6,48,16,3055,3.271621288800654e-12,5.789042265136671e-6,0.00007244474096484612
L48T16beta4.405ms0.021032m0.000760,4.405,241.6,48,16,3056,3.2717936006072348e-12,5.789347166053685e-6,0.00007244855653000204
L48T16beta4.405ms0.021032m0.000760,4.405,241.6,48,16,3057,3.271914079106111e-12,5.789560349384049e-6,0.00007245122433072603
L48T16beta4.405ms0.021032m0.000760,4.405,241.6,48,16,3058,3.2719202329989962e-12,5.7895712385252e-6,0.00007245136059869125
L48T16beta4.405ms0.021032m0.000760,4.405,241.6,48,16,3059,3.271790992738374e-12,5.789342551502756e-6,0.00007244849878298079
L48T16beta4.405ms0.021032m0.000760,4.405,241.6,48,16,3060,3.2718722771566614e-12,5.789486382004952e-6,0.00007245029869443369
L48T16beta4.405ms0.021032m0.000760,4.405,241.6,48,16,3061,3.271716815892661e-12,5.789211297651219e-6,0.00007244685625718122
L48T16beta4.405ms0.021032m0.000760,4.405,241.6,48,16,3062,3.271945985765208e-12,5.789616807323934e-6,0.00007245193085188154
L48T16beta4.405ms0.021032m0.000760,4.405,241.6,48,16,3063,3.271793121239526e-12,5.789346317825947e-6,0.00007244854591518252
L48T16beta4.405ms0.021032m0.000760,4.405,241.6,48,16,3064,3.2706331722060553e-12,5.787293820489793e-6,0.00007242286072736757
L48T16beta4.405ms0.021032m0.000760,4.405,241.6,48,16,3065,3.271953436637589e-12,5.789629991433988e-6,0.00007245209583935165
L48T16beta4.405ms0.021032m0.000760,4.405,241.6,48,16,3066,3.271889903277019e-12,5.789517570931393e-6,0.00007245068899624763
L48T16beta4.405ms0.021032m0.000760,4.405,241.6,48,16,3067,3.2719323547816253e-12,5.789592687680152e-6,0.00007245162901588415
L48T16beta4.405ms0.021032m0.000760,4.405,241.6,48,16,3068,3.2719478950701154e-12,5.789620185785507e-6,0.00007245197313033837
L48T16beta4.405ms0.021032m0.000760,4.405,241.6,48,16,3069,3.271402268791565e-12,5.788654715363148e-6,0.00007243989112239066
L48T16beta4.405ms0.021032m0.000760,4.405,241.6,48,16,3070,3.2719494377421055e-12,5.789622915500399e-6,0.0000724520072903046
L48T16beta4.405ms0.021032m0.000760,4.405,241.6,48,16,3071,3.2713493569594556e-12,5.788561089357762e-6,0.00007243871947578711
L48T16beta4.405ms0.021032m0.000760,4.405,241.6,48,16,3072,3.271944282659884e-12,5.78961379372675e-6,0.00007245189313937965
L48T16beta4.405ms0.021032m0.000760,4.405,241.6,48,16,3073,3.271714934870713e-12,5.7892079692355505e-6,0.00007244681460500459
L48T16beta4.405ms0.021032m0.000760,4.405,241.6,48,16,3074,3.2713706778242943e-12,5.78859881603111e-6,0.00007243919159171802
L48T16beta4.405ms0.021032m0.000760,4.405,241.6,48,16,3075,3.2637442738659944e-12,5.775104107766209e-6,0.00007227031725985584
L48T16beta4.405ms0.021032m0.000760,4.405,241.6,48,16,3076,3.2707693542722572e-12,5.7875347908428396e-6,0.00007242587625809047
L48T16beta4.405ms0.021032m0.000760,4.405,241.6,48,16,3077,3.2716511340991947e-12,5.78909507555677e-6,0.00007244540184051933
L48T16beta4.405ms0.021032m0.000760,4.405,241.6,48,16,3078,3.2718509855012245e-12,5.789448707016823e-6,0.00007244982722529755
L48T16beta4.405ms0.021032m0.000760,4.405,241.6,48,16,3079,3.271898261162868e-12,5.789532359976382e-6,0.00007245087406805818
L48T16beta4.405ms0.021032m0.000760,4.405,241.6,48,16,3080,3.2678498921921727e-12,5.782368884437068e-6,0.0000723612295109647
L48T16beta4.405ms0.021032m0.000760,4.405,241.6,48,16,3081,3.271809458188973e-12,5.7893752256005585e-6,0.0000724489076704
L48T16beta4.405ms0.021032m0.000760,4.405,241.6,48,16,3082,3.2719480465963688e-12,5.78962045390697e-6,0.00007245197648564121
L48T16beta4.405ms0.021032m0.000760,4.405,241.6,48,16,3083,3.2719484949812003e-12,5.7896212473113745e-6,0.00007245198641439521
L48T16beta4.405ms0.021032m0.000760,4.405,241.6,48,16,3084,3.271248073550653e-12,5.788381871201821e-6,0.0000724364767191637
L48T16beta4.405ms0.021032m0.000760,4.405,241.6,48,16,3085,3.2719718276022283e-12,5.78966253373097e-6,0.00007245250307740024
L48T16beta4.405ms0.021032m0.000760,4.405,241.6,48,16,3086,3.2718863512972943e-12,5.789511285802726e-6,0.00007245061034342435
L48T16beta4.405ms0.021032m0.000760,4.405,241.6,48,16,3087,3.2719160154234285e-12,5.789563775643325e-6,0.00007245126720732883
L48T16beta4.405ms0.021032m0.000760,4.405,241.6,48,16,3088,3.2715273989571595e-12,5.788876129687523e-6,0.00007244266192672073
L48T16beta4.405ms0.021032m0.000760,4.405,241.6,48,16,3089,3.2718853425736983e-12,5.789509500894567e-6,0.00007245058800687828
L48T16beta4.405ms0.021032m0.000760,4.405,241.6,48,16,3090,3.2717244707146938e-12,5.789224842644471e-6,0.0000724470257607852
L48T16beta4.405ms0.021032m0.000760,4.405,241.6,48,16,3091,3.2719000634107516e-12,5.789535549003549e-6,0.00007245091397591105
L48T16beta4.405ms0.021032m0.000760,4.405,241.6,48,16,3092,3.2719317765889946e-12,5.789591664584481e-6,0.00007245161621274723
L48T16beta4.405ms0.021032m0.000760,4.405,241.6,48,16,3093,3.271277980298787e-12,5.7884347903552555e-6,0.0000724371389555384
L48T16beta4.405ms0.021032m0.000760,4.405,241.6,48,16,3094,3.271839498596259e-12,5.78942838126012e-6,0.00007244957286643959
L48T16beta4.405ms0.021032m0.000760,4.405,241.6,48,16,3095,3.2695175492272774e-12,5.785319756866289e-6,0.00007239815706805693
L48T16beta4.405ms0.021032m0.000760,4.405,241.6,48,16,3096,3.2718774071058273e-12,5.7894954593063624e-6,0.00007245041228882794
L48T16beta4.405ms0.021032m0.000760,4.405,241.6,48,16,3097,3.2717466097868897e-12,5.789264017112827e-6,0.00007244751599458943
L48T16beta4.405ms0.021032m0.000760,4.405,241.6,48,16,3098,3.2717216282044717e-12,5.789219812902223e-6,0.00007244696281801201
L48T16beta4.405ms0.021032m0.000760,4.405,241.6,48,16,3099,3.271838555822119e-12,5.789426713047677e-6,0.00007244955199023714
L48T16beta4.405ms0.021032m0.000760,4.405,241.6,48,16,3100,3.2719118966198434e-12,5.7895564875357075e-6,0.00007245117600311157
L48T16beta4.405ms0.021032m0.000760,4.405,241.6,48,16,3101,3.2718868915057913e-12,5.7895122416865355e-6,0.00007245062230546432
L48T16beta4.405ms0.021032m0.000760,4.405,241.6,48,16,3102,3.2719543048860647e-12,5.789631527775355e-6,0.00007245211506530428
L48T16beta4.405ms0.021032m0.000760,4.405,241.6,48,16,3103,3.27194558199519e-12,5.789616092864193e-6,0.00007245192191105015
L48T16beta4.405ms0.021032m0.000760,4.405,241.6,48,16,3104,3.2719369588027403e-12,5.7896008343666025e-6,0.00007245173096445571
L48T16beta4.405ms0.021032m0.000760,4.405,241.6,48,16,3105,3.2719483778788954e-12,5.789621040102125e-6,0.00007245198382135483
L48T16beta4.405ms0.021032m0.000760,4.405,241.6,48,16,3106,3.2717534524631448e-12,5.789276125036866e-6,0.00007244766751454393
L48T16beta4.405ms0.021032m0.000760,4.405,241.6,48,16,3107,3.2718507802280837e-12,5.789448343791748e-6,0.00007244982267985716
L48T16beta4.405ms0.021032m0.000760,4.405,241.6,48,16,3108,3.2716331629717297e-12,5.7890632761499125e-6,0.00007244500389908323
L48T16beta4.405ms0.021032m0.000760,4.405,241.6,48,16,3109,3.2711570996577842e-12,5.788220895445659e-6,0.00007243446225002999
L48T16beta4.405ms0.021032m0.000760,4.405,241.6,48,16,3110,3.2708873739800715e-12,5.787743623411265e-6,0.00007242848961287901
L48T16beta4.405ms0.021032m0.000760,4.405,241.6,48,16,3111,3.2716816096431877e-12,5.789149001178551e-6,0.00007244607667195473
L48T16beta4.405ms0.021032m0.000760,4.405,241.6,48,16,3112,3.2716423737138773e-12,5.789079574300242e-6,0.00007244520785601165
L48T16beta4.405ms0.021032m0.000760,4.405,241.6,48,16,3113,3.2716679281552654e-12,5.789124792168754e-6,0.00007244577371762075
L48T16beta4.405ms0.021032m0.000760,4.405,241.6,48,16,3114,3.2710560831437694e-12,5.788042149552572e-6,0.00007243222540335828
L48T16beta4.405ms0.021032m0.000760,4.405,241.6,48,16,3115,3.271806456158624e-12,5.789369913591913e-6,0.00007244884119531265
L48T16beta4.405ms0.021032m0.000760,4.405,241.6,48,16,3116,3.2714489565594033e-12,5.7887373280610804e-6,0.0000724409249471976
L48T16beta4.405ms0.021032m0.000760,4.405,241.6,48,16,3117,3.271763755798385e-12,5.78929435650008e-6,0.00007244789566517222
L48T16beta4.405ms0.021032m0.000760,4.405,241.6,48,16,3118,3.271870864490994e-12,5.789483882332608e-6,0.00007245026741324639
L48T16beta4.405ms0.021032m0.000760,4.405,241.6,48,16,3119,3.2719557099284357e-12,5.789634013958489e-6,0.00007245214617768606
L48T16beta4.405ms0.021032m0.000760,4.405,241.6,48,16,3120,3.269254268768844e-12,5.784853889466944e-6,0.0000723923271498211
L48T16beta4.405ms0.021032m0.000760,4.405,241.6,48,16,3121,3.271513778614428e-12,5.788852028872429e-6,0.00007244236032634773
L48T16beta4.405ms0.021032m0.000760,4.405,241.6,48,16,3122,3.2718347589704633e-12,5.789419994624984e-6,0.00007244946791512257
L48T16beta4.405ms0.021032m0.000760,4.405,241.6,48,16,3123,3.271814252474864e-12,5.789383708955202e-6,0.00007244901383207608
L48T16beta4.405ms0.021032m0.000760,4.405,241.6,48,16,3124,3.2717813907331792e-12,5.78932556102342e-6,0.00007244828616216752
L48T16beta4.405ms0.021032m0.000760,4.405,241.6,48,16,3125,3.2719359840531065e-12,5.789599109574418e-6,0.0000724517093802079
L48T16beta4.405ms0.021032m0.000760,4.405,241.6,48,16,3126,3.265470413814486e-12,5.7781584640731465e-6,0.00007230853982610018
L48T16beta4.405ms0.021032m0.000760,4.405,241.6,48,16,3127,3.2718603837949954e-12,5.789465337034498e-6,0.00007245003533525211
L48T16beta4.405ms0.021032m0.000760,4.405,241.6,48,16,3128,3.271949654701654e-12,5.789623299404245e-6,0.0000724520120945215
L48T16beta4.405ms0.021032m0.000760,4.405,241.6,48,16,3129,3.2719591551555393e-12,5.7896401101913825e-6,0.0000724522224666459
L48T16beta4.405ms0.021032m0.000760,4.405,241.6,48,16,3130,3.271662979391741e-12,5.7891160354702625e-6,0.00007244566413528832
L48T16beta4.405ms0.021032m0.000760,4.405,241.6,48,16,3131,3.271961324790729e-12,5.789643949300101e-6,0.00007245227050969412
L48T16beta4.405ms0.021032m0.000760,4.405,241.6,48,16,3132,3.269550425871448e-12,5.785377931167603e-6,0.00007239888506795682
L48T16beta4.405ms0.021032m0.000760,4.405,241.6,48,16,3133,3.271904024494155e-12,5.789542558029721e-6,0.000072451001687671
L48T16beta4.405ms0.021032m0.000760,4.405,241.6,48,16,3134,3.2719444797670977e-12,5.789614142502446e-6,0.00007245189750399883
L48T16beta4.405ms0.021032m0.000760,4.405,241.6,48,16,3135,3.271936254931596e-12,5.789599588886321e-6,0.00007245171537837218
L48T16beta4.405ms0.021032m0.000760,4.405,241.6,48,16,3136,3.2663325393668482e-12,5.779683971098536e-6,0.00007232763019653328
L48T16beta4.405ms0.021032m0.000760,4.405,241.6,48,16,3137,3.271929719595952e-12,5.789588024792888e-6,0.00007245157066397646
L48T16beta4.405ms0.021032m0.000760,4.405,241.6,48,16,3138,3.2719395720052617e-12,5.7896054583552944e-6,0.00007245178882958224
L48T16beta4.405ms0.021032m0.000760,4.405,241.6,48,16,3139,3.2718747885696453e-12,5.7894908258799074e-6,0.00007245035430559619
L48T16beta4.405ms0.021032m0.000760,4.405,241.6,48,16,3140,3.2719560808229875e-12,5.789634670246013e-6,0.00007245215439054366
L48T16beta4.405ms0.021032m0.000760,4.405,241.6,48,16,3141,3.271942830871882e-12,5.789611224828531e-6,0.00007245186099189177
L48T16beta4.405ms0.021032m0.000760,4.405,241.6,48,16,3142,3.271570350184735e-12,5.788952130682083e-6,0.00007244361301191098
L48T16beta4.405ms0.021032m0.000760,4.405,241.6,48,16,3143,3.271912456588031e-12,5.789557478383736e-6,0.0000724511884026978
L48T16beta4.405ms0.021032m0.000760,4.405,241.6,48,16,3144,3.2719488290562887e-12,5.789621838447889e-6,0.00007245199381194557
L48T16beta4.405ms0.021032m0.000760,4.405,241.6,48,16,3145,3.271574331941036e-12,5.788959176288369e-6,0.00007244370118143866
L48T16beta4.405ms0.021032m0.000760,4.405,241.6,48,16,3146,3.271650169156614e-12,5.7890933681178924e-6,0.00007244538047343278
L48T16beta4.405ms0.021032m0.000760,4.405,241.6,48,16,3147,3.2715668466579417e-12,5.788945931289521e-6,0.00007244353543199918
L48T16beta4.405ms0.021032m0.000760,4.405,241.6,48,16,3148,3.271962242974444e-12,5.789645574000475e-6,0.00007245229084138153
L48T16beta4.405ms0.021032m0.000760,4.405,241.6,48,16,3149,3.271951898743394e-12,5.789627270173271e-6,0.00007245206178518195
L48T16beta4.405ms0.021032m0.000760,4.405,241.6,48,16,3150,3.269927333099838e-12,5.786044857954836e-6,0.00007240723106650561
L48T16beta4.405ms0.021032m0.000760,4.405,241.6,48,16,3151,3.271880476065014e-12,5.789500889743712e-6,0.00007245048024594574
L48T16beta4.405ms0.021032m0.000760,4.405,241.6,48,16,3152,3.271826823515827e-12,5.789405953060198e-6,0.00007244929219736529
L48T16beta4.405ms0.021032m0.000760,4.405,241.6,48,16,3153,3.271905355910834e-12,5.789544913934255e-6,0.00007245103116973139
L48T16beta4.405ms0.021032m0.000760,4.405,241.6,48,16,3154,3.271716621948586e-12,5.789210954472608e-6,0.0000724468519626046
L48T16beta4.405ms0.021032m0.000760,4.405,241.6,48,16,3155,3.2719325988859328e-12,5.789593119615889e-6,0.00007245163442117768
L48T16beta4.405ms0.021032m0.000760,4.405,241.6,48,16,3156,3.2719890054171637e-12,5.7896929293935195e-6,0.00007245288345221856
L48T16beta4.405ms0.021032m0.000760,4.405,241.6,48,16,3157,3.2711733021804553e-12,5.788249565355855e-6,0.00007243482102858482
L48T16beta4.405ms0.021032m0.000760,4.405,241.6,48,16,3158,3.271798426537747e-12,5.7893557054026e-6,0.00007244866339239686
L48T16beta4.405ms0.021032m0.000760,4.405,241.6,48,16,3159,3.2713468149341716e-12,5.7885565913151985e-6,0.00007243866318676494
L48T16beta4.405ms0.021032m0.000760,4.405,241.6,48,16,3160,3.271166477093369e-12,5.7882374885553575e-6,0.00007243466989811389
L48T16beta4.405ms0.021032m0.000760,4.405,241.6,48,16,3161,3.2717960774506866e-12,5.789351548758821e-6,0.00007244861137567836
L48T16beta4.405ms0.021032m0.000760,4.405,241.6,48,16,3162,3.2709377551953717e-12,5.787832771561065e-6,0.00007242960522308255
L48T16beta4.405ms0.021032m0.000760,4.405,241.6,48,16,3163,3.2718466554290934e-12,5.789441045075429e-6,0.0000724497313428814
L48T16beta4.405ms0.021032m0.000760,4.405,241.6,48,16,3164,3.2703198783960838e-12,5.786739455865275e-6,0.00007241592334467388
L48T16beta4.405ms0.021032m0.000760,4.405,241.6,48,16,3165,3.2717603118683005e-12,5.7892882625622255e-6,0.00007244781940493277
L48T16beta4.405ms0.021032m0.000760,4.405,241.6,48,16,3166,3.271885936529083e-12,5.789510551881989e-6,0.0000724506011590558
L48T16beta4.405ms0.021032m0.000760,4.405,241.6,48,16,3167,3.271650940962448e-12,5.7890947338067045e-6,0.0000724453975638197
L48T16beta4.405ms0.021032m0.000760,4.405,241.6,48,16,3168,3.2715283425915674e-12,5.788877799422186e-6,0.00007244268282197242
L48T16beta4.405ms0.021032m0.000760,4.405,241.6,48,16,3169,3.271458019785469e-12,5.788753365185834e-6,0.00007244112563762191
L48T16beta4.405ms0.021032m0.000760,4.405,241.6,48,16,3170,3.271648236995052e-12,5.789089949212109e-6,0.00007244533768885244
L48T16beta4.405ms0.021032m0.000760,4.405,241.6,48,16,3171,3.2717088522741794e-12,5.789197206251297e-6,0.0000724466799157813
L48T16beta4.405ms0.021032m0.000760,4.405,241.6,48,16,3172,3.271594647443941e-12,5.788995124001925e-6,0.00007244415103526208
L48T16beta4.405ms0.021032m0.000760,4.405,241.6,48,16,3173,3.2714854037121442e-12,5.788801820277335e-6,0.00007244173201021197
L48T16beta4.405ms0.021032m0.000760,4.405,241.6,48,16,3174,3.2714939076052973e-12,5.788816867678161e-6,0.0000724419203151172
L48T16beta4.405ms0.021032m0.000760,4.405,241.6,48,16,3175,3.2598409598698517e-12,5.768197302942826e-6,0.00007218388470963282
L48T16beta4.405ms0.021032m0.000760,4.405,241.6,48,16,3176,3.271885957784316e-12,5.789510589492529e-6,0.00007245060162971843
L48T16beta4.405ms0.021032m0.000760,4.405,241.6,48,16,3177,3.271275850950602e-12,5.788431022533264e-6,0.00007243709180458048
L48T16beta4.405ms0.021032m0.000760,4.405,241.6,48,16,3178,3.2717114412700873e-12,5.789201787407064e-6,0.00007244673724489166
L48T16beta4.405ms0.021032m0.000760,4.405,241.6,48,16,3179,3.271902673225141e-12,5.789540166997037e-6,0.00007245097176601289
L48T16beta4.405ms0.021032m0.000760,4.405,241.6,48,16,3180,3.2719420866872634e-12,5.789609908014685e-6,0.0000724518445131318
L48T16beta4.405ms0.021032m0.000760,4.405,241.6,48,16,3181,3.2718717582166323e-12,5.789485463755101e-6,0.0000724502872033494
L48T16beta4.405ms0.021032m0.000760,4.405,241.6,48,16,3182,3.2719367079089344e-12,5.789600390417038e-6,0.00007245172540881979
L48T16beta4.405ms0.021032m0.000760,4.405,241.6,48,16,3183,3.271823413877342e-12,5.7893999198003684e-6,0.00007244921669645762
L48T16beta4.405ms0.021032m0.000760,4.405,241.6,48,16,3184,3.2714205829409037e-12,5.788687121737607e-6,0.00007244029665948916
L48T16beta4.405ms0.021032m0.000760,4.405,241.6,48,16,3185,3.271928672094129e-12,5.789586171267742e-6,0.00007245154746874952
L48T16beta4.405ms0.021032m0.000760,4.405,241.6,48,16,3186,3.271675760867452e-12,5.789138651933652e-6,0.00007244594716031333
L48T16beta4.405ms0.021032m0.000760,4.405,241.6,48,16,3187,3.2718448264467323e-12,5.789437808742352e-6,0.00007244969084303692
L48T16beta4.405ms0.021032m0.000760,4.405,241.6,48,16,3188,3.2719574005664938e-12,5.789637005495195e-6,0.0000724521836141206
L48T16beta4.405ms0.021032m0.000760,4.405,241.6,48,16,3189,3.2718873026741127e-12,5.789512969237368e-6,0.00007245063141011915
L48T16beta4.405ms0.021032m0.000760,4.405,241.6,48,16,3190,3.2713622457304184e-12,5.788583895677095e-6,0.00007243900487669122
L48T16beta4.405ms0.021032m0.000760,4.405,241.6,48,16,3191,3.2717797684136223e-12,5.789322690374389e-6,0.00007244825023853528
L48T16beta4.405ms0.021032m0.000760,4.405,241.6,48,16,3192,3.271525174555996e-12,5.788872193671947e-6,0.00007244261267096897
L48T16beta4.405ms0.021032m0.000760,4.405,241.6,48,16,3193,3.2719450544392477e-12,5.7896151593687245e-6,0.00007245191022918044
L48T16beta4.405ms0.021032m0.000760,4.405,241.6,48,16,3194,3.2718026148377386e-12,5.789363116482163e-6,0.00007244875613549918
L48T16beta4.405ms0.021032m0.000760,4.405,241.6,48,16,3195,3.271958665054335e-12,5.7896392429710244e-6,0.00007245221161415056
L48T16beta4.405ms0.021032m0.000760,4.405,241.6,48,16,3196,3.271582804996896e-12,5.7889741691234675e-6,0.00007244388880350208
L48T16beta4.405ms0.021032m0.000760,4.405,241.6,48,16,3197,3.2717447764634847e-12,5.789260773098395e-6,0.00007244747539861959
L48T16beta4.405ms0.021032m0.000760,4.405,241.6,48,16,3198,3.271936618599898e-12,5.789600232387199e-6,0.0000724517234312162
L48T16beta4.405ms0.021032m0.000760,4.405,241.6,48,16,3199,3.2717665379839793e-12,5.789299279499588e-6,0.00007244795727215447
L48T16beta4.405ms0.021032m0.000760,4.405,241.6,48,16,3200,3.2716275190588533e-12,5.789053289404107e-6,0.0000724448789237972
L48T16beta4.405ms0.021032m0.000760,4.405,241.6,48,16,3201,3.271750185959993e-12,5.789270345051001e-6,0.00007244759518313579
L48T16beta4.405ms0.021032m0.000760,4.405,241.6,48,16,3202,3.2719529665210684e-12,5.789629159575968e-6,0.00007245208542938467
L48T16beta4.405ms0.021032m0.000760,4.405,241.6,48,16,3203,3.271863922936877e-12,5.789471599446962e-6,0.00007245011370380219
L48T16beta4.405ms0.021032m0.000760,4.405,241.6,48,16,3204,3.2714622109971364e-12,5.788760781417525e-6,0.00007244121844519857
L48T16beta4.405ms0.021032m0.000760,4.405,241.6,48,16,3205,3.271759592075584e-12,5.7892869889091675e-6,0.00007244780346629185
L48T16beta4.405ms0.021032m0.000760,4.405,241.6,48,16,3206,3.2719196109724105e-12,5.789570137866573e-6,0.00007245134682492257
L48T16beta4.405ms0.021032m0.000760,4.405,241.6,48,16,3207,3.2716684796266537e-12,5.789125767981934e-6,0.00007244578592905917
L48T16beta4.405ms0.021032m0.000760,4.405,241.6,48,16,3208,3.2711970058813235e-12,5.788291508390837e-6,0.00007243534590855035
L48T16beta4.405ms0.021032m0.000760,4.405,241.6,48,16,3209,3.27169532114784e-12,5.789173263302111e-6,0.00007244638029096044
L48T16beta4.405ms0.021032m0.000760,4.405,241.6,48,16,3210,3.2719555218606516e-12,5.789633681177811e-6,0.00007245214201323039
L48T16beta4.405ms0.021032m0.000760,4.405,241.6,48,16,3211,3.2719373094611456e-12,5.789601454846832e-6,0.0000724517387292167
L48T16beta4.405ms0.021032m0.000760,4.405,241.6,48,16,3212,3.2719040578328424e-12,5.789542617021595e-6,0.0000724510024259021
L48T16beta4.405ms0.021032m0.000760,4.405,241.6,48,16,3213,3.271893920992516e-12,5.789524680166469e-6,0.00007245077796203332
L48T16beta4.405ms0.021032m0.000760,4.405,241.6,48,16,3214,3.2717313060720548e-12,5.789236937617931e-6,0.00007244717711867466
L48T16beta4.405ms0.021032m0.000760,4.405,241.6,48,16,3215,3.2713170250104098e-12,5.78850387887922e-6,0.00007243800353727627
L48T16beta4.405ms0.021032m0.000760,4.405,241.6,48,16,3216,3.2714510163317728e-12,5.788740972770615e-6,0.00007244097055751205
L48T16beta4.405ms0.021032m0.000760,4.405,241.6,48,16,3217,3.271736218479337e-12,5.7892456299850695e-6,0.00007244728589595713
L48T16beta4.405ms0.021032m0.000760,4.405,241.6,48,16,3218,3.2718335840166514e-12,5.789417915577112e-6,0.0000724494418976783
L48T16beta4.405ms0.021032m0.000760,4.405,241.6,48,16,3219,3.271639094796399e-12,5.7890737723475735e-6,0.00007244513524970841
L48T16beta4.405ms0.021032m0.000760,4.405,241.6,48,16,3220,3.2717997814198858e-12,5.789358102828608e-6,0.00007244869339406175
L48T16beta4.405ms0.021032m0.000760,4.405,241.6,48,16,3221,3.2719018706746585e-12,5.789538746906429e-6,0.00007245095399483564
L48T16beta4.405ms0.021032m0.000760,4.405,241.6,48,16,3222,3.2718794165591458e-12,5.789499014977745e-6,0.00007245045678490871
L48T16beta4.405ms0.021032m0.000760,4.405,241.6,48,16,3223,3.2716035703007655e-12,5.789010912747236e-6,0.00007244434861743748
L48T16beta4.405ms0.021032m0.000760,4.405,241.6,48,16,3224,3.2715737871003277e-12,5.788958212207991e-6,0.0000724436891168259
L48T16beta4.405ms0.021032m0.000760,4.405,241.6,48,16,3225,3.2717750404345294e-12,5.789314324347768e-6,0.00007244814554511557
L48T16beta4.405ms0.021032m0.000760,4.405,241.6,48,16,3226,3.2712620973325303e-12,5.788406685891187e-6,0.00007243678725304148
L48T16beta4.405ms0.021032m0.000760,4.405,241.6,48,16,3227,3.270972674883011e-12,5.787894560970591e-6,0.00007243037846286255
L48T16beta4.405ms0.021032m0.000760,4.405,241.6,48,16,3228,3.27137747660042e-12,5.788610846275098e-6,0.00007243934213957544
L48T16beta4.405ms0.021032m0.000760,4.405,241.6,48,16,3229,3.271253032465338e-12,5.788390645862507e-6,0.0000724365865262771
L48T16beta4.405ms0.021032m0.000760,4.405,241.6,48,16,3230,3.271663522816316e-12,5.7891169970448325e-6,0.00007244567616854314
L48T16beta4.405ms0.021032m0.000760,4.405,241.6,48,16,3231,3.271576900661093e-12,5.788963721566585e-6,0.00007244375806157321
L48T16beta4.405ms0.021032m0.000760,4.405,241.6,48,16,3232,3.271722644088143e-12,5.789221610479935e-6,0.00007244698531310632
L48T16beta4.405ms0.021032m0.000760,4.405,241.6,48,16,3233,3.271304888417939e-12,5.7884824035186674e-6,0.00007243773479214347
L48T16beta4.405ms0.021032m0.000760,4.405,241.6,48,16,3234,3.2710298457555977e-12,5.787995723228849e-6,0.00007243164441900163
L48T16beta4.405ms0.021032m0.000760,4.405,241.6,48,16,3235,3.271557500946388e-12,5.788929394314607e-6,0.00007244332848639244
L48T16beta4.405ms0.021032m0.000760,4.405,241.6,48,16,3236,3.271850237332904e-12,5.789447383153928e-6,0.00007244981065832497
L48T16beta4.405ms0.021032m0.000760,4.405,241.6,48,16,3237,3.2717160575202405e-12,5.789209955732455e-6,0.00007244683946425541
L48T16beta4.405ms0.021032m0.000760,4.405,241.6,48,16,3238,3.2713430838996227e-12,5.788549989354033e-6,0.00007243858056906332
L48T16beta4.405ms0.021032m0.000760,4.405,241.6,48,16,3239,3.2716693279433852e-12,5.789127269054638e-6,0.00007244580471365567
L48T16beta4.405ms0.021032m0.000760,4.405,241.6,48,16,3240,3.2715864865594268e-12,5.788980683545282e-6,0.00007244397032572619
L48T16beta4.405ms0.021032m0.000760,4.405,241.6,48,16,3241,3.2717940154548556e-12,5.789347900114934e-6,0.00007244856571612897
L48T16beta4.405ms0.021032m0.000760,4.405,241.6,48,16,3242,3.2642359056587453e-12,5.775974036457791e-6,0.00007228120364759206
L48T16beta4.405ms0.021032m0.000760,4.405,241.6,48,16,3243,3.2716950230187124e-12,5.789172735770967e-6,0.00007244637368937501
L48T16beta4.405ms0.021032m0.000760,4.405,241.6,48,16,3244,3.271905200387644e-12,5.789544638740325e-6,0.00007245102772592289
L48T16beta4.405ms0.021032m0.000760,4.405,241.6,48,16,3245,3.271800949835662e-12,5.789360170307609e-6,0.00007244871926673184
L48T16beta4.405ms0.021032m0.000760,4.405,241.6,48,16,3246,3.271684804400002e-12,5.78915465421128e-6,0.00007244614741465671
L48T16beta4.405ms0.021032m0.000760,4.405,241.6,48,16,3247,3.2718309909311625e-12,5.789413327184946e-6,0.00007244938447801081
L48T16beta4.405ms0.021032m0.000760,4.405,241.6,48,16,3248,3.271823652039184e-12,5.789400341221079e-6,0.00007244922197016487
L48T16beta4.405ms0.021032m0.000760,4.405,241.6,48,16,3249,3.271956185352147e-12,5.7896348552074345e-6,0.00007245215670517217
L48T16beta4.405ms0.021032m0.000760,4.405,241.6,48,16,3250,3.2719256547510125e-12,5.789580832163584e-6,0.00007245148065458578
L48T16beta4.405ms0.021032m0.000760,4.405,241.6,48,16,3251,3.2719444951725094e-12,5.7896141697618905e-6,0.00007245189784512666
L48T16beta4.405ms0.021032m0.000760,4.405,241.6,48,16,3252,3.2719508606515778e-12,5.789625433298869e-6,0.00007245203879832433
L48T16beta4.405ms0.021032m0.000760,4.405,241.6,48,16,3253,3.2719602293256653e-12,5.789642010905344e-6,0.00007245224625239909
L48T16beta4.405ms0.021032m0.000760,4.405,241.6,48,16,3254,3.271810414078889e-12,5.789376917021e-6,0.00007244892883703002
L48T16beta4.405ms0.021032m0.000760,4.405,241.6,48,16,3255,3.271914349230212e-12,5.7895608273610816e-6,0.00007245123031218562
L48T16beta4.405ms0.021032m0.000760,4.405,241.6,48,16,3256,3.2719665118616794e-12,5.7896531276769095e-6,0.00007245238536895752
L48T16beta4.405ms0.021032m0.000760,4.405,241.6,48,16,3257,3.269163607523777e-12,5.784693466932313e-6,0.0000723903196037653
L48T16beta4.405ms0.021032m0.000760,4.405,241.6,48,16,3258,3.2719092500918695e-12,5.7895518045785604e-6,0.00007245111740004704
L48T16beta4.405ms0.021032m0.000760,4.405,241.6,48,16,3259,3.271475020623458e-12,5.788783447692632e-6,0.00007244150209357313
L48T16beta4.405ms0.021032m0.000760,4.405,241.6,48,16,3260,3.271200763888578e-12,5.78829815807945e-6,0.00007243542912351872
L48T16beta4.405ms0.021032m0.000760,4.405,241.6,48,16,3261,3.2694765601118197e-12,5.785247227774182e-6,0.00007239724943065345
L48T16beta4.405ms0.021032m0.000760,4.405,241.6,48,16,3262,3.2698469215490026e-12,5.785902571967157e-6,0.00007240545048328504
L48T16beta4.405ms0.021032m0.000760,4.405,241.6,48,16,3263,3.2712331984212545e-12,5.788355550076854e-6,0.00007243614733357748
L48T16beta4.405ms0.021032m0.000760,4.405,241.6,48,16,3264,3.2686057697035748e-12,5.783706388528924e-6,0.00007237796719105686
L48T16beta4.405ms0.021032m0.000760,4.405,241.6,48,16,3265,3.262916025489002e-12,5.773638545454075e-6,0.00007225197704446137
L48T16beta4.405ms0.021032m0.000760,4.405,241.6,48,16,3266,3.2436617175684217e-12,5.73956858670923e-6,0.00007182562166080534
L48T16beta4.405ms0.021032m0.000760,4.405,241.6,48,16,3267,3.264321480484199e-12,5.7761254587153366e-6,0.00007228309856314488
L48T16beta4.405ms0.021032m0.000760,4.405,241.6,48,16,3268,3.2700788801451796e-12,5.786313016208251e-6,0.0000724105868297418
L48T16beta4.405ms0.021032m0.000760,4.405,241.6,48,16,3269,3.2708725512343668e-12,5.7877173949777774e-6,0.00007242816138724462
L48T16beta4.405ms0.021032m0.000760,4.405,241.6,48,16,3270,3.270228445609881e-12,5.786577668110207e-6,0.00007241389871409244
L48T16beta4.405ms0.021032m0.000760,4.405,241.6,48,16,3271,3.269901878078942e-12,5.785999816008101e-6,0.00007240666740640186
L48T16beta4.405ms0.021032m0.000760,4.405,241.6,48,16,3272,3.2716927722139436e-12,5.789168753034951e-6,0.00007244632384895826
L48T16beta4.405ms0.021032m0.000760,4.405,241.6,48,16,3273,3.271688737637197e-12,5.7891616139643665e-6,0.00007244623450980759
L48T16beta4.405ms0.021032m0.000760,4.405,241.6,48,16,3274,3.27158034126922e-12,5.788969809626329e-6,0.00007244383424825331
L48T16beta4.405ms0.021032m0.000760,4.405,241.6,48,16,3275,3.2704665005139376e-12,5.786998899597398e-6,0.000072419170053388
L48T16beta4.405ms0.021032m0.000760,4.405,241.6,48,16,3276,3.2718542338461074e-12,5.789454454872139e-6,0.00007244989915462029
L48T16beta4.405ms0.021032m0.000760,4.405,241.6,48,16,3277,3.27019576178482e-12,5.786519834996909e-6,0.00007241317498385865
L48T16beta4.405ms0.021032m0.000760,4.405,241.6,48,16,3278,3.271543277383849e-12,5.788904226118954e-6,0.00007244301352869631
L48T16beta4.405ms0.021032m0.000760,4.405,241.6,48,16,3279,3.271095449701442e-12,5.78811180757411e-6,0.00007243309711185431
L48T16beta4.405ms0.021032m0.000760,4.405,241.6,48,16,3280,3.2719566349281188e-12,5.789635650719528e-6,0.00007245216666030203
L48T16beta4.405ms0.021032m0.000760,4.405,241.6,48,16,3281,3.2717154361289295e-12,5.789208856197929e-6,0.00007244682570455383
L48T16beta4.405ms0.021032m0.000760,4.405,241.6,48,16,3282,3.271787838559732e-12,5.789336970271966e-6,0.00007244842893881652
L48T16beta4.405ms0.021032m0.000760,4.405,241.6,48,16,3283,3.2715112463564927e-12,5.788847548112916e-6,0.00007244230425360765
L48T16beta4.405ms0.021032m0.000760,4.405,241.6,48,16,3284,3.2701858585270635e-12,5.7865023114596e-6,0.00007241295569229659
L48T16beta4.405ms0.021032m0.000760,4.405,241.6,48,16,3285,3.271396746705849e-12,5.788644944187092e-6,0.00007243976884476928
L48T16beta4.405ms0.021032m0.000760,4.405,241.6,48,16,3286,3.2718126401741185e-12,5.789380856034178e-6,0.00007244897813029412
L48T16beta4.405ms0.021032m0.000760,4.405,241.6,48,16,3287,3.2719666227303512e-12,5.78965332385592e-6,0.00007245238782396423
L48T16beta4.405ms0.021032m0.000760,4.405,241.6,48,16,3288,3.2717556990856885e-12,5.789280100372551e-6,0.00007244771726235207
L48T16beta4.405ms0.021032m0.000760,4.405,241.6,48,16,3289,3.271229352163755e-12,5.788348744231904e-6,0.00007243606216445073
L48T16beta4.405ms0.021032m0.000760,4.405,241.6,48,16,3290,3.2719308263371417e-12,5.789589983140435e-6,0.00007245159517096297
L48T16beta4.405ms0.021032m0.000760,4.405,241.6,48,16,3291,3.271904168952977e-12,5.789542813645562e-6,0.00007245100488647705
L48T16beta4.405ms0.021032m0.000760,4.405,241.6,48,16,3292,3.2718949891937066e-12,5.789526570318566e-6,0.00007245080161561414
L48T16beta4.405ms0.021032m0.000760,4.405,241.6,48,16,3293,3.2719594854057445e-12,5.7896406945598736e-6,0.00007245222977950043
L48T16beta4.405ms0.021032m0.000760,4.405,241.6,48,16,3294,3.271770625381171e-12,5.789306512034471e-6,0.00007244804778092815
L48T16beta4.405ms0.021032m0.000760,4.405,241.6,48,16,3295,3.2718474302127773e-12,5.7894424160334634e-6,0.00007244974849920798
L48T16beta4.405ms0.021032m0.000760,4.405,241.6,48,16,3296,3.2709901553401715e-12,5.787925492150084e-6,0.00007243076553920151
L48T16beta4.405ms0.021032m0.000760,4.405,241.6,48,16,3297,3.271270661312083e-12,5.788421839613214e-6,0.00007243697688846245
L48T16beta4.405ms0.021032m0.000760,4.405,241.6,48,16,3298,3.2713101694963116e-12,5.7884917482389775e-6,0.00007243785173304859
L48T16beta4.405ms0.021032m0.000760,4.405,241.6,48,16,3299,3.271929711297676e-12,5.789588010109321e-6,0.00007245157048022461
L48T16beta4.405ms0.021032m0.000760,4.405,241.6,48,16,3300,3.2713505508920995e-12,5.788563201988145e-6,0.00007243874591348679
L48T16beta4.405ms0.021032m0.000760,4.405,241.6,48,16,3301,3.271873340103601e-12,5.789488262859799e-6,0.00007245032223166764
L48T16beta4.405ms0.021032m0.000760,4.405,241.6,48,16,3302,3.2715033691618415e-12,5.788833609637542e-6,0.00007244212982592312
L48T16beta4.405ms0.021032m0.000760,4.405,241.6,48,16,3303,3.271441543922619e-12,5.788724211607844e-6,0.0000724407608063927
L48T16beta4.405ms0.021032m0.000760,4.405,241.6,48,16,3304,3.2660722112285177e-12,5.779223327746948e-6,0.00007232186565263214
L48T16beta4.405ms0.021032m0.000760,4.405,241.6,48,16,3305,3.271946417646132e-12,5.789617571525137e-6,0.00007245194041518332
L48T16beta4.405ms0.021032m0.000760,4.405,241.6,48,16,3306,3.271654766705868e-12,5.789101503352566e-6,0.00007244548227869548
L48T16beta4.405ms0.021032m0.000760,4.405,241.6,48,16,3307,3.2717700659159093e-12,5.789305522076356e-6,0.00007244803539247839
L48T16beta4.405ms0.021032m0.000760,4.405,241.6,48,16,3308,3.2717670494727655e-12,5.789300184564673e-6,0.0000724479685982431
L48T16beta4.405ms0.021032m0.000760,4.405,241.6,48,16,3309,3.271841979979278e-12,5.789432771997893e-6,0.00007244962781263726
L48T16beta4.405ms0.021032m0.000760,4.405,241.6,48,16,3310,3.2715497574505935e-12,5.7889156924156165e-6,0.000072443157019252
L48T16beta4.405ms0.021032m0.000760,4.405,241.6,48,16,3311,3.2715550872598303e-12,5.788925123363826e-6,0.00007244327503922298
L48T16beta4.405ms0.021032m0.000760,4.405,241.6,48,16,3312,3.271902521222432e-12,5.789539898032499e-6,0.0000724509684001597
L48T16beta4.405ms0.021032m0.000760,4.405,241.6,48,16,3313,3.271731797245285e-12,5.789237806735209e-6,0.00007244718799490828
L48T16beta4.405ms0.021032m0.000760,4.405,241.6,48,16,3314,3.271882312472148e-12,5.789504139214717e-6,0.00007245052091019975
L48T16beta4.405ms0.021032m0.000760,4.405,241.6,48,16,3315,3.2718926559355743e-12,5.7895224416836324e-6,0.00007245074994940156
L48T16beta4.405ms0.021032m0.000760,4.405,241.6,48,16,3316,3.27193316789355e-12,5.789594126458936e-6,0.0000724516470209274
L48T16beta4.405ms0.021032m0.000760,4.405,241.6,48,16,3317,3.2716506844702835e-12,5.7890942799510015e-6,0.00007244539188421722
L48T16beta4.405ms0.021032m0.000760,4.405,241.6,48,16,3318,3.271829671095012e-12,5.789410991771833e-6,0.00007244935525238241
L48T16beta4.405ms0.021032m0.000760,4.405,241.6,48,16,3319,3.2719630094730867e-12,5.789646930298362e-6,0.00007245230781424933
L48T16beta4.405ms0.021032m0.000760,4.405,241.6,48,16,3320,3.2711076972949337e-12,5.788133479347861e-6,0.00007243336831492449
L48T16beta4.405ms0.021032m0.000760,4.405,241.6,48,16,3321,3.271655408174507e-12,5.789102638413361e-6,0.00007244549648297687
L48T16beta4.405ms0.021032m0.000760,4.405,241.6,48,16,3322,3.2718972490114354e-12,5.789530569002763e-6,0.00007245085165560823
L48T16beta4.405ms0.021032m0.000760,4.405,241.6,48,16,3323,3.271665295126879e-12,5.789120133098749e-6,0.00007244571541348266
L48T16beta4.405ms0.021032m0.000760,4.405,241.6,48,16,3324,3.2718768107813975e-12,5.789494404126981e-6,0.00007245039908419176
L48T16beta4.405ms0.021032m0.000760,4.405,241.6,48,16,3325,3.2719346777297785e-12,5.7895967980718666e-6,0.00007245168045379901
L48T16beta4.405ms0.021032m0.000760,4.405,241.6,48,16,3326,3.2719536686055026e-12,5.789630401894716e-6,0.00007245210097590443
L48T16beta4.405ms0.021032m0.000760,4.405,241.6,48,16,3327,3.2716658647433013e-12,5.789121141019059e-6,0.00007244572802671339
L48T16beta4.405ms0.021032m0.000760,4.405,241.6,48,16,3328,3.2719338925170015e-12,5.789595408659844e-6,0.00007245166306653709
L48T16beta4.405ms0.021032m0.000760,4.405,241.6,48,16,3329,3.271823127964018e-12,5.7893994138847465e-6,0.00007244921036537132
L48T16beta4.405ms0.021032m0.000760,4.405,241.6,48,16,3330,3.271013974899265e-12,5.787967640192952e-6,0.00007243129298465932
L48T16beta4.405ms0.021032m0.000760,4.405,241.6,48,16,3331,3.2716341412153744e-12,5.789065007124651e-6,0.00007244502556070027
L48T16beta4.405ms0.021032m0.000760,4.405,241.6,48,16,3332,3.27117710157321e-12,5.788256288274951e-6,0.00007243490515996788
L48T16beta4.405ms0.021032m0.000760,4.405,241.6,48,16,3333,3.271077886592395e-12,5.788080730144418e-6,0.00007243270820532354
L48T16beta4.405ms0.021032m0.000760,4.405,241.6,48,16,3334,3.2713706764611007e-12,5.788598813618977e-6,0.00007243919156153232
L48T16beta4.405ms0.021032m0.000760,4.405,241.6,48,16,3335,3.2719519891244567e-12,5.7896274301000306e-6,0.00007245206378652381
L48T16beta4.405ms0.021032m0.000760,4.405,241.6,48,16,3336,3.2717340561498065e-12,5.78924180380351e-6,0.00007244723801468087
L48T16beta4.405ms0.021032m0.000760,4.405,241.6,48,16,3337,3.2719041178663025e-12,5.789542723249122e-6,0.00007245100375524559
L48T16beta4.405ms0.021032m0.000760,4.405,241.6,48,16,3338,3.2716200759421177e-12,5.789040119017451e-6,0.00007244471410806326
L48T16beta4.405ms0.021032m0.000760,4.405,241.6,48,16,3339,3.2710292574382763e-12,5.787994682217822e-6,0.00007243163139166986
L48T16beta4.405ms0.021032m0.000760,4.405,241.6,48,16,3340,3.2715195338856673e-12,5.7888622126637396e-6,0.00007244248776748388
L48T16beta4.405ms0.021032m0.000760,4.405,241.6,48,16,3341,3.270629241245261e-12,5.787286864764735e-6,0.00007242277368262391
L48T16beta4.405ms0.021032m0.000760,4.405,241.6,48,16,3342,3.2707769912668935e-12,5.7875483042910125e-6,0.0000724260453669357
L48T16beta4.405ms0.021032m0.000760,4.405,241.6,48,16,3343,3.271504967645362e-12,5.788836438109374e-6,0.00007244216522174505
L48T16beta4.405ms0.021032m0.000760,4.405,241.6,48,16,3344,3.2699424234550143e-12,5.786071559915791e-6,0.00007240756521791717
L48T16beta4.405ms0.021032m0.000760,4.405,241.6,48,16,3345,3.271957017072327e-12,5.789636326913004e-6,0.000072452175122265
L48T16beta4.405ms0.021032m0.000760,4.405,241.6,48,16,3346,3.271845296298555e-12,5.789438640131997e-6,0.0000724497012471426
L48T16beta4.405ms0.021032m0.000760,4.405,241.6,48,16,3347,3.271295114716519e-12,5.788465109227668e-6,0.00007243751836939611
L48T16beta4.405ms0.021032m0.000760,4.405,241.6,48,16,3348,3.2717979027405134e-12,5.789354778558062e-6,0.00007244865179375766
L48T16beta4.405ms0.021032m0.000760,4.405,241.6,48,16,3349,3.2710882380496944e-12,5.788099046758269e-6,0.00007243293742153669
L48T16beta4.405ms0.021032m0.000760,4.405,241.6,48,16,3350,3.271922484889026e-12,5.789575223181555e-6,0.00007245141046313934
L48T16beta4.405ms0.021032m0.000760,4.405,241.6,48,16,3351,3.2719336370703934e-12,5.789594956654223e-6,0.00007245165741008674
L48T16beta4.405ms0.021032m0.000760,4.405,241.6,48,16,3352,3.2719451766237503e-12,5.789615375570781e-6,0.00007245191293475785
L48T16beta4.405ms0.021032m0.000760,4.405,241.6,48,16,3353,3.271963467241455e-12,5.789647740306672e-6,0.00007245231795078651
L48T16beta4.405ms0.021032m0.000760,4.405,241.6,48,16,3354,3.2717621037400307e-12,5.7892914332290796e-6,0.00007244785908302258
L48T16beta4.405ms0.021032m0.000760,4.405,241.6,48,16,3355,3.2719540763856923e-12,5.789631123450344e-6,0.00007245211000553457
L48T16beta4.405ms0.021032m0.000760,4.405,241.6,48,16,3356,3.2718128629702534e-12,5.7893812502657e-6,0.00007244898306375275
L48T16beta4.405ms0.021032m0.000760,4.405,241.6,48,16,3357,3.271099012944058e-12,5.7881181126321485e-6,0.00007243317601407604
L48T16beta4.405ms0.021032m0.000760,4.405,241.6,48,16,3358,3.265492453810297e-12,5.778197463228614e-6,0.00007230902786601874
L48T16beta4.405ms0.021032m0.000760,4.405,241.6,48,16,3359,3.271730291908919e-12,5.789235143084659e-6,0.00007244715466167883
L48T16beta4.405ms0.021032m0.000760,4.405,241.6,48,16,3360,3.2717206807716504e-12,5.789218136446374e-6,0.00007244694183865063
L48T16beta4.405ms0.021032m0.000760,4.405,241.6,48,16,3361,3.2709164394524354e-12,5.78779505395078e-6,0.00007242913322056784
L48T16beta4.405ms0.021032m0.000760,4.405,241.6,48,16,3362,3.271956733038357e-12,5.789635824322847e-6,0.00007245216883279395
L48T16beta4.405ms0.021032m0.000760,4.405,241.6,48,16,3363,3.271879668842615e-12,5.78949946138628e-6,0.00007245046237131649
L48T16beta4.405ms0.021032m0.000760,4.405,241.6,48,16,3364,3.2719567507466394e-12,5.7896358556571575e-6,0.0000724521692249151
L48T16beta4.405ms0.021032m0.000760,4.405,241.6,48,16,3365,3.2717410377924045e-12,5.7892541576246015e-6,0.00007244739261181939
L48T16beta4.405ms0.021032m0.000760,4.405,241.6,48,16,3366,3.2719660119004822e-12,5.78965224300957e-6,0.00007245237429812864
L48T16beta4.405ms0.021032m0.000760,4.405,241.6,48,16,3367,3.271344322685308e-12,5.7885521813506174e-6,0.00007243860799996079
L48T16beta4.405ms0.021032m0.000760,4.405,241.6,48,16,3368,3.2718653332202645e-12,5.789474094903928e-6,0.00007245014493223779
L48T16beta4.405ms0.021032m0.000760,4.405,241.6,48,16,3369,3.271788960296052e-12,5.789338955152976e-6,0.00007244845377784585
L48T16beta4.405ms0.021032m0.000760,4.405,241.6,48,16,3370,3.27195682813104e-12,5.789635992586688e-6,0.000072452170938467
L48T16beta4.405ms0.021032m0.000760,4.405,241.6,48,16,3371,3.2715930048617677e-12,5.788992217498762e-6,0.00007244411466294708
L48T16beta4.405ms0.021032m0.000760,4.405,241.6,48,16,3372,3.271762790445523e-12,5.78929264833522e-6,0.00007244787428900063
L48T16beta4.405ms0.021032m0.000760,4.405,241.6,48,16,3373,3.2718154419870544e-12,5.789385813763717e-6,0.000072449040171892
L48T16beta4.405ms0.021032m0.000760,4.405,241.6,48,16,3374,3.271891491013809e-12,5.789520380387186e-6,0.00007245072415410067
L48T16beta4.405ms0.021032m0.000760,4.405,241.6,48,16,3375,3.270749028512313e-12,5.787498824979739e-6,0.00007242542617714158
L48T16beta4.405ms0.021032m0.000760,4.405,241.6,48,16,3376,3.2703421860013665e-12,5.78677892854821e-6,0.00007241641731036966
L48T16beta4.405ms0.021032m0.000760,4.405,241.6,48,16,3377,3.2716585578532864e-12,5.7891082116817705e-6,0.00007244556622749897
L48T16beta4.405ms0.021032m0.000760,4.405,241.6,48,16,3378,3.2717419015674873e-12,5.789255686050425e-6,0.00007244741173871599
L48T16beta4.405ms0.021032m0.000760,4.405,241.6,48,16,3379,3.2715857027230783e-12,5.788979296568811e-6,0.00007244395296894305
L48T16beta4.405ms0.021032m0.000760,4.405,241.6,48,16,3380,3.2709070919541715e-12,5.787778513814332e-6,0.0000724289262353973
L48T16beta4.405ms0.021032m0.000760,4.405,241.6,48,16,3381,3.271451042364801e-12,5.788741018835329e-6,0.00007244097113397119
L48T16beta4.405ms0.021032m0.000760,4.405,241.6,48,16,3382,3.2714905762776553e-12,5.788810972987175e-6,0.00007244184654827597
L48T16beta4.405ms0.021032m0.000760,4.405,241.6,48,16,3383,3.2718125460211124e-12,5.78938068943307e-6,0.0000724489760454287
L48T16beta4.405ms0.021032m0.000760,4.405,241.6,48,16,3384,3.271964146667758e-12,5.789648942532491e-6,0.00007245233299557875
L48T16beta4.405ms0.021032m0.000760,4.405,241.6,48,16,3385,3.2718396582619697e-12,5.789428663784124e-6,0.00007244957640197748
L48T16beta4.405ms0.021032m0.000760,4.405,241.6,48,16,3386,3.2714834533658436e-12,5.788798369194166e-6,0.00007244168882296013
L48T16beta4.405ms0.021032m0.000760,4.405,241.6,48,16,3387,3.271917283127348e-12,5.789566018809915e-6,0.00007245129527857363
L48T16beta4.405ms0.021032m0.000760,4.405,241.6,48,16,3388,3.271935119033944e-12,5.789597578947231e-6,0.00007245169022576316
L48T16beta4.405ms0.021032m0.000760,4.405,241.6,48,16,3389,3.2719566157772332e-12,5.7896356168325724e-6,0.00007245216623623678
L48T16beta4.405ms0.021032m0.000760,4.405,241.6,48,16,3390,3.2719018605896725e-12,5.789538729061329e-6,0.00007245095377152
L48T16beta4.405ms0.021032m0.000760,4.405,241.6,48,16,3391,3.2718999027127196e-12,5.789535264652881e-6,0.00007245091041751408
L48T16beta4.405ms0.021032m0.000760,4.405,241.6,48,16,3392,3.271959320221085e-12,5.7896404022702436e-6,0.00007245222612175437
L48T16beta4.405ms0.021032m0.000760,4.405,241.6,48,16,3393,3.2719040881936796e-12,5.7895426707442466e-6,0.00007245100309819354
L48T16beta4.405ms0.021032m0.000760,4.405,241.6,48,16,3394,3.271810599857037e-12,5.789377245750231e-6,0.00007244893295078544
L48T16beta4.405ms0.021032m0.000760,4.405,241.6,48,16,3395,3.271852708167716e-12,5.7894517552269445e-6,0.00007244986537094973
L48T16beta4.405ms0.021032m0.000760,4.405,241.6,48,16,3396,3.2719135058236245e-12,5.7895593349767405e-6,0.00007245121163631627
L48T16beta4.405ms0.021032m0.000760,4.405,241.6,48,16,3397,3.2718038729993026e-12,5.789365342763822e-6,0.000072448783995444
L48T16beta4.405ms0.021032m0.000760,4.405,241.6,48,16,3398,3.271852966843637e-12,5.789452212946744e-6,0.00007244987109890797
L48T16beta4.405ms0.021032m0.000760,4.405,241.6,48,16,3399,3.2712250659917535e-12,5.78834115997056e-6,0.00007243596725413167
L48T16beta4.405ms0.021032m0.000760,4.405,241.6,48,16,3400,3.2718259315107243e-12,5.789404374682144e-6,0.00007244927244536073
L48T16beta4.405ms0.021032m0.000760,4.405,241.6,48,16,3401,3.2719348829632146e-12,5.789597161226685e-6,0.00007245168499836019
L48T16beta4.405ms0.021032m0.000760,4.405,241.6,48,16,3402,3.2717039357243766e-12,5.789188506554084e-6,0.00007244657104676945
L48T16beta4.405ms0.021032m0.000760,4.405,241.6,48,16,3403,3.2717522693831106e-12,5.7892740316098715e-6,0.00007244764131715766
L48T16beta4.405ms0.021032m0.000760,4.405,241.6,48,16,3404,3.2717298049576187e-12,5.789234281437967e-6,0.000072447143878933
L48T16beta4.405ms0.021032m0.000760,4.405,241.6,48,16,3405,3.2718110004242117e-12,5.789377954542631e-6,0.00007244894182069508
L48T16beta4.405ms0.021032m0.000760,4.405,241.6,48,16,3406,3.271891317835276e-12,5.789520073952621e-6,0.00007245072031934326
L48T16beta4.405ms0.021032m0.000760,4.405,241.6,48,16,3407,3.27149921929597e-12,5.788826266566079e-6,0.00007244203793388198
L48T16beta4.405ms0.021032m0.000760,4.405,241.6,48,16,3408,3.2714711771717553e-12,5.78877664681246e-6,0.00007244141698657619
L48T16beta4.405ms0.021032m0.000760,4.405,241.6,48,16,3409,3.2719475745210845e-12,5.789619618582972e-6,0.0000724519660323006
L48T16beta4.405ms0.021032m0.000760,4.405,241.6,48,16,3410,3.2718598852366966e-12,5.789464454849548e-6,0.00007245002429548815
L48T16beta4.405ms0.021032m0.000760,4.405,241.6,48,16,3411,3.27106854339547e-12,5.7880641976190694e-6,0.00007243250131539917
L48T16beta4.405ms0.021032m0.000760,4.405,241.6,48,16,3412,3.2716398810414973e-12,5.78907516358626e-6,0.00007244515265982941
L48T16beta4.405ms0.021032m0.000760,4.405,241.6,48,16,3413,3.2712660991529245e-12,5.7884137670003236e-6,0.00007243687586685593
L48T16beta4.405ms0.021032m0.000760,4.405,241.6,48,16,3414,3.2719517571433082e-12,5.789627019615884e-6,0.00007245205864967797
L48T16beta4.405ms0.021032m0.000760,4.405,241.6,48,16,3415,3.271444026496778e-12,5.788728604453307e-6,0.00007244081577896623
L48T16beta4.405ms0.021032m0.000760,4.405,241.6,48,16,3416,3.2719283947040735e-12,5.789585680433806e-6,0.00007245154132639717
L48T16beta4.405ms0.021032m0.000760,4.405,241.6,48,16,3417,3.271513548631748e-12,5.7888516219245165e-6,0.00007244235523375473
L48T16beta4.405ms0.021032m0.000760,4.405,241.6,48,16,3418,3.2713014643269544e-12,5.788476344685545e-6,0.00007243765897120868
L48T16beta4.405ms0.021032m0.000760,4.405,241.6,48,16,3419,3.2709035745042742e-12,5.787772289785227e-6,0.00007242884834718099
L48T16beta4.405ms0.021032m0.000760,4.405,241.6,48,16,3420,3.2719414551977315e-12,5.78960879061164e-6,0.00007245183052982153
L48T16beta4.405ms0.021032m0.000760,4.405,241.6,48,16,3421,3.2713275445772795e-12,5.788522492958248e-6,0.00007243823647600288
L48T16beta4.405ms0.021032m0.000760,4.405,241.6,48,16,3422,3.2719351103121516e-12,5.7895975635142635e-6,0.00007245169003263322
L48T16beta4.405ms0.021032m0.000760,4.405,241.6,48,16,3423,3.27150046053011e-12,5.788828462895135e-6,0.0000724420654189965
L48T16beta4.405ms0.021032m0.000760,4.405,241.6,48,16,3424,3.2716110371344236e-12,5.789024125100323e-6,0.00007244451395834415
L48T16beta4.405ms0.021032m0.000760,4.405,241.6,48,16,3425,3.2716156495861634e-12,5.789032286704528e-6,0.0000724446160935982
L48T16beta4.405ms0.021032m0.000760,4.405,241.6,48,16,3426,3.2714772933319696e-12,5.788787469186707e-6,0.00007244155241901268
L48T16beta4.405ms0.021032m0.000760,4.405,241.6,48,16,3427,3.2713986604312096e-12,5.788648330470533e-6,0.00007243981122110987
L48T16beta4.405ms0.021032m0.000760,4.405,241.6,48,16,3428,3.2710179129274904e-12,5.787974608423632e-6,0.00007243138018589977
L48T16beta4.405ms0.021032m0.000760,4.405,241.6,48,16,3429,3.2716135050707945e-12,5.789028492044629e-6,0.00007244456860678763
L48T16beta4.405ms0.021032m0.000760,4.405,241.6,48,16,3430,3.2715412566147e-12,5.788900650424526e-6,0.00007244296878204484
L48T16beta4.405ms0.021032m0.000760,4.405,241.6,48,16,3431,3.2713976589206286e-12,5.7886465583256025e-6,0.0000724397890442843
L48T16beta4.405ms0.021032m0.000760,4.405,241.6,48,16,3432,3.271897081987126e-12,5.789530273457924e-6,0.00007245084795712612
L48T16beta4.405ms0.021032m0.000760,4.405,241.6,48,16,3433,3.2719554285943832e-12,5.7896335161457604e-6,0.00007245213994800032
L48T16beta4.405ms0.021032m0.000760,4.405,241.6,48,16,3434,3.27153530386567e-12,5.788890117201795e-6,0.00007244283696808367
L48T16beta4.405ms0.021032m0.000760,4.405,241.6,48,16,3435,3.2716502482615505e-12,5.789093508091862e-6,0.00007244538222508314
L48T16beta4.405ms0.021032m0.000760,4.405,241.6,48,16,3436,3.2719149213347934e-12,5.7895618396841195e-6,0.00007245124298051258
L48T16beta4.405ms0.021032m0.000760,4.405,241.6,48,16,3437,3.2715478393577193e-12,5.788912298403982e-6,0.0000724431145461999
L48T16beta4.405ms0.021032m0.000760,4.405,241.6,48,16,3438,3.2719439825719925e-12,5.789613262729629e-6,0.00007245188649442058
L48T16beta4.405ms0.021032m0.000760,4.405,241.6,48,16,3439,3.2713962407889515e-12,5.788644048981308e-6,0.00007243975764206108
L48T16beta4.405ms0.021032m0.000760,4.405,241.6,48,16,3440,3.2719463532186885e-12,5.789617457522579e-6,0.0000724519389885422
L48T16beta4.405ms0.021032m0.000760,4.405,241.6,48,16,3441,3.2718418655901256e-12,5.789432569589491e-6,0.00007244962527967522
L48T16beta4.405ms0.021032m0.000760,4.405,241.6,48,16,3442,3.271950014531838e-12,5.78962393611368e-6,0.00007245202006237662
L48T16beta4.405ms0.021032m0.000760,4.405,241.6,48,16,3443,3.2715147848895694e-12,5.788853809448116e-6,0.00007244238260867674
L48T16beta4.405ms0.021032m0.000760,4.405,241.6,48,16,3444,3.271861208103637e-12,5.7894667956255585e-6,0.00007245005358822846
L48T16beta4.405ms0.021032m0.000760,4.405,241.6,48,16,3445,3.2652513996155137e-12,5.777770924580462e-6,0.00007230369011230032
L48T16beta4.405ms0.021032m0.000760,4.405,241.6,48,16,3446,3.270349090841899e-12,5.7867911464701965e-6,0.00007241657020685113
L48T16beta4.405ms0.021032m0.000760,4.405,241.6,48,16,3447,3.271842617993611e-12,5.7894339009463905e-6,0.00007244964194042865
L48T16beta4.405ms0.021032m0.000760,4.405,241.6,48,16,3448,3.2716090810441808e-12,5.789020663853409e-6,0.00007244447064390202
L48T16beta4.405ms0.021032m0.000760,4.405,241.6,48,16,3449,3.2719400300912675e-12,5.789606268925655e-6,0.00007245179897315298
L48T16beta4.405ms0.021032m0.000760,4.405,241.6,48,16,3450,3.2712838603750372e-12,5.788445194985538e-6,0.00007243726916027885
L48T16beta4.405ms0.021032m0.000760,4.405,241.6,48,16,3451,3.2719548777979744e-12,5.789632541526937e-6,0.00007245212775150821
L48T16beta4.405ms0.021032m0.000760,4.405,241.6,48,16,3452,3.2690489315314616e-12,5.7844905509748384e-6,0.00007238778029012694
L48T16beta4.405ms0.021032m0.000760,4.405,241.6,48,16,3453,3.271525672836362e-12,5.788873075365103e-6,0.00007244262370457857
L48T16beta4.405ms0.021032m0.000760,4.405,241.6,48,16,3454,3.271305728145227e-12,5.788483889392591e-6,0.00007243775338654072
L48T16beta4.405ms0.021032m0.000760,4.405,241.6,48,16,3455,3.271741458450142e-12,5.7892549019666895e-6,0.00007244740192660191
L48T16beta4.405ms0.021032m0.000760,4.405,241.6,48,16,3456,3.271625906255182e-12,5.78905043559317e-6,0.00007244484321087878
L48T16beta4.405ms0.021032m0.000760,4.405,241.6,48,16,3457,3.2718983767166907e-12,5.789532564445636e-6,0.00007245087662680995
L48T16beta4.405ms0.021032m0.000760,4.405,241.6,48,16,3458,3.2719495632485655e-12,5.789623137580566e-6,0.00007245201006944135
L48T16beta4.405ms0.021032m0.000760,4.405,241.6,48,16,3459,3.271833618771472e-12,5.789417977074794e-6,0.00007244944266726737
L48T16beta4.405ms0.021032m0.000760,4.405,241.6,48,16,3460,3.2696671964835976e-12,5.785584553496224e-6,0.00007240147076355014
L48T16beta4.405ms0.021032m0.000760,4.405,241.6,48,16,3461,3.271803150771366e-12,5.789364064801711e-6,0.00007244876800287911
L48T16beta4.405ms0.021032m0.000760,4.405,241.6,48,16,3462,3.2718465100835337e-12,5.7894407878905305e-6,0.00007244972812444
L48T16beta4.405ms0.021032m0.000760,4.405,241.6,48,16,3463,3.2714782306136304e-12,5.788789127680362e-6,0.00007244157317359311
L48T16beta4.405ms0.021032m0.000760,4.405,241.6,48,16,3464,3.271778841772813e-12,5.789321050709423e-6,0.00007244822971957924
L48T16beta4.405ms0.021032m0.000760,4.405,241.6,48,16,3465,3.2719467899303473e-12,5.7896182302716315e-6,0.00007245194865881275
L48T16beta4.405ms0.021032m0.000760,4.405,241.6,48,16,3466,3.2717883550116018e-12,5.789337884119089e-6,0.00007244844037480457
L48T16beta4.405ms0.021032m0.000760,4.405,241.6,48,16,3467,3.27190448506832e-12,5.78954337300281e-6,0.000072451011886338
L48T16beta4.405ms0.021032m0.000760,4.405,241.6,48,16,3468,3.271833298460669e-12,5.789417410293797e-6,0.00007244943557450475
L48T16beta4.405ms0.021032m0.000760,4.405,241.6,48,16,3469,3.271627879246379e-12,5.789053926745849e-6,0.00007244488689956509
L48T16beta4.405ms0.021032m0.000760,4.405,241.6,48,16,3470,3.271907396624962e-12,5.789548524920765e-6,0.00007245107635803204
L48T16beta4.405ms0.021032m0.000760,4.405,241.6,48,16,3471,3.2719511977839257e-12,5.7896260298451185e-6,0.00007245204626357274
L48T16beta4.405ms0.021032m0.000760,4.405,241.6,48,16,3472,3.2719034832268668e-12,5.78954160027241e-6,0.0000724509897021858
L48T16beta4.405ms0.021032m0.000760,4.405,241.6,48,16,3473,3.2688537209435405e-12,5.7841451313054085e-6,0.00007238345766864139
L48T16beta4.405ms0.021032m0.000760,4.405,241.6,48,16,3474,3.271893355200977e-12,5.789523679014183e-6,0.00007245076543349843
L48T16beta4.405ms0.021032m0.000760,4.405,241.6,48,16,3475,3.2709821394306402e-12,5.787911308222614e-6,0.00007243058803990122
L48T16beta4.405ms0.021032m0.000760,4.405,241.6,48,16,3476,3.270295182250534e-12,5.786695756727217e-6,0.0000724153764886324
L48T16beta4.405ms0.021032m0.000760,4.405,241.6,48,16,3477,3.2694916067389202e-12,5.785273852359531e-6,0.00007239758261377781
L48T16beta4.405ms0.021032m0.000760,4.405,241.6,48,16,3478,3.2719484316787224e-12,5.789621135299412e-6,0.00007245198501266463
L48T16beta4.405ms0.021032m0.000760,4.405,241.6,48,16,3479,3.271334670043425e-12,5.788535101271079e-6,0.0000724383942578803
L48T16beta4.405ms0.021032m0.000760,4.405,241.6,48,16,3480,3.271660561072972e-12,5.789111756322914e-6,0.00007244561058554606
L48T16beta4.405ms0.021032m0.000760,4.405,241.6,48,16,3481,3.271917172391025e-12,5.789565822865092e-6,0.00007245129282649756
L48T16beta4.405ms0.021032m0.000760,4.405,241.6,48,16,3482,3.269986876022019e-12,5.786150217488434e-6,0.0000724085495478312
L48T16beta4.405ms0.021032m0.000760,4.405,241.6,48,16,3483,3.2718857338499804e-12,5.7895101932469925e-6,0.0000724505966710562
L48T16beta4.405ms0.021032m0.000760,4.405,241.6,48,16,3484,3.2719233580873505e-12,5.78957676828154e-6,0.00007245142979869831
L48T16beta4.405ms0.021032m0.000760,4.405,241.6,48,16,3485,3.2719167996832935e-12,5.789565163369197e-6,0.00007245128457349005
L48T16beta4.405ms0.021032m0.000760,4.405,241.6,48,16,3486,3.2717813672544847e-12,5.789325519478528e-6,0.00007244828564226998
L48T16beta4.405ms0.021032m0.000760,4.405,241.6,48,16,3487,3.271827512643304e-12,5.789407172451973e-6,0.00007244930745697425
L48T16beta4.405ms0.021032m0.000760,4.405,241.6,48,16,3488,3.2716676782408413e-12,5.789124349952178e-6,0.00007244576818367165
L48T16beta4.405ms0.021032m0.000760,4.405,241.6,48,16,3489,3.26880081165253e-12,5.784051509796426e-6,0.00007238228607830635
L48T16beta4.405ms0.021032m0.000760,4.405,241.6,48,16,3490,3.2719569153621988e-12,5.7896361469397806e-6,0.00007245217287005936
L48T16beta4.405ms0.021032m0.000760,4.405,241.6,48,16,3491,3.271951320471354e-12,5.789626246937088e-6,0.00007245204898028663
L48T16beta4.405ms0.021032m0.000760,4.405,241.6,48,16,3492,3.2719242769725145e-12,5.789578394223109e-6,0.0000724514501459182
L48T16beta4.405ms0.021032m0.000760,4.405,241.6,48,16,3493,3.271949873050866e-12,5.789623685767062e-6,0.00007245201692951025
L48T16beta4.405ms0.021032m0.000760,4.405,241.6,48,16,3494,3.2719440673546966e-12,5.78961341275025e-6,0.00007245188837179589
L48T16beta4.405ms0.021032m0.000760,4.405,241.6,48,16,3495,3.2691774937289747e-12,5.784718038183596e-6,0.0000723906270912309
L48T16beta4.405ms0.021032m0.000760,4.405,241.6,48,16,3496,3.271953657276437e-12,5.789630381848251e-6,0.00007245210072504066
L48T16beta4.405ms0.021032m0.000760,4.405,241.6,48,16,3497,3.2719659408555938e-12,5.789652117297629e-6,0.00007245237272495495
L48T16beta4.405ms0.021032m0.000760,4.405,241.6,48,16,3498,3.2719620933540147e-12,5.789645309251315e-6,0.00007245228752828008
L48T16beta4.405ms0.021032m0.000760,4.405,241.6,48,16,3499,3.2716698211812583e-12,5.7891281418252435e-6,0.00007244581563560746
L48T16beta4.405ms0.021032m0.000760,4.405,241.6,48,16,3500,3.2716118979051864e-12,5.789025648210086e-6,0.00007244453301871497
L48T16beta4.405ms0.021032m0.000760,4.405,241.6,48,16,3501,3.271577052227051e-12,5.788963989758304e-6,0.00007244376141775525
L48T16beta4.405ms0.021032m0.000760,4.405,241.6,48,16,3502,3.2719552713241877e-12,5.789633237860553e-6,0.0000724521364655072
L48T16beta4.405ms0.021032m0.000760,4.405,241.6,48,16,3503,3.2719601027471793e-12,5.789641786928257e-6,0.00007245224344952407
L48T16beta4.405ms0.021032m0.000760,4.405,241.6,48,16,3504,3.2719558097856792e-12,5.7896341906530854e-6,0.00007245214838886258
L48T16beta4.405ms0.021032m0.000760,4.405,241.6,48,16,3505,3.271913086383497e-12,5.789558592789179e-6,0.00007245120234849574
L48T16beta4.405ms0.021032m0.000760,4.405,241.6,48,16,3506,3.2719538612525585e-12,5.789630742778287e-6,0.00007245210524176066
L48T16beta4.405ms0.021032m0.000760,4.405,241.6,48,16,3507,3.271962969808122e-12,5.789646860112317e-6,0.0000724523069359331
L48T16beta4.405ms0.021032m0.000760,4.405,241.6,48,16,3508,3.2719563091116017e-12,5.789635074196324e-6,0.00007245215944562432
L48T16beta4.405ms0.021032m0.000760,4.405,241.6,48,16,3509,3.2719210007417187e-12,5.7895725970244505e-6,0.00007245137759910718
L48T16beta4.405ms0.021032m0.000760,4.405,241.6,48,16,3510,3.271966288417035e-12,5.7896527322978675e-6,0.00007245238042113869
L48T16beta4.405ms0.021032m0.000760,4.405,241.6,48,16,3511,3.271905200519993e-12,5.789544638974513e-6,0.00007245102772885354
L48T16beta4.405ms0.021032m0.000760,4.405,241.6,48,16,3512,3.271952068361742e-12,5.789627570308188e-6,0.00007245206554110483
L48T16beta4.405ms0.021032m0.000760,4.405,241.6,48,16,3513,3.271907124608272e-12,5.7895480435948485e-6,0.00007245107033466415
L48T16beta4.405ms0.021032m0.000760,4.405,241.6,48,16,3514,3.271900254694614e-12,5.789535887474988e-6,0.00007245091821158158
L48T16beta4.405ms0.021032m0.000760,4.405,241.6,48,16,3515,3.271525781640391e-12,5.788873267890786e-6,0.0000724426261138671
L48T16beta4.405ms0.021032m0.000760,4.405,241.6,48,16,3516,3.271911829399838e-12,5.78955636859179e-6,0.00007245117451463372
L48T16beta4.405ms0.021032m0.000760,4.405,241.6,48,16,3517,3.2719026658533076e-12,5.789540153952784e-6,0.0000724509716027756
L48T16beta4.405ms0.021032m0.000760,4.405,241.6,48,16,3518,3.2719449228315035e-12,5.789614926492506e-6,0.00007245190731494064
L48T16beta4.405ms0.021032m0.000760,4.405,241.6,48,16,3519,3.2719525809622588e-12,5.78962847734045e-6,0.00007245207689181092
L48T16beta4.405ms0.021032m0.000760,4.405,241.6,48,16,3520,3.271968766914848e-12,5.78965711793035e-6,0.00007245243530344817
L48T16beta4.405ms0.021032m0.000760,4.405,241.6,48,16,3521,3.2719520489726283e-12,5.789627535999695e-6,0.00007245206511176439
L48T16beta4.405ms0.021032m0.000760,4.405,241.6,48,16,3522,3.271868841405739e-12,5.7894803025398955e-6,0.0000724502226153085
L48T16beta4.405ms0.021032m0.000760,4.405,241.6,48,16,3523,3.2716907993550954e-12,5.789165262116459e-6,0.0000724462801632026
L48T16beta4.405ms0.021032m0.000760,4.405,241.6,48,16,3524,3.2719475080951725e-12,5.789619501044181e-6,0.00007245196456140663
L48T16beta4.405ms0.021032m0.000760,4.405,241.6,48,16,3525,3.271624939486187e-12,5.789048724922502e-6,0.00007244482180334923
L48T16beta4.405ms0.021032m0.000760,4.405,241.6,48,16,3526,3.2716437684992087e-12,5.789082042333832e-6,0.00007244523874126794
L48T16beta4.405ms0.021032m0.000760,4.405,241.6,48,16,3527,3.2717504384419858e-12,5.7892707918108174e-6,0.00007244760077393954
L48T16beta4.405ms0.021032m0.000760,4.405,241.6,48,16,3528,3.2719153152448185e-12,5.7895625366968795e-6,0.00007245125170301046
L48T16beta4.405ms0.021032m0.000760,4.405,241.6,48,16,3529,3.258076341133625e-12,5.765074859498398e-6,0.00007214481009311614
L48T16beta4.405ms0.021032m0.000760,4.405,241.6,48,16,3530,3.2719637472387837e-12,5.789648235754105e-6,0.0000724523241508727
L48T16beta4.405ms0.021032m0.000760,4.405,241.6,48,16,3531,3.2718179495089808e-12,5.789390250753555e-6,0.00007244909569689333
L48T16beta4.405ms0.021032m0.000760,4.405,241.6,48,16,3532,3.2677393560336824e-12,5.782173293799632e-6,0.00007235878186722412
L48T16beta4.405ms0.021032m0.000760,4.405,241.6,48,16,3533,3.271820920622627e-12,5.789395508055961e-6,0.00007244916148738051
L48T16beta4.405ms0.021032m0.000760,4.405,241.6,48,16,3534,3.2715684539691336e-12,5.788948775381671e-6,0.00007244357102329557
L48T16beta4.405ms0.021032m0.000760,4.405,241.6,48,16,3535,3.2718696829594417e-12,5.789481791645609e-6,0.00007245024125014874
L48T16beta4.405ms0.021032m0.000760,4.405,241.6,48,16,3536,3.2714800687280655e-12,5.7887923801723876e-6,0.00007244161387565252
L48T16beta4.405ms0.021032m0.000760,4.405,241.6,48,16,3537,3.2718370738850383e-12,5.7894240908015066e-6,0.00007244951917514685
L48T16beta4.405ms0.021032m0.000760,4.405,241.6,48,16,3538,3.2709265420143973e-12,5.7878129301512996e-6,0.0000724293569253979
L48T16beta4.405ms0.021032m0.000760,4.405,241.6,48,16,3539,3.2707561939478255e-12,5.787511504017247e-6,0.00007242558484407574
L48T16beta4.405ms0.021032m0.000760,4.405,241.6,48,16,3540,3.2712409856583598e-12,5.788369329374869e-6,0.00007243631976929822
L48T16beta4.405ms0.021032m0.000760,4.405,241.6,48,16,3541,3.271929697599565e-12,5.789587985870898e-6,0.00007245157017690218
L48T16beta4.405ms0.021032m0.000760,4.405,241.6,48,16,3542,3.2717748035697067e-12,5.789313905222096e-6,0.00007244814030012871
L48T16beta4.405ms0.021032m0.000760,4.405,241.6,48,16,3543,3.2715471313308196e-12,5.788911045570208e-6,0.00007244309886809391
L48T16beta4.405ms0.021032m0.000760,4.405,241.6,48,16,3544,3.271860118925146e-12,5.789464868354716e-6,0.00007245002947013938
L48T16beta4.405ms0.021032m0.000760,4.405,241.6,48,16,3545,3.271843429702637e-12,5.789435337242785e-6,0.00007244965991440697
L48T16beta4.405ms0.021032m0.000760,4.405,241.6,48,16,3546,3.2719224240350028e-12,5.7895751155020644e-6,0.0000724514091156258
L48T16beta4.405ms0.021032m0.000760,4.405,241.6,48,16,3547,3.2719586762113472e-12,5.789639262713045e-6,0.00007245221186120447
L48T16beta4.405ms0.021032m0.000760,4.405,241.6,48,16,3548,3.2716045819889768e-12,5.789012702901199e-6,0.00007244437101963013
L48T16beta4.405ms0.021032m0.000760,4.405,241.6,48,16,3549,3.2714158598984247e-12,5.788678764446185e-6,0.00007244019207538276
L48T16beta4.405ms0.021032m0.000760,4.405,241.6,48,16,3550,3.2719276579839328e-12,5.7895843768281455e-6,0.00007245152501292594
L48T16beta4.405ms0.021032m0.000760,4.405,241.6,48,16,3551,3.271735866722436e-12,5.789245007561082e-6,0.00007244727810687175
L48T16beta4.405ms0.021032m0.000760,4.405,241.6,48,16,3552,3.271939424224482e-12,5.789605196861343e-6,0.00007245178555721682
L48T16beta4.405ms0.021032m0.000760,4.405,241.6,48,16,3553,3.271892196327556e-12,5.789521628420113e-6,0.0000724507397721283
L48T16beta4.405ms0.021032m0.000760,4.405,241.6,48,16,3554,3.271900073548677e-12,5.789535566942325e-6,0.00007245091420039895
L48T16beta4.405ms0.021032m0.000760,4.405,241.6,48,16,3555,3.271873708655577e-12,5.789488915002201e-6,0.0000724503303926527
L48T16beta4.405ms0.021032m0.000760,4.405,241.6,48,16,3556,3.2705908299157597e-12,5.787218896992699e-6,0.00007242192312610461
L48T16beta4.405ms0.021032m0.000760,4.405,241.6,48,16,3557,3.271860752783723e-12,5.78946598994972e-6,0.00007245004350590832
L48T16beta4.405ms0.021032m0.000760,4.405,241.6,48,16,3558,3.2719630107039314e-12,5.789646932476307e-6,0.00007245230784150438
L48T16beta4.405ms0.021032m0.000760,4.405,241.6,48,16,3559,3.271868119707198e-12,5.789479025514535e-6,0.00007245020663446622
L48T16beta4.405ms0.021032m0.000760,4.405,241.6,48,16,3560,3.2718729248721682e-12,5.789487528119405e-6,0.00007245031303704182
L48T16beta4.405ms0.021032m0.000760,4.405,241.6,48,16,3561,3.2719458730304168e-12,5.789616607842878e-6,0.00007245192835555264
L48T16beta4.405ms0.021032m0.000760,4.405,241.6,48,16,3562,3.271960513505219e-12,5.789642513753107e-6,0.00007245225254509386
L48T16beta4.405ms0.021032m0.000760,4.405,241.6,48,16,3563,3.2717947777183337e-12,5.789349248918815e-6,0.00007244858259521592
L48T16beta4.405ms0.021032m0.000760,4.405,241.6,48,16,3564,3.2717180657162444e-12,5.7892135091790545e-6,0.000072446883932495
L48T16beta4.405ms0.021032m0.000760,4.405,241.6,48,16,3565,3.2719425930276774e-12,5.7896108039698704e-6,0.00007245185572521808
L48T16beta4.405ms0.021032m0.000760,4.405,241.6,48,16,3566,3.271920856004964e-12,5.789572340916815e-6,0.00007245137439414676
L48T16beta4.405ms0.021032m0.000760,4.405,241.6,48,16,3567,3.2719362126858278e-12,5.789599514133617e-6,0.00007245171444290824
L48T16beta4.405ms0.021032m0.000760,4.405,241.6,48,16,3568,3.2719438366705673e-12,5.789613004561142e-6,0.00007245188326367043
L48T16beta4.405ms0.021032m0.000760,4.405,241.6,48,16,3569,3.271790371677935e-12,5.789341452553699e-6,0.00007244848503060584
L48T16beta4.405ms0.021032m0.000760,4.405,241.6,48,16,3570,3.271915679813093e-12,5.789563181790233e-6,0.00007245125977578292
L48T16beta4.405ms0.021032m0.000760,4.405,241.6,48,16,3571,3.271926731607821e-12,5.7895827376315545e-6,0.00007245150449983121
L48T16beta4.405ms0.021032m0.000760,4.405,241.6,48,16,3572,3.2719424627963618e-12,5.789610573529204e-6,0.00007245185284145706
L48T16beta4.405ms0.021032m0.000760,4.405,241.6,48,16,3573,3.271889142813486e-12,5.789516225312465e-6,0.00007245067215701754
L48T16beta4.405ms0.021032m0.000760,4.405,241.6,48,16,3574,3.2718253215278883e-12,5.789403295334596e-6,0.00007244925893828131
L48T16beta4.405ms0.021032m0.000760,4.405,241.6,48,16,3575,3.2719171404155314e-12,5.789565766285351e-6,0.00007245129211845218
L48T16beta4.405ms0.021032m0.000760,4.405,241.6,48,16,3576,3.2714304561157556e-12,5.788704592044058e-6,0.00007244051528491413
L48T16beta4.405ms0.021032m0.000760,4.405,241.6,48,16,3577,3.2718637698886114e-12,5.789471328632341e-6,0.00007245011031479687
L48T16beta4.405ms0.021032m0.000760,4.405,241.6,48,16,3578,3.2719516620241552e-12,5.789626851305206e-6,0.00007245205654341878
L48T16beta4.405ms0.021032m0.000760,4.405,241.6,48,16,3579,3.271952467698072e-12,5.789628276922643e-6,0.00007245207438375941
L48T16beta4.405ms0.021032m0.000760,4.405,241.6,48,16,3580,3.2718359894975774e-12,5.789422172008257e-6,0.00007244949516314738
L48T16beta4.405ms0.021032m0.000760,4.405,241.6,48,16,3581,3.271930345923877e-12,5.789589133062614e-6,0.0000724515845329913
L48T16beta4.405ms0.021032m0.000760,4.405,241.6,48,16,3582,3.2719627035750787e-12,5.789646389020402e-6,0.00007245230104063466
L48T16beta4.405ms0.021032m0.000760,4.405,241.6,48,16,3583,3.27188206904282e-12,5.789503708473337e-6,0.00007245051551985257
L48T16beta4.405ms0.021032m0.000760,4.405,241.6,48,16,3584,3.2717348736557146e-12,5.789243250357325e-6,0.00007244725611702175
L48T16beta4.405ms0.021032m0.000760,4.405,241.6,48,16,3585,3.2719579071980753e-12,5.789637901965593e-6,0.0000724521948326543
L48T16beta4.405ms0.021032m0.000760,4.405,241.6,48,16,3586,3.2716505655812684e-12,5.789094069580218e-6,0.00007244538925161303
L48T16beta4.405ms0.021032m0.000760,4.405,241.6,48,16,3587,3.27193950793516e-12,5.789605344985044e-6,0.00007245178741085386
L48T16beta4.405ms0.021032m0.000760,4.405,241.6,48,16,3588,3.2718246865708152e-12,5.7894021717958336e-6,0.00007244924487818797
L48T16beta4.405ms0.021032m0.000760,4.405,241.6,48,16,3589,3.2719561450519077e-12,5.789634783897289e-6,0.00007245215581278881
L48T16beta4.405ms0.021032m0.000760,4.405,241.6,48,16,3590,3.2718833513183533e-12,5.789505977423989e-6,0.00007245054391376208
L48T16beta4.405ms0.021032m0.000760,4.405,241.6,48,16,3591,3.271965241391668e-12,5.789650879615797e-6,0.00007245235723646211
L48T16beta4.405ms0.021032m0.000760,4.405,241.6,48,16,3592,3.2718819131093485e-12,5.789503432553425e-6,0.00007245051206695904
L48T16beta4.405ms0.021032m0.000760,4.405,241.6,48,16,3593,3.2719429876656215e-12,5.789611502270663e-6,0.00007245186446383453
L48T16beta4.405ms0.021032m0.000760,4.405,241.6,48,16,3594,3.2719328069384004e-12,5.789593487758905e-6,0.00007245163902816173
L48T16beta4.405ms0.021032m0.000760,4.405,241.6,48,16,3595,3.2719175440796703e-12,5.789566480557742e-6,0.00007245130105693906
L48T16beta4.405ms0.021032m0.000760,4.405,241.6,48,16,3596,3.2718966778200614e-12,5.78952955829562e-6,0.00007245083900750277
L48T16beta4.405ms0.021032m0.000760,4.405,241.6,48,16,3597,3.266945154265119e-12,5.7807679760078085e-6,0.00007234119555868824
L48T16beta4.405ms0.021032m0.000760,4.405,241.6,48,16,3598,3.2718723883562055e-12,5.789486578769432e-6,0.00007245030115676703
L48T16beta4.405ms0.021032m0.000760,4.405,241.6,48,16,3599,3.271930857875884e-12,5.7895900389473565e-6,0.0000724515958693372
L48T16beta4.405ms0.021032m0.000760,4.405,241.6,48,16,3600,3.2718212055301e-12,5.789396012191757e-6,0.00007244916779619386
L48T16beta4.405ms0.021032m0.000760,4.405,241.6,48,16,3601,3.271921750259998e-12,5.789573923276059e-6,0.0000724513941959724
L48T16beta4.405ms0.021032m0.000760,4.405,241.6,48,16,3602,3.2719255906015016e-12,5.78958071865282e-6,0.00007245147923409903
L48T16beta4.405ms0.021032m0.000760,4.405,241.6,48,16,3603,3.2719314825626827e-12,5.789591144313155e-6,0.000072451609702012
L48T16beta4.405ms0.021032m0.000760,4.405,241.6,48,16,3604,3.271920964425181e-12,5.789572532763354e-6,0.00007245137679493643
L48T16beta4.405ms0.021032m0.000760,4.405,241.6,48,16,3605,3.097387468615438e-12,5.4807403988658965e-6,0.00006858661593862684
L48T16beta4.405ms0.021032m0.000760,4.405,241.6,48,16,3606,3.2719622241411957e-12,5.78964554067557e-6,0.00007245229042434983
L48T16beta4.405ms0.021032m0.000760,4.405,241.6,48,16,3607,3.2719200507677986e-12,5.789570916072198e-6,0.00007245135656347729
L48T16beta4.405ms0.021032m0.000760,4.405,241.6,48,16,3608,3.271951019880537e-12,5.7896257150500535e-6,0.00007245204232419107
L48T16beta4.405ms0.021032m0.000760,4.405,241.6,48,16,3609,3.2716905651504855e-12,5.78916484769796e-6,0.00007244627497712183
L48T16beta4.405ms0.021032m0.000760,4.405,241.6,48,16,3610,3.2717631835746895e-12,5.789293343966273e-6,0.00007244788299420765
L48T16beta4.405ms0.021032m0.000760,4.405,241.6,48,16,3611,3.271730773738317e-12,5.789235995668288e-6,0.00007244716533100845
L48T16beta4.405ms0.021032m0.000760,4.405,241.6,48,16,3612,3.271530405341787e-12,5.788881449400943e-6,0.00007244272849822653
L48T16beta4.405ms0.021032m0.000760,4.405,241.6,48,16,3613,3.2719410939514144e-12,5.789608151396397e-6,0.00007245182253060843
L48T16beta4.405ms0.021032m0.000760,4.405,241.6,48,16,3614,3.271753417470096e-12,5.789276063117646e-6,0.00007244766673967968
L48T16beta4.405ms0.021032m0.000760,4.405,241.6,48,16,3615,3.2719538856312256e-12,5.789630785915656e-6,0.00007245210578158665
L48T16beta4.405ms0.021032m0.000760,4.405,241.6,48,16,3616,3.2717568547165612e-12,5.789282145229023e-6,0.00007244774285192123
L48T16beta4.405ms0.021032m0.000760,4.405,241.6,48,16,3617,3.2716565262315276e-12,5.7891046167839535e-6,0.00007244552124053408
L48T16beta4.405ms0.021032m0.000760,4.405,241.6,48,16,3618,3.271925022824729e-12,5.789579713987719e-6,0.00007245146666160437
L48T16beta4.405ms0.021032m0.000760,4.405,241.6,48,16,3619,3.2718731408391e-12,5.789487910266844e-6,0.00007245031781927884
L48T16beta4.405ms0.021032m0.000760,4.405,241.6,48,16,3620,3.2718508152873068e-12,5.789448405828061e-6,0.00007244982345618674
L48T16beta4.405ms0.021032m0.000760,4.405,241.6,48,16,3621,3.271840290426481e-12,5.789429782381526e-6,0.00007244959040023407
L48T16beta4.405ms0.021032m0.000760,4.405,241.6,48,16,3622,3.2719414562565227e-12,5.789608792485142e-6,0.00007245183055326673
L48T16beta4.405ms0.021032m0.000760,4.405,241.6,48,16,3623,3.2718670800404297e-12,5.789477185853299e-6,0.00007245018361273386
L48T16beta4.405ms0.021032m0.000760,4.405,241.6,48,16,3624,3.2716721557496448e-12,5.789132272778635e-6,0.0000724458673308335
L48T16beta4.405ms0.021032m0.000760,4.405,241.6,48,16,3625,3.2715255196028078e-12,5.7888728042226195e-6,0.00007244262031147032
L48T16beta4.405ms0.021032m0.000760,4.405,241.6,48,16,3626,3.2667216916873355e-12,5.780372565233373e-6,0.00007233624734276291
L48T16beta4.405ms0.021032m0.000760,4.405,241.6,48,16,3627,3.271513741861139e-12,5.788851963838514e-6,0.00007244235951250583
L48T16beta4.405ms0.021032m0.000760,4.405,241.6,48,16,3628,3.2719684705327256e-12,5.789656593490483e-6,0.00007245242874054733
L48T16beta4.405ms0.021032m0.000760,4.405,241.6,48,16,3629,3.271891404047348e-12,5.789520226502469e-6,0.00007245072222836961
L48T16beta4.405ms0.021032m0.000760,4.405,241.6,48,16,3630,3.2692840569720702e-12,5.784906598858483e-6,0.0000723929867612113
L48T16beta4.405ms0.021032m0.000760,4.405,241.6,48,16,3631,3.2717644300630808e-12,5.78929554959258e-6,0.00007244791059566904
L48T16beta4.405ms0.021032m0.000760,4.405,241.6,48,16,3632,3.2719480581636625e-12,5.789620474374972e-6,0.00007245197674178014
L48T16beta4.405ms0.021032m0.000760,4.405,241.6,48,16,3633,3.2718980672055578e-12,5.789532016774353e-6,0.00007245086977318849
L48T16beta4.405ms0.021032m0.000760,4.405,241.6,48,16,3634,3.2719209838539993e-12,5.789572567142104e-6,0.00007245137722515606
L48T16beta4.405ms0.021032m0.000760,4.405,241.6,48,16,3635,3.2717197934516986e-12,5.789216566358564e-6,0.00007244692219039113
L48T16beta4.405ms0.021032m0.000760,4.405,241.6,48,16,3636,3.271699900207953e-12,5.789181365820767e-6,0.00007244648168681113
L48T16beta4.405ms0.021032m0.000760,4.405,241.6,48,16,3637,3.2718486055901056e-12,5.789444495830735e-6,0.00007244977452603033
L48T16beta4.405ms0.021032m0.000760,4.405,241.6,48,16,3638,3.271966438394806e-12,5.789652997679334e-6,0.00007245238374215291
L48T16beta4.405ms0.021032m0.000760,4.405,241.6,48,16,3639,3.27193810817351e-12,5.789602868145997e-6,0.00007245175641540506
L48T16beta4.405ms0.021032m0.000760,4.405,241.6,48,16,3640,3.27168537389731e-12,5.789155661920821e-6,0.00007244616002524984
L48T16beta4.405ms0.021032m0.000760,4.405,241.6,48,16,3641,3.2718739623684146e-12,5.789489363939963e-6,0.00007245033601071152
L48T16beta4.405ms0.021032m0.000760,4.405,241.6,48,16,3642,3.2718170246416466e-12,5.789388614226704e-6,0.00007244907521720802
L48T16beta4.405ms0.021032m0.000760,4.405,241.6,48,16,3643,3.2719197265129985e-12,5.789570342312408e-6,0.00007245134938338126
L48T16beta4.405ms0.021032m0.000760,4.405,241.6,48,16,3644,3.271772697329639e-12,5.789310178289271e-6,0.00007244809366086252
L48T16beta4.405ms0.021032m0.000760,4.405,241.6,48,16,3645,3.2714066710732547e-12,5.788662505077334e-6,0.00007243998860377023
L48T16beta4.405ms0.021032m0.000760,4.405,241.6,48,16,3646,3.2718290019389837e-12,5.789409807718977e-6,0.00007244934043500875
L48T16beta4.405ms0.021032m0.000760,4.405,241.6,48,16,3647,3.271932177659095e-12,5.789592374266794e-6,0.00007245162509379335
L48T16beta4.405ms0.021032m0.000760,4.405,241.6,48,16,3648,3.2638665883484885e-12,5.775320539818177e-6,0.0000722730257154558
L48T16beta4.405ms0.021032m0.000760,4.405,241.6,48,16,3649,3.2717741693273176e-12,5.789312782947947e-6,0.00007244812625586089
L48T16beta4.405ms0.021032m0.000760,4.405,241.6,48,16,3650,3.271860849345479e-12,5.7894661608130435e-6,0.0000724500456441116
L48T16beta4.405ms0.021032m0.000760,4.405,241.6,48,16,3651,3.2714204194238402e-12,5.7886868323987414e-6,0.0000724402930386693
L48T16beta4.405ms0.021032m0.000760,4.405,241.6,48,16,3652,3.2717763988768535e-12,5.789316728073424e-6,0.000072448175625615
L48T16beta4.405ms0.021032m0.000760,4.405,241.6,48,16,3653,3.2717588226387955e-12,5.789285627412315e-6,0.0000724477864283636
L48T16beta4.405ms0.021032m0.000760,4.405,241.6,48,16,3654,3.2718121254163146e-12,5.789379945184657e-6,0.00007244896673181843
L48T16beta4.405ms0.021032m0.000760,4.405,241.6,48,16,3655,3.271949101668549e-12,5.78962232082765e-6,0.00007245199984850141
L48T16beta4.405ms0.021032m0.000760,4.405,241.6,48,16,3656,3.2719391253674356e-12,5.789604668042167e-6,0.00007245177893951283
L48T16beta4.405ms0.021032m0.000760,4.405,241.6,48,16,3657,3.2719309568993296e-12,5.789590214166571e-6,0.00007245159806205061
L48T16beta4.405ms0.021032m0.000760,4.405,241.6,48,16,3658,3.271842576872808e-12,5.789433828184282e-6,0.00007244964102987524
L48T16beta4.405ms0.021032m0.000760,4.405,241.6,48,16,3659,3.271888535940849e-12,5.789515151468326e-6,0.00007245065871880843
L48T16beta4.405ms0.021032m0.000760,4.405,241.6,48,16,3660,3.2719410342620614e-12,5.789608045777758e-6,0.00007245182120888463
L48T16beta4.405ms0.021032m0.000760,4.405,241.6,48,16,3661,3.271479801078889e-12,5.788791906574664e-6,0.00007244160794899612
L48T16beta4.405ms0.021032m0.000760,4.405,241.6,48,16,3662,3.2719437457071697e-12,5.789612843603957e-6,0.0000724518812494337
L48T16beta4.405ms0.021032m0.000760,4.405,241.6,48,16,3663,3.271916022702618e-12,5.789563788523647e-6,0.00007245126736851466
L48T16beta4.405ms0.021032m0.000760,4.405,241.6,48,16,3664,3.271919958242684e-12,5.7895707523515985e-6,0.00007245135451465888
L48T16beta4.405ms0.021032m0.000760,4.405,241.6,48,16,3665,3.2714483079836286e-12,5.788736180424407e-6,0.00007244091058554023
L48T16beta4.405ms0.021032m0.000760,4.405,241.6,48,16,3666,3.271954839641787e-12,5.789632474010632e-6,0.00007245212690660141
L48T16beta4.405ms0.021032m0.000760,4.405,241.6,48,16,3667,3.27144111744153e-12,5.788723456961499e-6,0.0000724407513626615
L48T16beta4.405ms0.021032m0.000760,4.405,241.6,48,16,3668,3.271865158268256e-12,5.789473785331248e-6,0.00007245014105820965
L48T16beta4.405ms0.021032m0.000760,4.405,241.6,48,16,3669,3.2719319605010232e-12,5.789591990011667e-6,0.00007245162028518047
L48T16beta4.405ms0.021032m0.000760,4.405,241.6,48,16,3670,3.271947514169987e-12,5.789619511793395e-6,0.00007245196469592354
L48T16beta4.405ms0.021032m0.000760,4.405,241.6,48,16,3671,3.2718991792407035e-12,5.789533984489406e-6,0.00007245089439740106
L48T16beta4.405ms0.021032m0.000760,4.405,241.6,48,16,3672,3.2716733966529125e-12,5.789134468522222e-6,0.00007244589480862137
L48T16beta4.405ms0.021032m0.000760,4.405,241.6,48,16,3673,3.2719472110910105e-12,5.789618975503633e-6,0.00007245195798473175
L48T16beta4.405ms0.021032m0.000760,4.405,241.6,48,16,3674,3.271916116723275e-12,5.789563954890567e-6,0.00007245126945044945
L48T16beta4.405ms0.021032m0.000760,4.405,241.6,48,16,3675,3.2714170983664727e-12,5.788680955880719e-6,0.00007244021949924665
L48T16beta4.405ms0.021032m0.000760,4.405,241.6,48,16,3676,3.271385968952749e-12,5.788625873254759e-6,0.00007243953018892784
L48T16beta4.405ms0.021032m0.000760,4.405,241.6,48,16,3677,3.2713153115951064e-12,5.788500847038816e-6,0.00007243796559647663
L48T16beta4.405ms0.021032m0.000760,4.405,241.6,48,16,3678,3.2707601304805083e-12,5.787518469601606e-6,0.00007242567201219983
L48T16beta4.405ms0.021032m0.000760,4.405,241.6,48,16,3679,3.270967769066704e-12,5.7878858802659985e-6,0.00007243026983152652
L48T16beta4.405ms0.021032m0.000760,4.405,241.6,48,16,3680,3.2710913993354722e-12,5.788104640564937e-6,0.00007243300742307691
L48T16beta4.405ms0.021032m0.000760,4.405,241.6,48,16,3681,3.2719560158264437e-12,5.789634555236449e-6,0.00007245215295130073
L48T16beta4.405ms0.021032m0.000760,4.405,241.6,48,16,3682,3.2714090834363233e-12,5.788666773686238e-6,0.00007244004202163318
L48T16beta4.405ms0.021032m0.000760,4.405,241.6,48,16,3683,3.271709251398751e-12,5.789197912491051e-6,0.00007244668875374684
L48T16beta4.405ms0.021032m0.000760,4.405,241.6,48,16,3684,3.2715459689236833e-12,5.788908988723328e-6,0.0000724430731284754
L48T16beta4.405ms0.021032m0.000760,4.405,241.6,48,16,3685,3.2719570393598813e-12,5.789636366350208e-6,0.00007245217561578669
L48T16beta4.405ms0.021032m0.000760,4.405,241.6,48,16,3686,3.2713959638621173e-12,5.7886435589670285e-6,0.00007243975150996602
L48T16beta4.405ms0.021032m0.000760,4.405,241.6,48,16,3687,3.271347599855781e-12,5.7885579802120085e-6,0.00007243868056757942
L48T16beta4.405ms0.021032m0.000760,4.405,241.6,48,16,3688,3.2719410061114507e-12,5.789607995966041e-6,0.00007245182058553507
L48T16beta4.405ms0.021032m0.000760,4.405,241.6,48,16,3689,3.2713546614238785e-12,5.788570475459033e-6,0.00007243883693453833
L48T16beta4.405ms0.021032m0.000760,4.405,241.6,48,16,3690,3.271298565158169e-12,5.788471214687556e-6,0.0000724375947738236
L48T16beta4.405ms0.021032m0.000760,4.405,241.6,48,16,3691,3.2718279802584306e-12,5.789407999883846e-6,0.00007244931781155191
L48T16beta4.405ms0.021032m0.000760,4.405,241.6,48,16,3692,3.2718272825282752e-12,5.789406765269872e-6,0.00007244930236145058
L48T16beta4.405ms0.021032m0.000760,4.405,241.6,48,16,3693,3.2719510947635435e-12,5.789625847553437e-6,0.00007245204398235365
L48T16beta4.405ms0.021032m0.000760,4.405,241.6,48,16,3694,3.2719600776008887e-12,5.7896417424326e-6,0.00007245224289270029
L48T16beta4.405ms0.021032m0.000760,4.405,241.6,48,16,3695,3.2719556788396796e-12,5.7896339589478055e-6,0.00007245214548927604
L48T16beta4.405ms0.021032m0.000760,4.405,241.6,48,16,3696,3.2719024942629613e-12,5.789539850328471e-6,0.000072450967803186
L48T16beta4.405ms0.021032m0.000760,4.405,241.6,48,16,3697,3.2718528339785783e-12,5.789451977845743e-6,0.00007244986815682698
L48T16beta4.405ms0.021032m0.000760,4.405,241.6,48,16,3698,3.2719495651808594e-12,5.789623140999706e-6,0.00007245201011222887
L48T16beta4.405ms0.021032m0.000760,4.405,241.6,48,16,3699,3.271806122070301e-12,5.7893693224319795e-6,0.00007244883379746921
L48T16beta4.405ms0.021032m0.000760,4.405,241.6,48,16,3700,3.2718178650836187e-12,5.789390101365241e-6,0.00007244909382743077
L48T16beta4.405ms0.021032m0.000760,4.405,241.6,48,16,3701,3.271881632132638e-12,5.789502935373003e-6,0.00007245050584518605
L48T16beta4.405ms0.021032m0.000760,4.405,241.6,48,16,3702,3.2717927987582013e-12,5.789345747204272e-6,0.00007244853877435724
L48T16beta4.405ms0.021032m0.000760,4.405,241.6,48,16,3703,3.230381684709898e-12,5.7160699404069926e-6,0.00007153155689733967
L48T16beta4.405ms0.021032m0.000760,4.405,241.6,48,16,3704,3.2714854349332493e-12,5.7888018755222065e-6,0.00007244173270155264
L48T16beta4.405ms0.021032m0.000760,4.405,241.6,48,16,3705,3.2711821057115135e-12,5.788265142957563e-6,0.00007243501596848487
L48T16beta4.405ms0.021032m0.000760,4.405,241.6,48,16,3706,3.2716427748236825e-12,5.789080284052811e-6,0.00007244521673793697
L48T16beta4.405ms0.021032m0.000760,4.405,241.6,48,16,3707,3.271631209740223e-12,5.789059819961452e-6,0.00007244496064794319
L48T16beta4.405ms0.021032m0.000760,4.405,241.6,48,16,3708,3.271239230606093e-12,5.788366223859025e-6,0.00007243628090651564
L48T16beta4.405ms0.021032m0.000760,4.405,241.6,48,16,3709,3.2719074161993642e-12,5.789548559557121e-6,0.0000724510767914754
L48T16beta4.405ms0.021032m0.000760,4.405,241.6,48,16,3710,3.2703202852101265e-12,5.786740175711333e-6,0.00007241593235291027
L48T16beta4.405ms0.021032m0.000760,4.405,241.6,48,16,3711,3.270722705176767e-12,5.787452246574544e-6,0.00007242484328961988
L48T16beta4.405ms0.021032m0.000760,4.405,241.6,48,16,3712,3.270917615412099e-12,5.787797134778477e-6,0.00007242915926028506
L48T16beta4.405ms0.021032m0.000760,4.405,241.6,48,16,3713,3.2716315670160733e-12,5.789060452151065e-6,0.00007244496855923676
L48T16beta4.405ms0.021032m0.000760,4.405,241.6,48,16,3714,3.271451268403484e-12,5.7887414188044495e-6,0.00007244097613923078
L48T16beta4.405ms0.021032m0.000760,4.405,241.6,48,16,3715,3.271673077625894e-12,5.789133904012846e-6,0.00007244588774428608
L48T16beta4.405ms0.021032m0.000760,4.405,241.6,48,16,3716,3.271544330338447e-12,5.788906089292632e-6,0.00007244303684466607
L48T16beta4.405ms0.021032m0.000760,4.405,241.6,48,16,3717,3.271854608142026e-12,5.789455117178287e-6,0.00007244990744279564
L48T16beta4.405ms0.021032m0.000760,4.405,241.6,48,16,3718,3.2710448462458724e-12,5.788022266176376e-6,0.00007243197658050089
L48T16beta4.405ms0.021032m0.000760,4.405,241.6,48,16,3719,3.2710548726410435e-12,5.788040007601893e-6,0.00007243219859874104
L48T16beta4.405ms0.021032m0.000760,4.405,241.6,48,16,3720,3.2718031514728153e-12,5.7893640660429055e-6,0.00007244876801841157
L48T16beta4.405ms0.021032m0.000760,4.405,241.6,48,16,3721,3.2711111347928616e-12,5.7881395619041945e-6,0.00007243344443273427
L48T16beta4.405ms0.021032m0.000760,4.405,241.6,48,16,3722,3.2709894265874344e-12,5.787924202642521e-6,0.0000724307494021555
L48T16beta4.405ms0.021032m0.000760,4.405,241.6,48,16,3723,3.2717177542992874e-12,5.789212958135469e-6,0.00007244687703667217
L48T16beta4.405ms0.021032m0.000760,4.405,241.6,48,16,3724,3.2709119345209403e-12,5.787787082600637e-6,0.00007242903346617502
L48T16beta4.405ms0.021032m0.000760,4.405,241.6,48,16,3725,3.2717616938819633e-12,5.789290707996705e-6,0.0000724478500073812
L48T16beta4.405ms0.021032m0.000760,4.405,241.6,48,16,3726,3.271716894216739e-12,5.789211436243481e-6,0.00007244685799154073
L48T16beta4.405ms0.021032m0.000760,4.405,241.6,48,16,3727,3.271425650778732e-12,5.788696089134744e-6,0.00007244040887852867
L48T16beta4.405ms0.021032m0.000760,4.405,241.6,48,16,3728,3.270988393286648e-12,5.787922374245712e-6,0.00007243072652138747
L48T16beta4.405ms0.021032m0.000760,4.405,241.6,48,16,3729,3.27186676111929e-12,5.789476621531273e-6,0.00007245017655074309
L48T16beta4.405ms0.021032m0.000760,4.405,241.6,48,16,3730,3.2717897894221933e-12,5.789340422268467e-6,0.0000724484721374979
L48T16beta4.405ms0.021032m0.000760,4.405,241.6,48,16,3731,3.148983561328458e-12,5.572038240230989e-6,0.00006972912762975329
L48T16beta4.405ms0.021032m0.000760,4.405,241.6,48,16,3732,3.2718831054802753e-12,5.789505542420394e-6,0.00007245053847007704
L48T16beta4.405ms0.021032m0.000760,4.405,241.6,48,16,3733,3.271942253804217e-12,5.789610203723455e-6,0.00007245184821366538
L48T16beta4.405ms0.021032m0.000760,4.405,241.6,48,16,3734,3.2707326368763014e-12,5.787469820438783e-6,0.00007242506321097893
L48T16beta4.405ms0.021032m0.000760,4.405,241.6,48,16,3735,3.269991945646557e-12,5.786159188047105e-6,0.00007240866180643451
L48T16beta4.405ms0.021032m0.000760,4.405,241.6,48,16,3736,3.2718953174057388e-12,5.789527151080567e-6,0.00007245080888333664
L48T16beta4.405ms0.021032m0.000760,4.405,241.6,48,16,3737,3.269954926455409e-12,5.786093683624906e-6,0.0000724078420765585
L48T16beta4.405ms0.021032m0.000760,4.405,241.6,48,16,3738,3.2719207227428584e-12,5.789572105113251e-6,0.00007245137144327385
L48T16beta4.405ms0.021032m0.000760,4.405,241.6,48,16,3739,3.2719482828656215e-12,5.789620871978797e-6,0.00007245198171744016
L48T16beta4.405ms0.021032m0.000760,4.405,241.6,48,16,3740,3.271608598460394e-12,5.78901980993491e-6,0.00007244445995786769
L48T16beta4.405ms0.021032m0.000760,4.405,241.6,48,16,3741,3.271894135940361e-12,5.789525060510663e-6,0.0000724507827217043
L48T16beta4.405ms0.021032m0.000760,4.405,241.6,48,16,3742,3.271538419861655e-12,5.788895630869442e-6,0.000072442905966755
L48T16beta4.405ms0.021032m0.000760,4.405,241.6,48,16,3743,3.2714696380864204e-12,5.788773923444054e-6,0.00007244138290603062
L48T16beta4.405ms0.021032m0.000760,4.405,241.6,48,16,3744,3.2704327382968207e-12,5.786939158299552e-6,0.00007241842244391321
L48T16beta4.405ms0.021032m0.000760,4.405,241.6,48,16,3745,3.2719582411540497e-12,5.789638492891339e-6,0.00007245220222756708
L48T16beta4.405ms0.021032m0.000760,4.405,241.6,48,16,3746,3.2714973726979705e-12,5.788822999062623e-6,0.0000724419970439678
L48T16beta4.405ms0.021032m0.000760,4.405,241.6,48,16,3747,3.270516950643309e-12,5.787088169688717e-6,0.00007242028718958174
L48T16beta4.405ms0.021032m0.000760,4.405,241.6,48,16,3748,3.2696808317817545e-12,5.785608680774525e-6,0.00007240177269508678
L48T16beta4.405ms0.021032m0.000760,4.405,241.6,48,16,3749,3.2706595536824722e-12,5.7873405017736315e-6,0.00007242344490232446
L48T16beta4.405ms0.021032m0.000760,4.405,241.6,48,16,3750,3.2701066859869067e-12,5.786362217866624e-6,0.00007241120254495559
L48T16beta4.405ms0.021032m0.000760,4.405,241.6,48,16,3751,3.2719226553941114e-12,5.789575524885529e-6,0.00007245141423869758
L48T16beta4.405ms0.021032m0.000760,4.405,241.6,48,16,3752,3.271859214452777e-12,5.789463267916184e-6,0.00007245000944206746
L48T16beta4.405ms0.021032m0.000760,4.405,241.6,48,16,3753,3.271516815717235e-12,5.788857402940807e-6,0.00007244242757805773
L48T16beta4.405ms0.021032m0.000760,4.405,241.6,48,16,3754,3.2719114473218044e-12,5.789555692515408e-6,0.00007245116605413606
L48T16beta4.405ms0.021032m0.000760,4.405,241.6,48,16,3755,3.2714587740815435e-12,5.788754699891617e-6,0.00007244114234028365
L48T16beta4.405ms0.021032m0.000760,4.405,241.6,48,16,3756,3.2691483724715503e-12,5.784666508933979e-6,0.00007238998224827249
L48T16beta4.405ms0.021032m0.000760,4.405,241.6,48,16,3757,3.2717817295198883e-12,5.789326160497016e-6,0.00007244829366404907
L48T16beta4.405ms0.021032m0.000760,4.405,241.6,48,16,3758,3.271790457440021e-12,5.789341604307309e-6,0.00007244848692966797
L48T16beta4.405ms0.021032m0.000760,4.405,241.6,48,16,3759,3.2718927428623305e-12,5.789522595498094e-6,0.00007245075187425342
L48T16beta4.405ms0.021032m0.000760,4.405,241.6,48,16,3760,3.271656343365055e-12,5.789104293206851e-6,0.000072445517191253
L48T16beta4.405ms0.021032m0.000760,4.405,241.6,48,16,3761,3.2717630791117043e-12,5.789293159121946e-6,0.00007244788068104448
L48T16beta4.405ms0.021032m0.000760,4.405,241.6,48,16,3762,3.2717272316318202e-12,5.78922972801002e-6,0.00007244708689681177
L48T16beta4.405ms0.021032m0.000760,4.405,241.6,48,16,3763,3.2719295537760176e-12,5.7895877313791574e-6,0.00007245156699216328
L48T16beta4.405ms0.021032m0.000760,4.405,241.6,48,16,3764,3.2718006945478727e-12,5.789359718583013e-6,0.00007244871361379828
L48T16beta4.405ms0.021032m0.000760,4.405,241.6,48,16,3765,3.271745811550981e-12,5.789262604656738e-6,0.00007244749831895142
L48T16beta4.405ms0.021032m0.000760,4.405,241.6,48,16,3766,3.271618672196766e-12,5.789037635129356e-6,0.00007244468302440185
L48T16beta4.405ms0.021032m0.000760,4.405,241.6,48,16,3767,3.2719606275899692e-12,5.789642715622878e-6,0.0000724522550713154
L48T16beta4.405ms0.021032m0.000760,4.405,241.6,48,16,3768,3.2719265153894265e-12,5.789582355039159e-6,0.00007245149971202595
L48T16beta4.405ms0.021032m0.000760,4.405,241.6,48,16,3769,3.2718802302931103e-12,5.7895004548572104e-6,0.00007245047480372601
L48T16beta4.405ms0.021032m0.000760,4.405,241.6,48,16,3770,3.271922656294084e-12,5.789575526478005e-6,0.00007245141425862601
L48T16beta4.405ms0.021032m0.000760,4.405,241.6,48,16,3771,3.271339530252302e-12,5.788543701274601e-6,0.00007243850187931385
L48T16beta4.405ms0.021032m0.000760,4.405,241.6,48,16,3772,3.271971235327675e-12,5.7896614857177314e-6,0.000072452489962442
L48T16beta4.405ms0.021032m0.000760,4.405,241.6,48,16,3773,3.2719351877627267e-12,5.7895977005608876e-6,0.00007245169174765044
L48T16beta4.405ms0.021032m0.000760,4.405,241.6,48,16,3774,3.271954449066954e-12,5.7896317828994015e-6,0.00007245211825795596
L48T16beta4.405ms0.021032m0.000760,4.405,241.6,48,16,3775,3.2718799029942855e-12,5.789499875711104e-6,0.00007245046755622502
L48T16beta4.405ms0.021032m0.000760,4.405,241.6,48,16,3776,3.271951681863255e-12,5.789626886409938e-6,0.00007245205698272343
L48T16beta4.405ms0.021032m0.000760,4.405,241.6,48,16,3777,3.2718710312506053e-12,5.789484177409071e-6,0.00007245027110586719
L48T16beta4.405ms0.021032m0.000760,4.405,241.6,48,16,3778,3.2718494581552368e-12,5.789446004420863e-6,0.00007244979340470075
L48T16beta4.405ms0.021032m0.000760,4.405,241.6,48,16,3779,3.2719301805803986e-12,5.789588840491959e-6,0.00007245158087172847
L48T16beta4.405ms0.021032m0.000760,4.405,241.6,48,16,3780,3.2719293693081236e-12,5.789587404968384e-6,0.00007245156290742129
L48T16beta4.405ms0.021032m0.000760,4.405,241.6,48,16,3781,3.271897926306921e-12,5.78953176745816e-6,0.00007245086665321696
L48T16beta4.405ms0.021032m0.000760,4.405,241.6,48,16,3782,3.2719335833499757e-12,5.789594861597448e-6,0.00007245165622053532
L48T16beta4.405ms0.021032m0.000760,4.405,241.6,48,16,3783,3.2716194865395353e-12,5.789039076086085e-6,0.00007244470105670016
L48T16beta4.405ms0.021032m0.000760,4.405,241.6,48,16,3784,3.2718936247692123e-12,5.789524156007628e-6,0.00007245077140264928
L48T16beta4.405ms0.021032m0.000760,4.405,241.6,48,16,3785,3.2718874413889927e-12,5.789513214689464e-6,0.00007245063448173492
L48T16beta4.405ms0.021032m0.000760,4.405,241.6,48,16,3786,3.2717169463886744e-12,5.7892115285602605e-6,0.00007244685914680354
L48T16beta4.405ms0.021032m0.000760,4.405,241.6,48,16,3787,3.2716656050747634e-12,5.789120681542852e-6,0.00007244572227677526
L48T16beta4.405ms0.021032m0.000760,4.405,241.6,48,16,3788,3.271899714605231e-12,5.789534931801947e-6,0.00007245090625217919
L48T16beta4.405ms0.021032m0.000760,4.405,241.6,48,16,3789,3.2719562349168094e-12,5.789634942910717e-6,0.00007245215780270113
L48T16beta4.405ms0.021032m0.000760,4.405,241.6,48,16,3790,3.2719372521673076e-12,5.78960135346699e-6,0.00007245173746053769
L48T16beta4.405ms0.021032m0.000760,4.405,241.6,48,16,3791,3.2717031876089957e-12,5.789187182784865e-6,0.00007244655448096913
L48T16beta4.405ms0.021032m0.000760,4.405,241.6,48,16,3792,3.2719447467412947e-12,5.789614614905812e-6,0.00007245190341570892
L48T16beta4.405ms0.021032m0.000760,4.405,241.6,48,16,3793,3.2718089877945197e-12,5.789374393250744e-6,0.00007244889725427866
L48T16beta4.405ms0.021032m0.000760,4.405,241.6,48,16,3794,3.271931654285378e-12,5.789591448171656e-6,0.00007245161350453224
L48T16beta4.405ms0.021032m0.000760,4.405,241.6,48,16,3795,3.271825949907221e-12,5.7894044072342304e-6,0.00007244927285272126
L48T16beta4.405ms0.021032m0.000760,4.405,241.6,48,16,3796,3.2715929199864194e-12,5.7889920673142095e-6,0.00007244411278352032
L48T16beta4.405ms0.021032m0.000760,4.405,241.6,48,16,3797,3.2716366799848756e-12,5.789069499406198e-6,0.00007244508177762841
L48T16beta4.405ms0.021032m0.000760,4.405,241.6,48,16,3798,3.2713015804763473e-12,5.788476550208643e-6,0.00007243766154314837
L48T16beta4.405ms0.021032m0.000760,4.405,241.6,48,16,3799,3.271793880035463e-12,5.789347660494111e-6,0.00007244856271748641
L48T16beta4.405ms0.021032m0.000760,4.405,241.6,48,16,3800,3.271518942431677e-12,5.7888611661024644e-6,0.00007244247467069569
L48T16beta4.405ms0.021032m0.000760,4.405,241.6,48,16,3801,3.2712930842859e-12,5.78846151643754e-6,0.00007243747340880708
L48T16beta4.405ms0.021032m0.000760,4.405,241.6,48,16,3802,3.271830447440413e-12,5.789412365493282e-6,0.00007244937244329068
L48T16beta4.405ms0.021032m0.000760,4.405,241.6,48,16,3803,3.271855969826898e-12,5.789457526641541e-6,0.000072449937595096
L48T16beta4.405ms0.021032m0.000760,4.405,241.6,48,16,3804,3.271553815678088e-12,5.788922873335538e-6,0.0000724432468821101
L48T16beta4.405ms0.021032m0.000760,4.405,241.6,48,16,3805,3.2719406754112593e-12,5.789607410801312e-6,0.00007245181326271631
L48T16beta4.405ms0.021032m0.000760,4.405,241.6,48,16,3806,3.2717338469459034e-12,5.789241433623062e-6,0.00007244723338220015
L48T16beta4.405ms0.021032m0.000760,4.405,241.6,48,16,3807,3.271765701274246e-12,5.789297798965143e-6,0.00007244793874457608
L48T16beta4.405ms0.021032m0.000760,4.405,241.6,48,16,3808,3.271776042368627e-12,5.789316097242099e-6,0.00007244816773131923
L48T16beta4.405ms0.021032m0.000760,4.405,241.6,48,16,3809,3.271643778081269e-12,5.789082059289019e-6,0.0000724452389534471
L48T16beta4.405ms0.021032m0.000760,4.405,241.6,48,16,3810,3.27116673877361e-12,5.788237951591217e-6,0.00007243467569259791
L48T16beta4.405ms0.021032m0.000760,4.405,241.6,48,16,3811,3.270775596005106e-12,5.787545835414347e-6,0.00007242601447112905
L48T16beta4.405ms0.021032m0.000760,4.405,241.6,48,16,3812,3.271835302699441e-12,5.789420956738185e-6,0.00007244947995511787
L48T16beta4.405ms0.021032m0.000760,4.405,241.6,48,16,3813,3.2715140130043265e-12,5.788852443618792e-6,0.00007244236551653143
L48T16beta4.405ms0.021032m0.000760,4.405,241.6,48,16,3814,3.271952710518595e-12,5.789628706586759e-6,0.00007245207976062561
L48T16beta4.405ms0.021032m0.000760,4.405,241.6,48,16,3815,3.271672547621497e-12,5.789132966184905e-6,0.00007244587600819933
L48T16beta4.405ms0.021032m0.000760,4.405,241.6,48,16,3816,3.2716351125901114e-12,5.7890667259450496e-6,0.0000724450470702165
L48T16beta4.405ms0.021032m0.000760,4.405,241.6,48,16,3817,3.271885280277072e-12,5.789509390662431e-6,0.00007245058662742066
L48T16beta4.405ms0.021032m0.000760,4.405,241.6,48,16,3818,3.2714008286237963e-12,5.788652167026606e-6,0.00007243985923221397
L48T16beta4.405ms0.021032m0.000760,4.405,241.6,48,16,3819,3.2714746680592287e-12,5.7887828238400996e-6,0.00007244149428661078
L48T16beta4.405ms0.021032m0.000760,4.405,241.6,48,16,3820,3.271083583511005e-12,5.788090810682385e-6,0.00007243283435433549
L48T16beta4.405ms0.021032m0.000760,4.405,241.6,48,16,3821,3.2714447524701883e-12,5.788729889042929e-6,0.00007244083185446856
L48T16beta4.405ms0.021032m0.000760,4.405,241.6,48,16,3822,3.2715469517730697e-12,5.788910727847797e-6,0.00007244309489207911
L48T16beta4.405ms0.021032m0.000760,4.405,241.6,48,16,3823,3.2717879547355946e-12,5.789337175841902e-6,0.00007244843151134235
L48T16beta4.405ms0.021032m0.000760,4.405,241.6,48,16,3824,3.271717153144123e-12,5.789211894408237e-6,0.00007244686372506721
L48T16beta4.405ms0.021032m0.000760,4.405,241.6,48,16,3825,3.27179724261068e-12,5.789353610476805e-6,0.00007244863717625442
L48T16beta4.405ms0.021032m0.000760,4.405,241.6,48,16,3826,3.2718445900716005e-12,5.789437390483175e-6,0.00007244968560889345
L48T16beta4.405ms0.021032m0.000760,4.405,241.6,48,16,3827,3.271213522203232e-12,5.788320733559997e-6,0.00007243571163567971
L48T16beta4.405ms0.021032m0.000760,4.405,241.6,48,16,3828,3.271808918245174e-12,5.789374270185124e-6,0.00007244889571422134
L48T16beta4.405ms0.021032m0.000760,4.405,241.6,48,16,3829,3.271679406960478e-12,5.789145103593171e-6,0.00007244602789712285
L48T16beta4.405ms0.021032m0.000760,4.405,241.6,48,16,3830,3.271604513617536e-12,5.789012581919849e-6,0.00007244436950565559
L48T16beta4.405ms0.021032m0.000760,4.405,241.6,48,16,3831,3.2716476621640835e-12,5.789088932064805e-6,0.00007244532496015406
L48T16beta4.405ms0.021032m0.000760,4.405,241.6,48,16,3832,3.271632078690148e-12,5.789061357544013e-6,0.00007244497988942828
L48T16beta4.405ms0.021032m0.000760,4.405,241.6,48,16,3833,3.2718682857256557e-12,5.789479319279547e-6,0.00007245021031067538
L48T16beta4.405ms0.021032m0.000760,4.405,241.6,48,16,3834,3.271642908654888e-12,5.789080520863382e-6,0.0000724452197014117
L48T16beta4.405ms0.021032m0.000760,4.405,241.6,48,16,3835,3.2718129925265897e-12,5.78938147951201e-6,0.00007244898593256746
L48T16beta4.405ms0.021032m0.000760,4.405,241.6,48,16,3836,3.27182945577659e-12,5.789410610771914e-6,0.00007244935048450559
L48T16beta4.405ms0.021032m0.000760,4.405,241.6,48,16,3837,3.271951995186036e-12,5.789627440825826e-6,0.00007245206392074765
L48T16beta4.405ms0.021032m0.000760,4.405,241.6,48,16,3838,3.2715707519298148e-12,5.788952841558753e-6,0.0000724436219079034
L48T16beta4.405ms0.021032m0.000760,4.405,241.6,48,16,3839,3.2719454176707983e-12,5.789615802096783e-6,0.00007245191827235331
L48T16beta4.405ms0.021032m0.000760,4.405,241.6,48,16,3840,3.271946449131935e-12,5.789617627238383e-6,0.00007245194111238529
L48T16beta4.405ms0.021032m0.000760,4.405,241.6,48,16,3841,3.2719019506530976e-12,5.789538888426038e-6,0.0000724509557658283
L48T16beta4.405ms0.021032m0.000760,4.405,241.6,48,16,3842,3.2718444787264726e-12,5.789437193461089e-6,0.0000724496831433364
L48T16beta4.405ms0.021032m0.000760,4.405,241.6,48,16,3843,3.27190102501814e-12,5.789537250540898e-6,0.00007245093526914521
L48T16beta4.405ms0.021032m0.000760,4.405,241.6,48,16,3844,3.271956471106653e-12,5.789635360842031e-6,0.00007245216303274168
L48T16beta4.405ms0.021032m0.000760,4.405,241.6,48,16,3845,3.2719373495628617e-12,5.789601525805696e-6,0.0000724517396172041
L48T16beta4.405ms0.021032m0.000760,4.405,241.6,48,16,3846,3.2719139863427685e-12,5.789560185241911e-6,0.00007245122227663244
L48T16beta4.405ms0.021032m0.000760,4.405,241.6,48,16,3847,3.271932610982622e-12,5.789593141020642e-6,0.00007245163468903923
L48T16beta4.405ms0.021032m0.000760,4.405,241.6,48,16,3848,3.2719270730282733e-12,5.789583341765485e-6,0.00007245151206003272
L48T16beta4.405ms0.021032m0.000760,4.405,241.6,48,16,3849,3.2719340153897184e-12,5.789595626079676e-6,0.00007245166578735388
L48T16beta4.405ms0.021032m0.000760,4.405,241.6,48,16,3850,3.271935315267655e-12,5.789597926177288e-6,0.00007245169457104003
L48T16beta4.405ms0.021032m0.000760,4.405,241.6,48,16,3851,3.2719379194439816e-12,5.789602534194381e-6,0.00007245175223629611
L48T16beta4.405ms0.021032m0.000760,4.405,241.6,48,16,3852,3.2717955627061175e-12,5.789350637932719e-6,0.00007244859997749573
L48T16beta4.405ms0.021032m0.000760,4.405,241.6,48,16,3853,3.2716421906224118e-12,5.78907925032502e-6,0.00007244520380174844
L48T16beta4.405ms0.021032m0.000760,4.405,241.6,48,16,3854,3.2715929165982876e-12,5.788992061319005e-6,0.00007244411270849563
L48T16beta4.405ms0.021032m0.000760,4.405,241.6,48,16,3855,3.2715716439613874e-12,5.788954419983644e-6,0.00007244364166049409
L48T16beta4.405ms0.021032m0.000760,4.405,241.6,48,16,3856,3.2716580940498083e-12,5.789107390994502e-6,0.00007244555595732408
L48T16beta4.405ms0.021032m0.000760,4.405,241.6,48,16,3857,3.2716600575515893e-12,5.789110865355926e-6,0.00007244559943588266
L48T16beta4.405ms0.021032m0.000760,4.405,241.6,48,16,3858,3.2718956805843498e-12,5.7895277937149506e-6,0.00007245081692533724
L48T16beta4.405ms0.021032m0.000760,4.405,241.6,48,16,3859,3.2719434867665508e-12,5.789612385415782e-6,0.00007245187551561416
L48T16beta4.405ms0.021032m0.000760,4.405,241.6,48,16,3860,3.2719426551125455e-12,5.789610913827306e-6,0.00007245185709998666
L48T16beta4.405ms0.021032m0.000760,4.405,241.6,48,16,3861,3.2719367574074222e-12,5.789600478003226e-6,0.00007245172650488342
L48T16beta4.405ms0.021032m0.000760,4.405,241.6,48,16,3862,3.2717488428039667e-12,5.789267968374021e-6,0.00007244756544112661
L48T16beta4.405ms0.021032m0.000760,4.405,241.6,48,16,3863,3.2716921242602087e-12,5.78916760649896e-6,0.00007244630950107496
L48T16beta4.405ms0.021032m0.000760,4.405,241.6,48,16,3864,3.271920521029903e-12,5.7895717481878245e-6,0.00007245136697666798
L48T16beta4.405ms0.021032m0.000760,4.405,241.6,48,16,3865,3.2719300580914935e-12,5.789588623751271e-6,0.00007245157815941058
L48T16beta4.405ms0.021032m0.000760,4.405,241.6,48,16,3866,3.27190121234477e-12,5.789537582010125e-6,0.00007245093941718926
L48T16beta4.405ms0.021032m0.000760,4.405,241.6,48,16,3867,3.2714336868185304e-12,5.788710308682159e-6,0.00007244058682358105
L48T16beta4.405ms0.021032m0.000760,4.405,241.6,48,16,3868,3.2718200406215693e-12,5.7893939509187295e-6,0.00007244914200118603
L48T16beta4.405ms0.021032m0.000760,4.405,241.6,48,16,3869,3.2714543914933698e-12,5.788746945024556e-6,0.00007244104529498501
L48T16beta4.405ms0.021032m0.000760,4.405,241.6,48,16,3870,3.271138993322685e-12,5.788188856792678e-6,0.00007243406131464038
L48T16beta4.405ms0.021032m0.000760,4.405,241.6,48,16,3871,3.271634322837767e-12,5.7890653285003896e-6,0.00007244502958243324
L48T16beta4.405ms0.021032m0.000760,4.405,241.6,48,16,3872,3.271644643391599e-12,5.7890835904314195e-6,0.00007244525811433928
L48T16beta4.405ms0.021032m0.000760,4.405,241.6,48,16,3873,3.2713484641470246e-12,5.788559509551164e-6,0.00007243869970590557
L48T16beta4.405ms0.021032m0.000760,4.405,241.6,48,16,3874,3.271681523973746e-12,5.789148849588872e-6,0.00007244607477494404
L48T16beta4.405ms0.021032m0.000760,4.405,241.6,48,16,3875,3.271677606221372e-12,5.789141917235743e-6,0.00007244598802267939
L48T16beta4.405ms0.021032m0.000760,4.405,241.6,48,16,3876,3.271929074659772e-12,5.789586883596376e-6,0.000072451556382912
L48T16beta4.405ms0.021032m0.000760,4.405,241.6,48,16,3877,3.2716364971184032e-12,5.789069175829095e-6,0.00007244507772834732
L48T16beta4.405ms0.021032m0.000760,4.405,241.6,48,16,3878,3.271738945329857e-12,5.789250455070713e-6,0.00007244734627763403
L48T16beta4.405ms0.021032m0.000760,4.405,241.6,48,16,3879,3.2717019989967776e-12,5.789185079568826e-6,0.00007244652816108163
L48T16beta4.405ms0.021032m0.000760,4.405,241.6,48,16,3880,3.2719551139878177e-12,5.789632959458252e-6,0.00007245213298154878
L48T16beta4.405ms0.021032m0.000760,4.405,241.6,48,16,3881,3.271942027183199e-12,5.789609802723909e-6,0.0000724518431955109
L48T16beta4.405ms0.021032m0.000760,4.405,241.6,48,16,3882,3.271730951853464e-12,5.789236310838053e-6,0.00007244716927507915
L48T16beta4.405ms0.021032m0.000760,4.405,241.6,48,16,3883,3.271771370254004e-12,5.789307830066093e-6,0.00007244806427492748
L48T16beta4.405ms0.021032m0.000760,4.405,241.6,48,16,3884,3.2719139239137933e-12,5.789560074775588e-6,0.00007245122089424415
L48T16beta4.405ms0.021032m0.000760,4.405,241.6,48,16,3885,3.27183059908578e-12,5.789412633825514e-6,0.0000724493758012311
L48T16beta4.405ms0.021032m0.000760,4.405,241.6,48,16,3886,3.2658939680075493e-12,5.778907931358254e-6,0.00007231791874593607
L48T16beta4.405ms0.021032m0.000760,4.405,241.6,48,16,3887,3.271723483087512e-12,5.789223095065826e-6,0.00007244700389138497
L48T16beta4.405ms0.021032m0.000760,4.405,241.6,48,16,3888,3.2719110059117598e-12,5.789554911452693e-6,0.00007245115627982739
L48T16beta4.405ms0.021032m0.000760,4.405,241.6,48,16,3889,3.269727057850462e-12,5.785690476508773e-6,0.00007240279629631617
L48T16beta4.405ms0.021032m0.000760,4.405,241.6,48,16,3890,3.271639240711059e-12,5.789074030539479e-6,0.00007244513848075162
L48T16beta4.405ms0.021032m0.000760,4.405,241.6,48,16,3891,3.2708874330473847e-12,5.787743727929222e-6,0.00007242849092082875
L48T16beta4.405ms0.021032m0.000760,4.405,241.6,48,16,3892,3.2719505979919548e-12,5.78962496853002e-6,0.0000724520329821535
L48T16beta4.405ms0.021032m0.000760,4.405,241.6,48,16,3893,3.2717220162646755e-12,5.789220499563888e-6,0.00007244697141097509
L48T16beta4.405ms0.021032m0.000760,4.405,241.6,48,16,3894,3.2719338947934025e-12,5.7895954126878715e-6,0.00007245166311694429
L48T16beta4.405ms0.021032m0.000760,4.405,241.6,48,16,3895,3.271272741227955e-12,5.788425519966112e-6,0.00007243702294482205
L48T16beta4.405ms0.021032m0.000760,4.405,241.6,48,16,3896,3.271948542084173e-12,5.789621330658766e-6,0.00007245198745741406
L48T16beta4.405ms0.021032m0.000760,4.405,241.6,48,16,3897,3.2718817504657877e-12,5.789503144760198e-6,0.0000724505084654815
L48T16beta4.405ms0.021032m0.000760,4.405,241.6,48,16,3898,3.2719049666197854e-12,5.789544225094645e-6,0.00007245102254951327
L48T16beta4.405ms0.021032m0.000760,4.405,241.6,48,16,3899,3.2717896876988303e-12,5.789340242271825e-6,0.00007244846988499922
L48T16beta4.405ms0.021032m0.000760,4.405,241.6,48,16,3900,3.271814249219081e-12,5.7893837031941855e-6,0.00007244901375998204
L48T16beta4.405ms0.021032m0.000760,4.405,241.6,48,16,3901,3.2719121333258475e-12,5.789556906380354e-6,0.00007245118124458167
L48T16beta4.405ms0.021032m0.000760,4.405,241.6,48,16,3902,3.2719203921882508e-12,5.7895715202061285e-6,0.0000724513641236788
L48T16beta4.405ms0.021032m0.000760,4.405,241.6,48,16,3903,3.2717404764742582e-12,5.789253164387859e-6,0.00007244738018234052
L48T16beta4.405ms0.021032m0.000760,4.405,241.6,48,16,3904,3.2719352106061465e-12,5.789597740981679e-6,0.0000724516922534809
L48T16beta4.405ms0.021032m0.000760,4.405,241.6,48,16,3905,3.271925154008957e-12,5.789579946114537e-6,0.00007245146956646606
L48T16beta4.405ms0.021032m0.000760,4.405,241.6,48,16,3906,3.2719522760965722e-12,5.789627937889154e-6,0.00007245207014105533
L48T16beta4.405ms0.021032m0.000760,4.405,241.6,48,16,3907,3.2718182301945237e-12,5.789390747418764e-6,0.0000724491019122189
L48T16beta4.405ms0.021032m0.000760,4.405,241.6,48,16,3908,3.271818174674161e-12,5.789390649177037e-6,0.00007244910068281062
L48T16beta4.405ms0.021032m0.000760,4.405,241.6,48,16,3909,3.2714024024242472e-12,5.7886549518224376e-6,0.00007243989408146941
L48T16beta4.405ms0.021032m0.000760,4.405,241.6,48,16,3910,3.271360964791609e-12,5.788581629091738e-6,0.00007243897651238129
L48T16beta4.405ms0.021032m0.000760,4.405,241.6,48,16,3911,3.2717851466890256e-12,5.7893322070821235e-6,0.0000724483693317108
L48T16beta4.405ms0.021032m0.000760,4.405,241.6,48,16,3912,3.2716892938996154e-12,5.78916259825514e-6,0.00007244624682733557
L48T16beta4.405ms0.021032m0.000760,4.405,241.6,48,16,3913,3.2707383141146304e-12,5.787479866153043e-6,0.000072425188924203
L48T16beta4.405ms0.021032m0.000760,4.405,241.6,48,16,3914,3.271961066220687e-12,5.7896434917676515e-6,0.00007245226478408041
L48T16beta4.405ms0.021032m0.000760,4.405,241.6,48,16,3915,3.2715257697157553e-12,5.788873246790477e-6,0.00007244262584981541
L48T16beta4.405ms0.021032m0.000760,4.405,241.6,48,16,3916,3.2703734227103417e-12,5.786834201030114e-6,0.00007241710899656758
L48T16beta4.405ms0.021032m0.000760,4.405,241.6,48,16,3917,3.271580859865142e-12,5.7889707272672924e-6,0.0000724438457317179
L48T16beta4.405ms0.021032m0.000760,4.405,241.6,48,16,3918,3.2716684230607347e-12,5.789125667890124e-6,0.00007244578467649873
L48T16beta4.405ms0.021032m0.000760,4.405,241.6,48,16,3919,3.2717181178352405e-12,5.789213601402159e-6,0.00007244688508658554
L48T16beta4.405ms0.021032m0.000760,4.405,241.6,48,16,3920,3.2718303624591854e-12,5.78941221512138e-6,0.00007244937056151939
L48T16beta4.405ms0.021032m0.000760,4.405,241.6,48,16,3921,3.2719529806824005e-12,5.789629184634049e-6,0.00007245208574296438
L48T16beta4.405ms0.021032m0.000760,4.405,241.6,48,16,3922,3.2719318229243438e-12,5.789591746573584e-6,0.00007245161723876829
L48T16beta4.405ms0.021032m0.000760,4.405,241.6,48,16,3923,3.2715779519480945e-12,5.788965581789499e-6,0.00007244378134061678
L48T16beta4.405ms0.021032m0.000760,4.405,241.6,48,16,3924,3.2717364160233022e-12,5.789245979533585e-6,0.00007244729027024747
L48T16beta4.405ms0.021032m0.000760,4.405,241.6,48,16,3925,3.2719403206103335e-12,5.789606782991008e-6,0.00007245180540622597
L48T16beta4.405ms0.021032m0.000760,4.405,241.6,48,16,3926,3.271834834078463e-12,5.789420127526486e-6,0.00007244946957826726
L48T16beta4.405ms0.021032m0.000760,4.405,241.6,48,16,3927,3.2719332749505736e-12,5.789594315893341e-6,0.00007245164939153134
L48T16beta4.405ms0.021032m0.000760,4.405,241.6,48,16,3928,3.271811137087684e-12,5.789378196364818e-6,0.00007244894484688574
L48T16beta4.405ms0.021032m0.000760,4.405,241.6,48,16,3929,3.2718188593282452e-12,5.789391860653269e-6,0.00007244911584336356
L48T16beta4.405ms0.021032m0.000760,4.405,241.6,48,16,3930,3.271872367537724e-12,5.789486541931711e-6,0.00007245030069577557
L48T16beta4.405ms0.021032m0.000760,4.405,241.6,48,16,3931,3.2713749445542428e-12,5.788606365890285e-6,0.0000724392860715244
L48T16beta4.405ms0.021032m0.000760,4.405,241.6,48,16,3932,3.2719197649338836e-12,5.789570410297089e-6,0.00007245135023414938
L48T16beta4.405ms0.021032m0.000760,4.405,241.6,48,16,3933,3.2718804896704806e-12,5.789500913818205e-6,0.0000724504805472167
L48T16beta4.405ms0.021032m0.000760,4.405,241.6,48,16,3934,3.27195423758665e-12,5.789631408690925e-6,0.00007245211357506803
L48T16beta4.405ms0.021032m0.000760,4.405,241.6,48,16,3935,3.2719555860101625e-12,5.789633794688574e-6,0.00007245214343371712
L48T16beta4.405ms0.021032m0.000760,4.405,241.6,48,16,3936,3.271943344067969e-12,5.789612132914637e-6,0.00007245187235578578
L48T16beta4.405ms0.021032m0.000760,4.405,241.6,48,16,3937,3.271581453251426e-12,5.7889717772477076e-6,0.00007244385887129364
L48T16beta4.405ms0.021032m0.000760,4.405,241.6,48,16,3938,3.220323098091344e-12,5.698271553025887e-6,0.00007130882582985699
L48T16beta4.405ms0.021032m0.000760,4.405,241.6,48,16,3939,3.271925978741115e-12,5.789581405454998e-6,0.0000724514878288205
L48T16beta4.405ms0.021032m0.000760,4.405,241.6,48,16,3940,3.271505085912337e-12,5.788836647379475e-6,0.00007244216784057519
L48T16beta4.405ms0.021032m0.000760,4.405,241.6,48,16,3941,3.271422116573464e-12,5.788689835457481e-6,0.00007244033061929189
L48T16beta4.405ms0.021032m0.000760,4.405,241.6,48,16,3942,3.2719325844863727e-12,5.789593094136271e-6,0.0000724516341023228
L48T16beta4.405ms0.021032m0.000760,4.405,241.6,48,16,3943,3.2719570793292485e-12,5.789636437074884e-6,0.00007245217650084343
L48T16beta4.405ms0.021032m0.000760,4.405,241.6,48,16,3944,3.2719492757602892e-12,5.7896226288781105e-6,0.0000724520037034803
L48T16beta4.405ms0.021032m0.000760,4.405,241.6,48,16,3945,3.2719495426021374e-12,5.789623101047289e-6,0.00007245200961225972
L48T16beta4.405ms0.021032m0.000760,4.405,241.6,48,16,3946,3.271666804314598e-12,5.78912280356416e-6,0.00007244574883199407
L48T16beta4.405ms0.021032m0.000760,4.405,241.6,48,16,3947,3.2712736367005987e-12,5.788427104479882e-6,0.00007243704277360967
L48T16beta4.405ms0.021032m0.000760,4.405,241.6,48,16,3948,3.270049702454185e-12,5.786261387101012e-6,0.00007240994073715363
L48T16beta4.405ms0.021032m0.000760,4.405,241.6,48,16,3949,3.271909684434483e-12,5.789552573135653e-6,0.00007245112701785892
L48T16beta4.405ms0.021032m0.000760,4.405,241.6,48,16,3950,3.271752244223585e-12,5.7892739870907955e-6,0.00007244764076004083
L48T16beta4.405ms0.021032m0.000760,4.405,241.6,48,16,3951,3.27176345193855e-12,5.78929381882861e-6,0.00007244788893668958
L48T16beta4.405ms0.021032m0.000760,4.405,241.6,48,16,3952,3.2702112956411536e-12,5.786547321720743e-6,0.00007241351895588319
L48T16beta4.405ms0.021032m0.000760,4.405,241.6,48,16,3953,3.270908416594587e-12,5.787780857728457e-6,0.00007242895556740835
L48T16beta4.405ms0.021032m0.000760,4.405,241.6,48,16,3954,3.2715981376432e-12,5.7890012998117885e-6,0.00007244422832005726
L48T16beta4.405ms0.021032m0.000760,4.405,241.6,48,16,3955,3.2718308865740564e-12,5.789413142527969e-6,0.00007244938216719215
L48T16beta4.405ms0.021032m0.000760,4.405,241.6,48,16,3956,3.2714556626648305e-12,5.788749194326863e-6,0.00007244107344301288
L48T16beta4.405ms0.021032m0.000760,4.405,241.6,48,16,3957,3.2711697728853317e-12,5.788243320366954e-6,0.00007243474287807518
L48T16beta4.405ms0.021032m0.000760,4.405,241.6,48,16,3958,3.2719512150025173e-12,5.789626060312934e-6,0.00007245204664485049
L48T16beta4.405ms0.021032m0.000760,4.405,241.6,48,16,3959,3.271951243378121e-12,5.789626110522771e-6,0.00007245204727318216
L48T16beta4.405ms0.021032m0.000760,4.405,241.6,48,16,3960,3.271954022479986e-12,5.789631028065706e-6,0.00007245210881188023
L48T16beta4.405ms0.021032m0.000760,4.405,241.6,48,16,3961,3.271329167188004e-12,5.788525364122492e-6,0.00007243827240608257
L48T16beta4.405ms0.021032m0.000760,4.405,241.6,48,16,3962,3.2716480714927552e-12,5.7890896563604285e-6,0.00007244533402407282
L48T16beta4.405ms0.021032m0.000760,4.405,241.6,48,16,3963,3.2716144567387805e-12,5.7890301759944834e-6,0.00007244458967992986
L48T16beta4.405ms0.021032m0.000760,4.405,241.6,48,16,3964,3.271695249798549e-12,5.789173137051538e-6,0.00007244637871104624
L48T16beta4.405ms0.021032m0.000760,4.405,241.6,48,16,3965,3.271960585833892e-12,5.789642641736668e-6,0.00007245225414669488
L48T16beta4.405ms0.021032m0.000760,4.405,241.6,48,16,3966,3.271940213050384e-12,5.789606592666689e-6,0.00007245180302448553
L48T16beta4.405ms0.021032m0.000760,4.405,241.6,48,16,3967,3.2716734358017165e-12,5.789134537794935e-6,0.00007244589567550806
L48T16beta4.405ms0.021032m0.000760,4.405,241.6,48,16,3968,3.2716761184741745e-12,5.7891392847087345e-6,0.0000724459550789335
L48T16beta4.405ms0.021032m0.000760,4.405,241.6,48,16,3969,3.271891724344916e-12,5.789520793260047e-6,0.00007245072932083915
L48T16beta4.405ms0.021032m0.000760,4.405,241.6,48,16,3970,3.271775073759982e-12,5.789314383316223e-6,0.0000724481462830536
L48T16beta4.405ms0.021032m0.000760,4.405,241.6,48,16,3971,3.2718350550084783e-12,5.789420518455962e-6,0.00007244947447040369
L48T16beta4.405ms0.021032m0.000760,4.405,241.6,48,16,3972,3.2719559878611215e-12,5.789634505752594e-6,0.00007245215233205408
L48T16beta4.405ms0.021032m0.000760,4.405,241.6,48,16,3973,3.2713610432745055e-12,5.788581767965026e-6,0.0000724389782502576
L48T16beta4.405ms0.021032m0.000760,4.405,241.6,48,16,3974,3.2719494978814448e-12,5.789623021915276e-6,0.00007245200862199262
L48T16beta4.405ms0.021032m0.000760,4.405,241.6,48,16,3975,3.2719531385878707e-12,5.789629464043357e-6,0.00007245208923952461
L48T16beta4.405ms0.021032m0.000760,4.405,241.6,48,16,3976,3.271925518008131e-12,5.789580590200884e-6,0.00007245147762663672
L48T16beta4.405ms0.021032m0.000760,4.405,241.6,48,16,3977,3.2715024577411554e-12,5.788831996904158e-6,0.00007244210964399201
L48T16beta4.405ms0.021032m0.000760,4.405,241.6,48,16,3978,3.271188185925767e-12,5.788275901726439e-6,0.00007243515060495644
L48T16beta4.405ms0.021032m0.000760,4.405,241.6,48,16,3979,3.271563781073652e-12,5.788940506823957e-6,0.000072443467549613
L48T16beta4.405ms0.021032m0.000760,4.405,241.6,48,16,3980,3.2719356210068443e-12,5.789598467174223e-6,0.00007245170134113793
L48T16beta4.405ms0.021032m0.000760,4.405,241.6,48,16,3981,3.271633054723566e-12,5.789063084607818e-6,0.00007244500150210343
L48T16beta4.405ms0.021032m0.000760,4.405,241.6,48,16,3982,3.2716509704100776e-12,5.789094785913461e-6,0.00007244539821588965
L48T16beta4.405ms0.021032m0.000760,4.405,241.6,48,16,3983,3.2719508785716186e-12,5.789625465007879e-6,0.00007245203919513454
L48T16beta4.405ms0.021032m0.000760,4.405,241.6,48,16,3984,3.2718418169783754e-12,5.78943248357236e-6,0.00007244962420324695
L48T16beta4.405ms0.021032m0.000760,4.405,241.6,48,16,3985,3.271816514913101e-12,5.789387712276314e-6,0.00007244906393009707
L48T16beta4.405ms0.021032m0.000760,4.405,241.6,48,16,3986,3.2718512737306546e-12,5.789449217030729e-6,0.00007244983360767025
L48T16beta4.405ms0.021032m0.000760,4.405,241.6,48,16,3987,3.2719575189922877e-12,5.789637215046321e-6,0.0000724521862364675
L48T16beta4.405ms0.021032m0.000760,4.405,241.6,48,16,3988,3.2719437032496433e-12,5.789612768476553e-6,0.00007245188030928071
L48T16beta4.405ms0.021032m0.000760,4.405,241.6,48,16,3989,3.2719268333047144e-12,5.7895829175813596e-6,0.00007245150675174377
L48T16beta4.405ms0.021032m0.000760,4.405,241.6,48,16,3990,3.27195070066823e-12,5.789625150212814e-6,0.00007245203525575287
L48T16beta4.405ms0.021032m0.000760,4.405,241.6,48,16,3991,3.271958346080256e-12,5.789638678555323e-6,0.00007245220455098753
L48T16beta4.405ms0.021032m0.000760,4.405,241.6,48,16,3992,3.271941148743858e-12,5.789608248350092e-6,0.00007245182374389813
L48T16beta4.405ms0.021032m0.000760,4.405,241.6,48,16,3993,3.271961081943736e-12,5.789643519589147e-6,0.0000724522651322418
L48T16beta4.405ms0.021032m0.000760,4.405,241.6,48,16,3994,3.271875625954358e-12,5.78949230760871e-6,0.0000724503728481209
L48T16beta4.405ms0.021032m0.000760,4.405,241.6,48,16,3995,3.271956051229774e-12,5.7896346178816505e-6,0.00007245215373525
L48T16beta4.405ms0.021032m0.000760,4.405,241.6,48,16,3996,3.2719441627253125e-12,5.789613581505884e-6,0.00007245189048362331
L48T16beta4.405ms0.021032m0.000760,4.405,241.6,48,16,3997,3.2719195940052818e-12,5.789570107843714e-6,0.00007245134644921306
L48T16beta4.405ms0.021032m0.000760,4.405,241.6,48,16,3998,3.2717829416505056e-12,5.7893283053282035e-6,0.00007244832050471333
L48T16beta4.405ms0.021032m0.000760,4.405,241.6,48,16,3999,3.2719494014388028e-12,5.789622851262721e-6,0.0000724520064864269
L48T16beta4.405ms0.021032m0.000760,4.405,241.6,48,16,4000,3.271847292596393e-12,5.789442172525125e-6,0.00007244974545191662
L48T16beta4.405ms0.021032m0.000760,4.405,241.6,48,16,4001,3.271941021953614e-12,5.789608023998305e-6,0.00007245182093633405
L48T16beta4.405ms0.021032m0.000760,4.405,241.6,48,16,4002,3.271730504156847e-12,5.789235518651424e-6,0.00007244715936156453
L48T16beta4.405ms0.021032m0.000760,4.405,241.6,48,16,4003,3.2712598856500957e-12,5.788402772381046e-6,0.00007243673827892532
L48T16beta4.405ms0.021032m0.000760,4.405,241.6,48,16,4004,3.271728382696656e-12,5.789231764787017e-6,0.00007244711238527344
L48T16beta4.405ms0.021032m0.000760,4.405,241.6,48,16,4005,3.2718457542786818e-12,5.789439450515008e-6,0.00007244971138836882
L48T16beta4.405ms0.021032m0.000760,4.405,241.6,48,16,4006,3.2707043544594275e-12,5.787419775494032e-6,0.0000724244369427824
L48T16beta4.405ms0.021032m0.000760,4.405,241.6,48,16,4007,3.271856645481257e-12,5.789458722193011e-6,0.00007244995255636468
L48T16beta4.405ms0.021032m0.000760,4.405,241.6,48,16,4008,3.2719183362010598e-12,5.789567882194362e-6,0.00007245131859718099
L48T16beta4.405ms0.021032m0.000760,4.405,241.6,48,16,4009,3.2705909793376655e-12,5.787219161390578e-6,0.00007242192643481008
L48T16beta4.405ms0.021032m0.000760,4.405,241.6,48,16,4010,3.2718936630709834e-12,5.789524223781539e-6,0.00007245077225077979
L48T16beta4.405ms0.021032m0.000760,4.405,241.6,48,16,4011,3.271668329715057e-12,5.789125502717561e-6,0.00007244578260951028
L48T16beta4.405ms0.021032m0.000760,4.405,241.6,48,16,4012,3.2719141830529356e-12,5.789560533315044e-6,0.00007245122663245968
L48T16beta4.405ms0.021032m0.000760,4.405,241.6,48,16,4013,3.2718732423771745e-12,5.789488089935624e-6,0.00007245032006767463
L48T16beta4.405ms0.021032m0.000760,4.405,241.6,48,16,4014,3.2719576368225116e-12,5.789637423543603e-6,0.00007245218884562648
L48T16beta4.405ms0.021032m0.000760,4.405,241.6,48,16,4015,3.271950421319411e-12,5.7896246559129005e-6,0.0000724520290700269
L48T16beta4.405ms0.021032m0.000760,4.405,241.6,48,16,4016,3.2719341368992416e-12,5.789595841087375e-6,0.00007245166847798496
L48T16beta4.405ms0.021032m0.000760,4.405,241.6,48,16,4017,3.271332981695003e-12,5.78853211378582e-6,0.00007243835687214604
L48T16beta4.405ms0.021032m0.000760,4.405,241.6,48,16,4018,3.2719520665882667e-12,5.789627567170073e-6,0.0000724520655018341
L48T16beta4.405ms0.021032m0.000760,4.405,241.6,48,16,4019,3.2719313287600284e-12,5.789590872163665e-6,0.00007245160629630196
L48T16beta4.405ms0.021032m0.000760,4.405,241.6,48,16,4020,3.2718993147395053e-12,5.789534224250742e-6,0.000072450897397802
L48T16beta4.405ms0.021032m0.000760,4.405,241.6,48,16,4021,3.2719307484365804e-12,5.789589845297573e-6,0.00007245159344598153
L48T16beta4.405ms0.021032m0.000760,4.405,241.6,48,16,4022,3.2719283087302294e-12,5.7895855283054964e-6,0.000072451539422646
L48T16beta4.405ms0.021032m0.000760,4.405,241.6,48,16,4023,3.271951589629308e-12,5.789626723204551e-6,0.00007245205494035246
L48T16beta4.405ms0.021032m0.000760,4.405,241.6,48,16,4024,3.271740621568355e-12,5.7892534211278004e-6,0.00007244738339521368
L48T16beta4.405ms0.021032m0.000760,4.405,241.6,48,16,4025,3.2641772991447223e-12,5.77587033387221e-6,0.00007227990590150457
L48T16beta4.405ms0.021032m0.000760,4.405,241.6,48,16,4026,3.2715135515698936e-12,5.788851627123483e-6,0.0000724423552988152
L48T16beta4.405ms0.021032m0.000760,4.405,241.6,48,16,4027,3.2717229192150322e-12,5.7892220973092615e-6,0.00007244699140534451
L48T16beta4.405ms0.021032m0.000760,4.405,241.6,48,16,4028,3.271963514556186e-12,5.789647824028764e-6,0.0000724523189984944
L48T16beta4.405ms0.021032m0.000760,4.405,241.6,48,16,4029,3.2707802334707875e-12,5.787554041280021e-6,0.00007242611716027622
L48T16beta4.405ms0.021032m0.000760,4.405,241.6,48,16,4030,3.271465238173776e-12,5.7887661379218275e-6,0.00007244128547710972
L48T16beta4.405ms0.021032m0.000760,4.405,241.6,48,16,4031,3.2716625007387164e-12,5.789115188507138e-6,0.00007244565353629434
L48T16beta4.405ms0.021032m0.000760,4.405,241.6,48,16,4032,3.2718489469311485e-12,5.789445099824153e-6,0.00007244978208447346
L48T16beta4.405ms0.021032m0.000760,4.405,241.6,48,16,4033,3.2714281706355755e-12,5.788700547950873e-6,0.00007244046467666672
L48T16beta4.405ms0.021032m0.000760,4.405,241.6,48,16,4034,3.271754839611945e-12,5.789278579557827e-6,0.00007244769823070164
L48T16beta4.405ms0.021032m0.000760,4.405,241.6,48,16,4035,3.271753709947926e-12,5.789276580648976e-6,0.0000724476732161263
L48T16beta4.405ms0.021032m0.000760,4.405,241.6,48,16,4036,3.2718146374248686e-12,5.789384390113457e-6,0.00007244902235616883
L48T16beta4.405ms0.021032m0.000760,4.405,241.6,48,16,4037,3.271934408267422e-12,5.789596321265772e-6,0.00007245167448699267
L48T16beta4.405ms0.021032m0.000760,4.405,241.6,48,16,4038,3.271784617108145e-12,5.789331270003584e-6,0.00007244835760500214
L48T16beta4.405ms0.021032m0.000760,4.405,241.6,48,16,4039,3.271648557213211e-12,5.789090515829175e-6,0.00007244534477956358
L48T16beta4.405ms0.021032m0.000760,4.405,241.6,48,16,4040,3.271904976135671e-12,5.789544241932738e-6,0.0000724510227602271
L48T16beta4.405ms0.021032m0.000760,4.405,241.6,48,16,4041,3.2718178980252595e-12,5.789390159654552e-6,0.00007244909455686991
L48T16beta4.405ms0.021032m0.000760,4.405,241.6,48,16,4042,3.2711721945128232e-12,5.788247605368994e-6,0.00007243479650108372
L48T16beta4.405ms0.021032m0.000760,4.405,241.6,48,16,4043,3.271136851732227e-12,5.788185067308327e-6,0.00007243401389259721
L48T16beta4.405ms0.021032m0.000760,4.405,241.6,48,16,4044,3.2717624132246938e-12,5.789291980853525e-6,0.00007244786593605789
L48T16beta4.405ms0.021032m0.000760,4.405,241.6,48,16,4045,3.2718510632032625e-12,5.789448844508403e-6,0.000072449828945883
L48T16beta4.405ms0.021032m0.000760,4.405,241.6,48,16,4046,3.271877877566455e-12,5.78949629177327e-6,0.0000724504227064146
L48T16beta4.405ms0.021032m0.000760,4.405,241.6,48,16,4047,3.271937555484512e-12,5.789601890178291e-6,0.00007245174417700466
L48T16beta4.405ms0.021032m0.000760,4.405,241.6,48,16,4048,3.271953815896591e-12,5.789630662522173e-6,0.00007245210423742642
L48T16beta4.405ms0.021032m0.000760,4.405,241.6,48,16,4049,3.2719282875808755e-12,5.789585490882307e-6,0.00007245153895432789
L48T16beta4.405ms0.021032m0.000760,4.405,241.6,48,16,4050,3.2719501344399395e-12,5.789624148287709e-6,0.00007245202271754683
L48T16beta4.405ms0.021032m0.000760,4.405,241.6,48,16,4051,3.271896841337125e-12,5.789529847634485e-6,0.00007245084262832263
L48T16beta4.405ms0.021032m0.000760,4.405,241.6,48,16,4052,3.2719408530234804e-12,5.789607725081164e-6,0.00007245181719565056
L48T16beta4.405ms0.021032m0.000760,4.405,241.6,48,16,4053,3.2717990100508035e-12,5.789356737912615e-6,0.00007244867631334599
L48T16beta4.405ms0.021032m0.000760,4.405,241.6,48,16,4054,3.271725640228966e-12,5.789226912067229e-6,0.00007244705165777969
L48T16beta4.405ms0.021032m0.000760,4.405,241.6,48,16,4055,3.2719618688108743e-12,5.789644911928515e-6,0.00007245228255613686
L48T16beta4.405ms0.021032m0.000760,4.405,241.6,48,16,4056,3.271648743348701e-12,5.789090845190713e-6,0.00007244534890123177
L48T16beta4.405ms0.021032m0.000760,4.405,241.6,48,16,4057,3.2718717433935557e-12,5.789485437526082e-6,0.00007245028687511645
L48T16beta4.405ms0.021032m0.000760,4.405,241.6,48,16,4058,3.271904354664951e-12,5.7895431422577e-6,0.00007245100899876715
L48T16beta4.405ms0.021032m0.000760,4.405,241.6,48,16,4059,3.2719426512876623e-12,5.7896109070592824e-6,0.00007245185701529083
L48T16beta4.405ms0.021032m0.000760,4.405,241.6,48,16,4060,3.2719159463902433e-12,5.789563653491037e-6,0.00007245126567870105
L48T16beta4.405ms0.021032m0.000760,4.405,241.6,48,16,4061,3.2719387782559808e-12,5.789604053838167e-6,0.0000724517712532933
L48T16beta4.405ms0.021032m0.000760,4.405,241.6,48,16,4062,3.271306259340764e-12,5.788484829328221e-6,0.00007243776514900332
L48T16beta4.405ms0.021032m0.000760,4.405,241.6,48,16,4063,3.2716247620327844e-12,5.789048410923675e-6,0.00007244481787393177
L48T16beta4.405ms0.021032m0.000760,4.405,241.6,48,16,4064,3.2718514154895592e-12,5.789449467869141e-6,0.000072449836746691
L48T16beta4.405ms0.021032m0.000760,4.405,241.6,48,16,4065,3.2719104397893486e-12,5.789553909714938e-6,0.00007245114374396587
L48T16beta4.405ms0.021032m0.000760,4.405,241.6,48,16,4066,3.2719707693801445e-12,5.789660661236623e-6,0.00007245247964479054
L48T16beta4.405ms0.021032m0.000760,4.405,241.6,48,16,4067,3.2719035214624634e-12,5.789541667929228e-6,0.00007245099054885102
L48T16beta4.405ms0.021032m0.000760,4.405,241.6,48,16,4068,3.2719134036238054e-12,5.789559154137022e-6,0.00007245120937326723
L48T16beta4.405ms0.021032m0.000760,4.405,241.6,48,16,4069,3.2718581637481104e-12,5.7894614087236965e-6,0.00007244998617591876
L48T16beta4.405ms0.021032m0.000760,4.405,241.6,48,16,4070,3.2719805554958913e-12,5.789677977494426e-6,0.00007245269634243302
L48T16beta4.405ms0.021032m0.000760,4.405,241.6,48,16,4071,3.271950164284616e-12,5.789624201097028e-6,0.00007245202337840872
L48T16beta4.405ms0.021032m0.000760,4.405,241.6,48,16,4072,3.271943192250548e-12,5.789611864277962e-6,0.00007245186899403552
L48T16beta4.405ms0.021032m0.000760,4.405,241.6,48,16,4073,3.2716537824138787e-12,5.789099761675451e-6,0.00007244546048314768
L48T16beta4.405ms0.021032m0.000760,4.405,241.6,48,16,4074,3.2708505531799216e-12,5.787678470036382e-6,0.0000724276742760495
L48T16beta4.405ms0.021032m0.000760,4.405,241.6,48,16,4075,3.2717002007723003e-12,5.789181897660964e-6,0.00007244648834232054
L48T16beta4.405ms0.021032m0.000760,4.405,241.6,48,16,4076,3.2717248570146573e-12,5.78922552619144e-6,0.00007244703431477061
L48T16beta4.405ms0.021032m0.000760,4.405,241.6,48,16,4077,3.271543987448922e-12,5.788905482559219e-6,0.00007244302925193434
L48T16beta4.405ms0.021032m0.000760,4.405,241.6,48,16,4078,3.2718604999179185e-12,5.789465542510759e-6,0.00007245003790660567
L48T16beta4.405ms0.021032m0.000760,4.405,241.6,48,16,4079,3.270898899769143e-12,5.787764017972305e-6,0.00007242874483276235
L48T16beta4.405ms0.021032m0.000760,4.405,241.6,48,16,4080,3.2717983943107904e-12,5.789355648377903e-6,0.00007244866267878323
L48T16beta4.405ms0.021032m0.000760,4.405,241.6,48,16,4081,3.2718961081506997e-12,5.789528550281635e-6,0.00007245082639309978
L48T16beta4.405ms0.021032m0.000760,4.405,241.6,48,16,4082,3.271653908105627e-12,5.78909998408348e-6,0.00007244546326638734
L48T16beta4.405ms0.021032m0.000760,4.405,241.6,48,16,4083,3.2711715661467253e-12,5.788246493492778e-6,0.00007243478258693684
L48T16beta4.405ms0.021032m0.000760,4.405,241.6,48,16,4084,3.2719589184363003e-12,5.789639691323317e-6,0.00007245221722488274
L48T16beta4.405ms0.021032m0.000760,4.405,241.6,48,16,4085,3.271920752799293e-12,5.789572158297271e-6,0.00007245137210882478
L48T16beta4.405ms0.021032m0.000760,4.405,241.6,48,16,4086,3.2715407675193474e-12,5.788899784983995e-6,0.00007244295795182245
L48T16beta4.405ms0.021032m0.000760,4.405,241.6,48,16,4087,3.271876400685102e-12,5.789493678473069e-6,0.00007245039000327521
L48T16beta4.405ms0.021032m0.000760,4.405,241.6,48,16,4088,3.2710244833355924e-12,5.787986234576797e-6,0.00007243152567691814
L48T16beta4.405ms0.021032m0.000760,4.405,241.6,48,16,4089,3.271257932537703e-12,5.7883993164033545e-6,0.00007243669503042286
L48T16beta4.405ms0.021032m0.000760,4.405,241.6,48,16,4090,3.2709181078955832e-12,5.787798006214213e-6,0.00007242917016553213
L48T16beta4.405ms0.021032m0.000760,4.405,241.6,48,16,4091,3.2705365572325764e-12,5.7871228629994415e-6,0.00007242072134566378
L48T16beta4.405ms0.021032m0.000760,4.405,241.6,48,16,4092,3.270677619730567e-12,5.787372469139886e-6,0.00007242384494562377
L48T16beta4.405ms0.021032m0.000760,4.405,241.6,48,16,4093,3.2718032549696536e-12,5.789364249177663e-6,0.000072448770310181
L48T16beta4.405ms0.021032m0.000760,4.405,241.6,48,16,4094,3.2719121660160253e-12,5.789556964224708e-6,0.00007245118196845257
L48T16beta4.405ms0.021032m0.000760,4.405,241.6,48,16,4095,3.2711205249604102e-12,5.788156177542747e-6,0.00007243365236274683
L48T16beta4.405ms0.021032m0.000760,4.405,241.6,48,16,4096,3.2714237600556098e-12,5.78869274355312e-6,0.00007244036701153532
L48T16beta4.405ms0.021032m0.000760,4.405,241.6,48,16,4097,3.271227443070606e-12,5.788345366145031e-6,0.00007243601989068294
L48T16beta4.405ms0.021032m0.000760,4.405,241.6,48,16,4098,3.271326694950294e-12,5.788520989567086e-6,0.0000724382176623929
L48T16beta4.405ms0.021032m0.000760,4.405,241.6,48,16,4099,3.2712867983749892e-12,5.788450393694189e-6,0.00007243733421751705
L48T16beta4.405ms0.021032m0.000760,4.405,241.6,48,16,4100,3.2719549623159806e-12,5.789632691079183e-6,0.00007245212962302223
L48T16beta4.405ms0.021032m0.000760,4.405,241.6,48,16,4101,3.2713196669723467e-12,5.788508553756892e-6,0.00007243806203923334
L48T16beta4.405ms0.021032m0.000760,4.405,241.6,48,16,4102,3.2710664003227043e-12,5.788060405511816e-6,0.00007243245386053271
L48T16beta4.405ms0.021032m0.000760,4.405,241.6,48,16,4103,3.271594452732242e-12,5.788994779465026e-6,0.00007244414672368767
L48T16beta4.405ms0.021032m0.000760,4.405,241.6,48,16,4104,3.270907697556259e-12,5.787779585410269e-6,0.00007242893964547215
L48T16beta4.405ms0.021032m0.000760,4.405,241.6,48,16,4105,3.2714175185874588e-12,5.788681699449988e-6,0.00007244022880435802
L48T16beta4.405ms0.021032m0.000760,4.405,241.6,48,16,4106,3.2715389956984753e-12,5.7888966497965724e-6,0.00007244291871772632
L48T16beta4.405ms0.021032m0.000760,4.405,241.6,48,16,4107,3.271955912514894e-12,5.789634372429554e-6,0.00007245215066363423
L48T16beta4.405ms0.021032m0.000760,4.405,241.6,48,16,4108,3.271387774893167e-12,5.788629068815762e-6,0.00007243957017854591
L48T16beta4.405ms0.021032m0.000760,4.405,241.6,48,16,4109,3.27188739607273e-12,5.789513134503606e-6,0.00007245063347827985
L48T16beta4.405ms0.021032m0.000760,4.405,241.6,48,16,4110,3.2719606135080465e-12,5.78964269070531e-6,0.0000724522547594941
L48T16beta4.405ms0.021032m0.000760,4.405,241.6,48,16,4111,3.2719658327927186e-12,5.789651926083397e-6,0.00007245237033207805
L48T16beta4.405ms0.021032m0.000760,4.405,241.6,48,16,4112,3.263528189249584e-12,5.77472175208784e-6,0.00007226553241690475
L48T16beta4.405ms0.021032m0.000760,4.405,241.6,48,16,4113,3.2719416564739356e-12,5.789609146764248e-6,0.00007245183498675624
L48T16beta4.405ms0.021032m0.000760,4.405,241.6,48,16,4114,3.271537170686581e-12,5.788893420489126e-6,0.0000724428783058014
L48T16beta4.405ms0.021032m0.000760,4.405,241.6,48,16,4115,3.271737949470574e-12,5.789248692925596e-6,0.00007244732422594728
L48T16beta4.405ms0.021032m0.000760,4.405,241.6,48,16,4116,3.2715716765986256e-12,5.788954477734323e-6,0.00007244364238319274
L48T16beta4.405ms0.021032m0.000760,4.405,241.6,48,16,4117,3.2716183091769735e-12,5.789036992775998e-6,0.00007244467498591803
L48T16beta4.405ms0.021032m0.000760,4.405,241.6,48,16,4118,3.2711587792182395e-12,5.788223867380857e-6,0.000072434499441169
L48T16beta4.405ms0.021032m0.000760,4.405,241.6,48,16,4119,3.271815882682415e-12,5.789386593561818e-6,0.00007244904993037515
L48T16beta4.405ms0.021032m0.000760,4.405,241.6,48,16,4120,3.27154885109887e-12,5.78891408865162e-6,0.00007244313694956482
L48T16beta4.405ms0.021032m0.000760,4.405,241.6,48,16,4121,3.271735628295896e-12,5.789244585671996e-6,0.00007244727282730318
L48T16beta4.405ms0.021032m0.000760,4.405,241.6,48,16,4122,3.2717596226349444e-12,5.7892870429831e-6,0.00007244780414297926
L48T16beta4.405ms0.021032m0.000760,4.405,241.6,48,16,4123,3.271932694455072e-12,5.789593288722805e-6,0.00007245163653740108
L48T16beta4.405ms0.021032m0.000760,4.405,241.6,48,16,4124,3.2719562021075176e-12,5.789634884855593e-6,0.00007245215707619263
L48T16beta4.405ms0.021032m0.000760,4.405,241.6,48,16,4125,3.271837016869133e-12,5.789423989913459e-6,0.00007244951791262222
L48T16beta4.405ms0.021032m0.000760,4.405,241.6,48,16,4126,3.271857198659946e-12,5.789459701027212e-6,0.00007244996480560848
L48T16beta4.405ms0.021032m0.000760,4.405,241.6,48,16,4127,3.2719092932376102e-12,5.789551880923741e-6,0.00007245111835543941
L48T16beta4.405ms0.021032m0.000760,4.405,241.6,48,16,4128,3.2716537818315436e-12,5.789099760645025e-6,0.0000724454604702528
L48T16beta4.405ms0.021032m0.000760,4.405,241.6,48,16,4129,3.265050446408908e-12,5.777415343508063e-6,0.00007229924032984891
L48T16beta4.405ms0.021032m0.000760,4.405,241.6,48,16,4130,3.2719510552176927e-12,5.789625777578161e-6,0.00007245204310667501
L48T16beta4.405ms0.021032m0.000760,4.405,241.6,48,16,4131,3.2708176235167826e-12,5.787620201919488e-6,0.00007242694510213063
L48T16beta4.405ms0.021032m0.000760,4.405,241.6,48,16,4132,3.2687283207200195e-12,5.783923239121094e-6,0.00007238068088431706
L48T16beta4.405ms0.021032m0.000760,4.405,241.6,48,16,4133,3.2685861761639087e-12,5.783671718309104e-6,0.00007237753332393706
L48T16beta4.405ms0.021032m0.000760,4.405,241.6,48,16,4134,3.2716640339345253e-12,5.789117901454192e-6,0.00007244568748642592
L48T16beta4.405ms0.021032m0.000760,4.405,241.6,48,16,4135,3.2702748938394488e-12,5.786659856951877e-6,0.00007241492723471336
L48T16beta4.405ms0.021032m0.000760,4.405,241.6,48,16,4136,3.2687519907248582e-12,5.783965122531896e-6,0.00007238120501813873
L48T16beta4.405ms0.021032m0.000760,4.405,241.6,48,16,4137,3.2669064245571084e-12,5.780699444873916e-6,0.00007234033795219385
L48T16beta4.405ms0.021032m0.000760,4.405,241.6,48,16,4138,3.270841307127088e-12,5.787662109404783e-6,0.00007242746953722329
L48T16beta4.405ms0.021032m0.000760,4.405,241.6,48,16,4139,3.2703504488739414e-12,5.786793549469871e-6,0.00007241660027826554
L48T16beta4.405ms0.021032m0.000760,4.405,241.6,48,16,4140,3.2716472418107485e-12,5.789088188261349e-6,0.00007244531565211201
L48T16beta4.405ms0.021032m0.000760,4.405,241.6,48,16,4141,3.271951649212782e-12,5.78962682863584e-6,0.00007245205625973173
L48T16beta4.405ms0.021032m0.000760,4.405,241.6,48,16,4142,3.271777776139191e-12,5.789319165100566e-6,0.00007244820612285306
L48T16beta4.405ms0.021032m0.000760,4.405,241.6,48,16,4143,3.2719392845037506e-12,5.7896049496294205e-6,0.00007245178246332811
L48T16beta4.405ms0.021032m0.000760,4.405,241.6,48,16,4144,3.2719485049603072e-12,5.789621264969125e-6,0.00007245198663536633
L48T16beta4.405ms0.021032m0.000760,4.405,241.6,48,16,4145,3.2719586697791908e-12,5.789639251331524e-6,0.00007245221171877483
L48T16beta4.405ms0.021032m0.000760,4.405,241.6,48,16,4146,3.271620796634807e-12,5.789041394262985e-6,0.00007244473006663261
L48T16beta4.405ms0.021032m0.000760,4.405,241.6,48,16,4147,3.2714226796518506e-12,5.7886908318089195e-6,0.00007244034308774843
L48T16beta4.405ms0.021032m0.000760,4.405,241.6,48,16,4148,3.2719443129677815e-12,5.789613847355726e-6,0.00007245189381049883
L48T16beta4.405ms0.021032m0.000760,4.405,241.6,48,16,4149,3.271927939715032e-12,5.789584875343437e-6,0.00007245153125140367
L48T16beta4.405ms0.021032m0.000760,4.405,241.6,48,16,4150,3.2719459740523306e-12,5.7896167865983256e-6,0.00007245193059251888
L48T16beta4.405ms0.021032m0.000760,4.405,241.6,48,16,4151,3.2719443766143665e-12,5.789613959976576e-6,0.00007245189521984911
L48T16beta4.405ms0.021032m0.000760,4.405,241.6,48,16,4152,3.271949365360493e-12,5.789622787423163e-6,0.00007245200568753133
L48T16beta4.405ms0.021032m0.000760,4.405,241.6,48,16,4153,3.2719457343420065e-12,5.789616362437619e-6,0.00007245192528452301
L48T16beta4.405ms0.021032m0.000760,4.405,241.6,48,16,4154,3.2719507072062654e-12,5.789625161781685e-6,0.00007245203540052705
L48T16beta4.405ms0.021032m0.000760,4.405,241.6,48,16,4155,3.271762988823286e-12,5.789292999359118e-6,0.00007244787868175406
L48T16beta4.405ms0.021032m0.000760,4.405,241.6,48,16,4156,3.2717274702436485e-12,5.789230150226969e-6,0.00007244709218048324
L48T16beta4.405ms0.021032m0.000760,4.405,241.6,48,16,4157,3.271897714694268e-12,5.789531393015496e-6,0.00007245086196739839
L48T16beta4.405ms0.021032m0.000760,4.405,241.6,48,16,4158,3.27194897362099e-12,5.78962209425108e-6,0.00007245199701309613
L48T16beta4.405ms0.021032m0.000760,4.405,241.6,48,16,4159,3.271923711710371e-12,5.789577394007574e-6,0.0000724514376291059
L48T16beta4.405ms0.021032m0.000760,4.405,241.6,48,16,4160,3.2711301112557908e-12,5.788173140224007e-6,0.00007243386463569177
L48T16beta4.405ms0.021032m0.000760,4.405,241.6,48,16,4161,3.2719194712649138e-12,5.7895698906580695e-6,0.0000724513437313269
L48T16beta4.405ms0.021032m0.000760,4.405,241.6,48,16,4162,3.271889416749235e-12,5.7895167100341025e-6,0.00007245067822287989
L48T16beta4.405ms0.021032m0.000760,4.405,241.6,48,16,4163,3.2718177930725833e-12,5.78938997394373e-6,0.00007244909223286333
L48T16beta4.405ms0.021032m0.000760,4.405,241.6,48,16,4164,3.2717732273075663e-12,5.789311116070374e-6,0.00007244810539636315
L48T16beta4.405ms0.021032m0.000760,4.405,241.6,48,16,4165,3.2718612250972354e-12,5.789466825695255e-6,0.0000724500539645241
L48T16beta4.405ms0.021032m0.000760,4.405,241.6,48,16,4166,3.2719555303839207e-12,5.789633696259497e-6,0.00007245214220196433
L48T16beta4.405ms0.021032m0.000760,4.405,241.6,48,16,4167,3.2719568862189714e-12,5.789636095371656e-6,0.00007245217222472992
L48T16beta4.405ms0.021032m0.000760,4.405,241.6,48,16,4168,3.2717628622845047e-12,5.789292775452287e-6,0.00007244787587975823
L48T16beta4.405ms0.021032m0.000760,4.405,241.6,48,16,4169,3.2719049006835644e-12,5.789544108422348e-6,0.00007245102108946271
L48T16beta4.405ms0.021032m0.000760,4.405,241.6,48,16,4170,3.2717900667196044e-12,5.789340912938472e-6,0.00007244847827779882
L48T16beta4.405ms0.021032m0.000760,4.405,241.6,48,16,4171,3.261868259735762e-12,5.771784553291158e-6,0.00007222877597322333
L48T16beta4.405ms0.021032m0.000760,4.405,241.6,48,16,4172,3.2719277341507236e-12,5.789584511603149e-6,0.00007245152669951584
L48T16beta4.405ms0.021032m0.000760,4.405,241.6,48,16,4173,3.271968163893564e-12,5.789656050901072e-6,0.00007245242195052102
L48T16beta4.405ms0.021032m0.000760,4.405,241.6,48,16,4174,3.271963098795358e-12,5.78964708835162e-6,0.00007245230979214599
L48T16beta4.405ms0.021032m0.000760,4.405,241.6,48,16,4175,3.2719531689884126e-12,5.7896295178362644e-6,0.00007245208991269525
L48T16beta4.405ms0.021032m0.000760,4.405,241.6,48,16,4176,3.2719563136908735e-12,5.789635082299217e-6,0.00007245215954702487
L48T16beta4.405ms0.021032m0.000760,4.405,241.6,48,16,4177,3.2715075833625123e-12,5.788841066547631e-6,0.00007244222314255394
L48T16beta4.405ms0.021032m0.000760,4.405,241.6,48,16,4178,3.2719528040495612e-12,5.789628872087185e-6,0.00007245208183171697
L48T16beta4.405ms0.021032m0.000760,4.405,241.6,48,16,4179,3.2715978460918126e-12,5.789000783919772e-6,0.0000724442218641252
L48T16beta4.405ms0.021032m0.000760,4.405,241.6,48,16,4180,3.2719185283848946e-12,5.789568222258276e-6,0.00007245132285277994
L48T16beta4.405ms0.021032m0.000760,4.405,241.6,48,16,4181,3.2719487922235904e-12,5.789621773273461e-6,0.00007245199299634527
L48T16beta4.405ms0.021032m0.000760,4.405,241.6,48,16,4182,3.2718411772832117e-12,5.789431351649679e-6,0.00007244961003823629
L48T16beta4.405ms0.021032m0.000760,4.405,241.6,48,16,4183,3.271941987650583e-12,5.7896097327720525e-6,0.00007245184232012533
L48T16beta4.405ms0.021032m0.000760,4.405,241.6,48,16,4184,3.271946950284272e-12,5.7896185140134115e-6,0.00007245195220959003
L48T16beta4.405ms0.021032m0.000760,4.405,241.6,48,16,4185,3.271941344051127e-12,5.789608593940836e-6,0.00007245182806866046
L48T16beta4.405ms0.021032m0.000760,4.405,241.6,48,16,4186,3.2717323851787947e-12,5.789238847067092e-6,0.00007244720101374115
L48T16beta4.405ms0.021032m0.000760,4.405,241.6,48,16,4187,3.271856010193312e-12,5.78945759806878e-6,0.00007244993848894469
L48T16beta4.405ms0.021032m0.000760,4.405,241.6,48,16,4188,3.2719335130330062e-12,5.7895947371735396e-6,0.0000724516546634802
L48T16beta4.405ms0.021032m0.000760,4.405,241.6,48,16,4189,3.2719536612866085e-12,5.789630388944138e-6,0.0000724521008138394
L48T16beta4.405ms0.021032m0.000760,4.405,241.6,48,16,4190,3.2717531490135914e-12,5.789275588091378e-6,0.00007244766079514631
L48T16beta4.405ms0.021032m0.000760,4.405,241.6,48,16,4191,3.271905835093254e-12,5.789545761834131e-6,0.00007245104178044799
L48T16beta4.405ms0.021032m0.000760,4.405,241.6,48,16,4192,3.271916009944184e-12,5.789563765947955e-6,0.00007245126708599987
L48T16beta4.405ms0.021032m0.000760,4.405,241.6,48,16,4193,3.2718601127312174e-12,5.789464857394733e-6,0.0000724500293329849
L48T16beta4.405ms0.021032m0.000760,4.405,241.6,48,16,4194,3.271898776860349e-12,5.789533272488635e-6,0.00007245088548734149
L48T16beta4.405ms0.021032m0.000760,4.405,241.6,48,16,4195,3.27095254869197e-12,5.7878589482390774e-6,0.00007242993280104297
L48T16beta4.405ms0.021032m0.000760,4.405,241.6,48,16,4196,3.271935592340073e-12,5.789598416449174e-6,0.00007245170070635882
L48T16beta4.405ms0.021032m0.000760,4.405,241.6,48,16,4197,3.271956187430025e-12,5.789634858884181e-6,0.0000724521567511834
L48T16beta4.405ms0.021032m0.000760,4.405,241.6,48,16,4198,3.271853968698325e-12,5.789453985700563e-6,0.00007244989328335321
L48T16beta4.405ms0.021032m0.000760,4.405,241.6,48,16,4199,3.2719536743891494e-12,5.789630412128717e-6,0.00007245210110397388
L48T16beta4.405ms0.021032m0.000760,4.405,241.6,48,16,4200,3.27102028975488e-12,5.787978814153147e-6,0.00007243143281688281
L48T16beta4.405ms0.021032m0.000760,4.405,241.6,48,16,4201,3.2719490829676495e-12,5.789622287736933e-6,0.00007245199943440035
L48T16beta4.405ms0.021032m0.000760,4.405,241.6,48,16,4202,3.271954406702072e-12,5.7896317079359286e-6,0.00007245211731985442
L48T16beta4.405ms0.021032m0.000760,4.405,241.6,48,16,4203,3.2719639851888675e-12,5.789648656800116e-6,0.00007245232941989092
L48T16beta4.405ms0.021032m0.000760,4.405,241.6,48,16,4204,3.271841941545158e-12,5.789432703989794e-6,0.00007244962696157609
L48T16beta4.405ms0.021032m0.000760,4.405,241.6,48,16,4205,3.27195597843788e-12,5.789634489078432e-6,0.0000724521521233917
L48T16beta4.405ms0.021032m0.000760,4.405,241.6,48,16,4206,3.2719510194305507e-12,5.7896257142538154e-6,0.00007245204231422686
L48T16beta4.405ms0.021032m0.000760,4.405,241.6,48,16,4207,3.2614814492628504e-12,5.771100102990034e-6,0.00007222021068340557
L48T16beta4.405ms0.021032m0.000760,4.405,241.6,48,16,4208,3.2718846422627394e-12,5.789508261713934e-6,0.00007245057249962927
L48T16beta4.405ms0.021032m0.000760,4.405,241.6,48,16,4209,3.2718842257607574e-12,5.789507524725339e-6,0.0000724505632768692
L48T16beta4.405ms0.021032m0.000760,4.405,241.6,48,16,4210,3.2716557878702605e-12,5.7891033102743655e-6,0.00007244550489072278
L48T16beta4.405ms0.021032m0.000760,4.405,241.6,48,16,4211,3.27180468216723e-12,5.789366774563813e-6,0.00007244880191315384
L48T16beta4.405ms0.021032m0.000760,4.405,241.6,48,16,4212,3.27195235082076e-12,5.789628070111512e-6,0.00007245207179570113
L48T16beta4.405ms0.021032m0.000760,4.405,241.6,48,16,4213,3.2719504422437716e-12,5.789624692937971e-6,0.00007245202953336287
L48T16beta4.405ms0.021032m0.000760,4.405,241.6,48,16,4214,3.2716229440618516e-12,5.789045194075013e-6,0.0000724447776179175
L48T16beta4.405ms0.021032m0.000760,4.405,241.6,48,16,4215,3.27164127867233e-12,5.789077636654885e-6,0.00007244518360809471
L48T16beta4.405ms0.021032m0.000760,4.405,241.6,48,16,4216,3.271313356272487e-12,5.7884973871501905e-6,0.0000724379222990323
L48T16beta4.405ms0.021032m0.000760,4.405,241.6,48,16,4217,3.2714216688768468e-12,5.788689043270852e-6,0.00007244032070577726
L48T16beta4.405ms0.021032m0.000760,4.405,241.6,48,16,4218,3.2718097534461296e-12,5.78937574804983e-6,0.0000724489142083903
L48T16beta4.405ms0.021032m0.000760,4.405,241.6,48,16,4219,3.2715995110674193e-12,5.789003730047489e-6,0.00007244425873230643
L48T16beta4.405ms0.021032m0.000760,4.405,241.6,48,16,4220,3.271785155027006e-12,5.789332221835947e-6,0.00007244836951634185
L48T16beta4.405ms0.021032m0.000760,4.405,241.6,48,16,4221,3.271501883942508e-12,5.788830981583518e-6,0.0000724420969381527
L48T16beta4.405ms0.021032m0.000760,4.405,241.6,48,16,4222,3.2716336198665954e-12,5.789064084612584e-6,0.00007244501401627813
L48T16beta4.405ms0.021032m0.000760,4.405,241.6,48,16,4223,3.2716777460479826e-12,5.789142164655016e-6,0.00007244599111891264
L48T16beta4.405ms0.021032m0.000760,4.405,241.6,48,16,4224,3.2718392363866225e-12,5.78942791728751e-6,0.00007244956706023295
L48T16beta4.405ms0.021032m0.000760,4.405,241.6,48,16,4225,3.2715408899685478e-12,5.788900001654426e-6,0.00007244296066326116
L48T16beta4.405ms0.021032m0.000760,4.405,241.6,48,16,4226,3.2716588847550645e-12,5.7891087901253135e-6,0.00007244557346620802
L48T16beta4.405ms0.021032m0.000760,4.405,241.6,48,16,4227,3.271973812279833e-12,5.789666045562421e-6,0.00007245254702486306
L48T16beta4.405ms0.021032m0.000760,4.405,241.6,48,16,4228,3.2719168748442326e-12,5.789565296364374e-6,0.000072451286237807
L48T16beta4.405ms0.021032m0.000760,4.405,241.6,48,16,4229,3.271844320728358e-12,5.789436913887849e-6,0.00007244967964472472
L48T16beta4.405ms0.021032m0.000760,4.405,241.6,48,16,4230,3.2714559296390275e-12,5.788749666730229e-6,0.00007244107935472295
L48T16beta4.405ms0.021032m0.000760,4.405,241.6,48,16,4231,3.2713054451568134e-12,5.788483388652517e-6,0.0000724377471202218
L48T16beta4.405ms0.021032m0.000760,4.405,241.6,48,16,4232,3.27174264045815e-12,5.789256993496764e-6,0.00007244742810024989
L48T16beta4.405ms0.021032m0.000760,4.405,241.6,48,16,4233,3.271906633898263e-12,5.789547175297227e-6,0.00007245105946868782
L48T16beta4.405ms0.021032m0.000760,4.405,241.6,48,16,4234,3.2718468970849463e-12,5.789441472678694e-6,0.00007244973669395785
L48T16beta4.405ms0.021032m0.000760,4.405,241.6,48,16,4235,3.2719476754900587e-12,5.789619797244745e-6,0.00007245196826809457
L48T16beta4.405ms0.021032m0.000760,4.405,241.6,48,16,4236,3.271960447807226e-12,5.789642397502348e-6,0.00007245225109031849
L48T16beta4.405ms0.021032m0.000760,4.405,241.6,48,16,4237,3.2719323621666938e-12,5.789592700747824e-6,0.00007245162917941452
L48T16beta4.405ms0.021032m0.000760,4.405,241.6,48,16,4238,3.271706931084341e-12,5.789193806759671e-6,0.00007244663737415198
L48T16beta4.405ms0.021032m0.000760,4.405,241.6,48,16,4239,3.271829205584233e-12,5.789410168063544e-6,0.00007244934494440213
L48T16beta4.405ms0.021032m0.000760,4.405,241.6,48,16,4240,3.271895241106599e-12,5.789527016071376e-6,0.00007245080719381609
L48T16beta4.405ms0.021032m0.000760,4.405,241.6,48,16,4241,3.2719106010829506e-12,5.789554195119451e-6,0.00007245114731555078
L48T16beta4.405ms0.021032m0.000760,4.405,241.6,48,16,4242,3.271923522094105e-12,5.7895770584869e-6,0.00007245143343036159
L48T16beta4.405ms0.021032m0.000760,4.405,241.6,48,16,4243,3.2712751670376715e-12,5.788429812368483e-6,0.00007243707666043917
L48T16beta4.405ms0.021032m0.000760,4.405,241.6,48,16,4244,3.2718061817199492e-12,5.789369427980362e-6,0.00007244883511831381
L48T16beta4.405ms0.021032m0.000760,4.405,241.6,48,16,4245,3.2716109470312938e-12,5.7890239656653575e-6,0.00007244451196315666
L48T16beta4.405ms0.021032m0.000760,4.405,241.6,48,16,4246,3.271395237915177e-12,5.788642274424244e-6,0.00007243973543504982
L48T16beta4.405ms0.021032m0.000760,4.405,241.6,48,16,4247,3.2718809974667325e-12,5.789501812349454e-6,0.00007245049179154013
L48T16beta4.405ms0.021032m0.000760,4.405,241.6,48,16,4248,3.2708313622191335e-12,5.787644512168615e-6,0.00007242724932338522
L48T16beta4.405ms0.021032m0.000760,4.405,241.6,48,16,4249,3.2715230587603378e-12,5.788868449830772e-6,0.00007244256582010976
L48T16beta4.405ms0.021032m0.000760,4.405,241.6,48,16,4250,3.2716517016245042e-12,5.789096079776915e-6,0.00007244541440744577
L48T16beta4.405ms0.021032m0.000760,4.405,241.6,48,16,4251,3.2712984504116745e-12,5.7884710116468466e-6,0.00007243759223294881
L48T16beta4.405ms0.021032m0.000760,4.405,241.6,48,16,4252,3.2719456768364104e-12,5.789616260683077e-6,0.00007245192401115496
L48T16beta4.405ms0.021032m0.000760,4.405,241.6,48,16,4253,3.2719402041300684e-12,5.78960657688244e-6,0.00007245180282695963
L48T16beta4.405ms0.021032m0.000760,4.405,241.6,48,16,4254,3.271950128854816e-12,5.789624138404989e-6,0.00007245202259387334
L48T16beta4.405ms0.021032m0.000760,4.405,241.6,48,16,4255,3.27192447208126e-12,5.789578739462571e-6,0.00007245145446628454
L48T16beta4.405ms0.021032m0.000760,4.405,241.6,48,16,4256,3.2719505224736736e-12,5.789624834902536e-6,0.00007245203130992377
L48T16beta4.405ms0.021032m0.000760,4.405,241.6,48,16,4257,3.2717234821213652e-12,5.789223093356256e-6,0.00007244700386999122
L48T16beta4.405ms0.021032m0.000760,4.405,241.6,48,16,4258,3.2719580388058195e-12,5.789638134841811e-6,0.0000724521977468941
L48T16beta4.405ms0.021032m0.000760,4.405,241.6,48,16,4259,3.2719106962947478e-12,5.78955436359406e-6,0.00007245114942386143
L48T16beta4.405ms0.021032m0.000760,4.405,241.6,48,16,4260,3.2719306818650847e-12,5.789589727501175e-6,0.00007245159197186386
L48T16beta4.405ms0.021032m0.000760,4.405,241.6,48,16,4261,3.271824376239119e-12,5.789401622672587e-6,0.00007244923800639649
L48T16beta4.405ms0.021032m0.000760,4.405,241.6,48,16,4262,3.2719563893679734e-12,5.789635216207727e-6,0.00007245216122277136
L48T16beta4.405ms0.021032m0.000760,4.405,241.6,48,16,4263,3.2718161978713156e-12,5.789387151279753e-6,0.00007244905690972155
L48T16beta4.405ms0.021032m0.000760,4.405,241.6,48,16,4264,3.2719240221479462e-12,5.789577943318171e-6,0.0000724514445032419
L48T16beta4.405ms0.021032m0.000760,4.405,241.6,48,16,4265,3.2719137214861538e-12,5.7895597165855475e-6,0.00007245121641181279
L48T16beta4.405ms0.021032m0.000760,4.405,241.6,48,16,4266,3.2718487271128638e-12,5.789444710861853e-6,0.00007244977721695447
L48T16beta4.405ms0.021032m0.000760,4.405,241.6,48,16,4267,3.2719056647337526e-12,5.789545460387763e-6,0.00007245103800811346
L48T16beta4.405ms0.021032m0.000760,4.405,241.6,48,16,4268,3.2719596274690516e-12,5.789640945936918e-6,0.00007245223292526168
L48T16beta4.405ms0.021032m0.000760,4.405,241.6,48,16,4269,3.271892147477578e-12,5.789521541981445e-6,0.00007245073869042487
L48T16beta4.405ms0.021032m0.000760,4.405,241.6,48,16,4270,3.271946161736303e-12,5.789617118699859e-6,0.0000724519347484757
L48T16beta4.405ms0.021032m0.000760,4.405,241.6,48,16,4271,3.2718034237012636e-12,5.789364547743522e-6,0.00007244877404646852
L48T16beta4.405ms0.021032m0.000760,4.405,241.6,48,16,4272,3.271745915100759e-12,5.78926278788517e-6,0.00007244750061189309
L48T16beta4.405ms0.021032m0.000760,4.405,241.6,48,16,4273,3.2719607840263667e-12,5.789642992432703e-6,0.0000724522585353454
L48T16beta4.405ms0.021032m0.000760,4.405,241.6,48,16,4274,3.2719484712775127e-12,5.789621205368363e-6,0.00007245198588951553
L48T16beta4.405ms0.021032m0.000760,4.405,241.6,48,16,4275,3.2719195016786905e-12,5.789569944474396e-6,0.0000724513444047906
L48T16beta4.405ms0.021032m0.000760,4.405,241.6,48,16,4276,3.2718617033267434e-12,5.789467671908979e-6,0.00007245006455414
L48T16beta4.405ms0.021032m0.000760,4.405,241.6,48,16,4277,3.2714650470090276e-12,5.788765799661158e-6,0.00007244128124407678
L48T16beta4.405ms0.021032m0.000760,4.405,241.6,48,16,4278,3.2719594913879147e-12,5.789640705145156e-6,0.00007245222991196588
L48T16beta4.405ms0.021032m0.000760,4.405,241.6,48,16,4279,3.2714659240851747e-12,5.788767351622842e-6,0.00007244130066550385
L48T16beta4.405ms0.021032m0.000760,4.405,241.6,48,16,4280,3.271799545296217e-12,5.789357685014387e-6,0.00007244868816548652
L48T16beta4.405ms0.021032m0.000760,4.405,241.6,48,16,4281,3.271513302806905e-12,5.78885118694434e-6,0.00007244234979036275
L48T16beta4.405ms0.021032m0.000760,4.405,241.6,48,16,4282,3.271964994190396e-12,5.789650442200069e-6,0.00007245235176259135
L48T16beta4.405ms0.021032m0.000760,4.405,241.6,48,16,4283,3.271465023199461e-12,5.788765757530796e-6,0.00007244128071685259
L48T16beta4.405ms0.021032m0.000760,4.405,241.6,48,16,4284,3.2719377327923308e-12,5.789602203919511e-6,0.0000724517481031984
L48T16beta4.405ms0.021032m0.000760,4.405,241.6,48,16,4285,3.271665868396131e-12,5.7891211474826385e-6,0.00007244572810759937
L48T16beta4.405ms0.021032m0.000760,4.405,241.6,48,16,4286,3.2714159378916303e-12,5.788678902452979e-6,0.00007244019380241565
L48T16beta4.405ms0.021032m0.000760,4.405,241.6,48,16,4287,3.2716212849890057e-12,5.789042258392066e-6,0.00007244474088044335
L48T16beta4.405ms0.021032m0.000760,4.405,241.6,48,16,4288,3.2713743636616945e-12,5.788605338017186e-6,0.00007243927320860217
L48T16beta4.405ms0.021032m0.000760,4.405,241.6,48,16,4289,3.271365503114731e-12,5.7885896595274294e-6,0.00007243907700617748
L48T16beta4.405ms0.021032m0.000760,4.405,241.6,48,16,4290,3.2712662268166715e-12,5.788413992897749e-6,0.0000724368786937623
L48T16beta4.405ms0.021032m0.000760,4.405,241.6,48,16,4291,3.271794996001371e-12,5.789349635164538e-6,0.00007244858742873933
L48T16beta4.405ms0.021032m0.000760,4.405,241.6,48,16,4292,3.271696828628258e-12,5.789175930746501e-6,0.00007244641367166644
L48T16beta4.405ms0.021032m0.000760,4.405,241.6,48,16,4293,3.2716976416607735e-12,5.789177369384772e-6,0.00007244643167495128
L48T16beta4.405ms0.021032m0.000760,4.405,241.6,48,16,4294,3.271934630587101e-12,5.789596714654219e-6,0.00007245167940990095
L48T16beta4.405ms0.021032m0.000760,4.405,241.6,48,16,4295,3.2717864804218104e-12,5.789334567084942e-6,0.00007244839886505761
L48T16beta4.405ms0.021032m0.000760,4.405,241.6,48,16,4296,3.2719509735451878e-12,5.7896256330609505e-6,0.00007245204129817
L48T16beta4.405ms0.021032m0.000760,4.405,241.6,48,16,4297,3.2717653117449695e-12,5.789297109703995e-6,0.00007244793011908277
L48T16beta4.405ms0.021032m0.000760,4.405,241.6,48,16,4298,3.2718988714501063e-12,5.7895334398625625e-6,0.00007245088758187808
L48T16beta4.405ms0.021032m0.000760,4.405,241.6,48,16,4299,3.271771798415924e-12,5.7893085876866215e-6,0.00007244807375587796
L48T16beta4.405ms0.021032m0.000760,4.405,241.6,48,16,4300,3.271885785783688e-12,5.789510285142234e-6,0.00007245059782104382
L48T16beta4.405ms0.021032m0.000760,4.405,241.6,48,16,4301,3.271697176957323e-12,5.789176547105028e-6,0.00007244642138484794
L48T16beta4.405ms0.021032m0.000760,4.405,241.6,48,16,4302,3.271847687035814e-12,5.789442870474636e-6,0.0000724497541861371
L48T16beta4.405ms0.021032m0.000760,4.405,241.6,48,16,4303,3.2712146590140913e-12,5.788322745114982e-6,0.00007243573680851023
L48T16beta4.405ms0.021032m0.000760,4.405,241.6,48,16,4304,3.2718689255399333e-12,5.789480451412997e-6,0.00007245022447832362
L48T16beta4.405ms0.021032m0.000760,4.405,241.6,48,16,4305,3.2663029014722656e-12,5.779631527673933e-6,0.00007232697391348393
L48T16beta4.405ms0.021032m0.000760,4.405,241.6,48,16,4306,3.2718778281209068e-12,5.789496204280757e-6,0.00007245042161152323
L48T16beta4.405ms0.021032m0.000760,4.405,241.6,48,16,4307,3.271325297928266e-12,5.788518517575725e-6,0.0000724381867276086
L48T16beta4.405ms0.021032m0.000760,4.405,241.6,48,16,4308,3.271887199216979e-12,5.7895127861728665e-6,0.00007245062911922892
L48T16beta4.405ms0.021032m0.000760,4.405,241.6,48,16,4309,3.2716806494916374e-12,5.7891473022172665e-6,0.00007244605541095774
L48T16beta4.405ms0.021032m0.000760,4.405,241.6,48,16,4310,3.271959286088304e-12,5.789640341873244e-6,0.00007245222536593937
L48T16beta4.405ms0.021032m0.000760,4.405,241.6,48,16,4311,3.2719570169002733e-12,5.7896363266085604e-6,0.00007245217511845515
L48T16beta4.405ms0.021032m0.000760,4.405,241.6,48,16,4312,3.27152134709204e-12,5.788865421081646e-6,0.00007244252791799471
L48T16beta4.405ms0.021032m0.000760,4.405,241.6,48,16,4313,3.2718710987485433e-12,5.789484296844782e-6,0.00007245027260049942
L48T16beta4.405ms0.021032m0.000760,4.405,241.6,48,16,4314,3.2714944273923594e-12,5.788817787426813e-6,0.00007244193182495764
L48T16beta4.405ms0.021032m0.000760,4.405,241.6,48,16,4315,3.2716717557383354e-12,5.789131564969824e-6,0.0000724458584732326
L48T16beta4.405ms0.021032m0.000760,4.405,241.6,48,16,4316,3.2717828207365524e-12,5.789328091374349e-6,0.00007244831782727018
L48T16beta4.405ms0.021032m0.000760,4.405,241.6,48,16,4317,3.2718956277242e-12,5.7895277001803955e-6,0.00007245081575483506
L48T16beta4.405ms0.021032m0.000760,4.405,241.6,48,16,4318,3.271933677000056e-12,5.789595027308643e-6,0.00007245165829426428
L48T16beta4.405ms0.021032m0.000760,4.405,241.6,48,16,4319,3.2713762280870905e-12,5.78860863706572e-6,0.0000724393144932751
L48T16beta4.405ms0.021032m0.000760,4.405,241.6,48,16,4320,3.271943867441686e-12,5.789613059009775e-6,0.0000724518839450469
L48T16beta4.405ms0.021032m0.000760,4.405,241.6,48,16,4321,3.2719735290134866e-12,5.789665544330552e-6,0.0000724525407523898
L48T16beta4.405ms0.021032m0.000760,4.405,241.6,48,16,4322,3.271948334680215e-12,5.7896209636632695e-6,0.0000724519828647902
L48T16beta4.405ms0.021032m0.000760,4.405,241.6,48,16,4323,3.2719172626794434e-12,5.78956598262792e-6,0.00007245129482578798
L48T16beta4.405ms0.021032m0.000760,4.405,241.6,48,16,4324,3.271933564940244e-12,5.7895948290219434e-6,0.0000724516558128817
L48T16beta4.405ms0.021032m0.000760,4.405,241.6,48,16,4325,3.2716984340865655e-12,5.789178771560023e-6,0.0000724464492219337
L48T16beta4.405ms0.021032m0.000760,4.405,241.6,48,16,4326,3.2716854896364213e-12,5.789155866717938e-6,0.00007244616258810452
L48T16beta4.405ms0.021032m0.000760,4.405,241.6,48,16,4327,3.2719458661879787e-12,5.789616595735375e-6,0.00007245192820403798
L48T16beta4.405ms0.021032m0.000760,4.405,241.6,48,16,4328,3.271944691829737e-12,5.789614517741348e-6,0.00007245190219978164
L48T16beta4.405ms0.021032m0.000760,4.405,241.6,48,16,4329,3.2713258919895296e-12,5.788519568750497e-6,0.00007243819988213064
L48T16beta4.405ms0.021032m0.000760,4.405,241.6,48,16,4330,3.271588516235657e-12,5.78898427500054e-6,0.00007244401526961051
L48T16beta4.405ms0.021032m0.000760,4.405,241.6,48,16,4331,3.2719378813539688e-12,5.78960246679517e-6,0.00007245175139285462
L48T16beta4.405ms0.021032m0.000760,4.405,241.6,48,16,4332,3.271935550213419e-12,5.789598341907239e-6,0.00007245169977353247
L48T16beta4.405ms0.021032m0.000760,4.405,241.6,48,16,4333,3.2718887078355978e-12,5.789515455631271e-6,0.00007245066252513854
L48T16beta4.405ms0.021032m0.000760,4.405,241.6,48,16,4334,3.2718263201532633e-12,5.789405062374235e-6,0.00007244928105121866
L48T16beta4.405ms0.021032m0.000760,4.405,241.6,48,16,4335,3.271907664207964e-12,5.789548998401395e-6,0.00007245108228322312
L48T16beta4.405ms0.021032m0.000760,4.405,241.6,48,16,4336,3.2719667676391596e-12,5.789653580267999e-6,0.00007245239103273449
L48T16beta4.405ms0.021032m0.000760,4.405,241.6,48,16,4337,3.2702849289167076e-12,5.786677613740104e-6,0.00007241514944520425
L48T16beta4.405ms0.021032m0.000760,4.405,241.6,48,16,4338,3.2717568353406826e-12,5.789282110943948e-6,0.00007244774242287386
L48T16beta4.405ms0.021032m0.000760,4.405,241.6,48,16,4339,3.271725432348552e-12,5.789226544228657e-6,0.00007244704705460548
L48T16beta4.405ms0.021032m0.000760,4.405,241.6,48,16,4340,3.2719685692650036e-12,5.789656768194484e-6,0.0000724524309268133
L48T16beta4.405ms0.021032m0.000760,4.405,241.6,48,16,4341,3.2718204884505355e-12,5.789394743339546e-6,0.00007244915191763132
L48T16beta4.405ms0.021032m0.000760,4.405,241.6,48,16,4342,3.2719351485080436e-12,5.789597631100825e-6,0.00007245169087841923
L48T16beta4.405ms0.021032m0.000760,4.405,241.6,48,16,4343,3.271969038680075e-12,5.78965759881131e-6,0.00007245244132124783
L48T16beta4.405ms0.021032m0.000760,4.405,241.6,48,16,4344,3.2719479365879647e-12,5.789620259250179e-6,0.00007245197404968373
L48T16beta4.405ms0.021032m0.000760,4.405,241.6,48,16,4345,3.271742624020417e-12,5.789256964410655e-6,0.000072447427736263
L48T16beta4.405ms0.021032m0.000760,4.405,241.6,48,16,4346,3.27162698922651e-12,5.789052351880611e-6,0.00007244486719152031
L48T16beta4.405ms0.021032m0.000760,4.405,241.6,48,16,4347,3.271530988298978e-12,5.7888824809273695e-6,0.00007244274140686693
L48T16beta4.405ms0.021032m0.000760,4.405,241.6,48,16,4348,3.2716946957331226e-12,5.78917215664828e-6,0.00007244636644216706
L48T16beta4.405ms0.021032m0.000760,4.405,241.6,48,16,4349,3.2715136148591366e-12,5.788851739112026e-6,0.00007244235670025272
L48T16beta4.405ms0.021032m0.000760,4.405,241.6,48,16,4350,3.2719138506454434e-12,5.789559945129294e-6,0.00007245121927183554
L48T16beta4.405ms0.021032m0.000760,4.405,241.6,48,16,4351,3.2719558014741685e-12,5.7896341759461e-6,0.00007245214820481767
L48T16beta4.405ms0.021032m0.000760,4.405,241.6,48,16,4352,3.271581310936656e-12,5.788971525425707e-6,0.00007244385571996414
L48T16beta4.405ms0.021032m0.000760,4.405,241.6,48,16,4353,3.2717765424224683e-12,5.78931698207337e-6,0.00007244817880419955
L48T16beta4.405ms0.021032m0.000760,4.405,241.6,48,16,4354,3.2719522042708253e-12,5.789627810795506e-6,0.00007245206855059079
L48T16beta4.405ms0.021032m0.000760,4.405,241.6,48,16,4355,3.2719520941168374e-12,5.789627615881109e-6,0.00007245206611140959
L48T16beta4.405ms0.021032m0.000760,4.405,241.6,48,16,4356,3.271158025888312e-12,5.788222534384643e-6,0.00007243448275990102
L48T16beta4.405ms0.021032m0.000760,4.405,241.6,48,16,4357,3.2713735063055332e-12,5.7886038209494645e-6,0.00007243925422384216
L48T16beta4.405ms0.021032m0.000760,4.405,241.6,48,16,4358,3.271920963353155e-12,5.789572530866434e-6,0.00007245137677119815
L48T16beta4.405ms0.021032m0.000760,4.405,241.6,48,16,4359,3.271887278877781e-12,5.789512927130425e-6,0.00007245063088318802
L48T16beta4.405ms0.021032m0.000760,4.405,241.6,48,16,4360,3.2719582469112267e-12,5.789638503078502e-6,0.0000724522023550504
L48T16beta4.405ms0.021032m0.000760,4.405,241.6,48,16,4361,3.2660492315025914e-12,5.779182665765353e-6,0.0000723213568039161
L48T16beta4.405ms0.021032m0.000760,4.405,241.6,48,16,4362,3.2719377530946517e-12,5.7896022398438995e-6,0.00007245174855276032
L48T16beta4.405ms0.021032m0.000760,4.405,241.6,48,16,4363,3.271910638246521e-12,5.789554260879348e-6,0.00007245114813847771
L48T16beta4.405ms0.021032m0.000760,4.405,241.6,48,16,4364,3.2717318196651884e-12,5.7892378464066e-6,0.00007244718849136064
L48T16beta4.405ms0.021032m0.000760,4.405,241.6,48,16,4365,3.271960802144931e-12,5.789643024492995e-6,0.00007245225893655159
L48T16beta4.405ms0.021032m0.000760,4.405,241.6,48,16,4366,3.2719461136274785e-12,5.7896170335726416e-6,0.0000724519336831839
L48T16beta4.405ms0.021032m0.000760,4.405,241.6,48,16,4367,3.2719592769297604e-12,5.789640325667457e-6,0.0000724522251631383
L48T16beta4.405ms0.021032m0.000760,4.405,241.6,48,16,4368,3.2719197065415498e-12,5.789570306973489e-6,0.00007245134894114597
L48T16beta4.405ms0.021032m0.000760,4.405,241.6,48,16,4369,2.6913973560273417e-12,4.762352262364412e-6,0.00005959662414421733
L48T16beta4.405ms0.021032m0.000760,4.405,241.6,48,16,4370,3.2709565725484556e-12,5.787866068340461e-6,0.00007243002190281087
L48T16beta4.405ms0.021032m0.000760,4.405,241.6,48,16,4371,3.2717658214470455e-12,5.7892980116075465e-6,0.00007244794140560758
L48T16beta4.405ms0.021032m0.000760,4.405,241.6,48,16,4372,3.2716145387421577e-12,5.789030321097163e-6,0.0000724445914957615
L48T16beta4.405ms0.021032m0.000760,4.405,241.6,48,16,4373,3.2719440640062695e-12,5.789613406825302e-6,0.0000724518882976504
L48T16beta4.405ms0.021032m0.000760,4.405,241.6,48,16,4374,3.2716927882810998e-12,5.789168781465334e-6,0.00007244632420473937
L48T16beta4.405ms0.021032m0.000760,4.405,241.6,48,16,4375,3.270825256911529e-12,5.787633708997757e-6,0.00007242711413126214
L48T16beta4.405ms0.021032m0.000760,4.405,241.6,48,16,4376,3.2719116026332362e-12,5.789555967334638e-6,0.00007245116949325553
L48T16beta4.405ms0.021032m0.000760,4.405,241.6,48,16,4377,3.2719471334022074e-12,5.789618838035471e-6,0.00007245195626443935
L48T16beta4.405ms0.021032m0.000760,4.405,241.6,48,16,4378,3.271944715361371e-12,5.789614559379916e-6,0.00007245190272085145
L48T16beta4.405ms0.021032m0.000760,4.405,241.6,48,16,4379,3.2717103139751136e-12,5.789199792690172e-6,0.00007244671228277497
L48T16beta4.405ms0.021032m0.000760,4.405,241.6,48,16,4380,3.2719486885414637e-12,5.789621589810841e-6,0.00007245199070047294
L48T16beta4.405ms0.021032m0.000760,4.405,241.6,48,16,4381,3.2716654466796022e-12,5.789120401267049e-6,0.00007244571876937163
L48T16beta4.405ms0.021032m0.000760,4.405,241.6,48,16,4382,3.271864013754691e-12,5.78947176014654e-6,0.00007245011571481521
L48T16beta4.405ms0.021032m0.000760,4.405,241.6,48,16,4383,3.271937430930964e-12,5.789601669784275e-6,0.0000724517414189686
L48T16beta4.405ms0.021032m0.000760,4.405,241.6,48,16,4384,3.271888231022223e-12,5.789514611923355e-6,0.00007245065196688059
L48T16beta4.405ms0.021032m0.000760,4.405,241.6,48,16,4385,3.2719358830311926e-12,5.7895989308189705e-6,0.00007245170714324163
L48T16beta4.405ms0.021032m0.000760,4.405,241.6,48,16,4386,3.2719537749346073e-12,5.789630590041089e-6,0.0000724521033303898
L48T16beta4.405ms0.021032m0.000760,4.405,241.6,48,16,4387,3.2717182241511102e-12,5.789213789525113e-6,0.00007244688744077784
L48T16beta4.405ms0.021032m0.000760,4.405,241.6,48,16,4388,3.271064594779333e-12,5.788057210653376e-6,0.0000724324138797066
L48T16beta4.405ms0.021032m0.000760,4.405,241.6,48,16,4389,3.2719049041908102e-12,5.789544114628321e-6,0.00007245102116712498
L48T16beta4.405ms0.021032m0.000760,4.405,241.6,48,16,4390,3.2718907692887983e-12,5.7895191033149884e-6,0.00007245070817267225
L48T16beta4.405ms0.021032m0.000760,4.405,241.6,48,16,4391,3.2715667606046882e-12,5.788945779020699e-6,0.00007244353352648961
L48T16beta4.405ms0.021032m0.000760,4.405,241.6,48,16,4392,3.2713086603615323e-12,5.788489077867241e-6,0.00007243781831570945
L48T16beta4.405ms0.021032m0.000760,4.405,241.6,48,16,4393,3.2717630970846847e-12,5.789293190924631e-6,0.00007244788107902694
L48T16beta4.405ms0.021032m0.000760,4.405,241.6,48,16,4394,3.2712014523543104e-12,5.788299376300286e-6,0.00007243544436847444
L48T16beta4.405ms0.021032m0.000760,4.405,241.6,48,16,4395,3.271559861878675e-12,5.7889335719181825e-6,0.00007244338076540423
L48T16beta4.405ms0.021032m0.000760,4.405,241.6,48,16,4396,3.271509363269902e-12,5.78884421604392e-6,0.00007244226255571286
L48T16beta4.405ms0.021032m0.000760,4.405,241.6,48,16,4397,3.2713074459942186e-12,5.788486929078282e-6,0.00007243779142551717
L48T16beta4.405ms0.021032m0.000760,4.405,241.6,48,16,4398,3.2719391769040965e-12,5.789604759234845e-6,0.00007245178008070849
L48T16beta4.405ms0.021032m0.000760,4.405,241.6,48,16,4399,3.2716480570270207e-12,5.789089630763716e-6,0.00007244533370375262
L48T16beta4.405ms0.021032m0.000760,4.405,241.6,48,16,4400,3.271913787766482e-12,5.789559833866732e-6,0.00007245121787948303
L48T16beta4.405ms0.021032m0.000760,4.405,241.6,48,16,4401,3.2719407003854963e-12,5.789607454992525e-6,0.00007245181381573025
L48T16beta4.405ms0.021032m0.000760,4.405,241.6,48,16,4402,3.2718849452887763e-12,5.7895087979100215e-6,0.00007245057920964879
L48T16beta4.405ms0.021032m0.000760,4.405,241.6,48,16,4403,3.2719569988875883e-12,5.789636294735619e-6,0.00007245217471959349
L48T16beta4.405ms0.021032m0.000760,4.405,241.6,48,16,4404,3.271658868582029e-12,5.78910876150758e-6,0.00007244557310808242
L48T16beta4.405ms0.021032m0.000760,4.405,241.6,48,16,4405,3.2716383388062586e-12,5.789072434644188e-6,0.00007244511850953434
L48T16beta4.405ms0.021032m0.000760,4.405,241.6,48,16,4406,3.271830599469592e-12,5.789412634504658e-6,0.00007244937580972999
L48T16beta4.405ms0.021032m0.000760,4.405,241.6,48,16,4407,3.271923104625976e-12,5.789576319788735e-6,0.00007245142418620775
L48T16beta4.405ms0.021032m0.000760,4.405,241.6,48,16,4408,3.2718092542922607e-12,5.789374864811035e-6,0.0000724489031554384
L48T16beta4.405ms0.021032m0.000760,4.405,241.6,48,16,4409,3.271924517212234e-12,5.789578819320566e-6,0.00007245145546563668
L48T16beta4.405ms0.021032m0.000760,4.405,241.6,48,16,4410,3.2676288452994153e-12,5.781977748149647e-6,0.00007235633478646168
L48T16beta4.405ms0.021032m0.000760,4.405,241.6,48,16,4411,3.2717224748139025e-12,5.789221310953906e-6,0.00007244698156480313
L48T16beta4.405ms0.021032m0.000760,4.405,241.6,48,16,4412,3.2717670816335477e-12,5.789300241472277e-6,0.00007244796931039137
L48T16beta4.405ms0.021032m0.000760,4.405,241.6,48,16,4413,3.2718655875683766e-12,5.7894745449657906e-6,0.00007245015056436372
L48T16beta4.405ms0.021032m0.000760,4.405,241.6,48,16,4414,3.2718991752570017e-12,5.789533977440357e-6,0.00007245089430918846
L48T16beta4.405ms0.021032m0.000760,4.405,241.6,48,16,4415,3.2718560928849033e-12,5.789457744389236e-6,0.00007244994032001571
L48T16beta4.405ms0.021032m0.000760,4.405,241.6,48,16,4416,3.2719261153384125e-12,5.789581647160091e-6,0.00007245149085354585
L48T16beta4.405ms0.021032m0.000760,4.405,241.6,48,16,4417,3.271199973845066e-12,5.788296760119577e-6,0.00007243541162928802
L48T16beta4.405ms0.021032m0.000760,4.405,241.6,48,16,4418,3.2718300201917003e-12,5.789411609488648e-6,0.00007244936298256172
L48T16beta4.405ms0.021032m0.000760,4.405,241.6,48,16,4419,3.271861358703448e-12,5.789467062107707e-6,0.00007245005692301673
L48T16beta4.405ms0.021032m0.000760,4.405,241.6,48,16,4420,3.2719376782778197e-12,5.78960210745761e-6,0.00007245174689606307
L48T16beta4.405ms0.021032m0.000760,4.405,241.6,48,16,4421,3.271947498658696e-12,5.7896194843466e-6,0.00007245196435245118
L48T16beta4.405ms0.021032m0.000760,4.405,241.6,48,16,4422,3.2719203386266518e-12,5.789571425430379e-6,0.00007245136293764417
L48T16beta4.405ms0.021032m0.000760,4.405,241.6,48,16,4423,3.2719618548480656e-12,5.789644887221716e-6,0.00007245228224695312
L48T16beta4.405ms0.021032m0.000760,4.405,241.6,48,16,4424,3.2717360181163403e-12,5.789245275448357e-6,0.00007244728145924392
L48T16beta4.405ms0.021032m0.000760,4.405,241.6,48,16,4425,3.271947514262631e-12,5.7896195119573265e-6,0.000072451964697975
L48T16beta4.405ms0.021032m0.000760,4.405,241.6,48,16,4426,3.2713926705715486e-12,5.788637731581579e-6,0.00007243967858539403
L48T16beta4.405ms0.021032m0.000760,4.405,241.6,48,16,4427,3.271719280824712e-12,5.789215659279465e-6,0.00007244691083909892
L48T16beta4.405ms0.021032m0.000760,4.405,241.6,48,16,4428,3.2719637490784334e-12,5.789648239009314e-6,0.00007245232419160876
L48T16beta4.405ms0.021032m0.000760,4.405,241.6,48,16,4429,3.271907092579839e-12,5.7895479869214325e-6,0.0000724510696254465
L48T16beta4.405ms0.021032m0.000760,4.405,241.6,48,16,4430,3.271860204051957e-12,5.7894650189842245e-6,0.00007245003135513439
L48T16beta4.405ms0.021032m0.000760,4.405,241.6,48,16,4431,3.2718874377096934e-12,5.7895132081790465e-6,0.0000724506344002628
L48T16beta4.405ms0.021032m0.000760,4.405,241.6,48,16,4432,3.271139912340198e-12,5.788190482968435e-6,0.00007243408166479091
L48T16beta4.405ms0.021032m0.000760,4.405,241.6,48,16,4433,3.2719601703377615e-12,5.7896419065278995e-6,0.00007245224494620776
L48T16beta4.405ms0.021032m0.000760,4.405,241.6,48,16,4434,3.2719592938307147e-12,5.789640355573222e-6,0.00007245222553738247
L48T16beta4.405ms0.021032m0.000760,4.405,241.6,48,16,4435,3.271471743016234e-12,5.788777648058421e-6,0.00007244142951628335
L48T16beta4.405ms0.021032m0.000760,4.405,241.6,48,16,4436,3.2718575860319357e-12,5.789460386471101e-6,0.00007244997338333217
L48T16beta4.405ms0.021032m0.000760,4.405,241.6,48,16,4437,3.2718913967813935e-12,5.789520213645566e-6,0.00007245072206747684
L48T16beta4.405ms0.021032m0.000760,4.405,241.6,48,16,4438,3.271941783608287e-12,5.789609371724923e-6,0.00007245183780194001
L48T16beta4.405ms0.021032m0.000760,4.405,241.6,48,16,4439,3.2715951789438804e-12,5.788996064476186e-6,0.00007244416280446518
L48T16beta4.405ms0.021032m0.000760,4.405,241.6,48,16,4440,3.271513252117277e-12,5.788851097250462e-6,0.00007244234866792326
L48T16beta4.405ms0.021032m0.000760,4.405,241.6,48,16,4441,3.2715139543869996e-12,5.788852339897073e-6,0.0000724423642185459
L48T16beta4.405ms0.021032m0.000760,4.405,241.6,48,16,4442,3.2719064054773e-12,5.789546771112729e-6,0.00007245105441067649
L48T16beta4.405ms0.021032m0.000760,4.405,241.6,48,16,4443,3.2719435199331846e-12,5.789612444103212e-6,0.00007245187625003541
L48T16beta4.405ms0.021032m0.000760,4.405,241.6,48,16,4444,3.2714631202605355e-12,5.78876239033365e-6,0.00007244123857936009
L48T16beta4.405ms0.021032m0.000760,4.405,241.6,48,16,4445,3.27185260440618e-12,5.789451571623812e-6,0.000072449863073319
L48T16beta4.405ms0.021032m0.000760,4.405,241.6,48,16,4446,3.271630475706765e-12,5.789058521109801e-6,0.00007244494439396418
L48T16beta4.405ms0.021032m0.000760,4.405,241.6,48,16,4447,3.271940117084198e-12,5.78960642285721e-6,0.00007245180089947016
L48T16beta4.405ms0.021032m0.000760,4.405,241.6,48,16,4448,3.2702434028617706e-12,5.786604134548623e-6,0.00007241422991814789
L48T16beta4.405ms0.021032m0.000760,4.405,241.6,48,16,4449,3.271959922990906e-12,5.7896414688545644e-6,0.00007245223946911328
L48T16beta4.405ms0.021032m0.000760,4.405,241.6,48,16,4450,3.2719601535559212e-12,5.789641876832903e-6,0.00007245224457460115
L48T16beta4.405ms0.021032m0.000760,4.405,241.6,48,16,4451,3.271932930816969e-12,5.789593706958564e-6,0.00007245164177125147
L48T16beta4.405ms0.021032m0.000760,4.405,241.6,48,16,4452,3.2719207700708244e-12,5.789572188858762e-6,0.00007245137249127479
L48T16beta4.405ms0.021032m0.000760,4.405,241.6,48,16,4453,3.271896038191072e-12,5.789528426490033e-6,0.00007245082484395743
L48T16beta4.405ms0.021032m0.000760,4.405,241.6,48,16,4454,3.2717411063358987e-12,5.789254278910395e-6,0.00007244739412960377
L48T16beta4.405ms0.021032m0.000760,4.405,241.6,48,16,4455,3.271246970329944e-12,5.7883799190836666e-6,0.00007243645229013251
L48T16beta4.405ms0.021032m0.000760,4.405,241.6,48,16,4456,3.2713986424449943e-12,5.788648298644429e-6,0.00007243981082283435
L48T16beta4.405ms0.021032m0.000760,4.405,241.6,48,16,4457,3.2717732826558754e-12,5.789311214007657e-6,0.00007244810662196157
L48T16beta4.405ms0.021032m0.000760,4.405,241.6,48,16,4458,3.2719573088090028e-12,5.789636843132884e-6,0.00007245218158229997
L48T16beta4.405ms0.021032m0.000760,4.405,241.6,48,16,4459,3.2719149999632737e-12,5.789561978815014e-6,0.00007245124472161262
L48T16beta4.405ms0.021032m0.000760,4.405,241.6,48,16,4460,3.271940775030275e-12,5.7896075870743705e-6,0.00007245181546861767
L48T16beta4.405ms0.021032m0.000760,4.405,241.6,48,16,4461,3.2719019271611682e-12,5.789538846857727e-6,0.00007245095524563766
L48T16beta4.405ms0.021032m0.000760,4.405,241.6,48,16,4462,3.2719516017921717e-12,5.789626744726398e-6,0.00007245205520967931
L48T16beta4.405ms0.021032m0.000760,4.405,241.6,48,16,4463,3.2719083140542883e-12,5.78955014828627e-6,0.00007245109667301474
L48T16beta4.405ms0.021032m0.000760,4.405,241.6,48,16,4464,3.2717897645141307e-12,5.789340378194348e-6,0.00007244847158594931
L48T16beta4.405ms0.021032m0.000760,4.405,241.6,48,16,4465,3.2719465614564447e-12,5.789617825993458e-6,0.00007245194359962917
L48T16beta4.405ms0.021032m0.000760,4.405,241.6,48,16,4466,3.2719510317919378e-12,5.789625736126944e-6,0.0000724520425879497
L48T16beta4.405ms0.021032m0.000760,4.405,241.6,48,16,4467,3.271389817195482e-12,5.788632682612524e-6,0.00007243961540201437
L48T16beta4.405ms0.021032m0.000760,4.405,241.6,48,16,4468,3.2716524257979695e-12,5.789097361181585e-6,0.00007244543044309125
L48T16beta4.405ms0.021032m0.000760,4.405,241.6,48,16,4469,3.2717173887251613e-12,5.789212311262289e-6,0.00007244686894162676
L48T16beta4.405ms0.021032m0.000760,4.405,241.6,48,16,4470,3.271936125467904e-12,5.789599359803943e-6,0.00007245171251160895
L48T16beta4.405ms0.021032m0.000760,4.405,241.6,48,16,4471,3.2719496671027458e-12,5.78962332134763e-6,0.00007245201236912354
L48T16beta4.405ms0.021032m0.000760,4.405,241.6,48,16,4472,3.271954237930757e-12,5.789631409299813e-6,0.00007245211358268772
L48T16beta4.405ms0.021032m0.000760,4.405,241.6,48,16,4473,3.2719217772459382e-12,5.789573971026925e-6,0.00007245139479353223
L48T16beta4.405ms0.021032m0.000760,4.405,241.6,48,16,4474,3.271871355809808e-12,5.789484751707492e-6,0.00007245027829270371
L48T16beta4.405ms0.021032m0.000760,4.405,241.6,48,16,4475,3.271785552563391e-12,5.789332925265449e-6,0.00007244837831913956
L48T16beta4.405ms0.021032m0.000760,4.405,241.6,48,16,4476,3.271940172935433e-12,5.789606521684407e-6,0.00007245180213620508
L48T16beta4.405ms0.021032m0.000760,4.405,241.6,48,16,4477,3.271413531616611e-12,5.788674644616708e-6,0.00007244014051936267
L48T16beta4.405ms0.021032m0.000760,4.405,241.6,48,16,4478,3.271953059297646e-12,5.789629323741524e-6,0.00007245208748377133
L48T16beta4.405ms0.021032m0.000760,4.405,241.6,48,16,4479,3.2719541213843176e-12,5.789631203074151e-6,0.00007245211100195606
L48T16beta4.405ms0.021032m0.000760,4.405,241.6,48,16,4480,3.271922905732052e-12,5.7895759678515055e-6,0.00007245141978202478
L48T16beta4.405ms0.021032m0.000760,4.405,241.6,48,16,4481,3.2719483044517268e-12,5.789620910174806e-6,0.0000724519821954294
L48T16beta4.405ms0.021032m0.000760,4.405,241.6,48,16,4482,3.271946935156793e-12,5.789618487245761e-6,0.00007245195187461656
L48T16beta4.405ms0.021032m0.000760,4.405,241.6,48,16,4483,3.2717547971147137e-12,5.789278504360167e-6,0.00007244769728966947
L48T16beta4.405ms0.021032m0.000760,4.405,241.6,48,16,4484,3.2719475294827545e-12,5.7896195388889085e-6,0.00007245196503499992
L48T16beta4.405ms0.021032m0.000760,4.405,241.6,48,16,4485,3.271667973630347e-12,5.789124872635637e-6,0.00007244577472459259
L48T16beta4.405ms0.021032m0.000760,4.405,241.6,48,16,4486,3.2684842269607398e-12,5.783491322048674e-6,0.00007237527582437851
L48T16beta4.405ms0.021032m0.000760,4.405,241.6,48,16,4487,3.2709461126312342e-12,5.787847559809815e-6,0.00007242979028492888
L48T16beta4.405ms0.021032m0.000760,4.405,241.6,48,16,4488,3.26857188775041e-12,5.783646435361493e-6,0.00007237721693022171
L48T16beta4.405ms0.021032m0.000760,4.405,241.6,48,16,4489,3.270849222557336e-12,5.787676115536974e-6,0.00007242764481157301
L48T16beta4.405ms0.021032m0.000760,4.405,241.6,48,16,4490,3.2706974968674516e-12,5.787407641177043e-6,0.00007242428509254348
L48T16beta4.405ms0.021032m0.000760,4.405,241.6,48,16,4491,3.270305138884601e-12,5.786713374712413e-6,0.00007241559696212619
L48T16beta4.405ms0.021032m0.000760,4.405,241.6,48,16,4492,3.271966118573694e-12,5.7896524317648315e-6,0.0000724523766602337
L48T16beta4.405ms0.021032m0.000760,4.405,241.6,48,16,4493,3.2718954354741907e-12,5.789527359999387e-6,0.0000724508114977708
L48T16beta4.405ms0.021032m0.000760,4.405,241.6,48,16,4494,3.270826818893223e-12,5.787636472880629e-6,0.00007242714871881042
L48T16beta4.405ms0.021032m0.000760,4.405,241.6,48,16,4495,3.2717451778909273e-12,5.789261483413015e-6,0.00007244748428757847
L48T16beta4.405ms0.021032m0.000760,4.405,241.6,48,16,4496,3.2713566337136264e-12,5.788573965370518e-6,0.00007243888060769218
L48T16beta4.405ms0.021032m0.000760,4.405,241.6,48,16,4497,3.2716061023337077e-12,5.7890153931086305e-6,0.00007244440468519544
L48T16beta4.405ms0.021032m0.000760,4.405,241.6,48,16,4498,3.2719418984606607e-12,5.789609574952982e-6,0.00007245184034515932
L48T16beta4.405ms0.021032m0.000760,4.405,241.6,48,16,4499,3.271920619629832e-12,5.789571922657638e-6,0.00007245136916000331
L48T16beta4.405ms0.021032m0.000760,4.405,241.6,48,16,4500,3.2719590768314615e-12,5.78963997159912e-6,0.00007245222073228639
L48T16beta4.405ms0.021032m0.000760,4.405,241.6,48,16,4501,3.2719271060625583e-12,5.789583400218727e-6,0.00007245151279152333
L48T16beta4.405ms0.021032m0.000760,4.405,241.6,48,16,4502,3.2717186674405092e-12,5.789214573913293e-6,0.00007244689725670176
L48T16beta4.405ms0.021032m0.000760,4.405,241.6,48,16,4503,3.2717364095911458e-12,5.789245968152064e-6,0.0000724472901278178
L48T16beta4.405ms0.021032m0.000760,4.405,241.6,48,16,4504,3.2716299852879234e-12,5.789057653327392e-6,0.00007244493353443529
L48T16beta4.405ms0.021032m0.000760,4.405,241.6,48,16,4505,3.271957841778015e-12,5.789637786206628e-6,0.0000724521933840333
L48T16beta4.405ms0.021032m0.000760,4.405,241.6,48,16,4506,3.2719072425046705e-12,5.789548252209224e-6,0.00007245107294528846
L48T16beta4.405ms0.021032m0.000760,4.405,241.6,48,16,4507,3.2715506653110943e-12,5.788917298849353e-6,0.00007244317712234859
L48T16beta4.405ms0.021032m0.000760,4.405,241.6,48,16,4508,3.2716775663578838e-12,5.789141846698417e-6,0.00007244598713996718
L48T16beta4.405ms0.021032m0.000760,4.405,241.6,48,16,4509,3.271838018392949e-12,5.789425762081808e-6,0.00007244954008974086
L48T16beta4.405ms0.021032m0.000760,4.405,241.6,48,16,4510,3.2717460261150146e-12,5.789262984321787e-6,0.00007244750307012352
L48T16beta4.405ms0.021032m0.000760,4.405,241.6,48,16,4511,3.2715902775612613e-12,5.78898739161688e-6,0.00007244405427130597
L48T16beta4.405ms0.021032m0.000760,4.405,241.6,48,16,4512,3.2714462487406547e-12,5.788732536651624e-6,0.00007244086498694838
L48T16beta4.405ms0.021032m0.000760,4.405,241.6,48,16,4513,3.271563748396709e-12,5.788940449003022e-6,0.00007244346682603516
L48T16beta4.405ms0.021032m0.000760,4.405,241.6,48,16,4514,3.271067117468443e-12,5.788061674481121e-6,0.00007243246974056059
L48T16beta4.405ms0.021032m0.000760,4.405,241.6,48,16,4515,3.2716601483296985e-12,5.789111025985248e-6,0.0000724456014460165
L48T16beta4.405ms0.021032m0.000760,4.405,241.6,48,16,4516,3.2718221855472198e-12,5.78939774630461e-6,0.00007244918949708162
L48T16beta4.405ms0.021032m0.000760,4.405,241.6,48,16,4517,3.2710383154630304e-12,5.788010710138999e-6,0.00007243183196691956
L48T16beta4.405ms0.021032m0.000760,4.405,241.6,48,16,4518,3.2719691395167004e-12,5.789657777238895e-6,0.00007245244355411115
L48T16beta4.405ms0.021032m0.000760,4.405,241.6,48,16,4519,3.271240495610095e-12,5.788368462248186e-6,0.00007243630891797514
L48T16beta4.405ms0.021032m0.000760,4.405,241.6,48,16,4520,3.2718793965479924e-12,5.789498979568569e-6,0.00007245045634179421
L48T16beta4.405ms0.021032m0.000760,4.405,241.6,48,16,4521,3.2719170478904168e-12,5.7895656025647516e-6,0.00007245129006963377
L48T16beta4.405ms0.021032m0.000760,4.405,241.6,48,16,4522,3.2718554450370475e-12,5.789456598040595e-6,0.00007244992597447693
L48T16beta4.405ms0.021032m0.000760,4.405,241.6,48,16,4523,3.2717033874558317e-12,5.789187536408245e-6,0.0000724465589062528
L48T16beta4.405ms0.021032m0.000760,4.405,241.6,48,16,4524,3.2713812215845426e-12,5.788617472919644e-6,0.0000724394250661677
L48T16beta4.405ms0.021032m0.000760,4.405,241.6,48,16,4525,3.271680059347901e-12,5.789146257974449e-6,0.00007244604234318297
L48T16beta4.405ms0.021032m0.000760,4.405,241.6,48,16,4526,3.2716602413180342e-12,5.789111190525505e-6,0.00007244560350509219
L48T16beta4.405ms0.021032m0.000760,4.405,241.6,48,16,4527,3.2717625091114704e-12,5.789292150522492e-6,0.00007244786805931486
L48T16beta4.405ms0.021032m0.000760,4.405,241.6,48,16,4528,3.2718693750497305e-12,5.789481246807997e-6,0.00007245023443198817
L48T16beta4.405ms0.021032m0.000760,4.405,241.6,48,16,4529,3.271821960805556e-12,5.789397348630529e-6,0.00007244918452054242
L48T16beta4.405ms0.021032m0.000760,4.405,241.6,48,16,4530,3.2718040815282263e-12,5.789365711749914e-6,0.00007244878861297842
L48T16beta4.405ms0.021032m0.000760,4.405,241.6,48,16,4531,3.2719386256312316e-12,5.789603783772947e-6,0.00007245176787366605
L48T16beta4.405ms0.021032m0.000760,4.405,241.6,48,16,4532,3.271923110369918e-12,5.78957632995248e-6,0.00007245142431339803
L48T16beta4.405ms0.021032m0.000760,4.405,241.6,48,16,4533,3.2712084393835085e-12,5.7883117396528155e-6,0.00007243559908489044
L48T16beta4.405ms0.021032m0.000760,4.405,241.6,48,16,4534,3.271345648119817e-12,5.788554526669869e-6,0.00007243863734955574
L48T16beta4.405ms0.021032m0.000760,4.405,241.6,48,16,4535,3.271685622395601e-12,5.789156101631589e-6,0.00007244616552784098
L48T16beta4.405ms0.021032m0.000760,4.405,241.6,48,16,4536,3.271267019996852e-12,5.78841539640787e-6,0.00007243689625744944
L48T16beta4.405ms0.021032m0.000760,4.405,241.6,48,16,4537,3.271698889313835e-12,5.78917957707193e-6,0.00007244645930220238
L48T16beta4.405ms0.021032m0.000760,4.405,241.6,48,16,4538,3.271536567453539e-12,5.788892353085148e-6,0.00007244286494818521
L48T16beta4.405ms0.021032m0.000760,4.405,241.6,48,16,4539,3.271924356990658e-12,5.789578535812974e-6,0.00007245145191779004
L48T16beta4.405ms0.021032m0.000760,4.405,241.6,48,16,4540,3.2719224987724255e-12,5.789575247747841e-6,0.00007245141077056467
L48T16beta4.405ms0.021032m0.000760,4.405,241.6,48,16,4541,3.2719506737881687e-12,5.789625102649298e-6,0.00007245203466053757
L48T16beta4.405ms0.021032m0.000760,4.405,241.6,48,16,4542,3.2710472531826363e-12,5.788026525183586e-6,0.00007243202987820711
L48T16beta4.405ms0.021032m0.000760,4.405,241.6,48,16,4543,3.269655170971557e-12,5.785563274689383e-6,0.0000724012044781131
L48T16beta4.405ms0.021032m0.000760,4.405,241.6,48,16,4544,3.271730891820004e-12,5.789236204610526e-6,0.00007244716794573567
L48T16beta4.405ms0.021032m0.000760,4.405,241.6,48,16,4545,3.2718388479558417e-12,5.789427229970119e-6,0.00007244955845906405
L48T16beta4.405ms0.021032m0.000760,4.405,241.6,48,16,4546,3.271909520507138e-12,5.789552283070806e-6,0.00007245112338795404
L48T16beta4.405ms0.021032m0.000760,4.405,241.6,48,16,4547,3.2718612925554687e-12,5.78946694506071e-6,0.00007245005545827713
L48T16beta4.405ms0.021032m0.000760,4.405,241.6,48,16,4548,3.2719513703801236e-12,5.789626335249258e-6,0.00007245205008543527
L48T16beta4.405ms0.021032m0.000760,4.405,241.6,48,16,4549,3.2718177215909435e-12,5.78938984745897e-6,0.0000724490906500185
L48T16beta4.405ms0.021032m0.000760,4.405,241.6,48,16,4550,3.271953201585946e-12,5.789629575516687e-6,0.0000724520906345147
L48T16beta4.405ms0.021032m0.000760,4.405,241.6,48,16,4551,3.271847292503749e-12,5.7894421723611936e-6,0.00007244974544986515
L48T16beta4.405ms0.021032m0.000760,4.405,241.6,48,16,4552,3.2718785575353883e-12,5.789497494959259e-6,0.0000724504377632225
L48T16beta4.405ms0.021032m0.000760,4.405,241.6,48,16,4553,3.266490509688022e-12,5.779963495158684e-6,0.00007233112819278265
L48T16beta4.405ms0.021032m0.000760,4.405,241.6,48,16,4554,3.271529677409613e-12,5.788880161345343e-6,0.00007244271237935056
L48T16beta4.405ms0.021032m0.000760,4.405,241.6,48,16,4555,3.2718302614505065e-12,5.789412036389351e-6,0.00007244936832484622
L48T16beta4.405ms0.021032m0.000760,4.405,241.6,48,16,4556,3.27192005180012e-12,5.789570917898862e-6,0.00007245135658633637
L48T16beta4.405ms0.021032m0.000760,4.405,241.6,48,16,4557,3.2712500796158397e-12,5.788385420877999e-6,0.0000724365211402198
L48T16beta4.405ms0.021032m0.000760,4.405,241.6,48,16,4558,3.271913761574635e-12,5.7895597875209925e-6,0.0000724512172995071
L48T16beta4.405ms0.021032m0.000760,4.405,241.6,48,16,4559,3.2717419928485223e-12,5.78925584756966e-6,0.0000724474137599863
L48T16beta4.405ms0.021032m0.000760,4.405,241.6,48,16,4560,3.2717833851119582e-12,5.789329090020827e-6,0.00007244833032444711
L48T16beta4.405ms0.021032m0.000760,4.405,241.6,48,16,4561,3.2713968572701184e-12,5.788645139827471e-6,0.00007243977129303548
L48T16beta4.405ms0.021032m0.000760,4.405,241.6,48,16,4562,3.2714955979786576e-12,5.788819858746491e-6,0.0000724419577456904
L48T16beta4.405ms0.021032m0.000760,4.405,241.6,48,16,4563,3.2715395464287097e-12,5.788897624298302e-6,0.00007244293091275309
L48T16beta4.405ms0.021032m0.000760,4.405,241.6,48,16,4564,3.270403269266197e-12,5.786887013674996e-6,0.000072417769900082
L48T16beta4.405ms0.021032m0.000760,4.405,241.6,48,16,4565,3.2707623586403808e-12,5.787522412268112e-6,0.0000724257213511821
L48T16beta4.405ms0.021032m0.000760,4.405,241.6,48,16,4566,3.2694908087412397e-12,5.785272440324979e-6,0.00007239756494341497
L48T16beta4.405ms0.021032m0.000760,4.405,241.6,48,16,4567,3.2688576542072055e-12,5.784152091105332e-6,0.0000723835447643784
L48T16beta4.405ms0.021032m0.000760,4.405,241.6,48,16,4568,3.2719340499724854e-12,5.789595687272914e-6,0.0000724516665531331
L48T16beta4.405ms0.021032m0.000760,4.405,241.6,48,16,4569,3.2719451268605647e-12,5.789615287516217e-6,0.00007245191183283291
L48T16beta4.405ms0.021032m0.000760,4.405,241.6,48,16,4570,3.27184758839618e-12,5.789442695934566e-6,0.00007244975200192258
L48T16beta4.405ms0.021032m0.000760,4.405,241.6,48,16,4571,3.271743007117537e-12,5.7892576422902825e-6,0.00007244743621932666
L48T16beta4.405ms0.021032m0.000760,4.405,241.6,48,16,4572,3.2717927911613746e-12,5.7893457337619e-6,0.00007244853860613783
L48T16beta4.405ms0.021032m0.000760,4.405,241.6,48,16,4573,3.271534546168229e-12,5.788888776477388e-6,0.0000724428201901042
L48T16beta4.405ms0.021032m0.000760,4.405,241.6,48,16,4574,3.2712141603234436e-12,5.788321862695844e-6,0.00007243572576581562
L48T16beta4.405ms0.021032m0.000760,4.405,241.6,48,16,4575,3.2718891449443032e-12,5.789516229082886e-6,0.00007245067220420103
L48T16beta4.405ms0.021032m0.000760,4.405,241.6,48,16,4576,3.271313866106912e-12,5.78849828928793e-6,0.00007243793358848776
L48T16beta4.405ms0.021032m0.000760,4.405,241.6,48,16,4577,3.271773880555257e-12,5.789312271973872e-6,0.00007244811986147251
L48T16beta4.405ms0.021032m0.000760,4.405,241.6,48,16,4578,3.2709353446719527e-12,5.7878285062073695e-6,0.00007242955184595566
L48T16beta4.405ms0.021032m0.000760,4.405,241.6,48,16,4579,3.2718890467678907e-12,5.789516055362473e-6,0.00007245067003024378
L48T16beta4.405ms0.021032m0.000760,4.405,241.6,48,16,4580,3.2715273794092273e-12,5.788876095098004e-6,0.00007244266149386352
L48T16beta4.405ms0.021032m0.000760,4.405,241.6,48,16,4581,3.271534375729318e-12,5.788888474890508e-6,0.00007244281641601126
L48T16beta4.405ms0.021032m0.000760,4.405,241.6,48,16,4582,3.2715802141083988e-12,5.788969584618817e-6,0.0000724438314324834
L48T16beta4.405ms0.021032m0.000760,4.405,241.6,48,16,4583,3.271806959534423e-12,5.789370804301294e-6,0.00007244885234175232
L48T16beta4.405ms0.021032m0.000760,4.405,241.6,48,16,4584,3.271092010191811e-12,5.788105721458124e-6,0.00007243302094949864
L48T16beta4.405ms0.021032m0.000760,4.405,241.6,48,16,4585,3.2719336202356136e-12,5.789594926865552e-6,0.00007245165703730788
L48T16beta4.405ms0.021032m0.000760,4.405,241.6,48,16,4586,3.2716934709499506e-12,5.789169989428751e-6,0.00007244633932133254
L48T16beta4.405ms0.021032m0.000760,4.405,241.6,48,16,4587,3.2705540142242773e-12,5.78715375265746e-6,0.00007242110790239826
L48T16beta4.405ms0.021032m0.000760,4.405,241.6,48,16,4588,3.2716025232753985e-12,5.789009060065166e-6,0.00007244432543276088
L48T16beta4.405ms0.021032m0.000760,4.405,241.6,48,16,4589,3.2719505125210365e-12,5.7896248172916234e-6,0.0000724520310895388
L48T16beta4.405ms0.021032m0.000760,4.405,241.6,48,16,4590,3.2719521248747213e-12,5.789627670306323e-6,0.000072452066792493
L48T16beta4.405ms0.021032m0.000760,4.405,241.6,48,16,4591,3.2719199256319155e-12,5.789570694647757e-6,0.00007245135379254637
L48T16beta4.405ms0.021032m0.000760,4.405,241.6,48,16,4592,3.2719218136021805e-12,5.7895740353582775e-6,0.00007245139559858219
L48T16beta4.405ms0.021032m0.000760,4.405,241.6,48,16,4593,3.2719484094573424e-12,5.789621095979303e-6,0.00007245198452060826
L48T16beta4.405ms0.021032m0.000760,4.405,241.6,48,16,4594,3.271583159149312e-12,5.788974795786252e-6,0.00007244389664563228
L48T16beta4.405ms0.021032m0.000760,4.405,241.6,48,16,4595,3.271556567502845e-12,5.7889277426123945e-6,0.00007244330781680091
L48T16beta4.405ms0.021032m0.000760,4.405,241.6,48,16,4596,3.2719333454925362e-12,5.789594440715369e-6,0.00007245165095356857
L48T16beta4.405ms0.021032m0.000760,4.405,241.6,48,16,4597,3.2718289408599673e-12,5.789409699641368e-6,0.0000724493390825131
L48T16beta4.405ms0.021032m0.000760,4.405,241.6,48,16,4598,3.2718720549560965e-12,5.789485988827274e-6,0.000072450293774163
L48T16beta4.405ms0.021032m0.000760,4.405,241.6,48,16,4599,3.2719026502758423e-12,5.789540126388895e-6,0.00007245097125783792
L48T16beta4.405ms0.021032m0.000760,4.405,241.6,48,16,4600,3.2719321911983873e-12,5.789592398224193e-6,0.00007245162539359898
L48T16beta4.405ms0.021032m0.000760,4.405,241.6,48,16,4601,3.2719456623045014e-12,5.789616234969271e-6,0.00007245192368936943
L48T16beta4.405ms0.021032m0.000760,4.405,241.6,48,16,4602,3.271954976093501e-12,5.789632715458119e-6,0.00007245212992810306
L48T16beta4.405ms0.021032m0.000760,4.405,241.6,48,16,4603,3.2719677696129618e-12,5.789655353232587e-6,0.00007245241321981732
L48T16beta4.405ms0.021032m0.000760,4.405,241.6,48,16,4604,3.271541490686961e-12,5.788901064608838e-6,0.00007244297396519498
L48T16beta4.405ms0.021032m0.000760,4.405,241.6,48,16,4605,3.2718258871473737e-12,5.789404296182438e-6,0.00007244927146300635
L48T16beta4.405ms0.021032m0.000760,4.405,241.6,48,16,4606,3.271646434429531e-12,5.789086759622891e-6,0.000072445297773966
L48T16beta4.405ms0.021032m0.000760,4.405,241.6,48,16,4607,3.2719176598584863e-12,5.7895666854251154e-6,0.00007245130362067294
L48T16beta4.405ms0.021032m0.000760,4.405,241.6,48,16,4608,3.271893848425615e-12,5.78952455176137e-6,0.00007245077635515715
L48T16beta4.405ms0.021032m0.000760,4.405,241.6,48,16,4609,3.2718373080367087e-12,5.789424505126331e-6,0.00007244952436005539
L48T16beta4.405ms0.021032m0.000760,4.405,241.6,48,16,4610,3.2719111062586943e-12,5.789555089013784e-6,0.00007245115850184732
L48T16beta4.405ms0.021032m0.000760,4.405,241.6,48,16,4611,3.271910489936346e-12,5.789553998448646e-6,0.0000724511448543897
L48T16beta4.405ms0.021032m0.000760,4.405,241.6,48,16,4612,3.2716260730544983e-12,5.789050730739889e-6,0.00007244484690437879
L48T16beta4.405ms0.021032m0.000760,4.405,241.6,48,16,4613,3.2719534408992236e-12,5.789629998974831e-6,0.00007245209593371863
L48T16beta4.405ms0.021032m0.000760,4.405,241.6,48,16,4614,3.2719571222102915e-12,5.789636512951689e-6,0.0000724521774503745
L48T16beta4.405ms0.021032m0.000760,4.405,241.6,48,16,4615,3.2719628822990306e-12,5.78964670526743e-6,0.00007245230499818636
L48T16beta4.405ms0.021032m0.000760,4.405,241.6,48,16,4616,3.2716573129266122e-12,5.789106008818878e-6,0.0000724455386606193
L48T16beta4.405ms0.021032m0.000760,4.405,241.6,48,16,4617,3.27181798742694e-12,5.7893903178483225e-6,0.00007244909653652496
L48T16beta4.405ms0.021032m0.000760,4.405,241.6,48,16,4618,3.2717147748476606e-12,5.78920768607924e-6,0.00007244681106155394
L48T16beta4.405ms0.021032m0.000760,4.405,241.6,48,16,4619,3.271770855707958e-12,5.789306919591272e-6,0.00007244805288114084
L48T16beta4.405ms0.021032m0.000760,4.405,241.6,48,16,4620,3.2719500998571725e-12,5.789624087094471e-6,0.00007245202195176761
L48T16beta4.405ms0.021032m0.000760,4.405,241.6,48,16,4621,3.2719195655502687e-12,5.789570057493365e-6,0.00007245134581912299
L48T16beta4.405ms0.021032m0.000760,4.405,241.6,48,16,4622,3.2647416751990095e-12,5.776868981497742e-6,0.00007229240309279
L48T16beta4.405ms0.021032m0.000760,4.405,241.6,48,16,4623,3.271523589572063e-12,5.7888693890872575e-6,0.00007244257757407348
L48T16beta4.405ms0.021032m0.000760,4.405,241.6,48,16,4624,3.271651148128178e-12,5.789095100380663e-6,0.00007244540215116839
L48T16beta4.405ms0.021032m0.000760,4.405,241.6,48,16,4625,3.2714990357280485e-12,5.788825941747781e-6,0.00007244203386906843
L48T16beta4.405ms0.021032m0.000760,4.405,241.6,48,16,4626,3.271830383912942e-12,5.789412253083201e-6,0.00007244937103657799
L48T16beta4.405ms0.021032m0.000760,4.405,241.6,48,16,4627,3.2718301323176867e-12,5.789411807892442e-6,0.00007244936546540961
L48T16beta4.405ms0.021032m0.000760,4.405,241.6,48,16,4628,3.271889533480963e-12,5.789516916587627e-6,0.00007245068080771444
L48T16beta4.405ms0.021032m0.000760,4.405,241.6,48,16,4629,3.2719483694482706e-12,5.78962102518437e-6,0.00007245198363467233
L48T16beta4.405ms0.021032m0.000760,4.405,241.6,48,16,4630,3.271932259940405e-12,5.789592519861268e-6,0.00007245162691577934
L48T16beta4.405ms0.021032m0.000760,4.405,241.6,48,16,4631,3.271941535361459e-12,5.7896089324591116e-6,0.0000724518323049171
L48T16beta4.405ms0.021032m0.000760,4.405,241.6,48,16,4632,3.2683195602750175e-12,5.783199948958956e-6,0.00007237162954800982
L48T16beta4.405ms0.021032m0.000760,4.405,241.6,48,16,4633,3.271950380119199e-12,5.789624583010279e-6,0.0000724520281577151
L48T16beta4.405ms0.021032m0.000760,4.405,241.6,48,16,4634,3.27137783807173e-12,5.7886114858884605e-6,0.00007243935014377064
L48T16beta4.405ms0.021032m0.000760,4.405,241.6,48,16,4635,3.2718517723021882e-12,5.789450099239098e-6,0.00007244984464772729
L48T16beta4.405ms0.021032m0.000760,4.405,241.6,48,16,4636,3.2719477728856128e-12,5.789619969583451e-6,0.00007245197042476096
L48T16beta4.405ms0.021032m0.000760,4.405,241.6,48,16,4637,3.2719319614274655e-12,5.78959199165098e-6,0.00007245162030569502
L48T16beta4.405ms0.021032m0.000760,4.405,241.6,48,16,4638,3.2718378069655844e-12,5.7894253879670066e-6,0.00007244953540802518
L48T16beta4.405ms0.021032m0.000760,4.405,241.6,48,16,4639,3.271913426758393e-12,5.789559195073027e-6,0.0000724512098855451
L48T16beta4.405ms0.021032m0.000760,4.405,241.6,48,16,4640,3.2719466566814768e-12,5.789617994491486e-6,0.00007245194570823288
L48T16beta4.405ms0.021032m0.000760,4.405,241.6,48,16,4641,3.2716004773731935e-12,5.789005439898499e-6,0.0000724442801295787
L48T16beta4.405ms0.021032m0.000760,4.405,241.6,48,16,4642,3.2719440459935844e-12,5.78961337495236e-6,0.00007245188789878874
L48T16beta4.405ms0.021032m0.000760,4.405,241.6,48,16,4643,3.2719319482322804e-12,5.78959196830247e-6,0.00007245162001350908
L48T16beta4.405ms0.021032m0.000760,4.405,241.6,48,16,4644,3.2719407551250006e-12,5.789607551852545e-6,0.00007245181502784769
L48T16beta4.405ms0.021032m0.000760,4.405,241.6,48,16,4645,3.2718203385654085e-12,5.7893944781220105e-6,0.00007244914859866856
L48T16beta4.405ms0.021032m0.000760,4.405,241.6,48,16,4646,3.2719537284007347e-12,5.789630507700705e-6,0.00007245210229997275
L48T16beta4.405ms0.021032m0.000760,4.405,241.6,48,16,4647,3.2718507245224325e-12,5.789448245222158e-6,0.00007244982144634599
L48T16beta4.405ms0.021032m0.000760,4.405,241.6,48,16,4648,3.2719408149599374e-12,5.78960765772879e-6,0.00007245181635279519
L48T16beta4.405ms0.021032m0.000760,4.405,241.6,48,16,4649,3.2714467080178006e-12,5.788733349329674e-6,0.000072440875156895
L48T16beta4.405ms0.021032m0.000760,4.405,241.6,48,16,4650,3.2718720059340647e-12,5.789485902084161e-6,0.00007245029268864971
L48T16beta4.405ms0.021032m0.000760,4.405,241.6,48,16,4651,3.2719569144489914e-12,5.789636145323886e-6,0.00007245217284983787
L48T16beta4.405ms0.021032m0.000760,4.405,241.6,48,16,4652,3.2719436782621713e-12,5.789612724261921e-6,0.00007245187975597373
L48T16beta4.405ms0.021032m0.000760,4.405,241.6,48,16,4653,3.2717179592680258e-12,5.789213320821912e-6,0.00007244688157537206
L48T16beta4.405ms0.021032m0.000760,4.405,241.6,48,16,4654,3.2717813635354807e-12,5.789325512897854e-6,0.00007244828555991866
L48T16beta4.405ms0.021032m0.000760,4.405,241.6,48,16,4655,3.2718363199992455e-12,5.789422756821705e-6,0.00007244950248157014
L48T16beta4.405ms0.021032m0.000760,4.405,241.6,48,16,4656,3.2718877296448926e-12,5.789513724750207e-6,0.00007245064086469375
L48T16beta4.405ms0.021032m0.000760,4.405,241.6,48,16,4657,3.2719521063326407e-12,5.7896276374966305e-6,0.00007245206638190874
L48T16beta4.405ms0.021032m0.000760,4.405,241.6,48,16,4658,3.2719728277363808e-12,5.789664303440349e-6,0.00007245252522374703
L48T16beta4.405ms0.021032m0.000760,4.405,241.6,48,16,4659,3.271867104511741e-12,5.789477229154599e-6,0.00007245018415461129
L48T16beta4.405ms0.021032m0.000760,4.405,241.6,48,16,4660,3.2715945509086547e-12,5.788994953185439e-6,0.0000724441488976449
L48T16beta4.405ms0.021032m0.000760,4.405,241.6,48,16,4661,3.271963966514438e-12,5.7896486237562356e-6,0.000072452329006376
L48T16beta4.405ms0.021032m0.000760,4.405,241.6,48,16,4662,3.271429397152518e-12,5.78870271823826e-6,0.00007244049183589279
L48T16beta4.405ms0.021032m0.000760,4.405,241.6,48,16,4663,3.2709674195067944e-12,5.7878852617295265e-6,0.00007243026209108994
L48T16beta4.405ms0.021032m0.000760,4.405,241.6,48,16,4664,3.270934159514041e-12,5.787826409103629e-6,0.00007242952560255816
L48T16beta4.405ms0.021032m0.000760,4.405,241.6,48,16,4665,3.2716428725898134e-12,5.789080457047242e-6,0.00007244521890280918
L48T16beta4.405ms0.021032m0.000760,4.405,241.6,48,16,4666,3.2717573392988164e-12,5.789283002683755e-6,0.0000724477535822084
L48T16beta4.405ms0.021032m0.000760,4.405,241.6,48,16,4667,3.2716889246991296e-12,5.789161944965218e-6,0.00007244623865199033
L48T16beta4.405ms0.021032m0.000760,4.405,241.6,48,16,4668,3.2717638579320296e-12,5.789294537222704e-6,0.00007244789792675593
L48T16beta4.405ms0.021032m0.000760,4.405,241.6,48,16,4669,3.271778720475048e-12,5.789320836076424e-6,0.00007244822703363719
L48T16beta4.405ms0.021032m0.000760,4.405,241.6,48,16,4670,3.2715277168592125e-12,5.7888766922063045e-6,0.0000724426689661455
L48T16beta4.405ms0.021032m0.000760,4.405,241.6,48,16,4671,3.271621195468211e-12,5.789042099987526e-6,0.00007244473889815073
L48T16beta4.405ms0.021032m0.000760,4.405,241.6,48,16,4672,3.2717211744727446e-12,5.789219010036636e-6,0.00007244695277085969
L48T16beta4.405ms0.021032m0.000760,4.405,241.6,48,16,4673,3.271893374523916e-12,5.789523713205583e-6,0.00007245076586137353
L48T16beta4.405ms0.021032m0.000760,4.405,241.6,48,16,4674,3.271937355531797e-12,5.78960153636756e-6,0.00007245173974937646
L48T16beta4.405ms0.021032m0.000760,4.405,241.6,48,16,4675,3.2716242696287093e-12,5.789047539628452e-6,0.00007244480697044312
L48T16beta4.405ms0.021032m0.000760,4.405,241.6,48,16,4676,3.2712873422760205e-12,5.7884513561118345e-6,0.0000724373462613222
L48T16beta4.405ms0.021032m0.000760,4.405,241.6,48,16,4677,3.27167254186432e-12,5.789132955997742e-6,0.000072445875880716
L48T16beta4.405ms0.021032m0.000760,4.405,241.6,48,16,4678,3.271926698255899e-12,5.789582678616262e-6,0.00007245150376130706
L48T16beta4.405ms0.021032m0.000760,4.405,241.6,48,16,4679,3.2719021683140953e-12,5.789539273571079e-6,0.00007245096058557765
L48T16beta4.405ms0.021032m0.000760,4.405,241.6,48,16,4680,3.271430946693416e-12,5.788705460107492e-6,0.00007244052614795981
L48T16beta4.405ms0.021032m0.000760,4.405,241.6,48,16,4681,3.271841912388696e-12,5.789432652398251e-6,0.00007244962631595357
L48T16beta4.405ms0.021032m0.000760,4.405,241.6,48,16,4682,3.2715986627506878e-12,5.789002228974785e-6,0.00007244423994770991
L48T16beta4.405ms0.021032m0.000760,4.405,241.6,48,16,4683,3.271765098147083e-12,5.789296731748515e-6,0.00007244792538930442
L48T16beta4.405ms0.021032m0.000760,4.405,241.6,48,16,4684,3.271661801565958e-12,5.789113951340519e-6,0.00007244563805424892
L48T16beta4.405ms0.021032m0.000760,4.405,241.6,48,16,4685,3.2714925575538934e-12,5.788814478800003e-6,0.00007244189042042106
L48T16beta4.405ms0.021032m0.000760,4.405,241.6,48,16,4686,3.271597484686677e-12,5.789000144423503e-6,0.00007244421386139534
L48T16beta4.405ms0.021032m0.000760,4.405,241.6,48,16,4687,3.271754906593722e-12,5.789278698080207e-6,0.00007244769971390434
L48T16beta4.405ms0.021032m0.000760,4.405,241.6,48,16,4688,3.2717596358168946e-12,5.789287066308192e-6,0.00007244780443487216
L48T16beta4.405ms0.021032m0.000760,4.405,241.6,48,16,4689,3.2685796790506263e-12,5.78366022184907e-6,0.00007237738945591346
L48T16beta4.405ms0.021032m0.000760,4.405,241.6,48,16,4690,3.2718066827399375e-12,5.789370314521203e-6,0.0000724488462125879
L48T16beta4.405ms0.021032m0.000760,4.405,241.6,48,16,4691,3.2708649964019264e-12,5.7877040269133095e-6,0.00007242799409774782
L48T16beta4.405ms0.021032m0.000760,4.405,241.6,48,16,4692,3.271824394013576e-12,5.789401654123991e-6,0.00007244923839998297
L48T16beta4.405ms0.021032m0.000760,4.405,241.6,48,16,4693,3.2719230030746665e-12,5.789576140096536e-6,0.00007245142193751892
L48T16beta4.405ms0.021032m0.000760,4.405,241.6,48,16,4694,3.2717479390992213e-12,5.789266369293777e-6,0.00007244754543005246
L48T16beta4.405ms0.021032m0.000760,4.405,241.6,48,16,4695,3.2717878568635846e-12,5.789337002660121e-6,0.00007244842934412562
L48T16beta4.405ms0.021032m0.000760,4.405,241.6,48,16,4696,3.2719092339982435e-12,5.78955177610134e-6,0.00007245111704367983
L48T16beta4.405ms0.021032m0.000760,4.405,241.6,48,16,4697,3.271616819391603e-12,5.789034356642499e-6,0.00007244464199704014
L48T16beta4.405ms0.021032m0.000760,4.405,241.6,48,16,4698,3.2716773394059935e-12,5.789141445113402e-6,0.00007244598211448609
L48T16beta4.405ms0.021032m0.000760,4.405,241.6,48,16,4699,3.2717498556171436e-12,5.789269760518578e-6,0.00007244758786822981
L48T16beta4.405ms0.021032m0.000760,4.405,241.6,48,16,4700,3.271949960004092e-12,5.789623839628361e-6,0.00007245201885494823
L48T16beta4.405ms0.021032m0.000760,4.405,241.6,48,16,4701,3.2719196702779517e-12,5.789570242806068e-6,0.00007245134813814748
L48T16beta4.405ms0.021032m0.000760,4.405,241.6,48,16,4702,3.2717548049100638e-12,5.78927851815382e-6,0.00007244769746228483
L48T16beta4.405ms0.021032m0.000760,4.405,241.6,48,16,4703,3.2717654477202273e-12,5.789297350308406e-6,0.00007244793313003406
L48T16beta4.405ms0.021032m0.000760,4.405,241.6,48,16,4704,3.271574997920691e-12,5.788960354720721e-6,0.0000724437159284767
L48T16beta4.405ms0.021032m0.000760,4.405,241.6,48,16,4705,3.271904907327479e-12,5.789544120178569e-6,0.00007245102123658141
L48T16beta4.405ms0.021032m0.000760,4.405,241.6,48,16,4706,3.2717238551202645e-12,5.789223753367365e-6,0.00007244701212944616
L48T16beta4.405ms0.021032m0.000760,4.405,241.6,48,16,4707,3.2719622096622262e-12,5.789645515055439e-6,0.00007245229010373656
L48T16beta4.405ms0.021032m0.000760,4.405,241.6,48,16,4708,3.2718057054095e-12,5.789368585162359e-6,0.00007244882457119237
L48T16beta4.405ms0.021032m0.000760,4.405,241.6,48,16,4709,3.2719155225693672e-12,5.789562903551863e-6,0.00007245125629387595
L48T16beta4.405ms0.021032m0.000760,4.405,241.6,48,16,4710,3.2719356045294065e-12,5.789598438017858e-6,0.00007245170097627182
L48T16beta4.405ms0.021032m0.000760,4.405,241.6,48,16,4711,3.2715694476578947e-12,5.78895053368611e-6,0.00007244359302691963
L48T16beta4.405ms0.021032m0.000760,4.405,241.6,48,16,4712,3.27191415551113e-12,5.78956048458059e-6,0.00007245122602259111
L48T16beta4.405ms0.021032m0.000760,4.405,241.6,48,16,4713,3.271911456400939e-12,5.789555708580682e-6,0.00007245116625517875
L48T16beta4.405ms0.021032m0.000760,4.405,241.6,48,16,4714,3.271690132872515e-12,5.7891640827941945e-6,0.00007244626540502812
L48T16beta4.405ms0.021032m0.000760,4.405,241.6,48,16,4715,3.2717244715881965e-12,5.789224844190109e-6,0.00007244702578012748
L48T16beta4.405ms0.021032m0.000760,4.405,241.6,48,16,4716,3.2713608650534795e-12,5.7885814526079105e-6,0.00007243897430384236
L48T16beta4.405ms0.021032m0.000760,4.405,241.6,48,16,4717,3.271705251629765e-12,5.789190835011823e-6,0.0000724466001853575
L48T16beta4.405ms0.021032m0.000760,4.405,241.6,48,16,4718,3.2716156446760193e-12,5.789032278016165e-6,0.00007244461598487103
L48T16beta4.405ms0.021032m0.000760,4.405,241.6,48,16,4719,3.27169302906345e-12,5.789169207522961e-6,0.00007244632953647351
L48T16beta4.405ms0.021032m0.000760,4.405,241.6,48,16,4720,3.2716624546018905e-12,5.789115106869316e-6,0.00007244565251466925
L48T16beta4.405ms0.021032m0.000760,4.405,241.6,48,16,4721,3.271492428857825e-12,5.788814251075913e-6,0.00007244188757065561
L48T16beta4.405ms0.021032m0.000760,4.405,241.6,48,16,4722,3.2715922331088736e-12,5.788990851903625e-6,0.00007244409757373242
L48T16beta4.405ms0.021032m0.000760,4.405,241.6,48,16,4723,3.271953924991788e-12,5.789630855563069e-6,0.00007245210665316239
L48T16beta4.405ms0.021032m0.000760,4.405,241.6,48,16,4724,3.271692213225138e-12,5.789167763919911e-6,0.00007244631147105887
L48T16beta4.405ms0.021032m0.000760,4.405,241.6,48,16,4725,3.2715763443854397e-12,5.788962737252393e-6,0.00007244374574375215
L48T16beta4.405ms0.021032m0.000760,4.405,241.6,48,16,4726,3.2714783844824593e-12,5.788789399946946e-6,0.00007244157658076846
L48T16beta4.405ms0.021032m0.000760,4.405,241.6,48,16,4727,3.2710741364334302e-12,5.788074094343135e-6,0.0000724326251641428
L48T16beta4.405ms0.021032m0.000760,4.405,241.6,48,16,4728,3.2709958817990556e-12,5.7879356249587385e-6,0.00007243089234233484
L48T16beta4.405ms0.021032m0.000760,4.405,241.6,48,16,4729,3.2719490225371427e-12,5.789622180806843e-6,0.00007245199809626491
L48T16beta4.405ms0.021032m0.000760,4.405,241.6,48,16,4730,3.271666546604824e-12,5.789122347553931e-6,0.00007244574312542959
L48T16beta4.405ms0.021032m0.000760,4.405,241.6,48,16,4731,3.271678831705993e-12,5.789144085696467e-6,0.00007244601515904637
L48T16beta4.405ms0.021032m0.000760,4.405,241.6,48,16,4732,3.2715478692156307e-12,5.7889123512367205e-6,0.00007244311520735487
L48T16beta4.405ms0.021032m0.000760,4.405,241.6,48,16,4733,3.2717823985568027e-12,5.789327344339103e-6,0.00007244830847878515
L48T16beta4.405ms0.021032m0.000760,4.405,241.6,48,16,4734,3.2716452760458013e-12,5.789084709895316e-6,0.00007244527212343929
L48T16beta4.405ms0.021032m0.000760,4.405,241.6,48,16,4735,3.2717409415747556e-12,5.789253987370166e-6,0.0000724473904812358
L48T16beta4.405ms0.021032m0.000760,4.405,241.6,48,16,4736,3.270972891802855e-12,5.787894944804181e-6,0.00007243038326620025
L48T16beta4.405ms0.021032m0.000760,4.405,241.6,48,16,4737,3.2706259832786133e-12,5.787281099883974e-6,0.0000724227015402428
L48T16beta4.405ms0.021032m0.000760,4.405,241.6,48,16,4738,3.2719345480146235e-12,5.789596568544532e-6,0.00007245167758146751
L48T16beta4.405ms0.021032m0.000760,4.405,241.6,48,16,4739,3.2718819959597586e-12,5.789503579154906e-6,0.00007245051390154685
L48T16beta4.405ms0.021032m0.000760,4.405,241.6,48,16,4740,3.271918739349038e-12,5.789568595553421e-6,0.00007245132752423832
L48T16beta4.405ms0.021032m0.000760,4.405,241.6,48,16,4741,3.2719554901895603e-12,5.789633625136702e-6,0.00007245214131192549
L48T16beta4.405ms0.021032m0.000760,4.405,241.6,48,16,4742,3.2719559808863346e-12,5.789634493410904e-6,0.00007245215217760876
L48T16beta4.405ms0.021032m0.000760,4.405,241.6,48,16,4743,3.27128469353782e-12,5.788446669243753e-6,0.00007243728760931578
L48T16beta4.405ms0.021032m0.000760,4.405,241.6,48,16,4744,3.271534028273756e-12,5.78888786007762e-6,0.00007244280872217204
L48T16beta4.405ms0.021032m0.000760,4.405,241.6,48,16,4745,3.269554013942717e-12,5.7853842801592475e-6,0.00007239896451996876
L48T16beta4.405ms0.021032m0.000760,4.405,241.6,48,16,4746,3.271411362127005e-12,5.788670805765596e-6,0.00007244009247953818
L48T16beta4.405ms0.021032m0.000760,4.405,241.6,48,16,4747,3.2719142149225502e-12,5.789560589707435e-6,0.00007245122733816053
L48T16beta4.405ms0.021032m0.000760,4.405,241.6,48,16,4748,3.2718764337590918e-12,5.789493736996568e-6,0.000072450390735645
L48T16beta4.405ms0.021032m0.000760,4.405,241.6,48,16,4749,3.2719630874398225e-12,5.789647068258318e-6,0.0000724523095406961
L48T16beta4.405ms0.021032m0.000760,4.405,241.6,48,16,4750,3.271839092192498e-12,5.789427662140044e-6,0.00007244956386728821
L48T16beta4.405ms0.021032m0.000760,4.405,241.6,48,16,4751,3.2718694035047436e-12,5.789481297158346e-6,0.00007245023506207823
L48T16beta4.405ms0.021032m0.000760,4.405,241.6,48,16,4752,3.2716966038733596e-12,5.789175533049001e-6,0.00007244640869483416
L48T16beta4.405ms0.021032m0.000760,4.405,241.6,48,16,4753,3.2715899417656373e-12,5.788986797435926e-6,0.00007244404683565714
L48T16beta4.405ms0.021032m0.000760,4.405,241.6,48,16,4754,3.2716791735764314e-12,5.789144690626635e-6,0.0000724460227292121
L48T16beta4.405ms0.021032m0.000760,4.405,241.6,48,16,4755,3.2717991220973806e-12,5.789356936175896e-6,0.00007244867879443549
L48T16beta4.405ms0.021032m0.000760,4.405,241.6,48,16,4756,3.271966737079799e-12,5.789653526194066e-6,0.00007245239035604706
L48T16beta4.405ms0.021032m0.000760,4.405,241.6,48,16,4757,3.2719517192782885e-12,5.789626952614792e-6,0.0000724520578112186
L48T16beta4.405ms0.021032m0.000760,4.405,241.6,48,16,4758,3.2719580468261627e-12,5.789638149033584e-6,0.00007245219792449158
L48T16beta4.405ms0.021032m0.000760,4.405,241.6,48,16,4759,3.2718046076812703e-12,5.789366642762993e-6,0.0000724488002637832
L48T16beta4.405ms0.021032m0.000760,4.405,241.6,48,16,4760,3.271959196501335e-12,5.78964018335161e-6,0.00007245222338218141
L48T16beta4.405ms0.021032m0.000760,4.405,241.6,48,16,4761,3.271929763443142e-12,5.789588102379263e-6,0.00007245157163490127
L48T16beta4.405ms0.021032m0.000760,4.405,241.6,48,16,4762,3.2718161924847155e-12,5.7893871417483145e-6,0.00007244905679044403
L48T16beta4.405ms0.021032m0.000760,4.405,241.6,48,16,4763,3.2718866689611193e-12,5.78951184789997e-6,0.00007245061737757392
L48T16beta4.405ms0.021032m0.000760,4.405,241.6,48,16,4764,3.271948266573472e-12,5.789620843150295e-6,0.00007245198135667697
L48T16beta4.405ms0.021032m0.000760,4.405,241.6,48,16,4765,3.271786056892102e-12,5.789333817660981e-6,0.00007244838948667994
L48T16beta4.405ms0.021032m0.000760,4.405,241.6,48,16,4766,3.270975060193965e-12,5.7878987817115354e-6,0.00007243043128170034
L48T16beta4.405ms0.021032m0.000760,4.405,241.6,48,16,4767,3.271124745910875e-12,5.7881636463964076e-6,0.00007243374582884087
L48T16beta4.405ms0.021032m0.000760,4.405,241.6,48,16,4768,3.271948420190838e-12,5.789621114971923e-6,0.00007245198475828409
L48T16beta4.405ms0.021032m0.000760,4.405,241.6,48,16,4769,3.271368167417162e-12,5.7885943739359805e-6,0.0000724391360028285
L48T16beta4.405ms0.021032m0.000760,4.405,241.6,48,16,4770,3.2717320848659102e-12,5.789238315671852e-6,0.00007244719436379998
L48T16beta4.405ms0.021032m0.000760,4.405,241.6,48,16,4771,3.2716384262227057e-12,5.7890725893251435e-6,0.00007244512044522961
L48T16beta4.405ms0.021032m0.000760,4.405,241.6,48,16,4772,3.271927760858731e-12,5.789584558862221e-6,0.00007245152729092131
L48T16beta4.405ms0.021032m0.000760,4.405,241.6,48,16,4773,3.271805144316347e-12,5.789367592323735e-6,0.00007244881214669559
L48T16beta4.405ms0.021032m0.000760,4.405,241.6,48,16,4774,3.271831160933322e-12,5.789413627999007e-6,0.00007244938824243258
L48T16beta4.405ms0.021032m0.000760,4.405,241.6,48,16,4775,3.2718732262703137e-12,5.7894880614349845e-6,0.00007245031971101435
L48T16beta4.405ms0.021032m0.000760,4.405,241.6,48,16,4776,3.271948104459307e-12,5.789620556293819e-6,0.00007245197776692201
L48T16beta4.405ms0.021032m0.000760,4.405,241.6,48,16,4777,3.271781847376582e-12,5.789326369041135e-6,0.00007244829627379419
L48T16beta4.405ms0.021032m0.000760,4.405,241.6,48,16,4778,3.2719335663166725e-12,5.789594831457495e-6,0.00007245165584336048
L48T16beta4.405ms0.021032m0.000760,4.405,241.6,48,16,4779,3.271750501810638e-12,5.7892709039398735e-6,0.00007244760217713545
L48T16beta4.405ms0.021032m0.000760,4.405,241.6,48,16,4780,3.2711436178049397e-12,5.788197039684542e-6,0.00007243416371629066
L48T16beta4.405ms0.021032m0.000760,4.405,241.6,48,16,4781,3.271368895481685e-12,5.788595662225768e-6,0.00007243915212463513
L48T16beta4.405ms0.021032m0.000760,4.405,241.6,48,16,4782,3.271398430752932e-12,5.788647924061252e-6,0.00007243980613525735
L48T16beta4.405ms0.021032m0.000760,4.405,241.6,48,16,4783,3.2713159234705316e-12,5.7885019297352486e-6,0.00007243797914546437
L48T16beta4.405ms0.021032m0.000760,4.405,241.6,48,16,4784,3.2719560549752477e-12,5.7896346245091615e-6,0.00007245215381818744
L48T16beta4.405ms0.021032m0.000760,4.405,241.6,48,16,4785,3.271442057581927e-12,5.7887251205136075e-6,0.00007244077218054398
L48T16beta4.405ms0.021032m0.000760,4.405,241.6,48,16,4786,3.2710192974293124e-12,5.78797705826084e-6,0.00007243141084344447
L48T16beta4.405ms0.021032m0.000760,4.405,241.6,48,16,4787,3.270821093268137e-12,5.787626341547357e-6,0.00007242702193414018
L48T16beta4.405ms0.021032m0.000760,4.405,241.6,48,16,4788,3.2714650467840344e-12,5.788765799263039e-6,0.00007244128123909468
L48T16beta4.405ms0.021032m0.000760,4.405,241.6,48,16,4789,3.271776952333475e-12,5.789317707399419e-6,0.00007244818788101318
L48T16beta4.405ms0.021032m0.000760,4.405,241.6,48,16,4790,3.2710982103009313e-12,5.7881166923776095e-6,0.00007243315824084732
L48T16beta4.405ms0.021032m0.000760,4.405,241.6,48,16,4791,3.2687410600690764e-12,5.783945781042549e-6,0.00007238096297651569
L48T16beta4.405ms0.021032m0.000760,4.405,241.6,48,16,4792,3.2702434874327165e-12,5.786604284194544e-6,0.00007241423179083414
L48T16beta4.405ms0.021032m0.000760,4.405,241.6,48,16,4793,3.268672365922047e-12,5.783824228672817e-6,0.00007237944185617566
L48T16beta4.405ms0.021032m0.000760,4.405,241.6,48,16,4794,3.2674509007237353e-12,5.781662880205429e-6,0.00007235239449278058
L48T16beta4.405ms0.021032m0.000760,4.405,241.6,48,16,4795,3.2718136263454622e-12,5.789382601036758e-6,0.00007244899996745718
L48T16beta4.405ms0.021032m0.000760,4.405,241.6,48,16,4796,3.2717074511625706e-12,5.789194727023536e-6,0.00007244664889043987
L48T16beta4.405ms0.021032m0.000760,4.405,241.6,48,16,4797,3.271895734370942e-12,5.789527888888819e-6,0.00007245081811635399
L48T16beta4.405ms0.021032m0.000760,4.405,241.6,48,16,4798,3.2718129888340554e-12,5.789381472978174e-6,0.00007244898585080227
L48T16beta4.405ms0.021032m0.000760,4.405,241.6,48,16,4799,3.271955723838305e-12,5.789634038571613e-6,0.00007245214648569753
L48T16beta4.405ms0.021032m0.000760,4.405,241.6,48,16,4800,3.2718954039222134e-12,5.789527304169047e-6,0.00007245081079910349
L48T16beta4.405ms0.021032m0.000760,4.405,241.6,48,16,4801,3.2719467129032886e-12,5.789618093974408e-6,0.0000724519469531736
L48T16beta4.405ms0.021032m0.000760,4.405,241.6,48,16,4802,3.271921459489469e-12,5.78957340876575e-6,0.0000724513877573312
L48T16beta4.405ms0.021032m0.000760,4.405,241.6,48,16,4803,3.2719562033383624e-12,5.789634887033539e-6,0.0000724521571034477
L48T16beta4.405ms0.021032m0.000760,4.405,241.6,48,16,4804,3.2719442922816487e-12,5.7896138107521936e-6,0.000072451893352438
L48T16beta4.405ms0.021032m0.000760,4.405,241.6,48,16,4805,3.2719595689046643e-12,5.789640842308874e-6,0.00007245223162844841
L48T16beta4.405ms0.021032m0.000760,4.405,241.6,48,16,4806,3.271771276193642e-12,5.789307663628916e-6,0.00007244806219211353
L48T16beta4.405ms0.021032m0.000760,4.405,241.6,48,16,4807,3.2719521477843156e-12,5.7896277108442085e-6,0.00007245206729978877
L48T16beta4.405ms0.021032m0.000760,4.405,241.6,48,16,4808,3.271952071485176e-12,5.789627575835017e-6,0.0000724520656102682
L48T16beta4.405ms0.021032m0.000760,4.405,241.6,48,16,4809,3.2718377227387457e-12,5.789425238929974e-6,0.0000724495335429586
L48T16beta4.405ms0.021032m0.000760,4.405,241.6,48,16,4810,3.2718488434872498e-12,5.789444916783071e-6,0.00007244977979387628
L48T16beta4.405ms0.021032m0.000760,4.405,241.6,48,16,4811,3.271768569513094e-12,5.7893028742334735e-6,0.0000724480022570679
L48T16beta4.405ms0.021032m0.000760,4.405,241.6,48,16,4812,3.2719282765297425e-12,5.7895854713276365e-6,0.0000724515387096185
L48T16beta4.405ms0.021032m0.000760,4.405,241.6,48,16,4813,3.2718829653227923e-12,5.789505294415652e-6,0.00007245053536651716
L48T16beta4.405ms0.021032m0.000760,4.405,241.6,48,16,4814,3.2718372243260307e-12,5.78942435700263e-6,0.00007244952250641835
L48T16beta4.405ms0.021032m0.000760,4.405,241.6,48,16,4815,3.2719622436097186e-12,5.789645575124576e-6,0.00007245229085544864
L48T16beta4.405ms0.021032m0.000760,4.405,241.6,48,16,4816,3.267339820968616e-12,5.781466327688979e-6,0.00007234993481197534
L48T16beta4.405ms0.021032m0.000760,4.405,241.6,48,16,4817,3.2717315693801874e-12,5.789237403534299e-6,0.0000724471829492057
L48T16beta4.405ms0.021032m0.000760,4.405,241.6,48,16,4818,3.271843225329469e-12,5.789434975610186e-6,0.00007244965538889503
L48T16beta4.405ms0.021032m0.000760,4.405,241.6,48,16,4819,3.27193907438664e-12,5.789604577833077e-6,0.00007245177781062589
L48T16beta4.405ms0.021032m0.000760,4.405,241.6,48,16,4820,3.2716881953640573e-12,5.789160654427229e-6,0.00007244622250204945
L48T16beta4.405ms0.021032m0.000760,4.405,241.6,48,16,4821,3.2716840296692576e-12,5.789153283346921e-6,0.0000724461302595024
L48T16beta4.405ms0.021032m0.000760,4.405,241.6,48,16,4822,3.27190726959649e-12,5.78954830014744e-6,0.00007245107354519279
L48T16beta4.405ms0.021032m0.000760,4.405,241.6,48,16,4823,3.2718576324466943e-12,5.789460468600717e-6,0.00007244997441111162
L48T16beta4.405ms0.021032m0.000760,4.405,241.6,48,16,4824,3.271873955843614e-12,5.789489352394511e-6,0.00007245033586623039
L48T16beta4.405ms0.021032m0.000760,4.405,241.6,48,16,4825,3.271956594323477e-12,5.789635578870751e-6,0.00007245216576117817
L48T16beta4.405ms0.021032m0.000760,4.405,241.6,48,16,4826,3.271370031723444e-12,5.788597672773746e-6,0.00007243917728486385
L48T16beta4.405ms0.021032m0.000760,4.405,241.6,48,16,4827,3.2719490157476442e-12,5.7896221687930155e-6,0.00007245199794592249
L48T16beta4.405ms0.021032m0.000760,4.405,241.6,48,16,4828,3.2718386392416295e-12,5.789426860656165e-6,0.00007244955383742672
L48T16beta4.405ms0.021032m0.000760,4.405,241.6,48,16,4829,3.27191658812358e-12,5.789564789020207e-6,0.00007245127988884374
L48T16beta4.405ms0.021032m0.000760,4.405,241.6,48,16,4830,3.2718108056331036e-12,5.789377609865219e-6,0.00007244893750736229
L48T16beta4.405ms0.021032m0.000760,4.405,241.6,48,16,4831,3.2719355655923608e-12,5.789598369119846e-6,0.00007245170011407417
L48T16beta4.405ms0.021032m0.000760,4.405,241.6,48,16,4832,3.271895248703426e-12,5.789527029513748e-6,0.00007245080736203549
L48T16beta4.405ms0.021032m0.000760,4.405,241.6,48,16,4833,3.2719136213774473e-12,5.7895595394459945e-6,0.00007245121419506804
L48T16beta4.405ms0.021032m0.000760,4.405,241.6,48,16,4834,3.2715297263654706e-12,5.788880247971362e-6,0.00007244271346339853
L48T16beta4.405ms0.021032m0.000760,4.405,241.6,48,16,4835,3.2713283118964855e-12,5.788523850708098e-6,0.00007243825346704072
L48T16beta4.405ms0.021032m0.000760,4.405,241.6,48,16,4836,3.27170395154007e-12,5.7891885345395105e-6,0.00007244657139698228
L48T16beta4.405ms0.021032m0.000760,4.405,241.6,48,16,4837,3.2719559330686777e-12,5.789634408798899e-6,0.00007245215111876438
L48T16beta4.405ms0.021032m0.000760,4.405,241.6,48,16,4838,3.2718813272801863e-12,5.789502395945126e-6,0.00007245049909472352
L48T16beta4.405ms0.021032m0.000760,4.405,241.6,48,16,4839,3.2719631156566076e-12,5.789647118187129e-6,0.00007245231016551097
L48T16beta4.405ms0.021032m0.000760,4.405,241.6,48,16,4840,3.2719492629092112e-12,5.789622606138488e-6,0.00007245200341891405
L48T16beta4.405ms0.021032m0.000760,4.405,241.6,48,16,4841,3.2714467212526904e-12,5.7887333727484405e-6,0.00007244087544996014
L48T16beta4.405ms0.021032m0.000760,4.405,241.6,48,16,4842,3.2718900998283675e-12,5.789517918723501e-6,0.00007245069334855809
L48T16beta4.405ms0.021032m0.000760,4.405,241.6,48,16,4843,3.271780060070889e-12,5.789323206453756e-6,0.00007244825669681185
L48T16beta4.405ms0.021032m0.000760,4.405,241.6,48,16,4844,3.271898169881833e-12,5.7895321984571466e-6,0.00007245087204678788
L48T16beta4.405ms0.021032m0.000760,4.405,241.6,48,16,4845,3.271952991654124e-12,5.789629204048206e-6,0.00007245208598591539
L48T16beta4.405ms0.021032m0.000760,4.405,241.6,48,16,4846,3.271815276881804e-12,5.7893855216146e-6,0.00007244903651590432
L48T16beta4.405ms0.021032m0.000760,4.405,241.6,48,16,4847,3.2718089139835393e-12,5.789374262644281e-6,0.00007244889561985434
L48T16beta4.405ms0.021032m0.000760,4.405,241.6,48,16,4848,3.271810157282322e-12,5.789376462626665e-6,0.00007244892315068703
L48T16beta4.405ms0.021032m0.000760,4.405,241.6,48,16,4849,3.271826434648295e-12,5.789405264969988e-6,0.00007244928358652523
L48T16beta4.405ms0.021032m0.000760,4.405,241.6,48,16,4850,3.271833833044338e-12,5.789418356224631e-6,0.00007244944741199204
L48T16beta4.405ms0.021032m0.000760,4.405,241.6,48,16,4851,3.270977298968219e-12,5.787902743159892e-6,0.00007243048085572087
L48T16beta4.405ms0.021032m0.000760,4.405,241.6,48,16,4852,3.2719292294021035e-12,5.789587157408599e-6,0.00007245155980942966
L48T16beta4.405ms0.021032m0.000760,4.405,241.6,48,16,4853,3.2712124215368564e-12,5.7883187859616644e-6,0.00007243568726321011
L48T16beta4.405ms0.021032m0.000760,4.405,241.6,48,16,4854,3.27195236765554e-12,5.789628099900183e-6,0.00007245207216848
L48T16beta4.405ms0.021032m0.000760,4.405,241.6,48,16,4855,3.2718634641891268e-12,5.7894707877056625e-6,0.00007245010354557818
