ensemble,beta,temp,ns,nt,jk_index,chi_unscaled,chi_vol_scaled,chi_renorm
L48T16beta4.23ms0.032315m0.001033,4.23,176.43,48,16,0,2.8947598573927118e-8,0.05122196514380396,0.40504513774707157
L48T16beta4.23ms0.032315m0.001033,4.23,176.43,48,16,1,2.8947661611563062e-8,0.051222076687135715,0.4050460197921873
L48T16beta4.23ms0.032315m0.001033,4.23,176.43,48,16,2,2.894772464919901e-8,0.051222188230467466,0.405046901837303
L48T16beta4.23ms0.032315m0.001033,4.23,176.43,48,16,3,2.8947787686834953e-8,0.05122229977379922,0.4050477838824188
L48T16beta4.23ms0.032315m0.001033,4.23,176.43,48,16,4,2.8947850724470894e-8,0.05122241131713096,0.4050486659275345
L48T16beta4.23ms0.032315m0.001033,4.23,176.43,48,16,5,2.894791376210684e-8,0.051222522860462714,0.40504954797265025
L48T16beta4.23ms0.032315m0.001033,4.23,176.43,48,16,6,2.8947976799742785e-8,0.051222634403794466,0.40505043001776597
L48T16beta4.23ms0.032315m0.001033,4.23,176.43,48,16,7,2.894803983737873e-8,0.05122274594712621,0.4050513120628817
L48T16beta4.23ms0.032315m0.001033,4.23,176.43,48,16,8,2.8948102875014672e-8,0.05122285749045796,0.4050521941079974
L48T16beta4.23ms0.032315m0.001033,4.23,176.43,48,16,9,2.894816591265062e-8,0.051222969033789714,0.4050530761531132
L48T16beta4.23ms0.032315m0.001033,4.23,176.43,48,16,10,2.8948228950286563e-8,0.051223080577121466,0.4050539581982289
L48T16beta4.23ms0.032315m0.001033,4.23,176.43,48,16,11,2.8948291987922504e-8,0.05122319212045321,0.40505484024334465
L48T16beta4.23ms0.032315m0.001033,4.23,176.43,48,16,12,2.894835502555845e-8,0.05122330366378496,0.4050557222884604
L48T16beta4.23ms0.032315m0.001033,4.23,176.43,48,16,13,2.8948418063194395e-8,0.051223415207116714,0.4050566043335761
L48T16beta4.23ms0.032315m0.001033,4.23,176.43,48,16,14,2.8948481100830342e-8,0.051223526750448466,0.4050574863786918
L48T16beta4.23ms0.032315m0.001033,4.23,176.43,48,16,15,2.8948544138466283e-8,0.05122363829378021,0.4050583684238076
L48T16beta4.23ms0.032315m0.001033,4.23,176.43,48,16,16,2.894860717610223e-8,0.05122374983711196,0.4050592504689233
L48T16beta4.23ms0.032315m0.001033,4.23,176.43,48,16,17,2.8948670213738174e-8,0.051223861380443714,0.40506013251403905
L48T16beta4.23ms0.032315m0.001033,4.23,176.43,48,16,18,2.8948733251374114e-8,0.05122397292377546,0.4050610145591548
L48T16beta4.23ms0.032315m0.001033,4.23,176.43,48,16,19,2.894879628901006e-8,0.05122408446710721,0.4050618966042705
L48T16beta4.23ms0.032315m0.001033,4.23,176.43,48,16,20,2.8948859326646005e-8,0.05122419601043896,0.4050627786493862
L48T16beta4.23ms0.032315m0.001033,4.23,176.43,48,16,21,2.8948922364281952e-8,0.051224307553770713,0.405063660694502
L48T16beta4.23ms0.032315m0.001033,4.23,176.43,48,16,22,2.8948985401917893e-8,0.05122441909710246,0.40506454273961773
L48T16beta4.23ms0.032315m0.001033,4.23,176.43,48,16,23,2.894904843955384e-8,0.05122453064043421,0.40506542478473345
L48T16beta4.23ms0.032315m0.001033,4.23,176.43,48,16,24,2.8949111477189784e-8,0.05122464218376596,0.4050663068298492
L48T16beta4.23ms0.032315m0.001033,4.23,176.43,48,16,25,2.8949174514825728e-8,0.05122475372709771,0.4050671888749649
L48T16beta4.23ms0.032315m0.001033,4.23,176.43,48,16,26,2.8949237552461672e-8,0.05122486527042946,0.4050680709200806
L48T16beta4.23ms0.032315m0.001033,4.23,176.43,48,16,27,2.8949300590097616e-8,0.05122497681376121,0.4050689529651964
L48T16beta4.23ms0.032315m0.001033,4.23,176.43,48,16,28,2.8949363627733563e-8,0.05122508835709296,0.40506983501031213
L48T16beta4.23ms0.032315m0.001033,4.23,176.43,48,16,29,2.8949426665369503e-8,0.051225199900424706,0.40507071705542785
L48T16beta4.23ms0.032315m0.001033,4.23,176.43,48,16,30,2.894948970300545e-8,0.05122531144375646,0.4050715991005436
L48T16beta4.23ms0.032315m0.001033,4.23,176.43,48,16,31,2.8949552740641394e-8,0.05122542298708821,0.4050724811456593
L48T16beta4.23ms0.032315m0.001033,4.23,176.43,48,16,32,2.8949615778277338e-8,0.05122553453041996,0.405073363190775
L48T16beta4.23ms0.032315m0.001033,4.23,176.43,48,16,33,2.8949678815913282e-8,0.051225646073751706,0.4050742452358908
L48T16beta4.23ms0.032315m0.001033,4.23,176.43,48,16,34,2.8949741853549226e-8,0.05122575761708346,0.40507512728100653
L48T16beta4.23ms0.032315m0.001033,4.23,176.43,48,16,35,2.8949804891185173e-8,0.05122586916041521,0.40507600932612225
L48T16beta4.23ms0.032315m0.001033,4.23,176.43,48,16,36,2.8949867928821117e-8,0.05122598070374696,0.405076891371238
L48T16beta4.23ms0.032315m0.001033,4.23,176.43,48,16,37,2.894993096645706e-8,0.051226092247078706,0.4050777734163537
L48T16beta4.23ms0.032315m0.001033,4.23,176.43,48,16,38,2.8949994004093005e-8,0.05122620379041046,0.40507865546146943
L48T16beta4.23ms0.032315m0.001033,4.23,176.43,48,16,39,2.895005704172895e-8,0.05122631533374221,0.4050795375065852
L48T16beta4.23ms0.032315m0.001033,4.23,176.43,48,16,40,2.8950120079364892e-8,0.051226426877073954,0.40508041955170093
L48T16beta4.23ms0.032315m0.001033,4.23,176.43,48,16,41,2.8950183117000836e-8,0.051226538420405705,0.40508130159681666
L48T16beta4.23ms0.032315m0.001033,4.23,176.43,48,16,42,2.8950246154636783e-8,0.05122664996373746,0.4050821836419324
L48T16beta4.23ms0.032315m0.001033,4.23,176.43,48,16,43,2.8950309192272727e-8,0.05122676150706921,0.4050830656870481
L48T16beta4.23ms0.032315m0.001033,4.23,176.43,48,16,44,2.895037222990867e-8,0.05122687305040095,0.40508394773216383
L48T16beta4.23ms0.032315m0.001033,4.23,176.43,48,16,45,2.8950435267544615e-8,0.051226984593732705,0.4050848297772796
L48T16beta4.23ms0.032315m0.001033,4.23,176.43,48,16,46,2.895049830518056e-8,0.05122709613706446,0.40508571182239533
L48T16beta4.23ms0.032315m0.001033,4.23,176.43,48,16,47,2.8950561342816506e-8,0.05122720768039621,0.40508659386751106
L48T16beta4.23ms0.032315m0.001033,4.23,176.43,48,16,48,2.8950624380452447e-8,0.05122731922372795,0.4050874759126268
L48T16beta4.23ms0.032315m0.001033,4.23,176.43,48,16,49,2.8950687418088394e-8,0.051227430767059705,0.4050883579577425
L48T16beta4.23ms0.032315m0.001033,4.23,176.43,48,16,50,2.8950750455724338e-8,0.051227542310391457,0.40508924000285823
L48T16beta4.23ms0.032315m0.001033,4.23,176.43,48,16,51,2.8950813493360285e-8,0.05122765385372321,0.405090122047974
L48T16beta4.23ms0.032315m0.001033,4.23,176.43,48,16,52,2.8950876530996225e-8,0.05122776539705495,0.40509100409308973
L48T16beta4.23ms0.032315m0.001033,4.23,176.43,48,16,53,2.895093956863217e-8,0.051227876940386705,0.40509188613820546
L48T16beta4.23ms0.032315m0.001033,4.23,176.43,48,16,54,2.8951002606268116e-8,0.051227988483718456,0.4050927681833212
L48T16beta4.23ms0.032315m0.001033,4.23,176.43,48,16,55,2.8951065643904057e-8,0.0512281000270502,0.4050936502284369
L48T16beta4.23ms0.032315m0.001033,4.23,176.43,48,16,56,2.8951128681540004e-8,0.05122821157038195,0.40509453227355263
L48T16beta4.23ms0.032315m0.001033,4.23,176.43,48,16,57,2.8951191719175948e-8,0.051228323113713704,0.4050954143186684
L48T16beta4.23ms0.032315m0.001033,4.23,176.43,48,16,58,2.8951254756811895e-8,0.051228434657045456,0.40509629636378414
L48T16beta4.23ms0.032315m0.001033,4.23,176.43,48,16,59,2.8951317794447836e-8,0.0512285462003772,0.40509717840889986
L48T16beta4.23ms0.032315m0.001033,4.23,176.43,48,16,60,2.895138083208378e-8,0.05122865774370895,0.4050980604540156
L48T16beta4.23ms0.032315m0.001033,4.23,176.43,48,16,61,2.8951443869719727e-8,0.051228769287040704,0.4050989424991313
L48T16beta4.23ms0.032315m0.001033,4.23,176.43,48,16,62,2.895150690735567e-8,0.051228880830372456,0.40509982454424703
L48T16beta4.23ms0.032315m0.001033,4.23,176.43,48,16,63,2.8951569944991614e-8,0.0512289923737042,0.40510070658936276
L48T16beta4.23ms0.032315m0.001033,4.23,176.43,48,16,64,2.8951632982627558e-8,0.05122910391703595,0.40510158863447854
L48T16beta4.23ms0.032315m0.001033,4.23,176.43,48,16,65,2.8951696020263505e-8,0.051229215460367704,0.40510247067959426
L48T16beta4.23ms0.032315m0.001033,4.23,176.43,48,16,66,2.8951759057899446e-8,0.05122932700369945,0.40510335272471
L48T16beta4.23ms0.032315m0.001033,4.23,176.43,48,16,67,2.895182209553539e-8,0.0512294385470312,0.4051042347698257
L48T16beta4.23ms0.032315m0.001033,4.23,176.43,48,16,68,2.8951885133171337e-8,0.05122955009036295,0.40510511681494143
L48T16beta4.23ms0.032315m0.001033,4.23,176.43,48,16,69,2.895194817080728e-8,0.051229661633694704,0.40510599886005716
L48T16beta4.23ms0.032315m0.001033,4.23,176.43,48,16,70,2.8952011208443225e-8,0.05122977317702645,0.40510688090517294
L48T16beta4.23ms0.032315m0.001033,4.23,176.43,48,16,71,2.895207424607917e-8,0.0512298847203582,0.40510776295028866
L48T16beta4.23ms0.032315m0.001033,4.23,176.43,48,16,72,2.8952137283715116e-8,0.05122999626368995,0.4051086449954044
L48T16beta4.23ms0.032315m0.001033,4.23,176.43,48,16,73,2.895220032135106e-8,0.0512301078070217,0.4051095270405201
L48T16beta4.23ms0.032315m0.001033,4.23,176.43,48,16,74,2.8952263358987e-8,0.05123021935035345,0.40511040908563584
L48T16beta4.23ms0.032315m0.001033,4.23,176.43,48,16,75,2.8952326396622947e-8,0.0512303308936852,0.40511129113075156
L48T16beta4.23ms0.032315m0.001033,4.23,176.43,48,16,76,2.895238943425889e-8,0.05123044243701695,0.40511217317586734
L48T16beta4.23ms0.032315m0.001033,4.23,176.43,48,16,77,2.8952452471894835e-8,0.051230553980348696,0.40511305522098306
L48T16beta4.23ms0.032315m0.001033,4.23,176.43,48,16,78,2.895251550953078e-8,0.05123066552368045,0.4051139372660988
L48T16beta4.23ms0.032315m0.001033,4.23,176.43,48,16,79,2.8952578547166726e-8,0.0512307770670122,0.4051148193112145
L48T16beta4.23ms0.032315m0.001033,4.23,176.43,48,16,80,2.895264158480267e-8,0.05123088861034395,0.40511570135633024
L48T16beta4.23ms0.032315m0.001033,4.23,176.43,48,16,81,2.895270462243861e-8,0.051231000153675696,0.40511658340144596
L48T16beta4.23ms0.032315m0.001033,4.23,176.43,48,16,82,2.8952767660074558e-8,0.05123111169700745,0.40511746544656174
L48T16beta4.23ms0.032315m0.001033,4.23,176.43,48,16,83,2.89528306977105e-8,0.0512312232403392,0.40511834749167747
L48T16beta4.23ms0.032315m0.001033,4.23,176.43,48,16,84,2.895289373534645e-8,0.05123133478367095,0.4051192295367932
L48T16beta4.23ms0.032315m0.001033,4.23,176.43,48,16,85,2.895295677298239e-8,0.051231446327002696,0.4051201115819089
L48T16beta4.23ms0.032315m0.001033,4.23,176.43,48,16,86,2.8953019810618336e-8,0.05123155787033445,0.40512099362702464
L48T16beta4.23ms0.032315m0.001033,4.23,176.43,48,16,87,2.895308284825428e-8,0.0512316694136662,0.40512187567214036
L48T16beta4.23ms0.032315m0.001033,4.23,176.43,48,16,88,2.895314588589022e-8,0.051231780956997944,0.40512275771725614
L48T16beta4.23ms0.032315m0.001033,4.23,176.43,48,16,89,2.8953208923526168e-8,0.051231892500329695,0.40512363976237187
L48T16beta4.23ms0.032315m0.001033,4.23,176.43,48,16,90,2.8953271961162112e-8,0.05123200404366145,0.4051245218074876
L48T16beta4.23ms0.032315m0.001033,4.23,176.43,48,16,91,2.895333499879806e-8,0.0512321155869932,0.4051254038526033
L48T16beta4.23ms0.032315m0.001033,4.23,176.43,48,16,92,2.8953398036434e-8,0.051232227130324944,0.40512628589771904
L48T16beta4.23ms0.032315m0.001033,4.23,176.43,48,16,93,2.8953461074069947e-8,0.051232338673656695,0.40512716794283476
L48T16beta4.23ms0.032315m0.001033,4.23,176.43,48,16,94,2.895352411170589e-8,0.05123245021698845,0.40512804998795054
L48T16beta4.23ms0.032315m0.001033,4.23,176.43,48,16,95,2.8953587149341838e-8,0.0512325617603202,0.40512893203306627
L48T16beta4.23ms0.032315m0.001033,4.23,176.43,48,16,96,2.895365018697778e-8,0.05123267330365194,0.405129814078182
L48T16beta4.23ms0.032315m0.001033,4.23,176.43,48,16,97,2.8953713224613722e-8,0.051232784846983695,0.4051306961232977
L48T16beta4.23ms0.032315m0.001033,4.23,176.43,48,16,98,2.895377626224967e-8,0.05123289639031545,0.40513157816841344
L48T16beta4.23ms0.032315m0.001033,4.23,176.43,48,16,99,2.8953839299885613e-8,0.0512330079336472,0.40513246021352917
L48T16beta4.23ms0.032315m0.001033,4.23,176.43,48,16,100,2.8953902337521557e-8,0.05123311947697894,0.40513334225864495
L48T16beta4.23ms0.032315m0.001033,4.23,176.43,48,16,101,2.89539653751575e-8,0.051233231020310695,0.40513422430376067
L48T16beta4.23ms0.032315m0.001033,4.23,176.43,48,16,102,2.8954028412793448e-8,0.051233342563642446,0.4051351063488764
L48T16beta4.23ms0.032315m0.001033,4.23,176.43,48,16,103,2.895409145042939e-8,0.05123345410697419,0.4051359883939921
L48T16beta4.23ms0.032315m0.001033,4.23,176.43,48,16,104,2.8954154488065333e-8,0.05123356565030594,0.40513687043910784
L48T16beta4.23ms0.032315m0.001033,4.23,176.43,48,16,105,2.895421752570128e-8,0.051233677193637694,0.40513775248422357
L48T16beta4.23ms0.032315m0.001033,4.23,176.43,48,16,106,2.8954280563337224e-8,0.051233788736969446,0.40513863452933935
L48T16beta4.23ms0.032315m0.001033,4.23,176.43,48,16,107,2.8954343600973167e-8,0.05123390028030119,0.40513951657445507
L48T16beta4.23ms0.032315m0.001033,4.23,176.43,48,16,108,2.895440663860911e-8,0.05123401182363294,0.4051403986195708
L48T16beta4.23ms0.032315m0.001033,4.23,176.43,48,16,109,2.895446967624506e-8,0.051234123366964694,0.4051412806646865
L48T16beta4.23ms0.032315m0.001033,4.23,176.43,48,16,110,2.8954532713881002e-8,0.051234234910296446,0.40514216270980224
L48T16beta4.23ms0.032315m0.001033,4.23,176.43,48,16,111,2.8954595751516943e-8,0.05123434645362819,0.40514304475491797
L48T16beta4.23ms0.032315m0.001033,4.23,176.43,48,16,112,2.895465878915289e-8,0.05123445799695994,0.40514392680003375
L48T16beta4.23ms0.032315m0.001033,4.23,176.43,48,16,113,2.8954721826788834e-8,0.051234569540291694,0.4051448088451495
L48T16beta4.23ms0.032315m0.001033,4.23,176.43,48,16,114,2.8954784864424778e-8,0.05123468108362344,0.4051456908902652
L48T16beta4.23ms0.032315m0.001033,4.23,176.43,48,16,115,2.8954847902060722e-8,0.05123479262695519,0.4051465729353809
L48T16beta4.23ms0.032315m0.001033,4.23,176.43,48,16,116,2.895491093969667e-8,0.05123490417028694,0.40514745498049665
L48T16beta4.23ms0.032315m0.001033,4.23,176.43,48,16,117,2.8954973977332613e-8,0.051235015713618694,0.40514833702561237
L48T16beta4.23ms0.032315m0.001033,4.23,176.43,48,16,118,2.8955037014968553e-8,0.05123512725695044,0.40514921907072815
L48T16beta4.23ms0.032315m0.001033,4.23,176.43,48,16,119,2.89551000526045e-8,0.05123523880028219,0.4051501011158439
L48T16beta4.23ms0.032315m0.001033,4.23,176.43,48,16,120,2.8955163090240444e-8,0.05123535034361394,0.4051509831609596
L48T16beta4.23ms0.032315m0.001033,4.23,176.43,48,16,121,2.895522612787639e-8,0.051235461886945693,0.4051518652060753
L48T16beta4.23ms0.032315m0.001033,4.23,176.43,48,16,122,2.8955289165512332e-8,0.05123557343027744,0.40515274725119105
L48T16beta4.23ms0.032315m0.001033,4.23,176.43,48,16,123,2.895535220314828e-8,0.05123568497360919,0.40515362929630677
L48T16beta4.23ms0.032315m0.001033,4.23,176.43,48,16,124,2.8955415240784223e-8,0.05123579651694094,0.40515451134142255
L48T16beta4.23ms0.032315m0.001033,4.23,176.43,48,16,125,2.8955478278420164e-8,0.051235908060272686,0.4051553933865383
L48T16beta4.23ms0.032315m0.001033,4.23,176.43,48,16,126,2.895554131605611e-8,0.05123601960360444,0.405156275431654
L48T16beta4.23ms0.032315m0.001033,4.23,176.43,48,16,127,2.8955604353692055e-8,0.05123613114693619,0.4051571574767697
L48T16beta4.23ms0.032315m0.001033,4.23,176.43,48,16,128,2.8955667391328002e-8,0.05123624269026794,0.40515803952188545
L48T16beta4.23ms0.032315m0.001033,4.23,176.43,48,16,129,2.8955730428963942e-8,0.051236354233599686,0.4051589215670012
L48T16beta4.23ms0.032315m0.001033,4.23,176.43,48,16,130,2.895579346659989e-8,0.05123646577693144,0.40515980361211695
L48T16beta4.23ms0.032315m0.001033,4.23,176.43,48,16,131,2.8955856504235833e-8,0.05123657732026319,0.4051606856572327
L48T16beta4.23ms0.032315m0.001033,4.23,176.43,48,16,132,2.895591954187178e-8,0.05123668886359494,0.4051615677023484
L48T16beta4.23ms0.032315m0.001033,4.23,176.43,48,16,133,2.895598257950772e-8,0.051236800406926686,0.4051624497474641
L48T16beta4.23ms0.032315m0.001033,4.23,176.43,48,16,134,2.8956045617143665e-8,0.05123691195025844,0.40516333179257985
L48T16beta4.23ms0.032315m0.001033,4.23,176.43,48,16,135,2.8956108654779612e-8,0.05123702349359019,0.4051642138376956
L48T16beta4.23ms0.032315m0.001033,4.23,176.43,48,16,136,2.8956171692415553e-8,0.051237135036921934,0.40516509588281135
L48T16beta4.23ms0.032315m0.001033,4.23,176.43,48,16,137,2.89562347300515e-8,0.051237246580253686,0.4051659779279271
L48T16beta4.23ms0.032315m0.001033,4.23,176.43,48,16,138,2.8956297767687444e-8,0.05123735812358544,0.4051668599730428
L48T16beta4.23ms0.032315m0.001033,4.23,176.43,48,16,139,2.895636080532339e-8,0.05123746966691719,0.4051677420181585
L48T16beta4.23ms0.032315m0.001033,4.23,176.43,48,16,140,2.895642384295933e-8,0.051237581210248934,0.40516862406327425
L48T16beta4.23ms0.032315m0.001033,4.23,176.43,48,16,141,2.8956486880595275e-8,0.051237692753580685,0.40516950610839
L48T16beta4.23ms0.032315m0.001033,4.23,176.43,48,16,142,2.8956549918231222e-8,0.05123780429691244,0.40517038815350576
L48T16beta4.23ms0.032315m0.001033,4.23,176.43,48,16,143,2.8956612955867166e-8,0.05123791584024419,0.4051712701986215
L48T16beta4.23ms0.032315m0.001033,4.23,176.43,48,16,144,2.895667599350311e-8,0.05123802738357593,0.4051721522437372
L48T16beta4.23ms0.032315m0.001033,4.23,176.43,48,16,145,2.8956739031139054e-8,0.051238138926907685,0.40517303428885293
L48T16beta4.23ms0.032315m0.001033,4.23,176.43,48,16,146,2.8956802068775e-8,0.05123825047023944,0.40517391633396865
L48T16beta4.23ms0.032315m0.001033,4.23,176.43,48,16,147,2.8956865106410945e-8,0.05123836201357119,0.4051747983790844
L48T16beta4.23ms0.032315m0.001033,4.23,176.43,48,16,148,2.8956928144046886e-8,0.05123847355690293,0.40517568042420016
L48T16beta4.23ms0.032315m0.001033,4.23,176.43,48,16,149,2.8956991181682833e-8,0.051238585100234685,0.4051765624693159
L48T16beta4.23ms0.032315m0.001033,4.23,176.43,48,16,150,2.8957054219318777e-8,0.051238696643566436,0.4051774445144316
L48T16beta4.23ms0.032315m0.001033,4.23,176.43,48,16,151,2.895711725695472e-8,0.05123880818689818,0.40517832655954733
L48T16beta4.23ms0.032315m0.001033,4.23,176.43,48,16,152,2.8957180294590664e-8,0.05123891973022993,0.40517920860466305
L48T16beta4.23ms0.032315m0.001033,4.23,176.43,48,16,153,2.895724333222661e-8,0.051239031273561685,0.4051800906497788
L48T16beta4.23ms0.032315m0.001033,4.23,176.43,48,16,154,2.8957306369862555e-8,0.051239142816893436,0.40518097269489456
L48T16beta4.23ms0.032315m0.001033,4.23,176.43,48,16,155,2.8957369407498496e-8,0.05123925436022518,0.4051818547400103
L48T16beta4.23ms0.032315m0.001033,4.23,176.43,48,16,156,2.8957432445134443e-8,0.05123936590355693,0.405182736785126
L48T16beta4.23ms0.032315m0.001033,4.23,176.43,48,16,157,2.8957495482770387e-8,0.051239477446888684,0.40518361883024173
L48T16beta4.23ms0.032315m0.001033,4.23,176.43,48,16,158,2.8957558520406334e-8,0.051239588990220436,0.40518450087535746
L48T16beta4.23ms0.032315m0.001033,4.23,176.43,48,16,159,2.8957621558042275e-8,0.05123970053355218,0.4051853829204732
L48T16beta4.23ms0.032315m0.001033,4.23,176.43,48,16,160,2.8957684595678222e-8,0.05123981207688393,0.40518626496558896
L48T16beta4.23ms0.032315m0.001033,4.23,176.43,48,16,161,2.8957747633314166e-8,0.051239923620215684,0.4051871470107047
L48T16beta4.23ms0.032315m0.001033,4.23,176.43,48,16,162,2.8957810670950106e-8,0.05124003516354743,0.4051880290558204
L48T16beta4.23ms0.032315m0.001033,4.23,176.43,48,16,163,2.8957873708586053e-8,0.05124014670687918,0.40518891110093613
L48T16beta4.23ms0.032315m0.001033,4.23,176.43,48,16,164,2.8957936746221997e-8,0.05124025825021093,0.40518979314605186
L48T16beta4.23ms0.032315m0.001033,4.23,176.43,48,16,165,2.8957999783857944e-8,0.051240369793542684,0.4051906751911676
L48T16beta4.23ms0.032315m0.001033,4.23,176.43,48,16,166,2.8958062821493885e-8,0.05124048133687443,0.4051915572362833
L48T16beta4.23ms0.032315m0.001033,4.23,176.43,48,16,167,2.8958125859129832e-8,0.05124059288020618,0.4051924392813991
L48T16beta4.23ms0.032315m0.001033,4.23,176.43,48,16,168,2.8958188896765776e-8,0.05124070442353793,0.4051933213265148
L48T16beta4.23ms0.032315m0.001033,4.23,176.43,48,16,169,2.8958251934401723e-8,0.051240815966869684,0.40519420337163053
L48T16beta4.23ms0.032315m0.001033,4.23,176.43,48,16,170,2.8958314972037664e-8,0.05124092751020143,0.40519508541674626
L48T16beta4.23ms0.032315m0.001033,4.23,176.43,48,16,171,2.8958378009673608e-8,0.05124103905353318,0.405195967461862
L48T16beta4.23ms0.032315m0.001033,4.23,176.43,48,16,172,2.8958441047309555e-8,0.05124115059686493,0.4051968495069777
L48T16beta4.23ms0.032315m0.001033,4.23,176.43,48,16,173,2.8958504084945495e-8,0.051241262140196676,0.4051977315520935
L48T16beta4.23ms0.032315m0.001033,4.23,176.43,48,16,174,2.8958567122581443e-8,0.05124137368352843,0.4051986135972092
L48T16beta4.23ms0.032315m0.001033,4.23,176.43,48,16,175,2.8958630160217386e-8,0.05124148522686018,0.40519949564232494
L48T16beta4.23ms0.032315m0.001033,4.23,176.43,48,16,176,2.8958693197853334e-8,0.05124159677019193,0.40520037768744066
L48T16beta4.23ms0.032315m0.001033,4.23,176.43,48,16,177,2.8958756235489274e-8,0.051241708313523676,0.4052012597325564
L48T16beta4.23ms0.032315m0.001033,4.23,176.43,48,16,178,2.8958819273125218e-8,0.05124181985685543,0.4052021417776721
L48T16beta4.23ms0.032315m0.001033,4.23,176.43,48,16,179,2.8958882310761165e-8,0.05124193140018718,0.4052030238227879
L48T16beta4.23ms0.032315m0.001033,4.23,176.43,48,16,180,2.895894534839711e-8,0.05124204294351893,0.4052039058679036
L48T16beta4.23ms0.032315m0.001033,4.23,176.43,48,16,181,2.8959008386033053e-8,0.051242154486850676,0.40520478791301934
L48T16beta4.23ms0.032315m0.001033,4.23,176.43,48,16,182,2.8959071423668997e-8,0.05124226603018243,0.40520566995813506
L48T16beta4.23ms0.032315m0.001033,4.23,176.43,48,16,183,2.8959134461304944e-8,0.05124237757351418,0.4052065520032508
L48T16beta4.23ms0.032315m0.001033,4.23,176.43,48,16,184,2.8959197498940884e-8,0.051242489116845924,0.4052074340483665
L48T16beta4.23ms0.032315m0.001033,4.23,176.43,48,16,185,2.8959260536576828e-8,0.051242600660177676,0.4052083160934823
L48T16beta4.23ms0.032315m0.001033,4.23,176.43,48,16,186,2.8959323574212775e-8,0.05124271220350943,0.405209198138598
L48T16beta4.23ms0.032315m0.001033,4.23,176.43,48,16,187,2.895938661184872e-8,0.05124282374684118,0.40521008018371374
L48T16beta4.23ms0.032315m0.001033,4.23,176.43,48,16,188,2.8959449649484663e-8,0.051242935290172924,0.40521096222882946
L48T16beta4.23ms0.032315m0.001033,4.23,176.43,48,16,189,2.8959512687120607e-8,0.051243046833504675,0.4052118442739452
L48T16beta4.23ms0.032315m0.001033,4.23,176.43,48,16,190,2.8959575724756554e-8,0.05124315837683643,0.4052127263190609
L48T16beta4.23ms0.032315m0.001033,4.23,176.43,48,16,191,2.8959638762392498e-8,0.05124326992016818,0.4052136083641767
L48T16beta4.23ms0.032315m0.001033,4.23,176.43,48,16,192,2.895970180002844e-8,0.051243381463499924,0.4052144904092924
L48T16beta4.23ms0.032315m0.001033,4.23,176.43,48,16,193,2.8959764837664386e-8,0.051243493006831675,0.40521537245440814
L48T16beta4.23ms0.032315m0.001033,4.23,176.43,48,16,194,2.895982787530033e-8,0.05124360455016343,0.40521625449952386
L48T16beta4.23ms0.032315m0.001033,4.23,176.43,48,16,195,2.8959890912936277e-8,0.05124371609349518,0.4052171365446396
L48T16beta4.23ms0.032315m0.001033,4.23,176.43,48,16,196,2.8959953950572217e-8,0.05124382763682692,0.4052180185897553
L48T16beta4.23ms0.032315m0.001033,4.23,176.43,48,16,197,2.8960016988208165e-8,0.051243939180158675,0.4052189006348711
L48T16beta4.23ms0.032315m0.001033,4.23,176.43,48,16,198,2.896008002584411e-8,0.05124405072349043,0.4052197826799868
L48T16beta4.23ms0.032315m0.001033,4.23,176.43,48,16,199,2.896014306348005e-8,0.05124416226682217,0.40522066472510254
L48T16beta4.23ms0.032315m0.001033,4.23,176.43,48,16,200,2.8960206101115996e-8,0.05124427381015392,0.40522154677021827
L48T16beta4.23ms0.032315m0.001033,4.23,176.43,48,16,201,2.896026913875194e-8,0.051244385353485675,0.405222428815334
L48T16beta4.23ms0.032315m0.001033,4.23,176.43,48,16,202,2.8960332176387887e-8,0.051244496896817426,0.4052233108604497
L48T16beta4.23ms0.032315m0.001033,4.23,176.43,48,16,203,2.8960395214023828e-8,0.05124460844014917,0.4052241929055655
L48T16beta4.23ms0.032315m0.001033,4.23,176.43,48,16,204,2.8960458251659775e-8,0.05124471998348092,0.4052250749506812
L48T16beta4.23ms0.032315m0.001033,4.23,176.43,48,16,205,2.896052128929572e-8,0.051244831526812674,0.40522595699579694
L48T16beta4.23ms0.032315m0.001033,4.23,176.43,48,16,206,2.8960584326931666e-8,0.051244943070144426,0.40522683904091267
L48T16beta4.23ms0.032315m0.001033,4.23,176.43,48,16,207,2.8960647364567606e-8,0.05124505461347617,0.4052277210860284
L48T16beta4.23ms0.032315m0.001033,4.23,176.43,48,16,208,2.896071040220355e-8,0.05124516615680792,0.4052286031311441
L48T16beta4.23ms0.032315m0.001033,4.23,176.43,48,16,209,2.8960773439839497e-8,0.051245277700139674,0.4052294851762599
L48T16beta4.23ms0.032315m0.001033,4.23,176.43,48,16,210,2.8960836477475438e-8,0.05124538924347142,0.4052303672213756
L48T16beta4.23ms0.032315m0.001033,4.23,176.43,48,16,211,2.8960899515111385e-8,0.05124550078680317,0.40523124926649134
L48T16beta4.23ms0.032315m0.001033,4.23,176.43,48,16,212,2.896096255274733e-8,0.05124561233013492,0.40523213131160707
L48T16beta4.23ms0.032315m0.001033,4.23,176.43,48,16,213,2.8961025590383276e-8,0.051245723873466674,0.4052330133567228
L48T16beta4.23ms0.032315m0.001033,4.23,176.43,48,16,214,2.8961088628019217e-8,0.05124583541679842,0.4052338954018385
L48T16beta4.23ms0.032315m0.001033,4.23,176.43,48,16,215,2.896115166565516e-8,0.05124594696013017,0.4052347774469543
L48T16beta4.23ms0.032315m0.001033,4.23,176.43,48,16,216,2.8961214703291108e-8,0.05124605850346192,0.40523565949207
L48T16beta4.23ms0.032315m0.001033,4.23,176.43,48,16,217,2.8961277740927052e-8,0.051246170046793674,0.40523654153718575
L48T16beta4.23ms0.032315m0.001033,4.23,176.43,48,16,218,2.8961340778562996e-8,0.05124628159012542,0.40523742358230147
L48T16beta4.23ms0.032315m0.001033,4.23,176.43,48,16,219,2.896140381619894e-8,0.05124639313345717,0.4052383056274172
L48T16beta4.23ms0.032315m0.001033,4.23,176.43,48,16,220,2.8961466853834887e-8,0.05124650467678892,0.4052391876725329
L48T16beta4.23ms0.032315m0.001033,4.23,176.43,48,16,221,2.8961529891470827e-8,0.051246616220120667,0.4052400697176487
L48T16beta4.23ms0.032315m0.001033,4.23,176.43,48,16,222,2.896159292910677e-8,0.05124672776345242,0.4052409517627644
L48T16beta4.23ms0.032315m0.001033,4.23,176.43,48,16,223,2.8961655966742718e-8,0.05124683930678417,0.40524183380788015
L48T16beta4.23ms0.032315m0.001033,4.23,176.43,48,16,224,2.8961719004378662e-8,0.05124695085011592,0.40524271585299587
L48T16beta4.23ms0.032315m0.001033,4.23,176.43,48,16,225,2.8961782042014606e-8,0.051247062393447666,0.4052435978981116
L48T16beta4.23ms0.032315m0.001033,4.23,176.43,48,16,226,2.896184507965055e-8,0.05124717393677942,0.4052444799432273
L48T16beta4.23ms0.032315m0.001033,4.23,176.43,48,16,227,2.8961908117286497e-8,0.05124728548011117,0.4052453619883431
L48T16beta4.23ms0.032315m0.001033,4.23,176.43,48,16,228,2.896197115492244e-8,0.05124739702344292,0.4052462440334588
L48T16beta4.23ms0.032315m0.001033,4.23,176.43,48,16,229,2.896203419255838e-8,0.051247508566774666,0.40524712607857455
L48T16beta4.23ms0.032315m0.001033,4.23,176.43,48,16,230,2.896209723019433e-8,0.05124762011010642,0.4052480081236903
L48T16beta4.23ms0.032315m0.001033,4.23,176.43,48,16,231,2.8962160267830272e-8,0.05124773165343817,0.405248890168806
L48T16beta4.23ms0.032315m0.001033,4.23,176.43,48,16,232,2.8962223305466216e-8,0.051247843196769914,0.4052497722139217
L48T16beta4.23ms0.032315m0.001033,4.23,176.43,48,16,233,2.896228634310216e-8,0.051247954740101666,0.4052506542590375
L48T16beta4.23ms0.032315m0.001033,4.23,176.43,48,16,234,2.8962349380738107e-8,0.05124806628343342,0.4052515363041532
L48T16beta4.23ms0.032315m0.001033,4.23,176.43,48,16,235,2.896241241837405e-8,0.05124817782676517,0.40525241834926895
L48T16beta4.23ms0.032315m0.001033,4.23,176.43,48,16,236,2.896247545600999e-8,0.051248289370096914,0.4052533003943847
L48T16beta4.23ms0.032315m0.001033,4.23,176.43,48,16,237,2.896253849364594e-8,0.051248400913428666,0.4052541824395004
L48T16beta4.23ms0.032315m0.001033,4.23,176.43,48,16,238,2.8962601531281883e-8,0.05124851245676042,0.4052550644846161
L48T16beta4.23ms0.032315m0.001033,4.23,176.43,48,16,239,2.896266456891783e-8,0.05124862400009217,0.4052559465297319
L48T16beta4.23ms0.032315m0.001033,4.23,176.43,48,16,240,2.896272760655377e-8,0.051248735543423914,0.4052568285748476
L48T16beta4.23ms0.032315m0.001033,4.23,176.43,48,16,241,2.8962790644189718e-8,0.051248847086755665,0.40525771061996335
L48T16beta4.23ms0.032315m0.001033,4.23,176.43,48,16,242,2.896285368182566e-8,0.05124895863008742,0.4052585926650791
L48T16beta4.23ms0.032315m0.001033,4.23,176.43,48,16,243,2.896291671946161e-8,0.05124907017341917,0.4052594747101948
L48T16beta4.23ms0.032315m0.001033,4.23,176.43,48,16,244,2.896297975709755e-8,0.05124918171675091,0.4052603567553105
L48T16beta4.23ms0.032315m0.001033,4.23,176.43,48,16,245,2.8963042794733493e-8,0.051249293260082665,0.4052612388004263
L48T16beta4.23ms0.032315m0.001033,4.23,176.43,48,16,246,2.896310583236944e-8,0.05124940480341442,0.40526212084554203
L48T16beta4.23ms0.032315m0.001033,4.23,176.43,48,16,247,2.896316887000538e-8,0.05124951634674616,0.40526300289065775
L48T16beta4.23ms0.032315m0.001033,4.23,176.43,48,16,248,2.8963231907641328e-8,0.05124962789007791,0.4052638849357735
L48T16beta4.23ms0.032315m0.001033,4.23,176.43,48,16,249,2.8963294945277272e-8,0.051249739433409665,0.4052647669808892
L48T16beta4.23ms0.032315m0.001033,4.23,176.43,48,16,250,2.896335798291322e-8,0.051249850976741416,0.4052656490260049
L48T16beta4.23ms0.032315m0.001033,4.23,176.43,48,16,251,2.896342102054916e-8,0.05124996252007316,0.4052665310711207
L48T16beta4.23ms0.032315m0.001033,4.23,176.43,48,16,252,2.8963484058185103e-8,0.05125007406340491,0.40526741311623643
L48T16beta4.23ms0.032315m0.001033,4.23,176.43,48,16,253,2.896354709582105e-8,0.051250185606736665,0.40526829516135215
L48T16beta4.23ms0.032315m0.001033,4.23,176.43,48,16,254,2.8963610133456994e-8,0.051250297150068416,0.4052691772064679
L48T16beta4.23ms0.032315m0.001033,4.23,176.43,48,16,255,2.8963673171092938e-8,0.05125040869340016,0.4052700592515836
L48T16beta4.23ms0.032315m0.001033,4.23,176.43,48,16,256,2.8963736208728882e-8,0.05125052023673191,0.4052709412966993
L48T16beta4.23ms0.032315m0.001033,4.23,176.43,48,16,257,2.896379924636483e-8,0.051250631780063664,0.4052718233418151
L48T16beta4.23ms0.032315m0.001033,4.23,176.43,48,16,258,2.896386228400077e-8,0.05125074332339541,0.40527270538693083
L48T16beta4.23ms0.032315m0.001033,4.23,176.43,48,16,259,2.8963925321636714e-8,0.05125085486672716,0.40527358743204656
L48T16beta4.23ms0.032315m0.001033,4.23,176.43,48,16,260,2.896398835927266e-8,0.05125096641005891,0.4052744694771623
L48T16beta4.23ms0.032315m0.001033,4.23,176.43,48,16,261,2.8964051396908605e-8,0.051251077953390664,0.405275351522278
L48T16beta4.23ms0.032315m0.001033,4.23,176.43,48,16,262,2.896411443454455e-8,0.05125118949672241,0.40527623356739373
L48T16beta4.23ms0.032315m0.001033,4.23,176.43,48,16,263,2.8964177472180492e-8,0.05125130104005416,0.40527711561250945
L48T16beta4.23ms0.032315m0.001033,4.23,176.43,48,16,264,2.896424050981644e-8,0.05125141258338591,0.40527799765762523
L48T16beta4.23ms0.032315m0.001033,4.23,176.43,48,16,265,2.8964303547452383e-8,0.051251524126717664,0.40527887970274096
L48T16beta4.23ms0.032315m0.001033,4.23,176.43,48,16,266,2.8964366585088324e-8,0.05125163567004941,0.4052797617478567
L48T16beta4.23ms0.032315m0.001033,4.23,176.43,48,16,267,2.896442962272427e-8,0.05125174721338116,0.4052806437929724
L48T16beta4.23ms0.032315m0.001033,4.23,176.43,48,16,268,2.8964492660360215e-8,0.05125185875671291,0.40528152583808813
L48T16beta4.23ms0.032315m0.001033,4.23,176.43,48,16,269,2.896455569799616e-8,0.05125197030004466,0.40528240788320385
L48T16beta4.23ms0.032315m0.001033,4.23,176.43,48,16,270,2.8964618735632103e-8,0.05125208184337641,0.40528328992831963
L48T16beta4.23ms0.032315m0.001033,4.23,176.43,48,16,271,2.896468177326805e-8,0.05125219338670816,0.40528417197343536
L48T16beta4.23ms0.032315m0.001033,4.23,176.43,48,16,272,2.8964744810903994e-8,0.05125230493003991,0.4052850540185511
L48T16beta4.23ms0.032315m0.001033,4.23,176.43,48,16,273,2.8964807848539934e-8,0.051252416473371656,0.4052859360636668
L48T16beta4.23ms0.032315m0.001033,4.23,176.43,48,16,274,2.896487088617588e-8,0.05125252801670341,0.40528681810878253
L48T16beta4.23ms0.032315m0.001033,4.23,176.43,48,16,275,2.8964933923811825e-8,0.05125263956003516,0.40528770015389826
L48T16beta4.23ms0.032315m0.001033,4.23,176.43,48,16,276,2.8964996961447773e-8,0.05125275110336691,0.40528858219901404
L48T16beta4.23ms0.032315m0.001033,4.23,176.43,48,16,277,2.8965059999083713e-8,0.051252862646698656,0.40528946424412976
L48T16beta4.23ms0.032315m0.001033,4.23,176.43,48,16,278,2.896512303671966e-8,0.05125297419003041,0.4052903462892455
L48T16beta4.23ms0.032315m0.001033,4.23,176.43,48,16,279,2.8965186074355604e-8,0.05125308573336216,0.4052912283343612
L48T16beta4.23ms0.032315m0.001033,4.23,176.43,48,16,280,2.8965249111991545e-8,0.051253197276693904,0.40529211037947693
L48T16beta4.23ms0.032315m0.001033,4.23,176.43,48,16,281,2.8965312149627492e-8,0.051253308820025656,0.40529299242459266
L48T16beta4.23ms0.032315m0.001033,4.23,176.43,48,16,282,2.8965375187263436e-8,0.05125342036335741,0.40529387446970844
L48T16beta4.23ms0.032315m0.001033,4.23,176.43,48,16,283,2.8965438224899383e-8,0.05125353190668916,0.40529475651482416
L48T16beta4.23ms0.032315m0.001033,4.23,176.43,48,16,284,2.8965501262535323e-8,0.051253643450020904,0.4052956385599399
L48T16beta4.23ms0.032315m0.001033,4.23,176.43,48,16,285,2.896556430017127e-8,0.051253754993352656,0.4052965206050556
L48T16beta4.23ms0.032315m0.001033,4.23,176.43,48,16,286,2.8965627337807214e-8,0.05125386653668441,0.40529740265017133
L48T16beta4.23ms0.032315m0.001033,4.23,176.43,48,16,287,2.8965690375443158e-8,0.05125397808001616,0.40529828469528706
L48T16beta4.23ms0.032315m0.001033,4.23,176.43,48,16,288,2.8965753413079102e-8,0.051254089623347904,0.40529916674040284
L48T16beta4.23ms0.032315m0.001033,4.23,176.43,48,16,289,2.8965816450715046e-8,0.051254201166679655,0.40530004878551856
L48T16beta4.23ms0.032315m0.001033,4.23,176.43,48,16,290,2.8965879488350993e-8,0.05125431271001141,0.4053009308306343
L48T16beta4.23ms0.032315m0.001033,4.23,176.43,48,16,291,2.8965942525986937e-8,0.05125442425334316,0.40530181287575
L48T16beta4.23ms0.032315m0.001033,4.23,176.43,48,16,292,2.896600556362288e-8,0.051254535796674904,0.40530269492086574
L48T16beta4.23ms0.032315m0.001033,4.23,176.43,48,16,293,2.8966068601258825e-8,0.051254647340006655,0.40530357696598146
L48T16beta4.23ms0.032315m0.001033,4.23,176.43,48,16,294,2.896613163889477e-8,0.05125475888333841,0.40530445901109724
L48T16beta4.23ms0.032315m0.001033,4.23,176.43,48,16,295,2.8966194676530712e-8,0.05125487042667015,0.40530534105621296
L48T16beta4.23ms0.032315m0.001033,4.23,176.43,48,16,296,2.8966257714166656e-8,0.0512549819700019,0.4053062231013287
L48T16beta4.23ms0.032315m0.001033,4.23,176.43,48,16,297,2.8966320751802604e-8,0.051255093513333655,0.4053071051464444
L48T16beta4.23ms0.032315m0.001033,4.23,176.43,48,16,298,2.8966383789438547e-8,0.05125520505666541,0.40530798719156014
L48T16beta4.23ms0.032315m0.001033,4.23,176.43,48,16,299,2.896644682707449e-8,0.05125531659999715,0.40530886923667586
L48T16beta4.23ms0.032315m0.001033,4.23,176.43,48,16,300,2.8966509864710435e-8,0.0512554281433289,0.40530975128179164
L48T16beta4.23ms0.032315m0.001033,4.23,176.43,48,16,301,2.896657290234638e-8,0.051255539686660655,0.40531063332690737
L48T16beta4.23ms0.032315m0.001033,4.23,176.43,48,16,302,2.8966635939982326e-8,0.051255651229992406,0.4053115153720231
L48T16beta4.23ms0.032315m0.001033,4.23,176.43,48,16,303,2.8966698977618267e-8,0.05125576277332415,0.4053123974171388
L48T16beta4.23ms0.032315m0.001033,4.23,176.43,48,16,304,2.8966762015254214e-8,0.0512558743166559,0.40531327946225454
L48T16beta4.23ms0.032315m0.001033,4.23,176.43,48,16,305,2.8966825052890158e-8,0.051255985859987654,0.40531416150737026
L48T16beta4.23ms0.032315m0.001033,4.23,176.43,48,16,306,2.89668880905261e-8,0.0512560974033194,0.40531504355248604
L48T16beta4.23ms0.032315m0.001033,4.23,176.43,48,16,307,2.8966951128162045e-8,0.05125620894665115,0.40531592559760177
L48T16beta4.23ms0.032315m0.001033,4.23,176.43,48,16,308,2.896701416579799e-8,0.0512563204899829,0.4053168076427175
L48T16beta4.23ms0.032315m0.001033,4.23,176.43,48,16,309,2.8967077203433936e-8,0.051256432033314654,0.4053176896878332
L48T16beta4.23ms0.032315m0.001033,4.23,176.43,48,16,310,2.8967140241069877e-8,0.0512565435766464,0.40531857173294894
L48T16beta4.23ms0.032315m0.001033,4.23,176.43,48,16,311,2.8967203278705824e-8,0.05125665511997815,0.40531945377806466
L48T16beta4.23ms0.032315m0.001033,4.23,176.43,48,16,312,2.8967266316341768e-8,0.0512567666633099,0.40532033582318044
L48T16beta4.23ms0.032315m0.001033,4.23,176.43,48,16,313,2.8967329353977715e-8,0.051256878206641654,0.40532121786829617
L48T16beta4.23ms0.032315m0.001033,4.23,176.43,48,16,314,2.8967392391613656e-8,0.0512569897499734,0.4053220999134119
L48T16beta4.23ms0.032315m0.001033,4.23,176.43,48,16,315,2.89674554292496e-8,0.05125710129330515,0.4053229819585276
L48T16beta4.23ms0.032315m0.001033,4.23,176.43,48,16,316,2.8967518466885547e-8,0.0512572128366369,0.40532386400364334
L48T16beta4.23ms0.032315m0.001033,4.23,176.43,48,16,317,2.8967581504521487e-8,0.05125732437996865,0.40532474604875907
L48T16beta4.23ms0.032315m0.001033,4.23,176.43,48,16,318,2.8967644542157435e-8,0.0512574359233004,0.40532562809387485
L48T16beta4.23ms0.032315m0.001033,4.23,176.43,48,16,319,2.896770757979338e-8,0.05125754746663215,0.40532651013899057
L48T16beta4.23ms0.032315m0.001033,4.23,176.43,48,16,320,2.8967770617429326e-8,0.0512576590099639,0.4053273921841063
L48T16beta4.23ms0.032315m0.001033,4.23,176.43,48,16,321,2.8967833655065266e-8,0.051257770553295647,0.405328274229222
L48T16beta4.23ms0.032315m0.001033,4.23,176.43,48,16,322,2.896789669270121e-8,0.0512578820966274,0.40532915627433774
L48T16beta4.23ms0.032315m0.001033,4.23,176.43,48,16,323,2.8967959730337157e-8,0.05125799363995915,0.40533003831945347
L48T16beta4.23ms0.032315m0.001033,4.23,176.43,48,16,324,2.89680227679731e-8,0.0512581051832909,0.40533092036456925
L48T16beta4.23ms0.032315m0.001033,4.23,176.43,48,16,325,2.8968085805609045e-8,0.051258216726622646,0.40533180240968497
L48T16beta4.23ms0.032315m0.001033,4.23,176.43,48,16,326,2.896814884324499e-8,0.0512583282699544,0.4053326844548007
L48T16beta4.23ms0.032315m0.001033,4.23,176.43,48,16,327,2.8968211880880936e-8,0.05125843981328615,0.4053335664999164
L48T16beta4.23ms0.032315m0.001033,4.23,176.43,48,16,328,2.8968274918516876e-8,0.051258551356617894,0.40533444854503214
L48T16beta4.23ms0.032315m0.001033,4.23,176.43,48,16,329,2.896833795615282e-8,0.051258662899949646,0.40533533059014787
L48T16beta4.23ms0.032315m0.001033,4.23,176.43,48,16,330,2.8968400993788767e-8,0.0512587744432814,0.40533621263526365
L48T16beta4.23ms0.032315m0.001033,4.23,176.43,48,16,331,2.896846403142471e-8,0.05125888598661315,0.4053370946803794
L48T16beta4.23ms0.032315m0.001033,4.23,176.43,48,16,332,2.8968527069060655e-8,0.051258997529944894,0.4053379767254951
L48T16beta4.23ms0.032315m0.001033,4.23,176.43,48,16,333,2.89685901066966e-8,0.051259109073276646,0.4053388587706108
L48T16beta4.23ms0.032315m0.001033,4.23,176.43,48,16,334,2.8968653144332546e-8,0.0512592206166084,0.40533974081572655
L48T16beta4.23ms0.032315m0.001033,4.23,176.43,48,16,335,2.896871618196849e-8,0.05125933215994015,0.40534062286084227
L48T16beta4.23ms0.032315m0.001033,4.23,176.43,48,16,336,2.896877921960443e-8,0.051259443703271894,0.40534150490595805
L48T16beta4.23ms0.032315m0.001033,4.23,176.43,48,16,337,2.8968842257240378e-8,0.051259555246603646,0.4053423869510738
L48T16beta4.23ms0.032315m0.001033,4.23,176.43,48,16,338,2.896890529487632e-8,0.0512596667899354,0.4053432689961895
L48T16beta4.23ms0.032315m0.001033,4.23,176.43,48,16,339,2.896896833251227e-8,0.05125977833326715,0.4053441510413052
L48T16beta4.23ms0.032315m0.001033,4.23,176.43,48,16,340,2.896903137014821e-8,0.051259889876598894,0.40534503308642095
L48T16beta4.23ms0.032315m0.001033,4.23,176.43,48,16,341,2.8969094407784157e-8,0.051260001419930645,0.40534591513153667
L48T16beta4.23ms0.032315m0.001033,4.23,176.43,48,16,342,2.89691574454201e-8,0.0512601129632624,0.40534679717665245
L48T16beta4.23ms0.032315m0.001033,4.23,176.43,48,16,343,2.896922048305604e-8,0.05126022450659414,0.4053476792217682
L48T16beta4.23ms0.032315m0.001033,4.23,176.43,48,16,344,2.8969283520691988e-8,0.05126033604992589,0.4053485612668839
L48T16beta4.23ms0.032315m0.001033,4.23,176.43,48,16,345,2.8969346558327932e-8,0.051260447593257645,0.4053494433119996
L48T16beta4.23ms0.032315m0.001033,4.23,176.43,48,16,346,2.896940959596388e-8,0.0512605591365894,0.40535032535711535
L48T16beta4.23ms0.032315m0.001033,4.23,176.43,48,16,347,2.896947263359982e-8,0.05126067067992114,0.4053512074022311
L48T16beta4.23ms0.032315m0.001033,4.23,176.43,48,16,348,2.8969535671235767e-8,0.05126078222325289,0.40535208944734685
L48T16beta4.23ms0.032315m0.001033,4.23,176.43,48,16,349,2.896959870887171e-8,0.051260893766584645,0.4053529714924626
L48T16beta4.23ms0.032315m0.001033,4.23,176.43,48,16,350,2.8969661746507658e-8,0.051261005309916396,0.4053538535375783
L48T16beta4.23ms0.032315m0.001033,4.23,176.43,48,16,351,2.89697247841436e-8,0.05126111685324814,0.405354735582694
L48T16beta4.23ms0.032315m0.001033,4.23,176.43,48,16,352,2.8969787821779542e-8,0.05126122839657989,0.40535561762780975
L48T16beta4.23ms0.032315m0.001033,4.23,176.43,48,16,353,2.896985085941549e-8,0.051261339939911645,0.4053564996729255
L48T16beta4.23ms0.032315m0.001033,4.23,176.43,48,16,354,2.896991389705143e-8,0.05126145148324339,0.40535738171804125
L48T16beta4.23ms0.032315m0.001033,4.23,176.43,48,16,355,2.8969976934687377e-8,0.05126156302657514,0.405358263763157
L48T16beta4.23ms0.032315m0.001033,4.23,176.43,48,16,356,2.897003997232332e-8,0.05126167456990689,0.4053591458082727
L48T16beta4.23ms0.032315m0.001033,4.23,176.43,48,16,357,2.8970103009959268e-8,0.051261786113238644,0.4053600278533884
L48T16beta4.23ms0.032315m0.001033,4.23,176.43,48,16,358,2.897016604759521e-8,0.05126189765657039,0.40536090989850415
L48T16beta4.23ms0.032315m0.001033,4.23,176.43,48,16,359,2.8970229085231153e-8,0.05126200919990214,0.4053617919436199
L48T16beta4.23ms0.032315m0.001033,4.23,176.43,48,16,360,2.89702921228671e-8,0.05126212074323389,0.4053626739887356
L48T16beta4.23ms0.032315m0.001033,4.23,176.43,48,16,361,2.8970355160503044e-8,0.051262232286565644,0.4053635560338514
L48T16beta4.23ms0.032315m0.001033,4.23,176.43,48,16,362,2.8970418198138988e-8,0.05126234382989739,0.4053644380789671
L48T16beta4.23ms0.032315m0.001033,4.23,176.43,48,16,363,2.897048123577493e-8,0.05126245537322914,0.40536532012408283
L48T16beta4.23ms0.032315m0.001033,4.23,176.43,48,16,364,2.897054427341088e-8,0.05126256691656089,0.40536620216919855
L48T16beta4.23ms0.032315m0.001033,4.23,176.43,48,16,365,2.897060731104682e-8,0.05126267845989264,0.4053670842143143
L48T16beta4.23ms0.032315m0.001033,4.23,176.43,48,16,366,2.8970670348682763e-8,0.05126279000322439,0.40536796625943
L48T16beta4.23ms0.032315m0.001033,4.23,176.43,48,16,367,2.897073338631871e-8,0.05126290154655614,0.4053688483045458
L48T16beta4.23ms0.032315m0.001033,4.23,176.43,48,16,368,2.8970796423954654e-8,0.05126301308988789,0.4053697303496615
L48T16beta4.23ms0.032315m0.001033,4.23,176.43,48,16,369,2.8970859461590598e-8,0.05126312463321964,0.40537061239477723
L48T16beta4.23ms0.032315m0.001033,4.23,176.43,48,16,370,2.8970922499226542e-8,0.05126323617655139,0.40537149443989295
L48T16beta4.23ms0.032315m0.001033,4.23,176.43,48,16,371,2.897098553686249e-8,0.05126334771988314,0.4053723764850087
L48T16beta4.23ms0.032315m0.001033,4.23,176.43,48,16,372,2.8971048574498433e-8,0.05126345926321489,0.4053732585301244
L48T16beta4.23ms0.032315m0.001033,4.23,176.43,48,16,373,2.8971111612134373e-8,0.051263570806546636,0.4053741405752402
L48T16beta4.23ms0.032315m0.001033,4.23,176.43,48,16,374,2.897117464977032e-8,0.05126368234987839,0.4053750226203559
L48T16beta4.23ms0.032315m0.001033,4.23,176.43,48,16,375,2.8971237687406264e-8,0.05126379389321014,0.40537590466547163
L48T16beta4.23ms0.032315m0.001033,4.23,176.43,48,16,376,2.8971300725042208e-8,0.051263905436541884,0.40537678671058736
L48T16beta4.23ms0.032315m0.001033,4.23,176.43,48,16,377,2.8971363762678152e-8,0.051264016979873636,0.4053776687557031
L48T16beta4.23ms0.032315m0.001033,4.23,176.43,48,16,378,2.89714268003141e-8,0.05126412852320539,0.4053785508008188
L48T16beta4.23ms0.032315m0.001033,4.23,176.43,48,16,379,2.8971489837950043e-8,0.05126424006653714,0.4053794328459346
L48T16beta4.23ms0.032315m0.001033,4.23,176.43,48,16,380,2.8971552875585984e-8,0.051264351609868884,0.4053803148910503
L48T16beta4.23ms0.032315m0.001033,4.23,176.43,48,16,381,2.897161591322193e-8,0.051264463153200636,0.40538119693616603
L48T16beta4.23ms0.032315m0.001033,4.23,176.43,48,16,382,2.8971678950857875e-8,0.05126457469653239,0.40538207898128176
L48T16beta4.23ms0.032315m0.001033,4.23,176.43,48,16,383,2.8971741988493822e-8,0.05126468623986414,0.4053829610263975
L48T16beta4.23ms0.032315m0.001033,4.23,176.43,48,16,384,2.8971805026129762e-8,0.051264797783195884,0.4053838430715132
L48T16beta4.23ms0.032315m0.001033,4.23,176.43,48,16,385,2.897186806376571e-8,0.051264909326527636,0.405384725116629
L48T16beta4.23ms0.032315m0.001033,4.23,176.43,48,16,386,2.8971931101401653e-8,0.05126502086985939,0.4053856071617447
L48T16beta4.23ms0.032315m0.001033,4.23,176.43,48,16,387,2.89719941390376e-8,0.05126513241319114,0.40538648920686043
L48T16beta4.23ms0.032315m0.001033,4.23,176.43,48,16,388,2.897205717667354e-8,0.051265243956522884,0.40538737125197616
L48T16beta4.23ms0.032315m0.001033,4.23,176.43,48,16,389,2.8972120214309485e-8,0.051265355499854635,0.4053882532970919
L48T16beta4.23ms0.032315m0.001033,4.23,176.43,48,16,390,2.8972183251945432e-8,0.05126546704318639,0.4053891353422076
L48T16beta4.23ms0.032315m0.001033,4.23,176.43,48,16,391,2.8972246289581373e-8,0.05126557858651813,0.4053900173873234
L48T16beta4.23ms0.032315m0.001033,4.23,176.43,48,16,392,2.897230932721732e-8,0.051265690129849883,0.4053908994324391
L48T16beta4.23ms0.032315m0.001033,4.23,176.43,48,16,393,2.8972372364853264e-8,0.051265801673181635,0.40539178147755484
L48T16beta4.23ms0.032315m0.001033,4.23,176.43,48,16,394,2.897243540248921e-8,0.05126591321651339,0.40539266352267056
L48T16beta4.23ms0.032315m0.001033,4.23,176.43,48,16,395,2.897249844012515e-8,0.05126602475984513,0.4053935455677863
L48T16beta4.23ms0.032315m0.001033,4.23,176.43,48,16,396,2.8972561477761095e-8,0.05126613630317688,0.405394427612902
L48T16beta4.23ms0.032315m0.001033,4.23,176.43,48,16,397,2.8972624515397042e-8,0.051266247846508635,0.4053953096580178
L48T16beta4.23ms0.032315m0.001033,4.23,176.43,48,16,398,2.8972687553032986e-8,0.05126635938984039,0.4053961917031335
L48T16beta4.23ms0.032315m0.001033,4.23,176.43,48,16,399,2.897275059066893e-8,0.05126647093317213,0.40539707374824924
L48T16beta4.23ms0.032315m0.001033,4.23,176.43,48,16,400,2.8972813628304874e-8,0.05126658247650388,0.40539795579336496
L48T16beta4.23ms0.032315m0.001033,4.23,176.43,48,16,401,2.897287666594082e-8,0.051266694019835635,0.4053988378384807
L48T16beta4.23ms0.032315m0.001033,4.23,176.43,48,16,402,2.8972939703576762e-8,0.05126680556316738,0.4053997198835964
L48T16beta4.23ms0.032315m0.001033,4.23,176.43,48,16,403,2.8973002741212706e-8,0.05126691710649913,0.4054006019287122
L48T16beta4.23ms0.032315m0.001033,4.23,176.43,48,16,404,2.8973065778848653e-8,0.05126702864983088,0.4054014839738279
L48T16beta4.23ms0.032315m0.001033,4.23,176.43,48,16,405,2.8973128816484597e-8,0.051267140193162634,0.40540236601894364
L48T16beta4.23ms0.032315m0.001033,4.23,176.43,48,16,406,2.897319185412054e-8,0.05126725173649438,0.40540324806405936
L48T16beta4.23ms0.032315m0.001033,4.23,176.43,48,16,407,2.8973254891756484e-8,0.05126736327982613,0.4054041301091751
L48T16beta4.23ms0.032315m0.001033,4.23,176.43,48,16,408,2.897331792939243e-8,0.05126747482315788,0.4054050121542908
L48T16beta4.23ms0.032315m0.001033,4.23,176.43,48,16,409,2.8973380967028375e-8,0.051267586366489634,0.4054058941994066
L48T16beta4.23ms0.032315m0.001033,4.23,176.43,48,16,410,2.8973444004664316e-8,0.05126769790982138,0.4054067762445223
L48T16beta4.23ms0.032315m0.001033,4.23,176.43,48,16,411,2.8973507042300263e-8,0.05126780945315313,0.40540765828963804
L48T16beta4.23ms0.032315m0.001033,4.23,176.43,48,16,412,2.8973570079936207e-8,0.05126792099648488,0.40540854033475376
L48T16beta4.23ms0.032315m0.001033,4.23,176.43,48,16,413,2.897363311757215e-8,0.05126803253981663,0.4054094223798695
L48T16beta4.23ms0.032315m0.001033,4.23,176.43,48,16,414,2.8973696155208095e-8,0.05126814408314838,0.4054103044249852
L48T16beta4.23ms0.032315m0.001033,4.23,176.43,48,16,415,2.8973759192844042e-8,0.05126825562648013,0.405411186470101
L48T16beta4.23ms0.032315m0.001033,4.23,176.43,48,16,416,2.8973822230479986e-8,0.05126836716981188,0.4054120685152167
L48T16beta4.23ms0.032315m0.001033,4.23,176.43,48,16,417,2.8973885268115926e-8,0.05126847871314363,0.40541295056033244
L48T16beta4.23ms0.032315m0.001033,4.23,176.43,48,16,418,2.8973948305751873e-8,0.05126859025647538,0.40541383260544817
L48T16beta4.23ms0.032315m0.001033,4.23,176.43,48,16,419,2.8974011343387817e-8,0.05126870179980713,0.4054147146505639
L48T16beta4.23ms0.032315m0.001033,4.23,176.43,48,16,420,2.8974074381023765e-8,0.05126881334313888,0.4054155966956796
L48T16beta4.23ms0.032315m0.001033,4.23,176.43,48,16,421,2.8974137418659705e-8,0.051268924886470627,0.4054164787407954
L48T16beta4.23ms0.032315m0.001033,4.23,176.43,48,16,422,2.8974200456295652e-8,0.05126903642980238,0.4054173607859111
L48T16beta4.23ms0.032315m0.001033,4.23,176.43,48,16,423,2.8974263493931596e-8,0.05126914797313413,0.40541824283102684
L48T16beta4.23ms0.032315m0.001033,4.23,176.43,48,16,424,2.8974326531567537e-8,0.051269259516465875,0.40541912487614257
L48T16beta4.23ms0.032315m0.001033,4.23,176.43,48,16,425,2.8974389569203484e-8,0.051269371059797626,0.4054200069212583
L48T16beta4.23ms0.032315m0.001033,4.23,176.43,48,16,426,2.8974452606839428e-8,0.05126948260312938,0.405420888966374
L48T16beta4.23ms0.032315m0.001033,4.23,176.43,48,16,427,2.8974515644475375e-8,0.05126959414646113,0.4054217710114898
L48T16beta4.23ms0.032315m0.001033,4.23,176.43,48,16,428,2.8974578682111315e-8,0.051269705689792874,0.4054226530566055
L48T16beta4.23ms0.032315m0.001033,4.23,176.43,48,16,429,2.8974641719747263e-8,0.051269817233124626,0.40542353510172124
L48T16beta4.23ms0.032315m0.001033,4.23,176.43,48,16,430,2.8974704757383206e-8,0.05126992877645638,0.40542441714683697
L48T16beta4.23ms0.032315m0.001033,4.23,176.43,48,16,431,2.8974767795019154e-8,0.05127004031978813,0.4054252991919527
L48T16beta4.23ms0.032315m0.001033,4.23,176.43,48,16,432,2.8974830832655094e-8,0.051270151863119874,0.4054261812370684
L48T16beta4.23ms0.032315m0.001033,4.23,176.43,48,16,433,2.8974893870291038e-8,0.051270263406451626,0.4054270632821842
L48T16beta4.23ms0.032315m0.001033,4.23,176.43,48,16,434,2.8974956907926985e-8,0.05127037494978338,0.4054279453272999
L48T16beta4.23ms0.032315m0.001033,4.23,176.43,48,16,435,2.897501994556293e-8,0.05127048649311513,0.40542882737241565
L48T16beta4.23ms0.032315m0.001033,4.23,176.43,48,16,436,2.8975082983198873e-8,0.051270598036446874,0.40542970941753137
L48T16beta4.23ms0.032315m0.001033,4.23,176.43,48,16,437,2.8975146020834817e-8,0.051270709579778626,0.4054305914626471
L48T16beta4.23ms0.032315m0.001033,4.23,176.43,48,16,438,2.8975209058470764e-8,0.05127082112311038,0.4054314735077628
L48T16beta4.23ms0.032315m0.001033,4.23,176.43,48,16,439,2.8975272096106704e-8,0.05127093266644212,0.4054323555528786
L48T16beta4.23ms0.032315m0.001033,4.23,176.43,48,16,440,2.8975335133742648e-8,0.051271044209773874,0.4054332375979943
L48T16beta4.23ms0.032315m0.001033,4.23,176.43,48,16,441,2.8975398171378596e-8,0.051271155753105625,0.40543411964311005
L48T16beta4.23ms0.032315m0.001033,4.23,176.43,48,16,442,2.897546120901454e-8,0.05127126729643738,0.40543500168822577
L48T16beta4.23ms0.032315m0.001033,4.23,176.43,48,16,443,2.8975524246650483e-8,0.05127137883976912,0.4054358837333415
L48T16beta4.23ms0.032315m0.001033,4.23,176.43,48,16,444,2.8975587284286427e-8,0.05127149038310087,0.4054367657784572
L48T16beta4.23ms0.032315m0.001033,4.23,176.43,48,16,445,2.8975650321922374e-8,0.051271601926432625,0.405437647823573
L48T16beta4.23ms0.032315m0.001033,4.23,176.43,48,16,446,2.8975713359558318e-8,0.05127171346976438,0.4054385298686887
L48T16beta4.23ms0.032315m0.001033,4.23,176.43,48,16,447,2.897577639719426e-8,0.05127182501309612,0.40543941191380445
L48T16beta4.23ms0.032315m0.001033,4.23,176.43,48,16,448,2.8975839434830206e-8,0.05127193655642787,0.4054402939589202
L48T16beta4.23ms0.032315m0.001033,4.23,176.43,48,16,449,2.897590247246615e-8,0.051272048099759625,0.4054411760040359
L48T16beta4.23ms0.032315m0.001033,4.23,176.43,48,16,450,2.8975965510102094e-8,0.05127215964309137,0.4054420580491516
L48T16beta4.23ms0.032315m0.001033,4.23,176.43,48,16,451,2.8976028547738037e-8,0.05127227118642312,0.4054429400942674
L48T16beta4.23ms0.032315m0.001033,4.23,176.43,48,16,452,2.8976091585373985e-8,0.05127238272975487,0.4054438221393831
L48T16beta4.23ms0.032315m0.001033,4.23,176.43,48,16,453,2.897615462300993e-8,0.051272494273086625,0.40544470418449885
L48T16beta4.23ms0.032315m0.001033,4.23,176.43,48,16,454,2.897621766064587e-8,0.05127260581641837,0.4054455862296146
L48T16beta4.23ms0.032315m0.001033,4.23,176.43,48,16,455,2.8976280698281816e-8,0.05127271735975012,0.4054464682747303
L48T16beta4.23ms0.032315m0.001033,4.23,176.43,48,16,456,2.897634373591776e-8,0.05127282890308187,0.405447350319846
L48T16beta4.23ms0.032315m0.001033,4.23,176.43,48,16,457,2.8976406773553707e-8,0.051272940446413624,0.4054482323649618
L48T16beta4.23ms0.032315m0.001033,4.23,176.43,48,16,458,2.8976469811189648e-8,0.05127305198974537,0.4054491144100775
L48T16beta4.23ms0.032315m0.001033,4.23,176.43,48,16,459,2.8976532848825595e-8,0.05127316353307712,0.40544999645519325
L48T16beta4.23ms0.032315m0.001033,4.23,176.43,48,16,460,2.897659588646154e-8,0.05127327507640887,0.405450878500309
L48T16beta4.23ms0.032315m0.001033,4.23,176.43,48,16,461,2.897665892409748e-8,0.05127338661974062,0.4054517605454247
L48T16beta4.23ms0.032315m0.001033,4.23,176.43,48,16,462,2.8976721961733427e-8,0.05127349816307237,0.4054526425905404
L48T16beta4.23ms0.032315m0.001033,4.23,176.43,48,16,463,2.897678499936937e-8,0.05127360970640412,0.40545352463565615
L48T16beta4.23ms0.032315m0.001033,4.23,176.43,48,16,464,2.8976848037005318e-8,0.05127372124973587,0.40545440668077193
L48T16beta4.23ms0.032315m0.001033,4.23,176.43,48,16,465,2.8976911074641258e-8,0.05127383279306762,0.40545528872588765
L48T16beta4.23ms0.032315m0.001033,4.23,176.43,48,16,466,2.8976974112277205e-8,0.05127394433639937,0.4054561707710034
L48T16beta4.23ms0.032315m0.001033,4.23,176.43,48,16,467,2.897703714991315e-8,0.05127405587973112,0.4054570528161191
L48T16beta4.23ms0.032315m0.001033,4.23,176.43,48,16,468,2.8977100187549096e-8,0.05127416742306287,0.4054579348612348
L48T16beta4.23ms0.032315m0.001033,4.23,176.43,48,16,469,2.8977163225185037e-8,0.05127427896639462,0.40545881690635055
L48T16beta4.23ms0.032315m0.001033,4.23,176.43,48,16,470,2.897722626282098e-8,0.05127439050972637,0.40545969895146633
L48T16beta4.23ms0.032315m0.001033,4.23,176.43,48,16,471,2.8977289300456928e-8,0.05127450205305812,0.40546058099658205
L48T16beta4.23ms0.032315m0.001033,4.23,176.43,48,16,472,2.897735233809287e-8,0.051274613596389865,0.4054614630416978
L48T16beta4.23ms0.032315m0.001033,4.23,176.43,48,16,473,2.8977415375728816e-8,0.051274725139721616,0.4054623450868135
L48T16beta4.23ms0.032315m0.001033,4.23,176.43,48,16,474,2.897747841336476e-8,0.05127483668305337,0.4054632271319292
L48T16beta4.23ms0.032315m0.001033,4.23,176.43,48,16,475,2.8977541451000707e-8,0.05127494822638512,0.40546410917704495
L48T16beta4.23ms0.032315m0.001033,4.23,176.43,48,16,476,2.8977604488636647e-8,0.051275059769716864,0.40546499122216073
L48T16beta4.23ms0.032315m0.001033,4.23,176.43,48,16,477,2.897766752627259e-8,0.051275171313048616,0.40546587326727646
L48T16beta4.23ms0.032315m0.001033,4.23,176.43,48,16,478,2.8977730563908538e-8,0.05127528285638037,0.4054667553123922
L48T16beta4.23ms0.032315m0.001033,4.23,176.43,48,16,479,2.8977793601544482e-8,0.05127539439971212,0.4054676373575079
L48T16beta4.23ms0.032315m0.001033,4.23,176.43,48,16,480,2.8977856639180426e-8,0.051275505943043864,0.40546851940262363
L48T16beta4.23ms0.032315m0.001033,4.23,176.43,48,16,481,2.897791967681637e-8,0.051275617486375616,0.40546940144773935
L48T16beta4.23ms0.032315m0.001033,4.23,176.43,48,16,482,2.8977982714452317e-8,0.05127572902970737,0.40547028349285513
L48T16beta4.23ms0.032315m0.001033,4.23,176.43,48,16,483,2.897804575208826e-8,0.05127584057303912,0.40547116553797086
L48T16beta4.23ms0.032315m0.001033,4.23,176.43,48,16,484,2.89781087897242e-8,0.051275952116370864,0.4054720475830866
L48T16beta4.23ms0.032315m0.001033,4.23,176.43,48,16,485,2.897817182736015e-8,0.051276063659702616,0.4054729296282023
L48T16beta4.23ms0.032315m0.001033,4.23,176.43,48,16,486,2.8978234864996092e-8,0.05127617520303437,0.40547381167331803
L48T16beta4.23ms0.032315m0.001033,4.23,176.43,48,16,487,2.8978297902632036e-8,0.05127628674636611,0.40547469371843375
L48T16beta4.23ms0.032315m0.001033,4.23,176.43,48,16,488,2.897836094026798e-8,0.051276398289697864,0.40547557576354953
L48T16beta4.23ms0.032315m0.001033,4.23,176.43,48,16,489,2.8978423977903927e-8,0.051276509833029615,0.40547645780866526
L48T16beta4.23ms0.032315m0.001033,4.23,176.43,48,16,490,2.897848701553987e-8,0.05127662137636137,0.405477339853781
L48T16beta4.23ms0.032315m0.001033,4.23,176.43,48,16,491,2.8978550053175812e-8,0.05127673291969311,0.4054782218988967
L48T16beta4.23ms0.032315m0.001033,4.23,176.43,48,16,492,2.897861309081176e-8,0.051276844463024863,0.40547910394401243
L48T16beta4.23ms0.032315m0.001033,4.23,176.43,48,16,493,2.8978676128447703e-8,0.051276956006356615,0.40547998598912816
L48T16beta4.23ms0.032315m0.001033,4.23,176.43,48,16,494,2.897873916608365e-8,0.05127706754968837,0.40548086803424394
L48T16beta4.23ms0.032315m0.001033,4.23,176.43,48,16,495,2.897880220371959e-8,0.05127717909302011,0.40548175007935966
L48T16beta4.23ms0.032315m0.001033,4.23,176.43,48,16,496,2.8978865241355538e-8,0.05127729063635186,0.4054826321244754
L48T16beta4.23ms0.032315m0.001033,4.23,176.43,48,16,497,2.897892827899148e-8,0.051277402179683615,0.4054835141695911
L48T16beta4.23ms0.032315m0.001033,4.23,176.43,48,16,498,2.8978991316627422e-8,0.05127751372301536,0.40548439621470683
L48T16beta4.23ms0.032315m0.001033,4.23,176.43,48,16,499,2.897905435426337e-8,0.05127762526634711,0.40548527825982256
L48T16beta4.23ms0.032315m0.001033,4.23,176.43,48,16,500,2.8979117391899313e-8,0.05127773680967886,0.40548616030493834
L48T16beta4.23ms0.032315m0.001033,4.23,176.43,48,16,501,2.897918042953526e-8,0.051277848353010615,0.40548704235005406
L48T16beta4.23ms0.032315m0.001033,4.23,176.43,48,16,502,2.89792434671712e-8,0.05127795989634236,0.4054879243951698
L48T16beta4.23ms0.032315m0.001033,4.23,176.43,48,16,503,2.8979306504807148e-8,0.05127807143967411,0.4054888064402855
L48T16beta4.23ms0.032315m0.001033,4.23,176.43,48,16,504,2.8979369542443092e-8,0.05127818298300586,0.40548968848540123
L48T16beta4.23ms0.032315m0.001033,4.23,176.43,48,16,505,2.897943258007904e-8,0.051278294526337614,0.40549057053051696
L48T16beta4.23ms0.032315m0.001033,4.23,176.43,48,16,506,2.897949561771498e-8,0.05127840606966936,0.40549145257563274
L48T16beta4.23ms0.032315m0.001033,4.23,176.43,48,16,507,2.8979558655350923e-8,0.05127851761300111,0.40549233462074846
L48T16beta4.23ms0.032315m0.001033,4.23,176.43,48,16,508,2.897962169298687e-8,0.05127862915633286,0.4054932166658642
L48T16beta4.23ms0.032315m0.001033,4.23,176.43,48,16,509,2.897968473062281e-8,0.05127874069966461,0.4054940987109799
L48T16beta4.23ms0.032315m0.001033,4.23,176.43,48,16,510,2.8979747768258758e-8,0.05127885224299636,0.40549498075609564
L48T16beta4.23ms0.032315m0.001033,4.23,176.43,48,16,511,2.8979810805894702e-8,0.05127896378632811,0.40549586280121136
L48T16beta4.23ms0.032315m0.001033,4.23,176.43,48,16,512,2.897987384353065e-8,0.05127907532965986,0.40549674484632714
L48T16beta4.23ms0.032315m0.001033,4.23,176.43,48,16,513,2.897993688116659e-8,0.05127918687299161,0.40549762689144286
L48T16beta4.23ms0.032315m0.001033,4.23,176.43,48,16,514,2.8979999918802534e-8,0.05127929841632336,0.4054985089365586
L48T16beta4.23ms0.032315m0.001033,4.23,176.43,48,16,515,2.898006295643848e-8,0.05127940995965511,0.4054993909816743
L48T16beta4.23ms0.032315m0.001033,4.23,176.43,48,16,516,2.8980125994074425e-8,0.05127952150298686,0.40550027302679004
L48T16beta4.23ms0.032315m0.001033,4.23,176.43,48,16,517,2.898018903171037e-8,0.05127963304631861,0.40550115507190576
L48T16beta4.23ms0.032315m0.001033,4.23,176.43,48,16,518,2.8980252069346312e-8,0.05127974458965036,0.40550203711702154
L48T16beta4.23ms0.032315m0.001033,4.23,176.43,48,16,519,2.898031510698226e-8,0.05127985613298211,0.40550291916213727
L48T16beta4.23ms0.032315m0.001033,4.23,176.43,48,16,520,2.89803781446182e-8,0.051279967676313855,0.405503801207253
L48T16beta4.23ms0.032315m0.001033,4.23,176.43,48,16,521,2.8980441182254144e-8,0.051280079219645607,0.4055046832523687
L48T16beta4.23ms0.032315m0.001033,4.23,176.43,48,16,522,2.898050421989009e-8,0.05128019076297736,0.40550556529748444
L48T16beta4.23ms0.032315m0.001033,4.23,176.43,48,16,523,2.8980567257526035e-8,0.05128030230630911,0.40550644734260016
L48T16beta4.23ms0.032315m0.001033,4.23,176.43,48,16,524,2.898063029516198e-8,0.051280413849640855,0.40550732938771594
L48T16beta4.23ms0.032315m0.001033,4.23,176.43,48,16,525,2.8980693332797923e-8,0.051280525392972606,0.40550821143283167
L48T16beta4.23ms0.032315m0.001033,4.23,176.43,48,16,526,2.898075637043387e-8,0.05128063693630436,0.4055090934779474
L48T16beta4.23ms0.032315m0.001033,4.23,176.43,48,16,527,2.8980819408069814e-8,0.05128074847963611,0.4055099755230631
L48T16beta4.23ms0.032315m0.001033,4.23,176.43,48,16,528,2.8980882445705754e-8,0.051280860022967854,0.40551085756817884
L48T16beta4.23ms0.032315m0.001033,4.23,176.43,48,16,529,2.89809454833417e-8,0.051280971566299606,0.40551173961329456
L48T16beta4.23ms0.032315m0.001033,4.23,176.43,48,16,530,2.8981008520977645e-8,0.05128108310963136,0.40551262165841034
L48T16beta4.23ms0.032315m0.001033,4.23,176.43,48,16,531,2.8981071558613593e-8,0.05128119465296311,0.40551350370352607
L48T16beta4.23ms0.032315m0.001033,4.23,176.43,48,16,532,2.8981134596249533e-8,0.051281306196294854,0.4055143857486418
L48T16beta4.23ms0.032315m0.001033,4.23,176.43,48,16,533,2.898119763388548e-8,0.051281417739626606,0.4055152677937575
L48T16beta4.23ms0.032315m0.001033,4.23,176.43,48,16,534,2.8981260671521424e-8,0.05128152928295836,0.40551614983887324
L48T16beta4.23ms0.032315m0.001033,4.23,176.43,48,16,535,2.8981323709157365e-8,0.0512816408262901,0.40551703188398897
L48T16beta4.23ms0.032315m0.001033,4.23,176.43,48,16,536,2.8981386746793312e-8,0.051281752369621854,0.40551791392910475
L48T16beta4.23ms0.032315m0.001033,4.23,176.43,48,16,537,2.8981449784429256e-8,0.051281863912953606,0.40551879597422047
L48T16beta4.23ms0.032315m0.001033,4.23,176.43,48,16,538,2.8981512822065203e-8,0.05128197545628536,0.4055196780193362
L48T16beta4.23ms0.032315m0.001033,4.23,176.43,48,16,539,2.8981575859701143e-8,0.0512820869996171,0.4055205600644519
L48T16beta4.23ms0.032315m0.001033,4.23,176.43,48,16,540,2.898163889733709e-8,0.051282198542948854,0.40552144210956764
L48T16beta4.23ms0.032315m0.001033,4.23,176.43,48,16,541,2.8981701934973034e-8,0.051282310086280605,0.40552232415468337
L48T16beta4.23ms0.032315m0.001033,4.23,176.43,48,16,542,2.898176497260898e-8,0.05128242162961236,0.40552320619979915
L48T16beta4.23ms0.032315m0.001033,4.23,176.43,48,16,543,2.8981828010244922e-8,0.0512825331729441,0.40552408824491487
L48T16beta4.23ms0.032315m0.001033,4.23,176.43,48,16,544,2.8981891047880866e-8,0.05128264471627585,0.4055249702900306
L48T16beta4.23ms0.032315m0.001033,4.23,176.43,48,16,545,2.8981954085516813e-8,0.051282756259607605,0.4055258523351463
L48T16beta4.23ms0.032315m0.001033,4.23,176.43,48,16,546,2.8982017123152754e-8,0.05128286780293935,0.40552673438026204
L48T16beta4.23ms0.032315m0.001033,4.23,176.43,48,16,547,2.89820801607887e-8,0.0512829793462711,0.40552761642537777
L48T16beta4.23ms0.032315m0.001033,4.23,176.43,48,16,548,2.8982143198424645e-8,0.05128309088960285,0.40552849847049355
L48T16beta4.23ms0.032315m0.001033,4.23,176.43,48,16,549,2.898220623606059e-8,0.051283202432934605,0.4055293805156093
L48T16beta4.23ms0.032315m0.001033,4.23,176.43,48,16,550,2.8982269273696533e-8,0.05128331397626635,0.405530262560725
L48T16beta4.23ms0.032315m0.001033,4.23,176.43,48,16,551,2.8982332311332476e-8,0.0512834255195981,0.4055311446058407
L48T16beta4.23ms0.032315m0.001033,4.23,176.43,48,16,552,2.8982395348968424e-8,0.05128353706292985,0.40553202665095645
L48T16beta4.23ms0.032315m0.001033,4.23,176.43,48,16,553,2.8982458386604367e-8,0.051283648606261605,0.40553290869607217
L48T16beta4.23ms0.032315m0.001033,4.23,176.43,48,16,554,2.898252142424031e-8,0.05128376014959335,0.40553379074118795
L48T16beta4.23ms0.032315m0.001033,4.23,176.43,48,16,555,2.8982584461876255e-8,0.0512838716929251,0.4055346727863037
L48T16beta4.23ms0.032315m0.001033,4.23,176.43,48,16,556,2.89826474995122e-8,0.05128398323625685,0.4055355548314194
L48T16beta4.23ms0.032315m0.001033,4.23,176.43,48,16,557,2.8982710537148143e-8,0.0512840947795886,0.4055364368765351
L48T16beta4.23ms0.032315m0.001033,4.23,176.43,48,16,558,2.8982773574784087e-8,0.05128420632292035,0.40553731892165085
L48T16beta4.23ms0.032315m0.001033,4.23,176.43,48,16,559,2.8982836612420034e-8,0.0512843178662521,0.40553820096676657
L48T16beta4.23ms0.032315m0.001033,4.23,176.43,48,16,560,2.8982899650055978e-8,0.05128442940958385,0.4055390830118823
L48T16beta4.23ms0.032315m0.001033,4.23,176.43,48,16,561,2.898296268769192e-8,0.0512845409529156,0.4055399650569981
L48T16beta4.23ms0.032315m0.001033,4.23,176.43,48,16,562,2.8983025725327865e-8,0.05128465249624735,0.4055408471021138
L48T16beta4.23ms0.032315m0.001033,4.23,176.43,48,16,563,2.898308876296381e-8,0.0512847640395791,0.4055417291472295
L48T16beta4.23ms0.032315m0.001033,4.23,176.43,48,16,564,2.8983151800599757e-8,0.05128487558291085,0.40554261119234525
L48T16beta4.23ms0.032315m0.001033,4.23,176.43,48,16,565,2.8983214838235697e-8,0.0512849871262426,0.405543493237461
L48T16beta4.23ms0.032315m0.001033,4.23,176.43,48,16,566,2.8983277875871644e-8,0.05128509866957435,0.4055443752825767
L48T16beta4.23ms0.032315m0.001033,4.23,176.43,48,16,567,2.8983340913507588e-8,0.0512852102129061,0.4055452573276925
L48T16beta4.23ms0.032315m0.001033,4.23,176.43,48,16,568,2.8983403951143532e-8,0.051285321756237845,0.4055461393728082
L48T16beta4.23ms0.032315m0.001033,4.23,176.43,48,16,569,2.8983466988779476e-8,0.0512854332995696,0.4055470214179239
L48T16beta4.23ms0.032315m0.001033,4.23,176.43,48,16,570,2.898353002641542e-8,0.05128554484290135,0.40554790346303965
L48T16beta4.23ms0.032315m0.001033,4.23,176.43,48,16,571,2.8983593064051367e-8,0.0512856563862331,0.4055487855081554
L48T16beta4.23ms0.032315m0.001033,4.23,176.43,48,16,572,2.8983656101687307e-8,0.051285767929564845,0.4055496675532711
L48T16beta4.23ms0.032315m0.001033,4.23,176.43,48,16,573,2.8983719139323255e-8,0.051285879472896596,0.4055505495983869
L48T16beta4.23ms0.032315m0.001033,4.23,176.43,48,16,574,2.89837821769592e-8,0.05128599101622835,0.4055514316435026
L48T16beta4.23ms0.032315m0.001033,4.23,176.43,48,16,575,2.8983845214595146e-8,0.0512861025595601,0.4055523136886183
L48T16beta4.23ms0.032315m0.001033,4.23,176.43,48,16,576,2.8983908252231086e-8,0.051286214102891844,0.40555319573373405
L48T16beta4.23ms0.032315m0.001033,4.23,176.43,48,16,577,2.898397128986703e-8,0.051286325646223596,0.4055540777788498
L48T16beta4.23ms0.032315m0.001033,4.23,176.43,48,16,578,2.8984034327502977e-8,0.05128643718955535,0.4055549598239655
L48T16beta4.23ms0.032315m0.001033,4.23,176.43,48,16,579,2.898409736513892e-8,0.0512865487328871,0.4055558418690813
L48T16beta4.23ms0.032315m0.001033,4.23,176.43,48,16,580,2.8984160402774865e-8,0.051286660276218844,0.405556723914197
L48T16beta4.23ms0.032315m0.001033,4.23,176.43,48,16,581,2.898422344041081e-8,0.051286771819550596,0.40555760595931273
L48T16beta4.23ms0.032315m0.001033,4.23,176.43,48,16,582,2.8984286478046756e-8,0.05128688336288235,0.40555848800442845
L48T16beta4.23ms0.032315m0.001033,4.23,176.43,48,16,583,2.8984349515682696e-8,0.05128699490621409,0.4055593700495442
L48T16beta4.23ms0.032315m0.001033,4.23,176.43,48,16,584,2.898441255331864e-8,0.051287106449545844,0.4055602520946599
L48T16beta4.23ms0.032315m0.001033,4.23,176.43,48,16,585,2.8984475590954588e-8,0.051287217992877596,0.4055611341397757
L48T16beta4.23ms0.032315m0.001033,4.23,176.43,48,16,586,2.898453862859053e-8,0.05128732953620935,0.4055620161848914
L48T16beta4.23ms0.032315m0.001033,4.23,176.43,48,16,587,2.8984601666226475e-8,0.05128744107954109,0.40556289823000713
L48T16beta4.23ms0.032315m0.001033,4.23,176.43,48,16,588,2.898466470386242e-8,0.051287552622872844,0.40556378027512285
L48T16beta4.23ms0.032315m0.001033,4.23,176.43,48,16,589,2.8984727741498366e-8,0.051287664166204595,0.4055646623202386
L48T16beta4.23ms0.032315m0.001033,4.23,176.43,48,16,590,2.898479077913431e-8,0.05128777570953635,0.4055655443653543
L48T16beta4.23ms0.032315m0.001033,4.23,176.43,48,16,591,2.898485381677025e-8,0.05128788725286809,0.4055664264104701
L48T16beta4.23ms0.032315m0.001033,4.23,176.43,48,16,592,2.8984916854406198e-8,0.051287998796199843,0.4055673084555858
L48T16beta4.23ms0.032315m0.001033,4.23,176.43,48,16,593,2.8984979892042142e-8,0.051288110339531595,0.40556819050070153
L48T16beta4.23ms0.032315m0.001033,4.23,176.43,48,16,594,2.8985042929678086e-8,0.05128822188286334,0.40556907254581726
L48T16beta4.23ms0.032315m0.001033,4.23,176.43,48,16,595,2.898510596731403e-8,0.05128833342619509,0.405569954590933
L48T16beta4.23ms0.032315m0.001033,4.23,176.43,48,16,596,2.8985169004949977e-8,0.05128844496952684,0.4055708366360487
L48T16beta4.23ms0.032315m0.001033,4.23,176.43,48,16,597,2.898523204258592e-8,0.051288556512858595,0.4055717186811645
L48T16beta4.23ms0.032315m0.001033,4.23,176.43,48,16,598,2.898529508022186e-8,0.05128866805619034,0.4055726007262802
L48T16beta4.23ms0.032315m0.001033,4.23,176.43,48,16,599,2.8985358117857808e-8,0.05128877959952209,0.40557348277139593
L48T16beta4.23ms0.032315m0.001033,4.23,176.43,48,16,600,2.8985421155493752e-8,0.05128889114285384,0.40557436481651166
L48T16beta4.23ms0.032315m0.001033,4.23,176.43,48,16,601,2.89854841931297e-8,0.051289002686185595,0.4055752468616274
L48T16beta4.23ms0.032315m0.001033,4.23,176.43,48,16,602,2.898554723076564e-8,0.05128911422951734,0.4055761289067431
L48T16beta4.23ms0.032315m0.001033,4.23,176.43,48,16,603,2.8985610268401587e-8,0.05128922577284909,0.4055770109518589
L48T16beta4.23ms0.032315m0.001033,4.23,176.43,48,16,604,2.898567330603753e-8,0.05128933731618084,0.4055778929969746
L48T16beta4.23ms0.032315m0.001033,4.23,176.43,48,16,605,2.898573634367347e-8,0.05128944885951259,0.40557877504209033
L48T16beta4.23ms0.032315m0.001033,4.23,176.43,48,16,606,2.898579938130942e-8,0.05128956040284434,0.40557965708720606
L48T16beta4.23ms0.032315m0.001033,4.23,176.43,48,16,607,2.8985862418945362e-8,0.05128967194617609,0.4055805391323218
L48T16beta4.23ms0.032315m0.001033,4.23,176.43,48,16,608,2.898592545658131e-8,0.05128978348950784,0.4055814211774375
L48T16beta4.23ms0.032315m0.001033,4.23,176.43,48,16,609,2.898598849421725e-8,0.05128989503283959,0.4055823032225533
L48T16beta4.23ms0.032315m0.001033,4.23,176.43,48,16,610,2.8986051531853197e-8,0.05129000657617134,0.405583185267669
L48T16beta4.23ms0.032315m0.001033,4.23,176.43,48,16,611,2.898611456948914e-8,0.05129011811950309,0.40558406731278474
L48T16beta4.23ms0.032315m0.001033,4.23,176.43,48,16,612,2.8986177607125088e-8,0.05129022966283484,0.40558494935790046
L48T16beta4.23ms0.032315m0.001033,4.23,176.43,48,16,613,2.898624064476103e-8,0.05129034120616659,0.4055858314030162
L48T16beta4.23ms0.032315m0.001033,4.23,176.43,48,16,614,2.8986303682396973e-8,0.05129045274949834,0.4055867134481319
L48T16beta4.23ms0.032315m0.001033,4.23,176.43,48,16,615,2.898636672003292e-8,0.05129056429283009,0.4055875954932477
L48T16beta4.23ms0.032315m0.001033,4.23,176.43,48,16,616,2.898642975766886e-8,0.051290675836161835,0.4055884775383634
L48T16beta4.23ms0.032315m0.001033,4.23,176.43,48,16,617,2.8986492795304808e-8,0.05129078737949359,0.40558935958347914
L48T16beta4.23ms0.032315m0.001033,4.23,176.43,48,16,618,2.898655583294075e-8,0.05129089892282534,0.40559024162859486
L48T16beta4.23ms0.032315m0.001033,4.23,176.43,48,16,619,2.89866188705767e-8,0.05129101046615709,0.4055911236737106
L48T16beta4.23ms0.032315m0.001033,4.23,176.43,48,16,620,2.898668190821264e-8,0.051291122009488835,0.4055920057188263
L48T16beta4.23ms0.032315m0.001033,4.23,176.43,48,16,621,2.8986744945848583e-8,0.051291233552820586,0.4055928877639421
L48T16beta4.23ms0.032315m0.001033,4.23,176.43,48,16,622,2.898680798348453e-8,0.05129134509615234,0.4055937698090578
L48T16beta4.23ms0.032315m0.001033,4.23,176.43,48,16,623,2.8986871021120474e-8,0.05129145663948409,0.40559465185417354
L48T16beta4.23ms0.032315m0.001033,4.23,176.43,48,16,624,2.8986934058756418e-8,0.051291568182815835,0.40559553389928926
L48T16beta4.23ms0.032315m0.001033,4.23,176.43,48,16,625,2.8986997096392362e-8,0.051291679726147586,0.405596415944405
L48T16beta4.23ms0.032315m0.001033,4.23,176.43,48,16,626,2.898706013402831e-8,0.05129179126947934,0.4055972979895207
L48T16beta4.23ms0.032315m0.001033,4.23,176.43,48,16,627,2.8987123171664253e-8,0.05129190281281109,0.4055981800346365
L48T16beta4.23ms0.032315m0.001033,4.23,176.43,48,16,628,2.8987186209300193e-8,0.051292014356142834,0.4055990620797522
L48T16beta4.23ms0.032315m0.001033,4.23,176.43,48,16,629,2.898724924693614e-8,0.051292125899474586,0.40559994412486794
L48T16beta4.23ms0.032315m0.001033,4.23,176.43,48,16,630,2.8987312284572084e-8,0.05129223744280634,0.40560082616998366
L48T16beta4.23ms0.032315m0.001033,4.23,176.43,48,16,631,2.8987375322208028e-8,0.05129234898613808,0.4056017082150994
L48T16beta4.23ms0.032315m0.001033,4.23,176.43,48,16,632,2.8987438359843972e-8,0.051292460529469834,0.4056025902602151
L48T16beta4.23ms0.032315m0.001033,4.23,176.43,48,16,633,2.898750139747992e-8,0.051292572072801586,0.4056034723053309
L48T16beta4.23ms0.032315m0.001033,4.23,176.43,48,16,634,2.8987564435115863e-8,0.05129268361613334,0.4056043543504466
L48T16beta4.23ms0.032315m0.001033,4.23,176.43,48,16,635,2.8987627472751804e-8,0.05129279515946508,0.40560523639556234
L48T16beta4.23ms0.032315m0.001033,4.23,176.43,48,16,636,2.898769051038775e-8,0.051292906702796834,0.40560611844067807
L48T16beta4.23ms0.032315m0.001033,4.23,176.43,48,16,637,2.8987753548023695e-8,0.051293018246128586,0.4056070004857938
L48T16beta4.23ms0.032315m0.001033,4.23,176.43,48,16,638,2.8987816585659642e-8,0.05129312978946034,0.4056078825309095
L48T16beta4.23ms0.032315m0.001033,4.23,176.43,48,16,639,2.8987879623295582e-8,0.05129324133279208,0.4056087645760253
L48T16beta4.23ms0.032315m0.001033,4.23,176.43,48,16,640,2.898794266093153e-8,0.051293352876123834,0.405609646621141
L48T16beta4.23ms0.032315m0.001033,4.23,176.43,48,16,641,2.8988005698567473e-8,0.051293464419455585,0.40561052866625674
L48T16beta4.23ms0.032315m0.001033,4.23,176.43,48,16,642,2.8988068736203414e-8,0.05129357596278733,0.40561141071137247
L48T16beta4.23ms0.032315m0.001033,4.23,176.43,48,16,643,2.898813177383936e-8,0.05129368750611908,0.4056122927564882
L48T16beta4.23ms0.032315m0.001033,4.23,176.43,48,16,644,2.8988194811475305e-8,0.05129379904945083,0.4056131748016039
L48T16beta4.23ms0.032315m0.001033,4.23,176.43,48,16,645,2.8988257849111252e-8,0.051293910592782585,0.4056140568467197
L48T16beta4.23ms0.032315m0.001033,4.23,176.43,48,16,646,2.8988320886747193e-8,0.05129402213611433,0.4056149388918354
L48T16beta4.23ms0.032315m0.001033,4.23,176.43,48,16,647,2.898838392438314e-8,0.05129413367944608,0.40561582093695114
L48T16beta4.23ms0.032315m0.001033,4.23,176.43,48,16,648,2.8988446962019084e-8,0.05129424522277783,0.40561670298206687
L48T16beta4.23ms0.032315m0.001033,4.23,176.43,48,16,649,2.898850999965503e-8,0.051294356766109585,0.4056175850271826
L48T16beta4.23ms0.032315m0.001033,4.23,176.43,48,16,650,2.898857303729097e-8,0.05129446830944133,0.4056184670722983
L48T16beta4.23ms0.032315m0.001033,4.23,176.43,48,16,651,2.8988636074926915e-8,0.05129457985277308,0.4056193491174141
L48T16beta4.23ms0.032315m0.001033,4.23,176.43,48,16,652,2.8988699112562863e-8,0.05129469139610483,0.4056202311625298
L48T16beta4.23ms0.032315m0.001033,4.23,176.43,48,16,653,2.8988762150198803e-8,0.05129480293943658,0.40562111320764555
L48T16beta4.23ms0.032315m0.001033,4.23,176.43,48,16,654,2.898882518783475e-8,0.05129491448276833,0.40562199525276127
L48T16beta4.23ms0.032315m0.001033,4.23,176.43,48,16,655,2.8988888225470694e-8,0.05129502602610008,0.405622877297877
L48T16beta4.23ms0.032315m0.001033,4.23,176.43,48,16,656,2.898895126310664e-8,0.05129513756943183,0.4056237593429927
L48T16beta4.23ms0.032315m0.001033,4.23,176.43,48,16,657,2.8989014300742582e-8,0.05129524911276358,0.4056246413881085
L48T16beta4.23ms0.032315m0.001033,4.23,176.43,48,16,658,2.8989077338378526e-8,0.05129536065609533,0.4056255234332242
L48T16beta4.23ms0.032315m0.001033,4.23,176.43,48,16,659,2.8989140376014473e-8,0.05129547219942708,0.40562640547833995
L48T16beta4.23ms0.032315m0.001033,4.23,176.43,48,16,660,2.8989203413650417e-8,0.05129558374275883,0.40562728752345567
L48T16beta4.23ms0.032315m0.001033,4.23,176.43,48,16,661,2.898926645128636e-8,0.05129569528609058,0.4056281695685714
L48T16beta4.23ms0.032315m0.001033,4.23,176.43,48,16,662,2.8989329488922304e-8,0.05129580682942233,0.4056290516136871
L48T16beta4.23ms0.032315m0.001033,4.23,176.43,48,16,663,2.898939252655825e-8,0.05129591837275408,0.40562993365880284
L48T16beta4.23ms0.032315m0.001033,4.23,176.43,48,16,664,2.8989455564194192e-8,0.051296029916085825,0.4056308157039186
L48T16beta4.23ms0.032315m0.001033,4.23,176.43,48,16,665,2.8989518601830136e-8,0.05129614145941758,0.40563169774903435
L48T16beta4.23ms0.032315m0.001033,4.23,176.43,48,16,666,2.8989581639466083e-8,0.05129625300274933,0.40563257979415007
L48T16beta4.23ms0.032315m0.001033,4.23,176.43,48,16,667,2.8989644677102027e-8,0.05129636454608108,0.4056334618392658
L48T16beta4.23ms0.032315m0.001033,4.23,176.43,48,16,668,2.898970771473797e-8,0.051296476089412825,0.4056343438843815
L48T16beta4.23ms0.032315m0.001033,4.23,176.43,48,16,669,2.8989770752373915e-8,0.05129658763274458,0.40563522592949725
L48T16beta4.23ms0.032315m0.001033,4.23,176.43,48,16,670,2.8989833790009862e-8,0.05129669917607633,0.405636107974613
L48T16beta4.23ms0.032315m0.001033,4.23,176.43,48,16,671,2.8989896827645806e-8,0.05129681071940808,0.40563699001972875
L48T16beta4.23ms0.032315m0.001033,4.23,176.43,48,16,672,2.8989959865281746e-8,0.051296922262739825,0.4056378720648445
L48T16beta4.23ms0.032315m0.001033,4.23,176.43,48,16,673,2.8990022902917694e-8,0.051297033806071576,0.4056387541099602
L48T16beta4.23ms0.032315m0.001033,4.23,176.43,48,16,674,2.8990085940553637e-8,0.05129714534940333,0.4056396361550759
L48T16beta4.23ms0.032315m0.001033,4.23,176.43,48,16,675,2.8990148978189585e-8,0.05129725689273508,0.40564051820019165
L48T16beta4.23ms0.032315m0.001033,4.23,176.43,48,16,676,2.8990212015825525e-8,0.051297368436066824,0.4056414002453074
L48T16beta4.23ms0.032315m0.001033,4.23,176.43,48,16,677,2.8990275053461472e-8,0.051297479979398576,0.40564228229042315
L48T16beta4.23ms0.032315m0.001033,4.23,176.43,48,16,678,2.8990338091097416e-8,0.05129759152273033,0.4056431643355389
L48T16beta4.23ms0.032315m0.001033,4.23,176.43,48,16,679,2.8990401128733357e-8,0.05129770306606207,0.4056440463806546
L48T16beta4.23ms0.032315m0.001033,4.23,176.43,48,16,680,2.8990464166369304e-8,0.051297814609393824,0.4056449284257703
L48T16beta4.23ms0.032315m0.001033,4.23,176.43,48,16,681,2.8990527204005248e-8,0.051297926152725576,0.40564581047088605
L48T16beta4.23ms0.032315m0.001033,4.23,176.43,48,16,682,2.8990590241641195e-8,0.05129803769605733,0.4056466925160018
L48T16beta4.23ms0.032315m0.001033,4.23,176.43,48,16,683,2.8990653279277135e-8,0.05129814923938907,0.40564757456111755
L48T16beta4.23ms0.032315m0.001033,4.23,176.43,48,16,684,2.8990716316913083e-8,0.051298260782720824,0.4056484566062333
L48T16beta4.23ms0.032315m0.001033,4.23,176.43,48,16,685,2.8990779354549026e-8,0.051298372326052576,0.405649338651349
L48T16beta4.23ms0.032315m0.001033,4.23,176.43,48,16,686,2.8990842392184974e-8,0.05129848386938433,0.4056502206964647
L48T16beta4.23ms0.032315m0.001033,4.23,176.43,48,16,687,2.8990905429820914e-8,0.05129859541271607,0.40565110274158045
L48T16beta4.23ms0.032315m0.001033,4.23,176.43,48,16,688,2.8990968467456858e-8,0.051298706956047824,0.40565198478669623
L48T16beta4.23ms0.032315m0.001033,4.23,176.43,48,16,689,2.8991031505092805e-8,0.051298818499379575,0.40565286683181195
L48T16beta4.23ms0.032315m0.001033,4.23,176.43,48,16,690,2.8991094542728746e-8,0.05129893004271132,0.4056537488769277
L48T16beta4.23ms0.032315m0.001033,4.23,176.43,48,16,691,2.8991157580364693e-8,0.05129904158604307,0.4056546309220434
L48T16beta4.23ms0.032315m0.001033,4.23,176.43,48,16,692,2.8991220618000637e-8,0.05129915312937482,0.4056555129671591
L48T16beta4.23ms0.032315m0.001033,4.23,176.43,48,16,693,2.8991283655636584e-8,0.051299264672706575,0.40565639501227485
L48T16beta4.23ms0.032315m0.001033,4.23,176.43,48,16,694,2.8991346693272525e-8,0.05129937621603832,0.40565727705739063
L48T16beta4.23ms0.032315m0.001033,4.23,176.43,48,16,695,2.899140973090847e-8,0.05129948775937007,0.40565815910250635
L48T16beta4.23ms0.032315m0.001033,4.23,176.43,48,16,696,2.8991472768544416e-8,0.05129959930270182,0.4056590411476221
L48T16beta4.23ms0.032315m0.001033,4.23,176.43,48,16,697,2.899153580618036e-8,0.051299710846033575,0.4056599231927378
L48T16beta4.23ms0.032315m0.001033,4.23,176.43,48,16,698,2.8991598843816303e-8,0.05129982238936532,0.40566080523785353
L48T16beta4.23ms0.032315m0.001033,4.23,176.43,48,16,699,2.8991661881452247e-8,0.05129993393269707,0.40566168728296925
L48T16beta4.23ms0.032315m0.001033,4.23,176.43,48,16,700,2.8991724919088194e-8,0.05130004547602882,0.40566256932808503
L48T16beta4.23ms0.032315m0.001033,4.23,176.43,48,16,701,2.8991787956724135e-8,0.05130015701936057,0.40566345137320076
L48T16beta4.23ms0.032315m0.001033,4.23,176.43,48,16,702,2.899185099436008e-8,0.05130026856269232,0.4056643334183165
L48T16beta4.23ms0.032315m0.001033,4.23,176.43,48,16,703,2.8991914031996026e-8,0.05130038010602407,0.4056652154634322
L48T16beta4.23ms0.032315m0.001033,4.23,176.43,48,16,704,2.899197706963197e-8,0.05130049164935582,0.40566609750854793
L48T16beta4.23ms0.032315m0.001033,4.23,176.43,48,16,705,2.8992040107267914e-8,0.05130060319268757,0.40566697955366365
L48T16beta4.23ms0.032315m0.001033,4.23,176.43,48,16,706,2.8992103144903857e-8,0.05130071473601932,0.40566786159877943
L48T16beta4.23ms0.032315m0.001033,4.23,176.43,48,16,707,2.8992166182539805e-8,0.05130082627935107,0.40566874364389516
L48T16beta4.23ms0.032315m0.001033,4.23,176.43,48,16,708,2.899222922017575e-8,0.05130093782268282,0.4056696256890109
L48T16beta4.23ms0.032315m0.001033,4.23,176.43,48,16,709,2.899229225781169e-8,0.05130104936601457,0.4056705077341266
L48T16beta4.23ms0.032315m0.001033,4.23,176.43,48,16,710,2.8992355295447636e-8,0.05130116090934632,0.40567138977924233
L48T16beta4.23ms0.032315m0.001033,4.23,176.43,48,16,711,2.899241833308358e-8,0.05130127245267807,0.40567227182435805
L48T16beta4.23ms0.032315m0.001033,4.23,176.43,48,16,712,2.8992481370719524e-8,0.051301383996009815,0.40567315386947383
L48T16beta4.23ms0.032315m0.001033,4.23,176.43,48,16,713,2.8992544408355468e-8,0.05130149553934157,0.40567403591458956
L48T16beta4.23ms0.032315m0.001033,4.23,176.43,48,16,714,2.8992607445991415e-8,0.05130160708267332,0.4056749179597053
L48T16beta4.23ms0.032315m0.001033,4.23,176.43,48,16,715,2.899267048362736e-8,0.05130171862600507,0.405675800004821
L48T16beta4.23ms0.032315m0.001033,4.23,176.43,48,16,716,2.89927335212633e-8,0.051301830169336815,0.40567668204993673
L48T16beta4.23ms0.032315m0.001033,4.23,176.43,48,16,717,2.8992796558899247e-8,0.05130194171266857,0.40567756409505246
L48T16beta4.23ms0.032315m0.001033,4.23,176.43,48,16,718,2.899285959653519e-8,0.05130205325600032,0.40567844614016824
L48T16beta4.23ms0.032315m0.001033,4.23,176.43,48,16,719,2.8992922634171138e-8,0.05130216479933207,0.40567932818528396
L48T16beta4.23ms0.032315m0.001033,4.23,176.43,48,16,720,2.8992985671807078e-8,0.051302276342663815,0.4056802102303997
L48T16beta4.23ms0.032315m0.001033,4.23,176.43,48,16,721,2.8993048709443025e-8,0.051302387885995566,0.4056810922755154
L48T16beta4.23ms0.032315m0.001033,4.23,176.43,48,16,722,2.899311174707897e-8,0.05130249942932732,0.40568197432063113
L48T16beta4.23ms0.032315m0.001033,4.23,176.43,48,16,723,2.8993174784714916e-8,0.05130261097265907,0.40568285636574686
L48T16beta4.23ms0.032315m0.001033,4.23,176.43,48,16,724,2.8993237822350857e-8,0.051302722515990815,0.40568373841086264
L48T16beta4.23ms0.032315m0.001033,4.23,176.43,48,16,725,2.89933008599868e-8,0.051302834059322566,0.40568462045597836
L48T16beta4.23ms0.032315m0.001033,4.23,176.43,48,16,726,2.8993363897622748e-8,0.05130294560265432,0.4056855025010941
L48T16beta4.23ms0.032315m0.001033,4.23,176.43,48,16,727,2.899342693525869e-8,0.05130305714598606,0.4056863845462098
L48T16beta4.23ms0.032315m0.001033,4.23,176.43,48,16,728,2.8993489972894636e-8,0.051303168689317814,0.40568726659132553
L48T16beta4.23ms0.032315m0.001033,4.23,176.43,48,16,729,2.899355301053058e-8,0.051303280232649566,0.40568814863644126
L48T16beta4.23ms0.032315m0.001033,4.23,176.43,48,16,730,2.8993616048166527e-8,0.05130339177598132,0.40568903068155704
L48T16beta4.23ms0.032315m0.001033,4.23,176.43,48,16,731,2.8993679085802467e-8,0.05130350331931306,0.40568991272667276
L48T16beta4.23ms0.032315m0.001033,4.23,176.43,48,16,732,2.899374212343841e-8,0.051303614862644814,0.4056907947717885
L48T16beta4.23ms0.032315m0.001033,4.23,176.43,48,16,733,2.8993805161074358e-8,0.051303726405976566,0.4056916768169042
L48T16beta4.23ms0.032315m0.001033,4.23,176.43,48,16,734,2.8993868198710302e-8,0.05130383794930832,0.40569255886201994
L48T16beta4.23ms0.032315m0.001033,4.23,176.43,48,16,735,2.8993931236346246e-8,0.05130394949264006,0.40569344090713566
L48T16beta4.23ms0.032315m0.001033,4.23,176.43,48,16,736,2.899399427398219e-8,0.051304061035971814,0.40569432295225144
L48T16beta4.23ms0.032315m0.001033,4.23,176.43,48,16,737,2.8994057311618137e-8,0.051304172579303566,0.40569520499736716
L48T16beta4.23ms0.032315m0.001033,4.23,176.43,48,16,738,2.8994120349254078e-8,0.05130428412263531,0.4056960870424829
L48T16beta4.23ms0.032315m0.001033,4.23,176.43,48,16,739,2.899418338689002e-8,0.05130439566596706,0.4056969690875986
L48T16beta4.23ms0.032315m0.001033,4.23,176.43,48,16,740,2.899424642452597e-8,0.051304507209298814,0.40569785113271434
L48T16beta4.23ms0.032315m0.001033,4.23,176.43,48,16,741,2.8994309462161912e-8,0.051304618752630565,0.40569873317783006
L48T16beta4.23ms0.032315m0.001033,4.23,176.43,48,16,742,2.8994372499797856e-8,0.05130473029596231,0.40569961522294584
L48T16beta4.23ms0.032315m0.001033,4.23,176.43,48,16,743,2.89944355374338e-8,0.05130484183929406,0.40570049726806157
L48T16beta4.23ms0.032315m0.001033,4.23,176.43,48,16,744,2.8994498575069747e-8,0.05130495338262581,0.4057013793131773
L48T16beta4.23ms0.032315m0.001033,4.23,176.43,48,16,745,2.899456161270569e-8,0.051305064925957565,0.405702261358293
L48T16beta4.23ms0.032315m0.001033,4.23,176.43,48,16,746,2.8994624650341632e-8,0.05130517646928931,0.40570314340340874
L48T16beta4.23ms0.032315m0.001033,4.23,176.43,48,16,747,2.899468768797758e-8,0.05130528801262106,0.40570402544852446
L48T16beta4.23ms0.032315m0.001033,4.23,176.43,48,16,748,2.8994750725613523e-8,0.05130539955595281,0.40570490749364024
L48T16beta4.23ms0.032315m0.001033,4.23,176.43,48,16,749,2.8994813763249467e-8,0.05130551109928456,0.40570578953875597
L48T16beta4.23ms0.032315m0.001033,4.23,176.43,48,16,750,2.899487680088541e-8,0.05130562264261631,0.4057066715838717
L48T16beta4.23ms0.032315m0.001033,4.23,176.43,48,16,751,2.8994939838521358e-8,0.05130573418594806,0.4057075536289874
L48T16beta4.23ms0.032315m0.001033,4.23,176.43,48,16,752,2.89950028761573e-8,0.05130584572927981,0.40570843567410314
L48T16beta4.23ms0.032315m0.001033,4.23,176.43,48,16,753,2.8995065913793242e-8,0.05130595727261156,0.40570931771921886
L48T16beta4.23ms0.032315m0.001033,4.23,176.43,48,16,754,2.899512895142919e-8,0.05130606881594331,0.40571019976433464
L48T16beta4.23ms0.032315m0.001033,4.23,176.43,48,16,755,2.8995191989065133e-8,0.05130618035927506,0.40571108180945037
L48T16beta4.23ms0.032315m0.001033,4.23,176.43,48,16,756,2.899525502670108e-8,0.05130629190260681,0.4057119638545661
L48T16beta4.23ms0.032315m0.001033,4.23,176.43,48,16,757,2.899531806433702e-8,0.05130640344593856,0.4057128458996818
L48T16beta4.23ms0.032315m0.001033,4.23,176.43,48,16,758,2.8995381101972968e-8,0.05130651498927031,0.40571372794479754
L48T16beta4.23ms0.032315m0.001033,4.23,176.43,48,16,759,2.8995444139608912e-8,0.05130662653260206,0.40571460998991327
L48T16beta4.23ms0.032315m0.001033,4.23,176.43,48,16,760,2.8995507177244852e-8,0.051306738075933805,0.405715492035029
L48T16beta4.23ms0.032315m0.001033,4.23,176.43,48,16,761,2.89955702148808e-8,0.05130684961926556,0.40571637408014477
L48T16beta4.23ms0.032315m0.001033,4.23,176.43,48,16,762,2.8995633252516743e-8,0.05130696116259731,0.4057172561252605
L48T16beta4.23ms0.032315m0.001033,4.23,176.43,48,16,763,2.899569629015269e-8,0.05130707270592906,0.4057181381703762
L48T16beta4.23ms0.032315m0.001033,4.23,176.43,48,16,764,2.899575932778863e-8,0.051307184249260805,0.40571902021549194
L48T16beta4.23ms0.032315m0.001033,4.23,176.43,48,16,765,2.8995822365424578e-8,0.05130729579259256,0.40571990226060767
L48T16beta4.23ms0.032315m0.001033,4.23,176.43,48,16,766,2.8995885403060522e-8,0.05130740733592431,0.4057207843057234
L48T16beta4.23ms0.032315m0.001033,4.23,176.43,48,16,767,2.899594844069647e-8,0.05130751887925606,0.40572166635083917
L48T16beta4.23ms0.032315m0.001033,4.23,176.43,48,16,768,2.899601147833241e-8,0.051307630422587805,0.4057225483959549
L48T16beta4.23ms0.032315m0.001033,4.23,176.43,48,16,769,2.8996074515968354e-8,0.05130774196591956,0.4057234304410706
L48T16beta4.23ms0.032315m0.001033,4.23,176.43,48,16,770,2.89961375536043e-8,0.05130785350925131,0.40572431248618634
L48T16beta4.23ms0.032315m0.001033,4.23,176.43,48,16,771,2.8996200591240245e-8,0.05130796505258306,0.40572519453130207
L48T16beta4.23ms0.032315m0.001033,4.23,176.43,48,16,772,2.899626362887619e-8,0.051308076595914805,0.4057260765764178
L48T16beta4.23ms0.032315m0.001033,4.23,176.43,48,16,773,2.8996326666512133e-8,0.051308188139246556,0.4057269586215336
L48T16beta4.23ms0.032315m0.001033,4.23,176.43,48,16,774,2.899638970414808e-8,0.05130829968257831,0.4057278406666493
L48T16beta4.23ms0.032315m0.001033,4.23,176.43,48,16,775,2.899645274178402e-8,0.05130841122591005,0.405728722711765
L48T16beta4.23ms0.032315m0.001033,4.23,176.43,48,16,776,2.8996515779419964e-8,0.051308522769241804,0.40572960475688075
L48T16beta4.23ms0.032315m0.001033,4.23,176.43,48,16,777,2.899657881705591e-8,0.051308634312573556,0.40573048680199647
L48T16beta4.23ms0.032315m0.001033,4.23,176.43,48,16,778,2.8996641854691855e-8,0.05130874585590531,0.4057313688471122
L48T16beta4.23ms0.032315m0.001033,4.23,176.43,48,16,779,2.89967048923278e-8,0.05130885739923705,0.405732250892228
L48T16beta4.23ms0.032315m0.001033,4.23,176.43,48,16,780,2.8996767929963743e-8,0.051308968942568804,0.4057331329373437
L48T16beta4.23ms0.032315m0.001033,4.23,176.43,48,16,781,2.899683096759969e-8,0.051309080485900556,0.4057340149824594
L48T16beta4.23ms0.032315m0.001033,4.23,176.43,48,16,782,2.8996894005235634e-8,0.05130919202923231,0.40573489702757515
L48T16beta4.23ms0.032315m0.001033,4.23,176.43,48,16,783,2.8996957042871574e-8,0.05130930357256405,0.40573577907269087
L48T16beta4.23ms0.032315m0.001033,4.23,176.43,48,16,784,2.899702008050752e-8,0.051309415115895804,0.4057366611178066
L48T16beta4.23ms0.032315m0.001033,4.23,176.43,48,16,785,2.8997083118143465e-8,0.051309526659227556,0.4057375431629224
L48T16beta4.23ms0.032315m0.001033,4.23,176.43,48,16,786,2.899714615577941e-8,0.0513096382025593,0.4057384252080381
L48T16beta4.23ms0.032315m0.001033,4.23,176.43,48,16,787,2.8997209193415353e-8,0.05130974974589105,0.4057393072531538
L48T16beta4.23ms0.032315m0.001033,4.23,176.43,48,16,788,2.89972722310513e-8,0.051309861289222804,0.40574018929826955
L48T16beta4.23ms0.032315m0.001033,4.23,176.43,48,16,789,2.8997335268687244e-8,0.051309972832554555,0.4057410713433853
L48T16beta4.23ms0.032315m0.001033,4.23,176.43,48,16,790,2.8997398306323185e-8,0.0513100843758863,0.405741953388501
L48T16beta4.23ms0.032315m0.001033,4.23,176.43,48,16,791,2.8997461343959132e-8,0.05131019591921805,0.4057428354336168
L48T16beta4.23ms0.032315m0.001033,4.23,176.43,48,16,792,2.8997524381595076e-8,0.0513103074625498,0.4057437174787325
L48T16beta4.23ms0.032315m0.001033,4.23,176.43,48,16,793,2.8997587419231023e-8,0.051310419005881555,0.4057445995238482
L48T16beta4.23ms0.032315m0.001033,4.23,176.43,48,16,794,2.8997650456866964e-8,0.0513105305492133,0.40574548156896395
L48T16beta4.23ms0.032315m0.001033,4.23,176.43,48,16,795,2.899771349450291e-8,0.05131064209254505,0.4057463636140797
L48T16beta4.23ms0.032315m0.001033,4.23,176.43,48,16,796,2.8997776532138855e-8,0.0513107536358768,0.4057472456591954
L48T16beta4.23ms0.032315m0.001033,4.23,176.43,48,16,797,2.8997839569774795e-8,0.05131086517920855,0.4057481277043112
L48T16beta4.23ms0.032315m0.001033,4.23,176.43,48,16,798,2.8997902607410742e-8,0.0513109767225403,0.4057490097494269
L48T16beta4.23ms0.032315m0.001033,4.23,176.43,48,16,799,2.8997965645046686e-8,0.05131108826587205,0.4057498917945426
L48T16beta4.23ms0.032315m0.001033,4.23,176.43,48,16,800,2.8998028682682633e-8,0.0513111998092038,0.40575077383965835
L48T16beta4.23ms0.032315m0.001033,4.23,176.43,48,16,801,2.8998091720318574e-8,0.05131131135253555,0.4057516558847741
L48T16beta4.23ms0.032315m0.001033,4.23,176.43,48,16,802,2.899815475795452e-8,0.0513114228958673,0.4057525379298898
L48T16beta4.23ms0.032315m0.001033,4.23,176.43,48,16,803,2.8998217795590465e-8,0.05131153443919905,0.4057534199750056
L48T16beta4.23ms0.032315m0.001033,4.23,176.43,48,16,804,2.899828083322641e-8,0.0513116459825308,0.4057543020201213
L48T16beta4.23ms0.032315m0.001033,4.23,176.43,48,16,805,2.8998343870862353e-8,0.05131175752586255,0.40575518406523703
L48T16beta4.23ms0.032315m0.001033,4.23,176.43,48,16,806,2.8998406908498296e-8,0.0513118690691943,0.40575606611035275
L48T16beta4.23ms0.032315m0.001033,4.23,176.43,48,16,807,2.8998469946134244e-8,0.05131198061252605,0.4057569481554685
L48T16beta4.23ms0.032315m0.001033,4.23,176.43,48,16,808,2.8998532983770184e-8,0.051312092155857796,0.4057578302005842
L48T16beta4.23ms0.032315m0.001033,4.23,176.43,48,16,809,2.899859602140613e-8,0.05131220369918955,0.4057587122457
L48T16beta4.23ms0.032315m0.001033,4.23,176.43,48,16,810,2.8998659059042075e-8,0.0513123152425213,0.4057595942908157
L48T16beta4.23ms0.032315m0.001033,4.23,176.43,48,16,811,2.899872209667802e-8,0.05131242678585305,0.40576047633593143
L48T16beta4.23ms0.032315m0.001033,4.23,176.43,48,16,812,2.8998785134313963e-8,0.051312538329184795,0.40576135838104715
L48T16beta4.23ms0.032315m0.001033,4.23,176.43,48,16,813,2.8998848171949907e-8,0.05131264987251655,0.4057622404261629
L48T16beta4.23ms0.032315m0.001033,4.23,176.43,48,16,814,2.8998911209585854e-8,0.0513127614158483,0.4057631224712786
L48T16beta4.23ms0.032315m0.001033,4.23,176.43,48,16,815,2.8998974247221798e-8,0.05131287295918005,0.4057640045163944
L48T16beta4.23ms0.032315m0.001033,4.23,176.43,48,16,816,2.8999037284857742e-8,0.051312984502511795,0.4057648865615101
L48T16beta4.23ms0.032315m0.001033,4.23,176.43,48,16,817,2.8999100322493686e-8,0.05131309604584355,0.40576576860662583
L48T16beta4.23ms0.032315m0.001033,4.23,176.43,48,16,818,2.899916336012963e-8,0.0513132075891753,0.40576665065174156
L48T16beta4.23ms0.032315m0.001033,4.23,176.43,48,16,819,2.8999226397765577e-8,0.05131331913250705,0.4057675326968573
L48T16beta4.23ms0.032315m0.001033,4.23,176.43,48,16,820,2.8999289435401517e-8,0.051313430675838795,0.405768414741973
L48T16beta4.23ms0.032315m0.001033,4.23,176.43,48,16,821,2.8999352473037464e-8,0.051313542219170546,0.4057692967870888
L48T16beta4.23ms0.032315m0.001033,4.23,176.43,48,16,822,2.8999415510673408e-8,0.0513136537625023,0.4057701788322045
L48T16beta4.23ms0.032315m0.001033,4.23,176.43,48,16,823,2.8999478548309352e-8,0.05131376530583404,0.40577106087732023
L48T16beta4.23ms0.032315m0.001033,4.23,176.43,48,16,824,2.8999541585945296e-8,0.051313876849165795,0.40577194292243596
L48T16beta4.23ms0.032315m0.001033,4.23,176.43,48,16,825,2.899960462358124e-8,0.051313988392497546,0.4057728249675517
L48T16beta4.23ms0.032315m0.001033,4.23,176.43,48,16,826,2.8999667661217187e-8,0.0513140999358293,0.4057737070126674
L48T16beta4.23ms0.032315m0.001033,4.23,176.43,48,16,827,2.8999730698853127e-8,0.05131421147916104,0.4057745890577832
L48T16beta4.23ms0.032315m0.001033,4.23,176.43,48,16,828,2.8999793736489075e-8,0.051314323022492794,0.4057754711028989
L48T16beta4.23ms0.032315m0.001033,4.23,176.43,48,16,829,2.899985677412502e-8,0.051314434565824546,0.40577635314801463
L48T16beta4.23ms0.032315m0.001033,4.23,176.43,48,16,830,2.8999919811760966e-8,0.0513145461091563,0.40577723519313036
L48T16beta4.23ms0.032315m0.001033,4.23,176.43,48,16,831,2.8999982849396906e-8,0.05131465765248804,0.4057781172382461
L48T16beta4.23ms0.032315m0.001033,4.23,176.43,48,16,832,2.900004588703285e-8,0.051314769195819794,0.4057789992833618
L48T16beta4.23ms0.032315m0.001033,4.23,176.43,48,16,833,2.9000108924668797e-8,0.051314880739151546,0.4057798813284776
L48T16beta4.23ms0.032315m0.001033,4.23,176.43,48,16,834,2.9000171962304738e-8,0.05131499228248329,0.4057807633735933
L48T16beta4.23ms0.032315m0.001033,4.23,176.43,48,16,835,2.9000234999940685e-8,0.05131510382581504,0.40578164541870904
L48T16beta4.23ms0.032315m0.001033,4.23,176.43,48,16,836,2.900029803757663e-8,0.051315215369146794,0.40578252746382476
L48T16beta4.23ms0.032315m0.001033,4.23,176.43,48,16,837,2.9000361075212576e-8,0.051315326912478545,0.4057834095089405
L48T16beta4.23ms0.032315m0.001033,4.23,176.43,48,16,838,2.9000424112848517e-8,0.05131543845581029,0.4057842915540562
L48T16beta4.23ms0.032315m0.001033,4.23,176.43,48,16,839,2.900048715048446e-8,0.05131554999914204,0.405785173599172
L48T16beta4.23ms0.032315m0.001033,4.23,176.43,48,16,840,2.9000550188120408e-8,0.051315661542473794,0.4057860556442877
L48T16beta4.23ms0.032315m0.001033,4.23,176.43,48,16,841,2.900061322575635e-8,0.051315773085805545,0.40578693768940344
L48T16beta4.23ms0.032315m0.001033,4.23,176.43,48,16,842,2.9000676263392295e-8,0.05131588462913729,0.40578781973451916
L48T16beta4.23ms0.032315m0.001033,4.23,176.43,48,16,843,2.900073930102824e-8,0.05131599617246904,0.4057887017796349
L48T16beta4.23ms0.032315m0.001033,4.23,176.43,48,16,844,2.9000802338664186e-8,0.05131610771580079,0.4057895838247506
L48T16beta4.23ms0.032315m0.001033,4.23,176.43,48,16,845,2.9000865376300127e-8,0.05131621925913254,0.4057904658698664
L48T16beta4.23ms0.032315m0.001033,4.23,176.43,48,16,846,2.900092841393607e-8,0.05131633080246429,0.4057913479149821
L48T16beta4.23ms0.032315m0.001033,4.23,176.43,48,16,847,2.9000991451572018e-8,0.05131644234579604,0.40579222996009784
L48T16beta4.23ms0.032315m0.001033,4.23,176.43,48,16,848,2.9001054489207962e-8,0.05131655388912779,0.40579311200521356
L48T16beta4.23ms0.032315m0.001033,4.23,176.43,48,16,849,2.9001117526843906e-8,0.05131666543245954,0.4057939940503293
L48T16beta4.23ms0.032315m0.001033,4.23,176.43,48,16,850,2.900118056447985e-8,0.05131677697579129,0.405794876095445
L48T16beta4.23ms0.032315m0.001033,4.23,176.43,48,16,851,2.9001243602115797e-8,0.05131688851912304,0.4057957581405608
L48T16beta4.23ms0.032315m0.001033,4.23,176.43,48,16,852,2.900130663975174e-8,0.05131700006245479,0.4057966401856765
L48T16beta4.23ms0.032315m0.001033,4.23,176.43,48,16,853,2.900136967738768e-8,0.05131711160578654,0.40579752223079224
L48T16beta4.23ms0.032315m0.001033,4.23,176.43,48,16,854,2.9001432715023628e-8,0.05131722314911829,0.40579840427590796
L48T16beta4.23ms0.032315m0.001033,4.23,176.43,48,16,855,2.9001495752659572e-8,0.05131733469245004,0.4057992863210237
L48T16beta4.23ms0.032315m0.001033,4.23,176.43,48,16,856,2.9001558790295516e-8,0.051317446235781786,0.4058001683661394
L48T16beta4.23ms0.032315m0.001033,4.23,176.43,48,16,857,2.900162182793146e-8,0.05131755777911354,0.40580105041125514
L48T16beta4.23ms0.032315m0.001033,4.23,176.43,48,16,858,2.9001684865567407e-8,0.05131766932244529,0.4058019324563709
L48T16beta4.23ms0.032315m0.001033,4.23,176.43,48,16,859,2.900174790320335e-8,0.05131778086577704,0.40580281450148664
L48T16beta4.23ms0.032315m0.001033,4.23,176.43,48,16,860,2.900181094083929e-8,0.051317892409108785,0.40580369654660237
L48T16beta4.23ms0.032315m0.001033,4.23,176.43,48,16,861,2.900187397847524e-8,0.05131800395244054,0.4058045785917181
L48T16beta4.23ms0.032315m0.001033,4.23,176.43,48,16,862,2.9001937016111182e-8,0.05131811549577229,0.4058054606368338
L48T16beta4.23ms0.032315m0.001033,4.23,176.43,48,16,863,2.900200005374713e-8,0.05131822703910404,0.40580634268194954
L48T16beta4.23ms0.032315m0.001033,4.23,176.43,48,16,864,2.900206309138307e-8,0.051318338582435785,0.4058072247270653
L48T16beta4.23ms0.032315m0.001033,4.23,176.43,48,16,865,2.9002126129019017e-8,0.05131845012576754,0.40580810677218104
L48T16beta4.23ms0.032315m0.001033,4.23,176.43,48,16,866,2.900218916665496e-8,0.05131856166909929,0.40580898881729677
L48T16beta4.23ms0.032315m0.001033,4.23,176.43,48,16,867,2.9002252204290908e-8,0.05131867321243104,0.4058098708624125
L48T16beta4.23ms0.032315m0.001033,4.23,176.43,48,16,868,2.900231524192685e-8,0.051318784755762785,0.4058107529075282
L48T16beta4.23ms0.032315m0.001033,4.23,176.43,48,16,869,2.9002378279562793e-8,0.05131889629909454,0.40581163495264394
L48T16beta4.23ms0.032315m0.001033,4.23,176.43,48,16,870,2.900244131719874e-8,0.05131900784242629,0.4058125169977597
L48T16beta4.23ms0.032315m0.001033,4.23,176.43,48,16,871,2.900250435483468e-8,0.05131911938575803,0.40581339904287544
L48T16beta4.23ms0.032315m0.001033,4.23,176.43,48,16,872,2.9002567392470628e-8,0.051319230929089785,0.40581428108799117
L48T16beta4.23ms0.032315m0.001033,4.23,176.43,48,16,873,2.900263043010657e-8,0.051319342472421536,0.4058151631331069
L48T16beta4.23ms0.032315m0.001033,4.23,176.43,48,16,874,2.900269346774252e-8,0.05131945401575329,0.4058160451782226
L48T16beta4.23ms0.032315m0.001033,4.23,176.43,48,16,875,2.900275650537846e-8,0.05131956555908503,0.40581692722333834
L48T16beta4.23ms0.032315m0.001033,4.23,176.43,48,16,876,2.9002819543014403e-8,0.051319677102416784,0.4058178092684541
L48T16beta4.23ms0.032315m0.001033,4.23,176.43,48,16,877,2.900288258065035e-8,0.051319788645748536,0.40581869131356985
L48T16beta4.23ms0.032315m0.001033,4.23,176.43,48,16,878,2.9002945618286294e-8,0.05131990018908029,0.40581957335868557
L48T16beta4.23ms0.032315m0.001033,4.23,176.43,48,16,879,2.9003008655922238e-8,0.05132001173241203,0.4058204554038013
L48T16beta4.23ms0.032315m0.001033,4.23,176.43,48,16,880,2.9003071693558182e-8,0.051320123275743784,0.405821337448917
L48T16beta4.23ms0.032315m0.001033,4.23,176.43,48,16,881,2.900313473119413e-8,0.051320234819075536,0.40582221949403274
L48T16beta4.23ms0.032315m0.001033,4.23,176.43,48,16,882,2.900319776883007e-8,0.05132034636240728,0.4058231015391485
L48T16beta4.23ms0.032315m0.001033,4.23,176.43,48,16,883,2.9003260806466013e-8,0.05132045790573903,0.40582398358426425
L48T16beta4.23ms0.032315m0.001033,4.23,176.43,48,16,884,2.900332384410196e-8,0.051320569449070784,0.40582486562937997
L48T16beta4.23ms0.032315m0.001033,4.23,176.43,48,16,885,2.9003386881737904e-8,0.051320680992402536,0.4058257476744957
L48T16beta4.23ms0.032315m0.001033,4.23,176.43,48,16,886,2.9003449919373848e-8,0.05132079253573428,0.4058266297196114
L48T16beta4.23ms0.032315m0.001033,4.23,176.43,48,16,887,2.9003512957009792e-8,0.05132090407906603,0.40582751176472714
L48T16beta4.23ms0.032315m0.001033,4.23,176.43,48,16,888,2.900357599464574e-8,0.051321015622397784,0.4058283938098429
L48T16beta4.23ms0.032315m0.001033,4.23,176.43,48,16,889,2.9003639032281683e-8,0.051321127165729535,0.40582927585495865
L48T16beta4.23ms0.032315m0.001033,4.23,176.43,48,16,890,2.9003702069917624e-8,0.05132123870906128,0.4058301579000744
L48T16beta4.23ms0.032315m0.001033,4.23,176.43,48,16,891,2.900376510755357e-8,0.05132135025239303,0.4058310399451901
L48T16beta4.23ms0.032315m0.001033,4.23,176.43,48,16,892,2.9003828145189515e-8,0.05132146179572478,0.4058319219903058
L48T16beta4.23ms0.032315m0.001033,4.23,176.43,48,16,893,2.900389118282546e-8,0.05132157333905653,0.40583280403542155
L48T16beta4.23ms0.032315m0.001033,4.23,176.43,48,16,894,2.9003954220461402e-8,0.05132168488238828,0.4058336860805373
L48T16beta4.23ms0.032315m0.001033,4.23,176.43,48,16,895,2.900401725809735e-8,0.05132179642572003,0.40583456812565305
L48T16beta4.23ms0.032315m0.001033,4.23,176.43,48,16,896,2.9004080295733294e-8,0.05132190796905178,0.4058354501707688
L48T16beta4.23ms0.032315m0.001033,4.23,176.43,48,16,897,2.9004143333369234e-8,0.05132201951238353,0.4058363322158845
L48T16beta4.23ms0.032315m0.001033,4.23,176.43,48,16,898,2.900420637100518e-8,0.05132213105571528,0.4058372142610002
L48T16beta4.23ms0.032315m0.001033,4.23,176.43,48,16,899,2.9004269408641125e-8,0.05132224259904703,0.40583809630611595
L48T16beta4.23ms0.032315m0.001033,4.23,176.43,48,16,900,2.9004332446277072e-8,0.05132235414237878,0.4058389783512317
L48T16beta4.23ms0.032315m0.001033,4.23,176.43,48,16,901,2.9004395483913013e-8,0.05132246568571053,0.40583986039634745
L48T16beta4.23ms0.032315m0.001033,4.23,176.43,48,16,902,2.900445852154896e-8,0.05132257722904228,0.4058407424414632
L48T16beta4.23ms0.032315m0.001033,4.23,176.43,48,16,903,2.9004521559184904e-8,0.05132268877237403,0.4058416244865789
L48T16beta4.23ms0.032315m0.001033,4.23,176.43,48,16,904,2.9004584596820844e-8,0.051322800315705776,0.4058425065316946
L48T16beta4.23ms0.032315m0.001033,4.23,176.43,48,16,905,2.900464763445679e-8,0.05132291185903753,0.40584338857681035
L48T16beta4.23ms0.032315m0.001033,4.23,176.43,48,16,906,2.9004710672092735e-8,0.05132302340236928,0.40584427062192613
L48T16beta4.23ms0.032315m0.001033,4.23,176.43,48,16,907,2.9004773709728683e-8,0.05132313494570103,0.40584515266704185
L48T16beta4.23ms0.032315m0.001033,4.23,176.43,48,16,908,2.9004836747364623e-8,0.051323246489032776,0.4058460347121576
L48T16beta4.23ms0.032315m0.001033,4.23,176.43,48,16,909,2.900489978500057e-8,0.05132335803236453,0.4058469167572733
L48T16beta4.23ms0.032315m0.001033,4.23,176.43,48,16,910,2.9004962822636514e-8,0.05132346957569628,0.405847798802389
L48T16beta4.23ms0.032315m0.001033,4.23,176.43,48,16,911,2.900502586027246e-8,0.05132358111902803,0.40584868084750475
L48T16beta4.23ms0.032315m0.001033,4.23,176.43,48,16,912,2.9005088897908402e-8,0.051323692662359775,0.40584956289262053
L48T16beta4.23ms0.032315m0.001033,4.23,176.43,48,16,913,2.9005151935544346e-8,0.05132380420569153,0.40585044493773625
L48T16beta4.23ms0.032315m0.001033,4.23,176.43,48,16,914,2.9005214973180293e-8,0.05132391574902328,0.405851326982852
L48T16beta4.23ms0.032315m0.001033,4.23,176.43,48,16,915,2.9005278010816237e-8,0.05132402729235503,0.4058522090279677
L48T16beta4.23ms0.032315m0.001033,4.23,176.43,48,16,916,2.900534104845218e-8,0.051324138835686775,0.4058530910730834
L48T16beta4.23ms0.032315m0.001033,4.23,176.43,48,16,917,2.9005404086088125e-8,0.05132425037901853,0.40585397311819915
L48T16beta4.23ms0.032315m0.001033,4.23,176.43,48,16,918,2.9005467123724072e-8,0.05132436192235028,0.40585485516331493
L48T16beta4.23ms0.032315m0.001033,4.23,176.43,48,16,919,2.9005530161360012e-8,0.05132447346568202,0.40585573720843066
L48T16beta4.23ms0.032315m0.001033,4.23,176.43,48,16,920,2.9005593198995956e-8,0.051324585009013775,0.4058566192535464
L48T16beta4.23ms0.032315m0.001033,4.23,176.43,48,16,921,2.9005656236631903e-8,0.051324696552345526,0.4058575012986621
L48T16beta4.23ms0.032315m0.001033,4.23,176.43,48,16,922,2.9005719274267847e-8,0.05132480809567728,0.40585838334377783
L48T16beta4.23ms0.032315m0.001033,4.23,176.43,48,16,923,2.900578231190379e-8,0.05132491963900902,0.40585926538889355
L48T16beta4.23ms0.032315m0.001033,4.23,176.43,48,16,924,2.9005845349539735e-8,0.051325031182340775,0.40586014743400933
L48T16beta4.23ms0.032315m0.001033,4.23,176.43,48,16,925,2.9005908387175682e-8,0.051325142725672526,0.40586102947912506
L48T16beta4.23ms0.032315m0.001033,4.23,176.43,48,16,926,2.9005971424811626e-8,0.05132525426900428,0.4058619115242408
L48T16beta4.23ms0.032315m0.001033,4.23,176.43,48,16,927,2.9006034462447566e-8,0.05132536581233602,0.4058627935693565
L48T16beta4.23ms0.032315m0.001033,4.23,176.43,48,16,928,2.9006097500083514e-8,0.051325477355667774,0.40586367561447223
L48T16beta4.23ms0.032315m0.001033,4.23,176.43,48,16,929,2.9006160537719457e-8,0.051325588898999526,0.40586455765958795
L48T16beta4.23ms0.032315m0.001033,4.23,176.43,48,16,930,2.90062235753554e-8,0.05132570044233127,0.40586543970470373
L48T16beta4.23ms0.032315m0.001033,4.23,176.43,48,16,931,2.9006286612991345e-8,0.05132581198566302,0.40586632174981946
L48T16beta4.23ms0.032315m0.001033,4.23,176.43,48,16,932,2.9006349650627292e-8,0.051325923528994774,0.4058672037949352
L48T16beta4.23ms0.032315m0.001033,4.23,176.43,48,16,933,2.9006412688263236e-8,0.051326035072326526,0.4058680858400509
L48T16beta4.23ms0.032315m0.001033,4.23,176.43,48,16,934,2.9006475725899177e-8,0.05132614661565827,0.40586896788516663
L48T16beta4.23ms0.032315m0.001033,4.23,176.43,48,16,935,2.9006538763535124e-8,0.05132625815899002,0.40586984993028236
L48T16beta4.23ms0.032315m0.001033,4.23,176.43,48,16,936,2.9006601801171068e-8,0.051326369702321774,0.40587073197539814
L48T16beta4.23ms0.032315m0.001033,4.23,176.43,48,16,937,2.9006664838807015e-8,0.051326481245653525,0.40587161402051386
L48T16beta4.23ms0.032315m0.001033,4.23,176.43,48,16,938,2.9006727876442955e-8,0.05132659278898527,0.4058724960656296
L48T16beta4.23ms0.032315m0.001033,4.23,176.43,48,16,939,2.9006790914078903e-8,0.05132670433231702,0.4058733781107453
L48T16beta4.23ms0.032315m0.001033,4.23,176.43,48,16,940,2.9006853951714847e-8,0.051326815875648774,0.40587426015586103
L48T16beta4.23ms0.032315m0.001033,4.23,176.43,48,16,941,2.9006916989350787e-8,0.05132692741898052,0.40587514220097676
L48T16beta4.23ms0.032315m0.001033,4.23,176.43,48,16,942,2.9006980026986734e-8,0.05132703896231227,0.40587602424609254
L48T16beta4.23ms0.032315m0.001033,4.23,176.43,48,16,943,2.9007043064622678e-8,0.05132715050564402,0.40587690629120826
L48T16beta4.23ms0.032315m0.001033,4.23,176.43,48,16,944,2.9007106102258625e-8,0.05132726204897577,0.405877788336324
L48T16beta4.23ms0.032315m0.001033,4.23,176.43,48,16,945,2.9007169139894566e-8,0.05132737359230752,0.4058786703814397
L48T16beta4.23ms0.032315m0.001033,4.23,176.43,48,16,946,2.9007232177530513e-8,0.05132748513563927,0.40587955242655543
L48T16beta4.23ms0.032315m0.001033,4.23,176.43,48,16,947,2.9007295215166457e-8,0.05132759667897102,0.40588043447167116
L48T16beta4.23ms0.032315m0.001033,4.23,176.43,48,16,948,2.9007358252802404e-8,0.05132770822230277,0.40588131651678694
L48T16beta4.23ms0.032315m0.001033,4.23,176.43,48,16,949,2.9007421290438345e-8,0.05132781976563452,0.40588219856190266
L48T16beta4.23ms0.032315m0.001033,4.23,176.43,48,16,950,2.900748432807429e-8,0.05132793130896627,0.4058830806070184
L48T16beta4.23ms0.032315m0.001033,4.23,176.43,48,16,951,2.9007547365710236e-8,0.05132804285229802,0.4058839626521341
L48T16beta4.23ms0.032315m0.001033,4.23,176.43,48,16,952,2.9007610403346176e-8,0.051328154395629766,0.40588484469724984
L48T16beta4.23ms0.032315m0.001033,4.23,176.43,48,16,953,2.9007673440982123e-8,0.05132826593896152,0.40588572674236556
L48T16beta4.23ms0.032315m0.001033,4.23,176.43,48,16,954,2.9007736478618067e-8,0.05132837748229327,0.40588660878748134
L48T16beta4.23ms0.032315m0.001033,4.23,176.43,48,16,955,2.9007799516254014e-8,0.05132848902562502,0.40588749083259706
L48T16beta4.23ms0.032315m0.001033,4.23,176.43,48,16,956,2.9007862553889955e-8,0.051328600568956766,0.4058883728777128
L48T16beta4.23ms0.032315m0.001033,4.23,176.43,48,16,957,2.90079255915259e-8,0.05132871211228852,0.4058892549228285
L48T16beta4.23ms0.032315m0.001033,4.23,176.43,48,16,958,2.9007988629161846e-8,0.05132882365562027,0.40589013696794424
L48T16beta4.23ms0.032315m0.001033,4.23,176.43,48,16,959,2.900805166679779e-8,0.05132893519895202,0.40589101901305996
L48T16beta4.23ms0.032315m0.001033,4.23,176.43,48,16,960,2.9008114704433734e-8,0.051329046742283765,0.4058919010581757
L48T16beta4.23ms0.032315m0.001033,4.23,176.43,48,16,961,2.9008177742069678e-8,0.05132915828561552,0.40589278310329147
L48T16beta4.23ms0.032315m0.001033,4.23,176.43,48,16,962,2.9008240779705625e-8,0.05132926982894727,0.4058936651484072
L48T16beta4.23ms0.032315m0.001033,4.23,176.43,48,16,963,2.900830381734157e-8,0.05132938137227902,0.4058945471935229
L48T16beta4.23ms0.032315m0.001033,4.23,176.43,48,16,964,2.900836685497751e-8,0.051329492915610765,0.40589542923863864
L48T16beta4.23ms0.032315m0.001033,4.23,176.43,48,16,965,2.9008429892613456e-8,0.05132960445894252,0.40589631128375436
L48T16beta4.23ms0.032315m0.001033,4.23,176.43,48,16,966,2.90084929302494e-8,0.05132971600227427,0.4058971933288701
L48T16beta4.23ms0.032315m0.001033,4.23,176.43,48,16,967,2.9008555967885344e-8,0.05132982754560601,0.40589807537398587
L48T16beta4.23ms0.032315m0.001033,4.23,176.43,48,16,968,2.9008619005521288e-8,0.051329939088937765,0.4058989574191016
L48T16beta4.23ms0.032315m0.001033,4.23,176.43,48,16,969,2.9008682043157235e-8,0.05133005063226952,0.4058998394642173
L48T16beta4.23ms0.032315m0.001033,4.23,176.43,48,16,970,2.900874508079318e-8,0.05133016217560127,0.40590072150933304
L48T16beta4.23ms0.032315m0.001033,4.23,176.43,48,16,971,2.900880811842912e-8,0.05133027371893301,0.40590160355444876
L48T16beta4.23ms0.032315m0.001033,4.23,176.43,48,16,972,2.9008871156065067e-8,0.051330385262264765,0.4059024855995645
L48T16beta4.23ms0.032315m0.001033,4.23,176.43,48,16,973,2.900893419370101e-8,0.051330496805596516,0.40590336764468027
L48T16beta4.23ms0.032315m0.001033,4.23,176.43,48,16,974,2.9008997231336958e-8,0.05133060834892827,0.405904249689796
L48T16beta4.23ms0.032315m0.001033,4.23,176.43,48,16,975,2.9009060268972898e-8,0.05133071989226001,0.4059051317349117
L48T16beta4.23ms0.032315m0.001033,4.23,176.43,48,16,976,2.9009123306608845e-8,0.051330831435591764,0.40590601378002744
L48T16beta4.23ms0.032315m0.001033,4.23,176.43,48,16,977,2.900918634424479e-8,0.051330942978923516,0.40590689582514317
L48T16beta4.23ms0.032315m0.001033,4.23,176.43,48,16,978,2.900924938188073e-8,0.05133105452225526,0.4059077778702589
L48T16beta4.23ms0.032315m0.001033,4.23,176.43,48,16,979,2.9009312419516677e-8,0.05133116606558701,0.40590865991537467
L48T16beta4.23ms0.032315m0.001033,4.23,176.43,48,16,980,2.900937545715262e-8,0.051331277608918764,0.4059095419604904
L48T16beta4.23ms0.032315m0.001033,4.23,176.43,48,16,981,2.9009438494788568e-8,0.051331389152250516,0.4059104240056061
L48T16beta4.23ms0.032315m0.001033,4.23,176.43,48,16,982,2.900950153242451e-8,0.05133150069558226,0.40591130605072184
L48T16beta4.23ms0.032315m0.001033,4.23,176.43,48,16,983,2.9009564570060456e-8,0.05133161223891401,0.40591218809583757
L48T16beta4.23ms0.032315m0.001033,4.23,176.43,48,16,984,2.90096276076964e-8,0.051331723782245764,0.4059130701409533
L48T16beta4.23ms0.032315m0.001033,4.23,176.43,48,16,985,2.9009690645332347e-8,0.051331835325577516,0.40591395218606907
L48T16beta4.23ms0.032315m0.001033,4.23,176.43,48,16,986,2.9009753682968287e-8,0.05133194686890926,0.4059148342311848
L48T16beta4.23ms0.032315m0.001033,4.23,176.43,48,16,987,2.900981672060423e-8,0.05133205841224101,0.4059157162763005
L48T16beta4.23ms0.032315m0.001033,4.23,176.43,48,16,988,2.9009879758240178e-8,0.051332169955572764,0.40591659832141624
L48T16beta4.23ms0.032315m0.001033,4.23,176.43,48,16,989,2.900994279587612e-8,0.05133228149890451,0.40591748036653197
L48T16beta4.23ms0.032315m0.001033,4.23,176.43,48,16,990,2.9010005833512066e-8,0.05133239304223626,0.4059183624116477
L48T16beta4.23ms0.032315m0.001033,4.23,176.43,48,16,991,2.901006887114801e-8,0.05133250458556801,0.4059192444567635
L48T16beta4.23ms0.032315m0.001033,4.23,176.43,48,16,992,2.9010131908783957e-8,0.05133261612889976,0.4059201265018792
L48T16beta4.23ms0.032315m0.001033,4.23,176.43,48,16,993,2.9010194946419898e-8,0.05133272767223151,0.4059210085469949
L48T16beta4.23ms0.032315m0.001033,4.23,176.43,48,16,994,2.901025798405584e-8,0.05133283921556326,0.40592189059211065
L48T16beta4.23ms0.032315m0.001033,4.23,176.43,48,16,995,2.901032102169179e-8,0.05133295075889501,0.40592277263722637
L48T16beta4.23ms0.032315m0.001033,4.23,176.43,48,16,996,2.9010384059327732e-8,0.05133306230222676,0.4059236546823421
L48T16beta4.23ms0.032315m0.001033,4.23,176.43,48,16,997,2.9010447096963676e-8,0.05133317384555851,0.4059245367274579
L48T16beta4.23ms0.032315m0.001033,4.23,176.43,48,16,998,2.901051013459962e-8,0.05133328538889026,0.4059254187725736
L48T16beta4.23ms0.032315m0.001033,4.23,176.43,48,16,999,2.9010573172235567e-8,0.05133339693222201,0.4059263008176893
L48T16beta4.23ms0.032315m0.001033,4.23,176.43,48,16,1000,2.9010636209871508e-8,0.051333508475553756,0.40592718286280505
L48T16beta4.23ms0.032315m0.001033,4.23,176.43,48,16,1001,2.9010699247507452e-8,0.05133362001888551,0.40592806490792077
L48T16beta4.23ms0.032315m0.001033,4.23,176.43,48,16,1002,2.90107622851434e-8,0.05133373156221726,0.4059289469530365
L48T16beta4.23ms0.032315m0.001033,4.23,176.43,48,16,1003,2.9010825322779343e-8,0.05133384310554901,0.4059298289981523
L48T16beta4.23ms0.032315m0.001033,4.23,176.43,48,16,1004,2.9010888360415287e-8,0.051333954648880756,0.405930711043268
L48T16beta4.23ms0.032315m0.001033,4.23,176.43,48,16,1005,2.901095139805123e-8,0.05133406619221251,0.4059315930883837
L48T16beta4.23ms0.032315m0.001033,4.23,176.43,48,16,1006,2.9011014435687178e-8,0.05133417773554426,0.40593247513349945
L48T16beta4.23ms0.032315m0.001033,4.23,176.43,48,16,1007,2.901107747332312e-8,0.05133428927887601,0.4059333571786152
L48T16beta4.23ms0.032315m0.001033,4.23,176.43,48,16,1008,2.9011140510959062e-8,0.051334400822207756,0.4059342392237309
L48T16beta4.23ms0.032315m0.001033,4.23,176.43,48,16,1009,2.901120354859501e-8,0.05133451236553951,0.4059351212688467
L48T16beta4.23ms0.032315m0.001033,4.23,176.43,48,16,1010,2.9011266586230953e-8,0.05133462390887126,0.4059360033139624
L48T16beta4.23ms0.032315m0.001033,4.23,176.43,48,16,1011,2.90113296238669e-8,0.05133473545220301,0.4059368853590781
L48T16beta4.23ms0.032315m0.001033,4.23,176.43,48,16,1012,2.901139266150284e-8,0.051334846995534755,0.40593776740419385
L48T16beta4.23ms0.032315m0.001033,4.23,176.43,48,16,1013,2.9011455699138788e-8,0.05133495853886651,0.4059386494493096
L48T16beta4.23ms0.032315m0.001033,4.23,176.43,48,16,1014,2.9011518736774732e-8,0.05133507008219826,0.4059395314944253
L48T16beta4.23ms0.032315m0.001033,4.23,176.43,48,16,1015,2.9011581774410672e-8,0.05133518162553,0.4059404135395411
L48T16beta4.23ms0.032315m0.001033,4.23,176.43,48,16,1016,2.901164481204662e-8,0.051335293168861755,0.4059412955846568
L48T16beta4.23ms0.032315m0.001033,4.23,176.43,48,16,1017,2.9011707849682563e-8,0.05133540471219351,0.4059421776297725
L48T16beta4.23ms0.032315m0.001033,4.23,176.43,48,16,1018,2.901177088731851e-8,0.05133551625552526,0.40594305967488825
L48T16beta4.23ms0.032315m0.001033,4.23,176.43,48,16,1019,2.901183392495445e-8,0.051335627798857,0.405943941720004
L48T16beta4.23ms0.032315m0.001033,4.23,176.43,48,16,1020,2.90118969625904e-8,0.051335739342188755,0.4059448237651197
L48T16beta4.23ms0.032315m0.001033,4.23,176.43,48,16,1021,2.9011960000226342e-8,0.051335850885520506,0.4059457058102355
L48T16beta4.23ms0.032315m0.001033,4.23,176.43,48,16,1022,2.901202303786229e-8,0.05133596242885226,0.4059465878553512
L48T16beta4.23ms0.032315m0.001033,4.23,176.43,48,16,1023,2.901208607549823e-8,0.051336073972184,0.40594746990046693
L48T16beta4.23ms0.032315m0.001033,4.23,176.43,48,16,1024,2.9012149113134174e-8,0.051336185515515755,0.40594835194558265
L48T16beta4.23ms0.032315m0.001033,4.23,176.43,48,16,1025,2.901221215077012e-8,0.051336297058847506,0.4059492339906984
L48T16beta4.23ms0.032315m0.001033,4.23,176.43,48,16,1026,2.901227518840606e-8,0.05133640860217925,0.4059501160358141
L48T16beta4.23ms0.032315m0.001033,4.23,176.43,48,16,1027,2.901233822604201e-8,0.051336520145511,0.4059509980809299
L48T16beta4.23ms0.032315m0.001033,4.23,176.43,48,16,1028,2.9012401263677953e-8,0.051336631688842754,0.4059518801260456
L48T16beta4.23ms0.032315m0.001033,4.23,176.43,48,16,1029,2.90124643013139e-8,0.051336743232174506,0.40595276217116133
L48T16beta4.23ms0.032315m0.001033,4.23,176.43,48,16,1030,2.901252733894984e-8,0.05133685477550625,0.40595364421627705
L48T16beta4.23ms0.032315m0.001033,4.23,176.43,48,16,1031,2.9012590376585784e-8,0.051336966318838,0.4059545262613928
L48T16beta4.23ms0.032315m0.001033,4.23,176.43,48,16,1032,2.901265341422173e-8,0.051337077862169754,0.4059554083065085
L48T16beta4.23ms0.032315m0.001033,4.23,176.43,48,16,1033,2.9012716451857675e-8,0.051337189405501506,0.4059562903516243
L48T16beta4.23ms0.032315m0.001033,4.23,176.43,48,16,1034,2.901277948949362e-8,0.05133730094883325,0.40595717239674
L48T16beta4.23ms0.032315m0.001033,4.23,176.43,48,16,1035,2.9012842527129563e-8,0.051337412492165,0.40595805444185573
L48T16beta4.23ms0.032315m0.001033,4.23,176.43,48,16,1036,2.901290556476551e-8,0.051337524035496754,0.40595893648697146
L48T16beta4.23ms0.032315m0.001033,4.23,176.43,48,16,1037,2.901296860240145e-8,0.0513376355788285,0.4059598185320872
L48T16beta4.23ms0.032315m0.001033,4.23,176.43,48,16,1038,2.9013031640037394e-8,0.05133774712216025,0.4059607005772029
L48T16beta4.23ms0.032315m0.001033,4.23,176.43,48,16,1039,2.901309467767334e-8,0.051337858665492,0.4059615826223187
L48T16beta4.23ms0.032315m0.001033,4.23,176.43,48,16,1040,2.9013157715309286e-8,0.051337970208823754,0.4059624646674344
L48T16beta4.23ms0.032315m0.001033,4.23,176.43,48,16,1041,2.901322075294523e-8,0.0513380817521555,0.40596334671255013
L48T16beta4.23ms0.032315m0.001033,4.23,176.43,48,16,1042,2.9013283790581173e-8,0.05133819329548725,0.40596422875766586
L48T16beta4.23ms0.032315m0.001033,4.23,176.43,48,16,1043,2.901334682821712e-8,0.051338304838819,0.4059651108027816
L48T16beta4.23ms0.032315m0.001033,4.23,176.43,48,16,1044,2.9013409865853064e-8,0.05133841638215075,0.4059659928478973
L48T16beta4.23ms0.032315m0.001033,4.23,176.43,48,16,1045,2.9013472903489005e-8,0.0513385279254825,0.4059668748930131
L48T16beta4.23ms0.032315m0.001033,4.23,176.43,48,16,1046,2.9013535941124952e-8,0.05133863946881425,0.4059677569381288
L48T16beta4.23ms0.032315m0.001033,4.23,176.43,48,16,1047,2.9013598978760896e-8,0.051338751012146,0.40596863898324453
L48T16beta4.23ms0.032315m0.001033,4.23,176.43,48,16,1048,2.901366201639684e-8,0.051338862555477746,0.40596952102836026
L48T16beta4.23ms0.032315m0.001033,4.23,176.43,48,16,1049,2.9013725054032784e-8,0.0513389740988095,0.405970403073476
L48T16beta4.23ms0.032315m0.001033,4.23,176.43,48,16,1050,2.901378809166873e-8,0.05133908564214125,0.4059712851185917
L48T16beta4.23ms0.032315m0.001033,4.23,176.43,48,16,1051,2.9013851129304675e-8,0.051339197185473,0.4059721671637075
L48T16beta4.23ms0.032315m0.001033,4.23,176.43,48,16,1052,2.9013914166940615e-8,0.051339308728804746,0.4059730492088232
L48T16beta4.23ms0.032315m0.001033,4.23,176.43,48,16,1053,2.9013977204576562e-8,0.0513394202721365,0.40597393125393894
L48T16beta4.23ms0.032315m0.001033,4.23,176.43,48,16,1054,2.9014040242212506e-8,0.05133953181546825,0.40597481329905466
L48T16beta4.23ms0.032315m0.001033,4.23,176.43,48,16,1055,2.9014103279848453e-8,0.0513396433588,0.4059756953441704
L48T16beta4.23ms0.032315m0.001033,4.23,176.43,48,16,1056,2.9014166317484394e-8,0.051339754902131746,0.4059765773892861
L48T16beta4.23ms0.032315m0.001033,4.23,176.43,48,16,1057,2.901422935512034e-8,0.0513398664454635,0.40597745943440183
L48T16beta4.23ms0.032315m0.001033,4.23,176.43,48,16,1058,2.9014292392756285e-8,0.05133997798879525,0.4059783414795176
L48T16beta4.23ms0.032315m0.001033,4.23,176.43,48,16,1059,2.901435543039223e-8,0.051340089532127,0.40597922352463334
L48T16beta4.23ms0.032315m0.001033,4.23,176.43,48,16,1060,2.9014418468028173e-8,0.051340201075458745,0.40598010556974906
L48T16beta4.23ms0.032315m0.001033,4.23,176.43,48,16,1061,2.9014481505664116e-8,0.0513403126187905,0.4059809876148648
L48T16beta4.23ms0.032315m0.001033,4.23,176.43,48,16,1062,2.9014544543300064e-8,0.05134042416212225,0.4059818696599805
L48T16beta4.23ms0.032315m0.001033,4.23,176.43,48,16,1063,2.9014607580936004e-8,0.051340535705453993,0.40598275170509623
L48T16beta4.23ms0.032315m0.001033,4.23,176.43,48,16,1064,2.901467061857195e-8,0.051340647248785745,0.405983633750212
L48T16beta4.23ms0.032315m0.001033,4.23,176.43,48,16,1065,2.9014733656207895e-8,0.0513407587921175,0.40598451579532774
L48T16beta4.23ms0.032315m0.001033,4.23,176.43,48,16,1066,2.901479669384384e-8,0.05134087033544925,0.40598539784044346
L48T16beta4.23ms0.032315m0.001033,4.23,176.43,48,16,1067,2.9014859731479783e-8,0.05134098187878099,0.4059862798855592
L48T16beta4.23ms0.032315m0.001033,4.23,176.43,48,16,1068,2.9014922769115727e-8,0.051341093422112745,0.4059871619306749
L48T16beta4.23ms0.032315m0.001033,4.23,176.43,48,16,1069,2.9014985806751674e-8,0.0513412049654445,0.40598804397579064
L48T16beta4.23ms0.032315m0.001033,4.23,176.43,48,16,1070,2.9015048844387618e-8,0.05134131650877625,0.4059889260209064
L48T16beta4.23ms0.032315m0.001033,4.23,176.43,48,16,1071,2.9015111882023562e-8,0.05134142805210799,0.40598980806602214
L48T16beta4.23ms0.032315m0.001033,4.23,176.43,48,16,1072,2.9015174919659506e-8,0.051341539595439745,0.40599069011113786
L48T16beta4.23ms0.032315m0.001033,4.23,176.43,48,16,1073,2.901523795729545e-8,0.051341651138771496,0.4059915721562536
L48T16beta4.23ms0.032315m0.001033,4.23,176.43,48,16,1074,2.9015300994931393e-8,0.05134176268210324,0.4059924542013693
L48T16beta4.23ms0.032315m0.001033,4.23,176.43,48,16,1075,2.9015364032567337e-8,0.05134187422543499,0.40599333624648504
L48T16beta4.23ms0.032315m0.001033,4.23,176.43,48,16,1076,2.9015427070203284e-8,0.051341985768766744,0.4059942182916008
L48T16beta4.23ms0.032315m0.001033,4.23,176.43,48,16,1077,2.9015490107839228e-8,0.051342097312098496,0.40599510033671654
L48T16beta4.23ms0.032315m0.001033,4.23,176.43,48,16,1078,2.9015553145475172e-8,0.05134220885543024,0.40599598238183227
L48T16beta4.23ms0.032315m0.001033,4.23,176.43,48,16,1079,2.9015616183111116e-8,0.05134232039876199,0.405996864426948
L48T16beta4.23ms0.032315m0.001033,4.23,176.43,48,16,1080,2.901567922074706e-8,0.051342431942093744,0.4059977464720637
L48T16beta4.23ms0.032315m0.001033,4.23,176.43,48,16,1081,2.9015742258383007e-8,0.051342543485425496,0.40599862851717944
L48T16beta4.23ms0.032315m0.001033,4.23,176.43,48,16,1082,2.9015805296018947e-8,0.05134265502875724,0.4059995105622952
L48T16beta4.23ms0.032315m0.001033,4.23,176.43,48,16,1083,2.9015868333654895e-8,0.05134276657208899,0.40600039260741094
L48T16beta4.23ms0.032315m0.001033,4.23,176.43,48,16,1084,2.901593137129084e-8,0.051342878115420744,0.40600127465252667
L48T16beta4.23ms0.032315m0.001033,4.23,176.43,48,16,1085,2.9015994408926782e-8,0.05134298965875249,0.4060021566976424
L48T16beta4.23ms0.032315m0.001033,4.23,176.43,48,16,1086,2.9016057446562726e-8,0.05134310120208424,0.4060030387427581
L48T16beta4.23ms0.032315m0.001033,4.23,176.43,48,16,1087,2.901612048419867e-8,0.05134321274541599,0.40600392078787384
L48T16beta4.23ms0.032315m0.001033,4.23,176.43,48,16,1088,2.9016183521834617e-8,0.051343324288747744,0.4060048028329896
L48T16beta4.23ms0.032315m0.001033,4.23,176.43,48,16,1089,2.9016246559470558e-8,0.05134343583207949,0.40600568487810534
L48T16beta4.23ms0.032315m0.001033,4.23,176.43,48,16,1090,2.9016309597106505e-8,0.05134354737541124,0.40600656692322107
L48T16beta4.23ms0.032315m0.001033,4.23,176.43,48,16,1091,2.901637263474245e-8,0.05134365891874299,0.4060074489683368
L48T16beta4.23ms0.032315m0.001033,4.23,176.43,48,16,1092,2.9016435672378396e-8,0.05134377046207474,0.4060083310134525
L48T16beta4.23ms0.032315m0.001033,4.23,176.43,48,16,1093,2.9016498710014337e-8,0.05134388200540649,0.40600921305856824
L48T16beta4.23ms0.032315m0.001033,4.23,176.43,48,16,1094,2.901656174765028e-8,0.05134399354873824,0.406010095103684
L48T16beta4.23ms0.032315m0.001033,4.23,176.43,48,16,1095,2.9016624785286228e-8,0.05134410509206999,0.40601097714879975
L48T16beta4.23ms0.032315m0.001033,4.23,176.43,48,16,1096,2.9016687822922168e-8,0.051344216635401736,0.40601185919391547
L48T16beta4.23ms0.032315m0.001033,4.23,176.43,48,16,1097,2.9016750860558115e-8,0.05134432817873349,0.4060127412390312
L48T16beta4.23ms0.032315m0.001033,4.23,176.43,48,16,1098,2.901681389819406e-8,0.05134443972206524,0.4060136232841469
L48T16beta4.23ms0.032315m0.001033,4.23,176.43,48,16,1099,2.9016876935830006e-8,0.05134455126539699,0.40601450532926264
L48T16beta4.23ms0.032315m0.001033,4.23,176.43,48,16,1100,2.9016939973465947e-8,0.051344662808728736,0.4060153873743784
L48T16beta4.23ms0.032315m0.001033,4.23,176.43,48,16,1101,2.901700301110189e-8,0.05134477435206049,0.40601626941949415
L48T16beta4.23ms0.032315m0.001033,4.23,176.43,48,16,1102,2.9017066048737838e-8,0.05134488589539224,0.40601715146460987
L48T16beta4.23ms0.032315m0.001033,4.23,176.43,48,16,1103,2.9017129086373782e-8,0.05134499743872399,0.4060180335097256
L48T16beta4.23ms0.032315m0.001033,4.23,176.43,48,16,1104,2.9017192124009726e-8,0.051345108982055736,0.4060189155548413
L48T16beta4.23ms0.032315m0.001033,4.23,176.43,48,16,1105,2.901725516164567e-8,0.05134522052538749,0.40601979759995704
L48T16beta4.23ms0.032315m0.001033,4.23,176.43,48,16,1106,2.9017318199281617e-8,0.05134533206871924,0.4060206796450728
L48T16beta4.23ms0.032315m0.001033,4.23,176.43,48,16,1107,2.901738123691756e-8,0.05134544361205099,0.40602156169018855
L48T16beta4.23ms0.032315m0.001033,4.23,176.43,48,16,1108,2.90174442745535e-8,0.051345555155382736,0.4060224437353043
L48T16beta4.23ms0.032315m0.001033,4.23,176.43,48,16,1109,2.9017507312189448e-8,0.05134566669871449,0.40602332578042
L48T16beta4.23ms0.032315m0.001033,4.23,176.43,48,16,1110,2.9017570349825392e-8,0.05134577824204624,0.4060242078255357
L48T16beta4.23ms0.032315m0.001033,4.23,176.43,48,16,1111,2.9017633387461336e-8,0.051345889785377984,0.40602508987065145
L48T16beta4.23ms0.032315m0.001033,4.23,176.43,48,16,1112,2.901769642509728e-8,0.051346001328709735,0.4060259719157672
L48T16beta4.23ms0.032315m0.001033,4.23,176.43,48,16,1113,2.9017759462733227e-8,0.05134611287204149,0.40602685396088295
L48T16beta4.23ms0.032315m0.001033,4.23,176.43,48,16,1114,2.901782250036917e-8,0.05134622441537324,0.4060277360059987
L48T16beta4.23ms0.032315m0.001033,4.23,176.43,48,16,1115,2.901788553800511e-8,0.05134633595870498,0.4060286180511144
L48T16beta4.23ms0.032315m0.001033,4.23,176.43,48,16,1116,2.901794857564106e-8,0.051346447502036735,0.4060295000962301
L48T16beta4.23ms0.032315m0.001033,4.23,176.43,48,16,1117,2.9018011613277002e-8,0.05134655904536849,0.40603038214134585
L48T16beta4.23ms0.032315m0.001033,4.23,176.43,48,16,1118,2.901807465091295e-8,0.05134667058870024,0.4060312641864616
L48T16beta4.23ms0.032315m0.001033,4.23,176.43,48,16,1119,2.901813768854889e-8,0.05134678213203198,0.40603214623157735
L48T16beta4.23ms0.032315m0.001033,4.23,176.43,48,16,1120,2.9018200726184837e-8,0.051346893675363735,0.4060330282766931
L48T16beta4.23ms0.032315m0.001033,4.23,176.43,48,16,1121,2.901826376382078e-8,0.051347005218695486,0.4060339103218088
L48T16beta4.23ms0.032315m0.001033,4.23,176.43,48,16,1122,2.9018326801456722e-8,0.05134711676202723,0.4060347923669245
L48T16beta4.23ms0.032315m0.001033,4.23,176.43,48,16,1123,2.901838983909267e-8,0.05134722830535898,0.40603567441204025
L48T16beta4.23ms0.032315m0.001033,4.23,176.43,48,16,1124,2.9018452876728613e-8,0.051347339848690735,0.40603655645715603
L48T16beta4.23ms0.032315m0.001033,4.23,176.43,48,16,1125,2.901851591436456e-8,0.051347451392022486,0.40603743850227175
L48T16beta4.23ms0.032315m0.001033,4.23,176.43,48,16,1126,2.90185789520005e-8,0.05134756293535423,0.4060383205473875
L48T16beta4.23ms0.032315m0.001033,4.23,176.43,48,16,1127,2.9018641989636448e-8,0.05134767447868598,0.4060392025925032
L48T16beta4.23ms0.032315m0.001033,4.23,176.43,48,16,1128,2.901870502727239e-8,0.051347786022017734,0.4060400846376189
L48T16beta4.23ms0.032315m0.001033,4.23,176.43,48,16,1129,2.901876806490834e-8,0.051347897565349486,0.40604096668273465
L48T16beta4.23ms0.032315m0.001033,4.23,176.43,48,16,1130,2.901883110254428e-8,0.05134800910868123,0.40604184872785043
L48T16beta4.23ms0.032315m0.001033,4.23,176.43,48,16,1131,2.9018894140180223e-8,0.05134812065201298,0.40604273077296615
L48T16beta4.23ms0.032315m0.001033,4.23,176.43,48,16,1132,2.901895717781617e-8,0.051348232195344734,0.4060436128180819
L48T16beta4.23ms0.032315m0.001033,4.23,176.43,48,16,1133,2.901902021545211e-8,0.05134834373867648,0.4060444948631976
L48T16beta4.23ms0.032315m0.001033,4.23,176.43,48,16,1134,2.9019083253088058e-8,0.05134845528200823,0.4060453769083133
L48T16beta4.23ms0.032315m0.001033,4.23,176.43,48,16,1135,2.9019146290724002e-8,0.05134856682533998,0.40604625895342905
L48T16beta4.23ms0.032315m0.001033,4.23,176.43,48,16,1136,2.901920932835995e-8,0.051348678368671734,0.40604714099854483
L48T16beta4.23ms0.032315m0.001033,4.23,176.43,48,16,1137,2.901927236599589e-8,0.05134878991200348,0.40604802304366056
L48T16beta4.23ms0.032315m0.001033,4.23,176.43,48,16,1138,2.9019335403631833e-8,0.05134890145533523,0.4060489050887763
L48T16beta4.23ms0.032315m0.001033,4.23,176.43,48,16,1139,2.901939844126778e-8,0.05134901299866698,0.406049787133892
L48T16beta4.23ms0.032315m0.001033,4.23,176.43,48,16,1140,2.9019461478903724e-8,0.051349124541998734,0.40605066917900773
L48T16beta4.23ms0.032315m0.001033,4.23,176.43,48,16,1141,2.9019524516539668e-8,0.05134923608533048,0.40605155122412345
L48T16beta4.23ms0.032315m0.001033,4.23,176.43,48,16,1142,2.9019587554175612e-8,0.05134934762866223,0.40605243326923923
L48T16beta4.23ms0.032315m0.001033,4.23,176.43,48,16,1143,2.901965059181156e-8,0.05134945917199398,0.40605331531435496
L48T16beta4.23ms0.032315m0.001033,4.23,176.43,48,16,1144,2.90197136294475e-8,0.051349570715325726,0.4060541973594707
L48T16beta4.23ms0.032315m0.001033,4.23,176.43,48,16,1145,2.9019776667083444e-8,0.05134968225865748,0.4060550794045864
L48T16beta4.23ms0.032315m0.001033,4.23,176.43,48,16,1146,2.901983970471939e-8,0.05134979380198923,0.40605596144970213
L48T16beta4.23ms0.032315m0.001033,4.23,176.43,48,16,1147,2.9019902742355335e-8,0.05134990534532098,0.40605684349481785
L48T16beta4.23ms0.032315m0.001033,4.23,176.43,48,16,1148,2.901996577999128e-8,0.051350016888652726,0.40605772553993363
L48T16beta4.23ms0.032315m0.001033,4.23,176.43,48,16,1149,2.9020028817627223e-8,0.05135012843198448,0.40605860758504936
L48T16beta4.23ms0.032315m0.001033,4.23,176.43,48,16,1150,2.902009185526317e-8,0.05135023997531623,0.4060594896301651
L48T16beta4.23ms0.032315m0.001033,4.23,176.43,48,16,1151,2.9020154892899114e-8,0.05135035151864798,0.4060603716752808
L48T16beta4.23ms0.032315m0.001033,4.23,176.43,48,16,1152,2.9020217930535054e-8,0.051350463061979726,0.40606125372039653
L48T16beta4.23ms0.032315m0.001033,4.23,176.43,48,16,1153,2.9020280968171e-8,0.05135057460531148,0.40606213576551226
L48T16beta4.23ms0.032315m0.001033,4.23,176.43,48,16,1154,2.9020344005806945e-8,0.05135068614864323,0.40606301781062804
L48T16beta4.23ms0.032315m0.001033,4.23,176.43,48,16,1155,2.9020407043442892e-8,0.05135079769197498,0.40606389985574376
L48T16beta4.23ms0.032315m0.001033,4.23,176.43,48,16,1156,2.9020470081078833e-8,0.051350909235306726,0.4060647819008595
L48T16beta4.23ms0.032315m0.001033,4.23,176.43,48,16,1157,2.902053311871478e-8,0.05135102077863848,0.4060656639459752
L48T16beta4.23ms0.032315m0.001033,4.23,176.43,48,16,1158,2.9020596156350724e-8,0.05135113232197023,0.40606654599109093
L48T16beta4.23ms0.032315m0.001033,4.23,176.43,48,16,1159,2.9020659193986664e-8,0.051351243865301974,0.40606742803620666
L48T16beta4.23ms0.032315m0.001033,4.23,176.43,48,16,1160,2.902072223162261e-8,0.051351355408633725,0.4060683100813224
L48T16beta4.23ms0.032315m0.001033,4.23,176.43,48,16,1161,2.9020785269258555e-8,0.05135146695196548,0.40606919212643816
L48T16beta4.23ms0.032315m0.001033,4.23,176.43,48,16,1162,2.9020848306894503e-8,0.05135157849529723,0.4060700741715539
L48T16beta4.23ms0.032315m0.001033,4.23,176.43,48,16,1163,2.9020911344530443e-8,0.05135169003862897,0.4060709562166696
L48T16beta4.23ms0.032315m0.001033,4.23,176.43,48,16,1164,2.902097438216639e-8,0.051351801581960725,0.40607183826178533
L48T16beta4.23ms0.032315m0.001033,4.23,176.43,48,16,1165,2.9021037419802334e-8,0.05135191312529248,0.40607272030690106
L48T16beta4.23ms0.032315m0.001033,4.23,176.43,48,16,1166,2.902110045743828e-8,0.05135202466862423,0.4060736023520168
L48T16beta4.23ms0.032315m0.001033,4.23,176.43,48,16,1167,2.9021163495074222e-8,0.05135213621195597,0.40607448439713256
L48T16beta4.23ms0.032315m0.001033,4.23,176.43,48,16,1168,2.9021226532710166e-8,0.051352247755287725,0.4060753664422483
L48T16beta4.23ms0.032315m0.001033,4.23,176.43,48,16,1169,2.9021289570346113e-8,0.05135235929861948,0.406076248487364
L48T16beta4.23ms0.032315m0.001033,4.23,176.43,48,16,1170,2.9021352607982054e-8,0.05135247084195122,0.40607713053247974
L48T16beta4.23ms0.032315m0.001033,4.23,176.43,48,16,1171,2.9021415645618e-8,0.05135258238528297,0.40607801257759546
L48T16beta4.23ms0.032315m0.001033,4.23,176.43,48,16,1172,2.9021478683253945e-8,0.051352693928614725,0.4060788946227112
L48T16beta4.23ms0.032315m0.001033,4.23,176.43,48,16,1173,2.9021541720889892e-8,0.051352805471946476,0.40607977666782696
L48T16beta4.23ms0.032315m0.001033,4.23,176.43,48,16,1174,2.9021604758525832e-8,0.05135291701527822,0.4060806587129427
L48T16beta4.23ms0.032315m0.001033,4.23,176.43,48,16,1175,2.9021667796161776e-8,0.05135302855860997,0.4060815407580584
L48T16beta4.23ms0.032315m0.001033,4.23,176.43,48,16,1176,2.9021730833797723e-8,0.051353140101941724,0.40608242280317414
L48T16beta4.23ms0.032315m0.001033,4.23,176.43,48,16,1177,2.9021793871433667e-8,0.051353251645273476,0.40608330484828986
L48T16beta4.23ms0.032315m0.001033,4.23,176.43,48,16,1178,2.902185690906961e-8,0.05135336318860522,0.4060841868934056
L48T16beta4.23ms0.032315m0.001033,4.23,176.43,48,16,1179,2.9021919946705555e-8,0.05135347473193697,0.40608506893852137
L48T16beta4.23ms0.032315m0.001033,4.23,176.43,48,16,1180,2.9021982984341502e-8,0.051353586275268724,0.4060859509836371
L48T16beta4.23ms0.032315m0.001033,4.23,176.43,48,16,1181,2.9022046021977443e-8,0.05135369781860047,0.4060868330287528
L48T16beta4.23ms0.032315m0.001033,4.23,176.43,48,16,1182,2.9022109059613386e-8,0.05135380936193222,0.40608771507386854
L48T16beta4.23ms0.032315m0.001033,4.23,176.43,48,16,1183,2.9022172097249334e-8,0.05135392090526397,0.40608859711898426
L48T16beta4.23ms0.032315m0.001033,4.23,176.43,48,16,1184,2.9022235134885277e-8,0.051354032448595724,0.4060894791641
L48T16beta4.23ms0.032315m0.001033,4.23,176.43,48,16,1185,2.902229817252122e-8,0.05135414399192747,0.40609036120921577
L48T16beta4.23ms0.032315m0.001033,4.23,176.43,48,16,1186,2.9022361210157165e-8,0.05135425553525922,0.4060912432543315
L48T16beta4.23ms0.032315m0.001033,4.23,176.43,48,16,1187,2.9022424247793112e-8,0.05135436707859097,0.4060921252994472
L48T16beta4.23ms0.032315m0.001033,4.23,176.43,48,16,1188,2.9022487285429056e-8,0.051354478621922724,0.40609300734456294
L48T16beta4.23ms0.032315m0.001033,4.23,176.43,48,16,1189,2.9022550323064997e-8,0.05135459016525447,0.40609388938967866
L48T16beta4.23ms0.032315m0.001033,4.23,176.43,48,16,1190,2.9022613360700944e-8,0.05135470170858622,0.4060947714347944
L48T16beta4.23ms0.032315m0.001033,4.23,176.43,48,16,1191,2.9022676398336888e-8,0.05135481325191797,0.40609565347991017
L48T16beta4.23ms0.032315m0.001033,4.23,176.43,48,16,1192,2.9022739435972832e-8,0.051354924795249716,0.4060965355250259
L48T16beta4.23ms0.032315m0.001033,4.23,176.43,48,16,1193,2.9022802473608776e-8,0.05135503633858147,0.4060974175701416
L48T16beta4.23ms0.032315m0.001033,4.23,176.43,48,16,1194,2.9022865511244723e-8,0.05135514788191322,0.40609829961525734
L48T16beta4.23ms0.032315m0.001033,4.23,176.43,48,16,1195,2.9022928548880667e-8,0.05135525942524497,0.40609918166037307
L48T16beta4.23ms0.032315m0.001033,4.23,176.43,48,16,1196,2.9022991586516607e-8,0.051355370968576716,0.4061000637054888
L48T16beta4.23ms0.032315m0.001033,4.23,176.43,48,16,1197,2.9023054624152554e-8,0.05135548251190847,0.40610094575060457
L48T16beta4.23ms0.032315m0.001033,4.23,176.43,48,16,1198,2.9023117661788498e-8,0.05135559405524022,0.4061018277957203
L48T16beta4.23ms0.032315m0.001033,4.23,176.43,48,16,1199,2.9023180699424445e-8,0.05135570559857197,0.406102709840836
L48T16beta4.23ms0.032315m0.001033,4.23,176.43,48,16,1200,2.9023243737060386e-8,0.051355817141903716,0.40610359188595174
L48T16beta4.23ms0.032315m0.001033,4.23,176.43,48,16,1201,2.9023306774696333e-8,0.05135592868523547,0.40610447393106747
L48T16beta4.23ms0.032315m0.001033,4.23,176.43,48,16,1202,2.9023369812332277e-8,0.05135604022856722,0.4061053559761832
L48T16beta4.23ms0.032315m0.001033,4.23,176.43,48,16,1203,2.9023432849968224e-8,0.05135615177189897,0.40610623802129897
L48T16beta4.23ms0.032315m0.001033,4.23,176.43,48,16,1204,2.9023495887604165e-8,0.051356263315230716,0.4061071200664147
L48T16beta4.23ms0.032315m0.001033,4.23,176.43,48,16,1205,2.902355892524011e-8,0.05135637485856247,0.4061080021115304
L48T16beta4.23ms0.032315m0.001033,4.23,176.43,48,16,1206,2.9023621962876056e-8,0.05135648640189422,0.40610888415664614
L48T16beta4.23ms0.032315m0.001033,4.23,176.43,48,16,1207,2.9023685000511996e-8,0.051356597945225964,0.40610976620176187
L48T16beta4.23ms0.032315m0.001033,4.23,176.43,48,16,1208,2.9023748038147943e-8,0.051356709488557716,0.4061106482468776
L48T16beta4.23ms0.032315m0.001033,4.23,176.43,48,16,1209,2.9023811075783887e-8,0.05135682103188947,0.4061115302919934
L48T16beta4.23ms0.032315m0.001033,4.23,176.43,48,16,1210,2.9023874113419834e-8,0.05135693257522122,0.4061124123371091
L48T16beta4.23ms0.032315m0.001033,4.23,176.43,48,16,1211,2.9023937151055775e-8,0.051357044118552964,0.4061132943822248
L48T16beta4.23ms0.032315m0.001033,4.23,176.43,48,16,1212,2.902400018869172e-8,0.051357155661884715,0.40611417642734055
L48T16beta4.23ms0.032315m0.001033,4.23,176.43,48,16,1213,2.9024063226327666e-8,0.05135726720521647,0.40611505847245627
L48T16beta4.23ms0.032315m0.001033,4.23,176.43,48,16,1214,2.902412626396361e-8,0.05135737874854822,0.406115940517572
L48T16beta4.23ms0.032315m0.001033,4.23,176.43,48,16,1215,2.9024189301599554e-8,0.05135749029187996,0.4061168225626878
L48T16beta4.23ms0.032315m0.001033,4.23,176.43,48,16,1216,2.9024252339235498e-8,0.051357601835211715,0.4061177046078035
L48T16beta4.23ms0.032315m0.001033,4.23,176.43,48,16,1217,2.9024315376871445e-8,0.05135771337854347,0.4061185866529192
L48T16beta4.23ms0.032315m0.001033,4.23,176.43,48,16,1218,2.9024378414507385e-8,0.05135782492187521,0.40611946869803495
L48T16beta4.23ms0.032315m0.001033,4.23,176.43,48,16,1219,2.902444145214333e-8,0.05135793646520696,0.40612035074315067
L48T16beta4.23ms0.032315m0.001033,4.23,176.43,48,16,1220,2.9024504489779276e-8,0.051358048008538715,0.4061212327882664
L48T16beta4.23ms0.032315m0.001033,4.23,176.43,48,16,1221,2.902456752741522e-8,0.051358159551870466,0.4061221148333822
L48T16beta4.23ms0.032315m0.001033,4.23,176.43,48,16,1222,2.9024630565051164e-8,0.05135827109520221,0.4061229968784979
L48T16beta4.23ms0.032315m0.001033,4.23,176.43,48,16,1223,2.9024693602687108e-8,0.05135838263853396,0.4061238789236136
L48T16beta4.23ms0.032315m0.001033,4.23,176.43,48,16,1224,2.9024756640323055e-8,0.051358494181865715,0.40612476096872935
L48T16beta4.23ms0.032315m0.001033,4.23,176.43,48,16,1225,2.9024819677959e-8,0.051358605725197466,0.4061256430138451
L48T16beta4.23ms0.032315m0.001033,4.23,176.43,48,16,1226,2.902488271559494e-8,0.05135871726852921,0.4061265250589608
L48T16beta4.23ms0.032315m0.001033,4.23,176.43,48,16,1227,2.9024945753230887e-8,0.05135882881186096,0.4061274071040766
L48T16beta4.23ms0.032315m0.001033,4.23,176.43,48,16,1228,2.902500879086683e-8,0.051358940355192714,0.4061282891491923
L48T16beta4.23ms0.032315m0.001033,4.23,176.43,48,16,1229,2.9025071828502774e-8,0.05135905189852446,0.406129171194308
L48T16beta4.23ms0.032315m0.001033,4.23,176.43,48,16,1230,2.9025134866138718e-8,0.05135916344185621,0.40613005323942375
L48T16beta4.23ms0.032315m0.001033,4.23,176.43,48,16,1231,2.9025197903774665e-8,0.05135927498518796,0.4061309352845395
L48T16beta4.23ms0.032315m0.001033,4.23,176.43,48,16,1232,2.902526094141061e-8,0.051359386528519714,0.4061318173296552
L48T16beta4.23ms0.032315m0.001033,4.23,176.43,48,16,1233,2.902532397904655e-8,0.05135949807185146,0.406132699374771
L48T16beta4.23ms0.032315m0.001033,4.23,176.43,48,16,1234,2.9025387016682497e-8,0.05135960961518321,0.4061335814198867
L48T16beta4.23ms0.032315m0.001033,4.23,176.43,48,16,1235,2.902545005431844e-8,0.05135972115851496,0.4061344634650024
L48T16beta4.23ms0.032315m0.001033,4.23,176.43,48,16,1236,2.9025513091954388e-8,0.051359832701846714,0.40613534551011815
L48T16beta4.23ms0.032315m0.001033,4.23,176.43,48,16,1237,2.902557612959033e-8,0.05135994424517846,0.4061362275552339
L48T16beta4.23ms0.032315m0.001033,4.23,176.43,48,16,1238,2.9025639167226276e-8,0.05136005578851021,0.4061371096003496
L48T16beta4.23ms0.032315m0.001033,4.23,176.43,48,16,1239,2.902570220486222e-8,0.05136016733184196,0.4061379916454654
L48T16beta4.23ms0.032315m0.001033,4.23,176.43,48,16,1240,2.902576524249816e-8,0.05136027887517371,0.4061388736905811
L48T16beta4.23ms0.032315m0.001033,4.23,176.43,48,16,1241,2.9025828280134107e-8,0.05136039041850546,0.40613975573569683
L48T16beta4.23ms0.032315m0.001033,4.23,176.43,48,16,1242,2.902589131777005e-8,0.05136050196183721,0.40614063778081255
L48T16beta4.23ms0.032315m0.001033,4.23,176.43,48,16,1243,2.9025954355406e-8,0.05136061350516896,0.4061415198259283
L48T16beta4.23ms0.032315m0.001033,4.23,176.43,48,16,1244,2.902601739304194e-8,0.051360725048500706,0.406142401871044
L48T16beta4.23ms0.032315m0.001033,4.23,176.43,48,16,1245,2.9026080430677886e-8,0.05136083659183246,0.4061432839161598
L48T16beta4.23ms0.032315m0.001033,4.23,176.43,48,16,1246,2.902614346831383e-8,0.05136094813516421,0.4061441659612755
L48T16beta4.23ms0.032315m0.001033,4.23,176.43,48,16,1247,2.9026206505949777e-8,0.05136105967849596,0.40614504800639123
L48T16beta4.23ms0.032315m0.001033,4.23,176.43,48,16,1248,2.9026269543585718e-8,0.051361171221827706,0.40614593005150695
L48T16beta4.23ms0.032315m0.001033,4.23,176.43,48,16,1249,2.902633258122166e-8,0.05136128276515946,0.4061468120966227
L48T16beta4.23ms0.032315m0.001033,4.23,176.43,48,16,1250,2.902639561885761e-8,0.05136139430849121,0.4061476941417384
L48T16beta4.23ms0.032315m0.001033,4.23,176.43,48,16,1251,2.9026458656493553e-8,0.05136150585182296,0.4061485761868542
L48T16beta4.23ms0.032315m0.001033,4.23,176.43,48,16,1252,2.9026521694129496e-8,0.051361617395154706,0.4061494582319699
L48T16beta4.23ms0.032315m0.001033,4.23,176.43,48,16,1253,2.902658473176544e-8,0.05136172893848646,0.40615034027708563
L48T16beta4.23ms0.032315m0.001033,4.23,176.43,48,16,1254,2.9026647769401387e-8,0.05136184048181821,0.40615122232220136
L48T16beta4.23ms0.032315m0.001033,4.23,176.43,48,16,1255,2.9026710807037328e-8,0.051361952025149954,0.4061521043673171
L48T16beta4.23ms0.032315m0.001033,4.23,176.43,48,16,1256,2.9026773844673272e-8,0.051362063568481706,0.4061529864124328
L48T16beta4.23ms0.032315m0.001033,4.23,176.43,48,16,1257,2.902683688230922e-8,0.05136217511181346,0.40615386845754853
L48T16beta4.23ms0.032315m0.001033,4.23,176.43,48,16,1258,2.9026899919945163e-8,0.05136228665514521,0.4061547505026643
L48T16beta4.23ms0.032315m0.001033,4.23,176.43,48,16,1259,2.9026962957581107e-8,0.051362398198476954,0.40615563254778003
L48T16beta4.23ms0.032315m0.001033,4.23,176.43,48,16,1260,2.902702599521705e-8,0.051362509741808705,0.40615651459289576
L48T16beta4.23ms0.032315m0.001033,4.23,176.43,48,16,1261,2.9027089032852998e-8,0.05136262128514046,0.4061573966380115
L48T16beta4.23ms0.032315m0.001033,4.23,176.43,48,16,1262,2.902715207048894e-8,0.05136273282847221,0.4061582786831272
L48T16beta4.23ms0.032315m0.001033,4.23,176.43,48,16,1263,2.9027215108124882e-8,0.05136284437180395,0.40615916072824293
L48T16beta4.23ms0.032315m0.001033,4.23,176.43,48,16,1264,2.902727814576083e-8,0.051362955915135705,0.4061600427733587
L48T16beta4.23ms0.032315m0.001033,4.23,176.43,48,16,1265,2.9027341183396773e-8,0.05136306745846746,0.40616092481847443
L48T16beta4.23ms0.032315m0.001033,4.23,176.43,48,16,1266,2.9027404221032717e-8,0.0513631790017992,0.40616180686359016
L48T16beta4.23ms0.032315m0.001033,4.23,176.43,48,16,1267,2.902746725866866e-8,0.05136329054513095,0.4061626889087059
L48T16beta4.23ms0.032315m0.001033,4.23,176.43,48,16,1268,2.9027530296304608e-8,0.051363402088462705,0.4061635709538216
L48T16beta4.23ms0.032315m0.001033,4.23,176.43,48,16,1269,2.9027593333940552e-8,0.05136351363179446,0.40616445299893733
L48T16beta4.23ms0.032315m0.001033,4.23,176.43,48,16,1270,2.9027656371576493e-8,0.0513636251751262,0.4061653350440531
L48T16beta4.23ms0.032315m0.001033,4.23,176.43,48,16,1271,2.902771940921244e-8,0.05136373671845795,0.40616621708916884
L48T16beta4.23ms0.032315m0.001033,4.23,176.43,48,16,1272,2.9027782446848384e-8,0.051363848261789705,0.40616709913428456
L48T16beta4.23ms0.032315m0.001033,4.23,176.43,48,16,1273,2.902784548448433e-8,0.051363959805121456,0.4061679811794003
L48T16beta4.23ms0.032315m0.001033,4.23,176.43,48,16,1274,2.902790852212027e-8,0.0513640713484532,0.406168863224516
L48T16beta4.23ms0.032315m0.001033,4.23,176.43,48,16,1275,2.902797155975622e-8,0.05136418289178495,0.40616974526963173
L48T16beta4.23ms0.032315m0.001033,4.23,176.43,48,16,1276,2.9028034597392162e-8,0.051364294435116704,0.4061706273147475
L48T16beta4.23ms0.032315m0.001033,4.23,176.43,48,16,1277,2.9028097635028103e-8,0.05136440597844845,0.40617150935986324
L48T16beta4.23ms0.032315m0.001033,4.23,176.43,48,16,1278,2.902816067266405e-8,0.0513645175217802,0.40617239140497896
L48T16beta4.23ms0.032315m0.001033,4.23,176.43,48,16,1279,2.9028223710299994e-8,0.05136462906511195,0.4061732734500947
L48T16beta4.23ms0.032315m0.001033,4.23,176.43,48,16,1280,2.902828674793594e-8,0.051364740608443704,0.4061741554952104
L48T16beta4.23ms0.032315m0.001033,4.23,176.43,48,16,1281,2.902834978557188e-8,0.05136485215177545,0.40617503754032613
L48T16beta4.23ms0.032315m0.001033,4.23,176.43,48,16,1282,2.902841282320783e-8,0.0513649636951072,0.4061759195854419
L48T16beta4.23ms0.032315m0.001033,4.23,176.43,48,16,1283,2.9028475860843773e-8,0.05136507523843895,0.40617680163055764
L48T16beta4.23ms0.032315m0.001033,4.23,176.43,48,16,1284,2.902853889847972e-8,0.051365186781770704,0.40617768367567336
L48T16beta4.23ms0.032315m0.001033,4.23,176.43,48,16,1285,2.902860193611566e-8,0.05136529832510245,0.4061785657207891
L48T16beta4.23ms0.032315m0.001033,4.23,176.43,48,16,1286,2.9028664973751604e-8,0.0513654098684342,0.4061794477659048
L48T16beta4.23ms0.032315m0.001033,4.23,176.43,48,16,1287,2.902872801138755e-8,0.05136552141176595,0.40618032981102054
L48T16beta4.23ms0.032315m0.001033,4.23,176.43,48,16,1288,2.9028791049023492e-8,0.0513656329550977,0.4061812118561363
L48T16beta4.23ms0.032315m0.001033,4.23,176.43,48,16,1289,2.902885408665944e-8,0.05136574449842945,0.40618209390125204
L48T16beta4.23ms0.032315m0.001033,4.23,176.43,48,16,1290,2.9028917124295383e-8,0.0513658560417612,0.40618297594636776
L48T16beta4.23ms0.032315m0.001033,4.23,176.43,48,16,1291,2.902898016193133e-8,0.05136596758509295,0.4061838579914835
L48T16beta4.23ms0.032315m0.001033,4.23,176.43,48,16,1292,2.902904319956727e-8,0.051366079128424696,0.4061847400365992
L48T16beta4.23ms0.032315m0.001033,4.23,176.43,48,16,1293,2.9029106237203215e-8,0.05136619067175645,0.40618562208171494
L48T16beta4.23ms0.032315m0.001033,4.23,176.43,48,16,1294,2.9029169274839162e-8,0.0513663022150882,0.4061865041268307
L48T16beta4.23ms0.032315m0.001033,4.23,176.43,48,16,1295,2.9029232312475106e-8,0.05136641375841995,0.40618738617194644
L48T16beta4.23ms0.032315m0.001033,4.23,176.43,48,16,1296,2.902929535011105e-8,0.051366525301751696,0.40618826821706217
L48T16beta4.23ms0.032315m0.001033,4.23,176.43,48,16,1297,2.9029358387746993e-8,0.05136663684508345,0.4061891502621779
L48T16beta4.23ms0.032315m0.001033,4.23,176.43,48,16,1298,2.902942142538294e-8,0.0513667483884152,0.4061900323072936
L48T16beta4.23ms0.032315m0.001033,4.23,176.43,48,16,1299,2.9029484463018884e-8,0.05136685993174695,0.40619091435240934
L48T16beta4.23ms0.032315m0.001033,4.23,176.43,48,16,1300,2.9029547500654825e-8,0.051366971475078696,0.4061917963975251
L48T16beta4.23ms0.032315m0.001033,4.23,176.43,48,16,1301,2.9029610538290772e-8,0.05136708301841045,0.40619267844264084
L48T16beta4.23ms0.032315m0.001033,4.23,176.43,48,16,1302,2.9029673575926716e-8,0.0513671945617422,0.40619356048775657
L48T16beta4.23ms0.032315m0.001033,4.23,176.43,48,16,1303,2.902973661356266e-8,0.051367306105073944,0.4061944425328723
L48T16beta4.23ms0.032315m0.001033,4.23,176.43,48,16,1304,2.9029799651198604e-8,0.051367417648405696,0.406195324577988
L48T16beta4.23ms0.032315m0.001033,4.23,176.43,48,16,1305,2.902986268883455e-8,0.05136752919173745,0.40619620662310374
L48T16beta4.23ms0.032315m0.001033,4.23,176.43,48,16,1306,2.9029925726470495e-8,0.0513676407350692,0.4061970886682195
L48T16beta4.23ms0.032315m0.001033,4.23,176.43,48,16,1307,2.9029988764106435e-8,0.051367752278400944,0.40619797071333524
L48T16beta4.23ms0.032315m0.001033,4.23,176.43,48,16,1308,2.9030051801742382e-8,0.051367863821732695,0.40619885275845097
L48T16beta4.23ms0.032315m0.001033,4.23,176.43,48,16,1309,2.9030114839378326e-8,0.05136797536506445,0.4061997348035667
L48T16beta4.23ms0.032315m0.001033,4.23,176.43,48,16,1310,2.9030177877014273e-8,0.0513680869083962,0.4062006168486824
L48T16beta4.23ms0.032315m0.001033,4.23,176.43,48,16,1311,2.9030240914650214e-8,0.051368198451727944,0.40620149889379814
L48T16beta4.23ms0.032315m0.001033,4.23,176.43,48,16,1312,2.903030395228616e-8,0.051368309995059695,0.4062023809389139
L48T16beta4.23ms0.032315m0.001033,4.23,176.43,48,16,1313,2.9030366989922105e-8,0.05136842153839145,0.40620326298402964
L48T16beta4.23ms0.032315m0.001033,4.23,176.43,48,16,1314,2.9030430027558046e-8,0.05136853308172319,0.40620414502914537
L48T16beta4.23ms0.032315m0.001033,4.23,176.43,48,16,1315,2.9030493065193993e-8,0.05136864462505494,0.4062050270742611
L48T16beta4.23ms0.032315m0.001033,4.23,176.43,48,16,1316,2.9030556102829937e-8,0.051368756168386695,0.4062059091193768
L48T16beta4.23ms0.032315m0.001033,4.23,176.43,48,16,1317,2.9030619140465884e-8,0.05136886771171845,0.40620679116449254
L48T16beta4.23ms0.032315m0.001033,4.23,176.43,48,16,1318,2.9030682178101824e-8,0.05136897925505019,0.4062076732096083
L48T16beta4.23ms0.032315m0.001033,4.23,176.43,48,16,1319,2.903074521573777e-8,0.05136909079838194,0.40620855525472405
L48T16beta4.23ms0.032315m0.001033,4.23,176.43,48,16,1320,2.9030808253373715e-8,0.051369202341713695,0.40620943729983977
L48T16beta4.23ms0.032315m0.001033,4.23,176.43,48,16,1321,2.903087129100966e-8,0.051369313885045446,0.4062103193449555
L48T16beta4.23ms0.032315m0.001033,4.23,176.43,48,16,1322,2.9030934328645603e-8,0.05136942542837719,0.4062112013900712
L48T16beta4.23ms0.032315m0.001033,4.23,176.43,48,16,1323,2.9030997366281547e-8,0.05136953697170894,0.40621208343518694
L48T16beta4.23ms0.032315m0.001033,4.23,176.43,48,16,1324,2.9031060403917494e-8,0.051369648515040695,0.4062129654803027
L48T16beta4.23ms0.032315m0.001033,4.23,176.43,48,16,1325,2.9031123441553435e-8,0.05136976005837244,0.40621384752541845
L48T16beta4.23ms0.032315m0.001033,4.23,176.43,48,16,1326,2.9031186479189382e-8,0.05136987160170419,0.40621472957053417
L48T16beta4.23ms0.032315m0.001033,4.23,176.43,48,16,1327,2.9031249516825326e-8,0.05136998314503594,0.4062156116156499
L48T16beta4.23ms0.032315m0.001033,4.23,176.43,48,16,1328,2.903131255446127e-8,0.051370094688367694,0.4062164936607656
L48T16beta4.23ms0.032315m0.001033,4.23,176.43,48,16,1329,2.9031375592097213e-8,0.05137020623169944,0.40621737570588135
L48T16beta4.23ms0.032315m0.001033,4.23,176.43,48,16,1330,2.9031438629733157e-8,0.05137031777503119,0.4062182577509971
L48T16beta4.23ms0.032315m0.001033,4.23,176.43,48,16,1331,2.9031501667369104e-8,0.05137042931836294,0.40621913979611285
L48T16beta4.23ms0.032315m0.001033,4.23,176.43,48,16,1332,2.9031564705005048e-8,0.051370540861694694,0.4062200218412286
L48T16beta4.23ms0.032315m0.001033,4.23,176.43,48,16,1333,2.9031627742640992e-8,0.05137065240502644,0.4062209038863443
L48T16beta4.23ms0.032315m0.001033,4.23,176.43,48,16,1334,2.9031690780276936e-8,0.05137076394835819,0.40622178593146
L48T16beta4.23ms0.032315m0.001033,4.23,176.43,48,16,1335,2.903175381791288e-8,0.05137087549168994,0.40622266797657575
L48T16beta4.23ms0.032315m0.001033,4.23,176.43,48,16,1336,2.9031816855548824e-8,0.05137098703502169,0.4062235500216915
L48T16beta4.23ms0.032315m0.001033,4.23,176.43,48,16,1337,2.9031879893184768e-8,0.05137109857835344,0.40622443206680725
L48T16beta4.23ms0.032315m0.001033,4.23,176.43,48,16,1338,2.9031942930820715e-8,0.05137121012168519,0.406225314111923
L48T16beta4.23ms0.032315m0.001033,4.23,176.43,48,16,1339,2.903200596845666e-8,0.05137132166501694,0.4062261961570387
L48T16beta4.23ms0.032315m0.001033,4.23,176.43,48,16,1340,2.9032069006092602e-8,0.05137143320834869,0.4062270782021544
L48T16beta4.23ms0.032315m0.001033,4.23,176.43,48,16,1341,2.9032132043728546e-8,0.05137154475168044,0.40622796024727015
L48T16beta4.23ms0.032315m0.001033,4.23,176.43,48,16,1342,2.903219508136449e-8,0.05137165629501219,0.4062288422923859
L48T16beta4.23ms0.032315m0.001033,4.23,176.43,48,16,1343,2.9032258119000437e-8,0.05137176783834394,0.40622972433750165
L48T16beta4.23ms0.032315m0.001033,4.23,176.43,48,16,1344,2.9032321156636378e-8,0.051371879381675686,0.4062306063826174
L48T16beta4.23ms0.032315m0.001033,4.23,176.43,48,16,1345,2.9032384194272325e-8,0.05137199092500744,0.4062314884277331
L48T16beta4.23ms0.032315m0.001033,4.23,176.43,48,16,1346,2.903244723190827e-8,0.05137210246833919,0.4062323704728488
L48T16beta4.23ms0.032315m0.001033,4.23,176.43,48,16,1347,2.9032510269544216e-8,0.05137221401167094,0.40623325251796455
L48T16beta4.23ms0.032315m0.001033,4.23,176.43,48,16,1348,2.9032573307180157e-8,0.051372325555002686,0.40623413456308033
L48T16beta4.23ms0.032315m0.001033,4.23,176.43,48,16,1349,2.90326363448161e-8,0.05137243709833444,0.40623501660819605
L48T16beta4.23ms0.032315m0.001033,4.23,176.43,48,16,1350,2.9032699382452048e-8,0.05137254864166619,0.4062358986533118
L48T16beta4.23ms0.032315m0.001033,4.23,176.43,48,16,1351,2.9032762420087988e-8,0.051372660184997934,0.4062367806984275
L48T16beta4.23ms0.032315m0.001033,4.23,176.43,48,16,1352,2.9032825457723935e-8,0.051372771728329686,0.4062376627435432
L48T16beta4.23ms0.032315m0.001033,4.23,176.43,48,16,1353,2.903288849535988e-8,0.05137288327166144,0.40623854478865895
L48T16beta4.23ms0.032315m0.001033,4.23,176.43,48,16,1354,2.9032951532995826e-8,0.05137299481499319,0.4062394268337747
L48T16beta4.23ms0.032315m0.001033,4.23,176.43,48,16,1355,2.9033014570631767e-8,0.051373106358324934,0.40624030887889045
L48T16beta4.23ms0.032315m0.001033,4.23,176.43,48,16,1356,2.903307760826771e-8,0.051373217901656686,0.4062411909240062
L48T16beta4.23ms0.032315m0.001033,4.23,176.43,48,16,1357,2.9033140645903658e-8,0.05137332944498844,0.4062420729691219
L48T16beta4.23ms0.032315m0.001033,4.23,176.43,48,16,1358,2.9033203683539602e-8,0.05137344098832019,0.40624295501423763
L48T16beta4.23ms0.032315m0.001033,4.23,176.43,48,16,1359,2.9033266721175546e-8,0.051373552531651934,0.40624383705935335
L48T16beta4.23ms0.032315m0.001033,4.23,176.43,48,16,1360,2.903332975881149e-8,0.051373664074983685,0.4062447191044691
L48T16beta4.23ms0.032315m0.001033,4.23,176.43,48,16,1361,2.9033392796447437e-8,0.05137377561831544,0.40624560114958486
L48T16beta4.23ms0.032315m0.001033,4.23,176.43,48,16,1362,2.9033455834083377e-8,0.05137388716164718,0.4062464831947006
L48T16beta4.23ms0.032315m0.001033,4.23,176.43,48,16,1363,2.903351887171932e-8,0.05137399870497893,0.4062473652398163
L48T16beta4.23ms0.032315m0.001033,4.23,176.43,48,16,1364,2.9033581909355268e-8,0.051374110248310685,0.40624824728493203
L48T16beta4.23ms0.032315m0.001033,4.23,176.43,48,16,1365,2.9033644946991212e-8,0.05137422179164244,0.40624912933004775
L48T16beta4.23ms0.032315m0.001033,4.23,176.43,48,16,1366,2.9033707984627156e-8,0.05137433333497418,0.4062500113751635
L48T16beta4.23ms0.032315m0.001033,4.23,176.43,48,16,1367,2.90337710222631e-8,0.05137444487830593,0.40625089342027926
L48T16beta4.23ms0.032315m0.001033,4.23,176.43,48,16,1368,2.9033834059899047e-8,0.051374556421637685,0.406251775465395
L48T16beta4.23ms0.032315m0.001033,4.23,176.43,48,16,1369,2.903389709753499e-8,0.05137466796496944,0.4062526575105107
L48T16beta4.23ms0.032315m0.001033,4.23,176.43,48,16,1370,2.903396013517093e-8,0.05137477950830118,0.40625353955562643
L48T16beta4.23ms0.032315m0.001033,4.23,176.43,48,16,1371,2.903402317280688e-8,0.05137489105163293,0.40625442160074215
L48T16beta4.23ms0.032315m0.001033,4.23,176.43,48,16,1372,2.9034086210442823e-8,0.051375002594964685,0.4062553036458579
L48T16beta4.23ms0.032315m0.001033,4.23,176.43,48,16,1373,2.9034149248078766e-8,0.05137511413829643,0.40625618569097366
L48T16beta4.23ms0.032315m0.001033,4.23,176.43,48,16,1374,2.903421228571471e-8,0.05137522568162818,0.4062570677360894
L48T16beta4.23ms0.032315m0.001033,4.23,176.43,48,16,1375,2.9034275323350657e-8,0.05137533722495993,0.4062579497812051
L48T16beta4.23ms0.032315m0.001033,4.23,176.43,48,16,1376,2.90343383609866e-8,0.051375448768291684,0.40625883182632083
L48T16beta4.23ms0.032315m0.001033,4.23,176.43,48,16,1377,2.9034401398622542e-8,0.05137556031162343,0.40625971387143656
L48T16beta4.23ms0.032315m0.001033,4.23,176.43,48,16,1378,2.903446443625849e-8,0.05137567185495518,0.4062605959165523
L48T16beta4.23ms0.032315m0.001033,4.23,176.43,48,16,1379,2.9034527473894433e-8,0.05137578339828693,0.40626147796166806
L48T16beta4.23ms0.032315m0.001033,4.23,176.43,48,16,1380,2.903459051153038e-8,0.051375894941618684,0.4062623600067838
L48T16beta4.23ms0.032315m0.001033,4.23,176.43,48,16,1381,2.903465354916632e-8,0.05137600648495043,0.4062632420518995
L48T16beta4.23ms0.032315m0.001033,4.23,176.43,48,16,1382,2.9034716586802268e-8,0.05137611802828218,0.40626412409701523
L48T16beta4.23ms0.032315m0.001033,4.23,176.43,48,16,1383,2.903477962443821e-8,0.05137622957161393,0.40626500614213096
L48T16beta4.23ms0.032315m0.001033,4.23,176.43,48,16,1384,2.9034842662074152e-8,0.05137634111494568,0.4062658881872467
L48T16beta4.23ms0.032315m0.001033,4.23,176.43,48,16,1385,2.90349056997101e-8,0.05137645265827743,0.40626677023236246
L48T16beta4.23ms0.032315m0.001033,4.23,176.43,48,16,1386,2.9034968737346043e-8,0.05137656420160918,0.4062676522774782
L48T16beta4.23ms0.032315m0.001033,4.23,176.43,48,16,1387,2.903503177498199e-8,0.05137667574494093,0.4062685343225939
L48T16beta4.23ms0.032315m0.001033,4.23,176.43,48,16,1388,2.903509481261793e-8,0.05137678728827268,0.40626941636770963
L48T16beta4.23ms0.032315m0.001033,4.23,176.43,48,16,1389,2.9035157850253878e-8,0.05137689883160443,0.40627029841282536
L48T16beta4.23ms0.032315m0.001033,4.23,176.43,48,16,1390,2.9035220887889822e-8,0.05137701037493618,0.4062711804579411
L48T16beta4.23ms0.032315m0.001033,4.23,176.43,48,16,1391,2.903528392552577e-8,0.05137712191826793,0.40627206250305686
L48T16beta4.23ms0.032315m0.001033,4.23,176.43,48,16,1392,2.903534696316171e-8,0.051377233461599676,0.4062729445481726
L48T16beta4.23ms0.032315m0.001033,4.23,176.43,48,16,1393,2.9035410000797654e-8,0.05137734500493143,0.4062738265932883
L48T16beta4.23ms0.032315m0.001033,4.23,176.43,48,16,1394,2.90354730384336e-8,0.05137745654826318,0.40627470863840404
L48T16beta4.23ms0.032315m0.001033,4.23,176.43,48,16,1395,2.9035536076069545e-8,0.05137756809159493,0.40627559068351976
L48T16beta4.23ms0.032315m0.001033,4.23,176.43,48,16,1396,2.903559911370549e-8,0.051377679634926676,0.4062764727286355
L48T16beta4.23ms0.032315m0.001033,4.23,176.43,48,16,1397,2.9035662151341432e-8,0.05137779117825843,0.40627735477375126
L48T16beta4.23ms0.032315m0.001033,4.23,176.43,48,16,1398,2.903572518897738e-8,0.05137790272159018,0.406278236818867
L48T16beta4.23ms0.032315m0.001033,4.23,176.43,48,16,1399,2.903578822661332e-8,0.051378014264921924,0.4062791188639827
L48T16beta4.23ms0.032315m0.001033,4.23,176.43,48,16,1400,2.9035851264249264e-8,0.051378125808253676,0.40628000090909844
L48T16beta4.23ms0.032315m0.001033,4.23,176.43,48,16,1401,2.903591430188521e-8,0.05137823735158543,0.40628088295421416
L48T16beta4.23ms0.032315m0.001033,4.23,176.43,48,16,1402,2.9035977339521155e-8,0.05137834889491718,0.4062817649993299
L48T16beta4.23ms0.032315m0.001033,4.23,176.43,48,16,1403,2.90360403771571e-8,0.051378460438248924,0.40628264704444567
L48T16beta4.23ms0.032315m0.001033,4.23,176.43,48,16,1404,2.9036103414793043e-8,0.051378571981580676,0.4062835290895614
L48T16beta4.23ms0.032315m0.001033,4.23,176.43,48,16,1405,2.903616645242899e-8,0.05137868352491243,0.4062844111346771
L48T16beta4.23ms0.032315m0.001033,4.23,176.43,48,16,1406,2.9036229490064934e-8,0.05137879506824418,0.40628529317979284
L48T16beta4.23ms0.032315m0.001033,4.23,176.43,48,16,1407,2.9036292527700874e-8,0.051378906611575924,0.40628617522490856
L48T16beta4.23ms0.032315m0.001033,4.23,176.43,48,16,1408,2.903635556533682e-8,0.051379018154907675,0.4062870572700243
L48T16beta4.23ms0.032315m0.001033,4.23,176.43,48,16,1409,2.9036418602972765e-8,0.05137912969823943,0.40628793931514007
L48T16beta4.23ms0.032315m0.001033,4.23,176.43,48,16,1410,2.903648164060871e-8,0.05137924124157117,0.4062888213602558
L48T16beta4.23ms0.032315m0.001033,4.23,176.43,48,16,1411,2.9036544678244653e-8,0.051379352784902924,0.4062897034053715
L48T16beta4.23ms0.032315m0.001033,4.23,176.43,48,16,1412,2.90366077158806e-8,0.051379464328234675,0.40629058545048724
L48T16beta4.23ms0.032315m0.001033,4.23,176.43,48,16,1413,2.9036670753516544e-8,0.05137957587156643,0.40629146749560296
L48T16beta4.23ms0.032315m0.001033,4.23,176.43,48,16,1414,2.9036733791152484e-8,0.05137968741489817,0.4062923495407187
L48T16beta4.23ms0.032315m0.001033,4.23,176.43,48,16,1415,2.9036796828788432e-8,0.05137979895822992,0.40629323158583447
L48T16beta4.23ms0.032315m0.001033,4.23,176.43,48,16,1416,2.9036859866424376e-8,0.051379910501561675,0.4062941136309502
L48T16beta4.23ms0.032315m0.001033,4.23,176.43,48,16,1417,2.9036922904060323e-8,0.05138002204489343,0.4062949956760659
L48T16beta4.23ms0.032315m0.001033,4.23,176.43,48,16,1418,2.9036985941696263e-8,0.05138013358822517,0.40629587772118164
L48T16beta4.23ms0.032315m0.001033,4.23,176.43,48,16,1419,2.903704897933221e-8,0.05138024513155692,0.40629675976629737
L48T16beta4.23ms0.032315m0.001033,4.23,176.43,48,16,1420,2.9037112016968154e-8,0.051380356674888675,0.4062976418114131
L48T16beta4.23ms0.032315m0.001033,4.23,176.43,48,16,1421,2.9037175054604095e-8,0.05138046821822042,0.40629852385652887
L48T16beta4.23ms0.032315m0.001033,4.23,176.43,48,16,1422,2.9037238092240042e-8,0.05138057976155217,0.4062994059016446
L48T16beta4.23ms0.032315m0.001033,4.23,176.43,48,16,1423,2.9037301129875986e-8,0.05138069130488392,0.4063002879467603
L48T16beta4.23ms0.032315m0.001033,4.23,176.43,48,16,1424,2.9037364167511933e-8,0.051380802848215675,0.40630116999187604
L48T16beta4.23ms0.032315m0.001033,4.23,176.43,48,16,1425,2.9037427205147874e-8,0.05138091439154742,0.40630205203699177
L48T16beta4.23ms0.032315m0.001033,4.23,176.43,48,16,1426,2.903749024278382e-8,0.05138102593487917,0.4063029340821075
L48T16beta4.23ms0.032315m0.001033,4.23,176.43,48,16,1427,2.9037553280419765e-8,0.05138113747821092,0.40630381612722327
L48T16beta4.23ms0.032315m0.001033,4.23,176.43,48,16,1428,2.9037616318055712e-8,0.051381249021542674,0.406304698172339
L48T16beta4.23ms0.032315m0.001033,4.23,176.43,48,16,1429,2.9037679355691652e-8,0.05138136056487442,0.4063055802174547
L48T16beta4.23ms0.032315m0.001033,4.23,176.43,48,16,1430,2.9037742393327596e-8,0.05138147210820617,0.40630646226257044
L48T16beta4.23ms0.032315m0.001033,4.23,176.43,48,16,1431,2.9037805430963543e-8,0.05138158365153792,0.40630734430768617
L48T16beta4.23ms0.032315m0.001033,4.23,176.43,48,16,1432,2.9037868468599484e-8,0.05138169519486967,0.4063082263528019
L48T16beta4.23ms0.032315m0.001033,4.23,176.43,48,16,1433,2.903793150623543e-8,0.05138180673820142,0.4063091083979177
L48T16beta4.23ms0.032315m0.001033,4.23,176.43,48,16,1434,2.9037994543871375e-8,0.05138191828153317,0.4063099904430334
L48T16beta4.23ms0.032315m0.001033,4.23,176.43,48,16,1435,2.9038057581507322e-8,0.05138202982486492,0.4063108724881491
L48T16beta4.23ms0.032315m0.001033,4.23,176.43,48,16,1436,2.9038120619143263e-8,0.05138214136819667,0.40631175453326485
L48T16beta4.23ms0.032315m0.001033,4.23,176.43,48,16,1437,2.9038183656779207e-8,0.05138225291152842,0.40631263657838057
L48T16beta4.23ms0.032315m0.001033,4.23,176.43,48,16,1438,2.9038246694415154e-8,0.05138236445486017,0.4063135186234963
L48T16beta4.23ms0.032315m0.001033,4.23,176.43,48,16,1439,2.9038309732051098e-8,0.05138247599819192,0.4063144006686121
L48T16beta4.23ms0.032315m0.001033,4.23,176.43,48,16,1440,2.903837276968704e-8,0.05138258754152367,0.4063152827137278
L48T16beta4.23ms0.032315m0.001033,4.23,176.43,48,16,1441,2.9038435807322985e-8,0.05138269908485542,0.4063161647588435
L48T16beta4.23ms0.032315m0.001033,4.23,176.43,48,16,1442,2.9038498844958932e-8,0.05138281062818717,0.40631704680395925
L48T16beta4.23ms0.032315m0.001033,4.23,176.43,48,16,1443,2.9038561882594876e-8,0.05138292217151892,0.40631792884907497
L48T16beta4.23ms0.032315m0.001033,4.23,176.43,48,16,1444,2.9038624920230817e-8,0.051383033714850666,0.4063188108941907
L48T16beta4.23ms0.032315m0.001033,4.23,176.43,48,16,1445,2.9038687957866764e-8,0.05138314525818242,0.4063196929393065
L48T16beta4.23ms0.032315m0.001033,4.23,176.43,48,16,1446,2.9038750995502708e-8,0.05138325680151417,0.4063205749844222
L48T16beta4.23ms0.032315m0.001033,4.23,176.43,48,16,1447,2.9038814033138652e-8,0.051383368344845914,0.4063214570295379
L48T16beta4.23ms0.032315m0.001033,4.23,176.43,48,16,1448,2.9038877070774596e-8,0.051383479888177666,0.40632233907465365
L48T16beta4.23ms0.032315m0.001033,4.23,176.43,48,16,1449,2.9038940108410543e-8,0.05138359143150942,0.4063232211197694
L48T16beta4.23ms0.032315m0.001033,4.23,176.43,48,16,1450,2.9039003146046487e-8,0.05138370297484117,0.4063241031648851
L48T16beta4.23ms0.032315m0.001033,4.23,176.43,48,16,1451,2.9039066183682427e-8,0.051383814518172914,0.4063249852100009
L48T16beta4.23ms0.032315m0.001033,4.23,176.43,48,16,1452,2.9039129221318374e-8,0.051383926061504666,0.4063258672551166
L48T16beta4.23ms0.032315m0.001033,4.23,176.43,48,16,1453,2.9039192258954318e-8,0.05138403760483642,0.4063267493002323
L48T16beta4.23ms0.032315m0.001033,4.23,176.43,48,16,1454,2.9039255296590265e-8,0.05138414914816817,0.40632763134534805
L48T16beta4.23ms0.032315m0.001033,4.23,176.43,48,16,1455,2.9039318334226206e-8,0.051384260691499914,0.4063285133904638
L48T16beta4.23ms0.032315m0.001033,4.23,176.43,48,16,1456,2.9039381371862153e-8,0.051384372234831666,0.4063293954355795
L48T16beta4.23ms0.032315m0.001033,4.23,176.43,48,16,1457,2.9039444409498097e-8,0.05138448377816342,0.4063302774806952
L48T16beta4.23ms0.032315m0.001033,4.23,176.43,48,16,1458,2.9039507447134038e-8,0.05138459532149516,0.406331159525811
L48T16beta4.23ms0.032315m0.001033,4.23,176.43,48,16,1459,2.9039570484769985e-8,0.051384706864826914,0.4063320415709267
L48T16beta4.23ms0.032315m0.001033,4.23,176.43,48,16,1460,2.903963352240593e-8,0.051384818408158665,0.40633292361604245
L48T16beta4.23ms0.032315m0.001033,4.23,176.43,48,16,1461,2.9039696560041876e-8,0.05138492995149042,0.4063338056611582
L48T16beta4.23ms0.032315m0.001033,4.23,176.43,48,16,1462,2.9039759597677816e-8,0.05138504149482216,0.4063346877062739
L48T16beta4.23ms0.032315m0.001033,4.23,176.43,48,16,1463,2.9039822635313763e-8,0.05138515303815391,0.4063355697513896
L48T16beta4.23ms0.032315m0.001033,4.23,176.43,48,16,1464,2.9039885672949707e-8,0.051385264581485665,0.4063364517965054
L48T16beta4.23ms0.032315m0.001033,4.23,176.43,48,16,1465,2.9039948710585654e-8,0.05138537612481742,0.40633733384162113
L48T16beta4.23ms0.032315m0.001033,4.23,176.43,48,16,1466,2.9040011748221595e-8,0.05138548766814916,0.40633821588673685
L48T16beta4.23ms0.032315m0.001033,4.23,176.43,48,16,1467,2.904007478585754e-8,0.05138559921148091,0.4063390979318526
L48T16beta4.23ms0.032315m0.001033,4.23,176.43,48,16,1468,2.9040137823493486e-8,0.051385710754812665,0.4063399799769683
L48T16beta4.23ms0.032315m0.001033,4.23,176.43,48,16,1469,2.9040200861129427e-8,0.05138582229814441,0.406340862022084
L48T16beta4.23ms0.032315m0.001033,4.23,176.43,48,16,1470,2.9040263898765374e-8,0.05138593384147616,0.4063417440671998
L48T16beta4.23ms0.032315m0.001033,4.23,176.43,48,16,1471,2.9040326936401318e-8,0.05138604538480791,0.40634262611231553
L48T16beta4.23ms0.032315m0.001033,4.23,176.43,48,16,1472,2.9040389974037265e-8,0.051386156928139665,0.40634350815743125
L48T16beta4.23ms0.032315m0.001033,4.23,176.43,48,16,1473,2.9040453011673205e-8,0.05138626847147141,0.406344390202547
L48T16beta4.23ms0.032315m0.001033,4.23,176.43,48,16,1474,2.904051604930915e-8,0.05138638001480316,0.4063452722476627
L48T16beta4.23ms0.032315m0.001033,4.23,176.43,48,16,1475,2.9040579086945096e-8,0.05138649155813491,0.4063461542927784
L48T16beta4.23ms0.032315m0.001033,4.23,176.43,48,16,1476,2.904064212458104e-8,0.051386603101466664,0.4063470363378942
L48T16beta4.23ms0.032315m0.001033,4.23,176.43,48,16,1477,2.9040705162216984e-8,0.05138671464479841,0.40634791838300993
L48T16beta4.23ms0.032315m0.001033,4.23,176.43,48,16,1478,2.9040768199852928e-8,0.05138682618813016,0.40634880042812566
L48T16beta4.23ms0.032315m0.001033,4.23,176.43,48,16,1479,2.9040831237488875e-8,0.05138693773146191,0.4063496824732414
L48T16beta4.23ms0.032315m0.001033,4.23,176.43,48,16,1480,2.9040894275124816e-8,0.05138704927479366,0.4063505645183571
L48T16beta4.23ms0.032315m0.001033,4.23,176.43,48,16,1481,2.904095731276076e-8,0.05138716081812541,0.40635144656347283
L48T16beta4.23ms0.032315m0.001033,4.23,176.43,48,16,1482,2.9041020350396707e-8,0.05138727236145716,0.4063523286085886
L48T16beta4.23ms0.032315m0.001033,4.23,176.43,48,16,1483,2.904108338803265e-8,0.05138738390478891,0.40635321065370433
L48T16beta4.23ms0.032315m0.001033,4.23,176.43,48,16,1484,2.9041146425668594e-8,0.05138749544812066,0.40635409269882006
L48T16beta4.23ms0.032315m0.001033,4.23,176.43,48,16,1485,2.9041209463304538e-8,0.05138760699145241,0.4063549747439358
L48T16beta4.23ms0.032315m0.001033,4.23,176.43,48,16,1486,2.9041272500940485e-8,0.05138771853478416,0.4063558567890515
L48T16beta4.23ms0.032315m0.001033,4.23,176.43,48,16,1487,2.904133553857643e-8,0.05138783007811591,0.40635673883416723
L48T16beta4.23ms0.032315m0.001033,4.23,176.43,48,16,1488,2.904139857621237e-8,0.05138794162144766,0.406357620879283
L48T16beta4.23ms0.032315m0.001033,4.23,176.43,48,16,1489,2.9041461613848317e-8,0.05138805316477941,0.40635850292439873
L48T16beta4.23ms0.032315m0.001033,4.23,176.43,48,16,1490,2.904152465148426e-8,0.05138816470811116,0.40635938496951446
L48T16beta4.23ms0.032315m0.001033,4.23,176.43,48,16,1491,2.9041587689120208e-8,0.05138827625144291,0.4063602670146302
L48T16beta4.23ms0.032315m0.001033,4.23,176.43,48,16,1492,2.904165072675615e-8,0.051388387794774656,0.4063611490597459
L48T16beta4.23ms0.032315m0.001033,4.23,176.43,48,16,1493,2.9041713764392096e-8,0.05138849933810641,0.40636203110486163
L48T16beta4.23ms0.032315m0.001033,4.23,176.43,48,16,1494,2.904177680202804e-8,0.05138861088143816,0.4063629131499774
L48T16beta4.23ms0.032315m0.001033,4.23,176.43,48,16,1495,2.904183983966398e-8,0.051388722424769905,0.40636379519509314
L48T16beta4.23ms0.032315m0.001033,4.23,176.43,48,16,1496,2.9041902877299927e-8,0.051388833968101656,0.40636467724020886
L48T16beta4.23ms0.032315m0.001033,4.23,176.43,48,16,1497,2.904196591493587e-8,0.05138894551143341,0.4063655592853246
L48T16beta4.23ms0.032315m0.001033,4.23,176.43,48,16,1498,2.904202895257182e-8,0.05138905705476516,0.4063664413304403
L48T16beta4.23ms0.032315m0.001033,4.23,176.43,48,16,1499,2.904209199020776e-8,0.051389168598096904,0.40636732337555603
L48T16beta4.23ms0.032315m0.001033,4.23,176.43,48,16,1500,2.9042155027843706e-8,0.051389280141428656,0.4063682054206718
L48T16beta4.23ms0.032315m0.001033,4.23,176.43,48,16,1501,2.904221806547965e-8,0.05138939168476041,0.40636908746578754
L48T16beta4.23ms0.032315m0.001033,4.23,176.43,48,16,1502,2.9042281103115597e-8,0.05138950322809216,0.40636996951090326
L48T16beta4.23ms0.032315m0.001033,4.23,176.43,48,16,1503,2.9042344140751538e-8,0.051389614771423904,0.406370851556019
L48T16beta4.23ms0.032315m0.001033,4.23,176.43,48,16,1504,2.904240717838748e-8,0.051389726314755656,0.4063717336011347
L48T16beta4.23ms0.032315m0.001033,4.23,176.43,48,16,1505,2.904247021602343e-8,0.05138983785808741,0.40637261564625043
L48T16beta4.23ms0.032315m0.001033,4.23,176.43,48,16,1506,2.904253325365937e-8,0.05138994940141915,0.4063734976913662
L48T16beta4.23ms0.032315m0.001033,4.23,176.43,48,16,1507,2.9042596291295316e-8,0.051390060944750904,0.40637437973648194
L48T16beta4.23ms0.032315m0.001033,4.23,176.43,48,16,1508,2.904265932893126e-8,0.051390172488082655,0.40637526178159766
L48T16beta4.23ms0.032315m0.001033,4.23,176.43,48,16,1509,2.9042722366567207e-8,0.05139028403141441,0.4063761438267134
L48T16beta4.23ms0.032315m0.001033,4.23,176.43,48,16,1510,2.9042785404203148e-8,0.05139039557474615,0.4063770258718291
L48T16beta4.23ms0.032315m0.001033,4.23,176.43,48,16,1511,2.9042848441839092e-8,0.051390507118077904,0.40637790791694484
L48T16beta4.23ms0.032315m0.001033,4.23,176.43,48,16,1512,2.904291147947504e-8,0.051390618661409655,0.4063787899620606
L48T16beta4.23ms0.032315m0.001033,4.23,176.43,48,16,1513,2.9042974517110983e-8,0.05139073020474141,0.40637967200717634
L48T16beta4.23ms0.032315m0.001033,4.23,176.43,48,16,1514,2.9043037554746927e-8,0.05139084174807315,0.40638055405229206
L48T16beta4.23ms0.032315m0.001033,4.23,176.43,48,16,1515,2.904310059238287e-8,0.0513909532914049,0.4063814360974078
L48T16beta4.23ms0.032315m0.001033,4.23,176.43,48,16,1516,2.9043163630018818e-8,0.051391064834736655,0.4063823181425235
L48T16beta4.23ms0.032315m0.001033,4.23,176.43,48,16,1517,2.904322666765476e-8,0.0513911763780684,0.40638320018763924
L48T16beta4.23ms0.032315m0.001033,4.23,176.43,48,16,1518,2.9043289705290702e-8,0.05139128792140015,0.406384082232755
L48T16beta4.23ms0.032315m0.001033,4.23,176.43,48,16,1519,2.904335274292665e-8,0.0513913994647319,0.40638496427787074
L48T16beta4.23ms0.032315m0.001033,4.23,176.43,48,16,1520,2.9043415780562593e-8,0.051391511008063655,0.40638584632298647
L48T16beta4.23ms0.032315m0.001033,4.23,176.43,48,16,1521,2.9043478818198537e-8,0.0513916225513954,0.4063867283681022
L48T16beta4.23ms0.032315m0.001033,4.23,176.43,48,16,1522,2.904354185583448e-8,0.05139173409472715,0.4063876104132179
L48T16beta4.23ms0.032315m0.001033,4.23,176.43,48,16,1523,2.9043604893470428e-8,0.0513918456380589,0.40638849245833364
L48T16beta4.23ms0.032315m0.001033,4.23,176.43,48,16,1524,2.9043667931106372e-8,0.051391957181390654,0.4063893745034494
L48T16beta4.23ms0.032315m0.001033,4.23,176.43,48,16,1525,2.9043730968742313e-8,0.0513920687247224,0.40639025654856514
L48T16beta4.23ms0.032315m0.001033,4.23,176.43,48,16,1526,2.904379400637826e-8,0.05139218026805415,0.40639113859368087
L48T16beta4.23ms0.032315m0.001033,4.23,176.43,48,16,1527,2.9043857044014204e-8,0.0513922918113859,0.4063920206387966
L48T16beta4.23ms0.032315m0.001033,4.23,176.43,48,16,1528,2.9043920081650147e-8,0.05139240335471765,0.4063929026839123
L48T16beta4.23ms0.032315m0.001033,4.23,176.43,48,16,1529,2.904398311928609e-8,0.0513925148980494,0.40639378472902804
L48T16beta4.23ms0.032315m0.001033,4.23,176.43,48,16,1530,2.904404615692204e-8,0.05139262644138115,0.4063946667741438
L48T16beta4.23ms0.032315m0.001033,4.23,176.43,48,16,1531,2.9044109194557982e-8,0.0513927379847129,0.40639554881925954
L48T16beta4.23ms0.032315m0.001033,4.23,176.43,48,16,1532,2.9044172232193923e-8,0.05139284952804465,0.40639643086437527
L48T16beta4.23ms0.032315m0.001033,4.23,176.43,48,16,1533,2.904423526982987e-8,0.0513929610713764,0.406397312909491
L48T16beta4.23ms0.032315m0.001033,4.23,176.43,48,16,1534,2.9044298307465814e-8,0.05139307261470815,0.4063981949546067
L48T16beta4.23ms0.032315m0.001033,4.23,176.43,48,16,1535,2.904436134510176e-8,0.0513931841580399,0.40639907699972244
L48T16beta4.23ms0.032315m0.001033,4.23,176.43,48,16,1536,2.90444243827377e-8,0.05139329570137165,0.4063999590448382
L48T16beta4.23ms0.032315m0.001033,4.23,176.43,48,16,1537,2.904448742037365e-8,0.0513934072447034,0.40640084108995395
L48T16beta4.23ms0.032315m0.001033,4.23,176.43,48,16,1538,2.9044550458009593e-8,0.05139351878803515,0.40640172313506967
L48T16beta4.23ms0.032315m0.001033,4.23,176.43,48,16,1539,2.904461349564554e-8,0.0513936303313669,0.4064026051801854
L48T16beta4.23ms0.032315m0.001033,4.23,176.43,48,16,1540,2.904467653328148e-8,0.05139374187469865,0.4064034872253011
L48T16beta4.23ms0.032315m0.001033,4.23,176.43,48,16,1541,2.9044739570917424e-8,0.0513938534180304,0.40640436927041684
L48T16beta4.23ms0.032315m0.001033,4.23,176.43,48,16,1542,2.904480260855337e-8,0.05139396496136215,0.4064052513155326
L48T16beta4.23ms0.032315m0.001033,4.23,176.43,48,16,1543,2.9044865646189312e-8,0.051394076504693895,0.40640613336064835
L48T16beta4.23ms0.032315m0.001033,4.23,176.43,48,16,1544,2.904492868382526e-8,0.051394188048025646,0.40640701540576407
L48T16beta4.23ms0.032315m0.001033,4.23,176.43,48,16,1545,2.9044991721461203e-8,0.0513942995913574,0.4064078974508798
L48T16beta4.23ms0.032315m0.001033,4.23,176.43,48,16,1546,2.904505475909715e-8,0.05139441113468915,0.4064087794959955
L48T16beta4.23ms0.032315m0.001033,4.23,176.43,48,16,1547,2.904511779673309e-8,0.051394522678020894,0.40640966154111124
L48T16beta4.23ms0.032315m0.001033,4.23,176.43,48,16,1548,2.9045180834369035e-8,0.051394634221352646,0.406410543586227
L48T16beta4.23ms0.032315m0.001033,4.23,176.43,48,16,1549,2.9045243872004982e-8,0.0513947457646844,0.40641142563134275
L48T16beta4.23ms0.032315m0.001033,4.23,176.43,48,16,1550,2.9045306909640926e-8,0.05139485730801615,0.4064123076764585
L48T16beta4.23ms0.032315m0.001033,4.23,176.43,48,16,1551,2.904536994727687e-8,0.051394968851347894,0.4064131897215742
L48T16beta4.23ms0.032315m0.001033,4.23,176.43,48,16,1552,2.9045432984912813e-8,0.051395080394679646,0.4064140717666899
L48T16beta4.23ms0.032315m0.001033,4.23,176.43,48,16,1553,2.904549602254876e-8,0.0513951919380114,0.40641495381180565
L48T16beta4.23ms0.032315m0.001033,4.23,176.43,48,16,1554,2.90455590601847e-8,0.05139530348134314,0.40641583585692137
L48T16beta4.23ms0.032315m0.001033,4.23,176.43,48,16,1555,2.9045622097820645e-8,0.051395415024674894,0.40641671790203715
L48T16beta4.23ms0.032315m0.001033,4.23,176.43,48,16,1556,2.9045685135456592e-8,0.051395526568006646,0.4064175999471529
L48T16beta4.23ms0.032315m0.001033,4.23,176.43,48,16,1557,2.9045748173092536e-8,0.0513956381113384,0.4064184819922686
L48T16beta4.23ms0.032315m0.001033,4.23,176.43,48,16,1558,2.904581121072848e-8,0.05139574965467014,0.4064193640373843
L48T16beta4.23ms0.032315m0.001033,4.23,176.43,48,16,1559,2.9045874248364424e-8,0.051395861198001894,0.40642024608250005
L48T16beta4.23ms0.032315m0.001033,4.23,176.43,48,16,1560,2.904593728600037e-8,0.051395972741333645,0.40642112812761577
L48T16beta4.23ms0.032315m0.001033,4.23,176.43,48,16,1561,2.9046000323636315e-8,0.0513960842846654,0.40642201017273155
L48T16beta4.23ms0.032315m0.001033,4.23,176.43,48,16,1562,2.9046063361272255e-8,0.05139619582799714,0.4064228922178473
L48T16beta4.23ms0.032315m0.001033,4.23,176.43,48,16,1563,2.9046126398908202e-8,0.05139630737132889,0.406423774262963
L48T16beta4.23ms0.032315m0.001033,4.23,176.43,48,16,1564,2.9046189436544146e-8,0.051396418914660645,0.4064246563080787
L48T16beta4.23ms0.032315m0.001033,4.23,176.43,48,16,1565,2.904625247418009e-8,0.05139653045799239,0.40642553835319445
L48T16beta4.23ms0.032315m0.001033,4.23,176.43,48,16,1566,2.9046315511816034e-8,0.05139664200132414,0.4064264203983102
L48T16beta4.23ms0.032315m0.001033,4.23,176.43,48,16,1567,2.904637854945198e-8,0.05139675354465589,0.40642730244342595
L48T16beta4.23ms0.032315m0.001033,4.23,176.43,48,16,1568,2.9046441587087925e-8,0.051396865087987645,0.4064281844885417
L48T16beta4.23ms0.032315m0.001033,4.23,176.43,48,16,1569,2.9046504624723866e-8,0.05139697663131939,0.4064290665336574
L48T16beta4.23ms0.032315m0.001033,4.23,176.43,48,16,1570,2.9046567662359813e-8,0.05139708817465114,0.4064299485787731
L48T16beta4.23ms0.032315m0.001033,4.23,176.43,48,16,1571,2.9046630699995757e-8,0.05139719971798289,0.40643083062388885
L48T16beta4.23ms0.032315m0.001033,4.23,176.43,48,16,1572,2.9046693737631704e-8,0.051397311261314645,0.4064317126690046
L48T16beta4.23ms0.032315m0.001033,4.23,176.43,48,16,1573,2.9046756775267644e-8,0.05139742280464639,0.40643259471412035
L48T16beta4.23ms0.032315m0.001033,4.23,176.43,48,16,1574,2.904681981290359e-8,0.05139753434797814,0.4064334767592361
L48T16beta4.23ms0.032315m0.001033,4.23,176.43,48,16,1575,2.9046882850539535e-8,0.05139764589130989,0.4064343588043518
L48T16beta4.23ms0.032315m0.001033,4.23,176.43,48,16,1576,2.9046945888175476e-8,0.05139775743464164,0.4064352408494675
L48T16beta4.23ms0.032315m0.001033,4.23,176.43,48,16,1577,2.9047008925811423e-8,0.05139786897797339,0.40643612289458325
L48T16beta4.23ms0.032315m0.001033,4.23,176.43,48,16,1578,2.9047071963447367e-8,0.05139798052130514,0.406437004939699
L48T16beta4.23ms0.032315m0.001033,4.23,176.43,48,16,1579,2.9047135001083314e-8,0.05139809206463689,0.40643788698481476
L48T16beta4.23ms0.032315m0.001033,4.23,176.43,48,16,1580,2.9047198038719255e-8,0.05139820360796864,0.4064387690299305
L48T16beta4.23ms0.032315m0.001033,4.23,176.43,48,16,1581,2.9047261076355202e-8,0.05139831515130039,0.4064396510750462
L48T16beta4.23ms0.032315m0.001033,4.23,176.43,48,16,1582,2.9047324113991146e-8,0.05139842669463214,0.40644053312016193
L48T16beta4.23ms0.032315m0.001033,4.23,176.43,48,16,1583,2.904738715162709e-8,0.05139853823796389,0.40644141516527765
L48T16beta4.23ms0.032315m0.001033,4.23,176.43,48,16,1584,2.9047450189263033e-8,0.05139864978129564,0.4064422972103934
L48T16beta4.23ms0.032315m0.001033,4.23,176.43,48,16,1585,2.9047513226898977e-8,0.05139876132462739,0.40644317925550916
L48T16beta4.23ms0.032315m0.001033,4.23,176.43,48,16,1586,2.9047576264534924e-8,0.05139887286795914,0.4064440613006249
L48T16beta4.23ms0.032315m0.001033,4.23,176.43,48,16,1587,2.9047639302170868e-8,0.05139898441129089,0.4064449433457406
L48T16beta4.23ms0.032315m0.001033,4.23,176.43,48,16,1588,2.9047702339806812e-8,0.05139909595462264,0.40644582539085633
L48T16beta4.23ms0.032315m0.001033,4.23,176.43,48,16,1589,2.9047765377442756e-8,0.05139920749795439,0.40644670743597205
L48T16beta4.23ms0.032315m0.001033,4.23,176.43,48,16,1590,2.90478284150787e-8,0.05139931904128614,0.4064475894810878
L48T16beta4.23ms0.032315m0.001033,4.23,176.43,48,16,1591,2.9047891452714644e-8,0.051399430584617885,0.40644847152620356
L48T16beta4.23ms0.032315m0.001033,4.23,176.43,48,16,1592,2.9047954490350588e-8,0.051399542127949636,0.4064493535713193
L48T16beta4.23ms0.032315m0.001033,4.23,176.43,48,16,1593,2.9048017527986535e-8,0.05139965367128139,0.406450235616435
L48T16beta4.23ms0.032315m0.001033,4.23,176.43,48,16,1594,2.904808056562248e-8,0.05139976521461314,0.40645111766155073
L48T16beta4.23ms0.032315m0.001033,4.23,176.43,48,16,1595,2.9048143603258422e-8,0.051399876757944885,0.40645199970666646
L48T16beta4.23ms0.032315m0.001033,4.23,176.43,48,16,1596,2.9048206640894366e-8,0.051399988301276636,0.4064528817517822
L48T16beta4.23ms0.032315m0.001033,4.23,176.43,48,16,1597,2.904826967853031e-8,0.05140009984460839,0.40645376379689796
L48T16beta4.23ms0.032315m0.001033,4.23,176.43,48,16,1598,2.9048332716166257e-8,0.05140021138794014,0.4064546458420137
L48T16beta4.23ms0.032315m0.001033,4.23,176.43,48,16,1599,2.9048395753802198e-8,0.051400322931271884,0.4064555278871294
L48T16beta4.23ms0.032315m0.001033,4.23,176.43,48,16,1600,2.9048458791438145e-8,0.051400434474603636,0.40645640993224513
L48T16beta4.23ms0.032315m0.001033,4.23,176.43,48,16,1601,2.904852182907409e-8,0.05140054601793539,0.40645729197736086
L48T16beta4.23ms0.032315m0.001033,4.23,176.43,48,16,1602,2.9048584866710033e-8,0.05140065756126713,0.4064581740224766
L48T16beta4.23ms0.032315m0.001033,4.23,176.43,48,16,1603,2.9048647904345977e-8,0.051400769104598884,0.40645905606759236
L48T16beta4.23ms0.032315m0.001033,4.23,176.43,48,16,1604,2.904871094198192e-8,0.051400880647930636,0.4064599381127081
L48T16beta4.23ms0.032315m0.001033,4.23,176.43,48,16,1605,2.9048773979617868e-8,0.05140099219126239,0.4064608201578238
L48T16beta4.23ms0.032315m0.001033,4.23,176.43,48,16,1606,2.9048837017253808e-8,0.05140110373459413,0.40646170220293953
L48T16beta4.23ms0.032315m0.001033,4.23,176.43,48,16,1607,2.9048900054889755e-8,0.051401215277925884,0.40646258424805526
L48T16beta4.23ms0.032315m0.001033,4.23,176.43,48,16,1608,2.90489630925257e-8,0.051401326821257635,0.406463466293171
L48T16beta4.23ms0.032315m0.001033,4.23,176.43,48,16,1609,2.9049026130161646e-8,0.05140143836458939,0.40646434833828676
L48T16beta4.23ms0.032315m0.001033,4.23,176.43,48,16,1610,2.9049089167797587e-8,0.05140154990792113,0.4064652303834025
L48T16beta4.23ms0.032315m0.001033,4.23,176.43,48,16,1611,2.904915220543353e-8,0.051401661451252884,0.4064661124285182
L48T16beta4.23ms0.032315m0.001033,4.23,176.43,48,16,1612,2.9049215243069478e-8,0.051401772994584635,0.40646699447363394
L48T16beta4.23ms0.032315m0.001033,4.23,176.43,48,16,1613,2.904927828070542e-8,0.05140188453791638,0.40646787651874966
L48T16beta4.23ms0.032315m0.001033,4.23,176.43,48,16,1614,2.9049341318341366e-8,0.05140199608124813,0.4064687585638654
L48T16beta4.23ms0.032315m0.001033,4.23,176.43,48,16,1615,2.904940435597731e-8,0.05140210762457988,0.40646964060898116
L48T16beta4.23ms0.032315m0.001033,4.23,176.43,48,16,1616,2.9049467393613257e-8,0.051402219167911635,0.4064705226540969
L48T16beta4.23ms0.032315m0.001033,4.23,176.43,48,16,1617,2.9049530431249197e-8,0.05140233071124338,0.4064714046992126
L48T16beta4.23ms0.032315m0.001033,4.23,176.43,48,16,1618,2.904959346888514e-8,0.05140244225457513,0.40647228674432834
L48T16beta4.23ms0.032315m0.001033,4.23,176.43,48,16,1619,2.904965650652109e-8,0.05140255379790688,0.40647316878944406
L48T16beta4.23ms0.032315m0.001033,4.23,176.43,48,16,1620,2.9049719544157032e-8,0.051402665341238635,0.4064740508345598
L48T16beta4.23ms0.032315m0.001033,4.23,176.43,48,16,1621,2.9049782581792976e-8,0.05140277688457038,0.40647493287967557
L48T16beta4.23ms0.032315m0.001033,4.23,176.43,48,16,1622,2.904984561942892e-8,0.05140288842790213,0.4064758149247913
L48T16beta4.23ms0.032315m0.001033,4.23,176.43,48,16,1623,2.9049908657064867e-8,0.05140299997123388,0.406476696969907
L48T16beta4.23ms0.032315m0.001033,4.23,176.43,48,16,1624,2.9049971694700808e-8,0.05140311151456563,0.40647757901502274
L48T16beta4.23ms0.032315m0.001033,4.23,176.43,48,16,1625,2.905003473233675e-8,0.05140322305789738,0.40647846106013846
L48T16beta4.23ms0.032315m0.001033,4.23,176.43,48,16,1626,2.90500977699727e-8,0.05140333460122913,0.4064793431052542
L48T16beta4.23ms0.032315m0.001033,4.23,176.43,48,16,1627,2.9050160807608643e-8,0.05140344614456088,0.40648022515036997
L48T16beta4.23ms0.032315m0.001033,4.23,176.43,48,16,1628,2.9050223845244586e-8,0.05140355768789263,0.4064811071954857
L48T16beta4.23ms0.032315m0.001033,4.23,176.43,48,16,1629,2.905028688288053e-8,0.05140366923122438,0.4064819892406014
L48T16beta4.23ms0.032315m0.001033,4.23,176.43,48,16,1630,2.9050349920516477e-8,0.05140378077455613,0.40648287128571714
L48T16beta4.23ms0.032315m0.001033,4.23,176.43,48,16,1631,2.905041295815242e-8,0.05140389231788788,0.40648375333083286
L48T16beta4.23ms0.032315m0.001033,4.23,176.43,48,16,1632,2.9050475995788362e-8,0.05140400386121963,0.4064846353759486
L48T16beta4.23ms0.032315m0.001033,4.23,176.43,48,16,1633,2.905053903342431e-8,0.05140411540455138,0.40648551742106437
L48T16beta4.23ms0.032315m0.001033,4.23,176.43,48,16,1634,2.9050602071060253e-8,0.05140422694788313,0.4064863994661801
L48T16beta4.23ms0.032315m0.001033,4.23,176.43,48,16,1635,2.90506651086962e-8,0.05140433849121488,0.4064872815112958
L48T16beta4.23ms0.032315m0.001033,4.23,176.43,48,16,1636,2.905072814633214e-8,0.05140445003454663,0.40648816355641154
L48T16beta4.23ms0.032315m0.001033,4.23,176.43,48,16,1637,2.9050791183968088e-8,0.05140456157787838,0.40648904560152727
L48T16beta4.23ms0.032315m0.001033,4.23,176.43,48,16,1638,2.905085422160403e-8,0.05140467312121013,0.406489927646643
L48T16beta4.23ms0.032315m0.001033,4.23,176.43,48,16,1639,2.9050917259239972e-8,0.051404784664541875,0.40649080969175877
L48T16beta4.23ms0.032315m0.001033,4.23,176.43,48,16,1640,2.905098029687592e-8,0.05140489620787363,0.4064916917368745
L48T16beta4.23ms0.032315m0.001033,4.23,176.43,48,16,1641,2.9051043334511863e-8,0.05140500775120538,0.4064925737819902
L48T16beta4.23ms0.032315m0.001033,4.23,176.43,48,16,1642,2.905110637214781e-8,0.05140511929453713,0.40649345582710594
L48T16beta4.23ms0.032315m0.001033,4.23,176.43,48,16,1643,2.905116940978375e-8,0.051405230837868875,0.40649433787222167
L48T16beta4.23ms0.032315m0.001033,4.23,176.43,48,16,1644,2.9051232447419698e-8,0.051405342381200626,0.4064952199173374
L48T16beta4.23ms0.032315m0.001033,4.23,176.43,48,16,1645,2.9051295485055642e-8,0.05140545392453238,0.40649610196245317
L48T16beta4.23ms0.032315m0.001033,4.23,176.43,48,16,1646,2.905135852269159e-8,0.05140556546786413,0.4064969840075689
L48T16beta4.23ms0.032315m0.001033,4.23,176.43,48,16,1647,2.905142156032753e-8,0.051405677011195874,0.4064978660526846
L48T16beta4.23ms0.032315m0.001033,4.23,176.43,48,16,1648,2.9051484597963474e-8,0.051405788554527626,0.40649874809780034
L48T16beta4.23ms0.032315m0.001033,4.23,176.43,48,16,1649,2.905154763559942e-8,0.05140590009785938,0.40649963014291607
L48T16beta4.23ms0.032315m0.001033,4.23,176.43,48,16,1650,2.905161067323536e-8,0.05140601164119112,0.4065005121880318
L48T16beta4.23ms0.032315m0.001033,4.23,176.43,48,16,1651,2.905167371087131e-8,0.051406123184522874,0.4065013942331476
L48T16beta4.23ms0.032315m0.001033,4.23,176.43,48,16,1652,2.9051736748507252e-8,0.051406234727854626,0.4065022762782633
L48T16beta4.23ms0.032315m0.001033,4.23,176.43,48,16,1653,2.90517997861432e-8,0.05140634627118638,0.406503158323379
L48T16beta4.23ms0.032315m0.001033,4.23,176.43,48,16,1654,2.905186282377914e-8,0.05140645781451812,0.40650404036849475
L48T16beta4.23ms0.032315m0.001033,4.23,176.43,48,16,1655,2.9051925861415084e-8,0.051406569357849874,0.40650492241361047
L48T16beta4.23ms0.032315m0.001033,4.23,176.43,48,16,1656,2.905198889905103e-8,0.051406680901181626,0.4065058044587262
L48T16beta4.23ms0.032315m0.001033,4.23,176.43,48,16,1657,2.9052051936686975e-8,0.05140679244451338,0.4065066865038419
L48T16beta4.23ms0.032315m0.001033,4.23,176.43,48,16,1658,2.905211497432292e-8,0.05140690398784512,0.4065075685489577
L48T16beta4.23ms0.032315m0.001033,4.23,176.43,48,16,1659,2.9052178011958863e-8,0.051407015531176874,0.4065084505940734
L48T16beta4.23ms0.032315m0.001033,4.23,176.43,48,16,1660,2.905224104959481e-8,0.051407127074508625,0.40650933263918915
L48T16beta4.23ms0.032315m0.001033,4.23,176.43,48,16,1661,2.905230408723075e-8,0.05140723861784037,0.40651021468430487
L48T16beta4.23ms0.032315m0.001033,4.23,176.43,48,16,1662,2.9052367124866694e-8,0.05140735016117212,0.4065110967294206
L48T16beta4.23ms0.032315m0.001033,4.23,176.43,48,16,1663,2.905243016250264e-8,0.05140746170450387,0.4065119787745363
L48T16beta4.23ms0.032315m0.001033,4.23,176.43,48,16,1664,2.9052493200138585e-8,0.051407573247835625,0.4065128608196521
L48T16beta4.23ms0.032315m0.001033,4.23,176.43,48,16,1665,2.905255623777453e-8,0.05140768479116737,0.4065137428647678
L48T16beta4.23ms0.032315m0.001033,4.23,176.43,48,16,1666,2.9052619275410473e-8,0.05140779633449912,0.40651462490988355
L48T16beta4.23ms0.032315m0.001033,4.23,176.43,48,16,1667,2.905268231304642e-8,0.05140790787783087,0.4065155069549993
L48T16beta4.23ms0.032315m0.001033,4.23,176.43,48,16,1668,2.9052745350682364e-8,0.051408019421162625,0.406516389000115
L48T16beta4.23ms0.032315m0.001033,4.23,176.43,48,16,1669,2.9052808388318305e-8,0.05140813096449437,0.4065172710452307
L48T16beta4.23ms0.032315m0.001033,4.23,176.43,48,16,1670,2.9052871425954252e-8,0.05140824250782612,0.4065181530903465
L48T16beta4.23ms0.032315m0.001033,4.23,176.43,48,16,1671,2.9052934463590196e-8,0.05140835405115787,0.4065190351354622
L48T16beta4.23ms0.032315m0.001033,4.23,176.43,48,16,1672,2.905299750122614e-8,0.05140846559448962,0.40651991718057795
L48T16beta4.23ms0.032315m0.001033,4.23,176.43,48,16,1673,2.9053060538862083e-8,0.05140857713782137,0.4065207992256937
L48T16beta4.23ms0.032315m0.001033,4.23,176.43,48,16,1674,2.905312357649803e-8,0.05140868868115312,0.4065216812708094
L48T16beta4.23ms0.032315m0.001033,4.23,176.43,48,16,1675,2.9053186614133974e-8,0.05140880022448487,0.4065225633159251
L48T16beta4.23ms0.032315m0.001033,4.23,176.43,48,16,1676,2.9053249651769915e-8,0.05140891176781662,0.4065234453610409
L48T16beta4.23ms0.032315m0.001033,4.23,176.43,48,16,1677,2.9053312689405862e-8,0.05140902331114837,0.4065243274061566
L48T16beta4.23ms0.032315m0.001033,4.23,176.43,48,16,1678,2.9053375727041806e-8,0.05140913485448012,0.40652520945127235
L48T16beta4.23ms0.032315m0.001033,4.23,176.43,48,16,1679,2.9053438764677753e-8,0.05140924639781187,0.4065260914963881
L48T16beta4.23ms0.032315m0.001033,4.23,176.43,48,16,1680,2.9053501802313694e-8,0.05140935794114362,0.4065269735415038
L48T16beta4.23ms0.032315m0.001033,4.23,176.43,48,16,1681,2.905356483994964e-8,0.05140946948447537,0.4065278555866195
L48T16beta4.23ms0.032315m0.001033,4.23,176.43,48,16,1682,2.9053627877585585e-8,0.05140958102780712,0.4065287376317353
L48T16beta4.23ms0.032315m0.001033,4.23,176.43,48,16,1683,2.9053690915221532e-8,0.05140969257113887,0.40652961967685103
L48T16beta4.23ms0.032315m0.001033,4.23,176.43,48,16,1684,2.9053753952857472e-8,0.05140980411447062,0.40653050172196675
L48T16beta4.23ms0.032315m0.001033,4.23,176.43,48,16,1685,2.9053816990493416e-8,0.05140991565780237,0.4065313837670825
L48T16beta4.23ms0.032315m0.001033,4.23,176.43,48,16,1686,2.9053880028129363e-8,0.05141002720113412,0.4065322658121982
L48T16beta4.23ms0.032315m0.001033,4.23,176.43,48,16,1687,2.9053943065765304e-8,0.051410138744465865,0.4065331478573139
L48T16beta4.23ms0.032315m0.001033,4.23,176.43,48,16,1688,2.905400610340125e-8,0.05141025028779762,0.4065340299024297
L48T16beta4.23ms0.032315m0.001033,4.23,176.43,48,16,1689,2.9054069141037195e-8,0.05141036183112937,0.40653491194754543
L48T16beta4.23ms0.032315m0.001033,4.23,176.43,48,16,1690,2.9054132178673142e-8,0.05141047337446112,0.40653579399266115
L48T16beta4.23ms0.032315m0.001033,4.23,176.43,48,16,1691,2.9054195216309083e-8,0.051410584917792865,0.4065366760377769
L48T16beta4.23ms0.032315m0.001033,4.23,176.43,48,16,1692,2.9054258253945027e-8,0.051410696461124616,0.4065375580828926
L48T16beta4.23ms0.032315m0.001033,4.23,176.43,48,16,1693,2.9054321291580974e-8,0.05141080800445637,0.4065384401280083
L48T16beta4.23ms0.032315m0.001033,4.23,176.43,48,16,1694,2.9054384329216918e-8,0.05141091954778812,0.4065393221731241
L48T16beta4.23ms0.032315m0.001033,4.23,176.43,48,16,1695,2.905444736685286e-8,0.051411031091119865,0.40654020421823983
L48T16beta4.23ms0.032315m0.001033,4.23,176.43,48,16,1696,2.9054510404488805e-8,0.051411142634451616,0.40654108626335556
L48T16beta4.23ms0.032315m0.001033,4.23,176.43,48,16,1697,2.9054573442124752e-8,0.05141125417778337,0.4065419683084713
L48T16beta4.23ms0.032315m0.001033,4.23,176.43,48,16,1698,2.9054636479760693e-8,0.05141136572111511,0.406542850353587
L48T16beta4.23ms0.032315m0.001033,4.23,176.43,48,16,1699,2.9054699517396637e-8,0.051411477264446864,0.40654373239870273
L48T16beta4.23ms0.032315m0.001033,4.23,176.43,48,16,1700,2.9054762555032584e-8,0.051411588807778616,0.4065446144438185
L48T16beta4.23ms0.032315m0.001033,4.23,176.43,48,16,1701,2.9054825592668528e-8,0.05141170035111037,0.40654549648893423
L48T16beta4.23ms0.032315m0.001033,4.23,176.43,48,16,1702,2.9054888630304472e-8,0.05141181189444211,0.40654637853404996
L48T16beta4.23ms0.032315m0.001033,4.23,176.43,48,16,1703,2.9054951667940416e-8,0.051411923437773864,0.4065472605791657
L48T16beta4.23ms0.032315m0.001033,4.23,176.43,48,16,1704,2.9055014705576363e-8,0.051412034981105616,0.4065481426242814
L48T16beta4.23ms0.032315m0.001033,4.23,176.43,48,16,1705,2.9055077743212307e-8,0.05141214652443737,0.40654902466939713
L48T16beta4.23ms0.032315m0.001033,4.23,176.43,48,16,1706,2.9055140780848247e-8,0.05141225806776911,0.4065499067145129
L48T16beta4.23ms0.032315m0.001033,4.23,176.43,48,16,1707,2.9055203818484194e-8,0.051412369611100864,0.40655078875962863
L48T16beta4.23ms0.032315m0.001033,4.23,176.43,48,16,1708,2.9055266856120138e-8,0.051412481154432615,0.40655167080474436
L48T16beta4.23ms0.032315m0.001033,4.23,176.43,48,16,1709,2.9055329893756082e-8,0.05141259269776436,0.4065525528498601
L48T16beta4.23ms0.032315m0.001033,4.23,176.43,48,16,1710,2.9055392931392026e-8,0.05141270424109611,0.4065534348949758
L48T16beta4.23ms0.032315m0.001033,4.23,176.43,48,16,1711,2.9055455969027973e-8,0.051412815784427864,0.40655431694009153
L48T16beta4.23ms0.032315m0.001033,4.23,176.43,48,16,1712,2.9055519006663917e-8,0.051412927327759615,0.4065551989852073
L48T16beta4.23ms0.032315m0.001033,4.23,176.43,48,16,1713,2.9055582044299858e-8,0.05141303887109136,0.40655608103032304
L48T16beta4.23ms0.032315m0.001033,4.23,176.43,48,16,1714,2.9055645081935805e-8,0.05141315041442311,0.40655696307543876
L48T16beta4.23ms0.032315m0.001033,4.23,176.43,48,16,1715,2.905570811957175e-8,0.05141326195775486,0.4065578451205545
L48T16beta4.23ms0.032315m0.001033,4.23,176.43,48,16,1716,2.9055771157207696e-8,0.051413373501086615,0.4065587271656702
L48T16beta4.23ms0.032315m0.001033,4.23,176.43,48,16,1717,2.9055834194843636e-8,0.05141348504441836,0.40655960921078593
L48T16beta4.23ms0.032315m0.001033,4.23,176.43,48,16,1718,2.9055897232479583e-8,0.05141359658775011,0.4065604912559017
L48T16beta4.23ms0.032315m0.001033,4.23,176.43,48,16,1719,2.9055960270115527e-8,0.05141370813108186,0.40656137330101744
L48T16beta4.23ms0.032315m0.001033,4.23,176.43,48,16,1720,2.9056023307751468e-8,0.05141381967441361,0.40656225534613316
L48T16beta4.23ms0.032315m0.001033,4.23,176.43,48,16,1721,2.9056086345387415e-8,0.05141393121774536,0.4065631373912489
L48T16beta4.23ms0.032315m0.001033,4.23,176.43,48,16,1722,2.905614938302336e-8,0.05141404276107711,0.4065640194363646
L48T16beta4.23ms0.032315m0.001033,4.23,176.43,48,16,1723,2.9056212420659306e-8,0.05141415430440886,0.40656490148148033
L48T16beta4.23ms0.032315m0.001033,4.23,176.43,48,16,1724,2.9056275458295247e-8,0.05141426584774061,0.4065657835265961
L48T16beta4.23ms0.032315m0.001033,4.23,176.43,48,16,1725,2.9056338495931194e-8,0.05141437739107236,0.40656666557171184
L48T16beta4.23ms0.032315m0.001033,4.23,176.43,48,16,1726,2.9056401533567138e-8,0.05141448893440411,0.40656754761682756
L48T16beta4.23ms0.032315m0.001033,4.23,176.43,48,16,1727,2.9056464571203085e-8,0.05141460047773586,0.4065684296619433
L48T16beta4.23ms0.032315m0.001033,4.23,176.43,48,16,1728,2.9056527608839025e-8,0.05141471202106761,0.406569311707059
L48T16beta4.23ms0.032315m0.001033,4.23,176.43,48,16,1729,2.905659064647497e-8,0.05141482356439936,0.40657019375217474
L48T16beta4.23ms0.032315m0.001033,4.23,176.43,48,16,1730,2.9056653684110916e-8,0.05141493510773111,0.4065710757972905
L48T16beta4.23ms0.032315m0.001033,4.23,176.43,48,16,1731,2.905671672174686e-8,0.05141504665106286,0.40657195784240624
L48T16beta4.23ms0.032315m0.001033,4.23,176.43,48,16,1732,2.9056779759382804e-8,0.05141515819439461,0.40657283988752196
L48T16beta4.23ms0.032315m0.001033,4.23,176.43,48,16,1733,2.9056842797018748e-8,0.05141526973772636,0.4065737219326377
L48T16beta4.23ms0.032315m0.001033,4.23,176.43,48,16,1734,2.9056905834654695e-8,0.05141538128105811,0.4065746039777534
L48T16beta4.23ms0.032315m0.001033,4.23,176.43,48,16,1735,2.9056968872290636e-8,0.051415492824389855,0.40657548602286914
L48T16beta4.23ms0.032315m0.001033,4.23,176.43,48,16,1736,2.905703190992658e-8,0.05141560436772161,0.4065763680679849
L48T16beta4.23ms0.032315m0.001033,4.23,176.43,48,16,1737,2.9057094947562527e-8,0.05141571591105336,0.40657725011310064
L48T16beta4.23ms0.032315m0.001033,4.23,176.43,48,16,1738,2.905715798519847e-8,0.05141582745438511,0.40657813215821637
L48T16beta4.23ms0.032315m0.001033,4.23,176.43,48,16,1739,2.9057221022834414e-8,0.051415938997716855,0.4065790142033321
L48T16beta4.23ms0.032315m0.001033,4.23,176.43,48,16,1740,2.9057284060470358e-8,0.05141605054104861,0.4065798962484478
L48T16beta4.23ms0.032315m0.001033,4.23,176.43,48,16,1741,2.9057347098106306e-8,0.05141616208438036,0.40658077829356354
L48T16beta4.23ms0.032315m0.001033,4.23,176.43,48,16,1742,2.905741013574225e-8,0.05141627362771211,0.4065816603386793
L48T16beta4.23ms0.032315m0.001033,4.23,176.43,48,16,1743,2.905747317337819e-8,0.051416385171043855,0.40658254238379504
L48T16beta4.23ms0.032315m0.001033,4.23,176.43,48,16,1744,2.9057536211014137e-8,0.051416496714375606,0.40658342442891077
L48T16beta4.23ms0.032315m0.001033,4.23,176.43,48,16,1745,2.905759924865008e-8,0.05141660825770736,0.4065843064740265
L48T16beta4.23ms0.032315m0.001033,4.23,176.43,48,16,1746,2.9057662286286025e-8,0.0514167198010391,0.4065851885191422
L48T16beta4.23ms0.032315m0.001033,4.23,176.43,48,16,1747,2.905772532392197e-8,0.051416831344370854,0.40658607056425794
L48T16beta4.23ms0.032315m0.001033,4.23,176.43,48,16,1748,2.9057788361557916e-8,0.051416942887702606,0.4065869526093737
L48T16beta4.23ms0.032315m0.001033,4.23,176.43,48,16,1749,2.905785139919386e-8,0.05141705443103436,0.40658783465448944
L48T16beta4.23ms0.032315m0.001033,4.23,176.43,48,16,1750,2.90579144368298e-8,0.0514171659743661,0.40658871669960517
L48T16beta4.23ms0.032315m0.001033,4.23,176.43,48,16,1751,2.9057977474465747e-8,0.051417277517697854,0.4065895987447209
L48T16beta4.23ms0.032315m0.001033,4.23,176.43,48,16,1752,2.905804051210169e-8,0.051417389061029606,0.4065904807898366
L48T16beta4.23ms0.032315m0.001033,4.23,176.43,48,16,1753,2.905810354973764e-8,0.05141750060436136,0.40659136283495234
L48T16beta4.23ms0.032315m0.001033,4.23,176.43,48,16,1754,2.905816658737358e-8,0.0514176121476931,0.40659224488006807
L48T16beta4.23ms0.032315m0.001033,4.23,176.43,48,16,1755,2.9058229625009526e-8,0.051417723691024854,0.40659312692518385
L48T16beta4.23ms0.032315m0.001033,4.23,176.43,48,16,1756,2.905829266264547e-8,0.051417835234356606,0.40659400897029957
L48T16beta4.23ms0.032315m0.001033,4.23,176.43,48,16,1757,2.905835570028141e-8,0.05141794677768835,0.4065948910154153
L48T16beta4.23ms0.032315m0.001033,4.23,176.43,48,16,1758,2.9058418737917358e-8,0.0514180583210201,0.406595773060531
L48T16beta4.23ms0.032315m0.001033,4.23,176.43,48,16,1759,2.90584817755533e-8,0.051418169864351854,0.40659665510564674
L48T16beta4.23ms0.032315m0.001033,4.23,176.43,48,16,1760,2.905854481318925e-8,0.051418281407683605,0.40659753715076247
L48T16beta4.23ms0.032315m0.001033,4.23,176.43,48,16,1761,2.905860785082519e-8,0.05141839295101535,0.40659841919587825
L48T16beta4.23ms0.032315m0.001033,4.23,176.43,48,16,1762,2.9058670888461137e-8,0.0514185044943471,0.40659930124099397
L48T16beta4.23ms0.032315m0.001033,4.23,176.43,48,16,1763,2.905873392609708e-8,0.05141861603767885,0.4066001832861097
L48T16beta4.23ms0.032315m0.001033,4.23,176.43,48,16,1764,2.9058796963733028e-8,0.051418727581010605,0.4066010653312254
L48T16beta4.23ms0.032315m0.001033,4.23,176.43,48,16,1765,2.9058860001368968e-8,0.05141883912434235,0.40660194737634114
L48T16beta4.23ms0.032315m0.001033,4.23,176.43,48,16,1766,2.9058923039004912e-8,0.0514189506676741,0.40660282942145687
L48T16beta4.23ms0.032315m0.001033,4.23,176.43,48,16,1767,2.905898607664086e-8,0.05141906221100585,0.40660371146657265
L48T16beta4.23ms0.032315m0.001033,4.23,176.43,48,16,1768,2.90590491142768e-8,0.0514191737543376,0.4066045935116884
L48T16beta4.23ms0.032315m0.001033,4.23,176.43,48,16,1769,2.9059112151912747e-8,0.05141928529766935,0.4066054755568041
L48T16beta4.23ms0.032315m0.001033,4.23,176.43,48,16,1770,2.905917518954869e-8,0.0514193968410011,0.4066063576019198
L48T16beta4.23ms0.032315m0.001033,4.23,176.43,48,16,1771,2.9059238227184638e-8,0.05141950838433285,0.40660723964703555
L48T16beta4.23ms0.032315m0.001033,4.23,176.43,48,16,1772,2.905930126482058e-8,0.0514196199276646,0.40660812169215127
L48T16beta4.23ms0.032315m0.001033,4.23,176.43,48,16,1773,2.9059364302456522e-8,0.05141973147099635,0.40660900373726705
L48T16beta4.23ms0.032315m0.001033,4.23,176.43,48,16,1774,2.905942734009247e-8,0.0514198430143281,0.4066098857823828
L48T16beta4.23ms0.032315m0.001033,4.23,176.43,48,16,1775,2.9059490377728413e-8,0.05141995455765985,0.4066107678274985
L48T16beta4.23ms0.032315m0.001033,4.23,176.43,48,16,1776,2.9059553415364357e-8,0.0514200661009916,0.4066116498726142
L48T16beta4.23ms0.032315m0.001033,4.23,176.43,48,16,1777,2.90596164530003e-8,0.05142017764432335,0.40661253191772995
L48T16beta4.23ms0.032315m0.001033,4.23,176.43,48,16,1778,2.9059679490636248e-8,0.0514202891876551,0.40661341396284567
L48T16beta4.23ms0.032315m0.001033,4.23,176.43,48,16,1779,2.9059742528272192e-8,0.05142040073098685,0.40661429600796145
L48T16beta4.23ms0.032315m0.001033,4.23,176.43,48,16,1780,2.9059805565908133e-8,0.0514205122743186,0.4066151780530772
L48T16beta4.23ms0.032315m0.001033,4.23,176.43,48,16,1781,2.905986860354408e-8,0.05142062381765035,0.4066160600981929
L48T16beta4.23ms0.032315m0.001033,4.23,176.43,48,16,1782,2.9059931641180024e-8,0.0514207353609821,0.4066169421433086
L48T16beta4.23ms0.032315m0.001033,4.23,176.43,48,16,1783,2.9059994678815967e-8,0.051420846904313845,0.40661782418842435
L48T16beta4.23ms0.032315m0.001033,4.23,176.43,48,16,1784,2.906005771645191e-8,0.0514209584476456,0.4066187062335401
L48T16beta4.23ms0.032315m0.001033,4.23,176.43,48,16,1785,2.906012075408786e-8,0.05142106999097735,0.40661958827865585
L48T16beta4.23ms0.032315m0.001033,4.23,176.43,48,16,1786,2.9060183791723802e-8,0.0514211815343091,0.4066204703237716
L48T16beta4.23ms0.032315m0.001033,4.23,176.43,48,16,1787,2.9060246829359743e-8,0.051421293077640845,0.4066213523688873
L48T16beta4.23ms0.032315m0.001033,4.23,176.43,48,16,1788,2.906030986699569e-8,0.0514214046209726,0.406622234414003
L48T16beta4.23ms0.032315m0.001033,4.23,176.43,48,16,1789,2.9060372904631634e-8,0.05142151616430435,0.40662311645911875
L48T16beta4.23ms0.032315m0.001033,4.23,176.43,48,16,1790,2.906043594226758e-8,0.0514216277076361,0.4066239985042345
L48T16beta4.23ms0.032315m0.001033,4.23,176.43,48,16,1791,2.9060498979903522e-8,0.051421739250967845,0.40662488054935025
L48T16beta4.23ms0.032315m0.001033,4.23,176.43,48,16,1792,2.906056201753947e-8,0.051421850794299596,0.406625762594466
L48T16beta4.23ms0.032315m0.001033,4.23,176.43,48,16,1793,2.9060625055175413e-8,0.05142196233763135,0.4066266446395817
L48T16beta4.23ms0.032315m0.001033,4.23,176.43,48,16,1794,2.9060688092811353e-8,0.05142207388096309,0.4066275266846974
L48T16beta4.23ms0.032315m0.001033,4.23,176.43,48,16,1795,2.90607511304473e-8,0.051422185424294845,0.40662840872981315
L48T16beta4.23ms0.032315m0.001033,4.23,176.43,48,16,1796,2.9060814168083244e-8,0.051422296967626596,0.4066292907749289
L48T16beta4.23ms0.032315m0.001033,4.23,176.43,48,16,1797,2.906087720571919e-8,0.05142240851095835,0.40663017282004466
L48T16beta4.23ms0.032315m0.001033,4.23,176.43,48,16,1798,2.9060940243355132e-8,0.05142252005429009,0.4066310548651604
L48T16beta4.23ms0.032315m0.001033,4.23,176.43,48,16,1799,2.906100328099108e-8,0.051422631597621844,0.4066319369102761
L48T16beta4.23ms0.032315m0.001033,4.23,176.43,48,16,1800,2.9061066318627023e-8,0.051422743140953596,0.40663281895539183
L48T16beta4.23ms0.032315m0.001033,4.23,176.43,48,16,1801,2.906112935626297e-8,0.05142285468428535,0.40663370100050755
L48T16beta4.23ms0.032315m0.001033,4.23,176.43,48,16,1802,2.906119239389891e-8,0.05142296622761709,0.4066345830456233
L48T16beta4.23ms0.032315m0.001033,4.23,176.43,48,16,1803,2.9061255431534855e-8,0.051423077770948844,0.40663546509073906
L48T16beta4.23ms0.032315m0.001033,4.23,176.43,48,16,1804,2.9061318469170802e-8,0.051423189314280596,0.4066363471358548
L48T16beta4.23ms0.032315m0.001033,4.23,176.43,48,16,1805,2.9061381506806742e-8,0.05142330085761234,0.4066372291809705
L48T16beta4.23ms0.032315m0.001033,4.23,176.43,48,16,1806,2.906144454444269e-8,0.05142341240094409,0.40663811122608623
L48T16beta4.23ms0.032315m0.001033,4.23,176.43,48,16,1807,2.9061507582078633e-8,0.051423523944275844,0.40663899327120195
L48T16beta4.23ms0.032315m0.001033,4.23,176.43,48,16,1808,2.906157061971458e-8,0.051423635487607595,0.4066398753163177
L48T16beta4.23ms0.032315m0.001033,4.23,176.43,48,16,1809,2.906163365735052e-8,0.05142374703093934,0.40664075736143346
L48T16beta4.23ms0.032315m0.001033,4.23,176.43,48,16,1810,2.9061696694986465e-8,0.05142385857427109,0.4066416394065492
L48T16beta4.23ms0.032315m0.001033,4.23,176.43,48,16,1811,2.9061759732622412e-8,0.051423970117602844,0.4066425214516649
L48T16beta4.23ms0.032315m0.001033,4.23,176.43,48,16,1812,2.9061822770258356e-8,0.051424081660934595,0.40664340349678063
L48T16beta4.23ms0.032315m0.001033,4.23,176.43,48,16,1813,2.90618858078943e-8,0.05142419320426634,0.40664428554189636
L48T16beta4.23ms0.032315m0.001033,4.23,176.43,48,16,1814,2.9061948845530244e-8,0.05142430474759809,0.4066451675870121
L48T16beta4.23ms0.032315m0.001033,4.23,176.43,48,16,1815,2.906201188316619e-8,0.05142441629092984,0.40664604963212786
L48T16beta4.23ms0.032315m0.001033,4.23,176.43,48,16,1816,2.906207492080213e-8,0.05142452783426159,0.4066469316772436
L48T16beta4.23ms0.032315m0.001033,4.23,176.43,48,16,1817,2.9062137958438075e-8,0.05142463937759334,0.4066478137223593
L48T16beta4.23ms0.032315m0.001033,4.23,176.43,48,16,1818,2.9062200996074022e-8,0.05142475092092509,0.40664869576747503
L48T16beta4.23ms0.032315m0.001033,4.23,176.43,48,16,1819,2.9062264033709966e-8,0.05142486246425684,0.40664957781259076
L48T16beta4.23ms0.032315m0.001033,4.23,176.43,48,16,1820,2.906232707134591e-8,0.05142497400758859,0.4066504598577065
L48T16beta4.23ms0.032315m0.001033,4.23,176.43,48,16,1821,2.9062390108981854e-8,0.05142508555092034,0.40665134190282226
L48T16beta4.23ms0.032315m0.001033,4.23,176.43,48,16,1822,2.90624531466178e-8,0.05142519709425209,0.406652223947938
L48T16beta4.23ms0.032315m0.001033,4.23,176.43,48,16,1823,2.9062516184253745e-8,0.05142530863758384,0.4066531059930537
L48T16beta4.23ms0.032315m0.001033,4.23,176.43,48,16,1824,2.9062579221889686e-8,0.05142542018091559,0.40665398803816943
L48T16beta4.23ms0.032315m0.001033,4.23,176.43,48,16,1825,2.9062642259525633e-8,0.05142553172424734,0.40665487008328516
L48T16beta4.23ms0.032315m0.001033,4.23,176.43,48,16,1826,2.9062705297161577e-8,0.05142564326757909,0.4066557521284009
L48T16beta4.23ms0.032315m0.001033,4.23,176.43,48,16,1827,2.9062768334797524e-8,0.05142575481091084,0.40665663417351666
L48T16beta4.23ms0.032315m0.001033,4.23,176.43,48,16,1828,2.9062831372433464e-8,0.05142586635424259,0.4066575162186324
L48T16beta4.23ms0.032315m0.001033,4.23,176.43,48,16,1829,2.906289441006941e-8,0.05142597789757434,0.4066583982637481
L48T16beta4.23ms0.032315m0.001033,4.23,176.43,48,16,1830,2.9062957447705355e-8,0.05142608944090609,0.40665928030886384
L48T16beta4.23ms0.032315m0.001033,4.23,176.43,48,16,1831,2.9063020485341296e-8,0.051426200984237835,0.40666016235397956
L48T16beta4.23ms0.032315m0.001033,4.23,176.43,48,16,1832,2.9063083522977243e-8,0.05142631252756959,0.4066610443990953
L48T16beta4.23ms0.032315m0.001033,4.23,176.43,48,16,1833,2.9063146560613187e-8,0.05142642407090134,0.40666192644421106
L48T16beta4.23ms0.032315m0.001033,4.23,176.43,48,16,1834,2.9063209598249134e-8,0.05142653561423309,0.4066628084893268
L48T16beta4.23ms0.032315m0.001033,4.23,176.43,48,16,1835,2.9063272635885075e-8,0.051426647157564835,0.4066636905344425
L48T16beta4.23ms0.032315m0.001033,4.23,176.43,48,16,1836,2.9063335673521022e-8,0.05142675870089659,0.40666457257955824
L48T16beta4.23ms0.032315m0.001033,4.23,176.43,48,16,1837,2.9063398711156966e-8,0.05142687024422834,0.40666545462467396
L48T16beta4.23ms0.032315m0.001033,4.23,176.43,48,16,1838,2.906346174879291e-8,0.05142698178756009,0.4066663366697897
L48T16beta4.23ms0.032315m0.001033,4.23,176.43,48,16,1839,2.9063524786428853e-8,0.051427093330891835,0.40666721871490547
L48T16beta4.23ms0.032315m0.001033,4.23,176.43,48,16,1840,2.9063587824064797e-8,0.05142720487422359,0.4066681007600212
L48T16beta4.23ms0.032315m0.001033,4.23,176.43,48,16,1841,2.9063650861700744e-8,0.05142731641755534,0.4066689828051369
L48T16beta4.23ms0.032315m0.001033,4.23,176.43,48,16,1842,2.9063713899336685e-8,0.05142742796088708,0.40666986485025264
L48T16beta4.23ms0.032315m0.001033,4.23,176.43,48,16,1843,2.9063776936972632e-8,0.051427539504218835,0.40667074689536836
L48T16beta4.23ms0.032315m0.001033,4.23,176.43,48,16,1844,2.9063839974608576e-8,0.051427651047550586,0.4066716289404841
L48T16beta4.23ms0.032315m0.001033,4.23,176.43,48,16,1845,2.906390301224452e-8,0.05142776259088234,0.40667251098559987
L48T16beta4.23ms0.032315m0.001033,4.23,176.43,48,16,1846,2.9063966049880464e-8,0.05142787413421408,0.4066733930307156
L48T16beta4.23ms0.032315m0.001033,4.23,176.43,48,16,1847,2.9064029087516408e-8,0.051427985677545834,0.4066742750758313
L48T16beta4.23ms0.032315m0.001033,4.23,176.43,48,16,1848,2.9064092125152355e-8,0.051428097220877586,0.40667515712094704
L48T16beta4.23ms0.032315m0.001033,4.23,176.43,48,16,1849,2.90641551627883e-8,0.05142820876420934,0.40667603916606276
L48T16beta4.23ms0.032315m0.001033,4.23,176.43,48,16,1850,2.9064218200424243e-8,0.05142832030754108,0.4066769212111785
L48T16beta4.23ms0.032315m0.001033,4.23,176.43,48,16,1851,2.9064281238060186e-8,0.051428431850872834,0.4066778032562942
L48T16beta4.23ms0.032315m0.001033,4.23,176.43,48,16,1852,2.906434427569613e-8,0.051428543394204586,0.40667868530141
L48T16beta4.23ms0.032315m0.001033,4.23,176.43,48,16,1853,2.9064407313332074e-8,0.05142865493753633,0.4066795673465257
L48T16beta4.23ms0.032315m0.001033,4.23,176.43,48,16,1854,2.9064470350968018e-8,0.05142876648086808,0.40668044939164144
L48T16beta4.23ms0.032315m0.001033,4.23,176.43,48,16,1855,2.9064533388603965e-8,0.051428878024199834,0.40668133143675717
L48T16beta4.23ms0.032315m0.001033,4.23,176.43,48,16,1856,2.906459642623991e-8,0.051428989567531586,0.4066822134818729
L48T16beta4.23ms0.032315m0.001033,4.23,176.43,48,16,1857,2.9064659463875853e-8,0.05142910111086333,0.4066830955269886
L48T16beta4.23ms0.032315m0.001033,4.23,176.43,48,16,1858,2.9064722501511797e-8,0.05142921265419508,0.4066839775721044
L48T16beta4.23ms0.032315m0.001033,4.23,176.43,48,16,1859,2.906478553914774e-8,0.051429324197526834,0.4066848596172201
L48T16beta4.23ms0.032315m0.001033,4.23,176.43,48,16,1860,2.9064848576783688e-8,0.051429435740858585,0.40668574166233584
L48T16beta4.23ms0.032315m0.001033,4.23,176.43,48,16,1861,2.9064911614419628e-8,0.05142954728419033,0.40668662370745157
L48T16beta4.23ms0.032315m0.001033,4.23,176.43,48,16,1862,2.9064974652055575e-8,0.05142965882752208,0.4066875057525673
L48T16beta4.23ms0.032315m0.001033,4.23,176.43,48,16,1863,2.906503768969152e-8,0.05142977037085383,0.406688387797683
L48T16beta4.23ms0.032315m0.001033,4.23,176.43,48,16,1864,2.9065100727327463e-8,0.05142988191418558,0.4066892698427988
L48T16beta4.23ms0.032315m0.001033,4.23,176.43,48,16,1865,2.9065163764963407e-8,0.05142999345751733,0.4066901518879145
L48T16beta4.23ms0.032315m0.001033,4.23,176.43,48,16,1866,2.906522680259935e-8,0.05143010500084908,0.40669103393303024
L48T16beta4.23ms0.032315m0.001033,4.23,176.43,48,16,1867,2.9065289840235298e-8,0.05143021654418083,0.40669191597814597
L48T16beta4.23ms0.032315m0.001033,4.23,176.43,48,16,1868,2.906535287787124e-8,0.05143032808751258,0.4066927980232617
L48T16beta4.23ms0.032315m0.001033,4.23,176.43,48,16,1869,2.9065415915507186e-8,0.05143043963084433,0.4066936800683774
L48T16beta4.23ms0.032315m0.001033,4.23,176.43,48,16,1870,2.906547895314313e-8,0.05143055117417608,0.4066945621134932
L48T16beta4.23ms0.032315m0.001033,4.23,176.43,48,16,1871,2.9065541990779077e-8,0.05143066271750783,0.4066954441586089
L48T16beta4.23ms0.032315m0.001033,4.23,176.43,48,16,1872,2.9065605028415017e-8,0.05143077426083958,0.40669632620372465
L48T16beta4.23ms0.032315m0.001033,4.23,176.43,48,16,1873,2.906566806605096e-8,0.05143088580417133,0.40669720824884037
L48T16beta4.23ms0.032315m0.001033,4.23,176.43,48,16,1874,2.906573110368691e-8,0.05143099734750308,0.4066980902939561
L48T16beta4.23ms0.032315m0.001033,4.23,176.43,48,16,1875,2.9065794141322852e-8,0.05143110889083483,0.4066989723390718
L48T16beta4.23ms0.032315m0.001033,4.23,176.43,48,16,1876,2.9065857178958796e-8,0.05143122043416658,0.4066998543841876
L48T16beta4.23ms0.032315m0.001033,4.23,176.43,48,16,1877,2.906592021659474e-8,0.05143133197749833,0.4067007364293033
L48T16beta4.23ms0.032315m0.001033,4.23,176.43,48,16,1878,2.9065983254230687e-8,0.05143144352083008,0.40670161847441905
L48T16beta4.23ms0.032315m0.001033,4.23,176.43,48,16,1879,2.9066046291866628e-8,0.051431555064161825,0.40670250051953477
L48T16beta4.23ms0.032315m0.001033,4.23,176.43,48,16,1880,2.906610932950257e-8,0.05143166660749358,0.4067033825646505
L48T16beta4.23ms0.032315m0.001033,4.23,176.43,48,16,1881,2.906617236713852e-8,0.05143177815082533,0.4067042646097662
L48T16beta4.23ms0.032315m0.001033,4.23,176.43,48,16,1882,2.9066235404774463e-8,0.05143188969415708,0.406705146654882
L48T16beta4.23ms0.032315m0.001033,4.23,176.43,48,16,1883,2.9066298442410406e-8,0.051432001237488825,0.4067060286999977
L48T16beta4.23ms0.032315m0.001033,4.23,176.43,48,16,1884,2.906636148004635e-8,0.05143211278082058,0.40670691074511345
L48T16beta4.23ms0.032315m0.001033,4.23,176.43,48,16,1885,2.9066424517682298e-8,0.05143222432415233,0.4067077927902292
L48T16beta4.23ms0.032315m0.001033,4.23,176.43,48,16,1886,2.906648755531824e-8,0.05143233586748408,0.4067086748353449
L48T16beta4.23ms0.032315m0.001033,4.23,176.43,48,16,1887,2.9066550592954182e-8,0.051432447410815825,0.4067095568804606
L48T16beta4.23ms0.032315m0.001033,4.23,176.43,48,16,1888,2.906661363059013e-8,0.05143255895414758,0.4067104389255764
L48T16beta4.23ms0.032315m0.001033,4.23,176.43,48,16,1889,2.9066676668226073e-8,0.05143267049747933,0.4067113209706921
L48T16beta4.23ms0.032315m0.001033,4.23,176.43,48,16,1890,2.9066739705862017e-8,0.05143278204081107,0.40671220301580785
L48T16beta4.23ms0.032315m0.001033,4.23,176.43,48,16,1891,2.906680274349796e-8,0.051432893584142825,0.4067130850609236
L48T16beta4.23ms0.032315m0.001033,4.23,176.43,48,16,1892,2.9066865781133908e-8,0.051433005127474576,0.4067139671060393
L48T16beta4.23ms0.032315m0.001033,4.23,176.43,48,16,1893,2.9066928818769852e-8,0.05143311667080633,0.406714849151155
L48T16beta4.23ms0.032315m0.001033,4.23,176.43,48,16,1894,2.9066991856405792e-8,0.05143322821413807,0.4067157311962708
L48T16beta4.23ms0.032315m0.001033,4.23,176.43,48,16,1895,2.906705489404174e-8,0.051433339757469825,0.4067166132413865
L48T16beta4.23ms0.032315m0.001033,4.23,176.43,48,16,1896,2.9067117931677683e-8,0.051433451300801576,0.40671749528650225
L48T16beta4.23ms0.032315m0.001033,4.23,176.43,48,16,1897,2.906718096931363e-8,0.05143356284413333,0.406718377331618
L48T16beta4.23ms0.032315m0.001033,4.23,176.43,48,16,1898,2.906724400694957e-8,0.05143367438746507,0.4067192593767337
L48T16beta4.23ms0.032315m0.001033,4.23,176.43,48,16,1899,2.9067307044585518e-8,0.051433785930796824,0.4067201414218494
L48T16beta4.23ms0.032315m0.001033,4.23,176.43,48,16,1900,2.9067370082221462e-8,0.051433897474128576,0.4067210234669652
L48T16beta4.23ms0.032315m0.001033,4.23,176.43,48,16,1901,2.9067433119857403e-8,0.05143400901746032,0.40672190551208093
L48T16beta4.23ms0.032315m0.001033,4.23,176.43,48,16,1902,2.906749615749335e-8,0.05143412056079207,0.40672278755719665
L48T16beta4.23ms0.032315m0.001033,4.23,176.43,48,16,1903,2.9067559195129294e-8,0.051434232104123824,0.4067236696023124
L48T16beta4.23ms0.032315m0.001033,4.23,176.43,48,16,1904,2.906762223276524e-8,0.051434343647455576,0.4067245516474281
L48T16beta4.23ms0.032315m0.001033,4.23,176.43,48,16,1905,2.906768527040118e-8,0.05143445519078732,0.4067254336925438
L48T16beta4.23ms0.032315m0.001033,4.23,176.43,48,16,1906,2.906774830803713e-8,0.05143456673411907,0.4067263157376596
L48T16beta4.23ms0.032315m0.001033,4.23,176.43,48,16,1907,2.9067811345673072e-8,0.051434678277450824,0.40672719778277533
L48T16beta4.23ms0.032315m0.001033,4.23,176.43,48,16,1908,2.906787438330902e-8,0.051434789820782575,0.40672807982789105
L48T16beta4.23ms0.032315m0.001033,4.23,176.43,48,16,1909,2.906793742094496e-8,0.05143490136411432,0.4067289618730068
L48T16beta4.23ms0.032315m0.001033,4.23,176.43,48,16,1910,2.9068000458580904e-8,0.05143501290744607,0.4067298439181225
L48T16beta4.23ms0.032315m0.001033,4.23,176.43,48,16,1911,2.906806349621685e-8,0.051435124450777824,0.4067307259632382
L48T16beta4.23ms0.032315m0.001033,4.23,176.43,48,16,1912,2.9068126533852792e-8,0.05143523599410957,0.406731608008354
L48T16beta4.23ms0.032315m0.001033,4.23,176.43,48,16,1913,2.906818957148874e-8,0.05143534753744132,0.40673249005346973
L48T16beta4.23ms0.032315m0.001033,4.23,176.43,48,16,1914,2.9068252609124683e-8,0.05143545908077307,0.40673337209858546
L48T16beta4.23ms0.032315m0.001033,4.23,176.43,48,16,1915,2.906831564676063e-8,0.05143557062410482,0.4067342541437012
L48T16beta4.23ms0.032315m0.001033,4.23,176.43,48,16,1916,2.906837868439657e-8,0.05143568216743657,0.4067351361888169
L48T16beta4.23ms0.032315m0.001033,4.23,176.43,48,16,1917,2.9068441722032514e-8,0.05143579371076832,0.40673601823393263
L48T16beta4.23ms0.032315m0.001033,4.23,176.43,48,16,1918,2.906850475966846e-8,0.05143590525410007,0.4067369002790484
L48T16beta4.23ms0.032315m0.001033,4.23,176.43,48,16,1919,2.9068567797304405e-8,0.05143601679743182,0.40673778232416413
L48T16beta4.23ms0.032315m0.001033,4.23,176.43,48,16,1920,2.906863083494035e-8,0.05143612834076357,0.40673866436927986
L48T16beta4.23ms0.032315m0.001033,4.23,176.43,48,16,1921,2.9068693872576293e-8,0.05143623988409532,0.4067395464143956
L48T16beta4.23ms0.032315m0.001033,4.23,176.43,48,16,1922,2.906875691021224e-8,0.05143635142742707,0.4067404284595113
L48T16beta4.23ms0.032315m0.001033,4.23,176.43,48,16,1923,2.9068819947848184e-8,0.05143646297075882,0.40674131050462703
L48T16beta4.23ms0.032315m0.001033,4.23,176.43,48,16,1924,2.9068882985484125e-8,0.05143657451409057,0.4067421925497428
L48T16beta4.23ms0.032315m0.001033,4.23,176.43,48,16,1925,2.9068946023120072e-8,0.05143668605742232,0.40674307459485853
L48T16beta4.23ms0.032315m0.001033,4.23,176.43,48,16,1926,2.9069009060756016e-8,0.05143679760075407,0.40674395663997426
L48T16beta4.23ms0.032315m0.001033,4.23,176.43,48,16,1927,2.906907209839196e-8,0.051436909144085816,0.40674483868509
L48T16beta4.23ms0.032315m0.001033,4.23,176.43,48,16,1928,2.9069135136027903e-8,0.05143702068741757,0.4067457207302057
L48T16beta4.23ms0.032315m0.001033,4.23,176.43,48,16,1929,2.906919817366385e-8,0.05143713223074932,0.40674660277532143
L48T16beta4.23ms0.032315m0.001033,4.23,176.43,48,16,1930,2.9069261211299794e-8,0.05143724377408107,0.4067474848204372
L48T16beta4.23ms0.032315m0.001033,4.23,176.43,48,16,1931,2.9069324248935735e-8,0.051437355317412815,0.40674836686555293
L48T16beta4.23ms0.032315m0.001033,4.23,176.43,48,16,1932,2.9069387286571682e-8,0.05143746686074457,0.40674924891066866
L48T16beta4.23ms0.032315m0.001033,4.23,176.43,48,16,1933,2.9069450324207626e-8,0.05143757840407632,0.4067501309557844
L48T16beta4.23ms0.032315m0.001033,4.23,176.43,48,16,1934,2.9069513361843573e-8,0.05143768994740807,0.4067510130009001
L48T16beta4.23ms0.032315m0.001033,4.23,176.43,48,16,1935,2.9069576399479514e-8,0.051437801490739815,0.40675189504601583
L48T16beta4.23ms0.032315m0.001033,4.23,176.43,48,16,1936,2.906963943711546e-8,0.05143791303407157,0.4067527770911316
L48T16beta4.23ms0.032315m0.001033,4.23,176.43,48,16,1937,2.9069702474751405e-8,0.05143802457740332,0.40675365913624734
L48T16beta4.23ms0.032315m0.001033,4.23,176.43,48,16,1938,2.9069765512387345e-8,0.05143813612073506,0.40675454118136306
L48T16beta4.23ms0.032315m0.001033,4.23,176.43,48,16,1939,2.9069828550023292e-8,0.051438247664066815,0.4067554232264788
L48T16beta4.23ms0.032315m0.001033,4.23,176.43,48,16,1940,2.9069891587659236e-8,0.05143835920739857,0.4067563052715945
L48T16beta4.23ms0.032315m0.001033,4.23,176.43,48,16,1941,2.9069954625295183e-8,0.05143847075073032,0.40675718731671023
L48T16beta4.23ms0.032315m0.001033,4.23,176.43,48,16,1942,2.9070017662931124e-8,0.05143858229406206,0.406758069361826
L48T16beta4.23ms0.032315m0.001033,4.23,176.43,48,16,1943,2.907008070056707e-8,0.051438693837393815,0.40675895140694174
L48T16beta4.23ms0.032315m0.001033,4.23,176.43,48,16,1944,2.9070143738203015e-8,0.051438805380725566,0.40675983345205746
L48T16beta4.23ms0.032315m0.001033,4.23,176.43,48,16,1945,2.9070206775838962e-8,0.05143891692405732,0.4067607154971732
L48T16beta4.23ms0.032315m0.001033,4.23,176.43,48,16,1946,2.9070269813474903e-8,0.05143902846738906,0.4067615975422889
L48T16beta4.23ms0.032315m0.001033,4.23,176.43,48,16,1947,2.9070332851110847e-8,0.051439140010720814,0.40676247958740464
L48T16beta4.23ms0.032315m0.001033,4.23,176.43,48,16,1948,2.9070395888746794e-8,0.051439251554052566,0.4067633616325204
L48T16beta4.23ms0.032315m0.001033,4.23,176.43,48,16,1949,2.9070458926382734e-8,0.05143936309738431,0.40676424367763614
L48T16beta4.23ms0.032315m0.001033,4.23,176.43,48,16,1950,2.907052196401868e-8,0.05143947464071606,0.40676512572275186
L48T16beta4.23ms0.032315m0.001033,4.23,176.43,48,16,1951,2.9070585001654625e-8,0.051439586184047814,0.4067660077678676
L48T16beta4.23ms0.032315m0.001033,4.23,176.43,48,16,1952,2.9070648039290573e-8,0.051439697727379566,0.4067668898129833
L48T16beta4.23ms0.032315m0.001033,4.23,176.43,48,16,1953,2.9070711076926513e-8,0.05143980927071131,0.40676777185809904
L48T16beta4.23ms0.032315m0.001033,4.23,176.43,48,16,1954,2.9070774114562457e-8,0.05143992081404306,0.40676865390321476
L48T16beta4.23ms0.032315m0.001033,4.23,176.43,48,16,1955,2.9070837152198404e-8,0.051440032357374814,0.40676953594833054
L48T16beta4.23ms0.032315m0.001033,4.23,176.43,48,16,1956,2.9070900189834348e-8,0.051440143900706566,0.40677041799344626
L48T16beta4.23ms0.032315m0.001033,4.23,176.43,48,16,1957,2.9070963227470292e-8,0.05144025544403831,0.406771300038562
L48T16beta4.23ms0.032315m0.001033,4.23,176.43,48,16,1958,2.9071026265106236e-8,0.05144036698737006,0.4067721820836777
L48T16beta4.23ms0.032315m0.001033,4.23,176.43,48,16,1959,2.9071089302742183e-8,0.051440478530701814,0.40677306412879344
L48T16beta4.23ms0.032315m0.001033,4.23,176.43,48,16,1960,2.9071152340378123e-8,0.05144059007403356,0.40677394617390916
L48T16beta4.23ms0.032315m0.001033,4.23,176.43,48,16,1961,2.9071215378014067e-8,0.05144070161736531,0.40677482821902494
L48T16beta4.23ms0.032315m0.001033,4.23,176.43,48,16,1962,2.9071278415650014e-8,0.05144081316069706,0.40677571026414067
L48T16beta4.23ms0.032315m0.001033,4.23,176.43,48,16,1963,2.9071341453285958e-8,0.05144092470402881,0.4067765923092564
L48T16beta4.23ms0.032315m0.001033,4.23,176.43,48,16,1964,2.9071404490921902e-8,0.05144103624736056,0.4067774743543721
L48T16beta4.23ms0.032315m0.001033,4.23,176.43,48,16,1965,2.9071467528557846e-8,0.05144114779069231,0.40677835639948784
L48T16beta4.23ms0.032315m0.001033,4.23,176.43,48,16,1966,2.9071530566193793e-8,0.05144125933402406,0.40677923844460356
L48T16beta4.23ms0.032315m0.001033,4.23,176.43,48,16,1967,2.9071593603829737e-8,0.05144137087735581,0.40678012048971934
L48T16beta4.23ms0.032315m0.001033,4.23,176.43,48,16,1968,2.9071656641465678e-8,0.05144148242068756,0.40678100253483507
L48T16beta4.23ms0.032315m0.001033,4.23,176.43,48,16,1969,2.9071719679101625e-8,0.05144159396401931,0.4067818845799508
L48T16beta4.23ms0.032315m0.001033,4.23,176.43,48,16,1970,2.907178271673757e-8,0.05144170550735106,0.4067827666250665
L48T16beta4.23ms0.032315m0.001033,4.23,176.43,48,16,1971,2.9071845754373516e-8,0.05144181705068281,0.40678364867018224
L48T16beta4.23ms0.032315m0.001033,4.23,176.43,48,16,1972,2.9071908792009456e-8,0.05144192859401456,0.40678453071529797
L48T16beta4.23ms0.032315m0.001033,4.23,176.43,48,16,1973,2.9071971829645404e-8,0.05144204013734631,0.40678541276041374
L48T16beta4.23ms0.032315m0.001033,4.23,176.43,48,16,1974,2.9072034867281347e-8,0.05144215168067806,0.40678629480552947
L48T16beta4.23ms0.032315m0.001033,4.23,176.43,48,16,1975,2.9072097904917288e-8,0.051442263224009806,0.4067871768506452
L48T16beta4.23ms0.032315m0.001033,4.23,176.43,48,16,1976,2.9072160942553235e-8,0.05144237476734156,0.4067880588957609
L48T16beta4.23ms0.032315m0.001033,4.23,176.43,48,16,1977,2.907222398018918e-8,0.05144248631067331,0.40678894094087664
L48T16beta4.23ms0.032315m0.001033,4.23,176.43,48,16,1978,2.9072287017825126e-8,0.05144259785400506,0.40678982298599237
L48T16beta4.23ms0.032315m0.001033,4.23,176.43,48,16,1979,2.9072350055461067e-8,0.051442709397336805,0.40679070503110815
L48T16beta4.23ms0.032315m0.001033,4.23,176.43,48,16,1980,2.9072413093097014e-8,0.05144282094066856,0.40679158707622387
L48T16beta4.23ms0.032315m0.001033,4.23,176.43,48,16,1981,2.9072476130732958e-8,0.05144293248400031,0.4067924691213396
L48T16beta4.23ms0.032315m0.001033,4.23,176.43,48,16,1982,2.9072539168368905e-8,0.05144304402733206,0.4067933511664553
L48T16beta4.23ms0.032315m0.001033,4.23,176.43,48,16,1983,2.9072602206004845e-8,0.051443155570663805,0.40679423321157104
L48T16beta4.23ms0.032315m0.001033,4.23,176.43,48,16,1984,2.907266524364079e-8,0.05144326711399556,0.40679511525668677
L48T16beta4.23ms0.032315m0.001033,4.23,176.43,48,16,1985,2.9072728281276736e-8,0.05144337865732731,0.40679599730180255
L48T16beta4.23ms0.032315m0.001033,4.23,176.43,48,16,1986,2.9072791318912677e-8,0.05144349020065905,0.40679687934691827
L48T16beta4.23ms0.032315m0.001033,4.23,176.43,48,16,1987,2.9072854356548624e-8,0.051443601743990805,0.406797761392034
L48T16beta4.23ms0.032315m0.001033,4.23,176.43,48,16,1988,2.9072917394184568e-8,0.05144371328732256,0.4067986434371497
L48T16beta4.23ms0.032315m0.001033,4.23,176.43,48,16,1989,2.9072980431820515e-8,0.05144382483065431,0.40679952548226544
L48T16beta4.23ms0.032315m0.001033,4.23,176.43,48,16,1990,2.9073043469456456e-8,0.05144393637398605,0.40680040752738117
L48T16beta4.23ms0.032315m0.001033,4.23,176.43,48,16,1991,2.90731065070924e-8,0.051444047917317805,0.40680128957249695
L48T16beta4.23ms0.032315m0.001033,4.23,176.43,48,16,1992,2.9073169544728347e-8,0.051444159460649556,0.4068021716176127
L48T16beta4.23ms0.032315m0.001033,4.23,176.43,48,16,1993,2.907323258236429e-8,0.05144427100398131,0.4068030536627284
L48T16beta4.23ms0.032315m0.001033,4.23,176.43,48,16,1994,2.9073295620000235e-8,0.05144438254731305,0.4068039357078441
L48T16beta4.23ms0.032315m0.001033,4.23,176.43,48,16,1995,2.907335865763618e-8,0.051444494090644804,0.40680481775295985
L48T16beta4.23ms0.032315m0.001033,4.23,176.43,48,16,1996,2.9073421695272126e-8,0.051444605633976556,0.40680569979807557
L48T16beta4.23ms0.032315m0.001033,4.23,176.43,48,16,1997,2.9073484732908066e-8,0.0514447171773083,0.40680658184319135
L48T16beta4.23ms0.032315m0.001033,4.23,176.43,48,16,1998,2.907354777054401e-8,0.05144482872064005,0.4068074638883071
L48T16beta4.23ms0.032315m0.001033,4.23,176.43,48,16,1999,2.9073610808179957e-8,0.051444940263971804,0.4068083459334228
L48T16beta4.23ms0.032315m0.001033,4.23,176.43,48,16,2000,2.90736738458159e-8,0.051445051807303556,0.4068092279785385
L48T16beta4.23ms0.032315m0.001033,4.23,176.43,48,16,2001,2.9073736883451845e-8,0.0514451633506353,0.40681011002365425
L48T16beta4.23ms0.032315m0.001033,4.23,176.43,48,16,2002,2.907379992108779e-8,0.05144527489396705,0.40681099206876997
L48T16beta4.23ms0.032315m0.001033,4.23,176.43,48,16,2003,2.9073862958723736e-8,0.051445386437298804,0.40681187411388575
L48T16beta4.23ms0.032315m0.001033,4.23,176.43,48,16,2004,2.907392599635968e-8,0.051445497980630556,0.4068127561590015
L48T16beta4.23ms0.032315m0.001033,4.23,176.43,48,16,2005,2.907398903399562e-8,0.0514456095239623,0.4068136382041172
L48T16beta4.23ms0.032315m0.001033,4.23,176.43,48,16,2006,2.9074052071631567e-8,0.05144572106729405,0.4068145202492329
L48T16beta4.23ms0.032315m0.001033,4.23,176.43,48,16,2007,2.907411510926751e-8,0.051445832610625804,0.40681540229434865
L48T16beta4.23ms0.032315m0.001033,4.23,176.43,48,16,2008,2.9074178146903455e-8,0.05144594415395755,0.4068162843394644
L48T16beta4.23ms0.032315m0.001033,4.23,176.43,48,16,2009,2.90742411845394e-8,0.0514460556972893,0.40681716638458015
L48T16beta4.23ms0.032315m0.001033,4.23,176.43,48,16,2010,2.9074304222175346e-8,0.05144616724062105,0.4068180484296959
L48T16beta4.23ms0.032315m0.001033,4.23,176.43,48,16,2011,2.907436725981129e-8,0.051446278783952804,0.4068189304748116
