ensemble,beta,temp,ns,nt,jk_index,chi_unscaled,chi_vol_scaled,chi_renorm
L48T16beta4.18ms0.037265m0.001022,4.18,157.03,48,16,0,8.180139541419264e-8,0.14474527874634227,0.9653262579480248
L48T16beta4.18ms0.037265m0.001022,4.18,157.03,48,16,1,8.180150500527169e-8,0.14474547266468812,0.9653275512162598
L48T16beta4.18ms0.037265m0.001022,4.18,157.03,48,16,2,8.180161459635078e-8,0.144745666583034,0.9653288444844947
L48T16beta4.18ms0.037265m0.001022,4.18,157.03,48,16,3,8.180172418742985e-8,0.14474586050137986,0.9653301377527297
L48T16beta4.18ms0.037265m0.001022,4.18,157.03,48,16,4,8.180183377850892e-8,0.14474605441972574,0.9653314310209646
L48T16beta4.18ms0.037265m0.001022,4.18,157.03,48,16,5,8.180194336958799e-8,0.1447462483380716,0.9653327242891995
L48T16beta4.18ms0.037265m0.001022,4.18,157.03,48,16,6,8.180205296066705e-8,0.14474644225641745,0.9653340175574344
L48T16beta4.18ms0.037265m0.001022,4.18,157.03,48,16,7,8.180216255174613e-8,0.14474663617476333,0.9653353108256694
L48T16beta4.18ms0.037265m0.001022,4.18,157.03,48,16,8,8.180227214282519e-8,0.14474683009310918,0.9653366040939043
L48T16beta4.18ms0.037265m0.001022,4.18,157.03,48,16,9,8.180238173390427e-8,0.14474702401145506,0.9653378973621393
L48T16beta4.18ms0.037265m0.001022,4.18,157.03,48,16,10,8.180249132498334e-8,0.14474721792980091,0.9653391906303742
L48T16beta4.18ms0.037265m0.001022,4.18,157.03,48,16,11,8.18026009160624e-8,0.14474741184814677,0.9653404838986092
L48T16beta4.18ms0.037265m0.001022,4.18,157.03,48,16,12,8.180271050714148e-8,0.14474760576649265,0.9653417771668441
L48T16beta4.18ms0.037265m0.001022,4.18,157.03,48,16,13,8.180282009822054e-8,0.1447477996848385,0.965343070435079
L48T16beta4.18ms0.037265m0.001022,4.18,157.03,48,16,14,8.180292968929961e-8,0.14474799360318436,0.965344363703314
L48T16beta4.18ms0.037265m0.001022,4.18,157.03,48,16,15,8.180303928037868e-8,0.14474818752153024,0.965345656971549
L48T16beta4.18ms0.037265m0.001022,4.18,157.03,48,16,16,8.180314887145775e-8,0.1447483814398761,0.9653469502397839
L48T16beta4.18ms0.037265m0.001022,4.18,157.03,48,16,17,8.180325846253682e-8,0.14474857535822197,0.9653482435080188
L48T16beta4.18ms0.037265m0.001022,4.18,157.03,48,16,18,8.18033680536159e-8,0.14474876927656782,0.9653495367762538
L48T16beta4.18ms0.037265m0.001022,4.18,157.03,48,16,19,8.180347764469495e-8,0.14474896319491368,0.9653508300444887
L48T16beta4.18ms0.037265m0.001022,4.18,157.03,48,16,20,8.180358723577404e-8,0.14474915711325956,0.9653521233127237
L48T16beta4.18ms0.037265m0.001022,4.18,157.03,48,16,21,8.180369682685311e-8,0.1447493510316054,0.9653534165809586
L48T16beta4.18ms0.037265m0.001022,4.18,157.03,48,16,22,8.180380641793218e-8,0.1447495449499513,0.9653547098491935
L48T16beta4.18ms0.037265m0.001022,4.18,157.03,48,16,23,8.180391600901125e-8,0.14474973886829715,0.9653560031174284
L48T16beta4.18ms0.037265m0.001022,4.18,157.03,48,16,24,8.18040256000903e-8,0.144749932786643,0.9653572963856634
L48T16beta4.18ms0.037265m0.001022,4.18,157.03,48,16,25,8.180413519116939e-8,0.14475012670498888,0.9653585896538983
L48T16beta4.18ms0.037265m0.001022,4.18,157.03,48,16,26,8.180424478224845e-8,0.14475032062333473,0.9653598829221333
L48T16beta4.18ms0.037265m0.001022,4.18,157.03,48,16,27,8.180435437332752e-8,0.14475051454168059,0.9653611761903682
L48T16beta4.18ms0.037265m0.001022,4.18,157.03,48,16,28,8.18044639644066e-8,0.14475070846002647,0.9653624694586032
L48T16beta4.18ms0.037265m0.001022,4.18,157.03,48,16,29,8.180457355548566e-8,0.14475090237837232,0.9653637627268381
L48T16beta4.18ms0.037265m0.001022,4.18,157.03,48,16,30,8.180468314656474e-8,0.1447510962967182,0.965365055995073
L48T16beta4.18ms0.037265m0.001022,4.18,157.03,48,16,31,8.18047927376438e-8,0.14475129021506405,0.965366349263308
L48T16beta4.18ms0.037265m0.001022,4.18,157.03,48,16,32,8.180490232872287e-8,0.1447514841334099,0.965367642531543
L48T16beta4.18ms0.037265m0.001022,4.18,157.03,48,16,33,8.180501191980194e-8,0.1447516780517558,0.9653689357997779
L48T16beta4.18ms0.037265m0.001022,4.18,157.03,48,16,34,8.180512151088101e-8,0.14475187197010164,0.9653702290680128
L48T16beta4.18ms0.037265m0.001022,4.18,157.03,48,16,35,8.180523110196008e-8,0.14475206588844752,0.9653715223362478
L48T16beta4.18ms0.037265m0.001022,4.18,157.03,48,16,36,8.180534069303915e-8,0.14475225980679338,0.9653728156044827
L48T16beta4.18ms0.037265m0.001022,4.18,157.03,48,16,37,8.180545028411821e-8,0.14475245372513923,0.9653741088727177
L48T16beta4.18ms0.037265m0.001022,4.18,157.03,48,16,38,8.18055598751973e-8,0.1447526476434851,0.9653754021409526
L48T16beta4.18ms0.037265m0.001022,4.18,157.03,48,16,39,8.180566946627637e-8,0.14475284156183096,0.9653766954091875
L48T16beta4.18ms0.037265m0.001022,4.18,157.03,48,16,40,8.180577905735542e-8,0.14475303548017682,0.9653779886774224
L48T16beta4.18ms0.037265m0.001022,4.18,157.03,48,16,41,8.180588864843451e-8,0.1447532293985227,0.9653792819456574
L48T16beta4.18ms0.037265m0.001022,4.18,157.03,48,16,42,8.180599823951357e-8,0.14475342331686855,0.9653805752138923
L48T16beta4.18ms0.037265m0.001022,4.18,157.03,48,16,43,8.180610783059265e-8,0.14475361723521443,0.9653818684821273
L48T16beta4.18ms0.037265m0.001022,4.18,157.03,48,16,44,8.18062174216717e-8,0.14475381115356029,0.9653831617503622
L48T16beta4.18ms0.037265m0.001022,4.18,157.03,48,16,45,8.180632701275078e-8,0.14475400507190614,0.9653844550185972
L48T16beta4.18ms0.037265m0.001022,4.18,157.03,48,16,46,8.180643660382985e-8,0.14475419899025202,0.9653857482868321
L48T16beta4.18ms0.037265m0.001022,4.18,157.03,48,16,47,8.180654619490892e-8,0.14475439290859787,0.965387041555067
L48T16beta4.18ms0.037265m0.001022,4.18,157.03,48,16,48,8.1806655785988e-8,0.14475458682694375,0.965388334823302
L48T16beta4.18ms0.037265m0.001022,4.18,157.03,48,16,49,8.180676537706706e-8,0.1447547807452896,0.9653896280915369
L48T16beta4.18ms0.037265m0.001022,4.18,157.03,48,16,50,8.180687496814613e-8,0.14475497466363546,0.9653909213597719
L48T16beta4.18ms0.037265m0.001022,4.18,157.03,48,16,51,8.18069845592252e-8,0.14475516858198134,0.9653922146280068
L48T16beta4.18ms0.037265m0.001022,4.18,157.03,48,16,52,8.180709415030427e-8,0.1447553625003272,0.9653935078962418
L48T16beta4.18ms0.037265m0.001022,4.18,157.03,48,16,53,8.180720374138334e-8,0.14475555641867308,0.9653948011644767
L48T16beta4.18ms0.037265m0.001022,4.18,157.03,48,16,54,8.180731333246241e-8,0.14475575033701893,0.9653960944327117
L48T16beta4.18ms0.037265m0.001022,4.18,157.03,48,16,55,8.180742292354147e-8,0.14475594425536478,0.9653973877009466
L48T16beta4.18ms0.037265m0.001022,4.18,157.03,48,16,56,8.180753251462055e-8,0.14475613817371066,0.9653986809691815
L48T16beta4.18ms0.037265m0.001022,4.18,157.03,48,16,57,8.180764210569963e-8,0.14475633209205652,0.9653999742374164
L48T16beta4.18ms0.037265m0.001022,4.18,157.03,48,16,58,8.180775169677868e-8,0.14475652601040237,0.9654012675056514
L48T16beta4.18ms0.037265m0.001022,4.18,157.03,48,16,59,8.180786128785777e-8,0.14475671992874825,0.9654025607738863
L48T16beta4.18ms0.037265m0.001022,4.18,157.03,48,16,60,8.180797087893682e-8,0.1447569138470941,0.9654038540421213
L48T16beta4.18ms0.037265m0.001022,4.18,157.03,48,16,61,8.180808047001591e-8,0.14475710776543999,0.9654051473103562
L48T16beta4.18ms0.037265m0.001022,4.18,157.03,48,16,62,8.180819006109497e-8,0.14475730168378584,0.9654064405785912
L48T16beta4.18ms0.037265m0.001022,4.18,157.03,48,16,63,8.180829965217404e-8,0.1447574956021317,0.9654077338468261
L48T16beta4.18ms0.037265m0.001022,4.18,157.03,48,16,64,8.180840924325311e-8,0.14475768952047757,0.965409027115061
L48T16beta4.18ms0.037265m0.001022,4.18,157.03,48,16,65,8.180851883433218e-8,0.14475788343882343,0.965410320383296
L48T16beta4.18ms0.037265m0.001022,4.18,157.03,48,16,66,8.180862842541126e-8,0.1447580773571693,0.9654116136515309
L48T16beta4.18ms0.037265m0.001022,4.18,157.03,48,16,67,8.180873801649032e-8,0.14475827127551516,0.9654129069197659
L48T16beta4.18ms0.037265m0.001022,4.18,157.03,48,16,68,8.180884760756939e-8,0.144758465193861,0.9654142001880008
L48T16beta4.18ms0.037265m0.001022,4.18,157.03,48,16,69,8.180895719864846e-8,0.1447586591122069,0.9654154934562358
L48T16beta4.18ms0.037265m0.001022,4.18,157.03,48,16,70,8.180906678972753e-8,0.14475885303055275,0.9654167867244707
L48T16beta4.18ms0.037265m0.001022,4.18,157.03,48,16,71,8.180917638080659e-8,0.1447590469488986,0.9654180799927057
L48T16beta4.18ms0.037265m0.001022,4.18,157.03,48,16,72,8.180928597188567e-8,0.14475924086724448,0.9654193732609406
L48T16beta4.18ms0.037265m0.001022,4.18,157.03,48,16,73,8.180939556296473e-8,0.14475943478559034,0.9654206665291756
L48T16beta4.18ms0.037265m0.001022,4.18,157.03,48,16,74,8.180950515404381e-8,0.14475962870393622,0.9654219597974104
L48T16beta4.18ms0.037265m0.001022,4.18,157.03,48,16,75,8.180961474512287e-8,0.14475982262228207,0.9654232530656454
L48T16beta4.18ms0.037265m0.001022,4.18,157.03,48,16,76,8.180972433620194e-8,0.14476001654062792,0.9654245463338803
L48T16beta4.18ms0.037265m0.001022,4.18,157.03,48,16,77,8.180983392728103e-8,0.1447602104589738,0.9654258396021153
L48T16beta4.18ms0.037265m0.001022,4.18,157.03,48,16,78,8.180994351836008e-8,0.14476040437731966,0.9654271328703502
L48T16beta4.18ms0.037265m0.001022,4.18,157.03,48,16,79,8.181005310943917e-8,0.14476059829566554,0.9654284261385851
L48T16beta4.18ms0.037265m0.001022,4.18,157.03,48,16,80,8.181016270051823e-8,0.1447607922140114,0.9654297194068201
L48T16beta4.18ms0.037265m0.001022,4.18,157.03,48,16,81,8.18102722915973e-8,0.14476098613235724,0.965431012675055
L48T16beta4.18ms0.037265m0.001022,4.18,157.03,48,16,82,8.181038188267637e-8,0.14476118005070313,0.96543230594329
L48T16beta4.18ms0.037265m0.001022,4.18,157.03,48,16,83,8.181049147375544e-8,0.14476137396904898,0.9654335992115249
L48T16beta4.18ms0.037265m0.001022,4.18,157.03,48,16,84,8.181060106483452e-8,0.14476156788739486,0.9654348924797599
L48T16beta4.18ms0.037265m0.001022,4.18,157.03,48,16,85,8.181071065591358e-8,0.1447617618057407,0.9654361857479948
L48T16beta4.18ms0.037265m0.001022,4.18,157.03,48,16,86,8.181082024699265e-8,0.14476195572408657,0.9654374790162298
L48T16beta4.18ms0.037265m0.001022,4.18,157.03,48,16,87,8.181092983807172e-8,0.14476214964243245,0.9654387722844647
L48T16beta4.18ms0.037265m0.001022,4.18,157.03,48,16,88,8.181103942915079e-8,0.1447623435607783,0.9654400655526997
L48T16beta4.18ms0.037265m0.001022,4.18,157.03,48,16,89,8.181114902022985e-8,0.14476253747912415,0.9654413588209346
L48T16beta4.18ms0.037265m0.001022,4.18,157.03,48,16,90,8.181125861130893e-8,0.14476273139747003,0.9654426520891696
L48T16beta4.18ms0.037265m0.001022,4.18,157.03,48,16,91,8.181136820238799e-8,0.1447629253158159,0.9654439453574044
L48T16beta4.18ms0.037265m0.001022,4.18,157.03,48,16,92,8.181147779346707e-8,0.14476311923416177,0.9654452386256394
L48T16beta4.18ms0.037265m0.001022,4.18,157.03,48,16,93,8.181158738454613e-8,0.14476331315250762,0.9654465318938743
L48T16beta4.18ms0.037265m0.001022,4.18,157.03,48,16,94,8.18116969756252e-8,0.14476350707085348,0.9654478251621093
L48T16beta4.18ms0.037265m0.001022,4.18,157.03,48,16,95,8.181180656670429e-8,0.14476370098919936,0.9654491184303442
L48T16beta4.18ms0.037265m0.001022,4.18,157.03,48,16,96,8.181191615778334e-8,0.1447638949075452,0.9654504116985791
L48T16beta4.18ms0.037265m0.001022,4.18,157.03,48,16,97,8.181202574886243e-8,0.1447640888258911,0.9654517049668141
L48T16beta4.18ms0.037265m0.001022,4.18,157.03,48,16,98,8.181213533994148e-8,0.14476428274423694,0.965452998235049
L48T16beta4.18ms0.037265m0.001022,4.18,157.03,48,16,99,8.181224493102056e-8,0.1447644766625828,0.965454291503284
L48T16beta4.18ms0.037265m0.001022,4.18,157.03,48,16,100,8.181235452209963e-8,0.14476467058092868,0.9654555847715189
L48T16beta4.18ms0.037265m0.001022,4.18,157.03,48,16,101,8.18124641131787e-8,0.14476486449927453,0.9654568780397539
L48T16beta4.18ms0.037265m0.001022,4.18,157.03,48,16,102,8.181257370425775e-8,0.14476505841762038,0.9654581713079888
L48T16beta4.18ms0.037265m0.001022,4.18,157.03,48,16,103,8.181268329533684e-8,0.14476525233596627,0.9654594645762238
L48T16beta4.18ms0.037265m0.001022,4.18,157.03,48,16,104,8.18127928864159e-8,0.14476544625431212,0.9654607578444587
L48T16beta4.18ms0.037265m0.001022,4.18,157.03,48,16,105,8.181290247749498e-8,0.144765640172658,0.9654620511126937
L48T16beta4.18ms0.037265m0.001022,4.18,157.03,48,16,106,8.181301206857405e-8,0.14476583409100385,0.9654633443809286
L48T16beta4.18ms0.037265m0.001022,4.18,157.03,48,16,107,8.181312165965311e-8,0.1447660280093497,0.9654646376491636
L48T16beta4.18ms0.037265m0.001022,4.18,157.03,48,16,108,8.181323125073219e-8,0.1447662219276956,0.9654659309173984
L48T16beta4.18ms0.037265m0.001022,4.18,157.03,48,16,109,8.181334084181125e-8,0.14476641584604144,0.9654672241856334
L48T16beta4.18ms0.037265m0.001022,4.18,157.03,48,16,110,8.181345043289033e-8,0.14476660976438732,0.9654685174538683
L48T16beta4.18ms0.037265m0.001022,4.18,157.03,48,16,111,8.181356002396939e-8,0.14476680368273318,0.9654698107221032
L48T16beta4.18ms0.037265m0.001022,4.18,157.03,48,16,112,8.181366961504846e-8,0.14476699760107903,0.9654711039903382
L48T16beta4.18ms0.037265m0.001022,4.18,157.03,48,16,113,8.181377920612755e-8,0.1447671915194249,0.9654723972585731
L48T16beta4.18ms0.037265m0.001022,4.18,157.03,48,16,114,8.18138887972066e-8,0.14476738543777076,0.9654736905268081
L48T16beta4.18ms0.037265m0.001022,4.18,157.03,48,16,115,8.181399838828567e-8,0.14476757935611662,0.965474983795043
L48T16beta4.18ms0.037265m0.001022,4.18,157.03,48,16,116,8.181410797936474e-8,0.1447677732744625,0.965476277063278
L48T16beta4.18ms0.037265m0.001022,4.18,157.03,48,16,117,8.181421757044381e-8,0.14476796719280835,0.9654775703315129
L48T16beta4.18ms0.037265m0.001022,4.18,157.03,48,16,118,8.181432716152289e-8,0.14476816111115423,0.9654788635997479
L48T16beta4.18ms0.037265m0.001022,4.18,157.03,48,16,119,8.181443675260196e-8,0.14476835502950008,0.9654801568679828
L48T16beta4.18ms0.037265m0.001022,4.18,157.03,48,16,120,8.181454634368101e-8,0.14476854894784594,0.9654814501362178
L48T16beta4.18ms0.037265m0.001022,4.18,157.03,48,16,121,8.18146559347601e-8,0.14476874286619182,0.9654827434044527
L48T16beta4.18ms0.037265m0.001022,4.18,157.03,48,16,122,8.181476552583916e-8,0.14476893678453767,0.9654840366726877
L48T16beta4.18ms0.037265m0.001022,4.18,157.03,48,16,123,8.181487511691824e-8,0.14476913070288355,0.9654853299409226
L48T16beta4.18ms0.037265m0.001022,4.18,157.03,48,16,124,8.181498470799731e-8,0.1447693246212294,0.9654866232091576
L48T16beta4.18ms0.037265m0.001022,4.18,157.03,48,16,125,8.181509429907637e-8,0.14476951853957526,0.9654879164773925
L48T16beta4.18ms0.037265m0.001022,4.18,157.03,48,16,126,8.181520389015545e-8,0.14476971245792114,0.9654892097456274
L48T16beta4.18ms0.037265m0.001022,4.18,157.03,48,16,127,8.181531348123451e-8,0.144769906376267,0.9654905030138623
L48T16beta4.18ms0.037265m0.001022,4.18,157.03,48,16,128,8.181542307231359e-8,0.14477010029461287,0.9654917962820972
L48T16beta4.18ms0.037265m0.001022,4.18,157.03,48,16,129,8.181553266339265e-8,0.14477029421295873,0.9654930895503322
L48T16beta4.18ms0.037265m0.001022,4.18,157.03,48,16,130,8.181564225447172e-8,0.14477048813130458,0.9654943828185671
L48T16beta4.18ms0.037265m0.001022,4.18,157.03,48,16,131,8.18157518455508e-8,0.14477068204965046,0.9654956760868021
L48T16beta4.18ms0.037265m0.001022,4.18,157.03,48,16,132,8.181586143662986e-8,0.14477087596799632,0.965496969355037
L48T16beta4.18ms0.037265m0.001022,4.18,157.03,48,16,133,8.181597102770892e-8,0.14477106988634217,0.965498262623272
L48T16beta4.18ms0.037265m0.001022,4.18,157.03,48,16,134,8.1816080618788e-8,0.14477126380468805,0.9654995558915069
L48T16beta4.18ms0.037265m0.001022,4.18,157.03,48,16,135,8.181619020986707e-8,0.1447714577230339,0.9655008491597419
L48T16beta4.18ms0.037265m0.001022,4.18,157.03,48,16,136,8.181629980094614e-8,0.14477165164137978,0.9655021424279768
L48T16beta4.18ms0.037265m0.001022,4.18,157.03,48,16,137,8.181640939202522e-8,0.14477184555972564,0.9655034356962118
L48T16beta4.18ms0.037265m0.001022,4.18,157.03,48,16,138,8.181651898310427e-8,0.1447720394780715,0.9655047289644467
L48T16beta4.18ms0.037265m0.001022,4.18,157.03,48,16,139,8.181662857418336e-8,0.14477223339641737,0.9655060222326817
L48T16beta4.18ms0.037265m0.001022,4.18,157.03,48,16,140,8.181673816526241e-8,0.14477242731476322,0.9655073155009166
L48T16beta4.18ms0.037265m0.001022,4.18,157.03,48,16,141,8.18168477563415e-8,0.1447726212331091,0.9655086087691516
L48T16beta4.18ms0.037265m0.001022,4.18,157.03,48,16,142,8.181695734742057e-8,0.14477281515145496,0.9655099020373865
L48T16beta4.18ms0.037265m0.001022,4.18,157.03,48,16,143,8.181706693849963e-8,0.1447730090698008,0.9655111953056214
L48T16beta4.18ms0.037265m0.001022,4.18,157.03,48,16,144,8.181717652957871e-8,0.1447732029881467,0.9655124885738563
L48T16beta4.18ms0.037265m0.001022,4.18,157.03,48,16,145,8.181728612065777e-8,0.14477339690649255,0.9655137818420912
L48T16beta4.18ms0.037265m0.001022,4.18,157.03,48,16,146,8.181739571173684e-8,0.1447735908248384,0.9655150751103262
L48T16beta4.18ms0.037265m0.001022,4.18,157.03,48,16,147,8.181750530281591e-8,0.14477378474318428,0.9655163683785611
L48T16beta4.18ms0.037265m0.001022,4.18,157.03,48,16,148,8.181761489389498e-8,0.14477397866153013,0.9655176616467961
L48T16beta4.18ms0.037265m0.001022,4.18,157.03,48,16,149,8.181772448497405e-8,0.14477417257987601,0.965518954915031
L48T16beta4.18ms0.037265m0.001022,4.18,157.03,48,16,150,8.181783407605312e-8,0.14477436649822187,0.965520248183266
L48T16beta4.18ms0.037265m0.001022,4.18,157.03,48,16,151,8.181794366713218e-8,0.14477456041656772,0.9655215414515009
L48T16beta4.18ms0.037265m0.001022,4.18,157.03,48,16,152,8.181805325821126e-8,0.1447747543349136,0.9655228347197359
L48T16beta4.18ms0.037265m0.001022,4.18,157.03,48,16,153,8.181816284929033e-8,0.14477494825325946,0.9655241279879708
L48T16beta4.18ms0.037265m0.001022,4.18,157.03,48,16,154,8.18182724403694e-8,0.14477514217160534,0.9655254212562058
L48T16beta4.18ms0.037265m0.001022,4.18,157.03,48,16,155,8.181838203144847e-8,0.1447753360899512,0.9655267145244407
L48T16beta4.18ms0.037265m0.001022,4.18,157.03,48,16,156,8.181849162252753e-8,0.14477553000829704,0.9655280077926757
L48T16beta4.18ms0.037265m0.001022,4.18,157.03,48,16,157,8.181860121360662e-8,0.14477572392664292,0.9655293010609106
L48T16beta4.18ms0.037265m0.001022,4.18,157.03,48,16,158,8.181871080468567e-8,0.14477591784498878,0.9655305943291456
L48T16beta4.18ms0.037265m0.001022,4.18,157.03,48,16,159,8.181882039576474e-8,0.14477611176333463,0.9655318875973805
L48T16beta4.18ms0.037265m0.001022,4.18,157.03,48,16,160,8.181892998684383e-8,0.1447763056816805,0.9655331808656153
L48T16beta4.18ms0.037265m0.001022,4.18,157.03,48,16,161,8.181903957792289e-8,0.14477649960002636,0.9655344741338503
L48T16beta4.18ms0.037265m0.001022,4.18,157.03,48,16,162,8.181914916900197e-8,0.14477669351837225,0.9655357674020852
L48T16beta4.18ms0.037265m0.001022,4.18,157.03,48,16,163,8.181925876008103e-8,0.1447768874367181,0.9655370606703202
L48T16beta4.18ms0.037265m0.001022,4.18,157.03,48,16,164,8.18193683511601e-8,0.14477708135506395,0.9655383539385551
L48T16beta4.18ms0.037265m0.001022,4.18,157.03,48,16,165,8.181947794223917e-8,0.14477727527340983,0.9655396472067901
L48T16beta4.18ms0.037265m0.001022,4.18,157.03,48,16,166,8.181958753331824e-8,0.1447774691917557,0.965540940475025
L48T16beta4.18ms0.037265m0.001022,4.18,157.03,48,16,167,8.181969712439731e-8,0.14477766311010157,0.96554223374326
L48T16beta4.18ms0.037265m0.001022,4.18,157.03,48,16,168,8.181980671547638e-8,0.14477785702844742,0.9655435270114949
L48T16beta4.18ms0.037265m0.001022,4.18,157.03,48,16,169,8.181991630655544e-8,0.14477805094679327,0.9655448202797299
L48T16beta4.18ms0.037265m0.001022,4.18,157.03,48,16,170,8.182002589763452e-8,0.14477824486513916,0.9655461135479648
L48T16beta4.18ms0.037265m0.001022,4.18,157.03,48,16,171,8.182013548871359e-8,0.144778438783485,0.9655474068161998
L48T16beta4.18ms0.037265m0.001022,4.18,157.03,48,16,172,8.182024507979266e-8,0.1447786327018309,0.9655487000844347
L48T16beta4.18ms0.037265m0.001022,4.18,157.03,48,16,173,8.182035467087173e-8,0.14477882662017674,0.9655499933526697
L48T16beta4.18ms0.037265m0.001022,4.18,157.03,48,16,174,8.182046426195079e-8,0.1447790205385226,0.9655512866209046
L48T16beta4.18ms0.037265m0.001022,4.18,157.03,48,16,175,8.182057385302988e-8,0.14477921445686848,0.9655525798891396
L48T16beta4.18ms0.037265m0.001022,4.18,157.03,48,16,176,8.182068344410893e-8,0.14477940837521433,0.9655538731573745
L48T16beta4.18ms0.037265m0.001022,4.18,157.03,48,16,177,8.1820793035188e-8,0.14477960229356018,0.9655551664256093
L48T16beta4.18ms0.037265m0.001022,4.18,157.03,48,16,178,8.182090262626707e-8,0.14477979621190606,0.9655564596938443
L48T16beta4.18ms0.037265m0.001022,4.18,157.03,48,16,179,8.182101221734615e-8,0.14477999013025192,0.9655577529620792
L48T16beta4.18ms0.037265m0.001022,4.18,157.03,48,16,180,8.182112180842523e-8,0.1447801840485978,0.9655590462303142
L48T16beta4.18ms0.037265m0.001022,4.18,157.03,48,16,181,8.182123139950429e-8,0.14478037796694365,0.9655603394985491
L48T16beta4.18ms0.037265m0.001022,4.18,157.03,48,16,182,8.182134099058336e-8,0.1447805718852895,0.9655616327667841
L48T16beta4.18ms0.037265m0.001022,4.18,157.03,48,16,183,8.182145058166243e-8,0.1447807658036354,0.965562926035019
L48T16beta4.18ms0.037265m0.001022,4.18,157.03,48,16,184,8.18215601727415e-8,0.14478095972198124,0.965564219303254
L48T16beta4.18ms0.037265m0.001022,4.18,157.03,48,16,185,8.182166976382057e-8,0.14478115364032712,0.9655655125714889
L48T16beta4.18ms0.037265m0.001022,4.18,157.03,48,16,186,8.182177935489964e-8,0.14478134755867297,0.9655668058397239
L48T16beta4.18ms0.037265m0.001022,4.18,157.03,48,16,187,8.18218889459787e-8,0.14478154147701883,0.9655680991079588
L48T16beta4.18ms0.037265m0.001022,4.18,157.03,48,16,188,8.182199853705778e-8,0.1447817353953647,0.9655693923761938
L48T16beta4.18ms0.037265m0.001022,4.18,157.03,48,16,189,8.182210812813685e-8,0.14478192931371056,0.9655706856444287
L48T16beta4.18ms0.037265m0.001022,4.18,157.03,48,16,190,8.182221771921591e-8,0.14478212323205641,0.9655719789126637
L48T16beta4.18ms0.037265m0.001022,4.18,157.03,48,16,191,8.1822327310295e-8,0.1447823171504023,0.9655732721808986
L48T16beta4.18ms0.037265m0.001022,4.18,157.03,48,16,192,8.182243690137405e-8,0.14478251106874815,0.9655745654491336
L48T16beta4.18ms0.037265m0.001022,4.18,157.03,48,16,193,8.182254649245314e-8,0.14478270498709403,0.9655758587173685
L48T16beta4.18ms0.037265m0.001022,4.18,157.03,48,16,194,8.182265608353219e-8,0.14478289890543988,0.9655771519856035
L48T16beta4.18ms0.037265m0.001022,4.18,157.03,48,16,195,8.182276567461126e-8,0.14478309282378574,0.9655784452538383
L48T16beta4.18ms0.037265m0.001022,4.18,157.03,48,16,196,8.182287526569033e-8,0.14478328674213162,0.9655797385220732
L48T16beta4.18ms0.037265m0.001022,4.18,157.03,48,16,197,8.18229848567694e-8,0.14478348066047747,0.9655810317903082
L48T16beta4.18ms0.037265m0.001022,4.18,157.03,48,16,198,8.182309444784849e-8,0.14478367457882335,0.9655823250585431
L48T16beta4.18ms0.037265m0.001022,4.18,157.03,48,16,199,8.182320403892755e-8,0.1447838684971692,0.9655836183267781
L48T16beta4.18ms0.037265m0.001022,4.18,157.03,48,16,200,8.182331363000662e-8,0.14478406241551506,0.965584911595013
L48T16beta4.18ms0.037265m0.001022,4.18,157.03,48,16,201,8.182342322108569e-8,0.14478425633386094,0.965586204863248
L48T16beta4.18ms0.037265m0.001022,4.18,157.03,48,16,202,8.182353281216476e-8,0.1447844502522068,0.9655874981314829
L48T16beta4.18ms0.037265m0.001022,4.18,157.03,48,16,203,8.182364240324383e-8,0.14478464417055267,0.9655887913997179
L48T16beta4.18ms0.037265m0.001022,4.18,157.03,48,16,204,8.18237519943229e-8,0.14478483808889853,0.9655900846679528
L48T16beta4.18ms0.037265m0.001022,4.18,157.03,48,16,205,8.182386158540196e-8,0.14478503200724438,0.9655913779361878
L48T16beta4.18ms0.037265m0.001022,4.18,157.03,48,16,206,8.182397117648104e-8,0.14478522592559026,0.9655926712044227
L48T16beta4.18ms0.037265m0.001022,4.18,157.03,48,16,207,8.18240807675601e-8,0.14478541984393611,0.9655939644726577
L48T16beta4.18ms0.037265m0.001022,4.18,157.03,48,16,208,8.182419035863917e-8,0.14478561376228197,0.9655952577408926
L48T16beta4.18ms0.037265m0.001022,4.18,157.03,48,16,209,8.182429994971825e-8,0.14478580768062785,0.9655965510091276
L48T16beta4.18ms0.037265m0.001022,4.18,157.03,48,16,210,8.182440954079731e-8,0.1447860015989737,0.9655978442773625
L48T16beta4.18ms0.037265m0.001022,4.18,157.03,48,16,211,8.18245191318764e-8,0.14478619551731958,0.9655991375455975
L48T16beta4.18ms0.037265m0.001022,4.18,157.03,48,16,212,8.182462872295545e-8,0.14478638943566544,0.9656004308138323
L48T16beta4.18ms0.037265m0.001022,4.18,157.03,48,16,213,8.182473831403452e-8,0.1447865833540113,0.9656017240820672
L48T16beta4.18ms0.037265m0.001022,4.18,157.03,48,16,214,8.18248479051136e-8,0.14478677727235717,0.9656030173503022
L48T16beta4.18ms0.037265m0.001022,4.18,157.03,48,16,215,8.182495749619266e-8,0.14478697119070302,0.9656043106185371
L48T16beta4.18ms0.037265m0.001022,4.18,157.03,48,16,216,8.182506708727175e-8,0.1447871651090489,0.9656056038867721
L48T16beta4.18ms0.037265m0.001022,4.18,157.03,48,16,217,8.18251766783508e-8,0.14478735902739476,0.965606897155007
L48T16beta4.18ms0.037265m0.001022,4.18,157.03,48,16,218,8.182528626942988e-8,0.1447875529457406,0.965608190423242
L48T16beta4.18ms0.037265m0.001022,4.18,157.03,48,16,219,8.182539586050895e-8,0.1447877468640865,0.9656094836914769
L48T16beta4.18ms0.037265m0.001022,4.18,157.03,48,16,220,8.182550545158802e-8,0.14478794078243234,0.9656107769597119
L48T16beta4.18ms0.037265m0.001022,4.18,157.03,48,16,221,8.182561504266708e-8,0.1447881347007782,0.9656120702279468
L48T16beta4.18ms0.037265m0.001022,4.18,157.03,48,16,222,8.182572463374616e-8,0.14478832861912408,0.9656133634961818
L48T16beta4.18ms0.037265m0.001022,4.18,157.03,48,16,223,8.182583422482522e-8,0.14478852253746993,0.9656146567644167
L48T16beta4.18ms0.037265m0.001022,4.18,157.03,48,16,224,8.18259438159043e-8,0.1447887164558158,0.9656159500326517
L48T16beta4.18ms0.037265m0.001022,4.18,157.03,48,16,225,8.182605340698336e-8,0.14478891037416167,0.9656172433008866
L48T16beta4.18ms0.037265m0.001022,4.18,157.03,48,16,226,8.182616299806243e-8,0.14478910429250752,0.9656185365691216
L48T16beta4.18ms0.037265m0.001022,4.18,157.03,48,16,227,8.182627258914151e-8,0.1447892982108534,0.9656198298373565
L48T16beta4.18ms0.037265m0.001022,4.18,157.03,48,16,228,8.182638218022057e-8,0.14478949212919925,0.9656211231055915
L48T16beta4.18ms0.037265m0.001022,4.18,157.03,48,16,229,8.182649177129965e-8,0.14478968604754514,0.9656224163738263
L48T16beta4.18ms0.037265m0.001022,4.18,157.03,48,16,230,8.182660136237871e-8,0.144789879965891,0.9656237096420612
L48T16beta4.18ms0.037265m0.001022,4.18,157.03,48,16,231,8.182671095345778e-8,0.14479007388423684,0.9656250029102962
L48T16beta4.18ms0.037265m0.001022,4.18,157.03,48,16,232,8.182682054453685e-8,0.14479026780258272,0.9656262961785311
L48T16beta4.18ms0.037265m0.001022,4.18,157.03,48,16,233,8.182693013561592e-8,0.14479046172092858,0.9656275894467661
L48T16beta4.18ms0.037265m0.001022,4.18,157.03,48,16,234,8.182703972669498e-8,0.14479065563927443,0.965628882715001
L48T16beta4.18ms0.037265m0.001022,4.18,157.03,48,16,235,8.182714931777406e-8,0.1447908495576203,0.965630175983236
L48T16beta4.18ms0.037265m0.001022,4.18,157.03,48,16,236,8.182725890885312e-8,0.14479104347596616,0.9656314692514709
L48T16beta4.18ms0.037265m0.001022,4.18,157.03,48,16,237,8.18273684999322e-8,0.14479123739431204,0.9656327625197059
L48T16beta4.18ms0.037265m0.001022,4.18,157.03,48,16,238,8.182747809101128e-8,0.1447914313126579,0.9656340557879408
L48T16beta4.18ms0.037265m0.001022,4.18,157.03,48,16,239,8.182758768209033e-8,0.14479162523100375,0.9656353490561758
L48T16beta4.18ms0.037265m0.001022,4.18,157.03,48,16,240,8.182769727316942e-8,0.14479181914934963,0.9656366423244107
L48T16beta4.18ms0.037265m0.001022,4.18,157.03,48,16,241,8.182780686424848e-8,0.14479201306769549,0.9656379355926457
L48T16beta4.18ms0.037265m0.001022,4.18,157.03,48,16,242,8.182791645532756e-8,0.14479220698604137,0.9656392288608806
L48T16beta4.18ms0.037265m0.001022,4.18,157.03,48,16,243,8.182802604640662e-8,0.14479240090438722,0.9656405221291156
L48T16beta4.18ms0.037265m0.001022,4.18,157.03,48,16,244,8.182813563748569e-8,0.14479259482273307,0.9656418153973505
L48T16beta4.18ms0.037265m0.001022,4.18,157.03,48,16,245,8.182824522856477e-8,0.14479278874107895,0.9656431086655854
L48T16beta4.18ms0.037265m0.001022,4.18,157.03,48,16,246,8.182835481964383e-8,0.1447929826594248,0.9656444019338203
L48T16beta4.18ms0.037265m0.001022,4.18,157.03,48,16,247,8.182846441072291e-8,0.1447931765777707,0.9656456952020552
L48T16beta4.18ms0.037265m0.001022,4.18,157.03,48,16,248,8.182857400180197e-8,0.14479337049611654,0.9656469884702902
L48T16beta4.18ms0.037265m0.001022,4.18,157.03,48,16,249,8.182868359288104e-8,0.1447935644144624,0.9656482817385251
L48T16beta4.18ms0.037265m0.001022,4.18,157.03,48,16,250,8.182879318396011e-8,0.14479375833280828,0.9656495750067601
L48T16beta4.18ms0.037265m0.001022,4.18,157.03,48,16,251,8.182890277503918e-8,0.14479395225115413,0.965650868274995
L48T16beta4.18ms0.037265m0.001022,4.18,157.03,48,16,252,8.182901236611824e-8,0.14479414616949998,0.96565216154323
L48T16beta4.18ms0.037265m0.001022,4.18,157.03,48,16,253,8.182912195719732e-8,0.14479434008784586,0.9656534548114649
L48T16beta4.18ms0.037265m0.001022,4.18,157.03,48,16,254,8.182923154827638e-8,0.14479453400619172,0.9656547480796999
L48T16beta4.18ms0.037265m0.001022,4.18,157.03,48,16,255,8.182934113935547e-8,0.1447947279245376,0.9656560413479348
L48T16beta4.18ms0.037265m0.001022,4.18,157.03,48,16,256,8.182945073043454e-8,0.14479492184288345,0.9656573346161698
L48T16beta4.18ms0.037265m0.001022,4.18,157.03,48,16,257,8.18295603215136e-8,0.1447951157612293,0.9656586278844047
L48T16beta4.18ms0.037265m0.001022,4.18,157.03,48,16,258,8.182966991259268e-8,0.14479530967957518,0.9656599211526397
L48T16beta4.18ms0.037265m0.001022,4.18,157.03,48,16,259,8.182977950367174e-8,0.14479550359792104,0.9656612144208746
L48T16beta4.18ms0.037265m0.001022,4.18,157.03,48,16,260,8.182988909475082e-8,0.14479569751626692,0.9656625076891096
L48T16beta4.18ms0.037265m0.001022,4.18,157.03,48,16,261,8.182999868582988e-8,0.14479589143461277,0.9656638009573445
L48T16beta4.18ms0.037265m0.001022,4.18,157.03,48,16,262,8.183010827690895e-8,0.14479608535295863,0.9656650942255794
L48T16beta4.18ms0.037265m0.001022,4.18,157.03,48,16,263,8.183021786798803e-8,0.1447962792713045,0.9656663874938144
L48T16beta4.18ms0.037265m0.001022,4.18,157.03,48,16,264,8.183032745906709e-8,0.14479647318965036,0.9656676807620492
L48T16beta4.18ms0.037265m0.001022,4.18,157.03,48,16,265,8.183043705014615e-8,0.1447966671079962,0.9656689740302842
L48T16beta4.18ms0.037265m0.001022,4.18,157.03,48,16,266,8.183054664122523e-8,0.1447968610263421,0.9656702672985191
L48T16beta4.18ms0.037265m0.001022,4.18,157.03,48,16,267,8.18306562323043e-8,0.14479705494468795,0.9656715605667541
L48T16beta4.18ms0.037265m0.001022,4.18,157.03,48,16,268,8.183076582338337e-8,0.14479724886303383,0.965672853834989
L48T16beta4.18ms0.037265m0.001022,4.18,157.03,48,16,269,8.183087541446244e-8,0.14479744278137968,0.965674147103224
L48T16beta4.18ms0.037265m0.001022,4.18,157.03,48,16,270,8.18309850055415e-8,0.14479763669972553,0.9656754403714589
L48T16beta4.18ms0.037265m0.001022,4.18,157.03,48,16,271,8.183109459662058e-8,0.14479783061807142,0.9656767336396939
L48T16beta4.18ms0.037265m0.001022,4.18,157.03,48,16,272,8.183120418769964e-8,0.14479802453641727,0.9656780269079288
L48T16beta4.18ms0.037265m0.001022,4.18,157.03,48,16,273,8.183131377877873e-8,0.14479821845476315,0.9656793201761638
L48T16beta4.18ms0.037265m0.001022,4.18,157.03,48,16,274,8.18314233698578e-8,0.144798412373109,0.9656806134443987
L48T16beta4.18ms0.037265m0.001022,4.18,157.03,48,16,275,8.183153296093685e-8,0.14479860629145486,0.9656819067126337
L48T16beta4.18ms0.037265m0.001022,4.18,157.03,48,16,276,8.183164255201594e-8,0.14479880020980074,0.9656831999808686
L48T16beta4.18ms0.037265m0.001022,4.18,157.03,48,16,277,8.1831752143095e-8,0.1447989941281466,0.9656844932491035
L48T16beta4.18ms0.037265m0.001022,4.18,157.03,48,16,278,8.183186173417407e-8,0.14479918804649244,0.9656857865173385
L48T16beta4.18ms0.037265m0.001022,4.18,157.03,48,16,279,8.183197132525314e-8,0.14479938196483833,0.9656870797855734
L48T16beta4.18ms0.037265m0.001022,4.18,157.03,48,16,280,8.183208091633221e-8,0.14479957588318418,0.9656883730538084
L48T16beta4.18ms0.037265m0.001022,4.18,157.03,48,16,281,8.183219050741128e-8,0.14479976980153006,0.9656896663220432
L48T16beta4.18ms0.037265m0.001022,4.18,157.03,48,16,282,8.183230009849035e-8,0.1447999637198759,0.9656909595902782
L48T16beta4.18ms0.037265m0.001022,4.18,157.03,48,16,283,8.18324096895694e-8,0.14480015763822177,0.9656922528585131
L48T16beta4.18ms0.037265m0.001022,4.18,157.03,48,16,284,8.183251928064849e-8,0.14480035155656765,0.9656935461267481
L48T16beta4.18ms0.037265m0.001022,4.18,157.03,48,16,285,8.183262887172756e-8,0.1448005454749135,0.965694839394983
L48T16beta4.18ms0.037265m0.001022,4.18,157.03,48,16,286,8.183273846280663e-8,0.14480073939325938,0.965696132663218
L48T16beta4.18ms0.037265m0.001022,4.18,157.03,48,16,287,8.18328480538857e-8,0.14480093331160523,0.9656974259314529
L48T16beta4.18ms0.037265m0.001022,4.18,157.03,48,16,288,8.183295764496476e-8,0.1448011272299511,0.9656987191996879
L48T16beta4.18ms0.037265m0.001022,4.18,157.03,48,16,289,8.183306723604384e-8,0.14480132114829697,0.9657000124679228
L48T16beta4.18ms0.037265m0.001022,4.18,157.03,48,16,290,8.18331768271229e-8,0.14480151506664282,0.9657013057361578
L48T16beta4.18ms0.037265m0.001022,4.18,157.03,48,16,291,8.183328641820198e-8,0.1448017089849887,0.9657025990043927
L48T16beta4.18ms0.037265m0.001022,4.18,157.03,48,16,292,8.183339600928106e-8,0.14480190290333456,0.9657038922726277
L48T16beta4.18ms0.037265m0.001022,4.18,157.03,48,16,293,8.183350560036011e-8,0.1448020968216804,0.9657051855408626
L48T16beta4.18ms0.037265m0.001022,4.18,157.03,48,16,294,8.18336151914392e-8,0.1448022907400263,0.9657064788090975
L48T16beta4.18ms0.037265m0.001022,4.18,157.03,48,16,295,8.183372478251825e-8,0.14480248465837214,0.9657077720773325
L48T16beta4.18ms0.037265m0.001022,4.18,157.03,48,16,296,8.183383437359732e-8,0.144802678576718,0.9657090653455674
L48T16beta4.18ms0.037265m0.001022,4.18,157.03,48,16,297,8.18339439646764e-8,0.14480287249506388,0.9657103586138024
L48T16beta4.18ms0.037265m0.001022,4.18,157.03,48,16,298,8.183405355575547e-8,0.14480306641340973,0.9657116518820372
L48T16beta4.18ms0.037265m0.001022,4.18,157.03,48,16,299,8.183416314683454e-8,0.1448032603317556,0.9657129451502722
L48T16beta4.18ms0.037265m0.001022,4.18,157.03,48,16,300,8.183427273791361e-8,0.14480345425010147,0.9657142384185071
L48T16beta4.18ms0.037265m0.001022,4.18,157.03,48,16,301,8.183438232899267e-8,0.14480364816844732,0.9657155316867421
L48T16beta4.18ms0.037265m0.001022,4.18,157.03,48,16,302,8.183449192007175e-8,0.1448038420867932,0.965716824954977
L48T16beta4.18ms0.037265m0.001022,4.18,157.03,48,16,303,8.183460151115082e-8,0.14480403600513905,0.965718118223212
L48T16beta4.18ms0.037265m0.001022,4.18,157.03,48,16,304,8.183471110222989e-8,0.14480422992348493,0.9657194114914469
L48T16beta4.18ms0.037265m0.001022,4.18,157.03,48,16,305,8.183482069330896e-8,0.1448044238418308,0.9657207047596819
L48T16beta4.18ms0.037265m0.001022,4.18,157.03,48,16,306,8.183493028438802e-8,0.14480461776017664,0.9657219980279168
L48T16beta4.18ms0.037265m0.001022,4.18,157.03,48,16,307,8.18350398754671e-8,0.14480481167852252,0.9657232912961518
L48T16beta4.18ms0.037265m0.001022,4.18,157.03,48,16,308,8.183514946654616e-8,0.14480500559686837,0.9657245845643867
L48T16beta4.18ms0.037265m0.001022,4.18,157.03,48,16,309,8.183525905762523e-8,0.14480519951521423,0.9657258778326216
L48T16beta4.18ms0.037265m0.001022,4.18,157.03,48,16,310,8.18353686487043e-8,0.1448053934335601,0.9657271711008566
L48T16beta4.18ms0.037265m0.001022,4.18,157.03,48,16,311,8.183547823978337e-8,0.14480558735190596,0.9657284643690915
L48T16beta4.18ms0.037265m0.001022,4.18,157.03,48,16,312,8.183558783086246e-8,0.14480578127025184,0.9657297576373265
L48T16beta4.18ms0.037265m0.001022,4.18,157.03,48,16,313,8.183569742194151e-8,0.1448059751885977,0.9657310509055614
L48T16beta4.18ms0.037265m0.001022,4.18,157.03,48,16,314,8.183580701302058e-8,0.14480616910694355,0.9657323441737964
L48T16beta4.18ms0.037265m0.001022,4.18,157.03,48,16,315,8.183591660409965e-8,0.14480636302528943,0.9657336374420312
L48T16beta4.18ms0.037265m0.001022,4.18,157.03,48,16,316,8.183602619517873e-8,0.14480655694363528,0.9657349307102662
L48T16beta4.18ms0.037265m0.001022,4.18,157.03,48,16,317,8.18361357862578e-8,0.14480675086198116,0.9657362239785011
L48T16beta4.18ms0.037265m0.001022,4.18,157.03,48,16,318,8.183624537733687e-8,0.14480694478032702,0.9657375172467361
L48T16beta4.18ms0.037265m0.001022,4.18,157.03,48,16,319,8.183635496841592e-8,0.14480713869867287,0.965738810514971
L48T16beta4.18ms0.037265m0.001022,4.18,157.03,48,16,320,8.183646455949501e-8,0.14480733261701875,0.965740103783206
L48T16beta4.18ms0.037265m0.001022,4.18,157.03,48,16,321,8.183657415057408e-8,0.1448075265353646,0.9657413970514409
L48T16beta4.18ms0.037265m0.001022,4.18,157.03,48,16,322,8.183668374165315e-8,0.1448077204537105,0.9657426903196759
L48T16beta4.18ms0.037265m0.001022,4.18,157.03,48,16,323,8.183679333273222e-8,0.14480791437205634,0.9657439835879108
L48T16beta4.18ms0.037265m0.001022,4.18,157.03,48,16,324,8.183690292381128e-8,0.1448081082904022,0.9657452768561458
L48T16beta4.18ms0.037265m0.001022,4.18,157.03,48,16,325,8.183701251489036e-8,0.14480830220874807,0.9657465701243807
L48T16beta4.18ms0.037265m0.001022,4.18,157.03,48,16,326,8.183712210596942e-8,0.14480849612709393,0.9657478633926156
L48T16beta4.18ms0.037265m0.001022,4.18,157.03,48,16,327,8.183723169704849e-8,0.14480869004543978,0.9657491566608506
L48T16beta4.18ms0.037265m0.001022,4.18,157.03,48,16,328,8.183734128812756e-8,0.14480888396378566,0.9657504499290855
L48T16beta4.18ms0.037265m0.001022,4.18,157.03,48,16,329,8.183745087920663e-8,0.14480907788213151,0.9657517431973205
L48T16beta4.18ms0.037265m0.001022,4.18,157.03,48,16,330,8.183756047028572e-8,0.1448092718004774,0.9657530364655554
L48T16beta4.18ms0.037265m0.001022,4.18,157.03,48,16,331,8.183767006136477e-8,0.14480946571882325,0.9657543297337904
L48T16beta4.18ms0.037265m0.001022,4.18,157.03,48,16,332,8.183777965244384e-8,0.1448096596371691,0.9657556230020253
L48T16beta4.18ms0.037265m0.001022,4.18,157.03,48,16,333,8.183788924352291e-8,0.14480985355551498,0.9657569162702602
L48T16beta4.18ms0.037265m0.001022,4.18,157.03,48,16,334,8.183799883460199e-8,0.14481004747386084,0.9657582095384951
L48T16beta4.18ms0.037265m0.001022,4.18,157.03,48,16,335,8.183810842568106e-8,0.14481024139220672,0.9657595028067301
L48T16beta4.18ms0.037265m0.001022,4.18,157.03,48,16,336,8.183821801676013e-8,0.14481043531055257,0.965760796074965
L48T16beta4.18ms0.037265m0.001022,4.18,157.03,48,16,337,8.183832760783918e-8,0.14481062922889842,0.9657620893432
L48T16beta4.18ms0.037265m0.001022,4.18,157.03,48,16,338,8.183843719891827e-8,0.1448108231472443,0.9657633826114349
L48T16beta4.18ms0.037265m0.001022,4.18,157.03,48,16,339,8.183854678999733e-8,0.14481101706559016,0.9657646758796699
L48T16beta4.18ms0.037265m0.001022,4.18,157.03,48,16,340,8.18386563810764e-8,0.144811210983936,0.9657659691479048
L48T16beta4.18ms0.037265m0.001022,4.18,157.03,48,16,341,8.183876597215548e-8,0.1448114049022819,0.9657672624161397
L48T16beta4.18ms0.037265m0.001022,4.18,157.03,48,16,342,8.183887556323454e-8,0.14481159882062775,0.9657685556843747
L48T16beta4.18ms0.037265m0.001022,4.18,157.03,48,16,343,8.183898515431362e-8,0.14481179273897363,0.9657698489526096
L48T16beta4.18ms0.037265m0.001022,4.18,157.03,48,16,344,8.183909474539268e-8,0.14481198665731948,0.9657711422208446
L48T16beta4.18ms0.037265m0.001022,4.18,157.03,48,16,345,8.183920433647175e-8,0.14481218057566533,0.9657724354890795
L48T16beta4.18ms0.037265m0.001022,4.18,157.03,48,16,346,8.183931392755082e-8,0.14481237449401121,0.9657737287573145
L48T16beta4.18ms0.037265m0.001022,4.18,157.03,48,16,347,8.183942351862989e-8,0.14481256841235707,0.9657750220255494
L48T16beta4.18ms0.037265m0.001022,4.18,157.03,48,16,348,8.183953310970897e-8,0.14481276233070295,0.9657763152937844
L48T16beta4.18ms0.037265m0.001022,4.18,157.03,48,16,349,8.183964270078803e-8,0.1448129562490488,0.9657776085620193
L48T16beta4.18ms0.037265m0.001022,4.18,157.03,48,16,350,8.18397522918671e-8,0.14481315016739466,0.9657789018302542
L48T16beta4.18ms0.037265m0.001022,4.18,157.03,48,16,351,8.183986188294617e-8,0.14481334408574054,0.9657801950984891
L48T16beta4.18ms0.037265m0.001022,4.18,157.03,48,16,352,8.183997147402524e-8,0.1448135380040864,0.9657814883667241
L48T16beta4.18ms0.037265m0.001022,4.18,157.03,48,16,353,8.18400810651043e-8,0.14481373192243224,0.965782781634959
L48T16beta4.18ms0.037265m0.001022,4.18,157.03,48,16,354,8.184019065618339e-8,0.14481392584077812,0.965784074903194
L48T16beta4.18ms0.037265m0.001022,4.18,157.03,48,16,355,8.184030024726244e-8,0.14481411975912398,0.9657853681714289
L48T16beta4.18ms0.037265m0.001022,4.18,157.03,48,16,356,8.184040983834153e-8,0.14481431367746986,0.9657866614396639
L48T16beta4.18ms0.037265m0.001022,4.18,157.03,48,16,357,8.184051942942058e-8,0.1448145075958157,0.9657879547078988
L48T16beta4.18ms0.037265m0.001022,4.18,157.03,48,16,358,8.184062902049966e-8,0.14481470151416156,0.9657892479761337
L48T16beta4.18ms0.037265m0.001022,4.18,157.03,48,16,359,8.184073861157874e-8,0.14481489543250745,0.9657905412443687
L48T16beta4.18ms0.037265m0.001022,4.18,157.03,48,16,360,8.18408482026578e-8,0.1448150893508533,0.9657918345126036
L48T16beta4.18ms0.037265m0.001022,4.18,157.03,48,16,361,8.184095779373688e-8,0.14481528326919918,0.9657931277808386
L48T16beta4.18ms0.037265m0.001022,4.18,157.03,48,16,362,8.184106738481594e-8,0.14481547718754503,0.9657944210490735
L48T16beta4.18ms0.037265m0.001022,4.18,157.03,48,16,363,8.184117697589501e-8,0.1448156711058909,0.9657957143173085
L48T16beta4.18ms0.037265m0.001022,4.18,157.03,48,16,364,8.184128656697408e-8,0.14481586502423677,0.9657970075855434
L48T16beta4.18ms0.037265m0.001022,4.18,157.03,48,16,365,8.184139615805315e-8,0.14481605894258262,0.9657983008537784
L48T16beta4.18ms0.037265m0.001022,4.18,157.03,48,16,366,8.184150574913223e-8,0.1448162528609285,0.9657995941220133
L48T16beta4.18ms0.037265m0.001022,4.18,157.03,48,16,367,8.184161534021129e-8,0.14481644677927435,0.9658008873902482
L48T16beta4.18ms0.037265m0.001022,4.18,157.03,48,16,368,8.184172493129035e-8,0.1448166406976202,0.9658021806584831
L48T16beta4.18ms0.037265m0.001022,4.18,157.03,48,16,369,8.184183452236943e-8,0.1448168346159661,0.9658034739267181
L48T16beta4.18ms0.037265m0.001022,4.18,157.03,48,16,370,8.18419441134485e-8,0.14481702853431194,0.965804767194953
L48T16beta4.18ms0.037265m0.001022,4.18,157.03,48,16,371,8.184205370452756e-8,0.1448172224526578,0.965806060463188
L48T16beta4.18ms0.037265m0.001022,4.18,157.03,48,16,372,8.184216329560665e-8,0.14481741637100368,0.9658073537314229
L48T16beta4.18ms0.037265m0.001022,4.18,157.03,48,16,373,8.18422728866857e-8,0.14481761028934953,0.9658086469996578
L48T16beta4.18ms0.037265m0.001022,4.18,157.03,48,16,374,8.184238247776479e-8,0.1448178042076954,0.9658099402678928
L48T16beta4.18ms0.037265m0.001022,4.18,157.03,48,16,375,8.184249206884384e-8,0.14481799812604126,0.9658112335361277
L48T16beta4.18ms0.037265m0.001022,4.18,157.03,48,16,376,8.184260165992291e-8,0.14481819204438712,0.9658125268043627
L48T16beta4.18ms0.037265m0.001022,4.18,157.03,48,16,377,8.1842711251002e-8,0.144818385962733,0.9658138200725976
L48T16beta4.18ms0.037265m0.001022,4.18,157.03,48,16,378,8.184282084208106e-8,0.14481857988107885,0.9658151133408326
L48T16beta4.18ms0.037265m0.001022,4.18,157.03,48,16,379,8.184293043316014e-8,0.14481877379942473,0.9658164066090675
L48T16beta4.18ms0.037265m0.001022,4.18,157.03,48,16,380,8.18430400242392e-8,0.14481896771777059,0.9658176998773025
L48T16beta4.18ms0.037265m0.001022,4.18,157.03,48,16,381,8.184314961531827e-8,0.14481916163611644,0.9658189931455374
L48T16beta4.18ms0.037265m0.001022,4.18,157.03,48,16,382,8.184325920639734e-8,0.14481935555446232,0.9658202864137724
L48T16beta4.18ms0.037265m0.001022,4.18,157.03,48,16,383,8.184336879747641e-8,0.14481954947280817,0.9658215796820073
L48T16beta4.18ms0.037265m0.001022,4.18,157.03,48,16,384,8.184347838855547e-8,0.14481974339115403,0.9658228729502422
L48T16beta4.18ms0.037265m0.001022,4.18,157.03,48,16,385,8.184358797963455e-8,0.1448199373094999,0.9658241662184771
L48T16beta4.18ms0.037265m0.001022,4.18,157.03,48,16,386,8.184369757071361e-8,0.14482013122784576,0.9658254594867121
L48T16beta4.18ms0.037265m0.001022,4.18,157.03,48,16,387,8.184380716179269e-8,0.14482032514619164,0.965826752754947
L48T16beta4.18ms0.037265m0.001022,4.18,157.03,48,16,388,8.184391675287176e-8,0.1448205190645375,0.965828046023182
L48T16beta4.18ms0.037265m0.001022,4.18,157.03,48,16,389,8.184402634395082e-8,0.14482071298288335,0.9658293392914169
L48T16beta4.18ms0.037265m0.001022,4.18,157.03,48,16,390,8.18441359350299e-8,0.14482090690122923,0.9658306325596518
L48T16beta4.18ms0.037265m0.001022,4.18,157.03,48,16,391,8.184424552610896e-8,0.14482110081957508,0.9658319258278868
L48T16beta4.18ms0.037265m0.001022,4.18,157.03,48,16,392,8.184435511718805e-8,0.14482129473792096,0.9658332190961217
L48T16beta4.18ms0.037265m0.001022,4.18,157.03,48,16,393,8.18444647082671e-8,0.14482148865626682,0.9658345123643567
L48T16beta4.18ms0.037265m0.001022,4.18,157.03,48,16,394,8.184457429934617e-8,0.14482168257461267,0.9658358056325916
L48T16beta4.18ms0.037265m0.001022,4.18,157.03,48,16,395,8.184468389042526e-8,0.14482187649295855,0.9658370989008266
L48T16beta4.18ms0.037265m0.001022,4.18,157.03,48,16,396,8.184479348150432e-8,0.1448220704113044,0.9658383921690615
L48T16beta4.18ms0.037265m0.001022,4.18,157.03,48,16,397,8.184490307258337e-8,0.14482226432965026,0.9658396854372965
L48T16beta4.18ms0.037265m0.001022,4.18,157.03,48,16,398,8.184501266366246e-8,0.14482245824799614,0.9658409787055314
L48T16beta4.18ms0.037265m0.001022,4.18,157.03,48,16,399,8.184512225474153e-8,0.144822652166342,0.9658422719737664
L48T16beta4.18ms0.037265m0.001022,4.18,157.03,48,16,400,8.18452318458206e-8,0.14482284608468787,0.9658435652420013
L48T16beta4.18ms0.037265m0.001022,4.18,157.03,48,16,401,8.184534143689967e-8,0.14482304000303373,0.9658448585102363
L48T16beta4.18ms0.037265m0.001022,4.18,157.03,48,16,402,8.184545102797873e-8,0.14482323392137958,0.9658461517784711
L48T16beta4.18ms0.037265m0.001022,4.18,157.03,48,16,403,8.184556061905781e-8,0.14482342783972546,0.965847445046706
L48T16beta4.18ms0.037265m0.001022,4.18,157.03,48,16,404,8.184567021013687e-8,0.1448236217580713,0.965848738314941
L48T16beta4.18ms0.037265m0.001022,4.18,157.03,48,16,405,8.184577980121595e-8,0.1448238156764172,0.965850031583176
L48T16beta4.18ms0.037265m0.001022,4.18,157.03,48,16,406,8.184588939229502e-8,0.14482400959476305,0.9658513248514109
L48T16beta4.18ms0.037265m0.001022,4.18,157.03,48,16,407,8.184599898337408e-8,0.1448242035131089,0.9658526181196458
L48T16beta4.18ms0.037265m0.001022,4.18,157.03,48,16,408,8.184610857445316e-8,0.14482439743145478,0.9658539113878808
L48T16beta4.18ms0.037265m0.001022,4.18,157.03,48,16,409,8.184621816553222e-8,0.14482459134980064,0.9658552046561157
L48T16beta4.18ms0.037265m0.001022,4.18,157.03,48,16,410,8.18463277566113e-8,0.14482478526814652,0.9658564979243507
L48T16beta4.18ms0.037265m0.001022,4.18,157.03,48,16,411,8.184643734769036e-8,0.14482497918649237,0.9658577911925856
L48T16beta4.18ms0.037265m0.001022,4.18,157.03,48,16,412,8.184654693876943e-8,0.14482517310483822,0.9658590844608206
L48T16beta4.18ms0.037265m0.001022,4.18,157.03,48,16,413,8.18466565298485e-8,0.1448253670231841,0.9658603777290555
L48T16beta4.18ms0.037265m0.001022,4.18,157.03,48,16,414,8.184676612092758e-8,0.14482556094152996,0.9658616709972905
L48T16beta4.18ms0.037265m0.001022,4.18,157.03,48,16,415,8.184687571200663e-8,0.1448257548598758,0.9658629642655254
L48T16beta4.18ms0.037265m0.001022,4.18,157.03,48,16,416,8.184698530308572e-8,0.1448259487782217,0.9658642575337604
L48T16beta4.18ms0.037265m0.001022,4.18,157.03,48,16,417,8.184709489416479e-8,0.14482614269656754,0.9658655508019953
L48T16beta4.18ms0.037265m0.001022,4.18,157.03,48,16,418,8.184720448524386e-8,0.14482633661491343,0.9658668440702303
L48T16beta4.18ms0.037265m0.001022,4.18,157.03,48,16,419,8.184731407632293e-8,0.14482653053325928,0.9658681373384651
L48T16beta4.18ms0.037265m0.001022,4.18,157.03,48,16,420,8.184742366740199e-8,0.14482672445160513,0.9658694306067
L48T16beta4.18ms0.037265m0.001022,4.18,157.03,48,16,421,8.184753325848107e-8,0.144826918369951,0.965870723874935
L48T16beta4.18ms0.037265m0.001022,4.18,157.03,48,16,422,8.184764284956013e-8,0.14482711228829687,0.96587201714317
L48T16beta4.18ms0.037265m0.001022,4.18,157.03,48,16,423,8.184775244063921e-8,0.14482730620664275,0.9658733104114049
L48T16beta4.18ms0.037265m0.001022,4.18,157.03,48,16,424,8.184786203171828e-8,0.1448275001249886,0.9658746036796398
L48T16beta4.18ms0.037265m0.001022,4.18,157.03,48,16,425,8.184797162279734e-8,0.14482769404333445,0.9658758969478748
L48T16beta4.18ms0.037265m0.001022,4.18,157.03,48,16,426,8.184808121387642e-8,0.14482788796168033,0.9658771902161097
L48T16beta4.18ms0.037265m0.001022,4.18,157.03,48,16,427,8.184819080495548e-8,0.1448280818800262,0.9658784834843447
L48T16beta4.18ms0.037265m0.001022,4.18,157.03,48,16,428,8.184830039603455e-8,0.14482827579837204,0.9658797767525796
L48T16beta4.18ms0.037265m0.001022,4.18,157.03,48,16,429,8.184840998711362e-8,0.14482846971671792,0.9658810700208146
L48T16beta4.18ms0.037265m0.001022,4.18,157.03,48,16,430,8.184851957819269e-8,0.14482866363506378,0.9658823632890495
L48T16beta4.18ms0.037265m0.001022,4.18,157.03,48,16,431,8.184862916927176e-8,0.14482885755340966,0.9658836565572845
L48T16beta4.18ms0.037265m0.001022,4.18,157.03,48,16,432,8.184873876035083e-8,0.1448290514717555,0.9658849498255194
L48T16beta4.18ms0.037265m0.001022,4.18,157.03,48,16,433,8.184884835142989e-8,0.14482924539010136,0.9658862430937544
L48T16beta4.18ms0.037265m0.001022,4.18,157.03,48,16,434,8.184895794250898e-8,0.14482943930844724,0.9658875363619893
L48T16beta4.18ms0.037265m0.001022,4.18,157.03,48,16,435,8.184906753358805e-8,0.1448296332267931,0.9658888296302243
L48T16beta4.18ms0.037265m0.001022,4.18,157.03,48,16,436,8.184917712466712e-8,0.14482982714513898,0.9658901228984591
L48T16beta4.18ms0.037265m0.001022,4.18,157.03,48,16,437,8.184928671574619e-8,0.14483002106348483,0.965891416166694
L48T16beta4.18ms0.037265m0.001022,4.18,157.03,48,16,438,8.184939630682525e-8,0.14483021498183068,0.965892709434929
L48T16beta4.18ms0.037265m0.001022,4.18,157.03,48,16,439,8.184950589790433e-8,0.14483040890017657,0.965894002703164
L48T16beta4.18ms0.037265m0.001022,4.18,157.03,48,16,440,8.184961548898339e-8,0.14483060281852242,0.9658952959713989
L48T16beta4.18ms0.037265m0.001022,4.18,157.03,48,16,441,8.184972508006247e-8,0.1448307967368683,0.9658965892396338
L48T16beta4.18ms0.037265m0.001022,4.18,157.03,48,16,442,8.184983467114153e-8,0.14483099065521415,0.9658978825078688
L48T16beta4.18ms0.037265m0.001022,4.18,157.03,48,16,443,8.18499442622206e-8,0.14483118457356,0.9658991757761037
L48T16beta4.18ms0.037265m0.001022,4.18,157.03,48,16,444,8.185005385329968e-8,0.1448313784919059,0.9659004690443387
L48T16beta4.18ms0.037265m0.001022,4.18,157.03,48,16,445,8.185016344437874e-8,0.14483157241025174,0.9659017623125736
L48T16beta4.18ms0.037265m0.001022,4.18,157.03,48,16,446,8.185027303545781e-8,0.1448317663285976,0.9659030555808086
L48T16beta4.18ms0.037265m0.001022,4.18,157.03,48,16,447,8.185038262653688e-8,0.14483196024694348,0.9659043488490435
L48T16beta4.18ms0.037265m0.001022,4.18,157.03,48,16,448,8.185049221761595e-8,0.14483215416528933,0.9659056421172785
L48T16beta4.18ms0.037265m0.001022,4.18,157.03,48,16,449,8.185060180869502e-8,0.1448323480836352,0.9659069353855134
L48T16beta4.18ms0.037265m0.001022,4.18,157.03,48,16,450,8.18507113997741e-8,0.14483254200198106,0.9659082286537484
L48T16beta4.18ms0.037265m0.001022,4.18,157.03,48,16,451,8.185082099085315e-8,0.14483273592032692,0.9659095219219833
L48T16beta4.18ms0.037265m0.001022,4.18,157.03,48,16,452,8.185093058193224e-8,0.1448329298386728,0.9659108151902183
L48T16beta4.18ms0.037265m0.001022,4.18,157.03,48,16,453,8.18510401730113e-8,0.14483312375701865,0.9659121084584531
L48T16beta4.18ms0.037265m0.001022,4.18,157.03,48,16,454,8.185114976409038e-8,0.14483331767536453,0.965913401726688
L48T16beta4.18ms0.037265m0.001022,4.18,157.03,48,16,455,8.185125935516945e-8,0.14483351159371038,0.965914694994923
L48T16beta4.18ms0.037265m0.001022,4.18,157.03,48,16,456,8.18513689462485e-8,0.14483370551205624,0.9659159882631579
L48T16beta4.18ms0.037265m0.001022,4.18,157.03,48,16,457,8.185147853732759e-8,0.14483389943040212,0.9659172815313929
L48T16beta4.18ms0.037265m0.001022,4.18,157.03,48,16,458,8.185158812840665e-8,0.14483409334874797,0.9659185747996278
L48T16beta4.18ms0.037265m0.001022,4.18,157.03,48,16,459,8.185169771948572e-8,0.14483428726709383,0.9659198680678628
L48T16beta4.18ms0.037265m0.001022,4.18,157.03,48,16,460,8.185180731056479e-8,0.1448344811854397,0.9659211613360977
L48T16beta4.18ms0.037265m0.001022,4.18,157.03,48,16,461,8.185191690164386e-8,0.14483467510378556,0.9659224546043327
L48T16beta4.18ms0.037265m0.001022,4.18,157.03,48,16,462,8.185202649272294e-8,0.14483486902213144,0.9659237478725676
L48T16beta4.18ms0.037265m0.001022,4.18,157.03,48,16,463,8.1852136083802e-8,0.1448350629404773,0.9659250411408026
L48T16beta4.18ms0.037265m0.001022,4.18,157.03,48,16,464,8.185224567488107e-8,0.14483525685882315,0.9659263344090375
L48T16beta4.18ms0.037265m0.001022,4.18,157.03,48,16,465,8.185235526596014e-8,0.14483545077716903,0.9659276276772725
L48T16beta4.18ms0.037265m0.001022,4.18,157.03,48,16,466,8.185246485703921e-8,0.14483564469551488,0.9659289209455074
L48T16beta4.18ms0.037265m0.001022,4.18,157.03,48,16,467,8.185257444811828e-8,0.14483583861386076,0.9659302142137424
L48T16beta4.18ms0.037265m0.001022,4.18,157.03,48,16,468,8.185268403919735e-8,0.14483603253220662,0.9659315074819773
L48T16beta4.18ms0.037265m0.001022,4.18,157.03,48,16,469,8.185279363027641e-8,0.14483622645055247,0.9659328007502123
L48T16beta4.18ms0.037265m0.001022,4.18,157.03,48,16,470,8.18529032213555e-8,0.14483642036889835,0.9659340940184472
L48T16beta4.18ms0.037265m0.001022,4.18,157.03,48,16,471,8.185301281243455e-8,0.1448366142872442,0.965935387286682
L48T16beta4.18ms0.037265m0.001022,4.18,157.03,48,16,472,8.185312240351362e-8,0.14483680820559006,0.965936680554917
L48T16beta4.18ms0.037265m0.001022,4.18,157.03,48,16,473,8.185323199459271e-8,0.14483700212393594,0.9659379738231519
L48T16beta4.18ms0.037265m0.001022,4.18,157.03,48,16,474,8.185334158567176e-8,0.1448371960422818,0.9659392670913869
L48T16beta4.18ms0.037265m0.001022,4.18,157.03,48,16,475,8.185345117675085e-8,0.14483738996062767,0.9659405603596218
L48T16beta4.18ms0.037265m0.001022,4.18,157.03,48,16,476,8.18535607678299e-8,0.14483758387897352,0.9659418536278568
L48T16beta4.18ms0.037265m0.001022,4.18,157.03,48,16,477,8.185367035890898e-8,0.14483777779731938,0.9659431468960917
L48T16beta4.18ms0.037265m0.001022,4.18,157.03,48,16,478,8.185377994998805e-8,0.14483797171566526,0.9659444401643267
L48T16beta4.18ms0.037265m0.001022,4.18,157.03,48,16,479,8.185388954106712e-8,0.1448381656340111,0.9659457334325616
L48T16beta4.18ms0.037265m0.001022,4.18,157.03,48,16,480,8.18539991321462e-8,0.144838359552357,0.9659470267007966
L48T16beta4.18ms0.037265m0.001022,4.18,157.03,48,16,481,8.185410872322526e-8,0.14483855347070285,0.9659483199690315
L48T16beta4.18ms0.037265m0.001022,4.18,157.03,48,16,482,8.185421831430433e-8,0.1448387473890487,0.9659496132372665
L48T16beta4.18ms0.037265m0.001022,4.18,157.03,48,16,483,8.18543279053834e-8,0.14483894130739458,0.9659509065055014
L48T16beta4.18ms0.037265m0.001022,4.18,157.03,48,16,484,8.185443749646247e-8,0.14483913522574043,0.9659521997737364
L48T16beta4.18ms0.037265m0.001022,4.18,157.03,48,16,485,8.185454708754154e-8,0.14483932914408632,0.9659534930419713
L48T16beta4.18ms0.037265m0.001022,4.18,157.03,48,16,486,8.185465667862061e-8,0.14483952306243217,0.9659547863102063
L48T16beta4.18ms0.037265m0.001022,4.18,157.03,48,16,487,8.185476626969967e-8,0.14483971698077802,0.9659560795784412
L48T16beta4.18ms0.037265m0.001022,4.18,157.03,48,16,488,8.185487586077875e-8,0.1448399108991239,0.965957372846676
L48T16beta4.18ms0.037265m0.001022,4.18,157.03,48,16,489,8.185498545185781e-8,0.14484010481746976,0.965958666114911
L48T16beta4.18ms0.037265m0.001022,4.18,157.03,48,16,490,8.185509504293688e-8,0.1448402987358156,0.9659599593831459
L48T16beta4.18ms0.037265m0.001022,4.18,157.03,48,16,491,8.185520463401597e-8,0.1448404926541615,0.9659612526513809
L48T16beta4.18ms0.037265m0.001022,4.18,157.03,48,16,492,8.185531422509502e-8,0.14484068657250734,0.9659625459196158
L48T16beta4.18ms0.037265m0.001022,4.18,157.03,48,16,493,8.185542381617411e-8,0.14484088049085322,0.9659638391878508
L48T16beta4.18ms0.037265m0.001022,4.18,157.03,48,16,494,8.185553340725317e-8,0.14484107440919908,0.9659651324560857
L48T16beta4.18ms0.037265m0.001022,4.18,157.03,48,16,495,8.185564299833224e-8,0.14484126832754493,0.9659664257243207
L48T16beta4.18ms0.037265m0.001022,4.18,157.03,48,16,496,8.18557525894113e-8,0.1448414622458908,0.9659677189925556
L48T16beta4.18ms0.037265m0.001022,4.18,157.03,48,16,497,8.185586218049038e-8,0.14484165616423667,0.9659690122607906
L48T16beta4.18ms0.037265m0.001022,4.18,157.03,48,16,498,8.185597177156946e-8,0.14484185008258255,0.9659703055290255
L48T16beta4.18ms0.037265m0.001022,4.18,157.03,48,16,499,8.185608136264852e-8,0.1448420440009284,0.9659715987972605
L48T16beta4.18ms0.037265m0.001022,4.18,157.03,48,16,500,8.185619095372758e-8,0.14484223791927425,0.9659728920654954
L48T16beta4.18ms0.037265m0.001022,4.18,157.03,48,16,501,8.185630054480666e-8,0.14484243183762013,0.9659741853337304
L48T16beta4.18ms0.037265m0.001022,4.18,157.03,48,16,502,8.185641013588573e-8,0.144842625755966,0.9659754786019653
L48T16beta4.18ms0.037265m0.001022,4.18,157.03,48,16,503,8.185651972696479e-8,0.14484281967431184,0.9659767718702003
L48T16beta4.18ms0.037265m0.001022,4.18,157.03,48,16,504,8.185662931804387e-8,0.14484301359265772,0.9659780651384352
L48T16beta4.18ms0.037265m0.001022,4.18,157.03,48,16,505,8.185673890912293e-8,0.14484320751100357,0.96597935840667
L48T16beta4.18ms0.037265m0.001022,4.18,157.03,48,16,506,8.185684850020201e-8,0.14484340142934946,0.965980651674905
L48T16beta4.18ms0.037265m0.001022,4.18,157.03,48,16,507,8.185695809128107e-8,0.1448435953476953,0.9659819449431399
L48T16beta4.18ms0.037265m0.001022,4.18,157.03,48,16,508,8.185706768236014e-8,0.14484378926604116,0.9659832382113749
L48T16beta4.18ms0.037265m0.001022,4.18,157.03,48,16,509,8.185717727343923e-8,0.14484398318438704,0.9659845314796098
L48T16beta4.18ms0.037265m0.001022,4.18,157.03,48,16,510,8.185728686451828e-8,0.1448441771027329,0.9659858247478448
L48T16beta4.18ms0.037265m0.001022,4.18,157.03,48,16,511,8.185739645559737e-8,0.14484437102107878,0.9659871180160797
L48T16beta4.18ms0.037265m0.001022,4.18,157.03,48,16,512,8.185750604667642e-8,0.14484456493942463,0.9659884112843147
L48T16beta4.18ms0.037265m0.001022,4.18,157.03,48,16,513,8.18576156377555e-8,0.14484475885777048,0.9659897045525496
L48T16beta4.18ms0.037265m0.001022,4.18,157.03,48,16,514,8.185772522883457e-8,0.14484495277611636,0.9659909978207846
L48T16beta4.18ms0.037265m0.001022,4.18,157.03,48,16,515,8.185783481991364e-8,0.14484514669446222,0.9659922910890195
L48T16beta4.18ms0.037265m0.001022,4.18,157.03,48,16,516,8.18579444109927e-8,0.14484534061280807,0.9659935843572545
L48T16beta4.18ms0.037265m0.001022,4.18,157.03,48,16,517,8.185805400207178e-8,0.14484553453115395,0.9659948776254894
L48T16beta4.18ms0.037265m0.001022,4.18,157.03,48,16,518,8.185816359315084e-8,0.1448457284494998,0.9659961708937244
L48T16beta4.18ms0.037265m0.001022,4.18,157.03,48,16,519,8.185827318422992e-8,0.1448459223678457,0.9659974641619593
L48T16beta4.18ms0.037265m0.001022,4.18,157.03,48,16,520,8.185838277530899e-8,0.14484611628619154,0.9659987574301943
L48T16beta4.18ms0.037265m0.001022,4.18,157.03,48,16,521,8.185849236638805e-8,0.1448463102045374,0.9660000506984292
L48T16beta4.18ms0.037265m0.001022,4.18,157.03,48,16,522,8.185860195746713e-8,0.14484650412288327,0.9660013439666641
L48T16beta4.18ms0.037265m0.001022,4.18,157.03,48,16,523,8.185871154854619e-8,0.14484669804122913,0.966002637234899
L48T16beta4.18ms0.037265m0.001022,4.18,157.03,48,16,524,8.185882113962527e-8,0.144846891959575,0.9660039305031339
L48T16beta4.18ms0.037265m0.001022,4.18,157.03,48,16,525,8.185893073070433e-8,0.14484708587792086,0.9660052237713689
L48T16beta4.18ms0.037265m0.001022,4.18,157.03,48,16,526,8.18590403217834e-8,0.14484727979626671,0.9660065170396038
L48T16beta4.18ms0.037265m0.001022,4.18,157.03,48,16,527,8.185914991286248e-8,0.1448474737146126,0.9660078103078388
L48T16beta4.18ms0.037265m0.001022,4.18,157.03,48,16,528,8.185925950394154e-8,0.14484766763295845,0.9660091035760737
L48T16beta4.18ms0.037265m0.001022,4.18,157.03,48,16,529,8.185936909502063e-8,0.14484786155130433,0.9660103968443087
L48T16beta4.18ms0.037265m0.001022,4.18,157.03,48,16,530,8.185947868609968e-8,0.14484805546965018,0.9660116901125436
L48T16beta4.18ms0.037265m0.001022,4.18,157.03,48,16,531,8.185958827717875e-8,0.14484824938799604,0.9660129833807786
L48T16beta4.18ms0.037265m0.001022,4.18,157.03,48,16,532,8.185969786825783e-8,0.14484844330634192,0.9660142766490135
L48T16beta4.18ms0.037265m0.001022,4.18,157.03,48,16,533,8.18598074593369e-8,0.14484863722468777,0.9660155699172485
L48T16beta4.18ms0.037265m0.001022,4.18,157.03,48,16,534,8.185991705041595e-8,0.14484883114303362,0.9660168631854834
L48T16beta4.18ms0.037265m0.001022,4.18,157.03,48,16,535,8.186002664149504e-8,0.1448490250613795,0.9660181564537184
L48T16beta4.18ms0.037265m0.001022,4.18,157.03,48,16,536,8.18601362325741e-8,0.14484921897972536,0.9660194497219533
L48T16beta4.18ms0.037265m0.001022,4.18,157.03,48,16,537,8.186024582365318e-8,0.14484941289807124,0.9660207429901883
L48T16beta4.18ms0.037265m0.001022,4.18,157.03,48,16,538,8.186035541473225e-8,0.1448496068164171,0.9660220362584232
L48T16beta4.18ms0.037265m0.001022,4.18,157.03,48,16,539,8.186046500581131e-8,0.14484980073476295,0.9660233295266581
L48T16beta4.18ms0.037265m0.001022,4.18,157.03,48,16,540,8.186057459689039e-8,0.14484999465310883,0.966024622794893
L48T16beta4.18ms0.037265m0.001022,4.18,157.03,48,16,541,8.186068418796945e-8,0.14485018857145468,0.9660259160631279
L48T16beta4.18ms0.037265m0.001022,4.18,157.03,48,16,542,8.186079377904853e-8,0.14485038248980056,0.9660272093313629
L48T16beta4.18ms0.037265m0.001022,4.18,157.03,48,16,543,8.186090337012759e-8,0.14485057640814641,0.9660285025995978
L48T16beta4.18ms0.037265m0.001022,4.18,157.03,48,16,544,8.186101296120666e-8,0.14485077032649227,0.9660297958678328
L48T16beta4.18ms0.037265m0.001022,4.18,157.03,48,16,545,8.186112255228573e-8,0.14485096424483815,0.9660310891360677
L48T16beta4.18ms0.037265m0.001022,4.18,157.03,48,16,546,8.18612321433648e-8,0.144851158163184,0.9660323824043027
L48T16beta4.18ms0.037265m0.001022,4.18,157.03,48,16,547,8.186134173444386e-8,0.14485135208152985,0.9660336756725376
L48T16beta4.18ms0.037265m0.001022,4.18,157.03,48,16,548,8.186145132552294e-8,0.14485154599987574,0.9660349689407726
L48T16beta4.18ms0.037265m0.001022,4.18,157.03,48,16,549,8.186156091660201e-8,0.1448517399182216,0.9660362622090075
L48T16beta4.18ms0.037265m0.001022,4.18,157.03,48,16,550,8.186167050768108e-8,0.14485193383656747,0.9660375554772425
L48T16beta4.18ms0.037265m0.001022,4.18,157.03,48,16,551,8.186178009876016e-8,0.14485212775491332,0.9660388487454774
L48T16beta4.18ms0.037265m0.001022,4.18,157.03,48,16,552,8.186188968983921e-8,0.14485232167325918,0.9660401420137124
L48T16beta4.18ms0.037265m0.001022,4.18,157.03,48,16,553,8.18619992809183e-8,0.14485251559160506,0.9660414352819473
L48T16beta4.18ms0.037265m0.001022,4.18,157.03,48,16,554,8.186210887199735e-8,0.1448527095099509,0.9660427285501823
L48T16beta4.18ms0.037265m0.001022,4.18,157.03,48,16,555,8.186221846307644e-8,0.1448529034282968,0.9660440218184172
L48T16beta4.18ms0.037265m0.001022,4.18,157.03,48,16,556,8.186232805415551e-8,0.14485309734664265,0.9660453150866521
L48T16beta4.18ms0.037265m0.001022,4.18,157.03,48,16,557,8.186243764523457e-8,0.1448532912649885,0.966046608354887
L48T16beta4.18ms0.037265m0.001022,4.18,157.03,48,16,558,8.186254723631365e-8,0.14485348518333438,0.9660479016231219
L48T16beta4.18ms0.037265m0.001022,4.18,157.03,48,16,559,8.186265682739271e-8,0.14485367910168023,0.9660491948913569
L48T16beta4.18ms0.037265m0.001022,4.18,157.03,48,16,560,8.186276641847179e-8,0.1448538730200261,0.9660504881595918
L48T16beta4.18ms0.037265m0.001022,4.18,157.03,48,16,561,8.186287600955085e-8,0.14485406693837197,0.9660517814278268
L48T16beta4.18ms0.037265m0.001022,4.18,157.03,48,16,562,8.186298560062992e-8,0.14485426085671782,0.9660530746960617
L48T16beta4.18ms0.037265m0.001022,4.18,157.03,48,16,563,8.186309519170899e-8,0.1448544547750637,0.9660543679642967
L48T16beta4.18ms0.037265m0.001022,4.18,157.03,48,16,564,8.186320478278806e-8,0.14485464869340955,0.9660556612325316
L48T16beta4.18ms0.037265m0.001022,4.18,157.03,48,16,565,8.186331437386712e-8,0.1448548426117554,0.9660569545007666
L48T16beta4.18ms0.037265m0.001022,4.18,157.03,48,16,566,8.18634239649462e-8,0.1448550365301013,0.9660582477690015
L48T16beta4.18ms0.037265m0.001022,4.18,157.03,48,16,567,8.186353355602527e-8,0.14485523044844714,0.9660595410372365
L48T16beta4.18ms0.037265m0.001022,4.18,157.03,48,16,568,8.186364314710434e-8,0.14485542436679302,0.9660608343054714
L48T16beta4.18ms0.037265m0.001022,4.18,157.03,48,16,569,8.186375273818341e-8,0.14485561828513888,0.9660621275737064
L48T16beta4.18ms0.037265m0.001022,4.18,157.03,48,16,570,8.186386232926247e-8,0.14485581220348473,0.9660634208419413
L48T16beta4.18ms0.037265m0.001022,4.18,157.03,48,16,571,8.186397192034156e-8,0.1448560061218306,0.9660647141101762
L48T16beta4.18ms0.037265m0.001022,4.18,157.03,48,16,572,8.186408151142061e-8,0.14485620004017646,0.9660660073784112
L48T16beta4.18ms0.037265m0.001022,4.18,157.03,48,16,573,8.18641911024997e-8,0.14485639395852234,0.9660673006466461
L48T16beta4.18ms0.037265m0.001022,4.18,157.03,48,16,574,8.186430069357875e-8,0.1448565878768682,0.966068593914881
L48T16beta4.18ms0.037265m0.001022,4.18,157.03,48,16,575,8.186441028465783e-8,0.14485678179521405,0.9660698871831159
L48T16beta4.18ms0.037265m0.001022,4.18,157.03,48,16,576,8.186451987573691e-8,0.14485697571355993,0.9660711804513509
L48T16beta4.18ms0.037265m0.001022,4.18,157.03,48,16,577,8.186462946681597e-8,0.14485716963190579,0.9660724737195858
L48T16beta4.18ms0.037265m0.001022,4.18,157.03,48,16,578,8.186473905789504e-8,0.14485736355025164,0.9660737669878208
L48T16beta4.18ms0.037265m0.001022,4.18,157.03,48,16,579,8.186484864897411e-8,0.14485755746859752,0.9660750602560557
L48T16beta4.18ms0.037265m0.001022,4.18,157.03,48,16,580,8.186495824005318e-8,0.14485775138694337,0.9660763535242907
L48T16beta4.18ms0.037265m0.001022,4.18,157.03,48,16,581,8.186506783113225e-8,0.14485794530528925,0.9660776467925256
L48T16beta4.18ms0.037265m0.001022,4.18,157.03,48,16,582,8.186517742221132e-8,0.1448581392236351,0.9660789400607606
L48T16beta4.18ms0.037265m0.001022,4.18,157.03,48,16,583,8.186528701329038e-8,0.14485833314198096,0.9660802333289955
L48T16beta4.18ms0.037265m0.001022,4.18,157.03,48,16,584,8.186539660436946e-8,0.14485852706032684,0.9660815265972305
L48T16beta4.18ms0.037265m0.001022,4.18,157.03,48,16,585,8.186550619544853e-8,0.1448587209786727,0.9660828198654654
L48T16beta4.18ms0.037265m0.001022,4.18,157.03,48,16,586,8.18656157865276e-8,0.14485891489701858,0.9660841131337004
L48T16beta4.18ms0.037265m0.001022,4.18,157.03,48,16,587,8.186572537760667e-8,0.14485910881536443,0.9660854064019353
L48T16beta4.18ms0.037265m0.001022,4.18,157.03,48,16,588,8.186583496868573e-8,0.14485930273371028,0.9660866996701702
L48T16beta4.18ms0.037265m0.001022,4.18,157.03,48,16,589,8.186594455976482e-8,0.14485949665205616,0.9660879929384052
L48T16beta4.18ms0.037265m0.001022,4.18,157.03,48,16,590,8.186605415084387e-8,0.14485969057040202,0.9660892862066401
L48T16beta4.18ms0.037265m0.001022,4.18,157.03,48,16,591,8.186616374192294e-8,0.14485988448874787,0.9660905794748751
L48T16beta4.18ms0.037265m0.001022,4.18,157.03,48,16,592,8.186627333300201e-8,0.14486007840709375,0.9660918727431099
L48T16beta4.18ms0.037265m0.001022,4.18,157.03,48,16,593,8.186638292408109e-8,0.1448602723254396,0.9660931660113449
L48T16beta4.18ms0.037265m0.001022,4.18,157.03,48,16,594,8.186649251516017e-8,0.14486046624378549,0.9660944592795798
L48T16beta4.18ms0.037265m0.001022,4.18,157.03,48,16,595,8.186660210623923e-8,0.14486066016213134,0.9660957525478148
L48T16beta4.18ms0.037265m0.001022,4.18,157.03,48,16,596,8.18667116973183e-8,0.1448608540804772,0.9660970458160497
L48T16beta4.18ms0.037265m0.001022,4.18,157.03,48,16,597,8.186682128839737e-8,0.14486104799882307,0.9660983390842847
L48T16beta4.18ms0.037265m0.001022,4.18,157.03,48,16,598,8.186693087947644e-8,0.14486124191716893,0.9660996323525196
L48T16beta4.18ms0.037265m0.001022,4.18,157.03,48,16,599,8.186704047055551e-8,0.1448614358355148,0.9661009256207546
L48T16beta4.18ms0.037265m0.001022,4.18,157.03,48,16,600,8.186715006163458e-8,0.14486162975386066,0.9661022188889895
L48T16beta4.18ms0.037265m0.001022,4.18,157.03,48,16,601,8.186725965271364e-8,0.1448618236722065,0.9661035121572245
L48T16beta4.18ms0.037265m0.001022,4.18,157.03,48,16,602,8.186736924379272e-8,0.1448620175905524,0.9661048054254594
L48T16beta4.18ms0.037265m0.001022,4.18,157.03,48,16,603,8.186747883487178e-8,0.14486221150889825,0.9661060986936943
L48T16beta4.18ms0.037265m0.001022,4.18,157.03,48,16,604,8.186758842595086e-8,0.14486240542724413,0.9661073919619293
L48T16beta4.18ms0.037265m0.001022,4.18,157.03,48,16,605,8.186769801702993e-8,0.14486259934558998,0.9661086852301642
L48T16beta4.18ms0.037265m0.001022,4.18,157.03,48,16,606,8.186780760810899e-8,0.14486279326393584,0.9661099784983992
L48T16beta4.18ms0.037265m0.001022,4.18,157.03,48,16,607,8.186791719918807e-8,0.14486298718228172,0.9661112717666341
L48T16beta4.18ms0.037265m0.001022,4.18,157.03,48,16,608,8.186802679026713e-8,0.14486318110062757,0.9661125650348691
L48T16beta4.18ms0.037265m0.001022,4.18,157.03,48,16,609,8.18681363813462e-8,0.14486337501897342,0.9661138583031039
L48T16beta4.18ms0.037265m0.001022,4.18,157.03,48,16,610,8.186824597242527e-8,0.1448635689373193,0.9661151515713389
L48T16beta4.18ms0.037265m0.001022,4.18,157.03,48,16,611,8.186835556350434e-8,0.14486376285566516,0.9661164448395738
L48T16beta4.18ms0.037265m0.001022,4.18,157.03,48,16,612,8.186846515458343e-8,0.14486395677401104,0.9661177381078088
L48T16beta4.18ms0.037265m0.001022,4.18,157.03,48,16,613,8.186857474566249e-8,0.1448641506923569,0.9661190313760437
L48T16beta4.18ms0.037265m0.001022,4.18,157.03,48,16,614,8.186868433674156e-8,0.14486434461070274,0.9661203246442787
L48T16beta4.18ms0.037265m0.001022,4.18,157.03,48,16,615,8.186879392782063e-8,0.14486453852904863,0.9661216179125136
L48T16beta4.18ms0.037265m0.001022,4.18,157.03,48,16,616,8.18689035188997e-8,0.14486473244739448,0.9661229111807486
L48T16beta4.18ms0.037265m0.001022,4.18,157.03,48,16,617,8.186901310997877e-8,0.14486492636574036,0.9661242044489835
L48T16beta4.18ms0.037265m0.001022,4.18,157.03,48,16,618,8.186912270105784e-8,0.1448651202840862,0.9661254977172185
L48T16beta4.18ms0.037265m0.001022,4.18,157.03,48,16,619,8.18692322921369e-8,0.14486531420243207,0.9661267909854534
L48T16beta4.18ms0.037265m0.001022,4.18,157.03,48,16,620,8.186934188321598e-8,0.14486550812077795,0.9661280842536883
L48T16beta4.18ms0.037265m0.001022,4.18,157.03,48,16,621,8.186945147429504e-8,0.1448657020391238,0.9661293775219233
L48T16beta4.18ms0.037265m0.001022,4.18,157.03,48,16,622,8.186956106537411e-8,0.14486589595746965,0.9661306707901582
L48T16beta4.18ms0.037265m0.001022,4.18,157.03,48,16,623,8.186967065645319e-8,0.14486608987581553,0.9661319640583932
L48T16beta4.18ms0.037265m0.001022,4.18,157.03,48,16,624,8.186978024753225e-8,0.1448662837941614,0.9661332573266281
L48T16beta4.18ms0.037265m0.001022,4.18,157.03,48,16,625,8.186988983861133e-8,0.14486647771250727,0.9661345505948631
L48T16beta4.18ms0.037265m0.001022,4.18,157.03,48,16,626,8.186999942969039e-8,0.14486667163085312,0.9661358438630979
L48T16beta4.18ms0.037265m0.001022,4.18,157.03,48,16,627,8.187010902076946e-8,0.14486686554919898,0.9661371371313329
L48T16beta4.18ms0.037265m0.001022,4.18,157.03,48,16,628,8.187021861184853e-8,0.14486705946754486,0.9661384303995678
L48T16beta4.18ms0.037265m0.001022,4.18,157.03,48,16,629,8.18703282029276e-8,0.1448672533858907,0.9661397236678028
L48T16beta4.18ms0.037265m0.001022,4.18,157.03,48,16,630,8.187043779400669e-8,0.1448674473042366,0.9661410169360377
L48T16beta4.18ms0.037265m0.001022,4.18,157.03,48,16,631,8.187054738508575e-8,0.14486764122258244,0.9661423102042727
L48T16beta4.18ms0.037265m0.001022,4.18,157.03,48,16,632,8.18706569761648e-8,0.1448678351409283,0.9661436034725076
L48T16beta4.18ms0.037265m0.001022,4.18,157.03,48,16,633,8.187076656724389e-8,0.14486802905927418,0.9661448967407426
L48T16beta4.18ms0.037265m0.001022,4.18,157.03,48,16,634,8.187087615832296e-8,0.14486822297762003,0.9661461900089775
L48T16beta4.18ms0.037265m0.001022,4.18,157.03,48,16,635,8.187098574940201e-8,0.14486841689596588,0.9661474832772124
L48T16beta4.18ms0.037265m0.001022,4.18,157.03,48,16,636,8.18710953404811e-8,0.14486861081431177,0.9661487765454474
L48T16beta4.18ms0.037265m0.001022,4.18,157.03,48,16,637,8.187120493156016e-8,0.14486880473265762,0.9661500698136823
L48T16beta4.18ms0.037265m0.001022,4.18,157.03,48,16,638,8.187131452263924e-8,0.1448689986510035,0.9661513630819173
L48T16beta4.18ms0.037265m0.001022,4.18,157.03,48,16,639,8.18714241137183e-8,0.14486919256934935,0.9661526563501522
L48T16beta4.18ms0.037265m0.001022,4.18,157.03,48,16,640,8.187153370479737e-8,0.1448693864876952,0.9661539496183872
L48T16beta4.18ms0.037265m0.001022,4.18,157.03,48,16,641,8.187164329587645e-8,0.1448695804060411,0.9661552428866221
L48T16beta4.18ms0.037265m0.001022,4.18,157.03,48,16,642,8.187175288695551e-8,0.14486977432438694,0.9661565361548571
L48T16beta4.18ms0.037265m0.001022,4.18,157.03,48,16,643,8.18718624780346e-8,0.14486996824273282,0.9661578294230919
L48T16beta4.18ms0.037265m0.001022,4.18,157.03,48,16,644,8.187197206911365e-8,0.14487016216107867,0.9661591226913269
L48T16beta4.18ms0.037265m0.001022,4.18,157.03,48,16,645,8.187208166019272e-8,0.14487035607942453,0.9661604159595618
L48T16beta4.18ms0.037265m0.001022,4.18,157.03,48,16,646,8.187219125127179e-8,0.1448705499977704,0.9661617092277968
L48T16beta4.18ms0.037265m0.001022,4.18,157.03,48,16,647,8.187230084235086e-8,0.14487074391611626,0.9661630024960317
L48T16beta4.18ms0.037265m0.001022,4.18,157.03,48,16,648,8.187241043342993e-8,0.14487093783446214,0.9661642957642667
L48T16beta4.18ms0.037265m0.001022,4.18,157.03,48,16,649,8.1872520024509e-8,0.144871131752808,0.9661655890325016
L48T16beta4.18ms0.037265m0.001022,4.18,157.03,48,16,650,8.187262961558806e-8,0.14487132567115385,0.9661668823007366
L48T16beta4.18ms0.037265m0.001022,4.18,157.03,48,16,651,8.187273920666715e-8,0.14487151958949973,0.9661681755689715
L48T16beta4.18ms0.037265m0.001022,4.18,157.03,48,16,652,8.187284879774622e-8,0.14487171350784558,0.9661694688372064
L48T16beta4.18ms0.037265m0.001022,4.18,157.03,48,16,653,8.187295838882527e-8,0.14487190742619144,0.9661707621054414
L48T16beta4.18ms0.037265m0.001022,4.18,157.03,48,16,654,8.187306797990436e-8,0.14487210134453732,0.9661720553736763
L48T16beta4.18ms0.037265m0.001022,4.18,157.03,48,16,655,8.187317757098342e-8,0.14487229526288317,0.9661733486419113
L48T16beta4.18ms0.037265m0.001022,4.18,157.03,48,16,656,8.18732871620625e-8,0.14487248918122905,0.9661746419101462
L48T16beta4.18ms0.037265m0.001022,4.18,157.03,48,16,657,8.187339675314156e-8,0.1448726830995749,0.9661759351783812
L48T16beta4.18ms0.037265m0.001022,4.18,157.03,48,16,658,8.187350634422063e-8,0.14487287701792076,0.9661772284466161
L48T16beta4.18ms0.037265m0.001022,4.18,157.03,48,16,659,8.187361593529971e-8,0.14487307093626664,0.9661785217148511
L48T16beta4.18ms0.037265m0.001022,4.18,157.03,48,16,660,8.187372552637877e-8,0.1448732648546125,0.966179814983086
L48T16beta4.18ms0.037265m0.001022,4.18,157.03,48,16,661,8.187383511745785e-8,0.14487345877295837,0.9661811082513209
L48T16beta4.18ms0.037265m0.001022,4.18,157.03,48,16,662,8.187394470853691e-8,0.14487365269130423,0.9661824015195558
L48T16beta4.18ms0.037265m0.001022,4.18,157.03,48,16,663,8.187405429961598e-8,0.14487384660965008,0.9661836947877908
L48T16beta4.18ms0.037265m0.001022,4.18,157.03,48,16,664,8.187416389069505e-8,0.14487404052799596,0.9661849880560257
L48T16beta4.18ms0.037265m0.001022,4.18,157.03,48,16,665,8.187427348177412e-8,0.14487423444634182,0.9661862813242607
L48T16beta4.18ms0.037265m0.001022,4.18,157.03,48,16,666,8.187438307285318e-8,0.14487442836468767,0.9661875745924956
L48T16beta4.18ms0.037265m0.001022,4.18,157.03,48,16,667,8.187449266393226e-8,0.14487462228303355,0.9661888678607305
L48T16beta4.18ms0.037265m0.001022,4.18,157.03,48,16,668,8.187460225501132e-8,0.1448748162013794,0.9661901611289655
L48T16beta4.18ms0.037265m0.001022,4.18,157.03,48,16,669,8.18747118460904e-8,0.14487501011972528,0.9661914543972004
L48T16beta4.18ms0.037265m0.001022,4.18,157.03,48,16,670,8.187482143716948e-8,0.14487520403807114,0.9661927476654354
L48T16beta4.18ms0.037265m0.001022,4.18,157.03,48,16,671,8.187493102824853e-8,0.144875397956417,0.9661940409336703
L48T16beta4.18ms0.037265m0.001022,4.18,157.03,48,16,672,8.187504061932762e-8,0.14487559187476287,0.9661953342019053
L48T16beta4.18ms0.037265m0.001022,4.18,157.03,48,16,673,8.187515021040668e-8,0.14487578579310872,0.9661966274701402
L48T16beta4.18ms0.037265m0.001022,4.18,157.03,48,16,674,8.187525980148576e-8,0.1448759797114546,0.9661979207383752
L48T16beta4.18ms0.037265m0.001022,4.18,157.03,48,16,675,8.187536939256482e-8,0.14487617362980046,0.9661992140066101
L48T16beta4.18ms0.037265m0.001022,4.18,157.03,48,16,676,8.187547898364389e-8,0.1448763675481463,0.9662005072748451
L48T16beta4.18ms0.037265m0.001022,4.18,157.03,48,16,677,8.187558857472296e-8,0.1448765614664922,0.96620180054308
L48T16beta4.18ms0.037265m0.001022,4.18,157.03,48,16,678,8.187569816580203e-8,0.14487675538483805,0.9662030938113149
L48T16beta4.18ms0.037265m0.001022,4.18,157.03,48,16,679,8.187580775688111e-8,0.14487694930318393,0.9662043870795498
L48T16beta4.18ms0.037265m0.001022,4.18,157.03,48,16,680,8.187591734796017e-8,0.14487714322152978,0.9662056803477848
L48T16beta4.18ms0.037265m0.001022,4.18,157.03,48,16,681,8.187602693903924e-8,0.14487733713987563,0.9662069736160197
L48T16beta4.18ms0.037265m0.001022,4.18,157.03,48,16,682,8.187613653011831e-8,0.14487753105822151,0.9662082668842547
L48T16beta4.18ms0.037265m0.001022,4.18,157.03,48,16,683,8.187624612119738e-8,0.14487772497656737,0.9662095601524896
L48T16beta4.18ms0.037265m0.001022,4.18,157.03,48,16,684,8.187635571227644e-8,0.14487791889491322,0.9662108534207245
L48T16beta4.18ms0.037265m0.001022,4.18,157.03,48,16,685,8.187646530335552e-8,0.1448781128132591,0.9662121466889595
L48T16beta4.18ms0.037265m0.001022,4.18,157.03,48,16,686,8.187657489443458e-8,0.14487830673160496,0.9662134399571944
L48T16beta4.18ms0.037265m0.001022,4.18,157.03,48,16,687,8.187668448551366e-8,0.14487850064995084,0.9662147332254294
L48T16beta4.18ms0.037265m0.001022,4.18,157.03,48,16,688,8.187679407659274e-8,0.1448786945682967,0.9662160264936643
L48T16beta4.18ms0.037265m0.001022,4.18,157.03,48,16,689,8.187690366767179e-8,0.14487888848664254,0.9662173197618993
L48T16beta4.18ms0.037265m0.001022,4.18,157.03,48,16,690,8.187701325875088e-8,0.14487908240498842,0.9662186130301342
L48T16beta4.18ms0.037265m0.001022,4.18,157.03,48,16,691,8.187712284982993e-8,0.14487927632333428,0.9662199062983692
L48T16beta4.18ms0.037265m0.001022,4.18,157.03,48,16,692,8.187723244090902e-8,0.14487947024168016,0.9662211995666041
L48T16beta4.18ms0.037265m0.001022,4.18,157.03,48,16,693,8.187734203198808e-8,0.144879664160026,0.9662224928348391
L48T16beta4.18ms0.037265m0.001022,4.18,157.03,48,16,694,8.187745162306715e-8,0.14487985807837186,0.966223786103074
L48T16beta4.18ms0.037265m0.001022,4.18,157.03,48,16,695,8.187756121414622e-8,0.14488005199671775,0.9662250793713089
L48T16beta4.18ms0.037265m0.001022,4.18,157.03,48,16,696,8.187767080522529e-8,0.1448802459150636,0.9662263726395438
L48T16beta4.18ms0.037265m0.001022,4.18,157.03,48,16,697,8.187778039630435e-8,0.14488043983340945,0.9662276659077788
L48T16beta4.18ms0.037265m0.001022,4.18,157.03,48,16,698,8.187788998738343e-8,0.14488063375175533,0.9662289591760137
L48T16beta4.18ms0.037265m0.001022,4.18,157.03,48,16,699,8.18779995784625e-8,0.1448808276701012,0.9662302524442486
L48T16beta4.18ms0.037265m0.001022,4.18,157.03,48,16,700,8.187810916954157e-8,0.14488102158844707,0.9662315457124836
L48T16beta4.18ms0.037265m0.001022,4.18,157.03,48,16,701,8.187821876062064e-8,0.14488121550679292,0.9662328389807185
L48T16beta4.18ms0.037265m0.001022,4.18,157.03,48,16,702,8.18783283516997e-8,0.14488140942513877,0.9662341322489535
L48T16beta4.18ms0.037265m0.001022,4.18,157.03,48,16,703,8.187843794277878e-8,0.14488160334348466,0.9662354255171884
L48T16beta4.18ms0.037265m0.001022,4.18,157.03,48,16,704,8.187854753385784e-8,0.1448817972618305,0.9662367187854234
L48T16beta4.18ms0.037265m0.001022,4.18,157.03,48,16,705,8.187865712493692e-8,0.1448819911801764,0.9662380120536583
L48T16beta4.18ms0.037265m0.001022,4.18,157.03,48,16,706,8.187876671601598e-8,0.14488218509852224,0.9662393053218933
L48T16beta4.18ms0.037265m0.001022,4.18,157.03,48,16,707,8.187887630709505e-8,0.1448823790168681,0.9662405985901282
L48T16beta4.18ms0.037265m0.001022,4.18,157.03,48,16,708,8.187898589817414e-8,0.14488257293521398,0.9662418918583632
L48T16beta4.18ms0.037265m0.001022,4.18,157.03,48,16,709,8.18790954892532e-8,0.14488276685355983,0.9662431851265981
L48T16beta4.18ms0.037265m0.001022,4.18,157.03,48,16,710,8.187920508033226e-8,0.14488296077190568,0.9662444783948331
L48T16beta4.18ms0.037265m0.001022,4.18,157.03,48,16,711,8.187931467141134e-8,0.14488315469025156,0.966245771663068
L48T16beta4.18ms0.037265m0.001022,4.18,157.03,48,16,712,8.18794242624904e-8,0.14488334860859742,0.9662470649313029
L48T16beta4.18ms0.037265m0.001022,4.18,157.03,48,16,713,8.187953385356948e-8,0.1448835425269433,0.9662483581995378
L48T16beta4.18ms0.037265m0.001022,4.18,157.03,48,16,714,8.187964344464855e-8,0.14488373644528915,0.9662496514677728
L48T16beta4.18ms0.037265m0.001022,4.18,157.03,48,16,715,8.18797530357276e-8,0.144883930363635,0.9662509447360077
L48T16beta4.18ms0.037265m0.001022,4.18,157.03,48,16,716,8.187986262680669e-8,0.14488412428198089,0.9662522380042426
L48T16beta4.18ms0.037265m0.001022,4.18,157.03,48,16,717,8.187997221788576e-8,0.14488431820032674,0.9662535312724776
L48T16beta4.18ms0.037265m0.001022,4.18,157.03,48,16,718,8.188008180896483e-8,0.14488451211867262,0.9662548245407125
L48T16beta4.18ms0.037265m0.001022,4.18,157.03,48,16,719,8.18801914000439e-8,0.14488470603701847,0.9662561178089475
L48T16beta4.18ms0.037265m0.001022,4.18,157.03,48,16,720,8.188030099112296e-8,0.14488489995536433,0.9662574110771824
L48T16beta4.18ms0.037265m0.001022,4.18,157.03,48,16,721,8.188041058220204e-8,0.1448850938737102,0.9662587043454174
L48T16beta4.18ms0.037265m0.001022,4.18,157.03,48,16,722,8.18805201732811e-8,0.14488528779205606,0.9662599976136523
L48T16beta4.18ms0.037265m0.001022,4.18,157.03,48,16,723,8.188062976436018e-8,0.14488548171040194,0.9662612908818873
L48T16beta4.18ms0.037265m0.001022,4.18,157.03,48,16,724,8.188073935543924e-8,0.1448856756287478,0.9662625841501222
L48T16beta4.18ms0.037265m0.001022,4.18,157.03,48,16,725,8.188084894651831e-8,0.14488586954709365,0.9662638774183572
L48T16beta4.18ms0.037265m0.001022,4.18,157.03,48,16,726,8.18809585375974e-8,0.14488606346543953,0.9662651706865921
L48T16beta4.18ms0.037265m0.001022,4.18,157.03,48,16,727,8.188106812867645e-8,0.14488625738378538,0.9662664639548271
L48T16beta4.18ms0.037265m0.001022,4.18,157.03,48,16,728,8.188117771975552e-8,0.14488645130213124,0.966267757223062
L48T16beta4.18ms0.037265m0.001022,4.18,157.03,48,16,729,8.18812873108346e-8,0.14488664522047712,0.966269050491297
L48T16beta4.18ms0.037265m0.001022,4.18,157.03,48,16,730,8.188139690191367e-8,0.14488683913882297,0.9662703437595318
L48T16beta4.18ms0.037265m0.001022,4.18,157.03,48,16,731,8.188150649299274e-8,0.14488703305716885,0.9662716370277667
L48T16beta4.18ms0.037265m0.001022,4.18,157.03,48,16,732,8.188161608407181e-8,0.1448872269755147,0.9662729302960017
L48T16beta4.18ms0.037265m0.001022,4.18,157.03,48,16,733,8.188172567515086e-8,0.14488742089386056,0.9662742235642366
L48T16beta4.18ms0.037265m0.001022,4.18,157.03,48,16,734,8.188183526622995e-8,0.14488761481220644,0.9662755168324716
L48T16beta4.18ms0.037265m0.001022,4.18,157.03,48,16,735,8.1881944857309e-8,0.1448878087305523,0.9662768101007065
L48T16beta4.18ms0.037265m0.001022,4.18,157.03,48,16,736,8.188205444838809e-8,0.14488800264889817,0.9662781033689415
L48T16beta4.18ms0.037265m0.001022,4.18,157.03,48,16,737,8.188216403946716e-8,0.14488819656724403,0.9662793966371764
L48T16beta4.18ms0.037265m0.001022,4.18,157.03,48,16,738,8.188227363054622e-8,0.14488839048558988,0.9662806899054114
L48T16beta4.18ms0.037265m0.001022,4.18,157.03,48,16,739,8.18823832216253e-8,0.14488858440393576,0.9662819831736463
L48T16beta4.18ms0.037265m0.001022,4.18,157.03,48,16,740,8.188249281270436e-8,0.14488877832228161,0.9662832764418813
L48T16beta4.18ms0.037265m0.001022,4.18,157.03,48,16,741,8.188260240378343e-8,0.14488897224062747,0.9662845697101162
L48T16beta4.18ms0.037265m0.001022,4.18,157.03,48,16,742,8.18827119948625e-8,0.14488916615897335,0.9662858629783512
L48T16beta4.18ms0.037265m0.001022,4.18,157.03,48,16,743,8.188282158594157e-8,0.1448893600773192,0.9662871562465861
L48T16beta4.18ms0.037265m0.001022,4.18,157.03,48,16,744,8.188293117702066e-8,0.14488955399566508,0.9662884495148211
L48T16beta4.18ms0.037265m0.001022,4.18,157.03,48,16,745,8.188304076809971e-8,0.14488974791401094,0.966289742783056
L48T16beta4.18ms0.037265m0.001022,4.18,157.03,48,16,746,8.188315035917878e-8,0.1448899418323568,0.966291036051291
L48T16beta4.18ms0.037265m0.001022,4.18,157.03,48,16,747,8.188325995025785e-8,0.14489013575070267,0.9662923293195258
L48T16beta4.18ms0.037265m0.001022,4.18,157.03,48,16,748,8.188336954133692e-8,0.14489032966904852,0.9662936225877607
L48T16beta4.18ms0.037265m0.001022,4.18,157.03,48,16,749,8.1883479132416e-8,0.1448905235873944,0.9662949158559957
L48T16beta4.18ms0.037265m0.001022,4.18,157.03,48,16,750,8.188358872349507e-8,0.14489071750574026,0.9662962091242306
L48T16beta4.18ms0.037265m0.001022,4.18,157.03,48,16,751,8.188369831457412e-8,0.1448909114240861,0.9662975023924656
L48T16beta4.18ms0.037265m0.001022,4.18,157.03,48,16,752,8.188380790565321e-8,0.144891105342432,0.9662987956607005
L48T16beta4.18ms0.037265m0.001022,4.18,157.03,48,16,753,8.188391749673227e-8,0.14489129926077784,0.9663000889289355
L48T16beta4.18ms0.037265m0.001022,4.18,157.03,48,16,754,8.188402708781134e-8,0.1448914931791237,0.9663013821971704
L48T16beta4.18ms0.037265m0.001022,4.18,157.03,48,16,755,8.188413667889042e-8,0.14489168709746958,0.9663026754654054
L48T16beta4.18ms0.037265m0.001022,4.18,157.03,48,16,756,8.188424626996948e-8,0.14489188101581543,0.9663039687336403
L48T16beta4.18ms0.037265m0.001022,4.18,157.03,48,16,757,8.188435586104856e-8,0.1448920749341613,0.9663052620018753
L48T16beta4.18ms0.037265m0.001022,4.18,157.03,48,16,758,8.188446545212762e-8,0.14489226885250717,0.9663065552701102
L48T16beta4.18ms0.037265m0.001022,4.18,157.03,48,16,759,8.188457504320669e-8,0.14489246277085302,0.9663078485383452
L48T16beta4.18ms0.037265m0.001022,4.18,157.03,48,16,760,8.188468463428576e-8,0.1448926566891989,0.9663091418065801
L48T16beta4.18ms0.037265m0.001022,4.18,157.03,48,16,761,8.188479422536483e-8,0.14489285060754475,0.9663104350748151
L48T16beta4.18ms0.037265m0.001022,4.18,157.03,48,16,762,8.188490381644391e-8,0.14489304452589064,0.96631172834305
L48T16beta4.18ms0.037265m0.001022,4.18,157.03,48,16,763,8.188501340752297e-8,0.1448932384442365,0.966313021611285
L48T16beta4.18ms0.037265m0.001022,4.18,157.03,48,16,764,8.188512299860203e-8,0.14489343236258234,0.9663143148795198
L48T16beta4.18ms0.037265m0.001022,4.18,157.03,48,16,765,8.188523258968111e-8,0.14489362628092822,0.9663156081477547
L48T16beta4.18ms0.037265m0.001022,4.18,157.03,48,16,766,8.188534218076018e-8,0.14489382019927408,0.9663169014159897
L48T16beta4.18ms0.037265m0.001022,4.18,157.03,48,16,767,8.188545177183925e-8,0.14489401411761996,0.9663181946842246
L48T16beta4.18ms0.037265m0.001022,4.18,157.03,48,16,768,8.188556136291833e-8,0.1448942080359658,0.9663194879524596
L48T16beta4.18ms0.037265m0.001022,4.18,157.03,48,16,769,8.188567095399738e-8,0.14489440195431166,0.9663207812206945
L48T16beta4.18ms0.037265m0.001022,4.18,157.03,48,16,770,8.188578054507647e-8,0.14489459587265754,0.9663220744889295
L48T16beta4.18ms0.037265m0.001022,4.18,157.03,48,16,771,8.188589013615552e-8,0.1448947897910034,0.9663233677571644
L48T16beta4.18ms0.037265m0.001022,4.18,157.03,48,16,772,8.18859997272346e-8,0.14489498370934925,0.9663246610253994
L48T16beta4.18ms0.037265m0.001022,4.18,157.03,48,16,773,8.188610931831368e-8,0.14489517762769513,0.9663259542936343
L48T16beta4.18ms0.037265m0.001022,4.18,157.03,48,16,774,8.188621890939274e-8,0.14489537154604099,0.9663272475618693
L48T16beta4.18ms0.037265m0.001022,4.18,157.03,48,16,775,8.188632850047182e-8,0.14489556546438687,0.9663285408301042
L48T16beta4.18ms0.037265m0.001022,4.18,157.03,48,16,776,8.188643809155088e-8,0.14489575938273272,0.9663298340983392
L48T16beta4.18ms0.037265m0.001022,4.18,157.03,48,16,777,8.188654768262995e-8,0.14489595330107857,0.9663311273665741
L48T16beta4.18ms0.037265m0.001022,4.18,157.03,48,16,778,8.188665727370902e-8,0.14489614721942445,0.9663324206348091
L48T16beta4.18ms0.037265m0.001022,4.18,157.03,48,16,779,8.188676686478809e-8,0.1448963411377703,0.966333713903044
L48T16beta4.18ms0.037265m0.001022,4.18,157.03,48,16,780,8.188687645586716e-8,0.1448965350561162,0.966335007171279
L48T16beta4.18ms0.037265m0.001022,4.18,157.03,48,16,781,8.188698604694623e-8,0.14489672897446204,0.9663363004395138
L48T16beta4.18ms0.037265m0.001022,4.18,157.03,48,16,782,8.188709563802529e-8,0.1448969228928079,0.9663375937077487
L48T16beta4.18ms0.037265m0.001022,4.18,157.03,48,16,783,8.188720522910437e-8,0.14489711681115378,0.9663388869759837
L48T16beta4.18ms0.037265m0.001022,4.18,157.03,48,16,784,8.188731482018344e-8,0.14489731072949963,0.9663401802442186
L48T16beta4.18ms0.037265m0.001022,4.18,157.03,48,16,785,8.18874244112625e-8,0.14489750464784548,0.9663414735124536
L48T16beta4.18ms0.037265m0.001022,4.18,157.03,48,16,786,8.188753400234158e-8,0.14489769856619136,0.9663427667806885
L48T16beta4.18ms0.037265m0.001022,4.18,157.03,48,16,787,8.188764359342064e-8,0.14489789248453722,0.9663440600489235
L48T16beta4.18ms0.037265m0.001022,4.18,157.03,48,16,788,8.188775318449973e-8,0.1448980864028831,0.9663453533171584
L48T16beta4.18ms0.037265m0.001022,4.18,157.03,48,16,789,8.188786277557878e-8,0.14489828032122895,0.9663466465853934
L48T16beta4.18ms0.037265m0.001022,4.18,157.03,48,16,790,8.188797236665785e-8,0.1448984742395748,0.9663479398536283
L48T16beta4.18ms0.037265m0.001022,4.18,157.03,48,16,791,8.188808195773694e-8,0.14489866815792068,0.9663492331218633
L48T16beta4.18ms0.037265m0.001022,4.18,157.03,48,16,792,8.1888191548816e-8,0.14489886207626654,0.9663505263900982
L48T16beta4.18ms0.037265m0.001022,4.18,157.03,48,16,793,8.188830113989508e-8,0.14489905599461242,0.9663518196583332
L48T16beta4.18ms0.037265m0.001022,4.18,157.03,48,16,794,8.188841073097414e-8,0.14489924991295827,0.9663531129265681
L48T16beta4.18ms0.037265m0.001022,4.18,157.03,48,16,795,8.188852032205321e-8,0.14489944383130413,0.9663544061948031
L48T16beta4.18ms0.037265m0.001022,4.18,157.03,48,16,796,8.188862991313228e-8,0.14489963774965,0.966355699463038
L48T16beta4.18ms0.037265m0.001022,4.18,157.03,48,16,797,8.188873950421135e-8,0.14489983166799586,0.966356992731273
L48T16beta4.18ms0.037265m0.001022,4.18,157.03,48,16,798,8.188884909529042e-8,0.14490002558634174,0.9663582859995079
L48T16beta4.18ms0.037265m0.001022,4.18,157.03,48,16,799,8.188895868636949e-8,0.1449002195046876,0.9663595792677427
L48T16beta4.18ms0.037265m0.001022,4.18,157.03,48,16,800,8.188906827744855e-8,0.14490041342303345,0.9663608725359777
L48T16beta4.18ms0.037265m0.001022,4.18,157.03,48,16,801,8.188917786852763e-8,0.14490060734137933,0.9663621658042126
L48T16beta4.18ms0.037265m0.001022,4.18,157.03,48,16,802,8.18892874596067e-8,0.14490080125972518,0.9663634590724476
L48T16beta4.18ms0.037265m0.001022,4.18,157.03,48,16,803,8.188939705068576e-8,0.14490099517807103,0.9663647523406825
L48T16beta4.18ms0.037265m0.001022,4.18,157.03,48,16,804,8.188950664176484e-8,0.14490118909641692,0.9663660456089175
L48T16beta4.18ms0.037265m0.001022,4.18,157.03,48,16,805,8.18896162328439e-8,0.14490138301476277,0.9663673388771524
L48T16beta4.18ms0.037265m0.001022,4.18,157.03,48,16,806,8.188972582392299e-8,0.14490157693310865,0.9663686321453874
L48T16beta4.18ms0.037265m0.001022,4.18,157.03,48,16,807,8.188983541500204e-8,0.1449017708514545,0.9663699254136223
L48T16beta4.18ms0.037265m0.001022,4.18,157.03,48,16,808,8.188994500608111e-8,0.14490196476980036,0.9663712186818573
L48T16beta4.18ms0.037265m0.001022,4.18,157.03,48,16,809,8.189005459716018e-8,0.14490215868814624,0.9663725119500922
L48T16beta4.18ms0.037265m0.001022,4.18,157.03,48,16,810,8.189016418823926e-8,0.1449023526064921,0.9663738052183272
L48T16beta4.18ms0.037265m0.001022,4.18,157.03,48,16,811,8.189027377931834e-8,0.14490254652483797,0.9663750984865621
L48T16beta4.18ms0.037265m0.001022,4.18,157.03,48,16,812,8.18903833703974e-8,0.14490274044318383,0.9663763917547971
L48T16beta4.18ms0.037265m0.001022,4.18,157.03,48,16,813,8.189049296147647e-8,0.14490293436152968,0.966377685023032
L48T16beta4.18ms0.037265m0.001022,4.18,157.03,48,16,814,8.189060255255554e-8,0.14490312827987556,0.966378978291267
L48T16beta4.18ms0.037265m0.001022,4.18,157.03,48,16,815,8.189071214363461e-8,0.1449033221982214,0.9663802715595019
L48T16beta4.18ms0.037265m0.001022,4.18,157.03,48,16,816,8.189082173471367e-8,0.14490351611656727,0.9663815648277367
L48T16beta4.18ms0.037265m0.001022,4.18,157.03,48,16,817,8.189093132579275e-8,0.14490371003491315,0.9663828580959717
L48T16beta4.18ms0.037265m0.001022,4.18,157.03,48,16,818,8.189104091687181e-8,0.144903903953259,0.9663841513642066
L48T16beta4.18ms0.037265m0.001022,4.18,157.03,48,16,819,8.189115050795089e-8,0.14490409787160488,0.9663854446324416
L48T16beta4.18ms0.037265m0.001022,4.18,157.03,48,16,820,8.189126009902996e-8,0.14490429178995073,0.9663867379006765
L48T16beta4.18ms0.037265m0.001022,4.18,157.03,48,16,821,8.189136969010902e-8,0.1449044857082966,0.9663880311689115
L48T16beta4.18ms0.037265m0.001022,4.18,157.03,48,16,822,8.18914792811881e-8,0.14490467962664247,0.9663893244371464
L48T16beta4.18ms0.037265m0.001022,4.18,157.03,48,16,823,8.189158887226716e-8,0.14490487354498832,0.9663906177053814
L48T16beta4.18ms0.037265m0.001022,4.18,157.03,48,16,824,8.189169846334625e-8,0.1449050674633342,0.9663919109736163
L48T16beta4.18ms0.037265m0.001022,4.18,157.03,48,16,825,8.18918080544253e-8,0.14490526138168006,0.9663932042418513
L48T16beta4.18ms0.037265m0.001022,4.18,157.03,48,16,826,8.189191764550437e-8,0.1449054553000259,0.9663944975100862
L48T16beta4.18ms0.037265m0.001022,4.18,157.03,48,16,827,8.189202723658344e-8,0.1449056492183718,0.9663957907783212
L48T16beta4.18ms0.037265m0.001022,4.18,157.03,48,16,828,8.189213682766251e-8,0.14490584313671764,0.9663970840465561
L48T16beta4.18ms0.037265m0.001022,4.18,157.03,48,16,829,8.189224641874157e-8,0.1449060370550635,0.9663983773147911
L48T16beta4.18ms0.037265m0.001022,4.18,157.03,48,16,830,8.189235600982066e-8,0.14490623097340938,0.966399670583026
L48T16beta4.18ms0.037265m0.001022,4.18,157.03,48,16,831,8.189246560089973e-8,0.14490642489175523,0.966400963851261
L48T16beta4.18ms0.037265m0.001022,4.18,157.03,48,16,832,8.18925751919788e-8,0.1449066188101011,0.9664022571194959
L48T16beta4.18ms0.037265m0.001022,4.18,157.03,48,16,833,8.189268478305787e-8,0.14490681272844697,0.9664035503877307
L48T16beta4.18ms0.037265m0.001022,4.18,157.03,48,16,834,8.189279437413693e-8,0.14490700664679282,0.9664048436559657
L48T16beta4.18ms0.037265m0.001022,4.18,157.03,48,16,835,8.189290396521601e-8,0.1449072005651387,0.9664061369242006
L48T16beta4.18ms0.037265m0.001022,4.18,157.03,48,16,836,8.189301355629507e-8,0.14490739448348455,0.9664074301924356
L48T16beta4.18ms0.037265m0.001022,4.18,157.03,48,16,837,8.189312314737415e-8,0.14490758840183043,0.9664087234606705
L48T16beta4.18ms0.037265m0.001022,4.18,157.03,48,16,838,8.189323273845321e-8,0.1449077823201763,0.9664100167289055
L48T16beta4.18ms0.037265m0.001022,4.18,157.03,48,16,839,8.189334232953228e-8,0.14490797623852214,0.9664113099971404
L48T16beta4.18ms0.037265m0.001022,4.18,157.03,48,16,840,8.189345192061136e-8,0.14490817015686802,0.9664126032653754
L48T16beta4.18ms0.037265m0.001022,4.18,157.03,48,16,841,8.189356151169042e-8,0.14490836407521387,0.9664138965336103
L48T16beta4.18ms0.037265m0.001022,4.18,157.03,48,16,842,8.18936711027695e-8,0.14490855799355976,0.9664151898018453
L48T16beta4.18ms0.037265m0.001022,4.18,157.03,48,16,843,8.189378069384856e-8,0.1449087519119056,0.9664164830700802
L48T16beta4.18ms0.037265m0.001022,4.18,157.03,48,16,844,8.189389028492763e-8,0.14490894583025146,0.9664177763383152
L48T16beta4.18ms0.037265m0.001022,4.18,157.03,48,16,845,8.18939998760067e-8,0.14490913974859734,0.9664190696065501
L48T16beta4.18ms0.037265m0.001022,4.18,157.03,48,16,846,8.189410946708577e-8,0.1449093336669432,0.966420362874785
L48T16beta4.18ms0.037265m0.001022,4.18,157.03,48,16,847,8.189421905816483e-8,0.14490952758528905,0.96642165614302
L48T16beta4.18ms0.037265m0.001022,4.18,157.03,48,16,848,8.189432864924392e-8,0.14490972150363493,0.966422949411255
L48T16beta4.18ms0.037265m0.001022,4.18,157.03,48,16,849,8.189443824032299e-8,0.14490991542198078,0.9664242426794899
L48T16beta4.18ms0.037265m0.001022,4.18,157.03,48,16,850,8.189454783140206e-8,0.14491010934032666,0.9664255359477248
L48T16beta4.18ms0.037265m0.001022,4.18,157.03,48,16,851,8.189465742248113e-8,0.14491030325867252,0.9664268292159597
L48T16beta4.18ms0.037265m0.001022,4.18,157.03,48,16,852,8.189476701356019e-8,0.14491049717701837,0.9664281224841946
L48T16beta4.18ms0.037265m0.001022,4.18,157.03,48,16,853,8.189487660463927e-8,0.14491069109536425,0.9664294157524296
L48T16beta4.18ms0.037265m0.001022,4.18,157.03,48,16,854,8.189498619571833e-8,0.1449108850137101,0.9664307090206645
L48T16beta4.18ms0.037265m0.001022,4.18,157.03,48,16,855,8.189509578679741e-8,0.144911078932056,0.9664320022888995
L48T16beta4.18ms0.037265m0.001022,4.18,157.03,48,16,856,8.189520537787647e-8,0.14491127285040184,0.9664332955571344
L48T16beta4.18ms0.037265m0.001022,4.18,157.03,48,16,857,8.189531496895554e-8,0.1449114667687477,0.9664345888253694
L48T16beta4.18ms0.037265m0.001022,4.18,157.03,48,16,858,8.189542456003462e-8,0.14491166068709357,0.9664358820936043
L48T16beta4.18ms0.037265m0.001022,4.18,157.03,48,16,859,8.189553415111368e-8,0.14491185460543943,0.9664371753618393
L48T16beta4.18ms0.037265m0.001022,4.18,157.03,48,16,860,8.189564374219275e-8,0.14491204852378528,0.9664384686300742
L48T16beta4.18ms0.037265m0.001022,4.18,157.03,48,16,861,8.189575333327182e-8,0.14491224244213116,0.9664397618983092
L48T16beta4.18ms0.037265m0.001022,4.18,157.03,48,16,862,8.189586292435089e-8,0.14491243636047701,0.9664410551665441
L48T16beta4.18ms0.037265m0.001022,4.18,157.03,48,16,863,8.189597251542996e-8,0.1449126302788229,0.966442348434779
L48T16beta4.18ms0.037265m0.001022,4.18,157.03,48,16,864,8.189608210650903e-8,0.14491282419716875,0.966443641703014
L48T16beta4.18ms0.037265m0.001022,4.18,157.03,48,16,865,8.189619169758809e-8,0.1449130181155146,0.966444934971249
L48T16beta4.18ms0.037265m0.001022,4.18,157.03,48,16,866,8.189630128866717e-8,0.14491321203386048,0.9664462282394839
L48T16beta4.18ms0.037265m0.001022,4.18,157.03,48,16,867,8.189641087974623e-8,0.14491340595220634,0.9664475215077188
L48T16beta4.18ms0.037265m0.001022,4.18,157.03,48,16,868,8.189652047082532e-8,0.14491359987055222,0.9664488147759537
L48T16beta4.18ms0.037265m0.001022,4.18,157.03,48,16,869,8.189663006190439e-8,0.14491379378889807,0.9664501080441886
L48T16beta4.18ms0.037265m0.001022,4.18,157.03,48,16,870,8.189673965298344e-8,0.14491398770724392,0.9664514013124236
L48T16beta4.18ms0.037265m0.001022,4.18,157.03,48,16,871,8.189684924406253e-8,0.1449141816255898,0.9664526945806585
L48T16beta4.18ms0.037265m0.001022,4.18,157.03,48,16,872,8.189695883514159e-8,0.14491437554393566,0.9664539878488935
L48T16beta4.18ms0.037265m0.001022,4.18,157.03,48,16,873,8.189706842622066e-8,0.1449145694622815,0.9664552811171284
L48T16beta4.18ms0.037265m0.001022,4.18,157.03,48,16,874,8.189717801729973e-8,0.1449147633806274,0.9664565743853634
L48T16beta4.18ms0.037265m0.001022,4.18,157.03,48,16,875,8.18972876083788e-8,0.14491495729897325,0.9664578676535983
L48T16beta4.18ms0.037265m0.001022,4.18,157.03,48,16,876,8.189739719945788e-8,0.14491515121731913,0.9664591609218333
L48T16beta4.18ms0.037265m0.001022,4.18,157.03,48,16,877,8.189750679053694e-8,0.14491534513566498,0.9664604541900682
L48T16beta4.18ms0.037265m0.001022,4.18,157.03,48,16,878,8.189761638161601e-8,0.14491553905401083,0.9664617474583032
L48T16beta4.18ms0.037265m0.001022,4.18,157.03,48,16,879,8.189772597269508e-8,0.14491573297235671,0.9664630407265381
L48T16beta4.18ms0.037265m0.001022,4.18,157.03,48,16,880,8.189783556377415e-8,0.14491592689070257,0.966464333994773
L48T16beta4.18ms0.037265m0.001022,4.18,157.03,48,16,881,8.189794515485322e-8,0.14491612080904845,0.966465627263008
L48T16beta4.18ms0.037265m0.001022,4.18,157.03,48,16,882,8.189805474593229e-8,0.1449163147273943,0.966466920531243
L48T16beta4.18ms0.037265m0.001022,4.18,157.03,48,16,883,8.189816433701135e-8,0.14491650864574016,0.9664682137994779
L48T16beta4.18ms0.037265m0.001022,4.18,157.03,48,16,884,8.189827392809043e-8,0.14491670256408604,0.9664695070677128
L48T16beta4.18ms0.037265m0.001022,4.18,157.03,48,16,885,8.189838351916949e-8,0.1449168964824319,0.9664708003359477
L48T16beta4.18ms0.037265m0.001022,4.18,157.03,48,16,886,8.189849311024858e-8,0.14491709040077777,0.9664720936041826
L48T16beta4.18ms0.037265m0.001022,4.18,157.03,48,16,887,8.189860270132765e-8,0.14491728431912362,0.9664733868724176
L48T16beta4.18ms0.037265m0.001022,4.18,157.03,48,16,888,8.18987122924067e-8,0.14491747823746948,0.9664746801406525
L48T16beta4.18ms0.037265m0.001022,4.18,157.03,48,16,889,8.189882188348579e-8,0.14491767215581536,0.9664759734088875
L48T16beta4.18ms0.037265m0.001022,4.18,157.03,48,16,890,8.189893147456485e-8,0.1449178660741612,0.9664772666771224
L48T16beta4.18ms0.037265m0.001022,4.18,157.03,48,16,891,8.189904106564392e-8,0.14491805999250706,0.9664785599453574
L48T16beta4.18ms0.037265m0.001022,4.18,157.03,48,16,892,8.189915065672299e-8,0.14491825391085295,0.9664798532135923
L48T16beta4.18ms0.037265m0.001022,4.18,157.03,48,16,893,8.189926024780206e-8,0.1449184478291988,0.9664811464818273
L48T16beta4.18ms0.037265m0.001022,4.18,157.03,48,16,894,8.189936983888114e-8,0.14491864174754468,0.9664824397500622
L48T16beta4.18ms0.037265m0.001022,4.18,157.03,48,16,895,8.18994794299602e-8,0.14491883566589053,0.9664837330182972
L48T16beta4.18ms0.037265m0.001022,4.18,157.03,48,16,896,8.189958902103926e-8,0.1449190295842364,0.9664850262865321
L48T16beta4.18ms0.037265m0.001022,4.18,157.03,48,16,897,8.189969861211834e-8,0.14491922350258227,0.966486319554767
L48T16beta4.18ms0.037265m0.001022,4.18,157.03,48,16,898,8.189980820319741e-8,0.14491941742092812,0.966487612823002
L48T16beta4.18ms0.037265m0.001022,4.18,157.03,48,16,899,8.189991779427648e-8,0.144919611339274,0.9664889060912369
L48T16beta4.18ms0.037265m0.001022,4.18,157.03,48,16,900,8.190002738535555e-8,0.14491980525761985,0.9664901993594719
L48T16beta4.18ms0.037265m0.001022,4.18,157.03,48,16,901,8.190013697643461e-8,0.1449199991759657,0.9664914926277068
L48T16beta4.18ms0.037265m0.001022,4.18,157.03,48,16,902,8.19002465675137e-8,0.1449201930943116,0.9664927858959417
L48T16beta4.18ms0.037265m0.001022,4.18,157.03,48,16,903,8.190035615859275e-8,0.14492038701265744,0.9664940791641766
L48T16beta4.18ms0.037265m0.001022,4.18,157.03,48,16,904,8.190046574967182e-8,0.1449205809310033,0.9664953724324116
L48T16beta4.18ms0.037265m0.001022,4.18,157.03,48,16,905,8.19005753407509e-8,0.14492077484934918,0.9664966657006465
L48T16beta4.18ms0.037265m0.001022,4.18,157.03,48,16,906,8.190068493182996e-8,0.14492096876769503,0.9664979589688815
L48T16beta4.18ms0.037265m0.001022,4.18,157.03,48,16,907,8.190079452290905e-8,0.1449211626860409,0.9664992522371164
L48T16beta4.18ms0.037265m0.001022,4.18,157.03,48,16,908,8.19009041139881e-8,0.14492135660438676,0.9665005455053514
L48T16beta4.18ms0.037265m0.001022,4.18,157.03,48,16,909,8.190101370506718e-8,0.14492155052273262,0.9665018387735863
L48T16beta4.18ms0.037265m0.001022,4.18,157.03,48,16,910,8.190112329614625e-8,0.1449217444410785,0.9665031320418213
L48T16beta4.18ms0.037265m0.001022,4.18,157.03,48,16,911,8.190123288722532e-8,0.14492193835942435,0.9665044253100562
L48T16beta4.18ms0.037265m0.001022,4.18,157.03,48,16,912,8.190134247830439e-8,0.14492213227777023,0.9665057185782912
L48T16beta4.18ms0.037265m0.001022,4.18,157.03,48,16,913,8.190145206938346e-8,0.14492232619611609,0.9665070118465261
L48T16beta4.18ms0.037265m0.001022,4.18,157.03,48,16,914,8.190156166046252e-8,0.14492252011446194,0.966508305114761
L48T16beta4.18ms0.037265m0.001022,4.18,157.03,48,16,915,8.19016712515416e-8,0.14492271403280782,0.966509598382996
L48T16beta4.18ms0.037265m0.001022,4.18,157.03,48,16,916,8.190178084262067e-8,0.14492290795115367,0.9665108916512309
L48T16beta4.18ms0.037265m0.001022,4.18,157.03,48,16,917,8.190189043369974e-8,0.14492310186949955,0.9665121849194659
L48T16beta4.18ms0.037265m0.001022,4.18,157.03,48,16,918,8.190200002477881e-8,0.1449232957878454,0.9665134781877008
L48T16beta4.18ms0.037265m0.001022,4.18,157.03,48,16,919,8.190210961585787e-8,0.14492348970619126,0.9665147714559358
L48T16beta4.18ms0.037265m0.001022,4.18,157.03,48,16,920,8.190221920693695e-8,0.14492368362453714,0.9665160647241706
L48T16beta4.18ms0.037265m0.001022,4.18,157.03,48,16,921,8.190232879801601e-8,0.144923877542883,0.9665173579924056
L48T16beta4.18ms0.037265m0.001022,4.18,157.03,48,16,922,8.190243838909508e-8,0.14492407146122885,0.9665186512606405
L48T16beta4.18ms0.037265m0.001022,4.18,157.03,48,16,923,8.190254798017417e-8,0.14492426537957473,0.9665199445288755
L48T16beta4.18ms0.037265m0.001022,4.18,157.03,48,16,924,8.190265757125322e-8,0.14492445929792058,0.9665212377971104
L48T16beta4.18ms0.037265m0.001022,4.18,157.03,48,16,925,8.190276716233231e-8,0.14492465321626646,0.9665225310653454
L48T16beta4.18ms0.037265m0.001022,4.18,157.03,48,16,926,8.190287675341136e-8,0.14492484713461232,0.9665238243335803
L48T16beta4.18ms0.037265m0.001022,4.18,157.03,48,16,927,8.190298634449043e-8,0.14492504105295817,0.9665251176018153
L48T16beta4.18ms0.037265m0.001022,4.18,157.03,48,16,928,8.19030959355695e-8,0.14492523497130405,0.9665264108700502
L48T16beta4.18ms0.037265m0.001022,4.18,157.03,48,16,929,8.190320552664858e-8,0.1449254288896499,0.9665277041382851
L48T16beta4.18ms0.037265m0.001022,4.18,157.03,48,16,930,8.190331511772765e-8,0.14492562280799579,0.9665289974065201
L48T16beta4.18ms0.037265m0.001022,4.18,157.03,48,16,931,8.190342470880672e-8,0.14492581672634164,0.966530290674755
L48T16beta4.18ms0.037265m0.001022,4.18,157.03,48,16,932,8.190353429988578e-8,0.1449260106446875,0.96653158394299
L48T16beta4.18ms0.037265m0.001022,4.18,157.03,48,16,933,8.190364389096486e-8,0.14492620456303337,0.9665328772112249
L48T16beta4.18ms0.037265m0.001022,4.18,157.03,48,16,934,8.190375348204393e-8,0.14492639848137923,0.9665341704794599
L48T16beta4.18ms0.037265m0.001022,4.18,157.03,48,16,935,8.190386307312299e-8,0.14492659239972508,0.9665354637476948
L48T16beta4.18ms0.037265m0.001022,4.18,157.03,48,16,936,8.190397266420207e-8,0.14492678631807096,0.9665367570159298
L48T16beta4.18ms0.037265m0.001022,4.18,157.03,48,16,937,8.190408225528113e-8,0.1449269802364168,0.9665380502841646
L48T16beta4.18ms0.037265m0.001022,4.18,157.03,48,16,938,8.190419184636021e-8,0.1449271741547627,0.9665393435523996
L48T16beta4.18ms0.037265m0.001022,4.18,157.03,48,16,939,8.190430143743927e-8,0.14492736807310855,0.9665406368206345
L48T16beta4.18ms0.037265m0.001022,4.18,157.03,48,16,940,8.190441102851834e-8,0.1449275619914544,0.9665419300888695
L48T16beta4.18ms0.037265m0.001022,4.18,157.03,48,16,941,8.190452061959741e-8,0.14492775590980028,0.9665432233571044
L48T16beta4.18ms0.037265m0.001022,4.18,157.03,48,16,942,8.190463021067648e-8,0.14492794982814614,0.9665445166253394
L48T16beta4.18ms0.037265m0.001022,4.18,157.03,48,16,943,8.190473980175557e-8,0.14492814374649202,0.9665458098935743
L48T16beta4.18ms0.037265m0.001022,4.18,157.03,48,16,944,8.190484939283462e-8,0.14492833766483787,0.9665471031618093
L48T16beta4.18ms0.037265m0.001022,4.18,157.03,48,16,945,8.19049589839137e-8,0.14492853158318372,0.9665483964300442
L48T16beta4.18ms0.037265m0.001022,4.18,157.03,48,16,946,8.190506857499276e-8,0.1449287255015296,0.9665496896982791
L48T16beta4.18ms0.037265m0.001022,4.18,157.03,48,16,947,8.190517816607184e-8,0.14492891941987546,0.9665509829665141
L48T16beta4.18ms0.037265m0.001022,4.18,157.03,48,16,948,8.190528775715089e-8,0.1449291133382213,0.966552276234749
L48T16beta4.18ms0.037265m0.001022,4.18,157.03,48,16,949,8.190539734822998e-8,0.1449293072565672,0.966553569502984
L48T16beta4.18ms0.037265m0.001022,4.18,157.03,48,16,950,8.190550693930903e-8,0.14492950117491304,0.9665548627712189
L48T16beta4.18ms0.037265m0.001022,4.18,157.03,48,16,951,8.190561653038812e-8,0.14492969509325893,0.9665561560394539
L48T16beta4.18ms0.037265m0.001022,4.18,157.03,48,16,952,8.190572612146719e-8,0.14492988901160478,0.9665574493076888
L48T16beta4.18ms0.037265m0.001022,4.18,157.03,48,16,953,8.190583571254625e-8,0.14493008292995063,0.9665587425759238
L48T16beta4.18ms0.037265m0.001022,4.18,157.03,48,16,954,8.190594530362533e-8,0.1449302768482965,0.9665600358441586
L48T16beta4.18ms0.037265m0.001022,4.18,157.03,48,16,955,8.190605489470439e-8,0.14493047076664237,0.9665613291123936
L48T16beta4.18ms0.037265m0.001022,4.18,157.03,48,16,956,8.190616448578347e-8,0.14493066468498825,0.9665626223806285
L48T16beta4.18ms0.037265m0.001022,4.18,157.03,48,16,957,8.190627407686253e-8,0.1449308586033341,0.9665639156488635
L48T16beta4.18ms0.037265m0.001022,4.18,157.03,48,16,958,8.19063836679416e-8,0.14493105252167995,0.9665652089170984
L48T16beta4.18ms0.037265m0.001022,4.18,157.03,48,16,959,8.190649325902067e-8,0.14493124644002583,0.9665665021853334
L48T16beta4.18ms0.037265m0.001022,4.18,157.03,48,16,960,8.190660285009974e-8,0.1449314403583717,0.9665677954535683
L48T16beta4.18ms0.037265m0.001022,4.18,157.03,48,16,961,8.190671244117883e-8,0.14493163427671757,0.9665690887218032
L48T16beta4.18ms0.037265m0.001022,4.18,157.03,48,16,962,8.190682203225788e-8,0.14493182819506342,0.9665703819900382
L48T16beta4.18ms0.037265m0.001022,4.18,157.03,48,16,963,8.190693162333695e-8,0.14493202211340928,0.9665716752582731
L48T16beta4.18ms0.037265m0.001022,4.18,157.03,48,16,964,8.190704121441602e-8,0.14493221603175516,0.9665729685265081
L48T16beta4.18ms0.037265m0.001022,4.18,157.03,48,16,965,8.19071508054951e-8,0.144932409950101,0.966574261794743
L48T16beta4.18ms0.037265m0.001022,4.18,157.03,48,16,966,8.190726039657415e-8,0.14493260386844686,0.966575555062978
L48T16beta4.18ms0.037265m0.001022,4.18,157.03,48,16,967,8.190736998765324e-8,0.14493279778679274,0.9665768483312129
L48T16beta4.18ms0.037265m0.001022,4.18,157.03,48,16,968,8.19074795787323e-8,0.1449329917051386,0.9665781415994479
L48T16beta4.18ms0.037265m0.001022,4.18,157.03,48,16,969,8.190758916981138e-8,0.14493318562348448,0.9665794348676828
L48T16beta4.18ms0.037265m0.001022,4.18,157.03,48,16,970,8.190769876089044e-8,0.14493337954183033,0.9665807281359178
L48T16beta4.18ms0.037265m0.001022,4.18,157.03,48,16,971,8.19078083519695e-8,0.14493357346017618,0.9665820214041526
L48T16beta4.18ms0.037265m0.001022,4.18,157.03,48,16,972,8.190791794304859e-8,0.14493376737852207,0.9665833146723876
L48T16beta4.18ms0.037265m0.001022,4.18,157.03,48,16,973,8.190802753412765e-8,0.14493396129686792,0.9665846079406225
L48T16beta4.18ms0.037265m0.001022,4.18,157.03,48,16,974,8.190813712520673e-8,0.1449341552152138,0.9665859012088575
L48T16beta4.18ms0.037265m0.001022,4.18,157.03,48,16,975,8.190824671628579e-8,0.14493434913355965,0.9665871944770924
L48T16beta4.18ms0.037265m0.001022,4.18,157.03,48,16,976,8.190835630736486e-8,0.1449345430519055,0.9665884877453274
L48T16beta4.18ms0.037265m0.001022,4.18,157.03,48,16,977,8.190846589844393e-8,0.1449347369702514,0.9665897810135623
L48T16beta4.18ms0.037265m0.001022,4.18,157.03,48,16,978,8.1908575489523e-8,0.14493493088859724,0.9665910742817972
L48T16beta4.18ms0.037265m0.001022,4.18,157.03,48,16,979,8.190868508060206e-8,0.1449351248069431,0.9665923675500322
L48T16beta4.18ms0.037265m0.001022,4.18,157.03,48,16,980,8.190879467168114e-8,0.14493531872528898,0.9665936608182671
L48T16beta4.18ms0.037265m0.001022,4.18,157.03,48,16,981,8.190890426276021e-8,0.14493551264363483,0.9665949540865021
L48T16beta4.18ms0.037265m0.001022,4.18,157.03,48,16,982,8.190901385383928e-8,0.1449357065619807,0.966596247354737
L48T16beta4.18ms0.037265m0.001022,4.18,157.03,48,16,983,8.190912344491835e-8,0.14493590048032656,0.966597540622972
L48T16beta4.18ms0.037265m0.001022,4.18,157.03,48,16,984,8.190923303599741e-8,0.14493609439867242,0.9665988338912069
L48T16beta4.18ms0.037265m0.001022,4.18,157.03,48,16,985,8.19093426270765e-8,0.1449362883170183,0.9666001271594419
L48T16beta4.18ms0.037265m0.001022,4.18,157.03,48,16,986,8.190945221815555e-8,0.14493648223536415,0.9666014204276768
L48T16beta4.18ms0.037265m0.001022,4.18,157.03,48,16,987,8.190956180923464e-8,0.14493667615371003,0.9666027136959118
L48T16beta4.18ms0.037265m0.001022,4.18,157.03,48,16,988,8.19096714003137e-8,0.14493687007205588,0.9666040069641467
L48T16beta4.18ms0.037265m0.001022,4.18,157.03,48,16,989,8.190978099139277e-8,0.14493706399040174,0.9666053002323816
L48T16beta4.18ms0.037265m0.001022,4.18,157.03,48,16,990,8.190989058247185e-8,0.14493725790874762,0.9666065935006165
L48T16beta4.18ms0.037265m0.001022,4.18,157.03,48,16,991,8.191000017355091e-8,0.14493745182709347,0.9666078867688515
L48T16beta4.18ms0.037265m0.001022,4.18,157.03,48,16,992,8.191010976462998e-8,0.14493764574543933,0.9666091800370864
L48T16beta4.18ms0.037265m0.001022,4.18,157.03,48,16,993,8.191021935570905e-8,0.1449378396637852,0.9666104733053213
L48T16beta4.18ms0.037265m0.001022,4.18,157.03,48,16,994,8.191032894678812e-8,0.14493803358213106,0.9666117665735563
L48T16beta4.18ms0.037265m0.001022,4.18,157.03,48,16,995,8.191043853786719e-8,0.14493822750047694,0.9666130598417912
L48T16beta4.18ms0.037265m0.001022,4.18,157.03,48,16,996,8.191054812894626e-8,0.1449384214188228,0.9666143531100262
L48T16beta4.18ms0.037265m0.001022,4.18,157.03,48,16,997,8.191065772002532e-8,0.14493861533716865,0.9666156463782611
L48T16beta4.18ms0.037265m0.001022,4.18,157.03,48,16,998,8.19107673111044e-8,0.14493880925551453,0.9666169396464961
L48T16beta4.18ms0.037265m0.001022,4.18,157.03,48,16,999,8.191087690218346e-8,0.14493900317386038,0.966618232914731
L48T16beta4.18ms0.037265m0.001022,4.18,157.03,48,16,1000,8.191098649326254e-8,0.14493919709220626,0.966619526182966
L48T16beta4.18ms0.037265m0.001022,4.18,157.03,48,16,1001,8.191109608434161e-8,0.14493939101055212,0.9666208194512009
L48T16beta4.18ms0.037265m0.001022,4.18,157.03,48,16,1002,8.191120567542067e-8,0.14493958492889797,0.9666221127194359
L48T16beta4.18ms0.037265m0.001022,4.18,157.03,48,16,1003,8.191131526649976e-8,0.14493977884724385,0.9666234059876708
L48T16beta4.18ms0.037265m0.001022,4.18,157.03,48,16,1004,8.191142485757881e-8,0.1449399727655897,0.9666246992559058
L48T16beta4.18ms0.037265m0.001022,4.18,157.03,48,16,1005,8.19115344486579e-8,0.14494016668393558,0.9666259925241407
L48T16beta4.18ms0.037265m0.001022,4.18,157.03,48,16,1006,8.191164403973695e-8,0.14494036060228144,0.9666272857923756
L48T16beta4.18ms0.037265m0.001022,4.18,157.03,48,16,1007,8.191175363081602e-8,0.1449405545206273,0.9666285790606105
L48T16beta4.18ms0.037265m0.001022,4.18,157.03,48,16,1008,8.191186322189511e-8,0.14494074843897317,0.9666298723288455
L48T16beta4.18ms0.037265m0.001022,4.18,157.03,48,16,1009,8.191197281297417e-8,0.14494094235731902,0.9666311655970804
L48T16beta4.18ms0.037265m0.001022,4.18,157.03,48,16,1010,8.191208240405324e-8,0.14494113627566488,0.9666324588653153
L48T16beta4.18ms0.037265m0.001022,4.18,157.03,48,16,1011,8.191219199513231e-8,0.14494133019401076,0.9666337521335503
L48T16beta4.18ms0.037265m0.001022,4.18,157.03,48,16,1012,8.191230158621138e-8,0.1449415241123566,0.9666350454017852
L48T16beta4.18ms0.037265m0.001022,4.18,157.03,48,16,1013,8.191241117729045e-8,0.1449417180307025,0.9666363386700202
L48T16beta4.18ms0.037265m0.001022,4.18,157.03,48,16,1014,8.191252076836952e-8,0.14494191194904835,0.9666376319382551
L48T16beta4.18ms0.037265m0.001022,4.18,157.03,48,16,1015,8.191263035944858e-8,0.1449421058673942,0.9666389252064901
L48T16beta4.18ms0.037265m0.001022,4.18,157.03,48,16,1016,8.191273995052766e-8,0.14494229978574008,0.966640218474725
L48T16beta4.18ms0.037265m0.001022,4.18,157.03,48,16,1017,8.191284954160672e-8,0.14494249370408593,0.96664151174296
L48T16beta4.18ms0.037265m0.001022,4.18,157.03,48,16,1018,8.19129591326858e-8,0.14494268762243182,0.9666428050111949
L48T16beta4.18ms0.037265m0.001022,4.18,157.03,48,16,1019,8.191306872376487e-8,0.14494288154077767,0.9666440982794299
L48T16beta4.18ms0.037265m0.001022,4.18,157.03,48,16,1020,8.191317831484393e-8,0.14494307545912352,0.9666453915476648
L48T16beta4.18ms0.037265m0.001022,4.18,157.03,48,16,1021,8.191328790592301e-8,0.1449432693774694,0.9666466848158998
L48T16beta4.18ms0.037265m0.001022,4.18,157.03,48,16,1022,8.191339749700207e-8,0.14494346329581526,0.9666479780841347
L48T16beta4.18ms0.037265m0.001022,4.18,157.03,48,16,1023,8.191350708808114e-8,0.1449436572141611,0.9666492713523696
L48T16beta4.18ms0.037265m0.001022,4.18,157.03,48,16,1024,8.191361667916021e-8,0.144943851132507,0.9666505646206045
L48T16beta4.18ms0.037265m0.001022,4.18,157.03,48,16,1025,8.191372627023928e-8,0.14494404505085284,0.9666518578888394
L48T16beta4.18ms0.037265m0.001022,4.18,157.03,48,16,1026,8.191383586131837e-8,0.14494423896919872,0.9666531511570744
L48T16beta4.18ms0.037265m0.001022,4.18,157.03,48,16,1027,8.191394545239743e-8,0.14494443288754458,0.9666544444253093
L48T16beta4.18ms0.037265m0.001022,4.18,157.03,48,16,1028,8.191405504347648e-8,0.14494462680589043,0.9666557376935443
L48T16beta4.18ms0.037265m0.001022,4.18,157.03,48,16,1029,8.191416463455557e-8,0.1449448207242363,0.9666570309617792
L48T16beta4.18ms0.037265m0.001022,4.18,157.03,48,16,1030,8.191427422563464e-8,0.14494501464258217,0.9666583242300142
L48T16beta4.18ms0.037265m0.001022,4.18,157.03,48,16,1031,8.191438381671371e-8,0.14494520856092805,0.9666596174982491
L48T16beta4.18ms0.037265m0.001022,4.18,157.03,48,16,1032,8.191449340779278e-8,0.1449454024792739,0.9666609107664841
L48T16beta4.18ms0.037265m0.001022,4.18,157.03,48,16,1033,8.191460299887184e-8,0.14494559639761975,0.966662204034719
L48T16beta4.18ms0.037265m0.001022,4.18,157.03,48,16,1034,8.191471258995092e-8,0.14494579031596563,0.966663497302954
L48T16beta4.18ms0.037265m0.001022,4.18,157.03,48,16,1035,8.191482218102998e-8,0.1449459842343115,0.9666647905711889
L48T16beta4.18ms0.037265m0.001022,4.18,157.03,48,16,1036,8.191493177210906e-8,0.14494617815265737,0.9666660838394239
L48T16beta4.18ms0.037265m0.001022,4.18,157.03,48,16,1037,8.191504136318813e-8,0.14494637207100322,0.9666673771076588
L48T16beta4.18ms0.037265m0.001022,4.18,157.03,48,16,1038,8.191515095426719e-8,0.14494656598934907,0.9666686703758938
L48T16beta4.18ms0.037265m0.001022,4.18,157.03,48,16,1039,8.191526054534627e-8,0.14494675990769496,0.9666699636441287
L48T16beta4.18ms0.037265m0.001022,4.18,157.03,48,16,1040,8.191537013642533e-8,0.1449469538260408,0.9666712569123636
L48T16beta4.18ms0.037265m0.001022,4.18,157.03,48,16,1041,8.19154797275044e-8,0.14494714774438666,0.9666725501805985
L48T16beta4.18ms0.037265m0.001022,4.18,157.03,48,16,1042,8.191558931858347e-8,0.14494734166273254,0.9666738434488334
L48T16beta4.18ms0.037265m0.001022,4.18,157.03,48,16,1043,8.191569890966254e-8,0.1449475355810784,0.9666751367170684
L48T16beta4.18ms0.037265m0.001022,4.18,157.03,48,16,1044,8.191580850074161e-8,0.14494772949942428,0.9666764299853033
L48T16beta4.18ms0.037265m0.001022,4.18,157.03,48,16,1045,8.191591809182069e-8,0.14494792341777013,0.9666777232535383
L48T16beta4.18ms0.037265m0.001022,4.18,157.03,48,16,1046,8.191602768289974e-8,0.14494811733611598,0.9666790165217732
L48T16beta4.18ms0.037265m0.001022,4.18,157.03,48,16,1047,8.191613727397883e-8,0.14494831125446186,0.9666803097900082
L48T16beta4.18ms0.037265m0.001022,4.18,157.03,48,16,1048,8.19162468650579e-8,0.14494850517280772,0.9666816030582431
L48T16beta4.18ms0.037265m0.001022,4.18,157.03,48,16,1049,8.191635645613697e-8,0.1449486990911536,0.9666828963264781
L48T16beta4.18ms0.037265m0.001022,4.18,157.03,48,16,1050,8.191646604721604e-8,0.14494889300949945,0.966684189594713
L48T16beta4.18ms0.037265m0.001022,4.18,157.03,48,16,1051,8.19165756382951e-8,0.1449490869278453,0.966685482862948
L48T16beta4.18ms0.037265m0.001022,4.18,157.03,48,16,1052,8.191668522937418e-8,0.1449492808461912,0.9666867761311829
L48T16beta4.18ms0.037265m0.001022,4.18,157.03,48,16,1053,8.191679482045324e-8,0.14494947476453704,0.9666880693994179
L48T16beta4.18ms0.037265m0.001022,4.18,157.03,48,16,1054,8.191690441153231e-8,0.1449496686828829,0.9666893626676528
L48T16beta4.18ms0.037265m0.001022,4.18,157.03,48,16,1055,8.191701400261139e-8,0.14494986260122877,0.9666906559358878
L48T16beta4.18ms0.037265m0.001022,4.18,157.03,48,16,1056,8.191712359369045e-8,0.14495005651957463,0.9666919492041227
L48T16beta4.18ms0.037265m0.001022,4.18,157.03,48,16,1057,8.191723318476953e-8,0.1449502504379205,0.9666932424723577
L48T16beta4.18ms0.037265m0.001022,4.18,157.03,48,16,1058,8.191734277584859e-8,0.14495044435626636,0.9666945357405925
L48T16beta4.18ms0.037265m0.001022,4.18,157.03,48,16,1059,8.191745236692766e-8,0.14495063827461221,0.9666958290088274
L48T16beta4.18ms0.037265m0.001022,4.18,157.03,48,16,1060,8.191756195800673e-8,0.1449508321929581,0.9666971222770624
L48T16beta4.18ms0.037265m0.001022,4.18,157.03,48,16,1061,8.19176715490858e-8,0.14495102611130395,0.9666984155452973
L48T16beta4.18ms0.037265m0.001022,4.18,157.03,48,16,1062,8.191778114016487e-8,0.14495122002964983,0.9666997088135323
L48T16beta4.18ms0.037265m0.001022,4.18,157.03,48,16,1063,8.191789073124394e-8,0.14495141394799568,0.9667010020817672
L48T16beta4.18ms0.037265m0.001022,4.18,157.03,48,16,1064,8.1918000322323e-8,0.14495160786634154,0.9667022953500022
L48T16beta4.18ms0.037265m0.001022,4.18,157.03,48,16,1065,8.191810991340209e-8,0.14495180178468742,0.9667035886182371
L48T16beta4.18ms0.037265m0.001022,4.18,157.03,48,16,1066,8.191821950448116e-8,0.14495199570303327,0.9667048818864721
L48T16beta4.18ms0.037265m0.001022,4.18,157.03,48,16,1067,8.191832909556021e-8,0.14495218962137912,0.966706175154707
L48T16beta4.18ms0.037265m0.001022,4.18,157.03,48,16,1068,8.19184386866393e-8,0.144952383539725,0.966707468422942
L48T16beta4.18ms0.037265m0.001022,4.18,157.03,48,16,1069,8.191854827771836e-8,0.14495257745807086,0.9667087616911769
L48T16beta4.18ms0.037265m0.001022,4.18,157.03,48,16,1070,8.191865786879744e-8,0.14495277137641674,0.9667100549594119
L48T16beta4.18ms0.037265m0.001022,4.18,157.03,48,16,1071,8.19187674598765e-8,0.1449529652947626,0.9667113482276468
L48T16beta4.18ms0.037265m0.001022,4.18,157.03,48,16,1072,8.191887705095557e-8,0.14495315921310845,0.9667126414958818
L48T16beta4.18ms0.037265m0.001022,4.18,157.03,48,16,1073,8.191898664203464e-8,0.14495335313145433,0.9667139347641167
L48T16beta4.18ms0.037265m0.001022,4.18,157.03,48,16,1074,8.191909623311371e-8,0.14495354704980018,0.9667152280323517
L48T16beta4.18ms0.037265m0.001022,4.18,157.03,48,16,1075,8.191920582419279e-8,0.14495374096814606,0.9667165213005865
L48T16beta4.18ms0.037265m0.001022,4.18,157.03,48,16,1076,8.191931541527185e-8,0.14495393488649191,0.9667178145688214
L48T16beta4.18ms0.037265m0.001022,4.18,157.03,48,16,1077,8.191942500635092e-8,0.14495412880483777,0.9667191078370564
L48T16beta4.18ms0.037265m0.001022,4.18,157.03,48,16,1078,8.191953459742999e-8,0.14495432272318365,0.9667204011052913
L48T16beta4.18ms0.037265m0.001022,4.18,157.03,48,16,1079,8.191964418850906e-8,0.1449545166415295,0.9667216943735263
L48T16beta4.18ms0.037265m0.001022,4.18,157.03,48,16,1080,8.191975377958813e-8,0.14495471055987538,0.9667229876417612
L48T16beta4.18ms0.037265m0.001022,4.18,157.03,48,16,1081,8.19198633706672e-8,0.14495490447822124,0.9667242809099962
L48T16beta4.18ms0.037265m0.001022,4.18,157.03,48,16,1082,8.191997296174626e-8,0.1449550983965671,0.9667255741782311
L48T16beta4.18ms0.037265m0.001022,4.18,157.03,48,16,1083,8.192008255282535e-8,0.14495529231491297,0.9667268674464661
L48T16beta4.18ms0.037265m0.001022,4.18,157.03,48,16,1084,8.192019214390442e-8,0.14495548623325882,0.966728160714701
L48T16beta4.18ms0.037265m0.001022,4.18,157.03,48,16,1085,8.192030173498347e-8,0.14495568015160468,0.966729453982936
L48T16beta4.18ms0.037265m0.001022,4.18,157.03,48,16,1086,8.192041132606256e-8,0.14495587406995056,0.9667307472511709
L48T16beta4.18ms0.037265m0.001022,4.18,157.03,48,16,1087,8.192052091714161e-8,0.1449560679882964,0.9667320405194059
L48T16beta4.18ms0.037265m0.001022,4.18,157.03,48,16,1088,8.19206305082207e-8,0.1449562619066423,0.9667333337876408
L48T16beta4.18ms0.037265m0.001022,4.18,157.03,48,16,1089,8.192074009929976e-8,0.14495645582498815,0.9667346270558758
L48T16beta4.18ms0.037265m0.001022,4.18,157.03,48,16,1090,8.192084969037883e-8,0.144956649743334,0.9667359203241107
L48T16beta4.18ms0.037265m0.001022,4.18,157.03,48,16,1091,8.19209592814579e-8,0.14495684366167988,0.9667372135923457
L48T16beta4.18ms0.037265m0.001022,4.18,157.03,48,16,1092,8.192106887253697e-8,0.14495703758002573,0.9667385068605805
L48T16beta4.18ms0.037265m0.001022,4.18,157.03,48,16,1093,8.192117846361605e-8,0.1449572314983716,0.9667398001288154
L48T16beta4.18ms0.037265m0.001022,4.18,157.03,48,16,1094,8.192128805469511e-8,0.14495742541671747,0.9667410933970504
L48T16beta4.18ms0.037265m0.001022,4.18,157.03,48,16,1095,8.192139764577418e-8,0.14495761933506332,0.9667423866652853
L48T16beta4.18ms0.037265m0.001022,4.18,157.03,48,16,1096,8.192150723685325e-8,0.1449578132534092,0.9667436799335203
L48T16beta4.18ms0.037265m0.001022,4.18,157.03,48,16,1097,8.192161682793232e-8,0.14495800717175505,0.9667449732017552
L48T16beta4.18ms0.037265m0.001022,4.18,157.03,48,16,1098,8.192172641901138e-8,0.1449582010901009,0.9667462664699902
L48T16beta4.18ms0.037265m0.001022,4.18,157.03,48,16,1099,8.192183601009046e-8,0.1449583950084468,0.9667475597382251
L48T16beta4.18ms0.037265m0.001022,4.18,157.03,48,16,1100,8.192194560116952e-8,0.14495858892679264,0.9667488530064601
L48T16beta4.18ms0.037265m0.001022,4.18,157.03,48,16,1101,8.19220551922486e-8,0.14495878284513852,0.966750146274695
L48T16beta4.18ms0.037265m0.001022,4.18,157.03,48,16,1102,8.192216478332766e-8,0.14495897676348438,0.96675143954293
L48T16beta4.18ms0.037265m0.001022,4.18,157.03,48,16,1103,8.192227437440673e-8,0.14495917068183023,0.9667527328111649
L48T16beta4.18ms0.037265m0.001022,4.18,157.03,48,16,1104,8.192238396548582e-8,0.1449593646001761,0.9667540260793999
L48T16beta4.18ms0.037265m0.001022,4.18,157.03,48,16,1105,8.192249355656487e-8,0.14495955851852196,0.9667553193476348
L48T16beta4.18ms0.037265m0.001022,4.18,157.03,48,16,1106,8.192260314764396e-8,0.14495975243686784,0.9667566126158698
L48T16beta4.18ms0.037265m0.001022,4.18,157.03,48,16,1107,8.192271273872302e-8,0.1449599463552137,0.9667579058841047
L48T16beta4.18ms0.037265m0.001022,4.18,157.03,48,16,1108,8.192282232980209e-8,0.14496014027355955,0.9667591991523397
L48T16beta4.18ms0.037265m0.001022,4.18,157.03,48,16,1109,8.192293192088116e-8,0.14496033419190543,0.9667604924205745
L48T16beta4.18ms0.037265m0.001022,4.18,157.03,48,16,1110,8.192304151196023e-8,0.14496052811025129,0.9667617856888094
L48T16beta4.18ms0.037265m0.001022,4.18,157.03,48,16,1111,8.192315110303929e-8,0.14496072202859714,0.9667630789570444
L48T16beta4.18ms0.037265m0.001022,4.18,157.03,48,16,1112,8.192326069411837e-8,0.14496091594694302,0.9667643722252793
L48T16beta4.18ms0.037265m0.001022,4.18,157.03,48,16,1113,8.192337028519744e-8,0.14496110986528887,0.9667656654935143
L48T16beta4.18ms0.037265m0.001022,4.18,157.03,48,16,1114,8.192347987627651e-8,0.14496130378363475,0.9667669587617492
L48T16beta4.18ms0.037265m0.001022,4.18,157.03,48,16,1115,8.192358946735558e-8,0.1449614977019806,0.9667682520299842
L48T16beta4.18ms0.037265m0.001022,4.18,157.03,48,16,1116,8.192369905843464e-8,0.14496169162032646,0.9667695452982191
L48T16beta4.18ms0.037265m0.001022,4.18,157.03,48,16,1117,8.192380864951372e-8,0.14496188553867234,0.9667708385664541
L48T16beta4.18ms0.037265m0.001022,4.18,157.03,48,16,1118,8.192391824059278e-8,0.1449620794570182,0.966772131834689
L48T16beta4.18ms0.037265m0.001022,4.18,157.03,48,16,1119,8.192402783167186e-8,0.14496227337536408,0.966773425102924
L48T16beta4.18ms0.037265m0.001022,4.18,157.03,48,16,1120,8.192413742275092e-8,0.14496246729370993,0.9667747183711589
L48T16beta4.18ms0.037265m0.001022,4.18,157.03,48,16,1121,8.192424701382999e-8,0.14496266121205578,0.9667760116393939
L48T16beta4.18ms0.037265m0.001022,4.18,157.03,48,16,1122,8.192435660490908e-8,0.14496285513040166,0.9667773049076288
L48T16beta4.18ms0.037265m0.001022,4.18,157.03,48,16,1123,8.192446619598813e-8,0.14496304904874752,0.9667785981758638
L48T16beta4.18ms0.037265m0.001022,4.18,157.03,48,16,1124,8.192457578706722e-8,0.1449632429670934,0.9667798914440987
L48T16beta4.18ms0.037265m0.001022,4.18,157.03,48,16,1125,8.192468537814628e-8,0.14496343688543925,0.9667811847123337
L48T16beta4.18ms0.037265m0.001022,4.18,157.03,48,16,1126,8.192479496922535e-8,0.1449636308037851,0.9667824779805686
L48T16beta4.18ms0.037265m0.001022,4.18,157.03,48,16,1127,8.192490456030442e-8,0.14496382472213099,0.9667837712488034
L48T16beta4.18ms0.037265m0.001022,4.18,157.03,48,16,1128,8.192501415138349e-8,0.14496401864047684,0.9667850645170384
L48T16beta4.18ms0.037265m0.001022,4.18,157.03,48,16,1129,8.192512374246254e-8,0.1449642125588227,0.9667863577852733
L48T16beta4.18ms0.037265m0.001022,4.18,157.03,48,16,1130,8.192523333354163e-8,0.14496440647716857,0.9667876510535083
L48T16beta4.18ms0.037265m0.001022,4.18,157.03,48,16,1131,8.192534292462069e-8,0.14496460039551443,0.9667889443217432
L48T16beta4.18ms0.037265m0.001022,4.18,157.03,48,16,1132,8.192545251569977e-8,0.1449647943138603,0.9667902375899782
L48T16beta4.18ms0.037265m0.001022,4.18,157.03,48,16,1133,8.192556210677884e-8,0.14496498823220616,0.9667915308582131
L48T16beta4.18ms0.037265m0.001022,4.18,157.03,48,16,1134,8.19256716978579e-8,0.144965182150552,0.9667928241264481
L48T16beta4.18ms0.037265m0.001022,4.18,157.03,48,16,1135,8.192578128893698e-8,0.1449653760688979,0.966794117394683
L48T16beta4.18ms0.037265m0.001022,4.18,157.03,48,16,1136,8.192589088001604e-8,0.14496556998724375,0.966795410662918
L48T16beta4.18ms0.037265m0.001022,4.18,157.03,48,16,1137,8.192600047109512e-8,0.14496576390558963,0.9667967039311529
L48T16beta4.18ms0.037265m0.001022,4.18,157.03,48,16,1138,8.192611006217418e-8,0.14496595782393548,0.9667979971993879
L48T16beta4.18ms0.037265m0.001022,4.18,157.03,48,16,1139,8.192621965325325e-8,0.14496615174228134,0.9667992904676228
L48T16beta4.18ms0.037265m0.001022,4.18,157.03,48,16,1140,8.192632924433234e-8,0.14496634566062722,0.9668005837358578
L48T16beta4.18ms0.037265m0.001022,4.18,157.03,48,16,1141,8.192643883541139e-8,0.14496653957897307,0.9668018770040927
L48T16beta4.18ms0.037265m0.001022,4.18,157.03,48,16,1142,8.192654842649046e-8,0.14496673349731892,0.9668031702723276
L48T16beta4.18ms0.037265m0.001022,4.18,157.03,48,16,1143,8.192665801756953e-8,0.1449669274156648,0.9668044635405626
L48T16beta4.18ms0.037265m0.001022,4.18,157.03,48,16,1144,8.19267676086486e-8,0.14496712133401066,0.9668057568087974
L48T16beta4.18ms0.037265m0.001022,4.18,157.03,48,16,1145,8.192687719972768e-8,0.14496731525235654,0.9668070500770324
L48T16beta4.18ms0.037265m0.001022,4.18,157.03,48,16,1146,8.192698679080675e-8,0.1449675091707024,0.9668083433452673
L48T16beta4.18ms0.037265m0.001022,4.18,157.03,48,16,1147,8.19270963818858e-8,0.14496770308904824,0.9668096366135023
L48T16beta4.18ms0.037265m0.001022,4.18,157.03,48,16,1148,8.192720597296489e-8,0.14496789700739413,0.9668109298817372
L48T16beta4.18ms0.037265m0.001022,4.18,157.03,48,16,1149,8.192731556404395e-8,0.14496809092573998,0.9668122231499722
L48T16beta4.18ms0.037265m0.001022,4.18,157.03,48,16,1150,8.192742515512303e-8,0.14496828484408586,0.9668135164182071
L48T16beta4.18ms0.037265m0.001022,4.18,157.03,48,16,1151,8.19275347462021e-8,0.1449684787624317,0.9668148096864421
L48T16beta4.18ms0.037265m0.001022,4.18,157.03,48,16,1152,8.192764433728116e-8,0.14496867268077757,0.966816102954677
L48T16beta4.18ms0.037265m0.001022,4.18,157.03,48,16,1153,8.192775392836024e-8,0.14496886659912345,0.966817396222912
L48T16beta4.18ms0.037265m0.001022,4.18,157.03,48,16,1154,8.19278635194393e-8,0.1449690605174693,0.9668186894911469
L48T16beta4.18ms0.037265m0.001022,4.18,157.03,48,16,1155,8.192797311051838e-8,0.14496925443581518,0.9668199827593819
L48T16beta4.18ms0.037265m0.001022,4.18,157.03,48,16,1156,8.192808270159744e-8,0.14496944835416103,0.9668212760276168
L48T16beta4.18ms0.037265m0.001022,4.18,157.03,48,16,1157,8.192819229267651e-8,0.1449696422725069,0.9668225692958518
L48T16beta4.18ms0.037265m0.001022,4.18,157.03,48,16,1158,8.19283018837556e-8,0.14496983619085277,0.9668238625640867
L48T16beta4.18ms0.037265m0.001022,4.18,157.03,48,16,1159,8.192841147483465e-8,0.14497003010919862,0.9668251558323216
L48T16beta4.18ms0.037265m0.001022,4.18,157.03,48,16,1160,8.192852106591371e-8,0.14497022402754448,0.9668264491005566
L48T16beta4.18ms0.037265m0.001022,4.18,157.03,48,16,1161,8.19286306569928e-8,0.14497041794589036,0.9668277423687914
L48T16beta4.18ms0.037265m0.001022,4.18,157.03,48,16,1162,8.192874024807186e-8,0.1449706118642362,0.9668290356370264
L48T16beta4.18ms0.037265m0.001022,4.18,157.03,48,16,1163,8.192884983915094e-8,0.1449708057825821,0.9668303289052613
L48T16beta4.18ms0.037265m0.001022,4.18,157.03,48,16,1164,8.192895943023e-8,0.14497099970092794,0.9668316221734963
L48T16beta4.18ms0.037265m0.001022,4.18,157.03,48,16,1165,8.192906902130906e-8,0.1449711936192738,0.9668329154417312
L48T16beta4.18ms0.037265m0.001022,4.18,157.03,48,16,1166,8.192917861238815e-8,0.14497138753761968,0.9668342087099662
L48T16beta4.18ms0.037265m0.001022,4.18,157.03,48,16,1167,8.19292882034672e-8,0.14497158145596553,0.9668355019782011
L48T16beta4.18ms0.037265m0.001022,4.18,157.03,48,16,1168,8.192939779454629e-8,0.1449717753743114,0.9668367952464361
L48T16beta4.18ms0.037265m0.001022,4.18,157.03,48,16,1169,8.192950738562536e-8,0.14497196929265727,0.966838088514671
L48T16beta4.18ms0.037265m0.001022,4.18,157.03,48,16,1170,8.192961697670442e-8,0.14497216321100312,0.966839381782906
L48T16beta4.18ms0.037265m0.001022,4.18,157.03,48,16,1171,8.19297265677835e-8,0.144972357129349,0.9668406750511409
L48T16beta4.18ms0.037265m0.001022,4.18,157.03,48,16,1172,8.192983615886256e-8,0.14497255104769485,0.9668419683193759
L48T16beta4.18ms0.037265m0.001022,4.18,157.03,48,16,1173,8.192994574994163e-8,0.1449727449660407,0.9668432615876108
L48T16beta4.18ms0.037265m0.001022,4.18,157.03,48,16,1174,8.19300553410207e-8,0.1449729388843866,0.9668445548558458
L48T16beta4.18ms0.037265m0.001022,4.18,157.03,48,16,1175,8.193016493209977e-8,0.14497313280273244,0.9668458481240807
L48T16beta4.18ms0.037265m0.001022,4.18,157.03,48,16,1176,8.193027452317884e-8,0.14497332672107832,0.9668471413923156
L48T16beta4.18ms0.037265m0.001022,4.18,157.03,48,16,1177,8.193038411425791e-8,0.14497352063942417,0.9668484346605506
L48T16beta4.18ms0.037265m0.001022,4.18,157.03,48,16,1178,8.193049370533697e-8,0.14497371455777003,0.9668497279287855
L48T16beta4.18ms0.037265m0.001022,4.18,157.03,48,16,1179,8.193060329641605e-8,0.1449739084761159,0.9668510211970204
L48T16beta4.18ms0.037265m0.001022,4.18,157.03,48,16,1180,8.193071288749512e-8,0.14497410239446176,0.9668523144652553
L48T16beta4.18ms0.037265m0.001022,4.18,157.03,48,16,1181,8.19308224785742e-8,0.14497429631280764,0.9668536077334903
L48T16beta4.18ms0.037265m0.001022,4.18,157.03,48,16,1182,8.193093206965327e-8,0.1449744902311535,0.9668549010017252
L48T16beta4.18ms0.037265m0.001022,4.18,157.03,48,16,1183,8.193104166073232e-8,0.14497468414949935,0.9668561942699602
L48T16beta4.18ms0.037265m0.001022,4.18,157.03,48,16,1184,8.193115125181141e-8,0.14497487806784523,0.9668574875381951
L48T16beta4.18ms0.037265m0.001022,4.18,157.03,48,16,1185,8.193126084289046e-8,0.14497507198619108,0.9668587808064301
L48T16beta4.18ms0.037265m0.001022,4.18,157.03,48,16,1186,8.193137043396953e-8,0.14497526590453694,0.966860074074665
L48T16beta4.18ms0.037265m0.001022,4.18,157.03,48,16,1187,8.193148002504862e-8,0.14497545982288282,0.9668613673429
L48T16beta4.18ms0.037265m0.001022,4.18,157.03,48,16,1188,8.193158961612768e-8,0.14497565374122867,0.9668626606111349
L48T16beta4.18ms0.037265m0.001022,4.18,157.03,48,16,1189,8.193169920720676e-8,0.14497584765957455,0.9668639538793699
L48T16beta4.18ms0.037265m0.001022,4.18,157.03,48,16,1190,8.193180879828582e-8,0.1449760415779204,0.9668652471476048
L48T16beta4.18ms0.037265m0.001022,4.18,157.03,48,16,1191,8.193191838936489e-8,0.14497623549626626,0.9668665404158397
L48T16beta4.18ms0.037265m0.001022,4.18,157.03,48,16,1192,8.193202798044396e-8,0.14497642941461214,0.9668678336840747
L48T16beta4.18ms0.037265m0.001022,4.18,157.03,48,16,1193,8.193213757152303e-8,0.144976623332958,0.9668691269523096
L48T16beta4.18ms0.037265m0.001022,4.18,157.03,48,16,1194,8.19322471626021e-8,0.14497681725130387,0.9668704202205446
L48T16beta4.18ms0.037265m0.001022,4.18,157.03,48,16,1195,8.193235675368117e-8,0.14497701116964973,0.9668717134887795
L48T16beta4.18ms0.037265m0.001022,4.18,157.03,48,16,1196,8.193246634476023e-8,0.14497720508799558,0.9668730067570144
L48T16beta4.18ms0.037265m0.001022,4.18,157.03,48,16,1197,8.193257593583931e-8,0.14497739900634146,0.9668743000252493
L48T16beta4.18ms0.037265m0.001022,4.18,157.03,48,16,1198,8.193268552691838e-8,0.14497759292468732,0.9668755932934843
L48T16beta4.18ms0.037265m0.001022,4.18,157.03,48,16,1199,8.193279511799745e-8,0.1449777868430332,0.9668768865617192
L48T16beta4.18ms0.037265m0.001022,4.18,157.03,48,16,1200,8.193290470907652e-8,0.14497798076137905,0.9668781798299542
L48T16beta4.18ms0.037265m0.001022,4.18,157.03,48,16,1201,8.193301430015558e-8,0.1449781746797249,0.9668794730981891
L48T16beta4.18ms0.037265m0.001022,4.18,157.03,48,16,1202,8.193312389123467e-8,0.14497836859807078,0.9668807663664241
L48T16beta4.18ms0.037265m0.001022,4.18,157.03,48,16,1203,8.193323348231372e-8,0.14497856251641664,0.966882059634659
L48T16beta4.18ms0.037265m0.001022,4.18,157.03,48,16,1204,8.19333430733928e-8,0.1449787564347625,0.966883352902894
L48T16beta4.18ms0.037265m0.001022,4.18,157.03,48,16,1205,8.193345266447187e-8,0.14497895035310837,0.9668846461711289
L48T16beta4.18ms0.037265m0.001022,4.18,157.03,48,16,1206,8.193356225555094e-8,0.14497914427145422,0.9668859394393639
L48T16beta4.18ms0.037265m0.001022,4.18,157.03,48,16,1207,8.193367184663002e-8,0.1449793381898001,0.9668872327075988
L48T16beta4.18ms0.037265m0.001022,4.18,157.03,48,16,1208,8.193378143770908e-8,0.14497953210814596,0.9668885259758337
L48T16beta4.18ms0.037265m0.001022,4.18,157.03,48,16,1209,8.193389102878815e-8,0.1449797260264918,0.9668898192440687
L48T16beta4.18ms0.037265m0.001022,4.18,157.03,48,16,1210,8.193400061986722e-8,0.1449799199448377,0.9668911125123036
L48T16beta4.18ms0.037265m0.001022,4.18,157.03,48,16,1211,8.193411021094629e-8,0.14498011386318355,0.9668924057805386
L48T16beta4.18ms0.037265m0.001022,4.18,157.03,48,16,1212,8.193421980202536e-8,0.14498030778152943,0.9668936990487735
L48T16beta4.18ms0.037265m0.001022,4.18,157.03,48,16,1213,8.193432939310443e-8,0.14498050169987528,0.9668949923170084
L48T16beta4.18ms0.037265m0.001022,4.18,157.03,48,16,1214,8.193443898418349e-8,0.14498069561822113,0.9668962855852433
L48T16beta4.18ms0.037265m0.001022,4.18,157.03,48,16,1215,8.193454857526257e-8,0.14498088953656701,0.9668975788534783
L48T16beta4.18ms0.037265m0.001022,4.18,157.03,48,16,1216,8.193465816634164e-8,0.14498108345491287,0.9668988721217132
L48T16beta4.18ms0.037265m0.001022,4.18,157.03,48,16,1217,8.19347677574207e-8,0.14498127737325872,0.9669001653899482
L48T16beta4.18ms0.037265m0.001022,4.18,157.03,48,16,1218,8.193487734849978e-8,0.1449814712916046,0.9669014586581831
L48T16beta4.18ms0.037265m0.001022,4.18,157.03,48,16,1219,8.193498693957884e-8,0.14498166520995046,0.9669027519264181
L48T16beta4.18ms0.037265m0.001022,4.18,157.03,48,16,1220,8.193509653065793e-8,0.14498185912829634,0.966904045194653
L48T16beta4.18ms0.037265m0.001022,4.18,157.03,48,16,1221,8.193520612173698e-8,0.1449820530466422,0.966905338462888
L48T16beta4.18ms0.037265m0.001022,4.18,157.03,48,16,1222,8.193531571281605e-8,0.14498224696498804,0.9669066317311229
L48T16beta4.18ms0.037265m0.001022,4.18,157.03,48,16,1223,8.193542530389512e-8,0.14498244088333392,0.9669079249993578
L48T16beta4.18ms0.037265m0.001022,4.18,157.03,48,16,1224,8.19355348949742e-8,0.14498263480167978,0.9669092182675928
L48T16beta4.18ms0.037265m0.001022,4.18,157.03,48,16,1225,8.193564448605328e-8,0.14498282872002566,0.9669105115358277
L48T16beta4.18ms0.037265m0.001022,4.18,157.03,48,16,1226,8.193575407713234e-8,0.1449830226383715,0.9669118048040627
L48T16beta4.18ms0.037265m0.001022,4.18,157.03,48,16,1227,8.193586366821141e-8,0.14498321655671736,0.9669130980722976
L48T16beta4.18ms0.037265m0.001022,4.18,157.03,48,16,1228,8.193597325929048e-8,0.14498341047506325,0.9669143913405326
L48T16beta4.18ms0.037265m0.001022,4.18,157.03,48,16,1229,8.193608285036955e-8,0.1449836043934091,0.9669156846087675
L48T16beta4.18ms0.037265m0.001022,4.18,157.03,48,16,1230,8.19361924414486e-8,0.14498379831175495,0.9669169778770024
L48T16beta4.18ms0.037265m0.001022,4.18,157.03,48,16,1231,8.193630203252769e-8,0.14498399223010083,0.9669182711452373
L48T16beta4.18ms0.037265m0.001022,4.18,157.03,48,16,1232,8.193641162360675e-8,0.1449841861484467,0.9669195644134723
L48T16beta4.18ms0.037265m0.001022,4.18,157.03,48,16,1233,8.193652121468583e-8,0.14498438006679257,0.9669208576817072
L48T16beta4.18ms0.037265m0.001022,4.18,157.03,48,16,1234,8.193663080576489e-8,0.14498457398513842,0.9669221509499422
L48T16beta4.18ms0.037265m0.001022,4.18,157.03,48,16,1235,8.193674039684396e-8,0.14498476790348427,0.9669234442181771
L48T16beta4.18ms0.037265m0.001022,4.18,157.03,48,16,1236,8.193684998792304e-8,0.14498496182183016,0.9669247374864121
L48T16beta4.18ms0.037265m0.001022,4.18,157.03,48,16,1237,8.19369595790021e-8,0.144985155740176,0.966926030754647
L48T16beta4.18ms0.037265m0.001022,4.18,157.03,48,16,1238,8.193706917008118e-8,0.1449853496585219,0.966927324022882
L48T16beta4.18ms0.037265m0.001022,4.18,157.03,48,16,1239,8.193717876116024e-8,0.14498554357686774,0.9669286172911169
L48T16beta4.18ms0.037265m0.001022,4.18,157.03,48,16,1240,8.193728835223931e-8,0.1449857374952136,0.9669299105593518
L48T16beta4.18ms0.037265m0.001022,4.18,157.03,48,16,1241,8.193739794331838e-8,0.14498593141355948,0.9669312038275868
L48T16beta4.18ms0.037265m0.001022,4.18,157.03,48,16,1242,8.193750753439745e-8,0.14498612533190533,0.9669324970958217
L48T16beta4.18ms0.037265m0.001022,4.18,157.03,48,16,1243,8.193761712547654e-8,0.1449863192502512,0.9669337903640567
L48T16beta4.18ms0.037265m0.001022,4.18,157.03,48,16,1244,8.19377267165556e-8,0.14498651316859706,0.9669350836322916
L48T16beta4.18ms0.037265m0.001022,4.18,157.03,48,16,1245,8.193783630763467e-8,0.14498670708694292,0.9669363769005266
L48T16beta4.18ms0.037265m0.001022,4.18,157.03,48,16,1246,8.193794589871374e-8,0.1449869010052888,0.9669376701687615
L48T16beta4.18ms0.037265m0.001022,4.18,157.03,48,16,1247,8.193805548979281e-8,0.14498709492363465,0.9669389634369965
L48T16beta4.18ms0.037265m0.001022,4.18,157.03,48,16,1248,8.193816508087187e-8,0.1449872888419805,0.9669402567052313
L48T16beta4.18ms0.037265m0.001022,4.18,157.03,48,16,1249,8.193827467195095e-8,0.14498748276032639,0.9669415499734663
L48T16beta4.18ms0.037265m0.001022,4.18,157.03,48,16,1250,8.193838426303001e-8,0.14498767667867224,0.9669428432417012
L48T16beta4.18ms0.037265m0.001022,4.18,157.03,48,16,1251,8.193849385410909e-8,0.14498787059701812,0.9669441365099362
L48T16beta4.18ms0.037265m0.001022,4.18,157.03,48,16,1252,8.193860344518815e-8,0.14498806451536397,0.9669454297781711
L48T16beta4.18ms0.037265m0.001022,4.18,157.03,48,16,1253,8.193871303626722e-8,0.14498825843370983,0.966946723046406
L48T16beta4.18ms0.037265m0.001022,4.18,157.03,48,16,1254,8.19388226273463e-8,0.1449884523520557,0.966948016314641
L48T16beta4.18ms0.037265m0.001022,4.18,157.03,48,16,1255,8.193893221842536e-8,0.14498864627040156,0.966949309582876
L48T16beta4.18ms0.037265m0.001022,4.18,157.03,48,16,1256,8.193904180950444e-8,0.14498884018874744,0.9669506028511109
L48T16beta4.18ms0.037265m0.001022,4.18,157.03,48,16,1257,8.19391514005835e-8,0.1449890341070933,0.9669518961193458
L48T16beta4.18ms0.037265m0.001022,4.18,157.03,48,16,1258,8.193926099166257e-8,0.14498922802543915,0.9669531893875808
L48T16beta4.18ms0.037265m0.001022,4.18,157.03,48,16,1259,8.193937058274164e-8,0.14498942194378503,0.9669544826558157
L48T16beta4.18ms0.037265m0.001022,4.18,157.03,48,16,1260,8.193948017382071e-8,0.14498961586213088,0.9669557759240507
L48T16beta4.18ms0.037265m0.001022,4.18,157.03,48,16,1261,8.193958976489977e-8,0.14498980978047674,0.9669570691922856
L48T16beta4.18ms0.037265m0.001022,4.18,157.03,48,16,1262,8.193969935597886e-8,0.14499000369882262,0.9669583624605206
L48T16beta4.18ms0.037265m0.001022,4.18,157.03,48,16,1263,8.193980894705791e-8,0.14499019761716847,0.9669596557287555
L48T16beta4.18ms0.037265m0.001022,4.18,157.03,48,16,1264,8.1939918538137e-8,0.14499039153551435,0.9669609489969905
L48T16beta4.18ms0.037265m0.001022,4.18,157.03,48,16,1265,8.194002812921607e-8,0.1449905854538602,0.9669622422652253
L48T16beta4.18ms0.037265m0.001022,4.18,157.03,48,16,1266,8.194013772029512e-8,0.14499077937220606,0.9669635355334603
L48T16beta4.18ms0.037265m0.001022,4.18,157.03,48,16,1267,8.194024731137421e-8,0.14499097329055194,0.9669648288016952
L48T16beta4.18ms0.037265m0.001022,4.18,157.03,48,16,1268,8.194035690245327e-8,0.1449911672088978,0.9669661220699302
L48T16beta4.18ms0.037265m0.001022,4.18,157.03,48,16,1269,8.194046649353235e-8,0.14499136112724367,0.9669674153381651
L48T16beta4.18ms0.037265m0.001022,4.18,157.03,48,16,1270,8.194057608461141e-8,0.14499155504558953,0.9669687086064
L48T16beta4.18ms0.037265m0.001022,4.18,157.03,48,16,1271,8.194068567569048e-8,0.14499174896393538,0.966970001874635
L48T16beta4.18ms0.037265m0.001022,4.18,157.03,48,16,1272,8.194079526676956e-8,0.14499194288228126,0.96697129514287
L48T16beta4.18ms0.037265m0.001022,4.18,157.03,48,16,1273,8.194090485784862e-8,0.1449921368006271,0.9669725884111049
L48T16beta4.18ms0.037265m0.001022,4.18,157.03,48,16,1274,8.19410144489277e-8,0.144992330718973,0.9669738816793398
L48T16beta4.18ms0.037265m0.001022,4.18,157.03,48,16,1275,8.194112404000676e-8,0.14499252463731885,0.9669751749475748
L48T16beta4.18ms0.037265m0.001022,4.18,157.03,48,16,1276,8.194123363108583e-8,0.1449927185556647,0.9669764682158097
L48T16beta4.18ms0.037265m0.001022,4.18,157.03,48,16,1277,8.19413432221649e-8,0.14499291247401058,0.9669777614840447
L48T16beta4.18ms0.037265m0.001022,4.18,157.03,48,16,1278,8.194145281324397e-8,0.14499310639235644,0.9669790547522796
L48T16beta4.18ms0.037265m0.001022,4.18,157.03,48,16,1279,8.194156240432303e-8,0.1449933003107023,0.9669803480205146
L48T16beta4.18ms0.037265m0.001022,4.18,157.03,48,16,1280,8.194167199540211e-8,0.14499349422904817,0.9669816412887495
L48T16beta4.18ms0.037265m0.001022,4.18,157.03,48,16,1281,8.194178158648117e-8,0.14499368814739402,0.9669829345569845
L48T16beta4.18ms0.037265m0.001022,4.18,157.03,48,16,1282,8.194189117756026e-8,0.1449938820657399,0.9669842278252193
L48T16beta4.18ms0.037265m0.001022,4.18,157.03,48,16,1283,8.194200076863933e-8,0.14499407598408576,0.9669855210934543
L48T16beta4.18ms0.037265m0.001022,4.18,157.03,48,16,1284,8.194211035971838e-8,0.1449942699024316,0.9669868143616892
L48T16beta4.18ms0.037265m0.001022,4.18,157.03,48,16,1285,8.194221995079747e-8,0.1449944638207775,0.9669881076299242
L48T16beta4.18ms0.037265m0.001022,4.18,157.03,48,16,1286,8.194232954187653e-8,0.14499465773912334,0.9669894008981591
L48T16beta4.18ms0.037265m0.001022,4.18,157.03,48,16,1287,8.194243913295561e-8,0.14499485165746923,0.966990694166394
L48T16beta4.18ms0.037265m0.001022,4.18,157.03,48,16,1288,8.194254872403467e-8,0.14499504557581508,0.966991987434629
L48T16beta4.18ms0.037265m0.001022,4.18,157.03,48,16,1289,8.194265831511374e-8,0.14499523949416093,0.9669932807028639
L48T16beta4.18ms0.037265m0.001022,4.18,157.03,48,16,1290,8.194276790619282e-8,0.1449954334125068,0.9669945739710989
L48T16beta4.18ms0.037265m0.001022,4.18,157.03,48,16,1291,8.194287749727188e-8,0.14499562733085267,0.9669958672393338
L48T16beta4.18ms0.037265m0.001022,4.18,157.03,48,16,1292,8.194298708835094e-8,0.14499582124919852,0.9669971605075688
L48T16beta4.18ms0.037265m0.001022,4.18,157.03,48,16,1293,8.194309667943002e-8,0.1449960151675444,0.9669984537758037
L48T16beta4.18ms0.037265m0.001022,4.18,157.03,48,16,1294,8.194320627050909e-8,0.14499620908589025,0.9669997470440387
L48T16beta4.18ms0.037265m0.001022,4.18,157.03,48,16,1295,8.194331586158816e-8,0.14499640300423614,0.9670010403122736
L48T16beta4.18ms0.037265m0.001022,4.18,157.03,48,16,1296,8.194342545266723e-8,0.144996596922582,0.9670023335805086
L48T16beta4.18ms0.037265m0.001022,4.18,157.03,48,16,1297,8.194353504374629e-8,0.14499679084092784,0.9670036268487435
L48T16beta4.18ms0.037265m0.001022,4.18,157.03,48,16,1298,8.194364463482537e-8,0.14499698475927372,0.9670049201169785
L48T16beta4.18ms0.037265m0.001022,4.18,157.03,48,16,1299,8.194375422590443e-8,0.14499717867761958,0.9670062133852133
L48T16beta4.18ms0.037265m0.001022,4.18,157.03,48,16,1300,8.194386381698352e-8,0.14499737259596546,0.9670075066534483
L48T16beta4.18ms0.037265m0.001022,4.18,157.03,48,16,1301,8.194397340806259e-8,0.1449975665143113,0.9670087999216832
L48T16beta4.18ms0.037265m0.001022,4.18,157.03,48,16,1302,8.194408299914164e-8,0.14499776043265716,0.9670100931899182
L48T16beta4.18ms0.037265m0.001022,4.18,157.03,48,16,1303,8.194419259022073e-8,0.14499795435100304,0.9670113864581531
L48T16beta4.18ms0.037265m0.001022,4.18,157.03,48,16,1304,8.194430218129979e-8,0.1449981482693489,0.967012679726388
L48T16beta4.18ms0.037265m0.001022,4.18,157.03,48,16,1305,8.194441177237886e-8,0.14499834218769475,0.967013972994623
L48T16beta4.18ms0.037265m0.001022,4.18,157.03,48,16,1306,8.194452136345793e-8,0.14499853610604063,0.9670152662628579
L48T16beta4.18ms0.037265m0.001022,4.18,157.03,48,16,1307,8.1944630954537e-8,0.14499873002438649,0.9670165595310929
L48T16beta4.18ms0.037265m0.001022,4.18,157.03,48,16,1308,8.194474054561607e-8,0.14499892394273237,0.9670178527993278
L48T16beta4.18ms0.037265m0.001022,4.18,157.03,48,16,1309,8.194485013669514e-8,0.14499911786107822,0.9670191460675628
L48T16beta4.18ms0.037265m0.001022,4.18,157.03,48,16,1310,8.19449597277742e-8,0.14499931177942407,0.9670204393357977
L48T16beta4.18ms0.037265m0.001022,4.18,157.03,48,16,1311,8.194506931885328e-8,0.14499950569776995,0.9670217326040327
L48T16beta4.18ms0.037265m0.001022,4.18,157.03,48,16,1312,8.194517890993235e-8,0.1449996996161158,0.9670230258722676
L48T16beta4.18ms0.037265m0.001022,4.18,157.03,48,16,1313,8.194528850101142e-8,0.1449998935344617,0.9670243191405026
L48T16beta4.18ms0.037265m0.001022,4.18,157.03,48,16,1314,8.194539809209049e-8,0.14500008745280754,0.9670256124087375
L48T16beta4.18ms0.037265m0.001022,4.18,157.03,48,16,1315,8.194550768316955e-8,0.1450002813711534,0.9670269056769725
L48T16beta4.18ms0.037265m0.001022,4.18,157.03,48,16,1316,8.194561727424863e-8,0.14500047528949928,0.9670281989452074
L48T16beta4.18ms0.037265m0.001022,4.18,157.03,48,16,1317,8.194572686532769e-8,0.14500066920784513,0.9670294922134423
L48T16beta4.18ms0.037265m0.001022,4.18,157.03,48,16,1318,8.194583645640677e-8,0.145000863126191,0.9670307854816772
L48T16beta4.18ms0.037265m0.001022,4.18,157.03,48,16,1319,8.194594604748585e-8,0.14500105704453686,0.9670320787499121
L48T16beta4.18ms0.037265m0.001022,4.18,157.03,48,16,1320,8.19460556385649e-8,0.14500125096288272,0.9670333720181471
L48T16beta4.18ms0.037265m0.001022,4.18,157.03,48,16,1321,8.194616522964399e-8,0.1450014448812286,0.967034665286382
L48T16beta4.18ms0.037265m0.001022,4.18,157.03,48,16,1322,8.194627482072304e-8,0.14500163879957445,0.967035958554617
L48T16beta4.18ms0.037265m0.001022,4.18,157.03,48,16,1323,8.194638441180212e-8,0.1450018327179203,0.9670372518228519
L48T16beta4.18ms0.037265m0.001022,4.18,157.03,48,16,1324,8.194649400288119e-8,0.14500202663626618,0.9670385450910869
L48T16beta4.18ms0.037265m0.001022,4.18,157.03,48,16,1325,8.194660359396026e-8,0.14500222055461204,0.9670398383593218
L48T16beta4.18ms0.037265m0.001022,4.18,157.03,48,16,1326,8.194671318503933e-8,0.14500241447295792,0.9670411316275568
L48T16beta4.18ms0.037265m0.001022,4.18,157.03,48,16,1327,8.19468227761184e-8,0.14500260839130377,0.9670424248957917
L48T16beta4.18ms0.037265m0.001022,4.18,157.03,48,16,1328,8.194693236719746e-8,0.14500280230964963,0.9670437181640267
L48T16beta4.18ms0.037265m0.001022,4.18,157.03,48,16,1329,8.194704195827654e-8,0.1450029962279955,0.9670450114322616
L48T16beta4.18ms0.037265m0.001022,4.18,157.03,48,16,1330,8.194715154935561e-8,0.14500319014634136,0.9670463047004966
L48T16beta4.18ms0.037265m0.001022,4.18,157.03,48,16,1331,8.194726114043468e-8,0.14500338406468724,0.9670475979687315
L48T16beta4.18ms0.037265m0.001022,4.18,157.03,48,16,1332,8.194737073151375e-8,0.1450035779830331,0.9670488912369665
L48T16beta4.18ms0.037265m0.001022,4.18,157.03,48,16,1333,8.194748032259281e-8,0.14500377190137895,0.9670501845052014
L48T16beta4.18ms0.037265m0.001022,4.18,157.03,48,16,1334,8.194758991367189e-8,0.14500396581972483,0.9670514777734363
L48T16beta4.18ms0.037265m0.001022,4.18,157.03,48,16,1335,8.194769950475095e-8,0.14500415973807068,0.9670527710416712
L48T16beta4.18ms0.037265m0.001022,4.18,157.03,48,16,1336,8.194780909583002e-8,0.14500435365641653,0.9670540643099061
L48T16beta4.18ms0.037265m0.001022,4.18,157.03,48,16,1337,8.194791868690909e-8,0.14500454757476242,0.9670553575781411
L48T16beta4.18ms0.037265m0.001022,4.18,157.03,48,16,1338,8.194802827798816e-8,0.14500474149310827,0.967056650846376
L48T16beta4.18ms0.037265m0.001022,4.18,157.03,48,16,1339,8.194813786906725e-8,0.14500493541145415,0.967057944114611
L48T16beta4.18ms0.037265m0.001022,4.18,157.03,48,16,1340,8.19482474601463e-8,0.1450051293298,0.9670592373828459
L48T16beta4.18ms0.037265m0.001022,4.18,157.03,48,16,1341,8.194835705122537e-8,0.14500532324814586,0.9670605306510809
L48T16beta4.18ms0.037265m0.001022,4.18,157.03,48,16,1342,8.194846664230445e-8,0.14500551716649174,0.9670618239193158
L48T16beta4.18ms0.037265m0.001022,4.18,157.03,48,16,1343,8.194857623338352e-8,0.1450057110848376,0.9670631171875508
L48T16beta4.18ms0.037265m0.001022,4.18,157.03,48,16,1344,8.194868582446259e-8,0.14500590500318347,0.9670644104557857
L48T16beta4.18ms0.037265m0.001022,4.18,157.03,48,16,1345,8.194879541554166e-8,0.14500609892152933,0.9670657037240207
L48T16beta4.18ms0.037265m0.001022,4.18,157.03,48,16,1346,8.194890500662071e-8,0.14500629283987518,0.9670669969922556
L48T16beta4.18ms0.037265m0.001022,4.18,157.03,48,16,1347,8.19490145976998e-8,0.14500648675822106,0.9670682902604906
L48T16beta4.18ms0.037265m0.001022,4.18,157.03,48,16,1348,8.194912418877887e-8,0.1450066806765669,0.9670695835287255
L48T16beta4.18ms0.037265m0.001022,4.18,157.03,48,16,1349,8.194923377985793e-8,0.14500687459491277,0.9670708767969605
L48T16beta4.18ms0.037265m0.001022,4.18,157.03,48,16,1350,8.194934337093701e-8,0.14500706851325865,0.9670721700651954
L48T16beta4.18ms0.037265m0.001022,4.18,157.03,48,16,1351,8.194945296201607e-8,0.1450072624316045,0.9670734633334302
L48T16beta4.18ms0.037265m0.001022,4.18,157.03,48,16,1352,8.194956255309515e-8,0.14500745634995038,0.9670747566016652
L48T16beta4.18ms0.037265m0.001022,4.18,157.03,48,16,1353,8.194967214417421e-8,0.14500765026829623,0.9670760498699001
L48T16beta4.18ms0.037265m0.001022,4.18,157.03,48,16,1354,8.194978173525328e-8,0.1450078441866421,0.9670773431381351
L48T16beta4.18ms0.037265m0.001022,4.18,157.03,48,16,1355,8.194989132633235e-8,0.14500803810498797,0.96707863640637
L48T16beta4.18ms0.037265m0.001022,4.18,157.03,48,16,1356,8.195000091741142e-8,0.14500823202333382,0.967079929674605
L48T16beta4.18ms0.037265m0.001022,4.18,157.03,48,16,1357,8.19501105084905e-8,0.1450084259416797,0.9670812229428399
L48T16beta4.18ms0.037265m0.001022,4.18,157.03,48,16,1358,8.195022009956956e-8,0.14500861986002556,0.9670825162110749
L48T16beta4.18ms0.037265m0.001022,4.18,157.03,48,16,1359,8.195032969064863e-8,0.1450088137783714,0.9670838094793098
L48T16beta4.18ms0.037265m0.001022,4.18,157.03,48,16,1360,8.19504392817277e-8,0.1450090076967173,0.9670851027475448
L48T16beta4.18ms0.037265m0.001022,4.18,157.03,48,16,1361,8.195054887280678e-8,0.14500920161506314,0.9670863960157797
L48T16beta4.18ms0.037265m0.001022,4.18,157.03,48,16,1362,8.195065846388585e-8,0.14500939553340902,0.9670876892840147
L48T16beta4.18ms0.037265m0.001022,4.18,157.03,48,16,1363,8.195076805496492e-8,0.14500958945175488,0.9670889825522496
L48T16beta4.18ms0.037265m0.001022,4.18,157.03,48,16,1364,8.195087764604397e-8,0.14500978337010073,0.9670902758204846
L48T16beta4.18ms0.037265m0.001022,4.18,157.03,48,16,1365,8.195098723712306e-8,0.1450099772884466,0.9670915690887195
L48T16beta4.18ms0.037265m0.001022,4.18,157.03,48,16,1366,8.195109682820212e-8,0.14501017120679247,0.9670928623569545
L48T16beta4.18ms0.037265m0.001022,4.18,157.03,48,16,1367,8.195120641928119e-8,0.14501036512513832,0.9670941556251894
L48T16beta4.18ms0.037265m0.001022,4.18,157.03,48,16,1368,8.195131601036027e-8,0.1450105590434842,0.9670954488934242
L48T16beta4.18ms0.037265m0.001022,4.18,157.03,48,16,1369,8.195142560143933e-8,0.14501075296183005,0.9670967421616592
L48T16beta4.18ms0.037265m0.001022,4.18,157.03,48,16,1370,8.195153519251841e-8,0.14501094688017593,0.9670980354298941
L48T16beta4.18ms0.037265m0.001022,4.18,157.03,48,16,1371,8.195164478359747e-8,0.1450111407985218,0.9670993286981291
L48T16beta4.18ms0.037265m0.001022,4.18,157.03,48,16,1372,8.195175437467654e-8,0.14501133471686764,0.967100621966364
L48T16beta4.18ms0.037265m0.001022,4.18,157.03,48,16,1373,8.195186396575561e-8,0.14501152863521352,0.967101915234599
L48T16beta4.18ms0.037265m0.001022,4.18,157.03,48,16,1374,8.195197355683468e-8,0.14501172255355937,0.9671032085028339
L48T16beta4.18ms0.037265m0.001022,4.18,157.03,48,16,1375,8.195208314791377e-8,0.14501191647190526,0.9671045017710689
L48T16beta4.18ms0.037265m0.001022,4.18,157.03,48,16,1376,8.195219273899282e-8,0.1450121103902511,0.9671057950393038
L48T16beta4.18ms0.037265m0.001022,4.18,157.03,48,16,1377,8.19523023300719e-8,0.14501230430859696,0.9671070883075388
L48T16beta4.18ms0.037265m0.001022,4.18,157.03,48,16,1378,8.195241192115096e-8,0.14501249822694284,0.9671083815757737
L48T16beta4.18ms0.037265m0.001022,4.18,157.03,48,16,1379,8.195252151223003e-8,0.1450126921452887,0.9671096748440087
L48T16beta4.18ms0.037265m0.001022,4.18,157.03,48,16,1380,8.195263110330909e-8,0.14501288606363455,0.9671109681122436
L48T16beta4.18ms0.037265m0.001022,4.18,157.03,48,16,1381,8.195274069438818e-8,0.14501307998198043,0.9671122613804786
L48T16beta4.18ms0.037265m0.001022,4.18,157.03,48,16,1382,8.195285028546723e-8,0.14501327390032628,0.9671135546487135
L48T16beta4.18ms0.037265m0.001022,4.18,157.03,48,16,1383,8.195295987654632e-8,0.14501346781867216,0.9671148479169485
L48T16beta4.18ms0.037265m0.001022,4.18,157.03,48,16,1384,8.195306946762538e-8,0.14501366173701802,0.9671161411851834
L48T16beta4.18ms0.037265m0.001022,4.18,157.03,48,16,1385,8.195317905870445e-8,0.14501385565536387,0.9671174344534184
L48T16beta4.18ms0.037265m0.001022,4.18,157.03,48,16,1386,8.195328864978353e-8,0.14501404957370975,0.9671187277216532
L48T16beta4.18ms0.037265m0.001022,4.18,157.03,48,16,1387,8.195339824086259e-8,0.1450142434920556,0.9671200209898881
L48T16beta4.18ms0.037265m0.001022,4.18,157.03,48,16,1388,8.195350783194167e-8,0.1450144374104015,0.9671213142581231
L48T16beta4.18ms0.037265m0.001022,4.18,157.03,48,16,1389,8.195361742302073e-8,0.14501463132874734,0.967122607526358
L48T16beta4.18ms0.037265m0.001022,4.18,157.03,48,16,1390,8.19537270140998e-8,0.1450148252470932,0.967123900794593
L48T16beta4.18ms0.037265m0.001022,4.18,157.03,48,16,1391,8.195383660517887e-8,0.14501501916543907,0.9671251940628279
L48T16beta4.18ms0.037265m0.001022,4.18,157.03,48,16,1392,8.195394619625794e-8,0.14501521308378493,0.9671264873310629
L48T16beta4.18ms0.037265m0.001022,4.18,157.03,48,16,1393,8.195405578733702e-8,0.1450154070021308,0.9671277805992978
L48T16beta4.18ms0.037265m0.001022,4.18,157.03,48,16,1394,8.195416537841608e-8,0.14501560092047666,0.9671290738675328
L48T16beta4.18ms0.037265m0.001022,4.18,157.03,48,16,1395,8.195427496949514e-8,0.14501579483882251,0.9671303671357677
L48T16beta4.18ms0.037265m0.001022,4.18,157.03,48,16,1396,8.195438456057422e-8,0.1450159887571684,0.9671316604040027
L48T16beta4.18ms0.037265m0.001022,4.18,157.03,48,16,1397,8.19544941516533e-8,0.14501618267551425,0.9671329536722376
L48T16beta4.18ms0.037265m0.001022,4.18,157.03,48,16,1398,8.195460374273235e-8,0.1450163765938601,0.9671342469404726
L48T16beta4.18ms0.037265m0.001022,4.18,157.03,48,16,1399,8.195471333381144e-8,0.14501657051220598,0.9671355402087075
L48T16beta4.18ms0.037265m0.001022,4.18,157.03,48,16,1400,8.195482292489049e-8,0.14501676443055184,0.9671368334769425
L48T16beta4.18ms0.037265m0.001022,4.18,157.03,48,16,1401,8.195493251596958e-8,0.14501695834889772,0.9671381267451774
L48T16beta4.18ms0.037265m0.001022,4.18,157.03,48,16,1402,8.195504210704863e-8,0.14501715226724357,0.9671394200134124
L48T16beta4.18ms0.037265m0.001022,4.18,157.03,48,16,1403,8.19551516981277e-8,0.14501734618558942,0.9671407132816472
L48T16beta4.18ms0.037265m0.001022,4.18,157.03,48,16,1404,8.195526128920679e-8,0.1450175401039353,0.9671420065498821
L48T16beta4.18ms0.037265m0.001022,4.18,157.03,48,16,1405,8.195537088028585e-8,0.14501773402228116,0.9671432998181171
L48T16beta4.18ms0.037265m0.001022,4.18,157.03,48,16,1406,8.195548047136493e-8,0.14501792794062704,0.967144593086352
L48T16beta4.18ms0.037265m0.001022,4.18,157.03,48,16,1407,8.195559006244399e-8,0.1450181218589729,0.967145886354587
L48T16beta4.18ms0.037265m0.001022,4.18,157.03,48,16,1408,8.195569965352306e-8,0.14501831577731875,0.9671471796228219
L48T16beta4.18ms0.037265m0.001022,4.18,157.03,48,16,1409,8.195580924460213e-8,0.14501850969566463,0.9671484728910569
L48T16beta4.18ms0.037265m0.001022,4.18,157.03,48,16,1410,8.19559188356812e-8,0.14501870361401048,0.9671497661592918
L48T16beta4.18ms0.037265m0.001022,4.18,157.03,48,16,1411,8.195602842676026e-8,0.14501889753235633,0.9671510594275268
L48T16beta4.18ms0.037265m0.001022,4.18,157.03,48,16,1412,8.195613801783934e-8,0.14501909145070221,0.9671523526957617
L48T16beta4.18ms0.037265m0.001022,4.18,157.03,48,16,1413,8.19562476089184e-8,0.14501928536904807,0.9671536459639967
L48T16beta4.18ms0.037265m0.001022,4.18,157.03,48,16,1414,8.195635719999748e-8,0.14501947928739395,0.9671549392322316
L48T16beta4.18ms0.037265m0.001022,4.18,157.03,48,16,1415,8.195646679107655e-8,0.1450196732057398,0.9671562325004666
L48T16beta4.18ms0.037265m0.001022,4.18,157.03,48,16,1416,8.195657638215561e-8,0.14501986712408566,0.9671575257687015
L48T16beta4.18ms0.037265m0.001022,4.18,157.03,48,16,1417,8.19566859732347e-8,0.14502006104243154,0.9671588190369365
L48T16beta4.18ms0.037265m0.001022,4.18,157.03,48,16,1418,8.195679556431375e-8,0.1450202549607774,0.9671601123051714
L48T16beta4.18ms0.037265m0.001022,4.18,157.03,48,16,1419,8.195690515539284e-8,0.14502044887912327,0.9671614055734064
L48T16beta4.18ms0.037265m0.001022,4.18,157.03,48,16,1420,8.19570147464719e-8,0.14502064279746912,0.9671626988416412
L48T16beta4.18ms0.037265m0.001022,4.18,157.03,48,16,1421,8.195712433755096e-8,0.14502083671581498,0.9671639921098761
L48T16beta4.18ms0.037265m0.001022,4.18,157.03,48,16,1422,8.195723392863005e-8,0.14502103063416086,0.9671652853781111
L48T16beta4.18ms0.037265m0.001022,4.18,157.03,48,16,1423,8.19573435197091e-8,0.1450212245525067,0.967166578646346
L48T16beta4.18ms0.037265m0.001022,4.18,157.03,48,16,1424,8.195745311078816e-8,0.14502141847085256,0.967167871914581
L48T16beta4.18ms0.037265m0.001022,4.18,157.03,48,16,1425,8.195756270186725e-8,0.14502161238919845,0.9671691651828159
L48T16beta4.18ms0.037265m0.001022,4.18,157.03,48,16,1426,8.195767229294632e-8,0.1450218063075443,0.9671704584510509
L48T16beta4.18ms0.037265m0.001022,4.18,157.03,48,16,1427,8.195778188402539e-8,0.14502200022589018,0.9671717517192858
L48T16beta4.18ms0.037265m0.001022,4.18,157.03,48,16,1428,8.195789147510446e-8,0.14502219414423603,0.9671730449875208
L48T16beta4.18ms0.037265m0.001022,4.18,157.03,48,16,1429,8.195800106618352e-8,0.1450223880625819,0.9671743382557557
L48T16beta4.18ms0.037265m0.001022,4.18,157.03,48,16,1430,8.19581106572626e-8,0.14502258198092777,0.9671756315239907
L48T16beta4.18ms0.037265m0.001022,4.18,157.03,48,16,1431,8.195822024834166e-8,0.14502277589927362,0.9671769247922256
L48T16beta4.18ms0.037265m0.001022,4.18,157.03,48,16,1432,8.195832983942074e-8,0.1450229698176195,0.9671782180604606
L48T16beta4.18ms0.037265m0.001022,4.18,157.03,48,16,1433,8.195843943049981e-8,0.14502316373596535,0.9671795113286955
L48T16beta4.18ms0.037265m0.001022,4.18,157.03,48,16,1434,8.195854902157887e-8,0.1450233576543112,0.9671808045969305
L48T16beta4.18ms0.037265m0.001022,4.18,157.03,48,16,1435,8.195865861265795e-8,0.1450235515726571,0.9671820978651654
L48T16beta4.18ms0.037265m0.001022,4.18,157.03,48,16,1436,8.195876820373701e-8,0.14502374549100294,0.9671833911334003
L48T16beta4.18ms0.037265m0.001022,4.18,157.03,48,16,1437,8.19588777948161e-8,0.14502393940934882,0.9671846844016352
L48T16beta4.18ms0.037265m0.001022,4.18,157.03,48,16,1438,8.195898738589515e-8,0.14502413332769468,0.9671859776698701
L48T16beta4.18ms0.037265m0.001022,4.18,157.03,48,16,1439,8.195909697697422e-8,0.14502432724604053,0.9671872709381051
L48T16beta4.18ms0.037265m0.001022,4.18,157.03,48,16,1440,8.19592065680533e-8,0.1450245211643864,0.96718856420634
L48T16beta4.18ms0.037265m0.001022,4.18,157.03,48,16,1441,8.195931615913237e-8,0.14502471508273226,0.967189857474575
L48T16beta4.18ms0.037265m0.001022,4.18,157.03,48,16,1442,8.195942575021142e-8,0.14502490900107812,0.9671911507428099
L48T16beta4.18ms0.037265m0.001022,4.18,157.03,48,16,1443,8.195953534129051e-8,0.145025102919424,0.9671924440110449
L48T16beta4.18ms0.037265m0.001022,4.18,157.03,48,16,1444,8.195964493236958e-8,0.14502529683776985,0.9671937372792798
L48T16beta4.18ms0.037265m0.001022,4.18,157.03,48,16,1445,8.195975452344865e-8,0.14502549075611573,0.9671950305475148
L48T16beta4.18ms0.037265m0.001022,4.18,157.03,48,16,1446,8.195986411452772e-8,0.14502568467446159,0.9671963238157497
L48T16beta4.18ms0.037265m0.001022,4.18,157.03,48,16,1447,8.195997370560678e-8,0.14502587859280744,0.9671976170839847
L48T16beta4.18ms0.037265m0.001022,4.18,157.03,48,16,1448,8.196008329668586e-8,0.14502607251115332,0.9671989103522196
L48T16beta4.18ms0.037265m0.001022,4.18,157.03,48,16,1449,8.196019288776492e-8,0.14502626642949917,0.9672002036204546
L48T16beta4.18ms0.037265m0.001022,4.18,157.03,48,16,1450,8.1960302478844e-8,0.14502646034784505,0.9672014968886895
L48T16beta4.18ms0.037265m0.001022,4.18,157.03,48,16,1451,8.196041206992307e-8,0.1450266542661909,0.9672027901569245
L48T16beta4.18ms0.037265m0.001022,4.18,157.03,48,16,1452,8.196052166100213e-8,0.14502684818453676,0.9672040834251594
L48T16beta4.18ms0.037265m0.001022,4.18,157.03,48,16,1453,8.196063125208121e-8,0.14502704210288264,0.9672053766933943
L48T16beta4.18ms0.037265m0.001022,4.18,157.03,48,16,1454,8.196074084316027e-8,0.1450272360212285,0.9672066699616293
L48T16beta4.18ms0.037265m0.001022,4.18,157.03,48,16,1455,8.196085043423934e-8,0.14502742993957435,0.9672079632298641
L48T16beta4.18ms0.037265m0.001022,4.18,157.03,48,16,1456,8.196096002531841e-8,0.14502762385792023,0.9672092564980991
L48T16beta4.18ms0.037265m0.001022,4.18,157.03,48,16,1457,8.196106961639748e-8,0.14502781777626608,0.967210549766334
L48T16beta4.18ms0.037265m0.001022,4.18,157.03,48,16,1458,8.196117920747655e-8,0.14502801169461196,0.967211843034569
L48T16beta4.18ms0.037265m0.001022,4.18,157.03,48,16,1459,8.196128879855562e-8,0.14502820561295782,0.9672131363028039
L48T16beta4.18ms0.037265m0.001022,4.18,157.03,48,16,1460,8.196139838963468e-8,0.14502839953130367,0.9672144295710389
L48T16beta4.18ms0.037265m0.001022,4.18,157.03,48,16,1461,8.196150798071377e-8,0.14502859344964955,0.9672157228392738
L48T16beta4.18ms0.037265m0.001022,4.18,157.03,48,16,1462,8.196161757179284e-8,0.1450287873679954,0.9672170161075088
L48T16beta4.18ms0.037265m0.001022,4.18,157.03,48,16,1463,8.196172716287191e-8,0.14502898128634129,0.9672183093757437
L48T16beta4.18ms0.037265m0.001022,4.18,157.03,48,16,1464,8.196183675395098e-8,0.14502917520468714,0.9672196026439787
L48T16beta4.18ms0.037265m0.001022,4.18,157.03,48,16,1465,8.196194634503004e-8,0.145029369123033,0.9672208959122136
L48T16beta4.18ms0.037265m0.001022,4.18,157.03,48,16,1466,8.196205593610912e-8,0.14502956304137887,0.9672221891804486
L48T16beta4.18ms0.037265m0.001022,4.18,157.03,48,16,1467,8.196216552718818e-8,0.14502975695972473,0.9672234824486835
L48T16beta4.18ms0.037265m0.001022,4.18,157.03,48,16,1468,8.196227511826725e-8,0.14502995087807058,0.9672247757169185
L48T16beta4.18ms0.037265m0.001022,4.18,157.03,48,16,1469,8.196238470934632e-8,0.14503014479641646,0.9672260689851534
L48T16beta4.18ms0.037265m0.001022,4.18,157.03,48,16,1470,8.196249430042539e-8,0.1450303387147623,0.9672273622533883
L48T16beta4.18ms0.037265m0.001022,4.18,157.03,48,16,1471,8.196260389150447e-8,0.1450305326331082,0.9672286555216233
L48T16beta4.18ms0.037265m0.001022,4.18,157.03,48,16,1472,8.196271348258353e-8,0.14503072655145405,0.9672299487898581
L48T16beta4.18ms0.037265m0.001022,4.18,157.03,48,16,1473,8.19628230736626e-8,0.1450309204697999,0.9672312420580931
L48T16beta4.18ms0.037265m0.001022,4.18,157.03,48,16,1474,8.196293266474167e-8,0.14503111438814578,0.967232535326328
L48T16beta4.18ms0.037265m0.001022,4.18,157.03,48,16,1475,8.196304225582074e-8,0.14503130830649164,0.967233828594563
L48T16beta4.18ms0.037265m0.001022,4.18,157.03,48,16,1476,8.196315184689981e-8,0.14503150222483752,0.9672351218627979
L48T16beta4.18ms0.037265m0.001022,4.18,157.03,48,16,1477,8.196326143797888e-8,0.14503169614318337,0.9672364151310329
L48T16beta4.18ms0.037265m0.001022,4.18,157.03,48,16,1478,8.196337102905794e-8,0.14503189006152922,0.9672377083992678
L48T16beta4.18ms0.037265m0.001022,4.18,157.03,48,16,1479,8.196348062013703e-8,0.1450320839798751,0.9672390016675028
L48T16beta4.18ms0.037265m0.001022,4.18,157.03,48,16,1480,8.19635902112161e-8,0.14503227789822096,0.9672402949357377
L48T16beta4.18ms0.037265m0.001022,4.18,157.03,48,16,1481,8.196369980229517e-8,0.14503247181656684,0.9672415882039727
L48T16beta4.18ms0.037265m0.001022,4.18,157.03,48,16,1482,8.196380939337424e-8,0.1450326657349127,0.9672428814722076
L48T16beta4.18ms0.037265m0.001022,4.18,157.03,48,16,1483,8.19639189844533e-8,0.14503285965325854,0.9672441747404426
L48T16beta4.18ms0.037265m0.001022,4.18,157.03,48,16,1484,8.196402857553238e-8,0.14503305357160443,0.9672454680086775
L48T16beta4.18ms0.037265m0.001022,4.18,157.03,48,16,1485,8.196413816661144e-8,0.14503324748995028,0.9672467612769124
L48T16beta4.18ms0.037265m0.001022,4.18,157.03,48,16,1486,8.196424775769051e-8,0.14503344140829613,0.9672480545451474
L48T16beta4.18ms0.037265m0.001022,4.18,157.03,48,16,1487,8.196435734876958e-8,0.145033635326642,0.9672493478133823
L48T16beta4.18ms0.037265m0.001022,4.18,157.03,48,16,1488,8.196446693984865e-8,0.14503382924498787,0.9672506410816173
L48T16beta4.18ms0.037265m0.001022,4.18,157.03,48,16,1489,8.196457653092773e-8,0.14503402316333375,0.9672519343498521
L48T16beta4.18ms0.037265m0.001022,4.18,157.03,48,16,1490,8.196468612200679e-8,0.1450342170816796,0.9672532276180871
L48T16beta4.18ms0.037265m0.001022,4.18,157.03,48,16,1491,8.196479571308586e-8,0.14503441100002545,0.967254520886322
L48T16beta4.18ms0.037265m0.001022,4.18,157.03,48,16,1492,8.196490530416493e-8,0.14503460491837133,0.967255814154557
L48T16beta4.18ms0.037265m0.001022,4.18,157.03,48,16,1493,8.1965014895244e-8,0.1450347988367172,0.9672571074227919
L48T16beta4.18ms0.037265m0.001022,4.18,157.03,48,16,1494,8.196512448632307e-8,0.14503499275506307,0.9672584006910269
L48T16beta4.18ms0.037265m0.001022,4.18,157.03,48,16,1495,8.196523407740214e-8,0.14503518667340892,0.9672596939592618
L48T16beta4.18ms0.037265m0.001022,4.18,157.03,48,16,1496,8.19653436684812e-8,0.14503538059175478,0.9672609872274968
L48T16beta4.18ms0.037265m0.001022,4.18,157.03,48,16,1497,8.196545325956028e-8,0.14503557451010066,0.9672622804957317
L48T16beta4.18ms0.037265m0.001022,4.18,157.03,48,16,1498,8.196556285063934e-8,0.1450357684284465,0.9672635737639667
L48T16beta4.18ms0.037265m0.001022,4.18,157.03,48,16,1499,8.196567244171841e-8,0.14503596234679236,0.9672648670322016
L48T16beta4.18ms0.037265m0.001022,4.18,157.03,48,16,1500,8.19657820327975e-8,0.14503615626513824,0.9672661603004366
L48T16beta4.18ms0.037265m0.001022,4.18,157.03,48,16,1501,8.196589162387655e-8,0.1450363501834841,0.9672674535686715
L48T16beta4.18ms0.037265m0.001022,4.18,157.03,48,16,1502,8.196600121495564e-8,0.14503654410182998,0.9672687468369064
L48T16beta4.18ms0.037265m0.001022,4.18,157.03,48,16,1503,8.19661108060347e-8,0.14503673802017583,0.9672700401051414
L48T16beta4.18ms0.037265m0.001022,4.18,157.03,48,16,1504,8.196622039711377e-8,0.14503693193852168,0.9672713333733763
L48T16beta4.18ms0.037265m0.001022,4.18,157.03,48,16,1505,8.196632998819284e-8,0.14503712585686757,0.9672726266416113
L48T16beta4.18ms0.037265m0.001022,4.18,157.03,48,16,1506,8.196643957927191e-8,0.14503731977521342,0.9672739199098461
L48T16beta4.18ms0.037265m0.001022,4.18,157.03,48,16,1507,8.196654917035099e-8,0.1450375136935593,0.9672752131780811
L48T16beta4.18ms0.037265m0.001022,4.18,157.03,48,16,1508,8.196665876143005e-8,0.14503770761190515,0.967276506446316
L48T16beta4.18ms0.037265m0.001022,4.18,157.03,48,16,1509,8.196676835250912e-8,0.145037901530251,0.967277799714551
L48T16beta4.18ms0.037265m0.001022,4.18,157.03,48,16,1510,8.196687794358819e-8,0.1450380954485969,0.9672790929827859
L48T16beta4.18ms0.037265m0.001022,4.18,157.03,48,16,1511,8.196698753466726e-8,0.14503828936694274,0.9672803862510209
L48T16beta4.18ms0.037265m0.001022,4.18,157.03,48,16,1512,8.196709712574633e-8,0.14503848328528862,0.9672816795192558
L48T16beta4.18ms0.037265m0.001022,4.18,157.03,48,16,1513,8.19672067168254e-8,0.14503867720363448,0.9672829727874908
L48T16beta4.18ms0.037265m0.001022,4.18,157.03,48,16,1514,8.196731630790446e-8,0.14503887112198033,0.9672842660557257
L48T16beta4.18ms0.037265m0.001022,4.18,157.03,48,16,1515,8.196742589898354e-8,0.1450390650403262,0.9672855593239607
L48T16beta4.18ms0.037265m0.001022,4.18,157.03,48,16,1516,8.19675354900626e-8,0.14503925895867206,0.9672868525921956
L48T16beta4.18ms0.037265m0.001022,4.18,157.03,48,16,1517,8.196764508114167e-8,0.14503945287701792,0.9672881458604305
L48T16beta4.18ms0.037265m0.001022,4.18,157.03,48,16,1518,8.196775467222076e-8,0.1450396467953638,0.9672894391286655
L48T16beta4.18ms0.037265m0.001022,4.18,157.03,48,16,1519,8.196786426329981e-8,0.14503984071370965,0.9672907323969004
L48T16beta4.18ms0.037265m0.001022,4.18,157.03,48,16,1520,8.19679738543789e-8,0.14504003463205553,0.9672920256651354
L48T16beta4.18ms0.037265m0.001022,4.18,157.03,48,16,1521,8.196808344545796e-8,0.14504022855040138,0.9672933189333703
L48T16beta4.18ms0.037265m0.001022,4.18,157.03,48,16,1522,8.196819303653703e-8,0.14504042246874724,0.9672946122016053
L48T16beta4.18ms0.037265m0.001022,4.18,157.03,48,16,1523,8.19683026276161e-8,0.14504061638709312,0.9672959054698402
L48T16beta4.18ms0.037265m0.001022,4.18,157.03,48,16,1524,8.196841221869517e-8,0.14504081030543897,0.9672971987380751
L48T16beta4.18ms0.037265m0.001022,4.18,157.03,48,16,1525,8.196852180977425e-8,0.14504100422378485,0.96729849200631
L48T16beta4.18ms0.037265m0.001022,4.18,157.03,48,16,1526,8.196863140085331e-8,0.1450411981421307,0.967299785274545
L48T16beta4.18ms0.037265m0.001022,4.18,157.03,48,16,1527,8.196874099193237e-8,0.14504139206047656,0.9673010785427799
L48T16beta4.18ms0.037265m0.001022,4.18,157.03,48,16,1528,8.196885058301145e-8,0.14504158597882244,0.9673023718110149
L48T16beta4.18ms0.037265m0.001022,4.18,157.03,48,16,1529,8.196896017409052e-8,0.1450417798971683,0.9673036650792498
L48T16beta4.18ms0.037265m0.001022,4.18,157.03,48,16,1530,8.196906976516958e-8,0.14504197381551415,0.9673049583474848
L48T16beta4.18ms0.037265m0.001022,4.18,157.03,48,16,1531,8.196917935624866e-8,0.14504216773386003,0.9673062516157197
L48T16beta4.18ms0.037265m0.001022,4.18,157.03,48,16,1532,8.196928894732772e-8,0.14504236165220588,0.9673075448839547
L48T16beta4.18ms0.037265m0.001022,4.18,157.03,48,16,1533,8.19693985384068e-8,0.14504255557055176,0.9673088381521896
L48T16beta4.18ms0.037265m0.001022,4.18,157.03,48,16,1534,8.196950812948586e-8,0.14504274948889762,0.9673101314204245
L48T16beta4.18ms0.037265m0.001022,4.18,157.03,48,16,1535,8.196961772056493e-8,0.14504294340724347,0.9673114246886595
L48T16beta4.18ms0.037265m0.001022,4.18,157.03,48,16,1536,8.196972731164402e-8,0.14504313732558935,0.9673127179568944
L48T16beta4.18ms0.037265m0.001022,4.18,157.03,48,16,1537,8.196983690272307e-8,0.1450433312439352,0.9673140112251294
L48T16beta4.18ms0.037265m0.001022,4.18,157.03,48,16,1538,8.196994649380216e-8,0.14504352516228108,0.9673153044933643
L48T16beta4.18ms0.037265m0.001022,4.18,157.03,48,16,1539,8.197005608488121e-8,0.14504371908062694,0.9673165977615993
L48T16beta4.18ms0.037265m0.001022,4.18,157.03,48,16,1540,8.197016567596029e-8,0.1450439129989728,0.9673178910298342
L48T16beta4.18ms0.037265m0.001022,4.18,157.03,48,16,1541,8.197027526703936e-8,0.14504410691731867,0.9673191842980691
L48T16beta4.18ms0.037265m0.001022,4.18,157.03,48,16,1542,8.197038485811843e-8,0.14504430083566452,0.967320477566304
L48T16beta4.18ms0.037265m0.001022,4.18,157.03,48,16,1543,8.197049444919748e-8,0.14504449475401038,0.967321770834539
L48T16beta4.18ms0.037265m0.001022,4.18,157.03,48,16,1544,8.197060404027657e-8,0.14504468867235626,0.9673230641027739
L48T16beta4.18ms0.037265m0.001022,4.18,157.03,48,16,1545,8.197071363135563e-8,0.1450448825907021,0.9673243573710089
L48T16beta4.18ms0.037265m0.001022,4.18,157.03,48,16,1546,8.197082322243471e-8,0.145045076509048,0.9673256506392438
L48T16beta4.18ms0.037265m0.001022,4.18,157.03,48,16,1547,8.197093281351378e-8,0.14504527042739385,0.9673269439074788
L48T16beta4.18ms0.037265m0.001022,4.18,157.03,48,16,1548,8.197104240459284e-8,0.1450454643457397,0.9673282371757137
L48T16beta4.18ms0.037265m0.001022,4.18,157.03,48,16,1549,8.197115199567192e-8,0.14504565826408558,0.9673295304439486
L48T16beta4.18ms0.037265m0.001022,4.18,157.03,48,16,1550,8.197126158675098e-8,0.14504585218243143,0.9673308237121836
L48T16beta4.18ms0.037265m0.001022,4.18,157.03,48,16,1551,8.197137117783006e-8,0.14504604610077731,0.9673321169804185
L48T16beta4.18ms0.037265m0.001022,4.18,157.03,48,16,1552,8.197148076890912e-8,0.14504624001912317,0.9673334102486535
L48T16beta4.18ms0.037265m0.001022,4.18,157.03,48,16,1553,8.197159035998819e-8,0.14504643393746902,0.9673347035168884
L48T16beta4.18ms0.037265m0.001022,4.18,157.03,48,16,1554,8.197169995106728e-8,0.1450466278558149,0.9673359967851234
L48T16beta4.18ms0.037265m0.001022,4.18,157.03,48,16,1555,8.197180954214633e-8,0.14504682177416076,0.9673372900533583
L48T16beta4.18ms0.037265m0.001022,4.18,157.03,48,16,1556,8.197191913322542e-8,0.14504701569250664,0.9673385833215933
L48T16beta4.18ms0.037265m0.001022,4.18,157.03,48,16,1557,8.197202872430447e-8,0.1450472096108525,0.9673398765898282
L48T16beta4.18ms0.037265m0.001022,4.18,157.03,48,16,1558,8.197213831538354e-8,0.14504740352919834,0.9673411698580631
L48T16beta4.18ms0.037265m0.001022,4.18,157.03,48,16,1559,8.197224790646262e-8,0.14504759744754422,0.967342463126298
L48T16beta4.18ms0.037265m0.001022,4.18,157.03,48,16,1560,8.197235749754169e-8,0.14504779136589008,0.967343756394533
L48T16beta4.18ms0.037265m0.001022,4.18,157.03,48,16,1561,8.197246708862074e-8,0.14504798528423593,0.9673450496627679
L48T16beta4.18ms0.037265m0.001022,4.18,157.03,48,16,1562,8.197257667969983e-8,0.1450481792025818,0.9673463429310029
L48T16beta4.18ms0.037265m0.001022,4.18,157.03,48,16,1563,8.197268627077889e-8,0.14504837312092766,0.9673476361992378
L48T16beta4.18ms0.037265m0.001022,4.18,157.03,48,16,1564,8.197279586185797e-8,0.14504856703927355,0.9673489294674728
L48T16beta4.18ms0.037265m0.001022,4.18,157.03,48,16,1565,8.197290545293704e-8,0.1450487609576194,0.9673502227357077
L48T16beta4.18ms0.037265m0.001022,4.18,157.03,48,16,1566,8.19730150440161e-8,0.14504895487596525,0.9673515160039426
L48T16beta4.18ms0.037265m0.001022,4.18,157.03,48,16,1567,8.197312463509518e-8,0.14504914879431113,0.9673528092721776
L48T16beta4.18ms0.037265m0.001022,4.18,157.03,48,16,1568,8.197323422617424e-8,0.145049342712657,0.9673541025404125
L48T16beta4.18ms0.037265m0.001022,4.18,157.03,48,16,1569,8.197334381725332e-8,0.14504953663100287,0.9673553958086475
L48T16beta4.18ms0.037265m0.001022,4.18,157.03,48,16,1570,8.197345340833238e-8,0.14504973054934872,0.9673566890768824
L48T16beta4.18ms0.037265m0.001022,4.18,157.03,48,16,1571,8.197356299941145e-8,0.14504992446769457,0.9673579823451174
L48T16beta4.18ms0.037265m0.001022,4.18,157.03,48,16,1572,8.197367259049052e-8,0.14505011838604046,0.9673592756133523
L48T16beta4.18ms0.037265m0.001022,4.18,157.03,48,16,1573,8.197378218156959e-8,0.1450503123043863,0.9673605688815873
L48T16beta4.18ms0.037265m0.001022,4.18,157.03,48,16,1574,8.197389177264865e-8,0.14505050622273216,0.9673618621498222
L48T16beta4.18ms0.037265m0.001022,4.18,157.03,48,16,1575,8.197400136372773e-8,0.14505070014107804,0.9673631554180572
L48T16beta4.18ms0.037265m0.001022,4.18,157.03,48,16,1576,8.19741109548068e-8,0.1450508940594239,0.967364448686292
L48T16beta4.18ms0.037265m0.001022,4.18,157.03,48,16,1577,8.197422054588587e-8,0.14505108797776978,0.967365741954527
L48T16beta4.18ms0.037265m0.001022,4.18,157.03,48,16,1578,8.197433013696495e-8,0.14505128189611563,0.9673670352227619
L48T16beta4.18ms0.037265m0.001022,4.18,157.03,48,16,1579,8.1974439728044e-8,0.14505147581446148,0.9673683284909969
L48T16beta4.18ms0.037265m0.001022,4.18,157.03,48,16,1580,8.197454931912309e-8,0.14505166973280736,0.9673696217592318
L48T16beta4.18ms0.037265m0.001022,4.18,157.03,48,16,1581,8.197465891020214e-8,0.14505186365115322,0.9673709150274667
L48T16beta4.18ms0.037265m0.001022,4.18,157.03,48,16,1582,8.197476850128123e-8,0.1450520575694991,0.9673722082957017
L48T16beta4.18ms0.037265m0.001022,4.18,157.03,48,16,1583,8.19748780923603e-8,0.14505225148784495,0.9673735015639366
L48T16beta4.18ms0.037265m0.001022,4.18,157.03,48,16,1584,8.197498768343936e-8,0.1450524454061908,0.9673747948321716
L48T16beta4.18ms0.037265m0.001022,4.18,157.03,48,16,1585,8.197509727451844e-8,0.1450526393245367,0.9673760881004065
L48T16beta4.18ms0.037265m0.001022,4.18,157.03,48,16,1586,8.19752068655975e-8,0.14505283324288254,0.9673773813686415
L48T16beta4.18ms0.037265m0.001022,4.18,157.03,48,16,1587,8.197531645667657e-8,0.1450530271612284,0.9673786746368764
L48T16beta4.18ms0.037265m0.001022,4.18,157.03,48,16,1588,8.197542604775564e-8,0.14505322107957427,0.9673799679051114
L48T16beta4.18ms0.037265m0.001022,4.18,157.03,48,16,1589,8.197553563883471e-8,0.14505341499792013,0.9673812611733463
L48T16beta4.18ms0.037265m0.001022,4.18,157.03,48,16,1590,8.197564522991378e-8,0.145053608916266,0.9673825544415813
L48T16beta4.18ms0.037265m0.001022,4.18,157.03,48,16,1591,8.197575482099285e-8,0.14505380283461186,0.9673838477098162
L48T16beta4.18ms0.037265m0.001022,4.18,157.03,48,16,1592,8.197586441207191e-8,0.14505399675295771,0.9673851409780512
L48T16beta4.18ms0.037265m0.001022,4.18,157.03,48,16,1593,8.197597400315099e-8,0.1450541906713036,0.967386434246286
L48T16beta4.18ms0.037265m0.001022,4.18,157.03,48,16,1594,8.197608359423006e-8,0.14505438458964945,0.967387727514521
L48T16beta4.18ms0.037265m0.001022,4.18,157.03,48,16,1595,8.197619318530913e-8,0.14505457850799533,0.9673890207827559
L48T16beta4.18ms0.037265m0.001022,4.18,157.03,48,16,1596,8.19763027763882e-8,0.14505477242634118,0.9673903140509909
L48T16beta4.18ms0.037265m0.001022,4.18,157.03,48,16,1597,8.197641236746726e-8,0.14505496634468704,0.9673916073192258
L48T16beta4.18ms0.037265m0.001022,4.18,157.03,48,16,1598,8.197652195854635e-8,0.14505516026303292,0.9673929005874607
L48T16beta4.18ms0.037265m0.001022,4.18,157.03,48,16,1599,8.19766315496254e-8,0.14505535418137877,0.9673941938556957
L48T16beta4.18ms0.037265m0.001022,4.18,157.03,48,16,1600,8.197674114070449e-8,0.14505554809972465,0.9673954871239306
L48T16beta4.18ms0.037265m0.001022,4.18,157.03,48,16,1601,8.197685073178355e-8,0.1450557420180705,0.9673967803921656
L48T16beta4.18ms0.037265m0.001022,4.18,157.03,48,16,1602,8.197696032286262e-8,0.14505593593641636,0.9673980736604005
L48T16beta4.18ms0.037265m0.001022,4.18,157.03,48,16,1603,8.19770699139417e-8,0.14505612985476224,0.9673993669286355
L48T16beta4.18ms0.037265m0.001022,4.18,157.03,48,16,1604,8.197717950502076e-8,0.1450563237731081,0.9674006601968704
L48T16beta4.18ms0.037265m0.001022,4.18,157.03,48,16,1605,8.197728909609983e-8,0.14505651769145395,0.9674019534651054
L48T16beta4.18ms0.037265m0.001022,4.18,157.03,48,16,1606,8.19773986871789e-8,0.14505671160979983,0.9674032467333403
L48T16beta4.18ms0.037265m0.001022,4.18,157.03,48,16,1607,8.197750827825797e-8,0.14505690552814568,0.9674045400015753
L48T16beta4.18ms0.037265m0.001022,4.18,157.03,48,16,1608,8.197761786933704e-8,0.14505709944649156,0.9674058332698102
L48T16beta4.18ms0.037265m0.001022,4.18,157.03,48,16,1609,8.197772746041611e-8,0.14505729336483741,0.9674071265380452
L48T16beta4.18ms0.037265m0.001022,4.18,157.03,48,16,1610,8.197783705149517e-8,0.14505748728318327,0.96740841980628
L48T16beta4.18ms0.037265m0.001022,4.18,157.03,48,16,1611,8.197794664257425e-8,0.14505768120152915,0.967409713074515
L48T16beta4.18ms0.037265m0.001022,4.18,157.03,48,16,1612,8.197805623365332e-8,0.145057875119875,0.9674110063427499
L48T16beta4.18ms0.037265m0.001022,4.18,157.03,48,16,1613,8.19781658247324e-8,0.14505806903822088,0.9674122996109848
L48T16beta4.18ms0.037265m0.001022,4.18,157.03,48,16,1614,8.197827541581146e-8,0.14505826295656674,0.9674135928792198
L48T16beta4.18ms0.037265m0.001022,4.18,157.03,48,16,1615,8.197838500689052e-8,0.1450584568749126,0.9674148861474547
L48T16beta4.18ms0.037265m0.001022,4.18,157.03,48,16,1616,8.19784945979696e-8,0.14505865079325847,0.9674161794156897
L48T16beta4.18ms0.037265m0.001022,4.18,157.03,48,16,1617,8.197860418904866e-8,0.14505884471160432,0.9674174726839246
L48T16beta4.18ms0.037265m0.001022,4.18,157.03,48,16,1618,8.197871378012773e-8,0.14505903862995018,0.9674187659521596
L48T16beta4.18ms0.037265m0.001022,4.18,157.03,48,16,1619,8.19788233712068e-8,0.14505923254829606,0.9674200592203945
L48T16beta4.18ms0.037265m0.001022,4.18,157.03,48,16,1620,8.197893296228588e-8,0.1450594264666419,0.9674213524886295
L48T16beta4.18ms0.037265m0.001022,4.18,157.03,48,16,1621,8.197904255336496e-8,0.1450596203849878,0.9674226457568644
L48T16beta4.18ms0.037265m0.001022,4.18,157.03,48,16,1622,8.197915214444402e-8,0.14505981430333365,0.9674239390250994
L48T16beta4.18ms0.037265m0.001022,4.18,157.03,48,16,1623,8.197926173552309e-8,0.1450600082216795,0.9674252322933343
L48T16beta4.18ms0.037265m0.001022,4.18,157.03,48,16,1624,8.197937132660216e-8,0.14506020214002538,0.9674265255615693
L48T16beta4.18ms0.037265m0.001022,4.18,157.03,48,16,1625,8.197948091768123e-8,0.14506039605837123,0.9674278188298042
L48T16beta4.18ms0.037265m0.001022,4.18,157.03,48,16,1626,8.19795905087603e-8,0.1450605899767171,0.9674291120980392
L48T16beta4.18ms0.037265m0.001022,4.18,157.03,48,16,1627,8.197970009983937e-8,0.14506078389506297,0.967430405366274
L48T16beta4.18ms0.037265m0.001022,4.18,157.03,48,16,1628,8.197980969091843e-8,0.14506097781340882,0.967431698634509
L48T16beta4.18ms0.037265m0.001022,4.18,157.03,48,16,1629,8.197991928199751e-8,0.1450611717317547,0.9674329919027439
L48T16beta4.18ms0.037265m0.001022,4.18,157.03,48,16,1630,8.198002887307657e-8,0.14506136565010055,0.9674342851709788
L48T16beta4.18ms0.037265m0.001022,4.18,157.03,48,16,1631,8.198013846415565e-8,0.14506155956844644,0.9674355784392138
L48T16beta4.18ms0.037265m0.001022,4.18,157.03,48,16,1632,8.198024805523472e-8,0.1450617534867923,0.9674368717074487
L48T16beta4.18ms0.037265m0.001022,4.18,157.03,48,16,1633,8.198035764631378e-8,0.14506194740513814,0.9674381649756837
L48T16beta4.18ms0.037265m0.001022,4.18,157.03,48,16,1634,8.198046723739287e-8,0.14506214132348402,0.9674394582439186
L48T16beta4.18ms0.037265m0.001022,4.18,157.03,48,16,1635,8.198057682847192e-8,0.14506233524182988,0.9674407515121536
L48T16beta4.18ms0.037265m0.001022,4.18,157.03,48,16,1636,8.1980686419551e-8,0.14506252916017573,0.9674420447803885
L48T16beta4.18ms0.037265m0.001022,4.18,157.03,48,16,1637,8.198079601063006e-8,0.1450627230785216,0.9674433380486235
L48T16beta4.18ms0.037265m0.001022,4.18,157.03,48,16,1638,8.198090560170913e-8,0.14506291699686746,0.9674446313168584
L48T16beta4.18ms0.037265m0.001022,4.18,157.03,48,16,1639,8.198101519278822e-8,0.14506311091521334,0.9674459245850934
L48T16beta4.18ms0.037265m0.001022,4.18,157.03,48,16,1640,8.198112478386728e-8,0.1450633048335592,0.9674472178533283
L48T16beta4.18ms0.037265m0.001022,4.18,157.03,48,16,1641,8.198123437494635e-8,0.14506349875190505,0.9674485111215633
L48T16beta4.18ms0.037265m0.001022,4.18,157.03,48,16,1642,8.198134396602542e-8,0.14506369267025093,0.9674498043897982
L48T16beta4.18ms0.037265m0.001022,4.18,157.03,48,16,1643,8.198145355710449e-8,0.14506388658859679,0.9674510976580332
L48T16beta4.18ms0.037265m0.001022,4.18,157.03,48,16,1644,8.198156314818356e-8,0.14506408050694267,0.9674523909262681
L48T16beta4.18ms0.037265m0.001022,4.18,157.03,48,16,1645,8.198167273926263e-8,0.14506427442528852,0.967453684194503
L48T16beta4.18ms0.037265m0.001022,4.18,157.03,48,16,1646,8.198178233034169e-8,0.14506446834363437,0.9674549774627379
L48T16beta4.18ms0.037265m0.001022,4.18,157.03,48,16,1647,8.198189192142077e-8,0.14506466226198025,0.9674562707309728
L48T16beta4.18ms0.037265m0.001022,4.18,157.03,48,16,1648,8.198200151249983e-8,0.1450648561803261,0.9674575639992078
L48T16beta4.18ms0.037265m0.001022,4.18,157.03,48,16,1649,8.19821111035789e-8,0.14506505009867196,0.9674588572674427
L48T16beta4.18ms0.037265m0.001022,4.18,157.03,48,16,1650,8.198222069465798e-8,0.14506524401701784,0.9674601505356777
L48T16beta4.18ms0.037265m0.001022,4.18,157.03,48,16,1651,8.198233028573704e-8,0.1450654379353637,0.9674614438039126
L48T16beta4.18ms0.037265m0.001022,4.18,157.03,48,16,1652,8.198243987681612e-8,0.14506563185370958,0.9674627370721476
L48T16beta4.18ms0.037265m0.001022,4.18,157.03,48,16,1653,8.198254946789518e-8,0.14506582577205543,0.9674640303403825
L48T16beta4.18ms0.037265m0.001022,4.18,157.03,48,16,1654,8.198265905897425e-8,0.14506601969040128,0.9674653236086175
L48T16beta4.18ms0.037265m0.001022,4.18,157.03,48,16,1655,8.198276865005332e-8,0.14506621360874716,0.9674666168768524
L48T16beta4.18ms0.037265m0.001022,4.18,157.03,48,16,1656,8.19828782411324e-8,0.14506640752709302,0.9674679101450874
L48T16beta4.18ms0.037265m0.001022,4.18,157.03,48,16,1657,8.198298783221148e-8,0.1450666014454389,0.9674692034133223
L48T16beta4.18ms0.037265m0.001022,4.18,157.03,48,16,1658,8.198309742329054e-8,0.14506679536378475,0.9674704966815573
L48T16beta4.18ms0.037265m0.001022,4.18,157.03,48,16,1659,8.198320701436959e-8,0.1450669892821306,0.9674717899497922
L48T16beta4.18ms0.037265m0.001022,4.18,157.03,48,16,1660,8.198331660544868e-8,0.14506718320047648,0.9674730832180272
L48T16beta4.18ms0.037265m0.001022,4.18,157.03,48,16,1661,8.198342619652775e-8,0.14506737711882234,0.9674743764862621
L48T16beta4.18ms0.037265m0.001022,4.18,157.03,48,16,1662,8.19835357876068e-8,0.1450675710371682,0.967475669754497
L48T16beta4.18ms0.037265m0.001022,4.18,157.03,48,16,1663,8.198364537868589e-8,0.14506776495551407,0.9674769630227319
L48T16beta4.18ms0.037265m0.001022,4.18,157.03,48,16,1664,8.198375496976495e-8,0.14506795887385993,0.9674782562909668
L48T16beta4.18ms0.037265m0.001022,4.18,157.03,48,16,1665,8.198386456084403e-8,0.1450681527922058,0.9674795495592018
L48T16beta4.18ms0.037265m0.001022,4.18,157.03,48,16,1666,8.198397415192309e-8,0.14506834671055166,0.9674808428274367
L48T16beta4.18ms0.037265m0.001022,4.18,157.03,48,16,1667,8.198408374300216e-8,0.1450685406288975,0.9674821360956717
L48T16beta4.18ms0.037265m0.001022,4.18,157.03,48,16,1668,8.198419333408124e-8,0.1450687345472434,0.9674834293639066
L48T16beta4.18ms0.037265m0.001022,4.18,157.03,48,16,1669,8.19843029251603e-8,0.14506892846558925,0.9674847226321416
L48T16beta4.18ms0.037265m0.001022,4.18,157.03,48,16,1670,8.198441251623938e-8,0.14506912238393513,0.9674860159003765
L48T16beta4.18ms0.037265m0.001022,4.18,157.03,48,16,1671,8.198452210731844e-8,0.14506931630228098,0.9674873091686115
L48T16beta4.18ms0.037265m0.001022,4.18,157.03,48,16,1672,8.198463169839751e-8,0.14506951022062683,0.9674886024368464
L48T16beta4.18ms0.037265m0.001022,4.18,157.03,48,16,1673,8.198474128947658e-8,0.14506970413897272,0.9674898957050814
L48T16beta4.18ms0.037265m0.001022,4.18,157.03,48,16,1674,8.198485088055565e-8,0.14506989805731857,0.9674911889733163
L48T16beta4.18ms0.037265m0.001022,4.18,157.03,48,16,1675,8.198496047163472e-8,0.14507009197566445,0.9674924822415513
L48T16beta4.18ms0.037265m0.001022,4.18,157.03,48,16,1676,8.19850700627138e-8,0.1450702858940103,0.9674937755097862
L48T16beta4.18ms0.037265m0.001022,4.18,157.03,48,16,1677,8.198517965379285e-8,0.14507047981235616,0.9674950687780212
L48T16beta4.18ms0.037265m0.001022,4.18,157.03,48,16,1678,8.198528924487194e-8,0.14507067373070204,0.9674963620462561
L48T16beta4.18ms0.037265m0.001022,4.18,157.03,48,16,1679,8.198539883595101e-8,0.1450708676490479,0.967497655314491
L48T16beta4.18ms0.037265m0.001022,4.18,157.03,48,16,1680,8.198550842703006e-8,0.14507106156739374,0.9674989485827259
L48T16beta4.18ms0.037265m0.001022,4.18,157.03,48,16,1681,8.198561801810915e-8,0.14507125548573963,0.9675002418509608
L48T16beta4.18ms0.037265m0.001022,4.18,157.03,48,16,1682,8.19857276091882e-8,0.14507144940408548,0.9675015351191958
L48T16beta4.18ms0.037265m0.001022,4.18,157.03,48,16,1683,8.198583720026729e-8,0.14507164332243136,0.9675028283874307
L48T16beta4.18ms0.037265m0.001022,4.18,157.03,48,16,1684,8.198594679134635e-8,0.1450718372407772,0.9675041216556657
L48T16beta4.18ms0.037265m0.001022,4.18,157.03,48,16,1685,8.198605638242542e-8,0.14507203115912307,0.9675054149239006
L48T16beta4.18ms0.037265m0.001022,4.18,157.03,48,16,1686,8.19861659735045e-8,0.14507222507746895,0.9675067081921356
L48T16beta4.18ms0.037265m0.001022,4.18,157.03,48,16,1687,8.198627556458356e-8,0.1450724189958148,0.9675080014603705
L48T16beta4.18ms0.037265m0.001022,4.18,157.03,48,16,1688,8.198638515566264e-8,0.14507261291416068,0.9675092947286055
L48T16beta4.18ms0.037265m0.001022,4.18,157.03,48,16,1689,8.19864947467417e-8,0.14507280683250653,0.9675105879968404
L48T16beta4.18ms0.037265m0.001022,4.18,157.03,48,16,1690,8.198660433782077e-8,0.1450730007508524,0.9675118812650754
L48T16beta4.18ms0.037265m0.001022,4.18,157.03,48,16,1691,8.198671392889984e-8,0.14507319466919827,0.9675131745333103
L48T16beta4.18ms0.037265m0.001022,4.18,157.03,48,16,1692,8.198682351997891e-8,0.14507338858754412,0.9675144678015453
L48T16beta4.18ms0.037265m0.001022,4.18,157.03,48,16,1693,8.198693311105797e-8,0.14507358250588998,0.9675157610697802
L48T16beta4.18ms0.037265m0.001022,4.18,157.03,48,16,1694,8.198704270213705e-8,0.14507377642423586,0.9675170543380152
L48T16beta4.18ms0.037265m0.001022,4.18,157.03,48,16,1695,8.198715229321611e-8,0.1450739703425817,0.9675183476062501
L48T16beta4.18ms0.037265m0.001022,4.18,157.03,48,16,1696,8.19872618842952e-8,0.1450741642609276,0.9675196408744849
L48T16beta4.18ms0.037265m0.001022,4.18,157.03,48,16,1697,8.198737147537427e-8,0.14507435817927344,0.9675209341427199
L48T16beta4.18ms0.037265m0.001022,4.18,157.03,48,16,1698,8.198748106645332e-8,0.1450745520976193,0.9675222274109548
L48T16beta4.18ms0.037265m0.001022,4.18,157.03,48,16,1699,8.198759065753241e-8,0.14507474601596518,0.9675235206791898
L48T16beta4.18ms0.037265m0.001022,4.18,157.03,48,16,1700,8.198770024861147e-8,0.14507493993431103,0.9675248139474247
L48T16beta4.18ms0.037265m0.001022,4.18,157.03,48,16,1701,8.198780983969055e-8,0.1450751338526569,0.9675261072156597
L48T16beta4.18ms0.037265m0.001022,4.18,157.03,48,16,1702,8.198791943076961e-8,0.14507532777100277,0.9675274004838946
L48T16beta4.18ms0.037265m0.001022,4.18,157.03,48,16,1703,8.198802902184868e-8,0.14507552168934862,0.9675286937521296
L48T16beta4.18ms0.037265m0.001022,4.18,157.03,48,16,1704,8.198813861292775e-8,0.1450757156076945,0.9675299870203645
L48T16beta4.18ms0.037265m0.001022,4.18,157.03,48,16,1705,8.198824820400682e-8,0.14507590952604035,0.9675312802885995
L48T16beta4.18ms0.037265m0.001022,4.18,157.03,48,16,1706,8.198835779508588e-8,0.1450761034443862,0.9675325735568344
L48T16beta4.18ms0.037265m0.001022,4.18,157.03,48,16,1707,8.198846738616496e-8,0.1450762973627321,0.9675338668250694
L48T16beta4.18ms0.037265m0.001022,4.18,157.03,48,16,1708,8.198857697724403e-8,0.14507649128107794,0.9675351600933043
L48T16beta4.18ms0.037265m0.001022,4.18,157.03,48,16,1709,8.19886865683231e-8,0.14507668519942382,0.9675364533615393
L48T16beta4.18ms0.037265m0.001022,4.18,157.03,48,16,1710,8.198879615940217e-8,0.14507687911776967,0.9675377466297742
L48T16beta4.18ms0.037265m0.001022,4.18,157.03,48,16,1711,8.198890575048123e-8,0.14507707303611553,0.9675390398980092
L48T16beta4.18ms0.037265m0.001022,4.18,157.03,48,16,1712,8.198901534156031e-8,0.1450772669544614,0.9675403331662441
L48T16beta4.18ms0.037265m0.001022,4.18,157.03,48,16,1713,8.198912493263937e-8,0.14507746087280726,0.967541626434479
L48T16beta4.18ms0.037265m0.001022,4.18,157.03,48,16,1714,8.198923452371846e-8,0.14507765479115314,0.9675429197027139
L48T16beta4.18ms0.037265m0.001022,4.18,157.03,48,16,1715,8.198934411479753e-8,0.145077848709499,0.9675442129709488
L48T16beta4.18ms0.037265m0.001022,4.18,157.03,48,16,1716,8.198945370587658e-8,0.14507804262784485,0.9675455062391838
L48T16beta4.18ms0.037265m0.001022,4.18,157.03,48,16,1717,8.198956329695567e-8,0.14507823654619073,0.9675467995074187
L48T16beta4.18ms0.037265m0.001022,4.18,157.03,48,16,1718,8.198967288803472e-8,0.14507843046453658,0.9675480927756537
L48T16beta4.18ms0.037265m0.001022,4.18,157.03,48,16,1719,8.198978247911381e-8,0.14507862438288247,0.9675493860438886
L48T16beta4.18ms0.037265m0.001022,4.18,157.03,48,16,1720,8.198989207019287e-8,0.14507881830122832,0.9675506793121236
L48T16beta4.18ms0.037265m0.001022,4.18,157.03,48,16,1721,8.199000166127194e-8,0.14507901221957417,0.9675519725803585
L48T16beta4.18ms0.037265m0.001022,4.18,157.03,48,16,1722,8.199011125235101e-8,0.14507920613792005,0.9675532658485935
L48T16beta4.18ms0.037265m0.001022,4.18,157.03,48,16,1723,8.199022084343008e-8,0.1450794000562659,0.9675545591168284
L48T16beta4.18ms0.037265m0.001022,4.18,157.03,48,16,1724,8.199033043450914e-8,0.14507959397461176,0.9675558523850634
L48T16beta4.18ms0.037265m0.001022,4.18,157.03,48,16,1725,8.199044002558822e-8,0.14507978789295764,0.9675571456532983
L48T16beta4.18ms0.037265m0.001022,4.18,157.03,48,16,1726,8.199054961666729e-8,0.1450799818113035,0.9675584389215333
L48T16beta4.18ms0.037265m0.001022,4.18,157.03,48,16,1727,8.199065920774636e-8,0.14508017572964937,0.9675597321897682
L48T16beta4.18ms0.037265m0.001022,4.18,157.03,48,16,1728,8.199076879882543e-8,0.14508036964799523,0.9675610254580032
L48T16beta4.18ms0.037265m0.001022,4.18,157.03,48,16,1729,8.199087838990449e-8,0.14508056356634108,0.9675623187262381
L48T16beta4.18ms0.037265m0.001022,4.18,157.03,48,16,1730,8.199098798098357e-8,0.14508075748468696,0.967563611994473
L48T16beta4.18ms0.037265m0.001022,4.18,157.03,48,16,1731,8.199109757206263e-8,0.14508095140303282,0.9675649052627079
L48T16beta4.18ms0.037265m0.001022,4.18,157.03,48,16,1732,8.199120716314171e-8,0.1450811453213787,0.9675661985309428
L48T16beta4.18ms0.037265m0.001022,4.18,157.03,48,16,1733,8.199131675422077e-8,0.14508133923972455,0.9675674917991778
L48T16beta4.18ms0.037265m0.001022,4.18,157.03,48,16,1734,8.199142634529984e-8,0.1450815331580704,0.9675687850674127
L48T16beta4.18ms0.037265m0.001022,4.18,157.03,48,16,1735,8.199153593637893e-8,0.14508172707641628,0.9675700783356477
L48T16beta4.18ms0.037265m0.001022,4.18,157.03,48,16,1736,8.199164552745798e-8,0.14508192099476214,0.9675713716038826
L48T16beta4.18ms0.037265m0.001022,4.18,157.03,48,16,1737,8.199175511853705e-8,0.145082114913108,0.9675726648721176
L48T16beta4.18ms0.037265m0.001022,4.18,157.03,48,16,1738,8.199186470961613e-8,0.14508230883145387,0.9675739581403525
L48T16beta4.18ms0.037265m0.001022,4.18,157.03,48,16,1739,8.19919743006952e-8,0.14508250274979972,0.9675752514085875
L48T16beta4.18ms0.037265m0.001022,4.18,157.03,48,16,1740,8.199208389177427e-8,0.1450826966681456,0.9675765446768224
L48T16beta4.18ms0.037265m0.001022,4.18,157.03,48,16,1741,8.199219348285334e-8,0.14508289058649146,0.9675778379450574
L48T16beta4.18ms0.037265m0.001022,4.18,157.03,48,16,1742,8.19923030739324e-8,0.1450830845048373,0.9675791312132923
L48T16beta4.18ms0.037265m0.001022,4.18,157.03,48,16,1743,8.199241266501148e-8,0.1450832784231832,0.9675804244815273
L48T16beta4.18ms0.037265m0.001022,4.18,157.03,48,16,1744,8.199252225609055e-8,0.14508347234152905,0.9675817177497622
L48T16beta4.18ms0.037265m0.001022,4.18,157.03,48,16,1745,8.199263184716962e-8,0.14508366625987493,0.9675830110179972
L48T16beta4.18ms0.037265m0.001022,4.18,157.03,48,16,1746,8.199274143824869e-8,0.14508386017822078,0.9675843042862321
L48T16beta4.18ms0.037265m0.001022,4.18,157.03,48,16,1747,8.199285102932775e-8,0.14508405409656663,0.967585597554467
L48T16beta4.18ms0.037265m0.001022,4.18,157.03,48,16,1748,8.199296062040683e-8,0.14508424801491251,0.9675868908227019
L48T16beta4.18ms0.037265m0.001022,4.18,157.03,48,16,1749,8.199307021148589e-8,0.14508444193325837,0.9675881840909368
L48T16beta4.18ms0.037265m0.001022,4.18,157.03,48,16,1750,8.199317980256497e-8,0.14508463585160425,0.9675894773591718
L48T16beta4.18ms0.037265m0.001022,4.18,157.03,48,16,1751,8.199328939364403e-8,0.1450848297699501,0.9675907706274067
L48T16beta4.18ms0.037265m0.001022,4.18,157.03,48,16,1752,8.19933989847231e-8,0.14508502368829596,0.9675920638956417
L48T16beta4.18ms0.037265m0.001022,4.18,157.03,48,16,1753,8.199350857580219e-8,0.14508521760664184,0.9675933571638766
L48T16beta4.18ms0.037265m0.001022,4.18,157.03,48,16,1754,8.199361816688124e-8,0.1450854115249877,0.9675946504321116
L48T16beta4.18ms0.037265m0.001022,4.18,157.03,48,16,1755,8.199372775796031e-8,0.14508560544333354,0.9675959437003465
L48T16beta4.18ms0.037265m0.001022,4.18,157.03,48,16,1756,8.199383734903939e-8,0.14508579936167942,0.9675972369685815
L48T16beta4.18ms0.037265m0.001022,4.18,157.03,48,16,1757,8.199394694011846e-8,0.14508599328002528,0.9675985302368164
L48T16beta4.18ms0.037265m0.001022,4.18,157.03,48,16,1758,8.199405653119753e-8,0.14508618719837116,0.9675998235050514
L48T16beta4.18ms0.037265m0.001022,4.18,157.03,48,16,1759,8.19941661222766e-8,0.145086381116717,0.9676011167732863
L48T16beta4.18ms0.037265m0.001022,4.18,157.03,48,16,1760,8.199427571335565e-8,0.14508657503506286,0.9676024100415213
L48T16beta4.18ms0.037265m0.001022,4.18,157.03,48,16,1761,8.199438530443474e-8,0.14508676895340875,0.9676037033097562
L48T16beta4.18ms0.037265m0.001022,4.18,157.03,48,16,1762,8.19944948955138e-8,0.1450869628717546,0.9676049965779911
L48T16beta4.18ms0.037265m0.001022,4.18,157.03,48,16,1763,8.199460448659288e-8,0.14508715679010048,0.9676062898462261
L48T16beta4.18ms0.037265m0.001022,4.18,157.03,48,16,1764,8.199471407767195e-8,0.14508735070844633,0.967607583114461
L48T16beta4.18ms0.037265m0.001022,4.18,157.03,48,16,1765,8.199482366875101e-8,0.1450875446267922,0.9676088763826959
L48T16beta4.18ms0.037265m0.001022,4.18,157.03,48,16,1766,8.199493325983009e-8,0.14508773854513807,0.9676101696509308
L48T16beta4.18ms0.037265m0.001022,4.18,157.03,48,16,1767,8.199504285090915e-8,0.14508793246348392,0.9676114629191658
L48T16beta4.18ms0.037265m0.001022,4.18,157.03,48,16,1768,8.199515244198822e-8,0.14508812638182977,0.9676127561874007
L48T16beta4.18ms0.037265m0.001022,4.18,157.03,48,16,1769,8.199526203306729e-8,0.14508832030017565,0.9676140494556357
L48T16beta4.18ms0.037265m0.001022,4.18,157.03,48,16,1770,8.199537162414636e-8,0.1450885142185215,0.9676153427238706
L48T16beta4.18ms0.037265m0.001022,4.18,157.03,48,16,1771,8.199548121522545e-8,0.1450887081368674,0.9676166359921056
L48T16beta4.18ms0.037265m0.001022,4.18,157.03,48,16,1772,8.19955908063045e-8,0.14508890205521324,0.9676179292603405
L48T16beta4.18ms0.037265m0.001022,4.18,157.03,48,16,1773,8.199570039738357e-8,0.1450890959735591,0.9676192225285755
L48T16beta4.18ms0.037265m0.001022,4.18,157.03,48,16,1774,8.199580998846264e-8,0.14508928989190498,0.9676205157968104
L48T16beta4.18ms0.037265m0.001022,4.18,157.03,48,16,1775,8.199591957954172e-8,0.14508948381025083,0.9676218090650454
L48T16beta4.18ms0.037265m0.001022,4.18,157.03,48,16,1776,8.199602917062079e-8,0.1450896777285967,0.9676231023332803
L48T16beta4.18ms0.037265m0.001022,4.18,157.03,48,16,1777,8.199613876169986e-8,0.14508987164694256,0.9676243956015153
L48T16beta4.18ms0.037265m0.001022,4.18,157.03,48,16,1778,8.199624835277891e-8,0.14509006556528842,0.9676256888697502
L48T16beta4.18ms0.037265m0.001022,4.18,157.03,48,16,1779,8.1996357943858e-8,0.1450902594836343,0.9676269821379851
L48T16beta4.18ms0.037265m0.001022,4.18,157.03,48,16,1780,8.199646753493706e-8,0.14509045340198015,0.9676282754062201
L48T16beta4.18ms0.037265m0.001022,4.18,157.03,48,16,1781,8.199657712601613e-8,0.145090647320326,0.967629568674455
L48T16beta4.18ms0.037265m0.001022,4.18,157.03,48,16,1782,8.199668671709521e-8,0.14509084123867189,0.96763086194269
L48T16beta4.18ms0.037265m0.001022,4.18,157.03,48,16,1783,8.199679630817427e-8,0.14509103515701774,0.9676321552109248
L48T16beta4.18ms0.037265m0.001022,4.18,157.03,48,16,1784,8.199690589925335e-8,0.14509122907536362,0.9676334484791598
L48T16beta4.18ms0.037265m0.001022,4.18,157.03,48,16,1785,8.199701549033241e-8,0.14509142299370947,0.9676347417473947
L48T16beta4.18ms0.037265m0.001022,4.18,157.03,48,16,1786,8.199712508141148e-8,0.14509161691205533,0.9676360350156297
L48T16beta4.18ms0.037265m0.001022,4.18,157.03,48,16,1787,8.199723467249055e-8,0.1450918108304012,0.9676373282838646
L48T16beta4.18ms0.037265m0.001022,4.18,157.03,48,16,1788,8.199734426356962e-8,0.14509200474874706,0.9676386215520996
L48T16beta4.18ms0.037265m0.001022,4.18,157.03,48,16,1789,8.19974538546487e-8,0.14509219866709294,0.9676399148203345
L48T16beta4.18ms0.037265m0.001022,4.18,157.03,48,16,1790,8.199756344572776e-8,0.1450923925854388,0.9676412080885695
L48T16beta4.18ms0.037265m0.001022,4.18,157.03,48,16,1791,8.199767303680682e-8,0.14509258650378465,0.9676425013568044
L48T16beta4.18ms0.037265m0.001022,4.18,157.03,48,16,1792,8.19977826278859e-8,0.14509278042213053,0.9676437946250394
L48T16beta4.18ms0.037265m0.001022,4.18,157.03,48,16,1793,8.199789221896497e-8,0.14509297434047638,0.9676450878932743
L48T16beta4.18ms0.037265m0.001022,4.18,157.03,48,16,1794,8.199800181004405e-8,0.14509316825882226,0.9676463811615093
L48T16beta4.18ms0.037265m0.001022,4.18,157.03,48,16,1795,8.199811140112312e-8,0.14509336217716812,0.9676476744297442
L48T16beta4.18ms0.037265m0.001022,4.18,157.03,48,16,1796,8.199822099220217e-8,0.14509355609551397,0.9676489676979791
L48T16beta4.18ms0.037265m0.001022,4.18,157.03,48,16,1797,8.199833058328126e-8,0.14509375001385985,0.9676502609662141
L48T16beta4.18ms0.037265m0.001022,4.18,157.03,48,16,1798,8.199844017436031e-8,0.1450939439322057,0.967651554234449
L48T16beta4.18ms0.037265m0.001022,4.18,157.03,48,16,1799,8.199854976543939e-8,0.14509413785055156,0.967652847502684
L48T16beta4.18ms0.037265m0.001022,4.18,157.03,48,16,1800,8.199865935651847e-8,0.14509433176889744,0.9676541407709188
L48T16beta4.18ms0.037265m0.001022,4.18,157.03,48,16,1801,8.199876894759753e-8,0.1450945256872433,0.9676554340391538
L48T16beta4.18ms0.037265m0.001022,4.18,157.03,48,16,1802,8.199887853867661e-8,0.14509471960558917,0.9676567273073887
L48T16beta4.18ms0.037265m0.001022,4.18,157.03,48,16,1803,8.199898812975567e-8,0.14509491352393503,0.9676580205756237
L48T16beta4.18ms0.037265m0.001022,4.18,157.03,48,16,1804,8.199909772083474e-8,0.14509510744228088,0.9676593138438586
L48T16beta4.18ms0.037265m0.001022,4.18,157.03,48,16,1805,8.199920731191381e-8,0.14509530136062676,0.9676606071120936
L48T16beta4.18ms0.037265m0.001022,4.18,157.03,48,16,1806,8.199931690299288e-8,0.1450954952789726,0.9676619003803285
L48T16beta4.18ms0.037265m0.001022,4.18,157.03,48,16,1807,8.199942649407195e-8,0.1450956891973185,0.9676631936485635
L48T16beta4.18ms0.037265m0.001022,4.18,157.03,48,16,1808,8.199953608515102e-8,0.14509588311566435,0.9676644869167984
L48T16beta4.18ms0.037265m0.001022,4.18,157.03,48,16,1809,8.199964567623008e-8,0.1450960770340102,0.9676657801850334
L48T16beta4.18ms0.037265m0.001022,4.18,157.03,48,16,1810,8.199975526730916e-8,0.14509627095235608,0.9676670734532683
L48T16beta4.18ms0.037265m0.001022,4.18,157.03,48,16,1811,8.199986485838823e-8,0.14509646487070194,0.9676683667215032
L48T16beta4.18ms0.037265m0.001022,4.18,157.03,48,16,1812,8.199997444946729e-8,0.1450966587890478,0.9676696599897382
L48T16beta4.18ms0.037265m0.001022,4.18,157.03,48,16,1813,8.200008404054638e-8,0.14509685270739367,0.9676709532579731
L48T16beta4.18ms0.037265m0.001022,4.18,157.03,48,16,1814,8.200019363162543e-8,0.14509704662573952,0.9676722465262081
L48T16beta4.18ms0.037265m0.001022,4.18,157.03,48,16,1815,8.200030322270452e-8,0.1450972405440854,0.967673539794443
L48T16beta4.18ms0.037265m0.001022,4.18,157.03,48,16,1816,8.200041281378357e-8,0.14509743446243126,0.967674833062678
L48T16beta4.18ms0.037265m0.001022,4.18,157.03,48,16,1817,8.200052240486264e-8,0.1450976283807771,0.9676761263309128
L48T16beta4.18ms0.037265m0.001022,4.18,157.03,48,16,1818,8.200063199594173e-8,0.145097822299123,0.9676774195991478
L48T16beta4.18ms0.037265m0.001022,4.18,157.03,48,16,1819,8.200074158702079e-8,0.14509801621746884,0.9676787128673827
L48T16beta4.18ms0.037265m0.001022,4.18,157.03,48,16,1820,8.200085117809987e-8,0.14509821013581473,0.9676800061356177
L48T16beta4.18ms0.037265m0.001022,4.18,157.03,48,16,1821,8.200096076917893e-8,0.14509840405416058,0.9676812994038526
L48T16beta4.18ms0.037265m0.001022,4.18,157.03,48,16,1822,8.2001070360258e-8,0.14509859797250643,0.9676825926720876
L48T16beta4.18ms0.037265m0.001022,4.18,157.03,48,16,1823,8.200117995133707e-8,0.1450987918908523,0.9676838859403225
L48T16beta4.18ms0.037265m0.001022,4.18,157.03,48,16,1824,8.200128954241614e-8,0.14509898580919817,0.9676851792085575
L48T16beta4.18ms0.037265m0.001022,4.18,157.03,48,16,1825,8.200139913349521e-8,0.14509917972754405,0.9676864724767924
L48T16beta4.18ms0.037265m0.001022,4.18,157.03,48,16,1826,8.200150872457428e-8,0.1450993736458899,0.9676877657450274
L48T16beta4.18ms0.037265m0.001022,4.18,157.03,48,16,1827,8.200161831565334e-8,0.14509956756423575,0.9676890590132623
L48T16beta4.18ms0.037265m0.001022,4.18,157.03,48,16,1828,8.200172790673242e-8,0.14509976148258164,0.9676903522814972
L48T16beta4.18ms0.037265m0.001022,4.18,157.03,48,16,1829,8.200183749781149e-8,0.1450999554009275,0.9676916455497322
L48T16beta4.18ms0.037265m0.001022,4.18,157.03,48,16,1830,8.200194708889055e-8,0.14510014931927334,0.9676929388179671
L48T16beta4.18ms0.037265m0.001022,4.18,157.03,48,16,1831,8.200205667996963e-8,0.14510034323761922,0.9676942320862021
L48T16beta4.18ms0.037265m0.001022,4.18,157.03,48,16,1832,8.200216627104869e-8,0.14510053715596508,0.967695525354437
L48T16beta4.18ms0.037265m0.001022,4.18,157.03,48,16,1833,8.200227586212778e-8,0.14510073107431096,0.967696818622672
L48T16beta4.18ms0.037265m0.001022,4.18,157.03,48,16,1834,8.200238545320683e-8,0.1451009249926568,0.9676981118909068
L48T16beta4.18ms0.037265m0.001022,4.18,157.03,48,16,1835,8.20024950442859e-8,0.14510111891100266,0.9676994051591418
L48T16beta4.18ms0.037265m0.001022,4.18,157.03,48,16,1836,8.200260463536498e-8,0.14510131282934854,0.9677006984273767
L48T16beta4.18ms0.037265m0.001022,4.18,157.03,48,16,1837,8.200271422644405e-8,0.1451015067476944,0.9677019916956117
L48T16beta4.18ms0.037265m0.001022,4.18,157.03,48,16,1838,8.200282381752313e-8,0.14510170066604028,0.9677032849638466
L48T16beta4.18ms0.037265m0.001022,4.18,157.03,48,16,1839,8.200293340860219e-8,0.14510189458438613,0.9677045782320816
L48T16beta4.18ms0.037265m0.001022,4.18,157.03,48,16,1840,8.200304299968126e-8,0.14510208850273199,0.9677058715003165
L48T16beta4.18ms0.037265m0.001022,4.18,157.03,48,16,1841,8.200315259076033e-8,0.14510228242107787,0.9677071647685515
L48T16beta4.18ms0.037265m0.001022,4.18,157.03,48,16,1842,8.20032621818394e-8,0.14510247633942372,0.9677084580367864
L48T16beta4.18ms0.037265m0.001022,4.18,157.03,48,16,1843,8.200337177291846e-8,0.14510267025776957,0.9677097513050213
L48T16beta4.18ms0.037265m0.001022,4.18,157.03,48,16,1844,8.200348136399754e-8,0.14510286417611545,0.9677110445732563
L48T16beta4.18ms0.037265m0.001022,4.18,157.03,48,16,1845,8.20035909550766e-8,0.1451030580944613,0.9677123378414912
L48T16beta4.18ms0.037265m0.001022,4.18,157.03,48,16,1846,8.200370054615568e-8,0.1451032520128072,0.9677136311097262
L48T16beta4.18ms0.037265m0.001022,4.18,157.03,48,16,1847,8.200381013723475e-8,0.14510344593115304,0.9677149243779611
L48T16beta4.18ms0.037265m0.001022,4.18,157.03,48,16,1848,8.200391972831381e-8,0.1451036398494989,0.9677162176461961
L48T16beta4.18ms0.037265m0.001022,4.18,157.03,48,16,1849,8.20040293193929e-8,0.14510383376784478,0.967717510914431
L48T16beta4.18ms0.037265m0.001022,4.18,157.03,48,16,1850,8.200413891047195e-8,0.14510402768619063,0.967718804182666
L48T16beta4.18ms0.037265m0.001022,4.18,157.03,48,16,1851,8.200424850155104e-8,0.1451042216045365,0.9677200974509009
L48T16beta4.18ms0.037265m0.001022,4.18,157.03,48,16,1852,8.200435809263009e-8,0.14510441552288236,0.9677213907191358
L48T16beta4.18ms0.037265m0.001022,4.18,157.03,48,16,1853,8.200446768370916e-8,0.14510460944122822,0.9677226839873707
L48T16beta4.18ms0.037265m0.001022,4.18,157.03,48,16,1854,8.200457727478823e-8,0.1451048033595741,0.9677239772556057
L48T16beta4.18ms0.037265m0.001022,4.18,157.03,48,16,1855,8.20046868658673e-8,0.14510499727791995,0.9677252705238406
L48T16beta4.18ms0.037265m0.001022,4.18,157.03,48,16,1856,8.200479645694636e-8,0.1451051911962658,0.9677265637920756
L48T16beta4.18ms0.037265m0.001022,4.18,157.03,48,16,1857,8.200490604802545e-8,0.14510538511461168,0.9677278570603105
L48T16beta4.18ms0.037265m0.001022,4.18,157.03,48,16,1858,8.200501563910452e-8,0.14510557903295754,0.9677291503285455
L48T16beta4.18ms0.037265m0.001022,4.18,157.03,48,16,1859,8.200512523018359e-8,0.14510577295130342,0.9677304435967804
L48T16beta4.18ms0.037265m0.001022,4.18,157.03,48,16,1860,8.200523482126266e-8,0.14510596686964927,0.9677317368650153
L48T16beta4.18ms0.037265m0.001022,4.18,157.03,48,16,1861,8.200534441234172e-8,0.14510616078799513,0.9677330301332503
L48T16beta4.18ms0.037265m0.001022,4.18,157.03,48,16,1862,8.20054540034208e-8,0.145106354706341,0.9677343234014852
L48T16beta4.18ms0.037265m0.001022,4.18,157.03,48,16,1863,8.200556359449986e-8,0.14510654862468686,0.9677356166697202
L48T16beta4.18ms0.037265m0.001022,4.18,157.03,48,16,1864,8.200567318557894e-8,0.14510674254303274,0.9677369099379551
L48T16beta4.18ms0.037265m0.001022,4.18,157.03,48,16,1865,8.2005782776658e-8,0.1451069364613786,0.9677382032061901
L48T16beta4.18ms0.037265m0.001022,4.18,157.03,48,16,1866,8.200589236773707e-8,0.14510713037972445,0.967739496474425
L48T16beta4.18ms0.037265m0.001022,4.18,157.03,48,16,1867,8.200600195881615e-8,0.14510732429807033,0.96774078974266
L48T16beta4.18ms0.037265m0.001022,4.18,157.03,48,16,1868,8.200611154989521e-8,0.14510751821641618,0.9677420830108949
L48T16beta4.18ms0.037265m0.001022,4.18,157.03,48,16,1869,8.20062211409743e-8,0.14510771213476206,0.9677433762791298
L48T16beta4.18ms0.037265m0.001022,4.18,157.03,48,16,1870,8.200633073205335e-8,0.14510790605310792,0.9677446695473647
L48T16beta4.18ms0.037265m0.001022,4.18,157.03,48,16,1871,8.200644032313242e-8,0.14510809997145377,0.9677459628155997
L48T16beta4.18ms0.037265m0.001022,4.18,157.03,48,16,1872,8.20065499142115e-8,0.14510829388979965,0.9677472560838346
L48T16beta4.18ms0.037265m0.001022,4.18,157.03,48,16,1873,8.200665950529056e-8,0.1451084878081455,0.9677485493520696
L48T16beta4.18ms0.037265m0.001022,4.18,157.03,48,16,1874,8.200676909636962e-8,0.14510868172649136,0.9677498426203045
L48T16beta4.18ms0.037265m0.001022,4.18,157.03,48,16,1875,8.20068786874487e-8,0.14510887564483724,0.9677511358885394
L48T16beta4.18ms0.037265m0.001022,4.18,157.03,48,16,1876,8.200698827852778e-8,0.1451090695631831,0.9677524291567744
L48T16beta4.18ms0.037265m0.001022,4.18,157.03,48,16,1877,8.200709786960685e-8,0.14510926348152897,0.9677537224250093
L48T16beta4.18ms0.037265m0.001022,4.18,157.03,48,16,1878,8.200720746068592e-8,0.14510945739987482,0.9677550156932443
L48T16beta4.18ms0.037265m0.001022,4.18,157.03,48,16,1879,8.200731705176498e-8,0.14510965131822068,0.9677563089614792
L48T16beta4.18ms0.037265m0.001022,4.18,157.03,48,16,1880,8.200742664284406e-8,0.14510984523656656,0.9677576022297142
L48T16beta4.18ms0.037265m0.001022,4.18,157.03,48,16,1881,8.200753623392312e-8,0.1451100391549124,0.9677588954979491
L48T16beta4.18ms0.037265m0.001022,4.18,157.03,48,16,1882,8.20076458250022e-8,0.1451102330732583,0.9677601887661841
L48T16beta4.18ms0.037265m0.001022,4.18,157.03,48,16,1883,8.200775541608126e-8,0.14511042699160415,0.967761482034419
L48T16beta4.18ms0.037265m0.001022,4.18,157.03,48,16,1884,8.200786500716033e-8,0.14511062090995,0.967762775302654
L48T16beta4.18ms0.037265m0.001022,4.18,157.03,48,16,1885,8.200797459823941e-8,0.14511081482829588,0.9677640685708889
L48T16beta4.18ms0.037265m0.001022,4.18,157.03,48,16,1886,8.200808418931847e-8,0.14511100874664173,0.9677653618391238
L48T16beta4.18ms0.037265m0.001022,4.18,157.03,48,16,1887,8.200819378039754e-8,0.1451112026649876,0.9677666551073587
L48T16beta4.18ms0.037265m0.001022,4.18,157.03,48,16,1888,8.200830337147661e-8,0.14511139658333347,0.9677679483755937
L48T16beta4.18ms0.037265m0.001022,4.18,157.03,48,16,1889,8.200841296255568e-8,0.14511159050167932,0.9677692416438286
L48T16beta4.18ms0.037265m0.001022,4.18,157.03,48,16,1890,8.200852255363475e-8,0.1451117844200252,0.9677705349120636
L48T16beta4.18ms0.037265m0.001022,4.18,157.03,48,16,1891,8.200863214471382e-8,0.14511197833837106,0.9677718281802985
L48T16beta4.18ms0.037265m0.001022,4.18,157.03,48,16,1892,8.200874173579288e-8,0.1451121722567169,0.9677731214485334
L48T16beta4.18ms0.037265m0.001022,4.18,157.03,48,16,1893,8.200885132687197e-8,0.1451123661750628,0.9677744147167684
L48T16beta4.18ms0.037265m0.001022,4.18,157.03,48,16,1894,8.200896091795102e-8,0.14511256009340864,0.9677757079850033
L48T16beta4.18ms0.037265m0.001022,4.18,157.03,48,16,1895,8.200907050903011e-8,0.14511275401175452,0.9677770012532383
L48T16beta4.18ms0.037265m0.001022,4.18,157.03,48,16,1896,8.200918010010918e-8,0.14511294793010038,0.9677782945214732
L48T16beta4.18ms0.037265m0.001022,4.18,157.03,48,16,1897,8.200928969118823e-8,0.14511314184844623,0.9677795877897082
L48T16beta4.18ms0.037265m0.001022,4.18,157.03,48,16,1898,8.200939928226732e-8,0.1451133357667921,0.9677808810579431
L48T16beta4.18ms0.037265m0.001022,4.18,157.03,48,16,1899,8.200950887334638e-8,0.14511352968513797,0.9677821743261781
L48T16beta4.18ms0.037265m0.001022,4.18,157.03,48,16,1900,8.200961846442545e-8,0.14511372360348382,0.967783467594413
L48T16beta4.18ms0.037265m0.001022,4.18,157.03,48,16,1901,8.200972805550452e-8,0.1451139175218297,0.967784760862648
L48T16beta4.18ms0.037265m0.001022,4.18,157.03,48,16,1902,8.200983764658359e-8,0.14511411144017555,0.9677860541308829
L48T16beta4.18ms0.037265m0.001022,4.18,157.03,48,16,1903,8.200994723766267e-8,0.14511430535852143,0.9677873473991179
L48T16beta4.18ms0.037265m0.001022,4.18,157.03,48,16,1904,8.201005682874173e-8,0.1451144992768673,0.9677886406673527
L48T16beta4.18ms0.037265m0.001022,4.18,157.03,48,16,1905,8.20101664198208e-8,0.14511469319521314,0.9677899339355877
L48T16beta4.18ms0.037265m0.001022,4.18,157.03,48,16,1906,8.201027601089987e-8,0.14511488711355902,0.9677912272038226
L48T16beta4.18ms0.037265m0.001022,4.18,157.03,48,16,1907,8.201038560197894e-8,0.14511508103190487,0.9677925204720575
L48T16beta4.18ms0.037265m0.001022,4.18,157.03,48,16,1908,8.201049519305801e-8,0.14511527495025076,0.9677938137402925
L48T16beta4.18ms0.037265m0.001022,4.18,157.03,48,16,1909,8.201060478413708e-8,0.1451154688685966,0.9677951070085274
L48T16beta4.18ms0.037265m0.001022,4.18,157.03,48,16,1910,8.201071437521614e-8,0.14511566278694246,0.9677964002767624
L48T16beta4.18ms0.037265m0.001022,4.18,157.03,48,16,1911,8.201082396629522e-8,0.14511585670528834,0.9677976935449973
L48T16beta4.18ms0.037265m0.001022,4.18,157.03,48,16,1912,8.201093355737428e-8,0.1451160506236342,0.9677989868132323
L48T16beta4.18ms0.037265m0.001022,4.18,157.03,48,16,1913,8.201104314845337e-8,0.14511624454198008,0.9678002800814672
L48T16beta4.18ms0.037265m0.001022,4.18,157.03,48,16,1914,8.201115273953244e-8,0.14511643846032593,0.9678015733497022
L48T16beta4.18ms0.037265m0.001022,4.18,157.03,48,16,1915,8.20112623306115e-8,0.14511663237867178,0.9678028666179371
L48T16beta4.18ms0.037265m0.001022,4.18,157.03,48,16,1916,8.201137192169058e-8,0.14511682629701766,0.9678041598861721
L48T16beta4.18ms0.037265m0.001022,4.18,157.03,48,16,1917,8.201148151276964e-8,0.14511702021536352,0.967805453154407
L48T16beta4.18ms0.037265m0.001022,4.18,157.03,48,16,1918,8.20115911038487e-8,0.14511721413370937,0.967806746422642
L48T16beta4.18ms0.037265m0.001022,4.18,157.03,48,16,1919,8.201170069492778e-8,0.14511740805205525,0.9678080396908769
L48T16beta4.18ms0.037265m0.001022,4.18,157.03,48,16,1920,8.201181028600685e-8,0.1451176019704011,0.9678093329591119
L48T16beta4.18ms0.037265m0.001022,4.18,157.03,48,16,1921,8.201191987708593e-8,0.145117795888747,0.9678106262273467
L48T16beta4.18ms0.037265m0.001022,4.18,157.03,48,16,1922,8.201202946816499e-8,0.14511798980709284,0.9678119194955817
L48T16beta4.18ms0.037265m0.001022,4.18,157.03,48,16,1923,8.201213905924405e-8,0.1451181837254387,0.9678132127638166
L48T16beta4.18ms0.037265m0.001022,4.18,157.03,48,16,1924,8.201224865032313e-8,0.14511837764378457,0.9678145060320515
L48T16beta4.18ms0.037265m0.001022,4.18,157.03,48,16,1925,8.20123582414022e-8,0.14511857156213043,0.9678157993002865
L48T16beta4.18ms0.037265m0.001022,4.18,157.03,48,16,1926,8.201246783248127e-8,0.1451187654804763,0.9678170925685214
L48T16beta4.18ms0.037265m0.001022,4.18,157.03,48,16,1927,8.201257742356034e-8,0.14511895939882216,0.9678183858367564
L48T16beta4.18ms0.037265m0.001022,4.18,157.03,48,16,1928,8.20126870146394e-8,0.14511915331716801,0.9678196791049913
L48T16beta4.18ms0.037265m0.001022,4.18,157.03,48,16,1929,8.201279660571848e-8,0.1451193472355139,0.9678209723732263
L48T16beta4.18ms0.037265m0.001022,4.18,157.03,48,16,1930,8.201290619679754e-8,0.14511954115385975,0.9678222656414612
L48T16beta4.18ms0.037265m0.001022,4.18,157.03,48,16,1931,8.201301578787661e-8,0.1451197350722056,0.9678235589096962
L48T16beta4.18ms0.037265m0.001022,4.18,157.03,48,16,1932,8.20131253789557e-8,0.14511992899055148,0.9678248521779311
L48T16beta4.18ms0.037265m0.001022,4.18,157.03,48,16,1933,8.201323497003475e-8,0.14512012290889734,0.9678261454461661
L48T16beta4.18ms0.037265m0.001022,4.18,157.03,48,16,1934,8.201334456111384e-8,0.14512031682724322,0.967827438714401
L48T16beta4.18ms0.037265m0.001022,4.18,157.03,48,16,1935,8.20134541521929e-8,0.14512051074558907,0.967828731982636
L48T16beta4.18ms0.037265m0.001022,4.18,157.03,48,16,1936,8.201356374327197e-8,0.14512070466393492,0.9678300252508709
L48T16beta4.18ms0.037265m0.001022,4.18,157.03,48,16,1937,8.201367333435104e-8,0.1451208985822808,0.9678313185191059
L48T16beta4.18ms0.037265m0.001022,4.18,157.03,48,16,1938,8.201378292543011e-8,0.14512109250062666,0.9678326117873407
L48T16beta4.18ms0.037265m0.001022,4.18,157.03,48,16,1939,8.201389251650918e-8,0.14512128641897254,0.9678339050555756
L48T16beta4.18ms0.037265m0.001022,4.18,157.03,48,16,1940,8.201400210758825e-8,0.1451214803373184,0.9678351983238106
L48T16beta4.18ms0.037265m0.001022,4.18,157.03,48,16,1941,8.20141116986673e-8,0.14512167425566425,0.9678364915920455
L48T16beta4.18ms0.037265m0.001022,4.18,157.03,48,16,1942,8.201422128974639e-8,0.14512186817401013,0.9678377848602805
L48T16beta4.18ms0.037265m0.001022,4.18,157.03,48,16,1943,8.201433088082546e-8,0.14512206209235598,0.9678390781285154
L48T16beta4.18ms0.037265m0.001022,4.18,157.03,48,16,1944,8.201444047190452e-8,0.14512225601070183,0.9678403713967504
L48T16beta4.18ms0.037265m0.001022,4.18,157.03,48,16,1945,8.20145500629836e-8,0.14512244992904771,0.9678416646649853
L48T16beta4.18ms0.037265m0.001022,4.18,157.03,48,16,1946,8.201465965406266e-8,0.14512264384739357,0.9678429579332203
L48T16beta4.18ms0.037265m0.001022,4.18,157.03,48,16,1947,8.201476924514174e-8,0.14512283776573945,0.9678442512014552
L48T16beta4.18ms0.037265m0.001022,4.18,157.03,48,16,1948,8.20148788362208e-8,0.1451230316840853,0.9678455444696902
L48T16beta4.18ms0.037265m0.001022,4.18,157.03,48,16,1949,8.201498842729987e-8,0.14512322560243116,0.9678468377379251
L48T16beta4.18ms0.037265m0.001022,4.18,157.03,48,16,1950,8.201509801837896e-8,0.14512341952077704,0.9678481310061601
L48T16beta4.18ms0.037265m0.001022,4.18,157.03,48,16,1951,8.201520760945801e-8,0.1451236134391229,0.967849424274395
L48T16beta4.18ms0.037265m0.001022,4.18,157.03,48,16,1952,8.20153172005371e-8,0.14512380735746877,0.96785071754263
L48T16beta4.18ms0.037265m0.001022,4.18,157.03,48,16,1953,8.201542679161615e-8,0.14512400127581462,0.9678520108108649
L48T16beta4.18ms0.037265m0.001022,4.18,157.03,48,16,1954,8.201553638269523e-8,0.14512419519416048,0.9678533040790999
L48T16beta4.18ms0.037265m0.001022,4.18,157.03,48,16,1955,8.20156459737743e-8,0.14512438911250636,0.9678545973473347
L48T16beta4.18ms0.037265m0.001022,4.18,157.03,48,16,1956,8.201575556485337e-8,0.1451245830308522,0.9678558906155696
L48T16beta4.18ms0.037265m0.001022,4.18,157.03,48,16,1957,8.201586515593244e-8,0.1451247769491981,0.9678571838838046
L48T16beta4.18ms0.037265m0.001022,4.18,157.03,48,16,1958,8.201597474701151e-8,0.14512497086754395,0.9678584771520395
L48T16beta4.18ms0.037265m0.001022,4.18,157.03,48,16,1959,8.201608433809057e-8,0.1451251647858898,0.9678597704202745
L48T16beta4.18ms0.037265m0.001022,4.18,157.03,48,16,1960,8.201619392916965e-8,0.14512535870423568,0.9678610636885094
L48T16beta4.18ms0.037265m0.001022,4.18,157.03,48,16,1961,8.201630352024872e-8,0.14512555262258153,0.9678623569567444
L48T16beta4.18ms0.037265m0.001022,4.18,157.03,48,16,1962,8.201641311132778e-8,0.1451257465409274,0.9678636502249793
L48T16beta4.18ms0.037265m0.001022,4.18,157.03,48,16,1963,8.201652270240686e-8,0.14512594045927327,0.9678649434932143
L48T16beta4.18ms0.037265m0.001022,4.18,157.03,48,16,1964,8.201663229348592e-8,0.14512613437761912,0.9678662367614492
L48T16beta4.18ms0.037265m0.001022,4.18,157.03,48,16,1965,8.2016741884565e-8,0.145126328295965,0.9678675300296842
L48T16beta4.18ms0.037265m0.001022,4.18,157.03,48,16,1966,8.201685147564406e-8,0.14512652221431085,0.9678688232979191
L48T16beta4.18ms0.037265m0.001022,4.18,157.03,48,16,1967,8.201696106672313e-8,0.1451267161326567,0.9678701165661541
L48T16beta4.18ms0.037265m0.001022,4.18,157.03,48,16,1968,8.20170706578022e-8,0.1451269100510026,0.967871409834389
L48T16beta4.18ms0.037265m0.001022,4.18,157.03,48,16,1969,8.201718024888127e-8,0.14512710396934844,0.967872703102624
L48T16beta4.18ms0.037265m0.001022,4.18,157.03,48,16,1970,8.201728983996036e-8,0.14512729788769432,0.9678739963708589
L48T16beta4.18ms0.037265m0.001022,4.18,157.03,48,16,1971,8.201739943103941e-8,0.14512749180604018,0.9678752896390939
L48T16beta4.18ms0.037265m0.001022,4.18,157.03,48,16,1972,8.201750902211848e-8,0.14512768572438603,0.9678765829073288
L48T16beta4.18ms0.037265m0.001022,4.18,157.03,48,16,1973,8.201761861319756e-8,0.1451278796427319,0.9678778761755636
L48T16beta4.18ms0.037265m0.001022,4.18,157.03,48,16,1974,8.201772820427663e-8,0.14512807356107776,0.9678791694437986
L48T16beta4.18ms0.037265m0.001022,4.18,157.03,48,16,1975,8.201783779535568e-8,0.14512826747942362,0.9678804627120335
L48T16beta4.18ms0.037265m0.001022,4.18,157.03,48,16,1976,8.201794738643477e-8,0.1451284613977695,0.9678817559802685
L48T16beta4.18ms0.037265m0.001022,4.18,157.03,48,16,1977,8.201805697751382e-8,0.14512865531611535,0.9678830492485034
L48T16beta4.18ms0.037265m0.001022,4.18,157.03,48,16,1978,8.201816656859291e-8,0.14512884923446123,0.9678843425167384
L48T16beta4.18ms0.037265m0.001022,4.18,157.03,48,16,1979,8.201827615967198e-8,0.14512904315280709,0.9678856357849733
L48T16beta4.18ms0.037265m0.001022,4.18,157.03,48,16,1980,8.201838575075104e-8,0.14512923707115294,0.9678869290532083
L48T16beta4.18ms0.037265m0.001022,4.18,157.03,48,16,1981,8.201849534183012e-8,0.14512943098949882,0.9678882223214432
L48T16beta4.18ms0.037265m0.001022,4.18,157.03,48,16,1982,8.201860493290918e-8,0.14512962490784467,0.9678895155896782
L48T16beta4.18ms0.037265m0.001022,4.18,157.03,48,16,1983,8.201871452398826e-8,0.14512981882619055,0.9678908088579131
L48T16beta4.18ms0.037265m0.001022,4.18,157.03,48,16,1984,8.201882411506732e-8,0.1451300127445364,0.9678921021261481
L48T16beta4.18ms0.037265m0.001022,4.18,157.03,48,16,1985,8.201893370614639e-8,0.14513020666288226,0.967893395394383
L48T16beta4.18ms0.037265m0.001022,4.18,157.03,48,16,1986,8.201904329722546e-8,0.14513040058122814,0.967894688662618
L48T16beta4.18ms0.037265m0.001022,4.18,157.03,48,16,1987,8.201915288830453e-8,0.145130594499574,0.9678959819308529
L48T16beta4.18ms0.037265m0.001022,4.18,157.03,48,16,1988,8.201926247938362e-8,0.14513078841791988,0.9678972751990879
L48T16beta4.18ms0.037265m0.001022,4.18,157.03,48,16,1989,8.201937207046267e-8,0.14513098233626573,0.9678985684673228
L48T16beta4.18ms0.037265m0.001022,4.18,157.03,48,16,1990,8.201948166154174e-8,0.14513117625461158,0.9678998617355576
L48T16beta4.18ms0.037265m0.001022,4.18,157.03,48,16,1991,8.201959125262081e-8,0.14513137017295746,0.9679011550037926
L48T16beta4.18ms0.037265m0.001022,4.18,157.03,48,16,1992,8.201970084369989e-8,0.14513156409130332,0.9679024482720275
L48T16beta4.18ms0.037265m0.001022,4.18,157.03,48,16,1993,8.201981043477894e-8,0.14513175800964917,0.9679037415402625
L48T16beta4.18ms0.037265m0.001022,4.18,157.03,48,16,1994,8.201992002585803e-8,0.14513195192799505,0.9679050348084974
L48T16beta4.18ms0.037265m0.001022,4.18,157.03,48,16,1995,8.202002961693708e-8,0.1451321458463409,0.9679063280767324
L48T16beta4.18ms0.037265m0.001022,4.18,157.03,48,16,1996,8.202013920801617e-8,0.14513233976468679,0.9679076213449673
L48T16beta4.18ms0.037265m0.001022,4.18,157.03,48,16,1997,8.202024879909523e-8,0.14513253368303264,0.9679089146132023
L48T16beta4.18ms0.037265m0.001022,4.18,157.03,48,16,1998,8.20203583901743e-8,0.1451327276013785,0.9679102078814372
L48T16beta4.18ms0.037265m0.001022,4.18,157.03,48,16,1999,8.202046798125338e-8,0.14513292151972437,0.9679115011496722
L48T16beta4.18ms0.037265m0.001022,4.18,157.03,48,16,2000,8.202057757233244e-8,0.14513311543807023,0.9679127944179071
L48T16beta4.18ms0.037265m0.001022,4.18,157.03,48,16,2001,8.202068716341152e-8,0.1451333093564161,0.9679140876861421
L48T16beta4.18ms0.037265m0.001022,4.18,157.03,48,16,2002,8.202079675449058e-8,0.14513350327476196,0.967915380954377
L48T16beta4.18ms0.037265m0.001022,4.18,157.03,48,16,2003,8.202090634556965e-8,0.1451336971931078,0.967916674222612
L48T16beta4.18ms0.037265m0.001022,4.18,157.03,48,16,2004,8.202101593664872e-8,0.1451338911114537,0.9679179674908469
L48T16beta4.18ms0.037265m0.001022,4.18,157.03,48,16,2005,8.202112552772779e-8,0.14513408502979955,0.9679192607590819
L48T16beta4.18ms0.037265m0.001022,4.18,157.03,48,16,2006,8.202123511880685e-8,0.1451342789481454,0.9679205540273168
L48T16beta4.18ms0.037265m0.001022,4.18,157.03,48,16,2007,8.202134470988593e-8,0.14513447286649128,0.9679218472955516
L48T16beta4.18ms0.037265m0.001022,4.18,157.03,48,16,2008,8.2021454300965e-8,0.14513466678483714,0.9679231405637866
L48T16beta4.18ms0.037265m0.001022,4.18,157.03,48,16,2009,8.202156389204407e-8,0.14513486070318302,0.9679244338320215
L48T16beta4.18ms0.037265m0.001022,4.18,157.03,48,16,2010,8.202167348312314e-8,0.14513505462152887,0.9679257271002565
L48T16beta4.18ms0.037265m0.001022,4.18,157.03,48,16,2011,8.20217830742022e-8,0.14513524853987472,0.9679270203684914
L48T16beta4.18ms0.037265m0.001022,4.18,157.03,48,16,2012,8.202189266528129e-8,0.1451354424582206,0.9679283136367264
L48T16beta4.18ms0.037265m0.001022,4.18,157.03,48,16,2013,8.202200225636034e-8,0.14513563637656646,0.9679296069049613
L48T16beta4.18ms0.037265m0.001022,4.18,157.03,48,16,2014,8.202211184743943e-8,0.14513583029491234,0.9679309001731963
L48T16beta4.18ms0.037265m0.001022,4.18,157.03,48,16,2015,8.202222143851849e-8,0.1451360242132582,0.9679321934414312
L48T16beta4.18ms0.037265m0.001022,4.18,157.03,48,16,2016,8.202233102959756e-8,0.14513621813160404,0.9679334867096662
L48T16beta4.18ms0.037265m0.001022,4.18,157.03,48,16,2017,8.202244062067664e-8,0.14513641204994993,0.9679347799779011
L48T16beta4.18ms0.037265m0.001022,4.18,157.03,48,16,2018,8.20225502117557e-8,0.14513660596829578,0.9679360732461361
L48T16beta4.18ms0.037265m0.001022,4.18,157.03,48,16,2019,8.202265980283477e-8,0.14513679988664163,0.967937366514371
L48T16beta4.18ms0.037265m0.001022,4.18,157.03,48,16,2020,8.202276939391384e-8,0.1451369938049875,0.967938659782606
L48T16beta4.18ms0.037265m0.001022,4.18,157.03,48,16,2021,8.202287898499291e-8,0.14513718772333337,0.9679399530508409
L48T16beta4.18ms0.037265m0.001022,4.18,157.03,48,16,2022,8.202298857607198e-8,0.14513738164167925,0.9679412463190759
L48T16beta4.18ms0.037265m0.001022,4.18,157.03,48,16,2023,8.202309816715105e-8,0.1451375755600251,0.9679425395873108
L48T16beta4.18ms0.037265m0.001022,4.18,157.03,48,16,2024,8.202320775823011e-8,0.14513776947837095,0.9679438328555456
L48T16beta4.18ms0.037265m0.001022,4.18,157.03,48,16,2025,8.202331734930919e-8,0.14513796339671683,0.9679451261237806
L48T16beta4.18ms0.037265m0.001022,4.18,157.03,48,16,2026,8.202342694038825e-8,0.1451381573150627,0.9679464193920155
L48T16beta4.18ms0.037265m0.001022,4.18,157.03,48,16,2027,8.202353653146733e-8,0.14513835123340857,0.9679477126602505
L48T16beta4.18ms0.037265m0.001022,4.18,157.03,48,16,2028,8.20236461225464e-8,0.14513854515175442,0.9679490059284854
