ensemble,beta,temp,ns,nt,jk_index,chi_unscaled,chi_vol_scaled,chi_renorm
L48T16beta4.30ms0.026930m0.000939,4.3,202.52,48,16,0,3.8401752959883846e-9,0.006795082661343158,0.06568029174575192
L48T16beta4.30ms0.026930m0.000939,4.3,202.52,48,16,1,3.840205445114205e-9,0.006795136009377123,0.06568080740017579
L48T16beta4.30ms0.026930m0.000939,4.3,202.52,48,16,2,3.840235594240026e-9,0.006795189357411087,0.06568132305459964
L48T16beta4.30ms0.026930m0.000939,4.3,202.52,48,16,3,3.840265743365846e-9,0.00679524270544505,0.0656818387090235
L48T16beta4.30ms0.026930m0.000939,4.3,202.52,48,16,4,3.840295892491667e-9,0.006795296053479015,0.06568235436344737
L48T16beta4.30ms0.026930m0.000939,4.3,202.52,48,16,5,3.840326041617488e-9,0.006795349401512979,0.06568287001787122
L48T16beta4.30ms0.026930m0.000939,4.3,202.52,48,16,6,3.840356190743308e-9,0.006795402749546943,0.06568338567229509
L48T16beta4.30ms0.026930m0.000939,4.3,202.52,48,16,7,3.8403863398691285e-9,0.006795456097580907,0.06568390132671895
L48T16beta4.30ms0.026930m0.000939,4.3,202.52,48,16,8,3.840416488994949e-9,0.0067955094456148704,0.0656844169811428
L48T16beta4.30ms0.026930m0.000939,4.3,202.52,48,16,9,3.84044663812077e-9,0.006795562793648835,0.06568493263556667
L48T16beta4.30ms0.026930m0.000939,4.3,202.52,48,16,10,3.84047678724659e-9,0.006795616141682799,0.06568544828999053
L48T16beta4.30ms0.026930m0.000939,4.3,202.52,48,16,11,3.840506936372411e-9,0.006795669489716763,0.0656859639444144
L48T16beta4.30ms0.026930m0.000939,4.3,202.52,48,16,12,3.840537085498232e-9,0.006795722837750727,0.06568647959883825
L48T16beta4.30ms0.026930m0.000939,4.3,202.52,48,16,13,3.840567234624052e-9,0.0067957761857846905,0.0656869952532621
L48T16beta4.30ms0.026930m0.000939,4.3,202.52,48,16,14,3.8405973837498724e-9,0.006795829533818655,0.06568751090768597
L48T16beta4.30ms0.026930m0.000939,4.3,202.52,48,16,15,3.8406275328756936e-9,0.006795882881852619,0.06568802656210983
L48T16beta4.30ms0.026930m0.000939,4.3,202.52,48,16,16,3.840657682001514e-9,0.006795936229886583,0.0656885422165337
L48T16beta4.30ms0.026930m0.000939,4.3,202.52,48,16,17,3.840687831127334e-9,0.006795989577920547,0.06568905787095755
L48T16beta4.30ms0.026930m0.000939,4.3,202.52,48,16,18,3.8407179802531545e-9,0.0067960429259545105,0.0656895735253814
L48T16beta4.30ms0.026930m0.000939,4.3,202.52,48,16,19,3.840748129378976e-9,0.006796096273988475,0.06569008917980527
L48T16beta4.30ms0.026930m0.000939,4.3,202.52,48,16,20,3.840778278504797e-9,0.006796149622022439,0.06569060483422913
L48T16beta4.30ms0.026930m0.000939,4.3,202.52,48,16,21,3.840808427630617e-9,0.006796202970056403,0.06569112048865298
L48T16beta4.30ms0.026930m0.000939,4.3,202.52,48,16,22,3.8408385767564375e-9,0.006796256318090367,0.06569163614307685
L48T16beta4.30ms0.026930m0.000939,4.3,202.52,48,16,23,3.840868725882259e-9,0.006796309666124331,0.06569215179750071
L48T16beta4.30ms0.026930m0.000939,4.3,202.52,48,16,24,3.840898875008079e-9,0.006796363014158295,0.06569266745192458
L48T16beta4.30ms0.026930m0.000939,4.3,202.52,48,16,25,3.840929024133899e-9,0.006796416362192259,0.06569318310634843
L48T16beta4.30ms0.026930m0.000939,4.3,202.52,48,16,26,3.84095917325972e-9,0.006796469710226223,0.06569369876077229
L48T16beta4.30ms0.026930m0.000939,4.3,202.52,48,16,27,3.840989322385541e-9,0.006796523058260187,0.06569421441519616
L48T16beta4.30ms0.026930m0.000939,4.3,202.52,48,16,28,3.841019471511361e-9,0.0067965764062941515,0.06569473006962001
L48T16beta4.30ms0.026930m0.000939,4.3,202.52,48,16,29,3.841049620637181e-9,0.006796629754328115,0.06569524572404388
L48T16beta4.30ms0.026930m0.000939,4.3,202.52,48,16,30,3.8410797697630026e-9,0.006796683102362079,0.06569576137846773
L48T16beta4.30ms0.026930m0.000939,4.3,202.52,48,16,31,3.841109918888823e-9,0.006796736450396043,0.06569627703289159
L48T16beta4.30ms0.026930m0.000939,4.3,202.52,48,16,32,3.841140068014643e-9,0.006796789798430007,0.06569679268731546
L48T16beta4.30ms0.026930m0.000939,4.3,202.52,48,16,33,3.841170217140464e-9,0.0067968431464639715,0.06569730834173931
L48T16beta4.30ms0.026930m0.000939,4.3,202.52,48,16,34,3.841200366266285e-9,0.006796896494497935,0.06569782399616318
L48T16beta4.30ms0.026930m0.000939,4.3,202.52,48,16,35,3.841230515392105e-9,0.006796949842531899,0.06569833965058704
L48T16beta4.30ms0.026930m0.000939,4.3,202.52,48,16,36,3.841260664517926e-9,0.006797003190565864,0.06569885530501089
L48T16beta4.30ms0.026930m0.000939,4.3,202.52,48,16,37,3.8412908136437465e-9,0.006797056538599827,0.06569937095943476
L48T16beta4.30ms0.026930m0.000939,4.3,202.52,48,16,38,3.841320962769567e-9,0.0067971098866337915,0.06569988661385862
L48T16beta4.30ms0.026930m0.000939,4.3,202.52,48,16,39,3.841351111895387e-9,0.006797163234667755,0.06570040226828248
L48T16beta4.30ms0.026930m0.000939,4.3,202.52,48,16,40,3.841381261021208e-9,0.006797216582701719,0.06570091792270634
L48T16beta4.30ms0.026930m0.000939,4.3,202.52,48,16,41,3.841411410147029e-9,0.006797269930735684,0.0657014335771302
L48T16beta4.30ms0.026930m0.000939,4.3,202.52,48,16,42,3.841441559272849e-9,0.006797323278769647,0.06570194923155406
L48T16beta4.30ms0.026930m0.000939,4.3,202.52,48,16,43,3.84147170839867e-9,0.0067973766268036116,0.06570246488597792
L48T16beta4.30ms0.026930m0.000939,4.3,202.52,48,16,44,3.84150185752449e-9,0.006797429974837575,0.06570298054040179
L48T16beta4.30ms0.026930m0.000939,4.3,202.52,48,16,45,3.8415320066503116e-9,0.006797483322871539,0.06570349619482564
L48T16beta4.30ms0.026930m0.000939,4.3,202.52,48,16,46,3.841562155776132e-9,0.006797536670905504,0.0657040118492495
L48T16beta4.30ms0.026930m0.000939,4.3,202.52,48,16,47,3.841592304901952e-9,0.006797590018939467,0.06570452750367337
L48T16beta4.30ms0.026930m0.000939,4.3,202.52,48,16,48,3.841622454027773e-9,0.006797643366973432,0.06570504315809722
L48T16beta4.30ms0.026930m0.000939,4.3,202.52,48,16,49,3.841652603153594e-9,0.006797696715007395,0.06570555881252109
L48T16beta4.30ms0.026930m0.000939,4.3,202.52,48,16,50,3.841682752279414e-9,0.006797750063041359,0.06570607446694494
L48T16beta4.30ms0.026930m0.000939,4.3,202.52,48,16,51,3.841712901405235e-9,0.006797803411075324,0.0657065901213688
L48T16beta4.30ms0.026930m0.000939,4.3,202.52,48,16,52,3.8417430505310555e-9,0.006797856759109287,0.06570710577579267
L48T16beta4.30ms0.026930m0.000939,4.3,202.52,48,16,53,3.841773199656876e-9,0.006797910107143252,0.06570762143021652
L48T16beta4.30ms0.026930m0.000939,4.3,202.52,48,16,54,3.841803348782697e-9,0.006797963455177216,0.06570813708464039
L48T16beta4.30ms0.026930m0.000939,4.3,202.52,48,16,55,3.841833497908517e-9,0.0067980168032111795,0.06570865273906425
L48T16beta4.30ms0.026930m0.000939,4.3,202.52,48,16,56,3.841863647034338e-9,0.006798070151245144,0.0657091683934881
L48T16beta4.30ms0.026930m0.000939,4.3,202.52,48,16,57,3.841893796160158e-9,0.006798123499279107,0.06570968404791197
L48T16beta4.30ms0.026930m0.000939,4.3,202.52,48,16,58,3.841923945285979e-9,0.006798176847313072,0.06571019970233583
L48T16beta4.30ms0.026930m0.000939,4.3,202.52,48,16,59,3.841954094411799e-9,0.006798230195347036,0.0657107153567597
L48T16beta4.30ms0.026930m0.000939,4.3,202.52,48,16,60,3.84198424353762e-9,0.0067982835433809995,0.06571123101118355
L48T16beta4.30ms0.026930m0.000939,4.3,202.52,48,16,61,3.842014392663441e-9,0.006798336891414964,0.0657117466656074
L48T16beta4.30ms0.026930m0.000939,4.3,202.52,48,16,62,3.842044541789261e-9,0.006798390239448927,0.06571226232003127
L48T16beta4.30ms0.026930m0.000939,4.3,202.52,48,16,63,3.8420746909150815e-9,0.006798443587482892,0.06571277797445513
L48T16beta4.30ms0.026930m0.000939,4.3,202.52,48,16,64,3.842104840040903e-9,0.006798496935516856,0.065713293628879
L48T16beta4.30ms0.026930m0.000939,4.3,202.52,48,16,65,3.842134989166723e-9,0.0067985502835508195,0.06571380928330285
L48T16beta4.30ms0.026930m0.000939,4.3,202.52,48,16,66,3.842165138292543e-9,0.006798603631584784,0.0657143249377267
L48T16beta4.30ms0.026930m0.000939,4.3,202.52,48,16,67,3.8421952874183645e-9,0.006798656979618748,0.06571484059215058
L48T16beta4.30ms0.026930m0.000939,4.3,202.52,48,16,68,3.842225436544185e-9,0.006798710327652712,0.06571535624657443
L48T16beta4.30ms0.026930m0.000939,4.3,202.52,48,16,69,3.842255585670006e-9,0.006798763675686676,0.0657158719009983
L48T16beta4.30ms0.026930m0.000939,4.3,202.52,48,16,70,3.8422857347958255e-9,0.00679881702372064,0.06571638755542215
L48T16beta4.30ms0.026930m0.000939,4.3,202.52,48,16,71,3.842315883921647e-9,0.006798870371754604,0.06571690320984601
L48T16beta4.30ms0.026930m0.000939,4.3,202.52,48,16,72,3.842346033047468e-9,0.006798923719788568,0.06571741886426988
L48T16beta4.30ms0.026930m0.000939,4.3,202.52,48,16,73,3.842376182173288e-9,0.006798977067822532,0.06571793451869373
L48T16beta4.30ms0.026930m0.000939,4.3,202.52,48,16,74,3.842406331299108e-9,0.006799030415856496,0.0657184501731176
L48T16beta4.30ms0.026930m0.000939,4.3,202.52,48,16,75,3.842436480424929e-9,0.00679908376389046,0.06571896582754146
L48T16beta4.30ms0.026930m0.000939,4.3,202.52,48,16,76,3.84246662955075e-9,0.006799137111924424,0.06571948148196531
L48T16beta4.30ms0.026930m0.000939,4.3,202.52,48,16,77,3.84249677867657e-9,0.006799190459958388,0.06571999713638918
L48T16beta4.30ms0.026930m0.000939,4.3,202.52,48,16,78,3.8425269278023905e-9,0.006799243807992352,0.06572051279081303
L48T16beta4.30ms0.026930m0.000939,4.3,202.52,48,16,79,3.842557076928212e-9,0.006799297156026316,0.0657210284452369
L48T16beta4.30ms0.026930m0.000939,4.3,202.52,48,16,80,3.842587226054032e-9,0.0067993505040602805,0.06572154409966076
L48T16beta4.30ms0.026930m0.000939,4.3,202.52,48,16,81,3.842617375179852e-9,0.006799403852094244,0.06572205975408461
L48T16beta4.30ms0.026930m0.000939,4.3,202.52,48,16,82,3.8426475243056735e-9,0.006799457200128208,0.06572257540850848
L48T16beta4.30ms0.026930m0.000939,4.3,202.52,48,16,83,3.842677673431494e-9,0.006799510548162172,0.06572309106293234
L48T16beta4.30ms0.026930m0.000939,4.3,202.52,48,16,84,3.842707822557314e-9,0.006799563896196136,0.0657236067173562
L48T16beta4.30ms0.026930m0.000939,4.3,202.52,48,16,85,3.842737971683135e-9,0.0067996172442301005,0.06572412237178006
L48T16beta4.30ms0.026930m0.000939,4.3,202.52,48,16,86,3.842768120808956e-9,0.006799670592264064,0.06572463802620392
L48T16beta4.30ms0.026930m0.000939,4.3,202.52,48,16,87,3.842798269934776e-9,0.006799723940298028,0.06572515368062778
L48T16beta4.30ms0.026930m0.000939,4.3,202.52,48,16,88,3.842828419060596e-9,0.006799777288331992,0.06572566933505164
L48T16beta4.30ms0.026930m0.000939,4.3,202.52,48,16,89,3.842858568186417e-9,0.006799830636365956,0.06572618498947551
L48T16beta4.30ms0.026930m0.000939,4.3,202.52,48,16,90,3.842888717312238e-9,0.006799883984399921,0.06572670064389936
L48T16beta4.30ms0.026930m0.000939,4.3,202.52,48,16,91,3.842918866438058e-9,0.006799937332433884,0.06572721629832322
L48T16beta4.30ms0.026930m0.000939,4.3,202.52,48,16,92,3.842949015563879e-9,0.006799990680467848,0.06572773195274709
L48T16beta4.30ms0.026930m0.000939,4.3,202.52,48,16,93,3.8429791646896995e-9,0.006800044028501812,0.06572824760717094
L48T16beta4.30ms0.026930m0.000939,4.3,202.52,48,16,94,3.84300931381552e-9,0.006800097376535776,0.06572876326159481
L48T16beta4.30ms0.026930m0.000939,4.3,202.52,48,16,95,3.843039462941341e-9,0.006800150724569741,0.06572927891601867
L48T16beta4.30ms0.026930m0.000939,4.3,202.52,48,16,96,3.843069612067161e-9,0.006800204072603704,0.06572979457044252
L48T16beta4.30ms0.026930m0.000939,4.3,202.52,48,16,97,3.8430997611929825e-9,0.0068002574206376684,0.06573031022486639
L48T16beta4.30ms0.026930m0.000939,4.3,202.52,48,16,98,3.843129910318803e-9,0.006800310768671633,0.06573082587929024
L48T16beta4.30ms0.026930m0.000939,4.3,202.52,48,16,99,3.843160059444623e-9,0.006800364116705596,0.06573134153371411
L48T16beta4.30ms0.026930m0.000939,4.3,202.52,48,16,100,3.843190208570444e-9,0.006800417464739561,0.06573185718813797
L48T16beta4.30ms0.026930m0.000939,4.3,202.52,48,16,101,3.843220357696265e-9,0.006800470812773524,0.06573237284256182
L48T16beta4.30ms0.026930m0.000939,4.3,202.52,48,16,102,3.843250506822085e-9,0.0068005241608074885,0.06573288849698569
L48T16beta4.30ms0.026930m0.000939,4.3,202.52,48,16,103,3.843280655947906e-9,0.006800577508841453,0.06573340415140955
L48T16beta4.30ms0.026930m0.000939,4.3,202.52,48,16,104,3.843310805073726e-9,0.006800630856875416,0.0657339198058334
L48T16beta4.30ms0.026930m0.000939,4.3,202.52,48,16,105,3.843340954199547e-9,0.006800684204909381,0.06573443546025727
L48T16beta4.30ms0.026930m0.000939,4.3,202.52,48,16,106,3.843371103325367e-9,0.006800737552943344,0.06573495111468113
L48T16beta4.30ms0.026930m0.000939,4.3,202.52,48,16,107,3.843401252451188e-9,0.0068007909009773085,0.065735466769105
L48T16beta4.30ms0.026930m0.000939,4.3,202.52,48,16,108,3.8434314015770085e-9,0.006800844249011273,0.06573598242352885
L48T16beta4.30ms0.026930m0.000939,4.3,202.52,48,16,109,3.843461550702829e-9,0.006800897597045236,0.0657364980779527
L48T16beta4.30ms0.026930m0.000939,4.3,202.52,48,16,110,3.84349169982865e-9,0.006800950945079201,0.06573701373237657
L48T16beta4.30ms0.026930m0.000939,4.3,202.52,48,16,111,3.84352184895447e-9,0.006801004293113165,0.06573752938680043
L48T16beta4.30ms0.026930m0.000939,4.3,202.52,48,16,112,3.843551998080291e-9,0.0068010576411471286,0.0657380450412243
L48T16beta4.30ms0.026930m0.000939,4.3,202.52,48,16,113,3.843582147206112e-9,0.006801110989181093,0.06573856069564815
L48T16beta4.30ms0.026930m0.000939,4.3,202.52,48,16,114,3.843612296331932e-9,0.006801164337215056,0.065739076350072
L48T16beta4.30ms0.026930m0.000939,4.3,202.52,48,16,115,3.8436424454577525e-9,0.006801217685249021,0.06573959200449588
L48T16beta4.30ms0.026930m0.000939,4.3,202.52,48,16,116,3.843672594583574e-9,0.006801271033282985,0.06574010765891973
L48T16beta4.30ms0.026930m0.000939,4.3,202.52,48,16,117,3.843702743709394e-9,0.006801324381316949,0.0657406233133436
L48T16beta4.30ms0.026930m0.000939,4.3,202.52,48,16,118,3.843732892835214e-9,0.006801377729350913,0.06574113896776745
L48T16beta4.30ms0.026930m0.000939,4.3,202.52,48,16,119,3.8437630419610346e-9,0.006801431077384876,0.06574165462219131
L48T16beta4.30ms0.026930m0.000939,4.3,202.52,48,16,120,3.843793191086856e-9,0.006801484425418841,0.06574217027661518
L48T16beta4.30ms0.026930m0.000939,4.3,202.52,48,16,121,3.843823340212677e-9,0.006801537773452805,0.06574268593103903
L48T16beta4.30ms0.026930m0.000939,4.3,202.52,48,16,122,3.843853489338497e-9,0.006801591121486769,0.0657432015854629
L48T16beta4.30ms0.026930m0.000939,4.3,202.52,48,16,123,3.8438836384643175e-9,0.006801644469520733,0.06574371723988676
L48T16beta4.30ms0.026930m0.000939,4.3,202.52,48,16,124,3.843913787590138e-9,0.0068016978175546965,0.06574423289431061
L48T16beta4.30ms0.026930m0.000939,4.3,202.52,48,16,125,3.843943936715959e-9,0.006801751165588661,0.06574474854873448
L48T16beta4.30ms0.026930m0.000939,4.3,202.52,48,16,126,3.843974085841779e-9,0.006801804513622625,0.06574526420315834
L48T16beta4.30ms0.026930m0.000939,4.3,202.52,48,16,127,3.8440042349676e-9,0.006801857861656589,0.0657457798575822
L48T16beta4.30ms0.026930m0.000939,4.3,202.52,48,16,128,3.844034384093421e-9,0.006801911209690553,0.06574629551200606
L48T16beta4.30ms0.026930m0.000939,4.3,202.52,48,16,129,3.844064533219241e-9,0.006801964557724517,0.06574681116642991
L48T16beta4.30ms0.026930m0.000939,4.3,202.52,48,16,130,3.8440946823450615e-9,0.006802017905758481,0.06574732682085378
L48T16beta4.30ms0.026930m0.000939,4.3,202.52,48,16,131,3.844124831470883e-9,0.006802071253792445,0.06574784247527764
L48T16beta4.30ms0.026930m0.000939,4.3,202.52,48,16,132,3.844154980596703e-9,0.006802124601826409,0.0657483581297015
L48T16beta4.30ms0.026930m0.000939,4.3,202.52,48,16,133,3.844185129722523e-9,0.006802177949860373,0.06574887378412536
L48T16beta4.30ms0.026930m0.000939,4.3,202.52,48,16,134,3.844215278848344e-9,0.006802231297894337,0.06574938943854922
L48T16beta4.30ms0.026930m0.000939,4.3,202.52,48,16,135,3.844245427974165e-9,0.006802284645928301,0.06574990509297308
L48T16beta4.30ms0.026930m0.000939,4.3,202.52,48,16,136,3.844275577099985e-9,0.006802337993962265,0.06575042074739694
L48T16beta4.30ms0.026930m0.000939,4.3,202.52,48,16,137,3.844305726225805e-9,0.006802391341996229,0.06575093640182081
L48T16beta4.30ms0.026930m0.000939,4.3,202.52,48,16,138,3.8443358753516265e-9,0.006802444690030193,0.06575145205624466
L48T16beta4.30ms0.026930m0.000939,4.3,202.52,48,16,139,3.844366024477447e-9,0.006802498038064157,0.06575196771066852
L48T16beta4.30ms0.026930m0.000939,4.3,202.52,48,16,140,3.844396173603267e-9,0.006802551386098121,0.06575248336509239
L48T16beta4.30ms0.026930m0.000939,4.3,202.52,48,16,141,3.844426322729088e-9,0.006802604734132085,0.06575299901951624
L48T16beta4.30ms0.026930m0.000939,4.3,202.52,48,16,142,3.844456471854909e-9,0.00680265808216605,0.06575351467394011
L48T16beta4.30ms0.026930m0.000939,4.3,202.52,48,16,143,3.844486620980729e-9,0.006802711430200013,0.06575403032836397
L48T16beta4.30ms0.026930m0.000939,4.3,202.52,48,16,144,3.84451677010655e-9,0.0068027647782339775,0.06575454598278782
L48T16beta4.30ms0.026930m0.000939,4.3,202.52,48,16,145,3.8445469192323705e-9,0.006802818126267941,0.06575506163721169
L48T16beta4.30ms0.026930m0.000939,4.3,202.52,48,16,146,3.844577068358192e-9,0.006802871474301905,0.06575557729163554
L48T16beta4.30ms0.026930m0.000939,4.3,202.52,48,16,147,3.844607217484012e-9,0.00680292482233587,0.06575609294605941
L48T16beta4.30ms0.026930m0.000939,4.3,202.52,48,16,148,3.844637366609832e-9,0.006802978170369833,0.06575660860048327
L48T16beta4.30ms0.026930m0.000939,4.3,202.52,48,16,149,3.844667515735653e-9,0.0068030315184037975,0.06575712425490712
L48T16beta4.30ms0.026930m0.000939,4.3,202.52,48,16,150,3.844697664861474e-9,0.006803084866437761,0.06575763990933099
L48T16beta4.30ms0.026930m0.000939,4.3,202.52,48,16,151,3.844727813987294e-9,0.006803138214471725,0.06575815556375485
L48T16beta4.30ms0.026930m0.000939,4.3,202.52,48,16,152,3.844757963113115e-9,0.00680319156250569,0.06575867121817872
L48T16beta4.30ms0.026930m0.000939,4.3,202.52,48,16,153,3.8447881122389355e-9,0.006803244910539653,0.06575918687260257
L48T16beta4.30ms0.026930m0.000939,4.3,202.52,48,16,154,3.844818261364756e-9,0.0068032982585736175,0.06575970252702643
L48T16beta4.30ms0.026930m0.000939,4.3,202.52,48,16,155,3.844848410490577e-9,0.006803351606607582,0.0657602181814503
L48T16beta4.30ms0.026930m0.000939,4.3,202.52,48,16,156,3.844878559616397e-9,0.006803404954641545,0.06576073383587415
L48T16beta4.30ms0.026930m0.000939,4.3,202.52,48,16,157,3.844908708742218e-9,0.00680345830267551,0.06576124949029802
L48T16beta4.30ms0.026930m0.000939,4.3,202.52,48,16,158,3.844938857868038e-9,0.006803511650709473,0.06576176514472187
L48T16beta4.30ms0.026930m0.000939,4.3,202.52,48,16,159,3.844969006993859e-9,0.006803564998743438,0.06576228079914573
L48T16beta4.30ms0.026930m0.000939,4.3,202.52,48,16,160,3.8449991561196795e-9,0.006803618346777402,0.0657627964535696
L48T16beta4.30ms0.026930m0.000939,4.3,202.52,48,16,161,3.8450293052455e-9,0.006803671694811365,0.06576331210799345
L48T16beta4.30ms0.026930m0.000939,4.3,202.52,48,16,162,3.845059454371321e-9,0.00680372504284533,0.06576382776241732
L48T16beta4.30ms0.026930m0.000939,4.3,202.52,48,16,163,3.845089603497141e-9,0.006803778390879293,0.06576434341684118
L48T16beta4.30ms0.026930m0.000939,4.3,202.52,48,16,164,3.8451197526229616e-9,0.006803831738913258,0.06576485907126503
L48T16beta4.30ms0.026930m0.000939,4.3,202.52,48,16,165,3.845149901748783e-9,0.006803885086947222,0.0657653747256889
L48T16beta4.30ms0.026930m0.000939,4.3,202.52,48,16,166,3.845180050874603e-9,0.0068039384349811854,0.06576589038011275
L48T16beta4.30ms0.026930m0.000939,4.3,202.52,48,16,167,3.845210200000423e-9,0.00680399178301515,0.06576640603453662
L48T16beta4.30ms0.026930m0.000939,4.3,202.52,48,16,168,3.845240349126244e-9,0.006804045131049113,0.06576692168896048
L48T16beta4.30ms0.026930m0.000939,4.3,202.52,48,16,169,3.845270498252065e-9,0.006804098479083078,0.06576743734338433
L48T16beta4.30ms0.026930m0.000939,4.3,202.52,48,16,170,3.845300647377886e-9,0.006804151827117042,0.0657679529978082
L48T16beta4.30ms0.026930m0.000939,4.3,202.52,48,16,171,3.8453307965037055e-9,0.0068042051751510055,0.06576846865223206
L48T16beta4.30ms0.026930m0.000939,4.3,202.52,48,16,172,3.845360945629527e-9,0.00680425852318497,0.06576898430665593
L48T16beta4.30ms0.026930m0.000939,4.3,202.52,48,16,173,3.845391094755348e-9,0.006804311871218934,0.06576949996107978
L48T16beta4.30ms0.026930m0.000939,4.3,202.52,48,16,174,3.845421243881168e-9,0.006804365219252898,0.06577001561550364
L48T16beta4.30ms0.026930m0.000939,4.3,202.52,48,16,175,3.8454513930069884e-9,0.006804418567286862,0.0657705312699275
L48T16beta4.30ms0.026930m0.000939,4.3,202.52,48,16,176,3.845481542132809e-9,0.0068044719153208255,0.06577104692435136
L48T16beta4.30ms0.026930m0.000939,4.3,202.52,48,16,177,3.84551169125863e-9,0.00680452526335479,0.06577156257877523
L48T16beta4.30ms0.026930m0.000939,4.3,202.52,48,16,178,3.84554184038445e-9,0.006804578611388754,0.06577207823319908
L48T16beta4.30ms0.026930m0.000939,4.3,202.52,48,16,179,3.8455719895102706e-9,0.006804631959422718,0.06577259388762294
L48T16beta4.30ms0.026930m0.000939,4.3,202.52,48,16,180,3.845602138636092e-9,0.006804685307456682,0.0657731095420468
L48T16beta4.30ms0.026930m0.000939,4.3,202.52,48,16,181,3.845632287761912e-9,0.0068047386554906455,0.06577362519647066
L48T16beta4.30ms0.026930m0.000939,4.3,202.52,48,16,182,3.845662436887732e-9,0.00680479200352461,0.06577414085089453
L48T16beta4.30ms0.026930m0.000939,4.3,202.52,48,16,183,3.8456925860135535e-9,0.006804845351558574,0.06577465650531839
L48T16beta4.30ms0.026930m0.000939,4.3,202.52,48,16,184,3.845722735139374e-9,0.006804898699592538,0.06577517215974224
L48T16beta4.30ms0.026930m0.000939,4.3,202.52,48,16,185,3.845752884265194e-9,0.006804952047626502,0.06577568781416611
L48T16beta4.30ms0.026930m0.000939,4.3,202.52,48,16,186,3.845783033391015e-9,0.0068050053956604665,0.06577620346858996
L48T16beta4.30ms0.026930m0.000939,4.3,202.52,48,16,187,3.845813182516836e-9,0.00680505874369443,0.06577671912301383
L48T16beta4.30ms0.026930m0.000939,4.3,202.52,48,16,188,3.845843331642656e-9,0.006805112091728394,0.06577723477743769
L48T16beta4.30ms0.026930m0.000939,4.3,202.52,48,16,189,3.845873480768476e-9,0.006805165439762358,0.06577775043186154
L48T16beta4.30ms0.026930m0.000939,4.3,202.52,48,16,190,3.8459036298942974e-9,0.006805218787796322,0.06577826608628541
L48T16beta4.30ms0.026930m0.000939,4.3,202.52,48,16,191,3.845933779020118e-9,0.0068052721358302865,0.06577878174070927
L48T16beta4.30ms0.026930m0.000939,4.3,202.52,48,16,192,3.845963928145938e-9,0.00680532548386425,0.06577929739513312
L48T16beta4.30ms0.026930m0.000939,4.3,202.52,48,16,193,3.845994077271759e-9,0.006805378831898214,0.06577981304955699
L48T16beta4.30ms0.026930m0.000939,4.3,202.52,48,16,194,3.8460242263975796e-9,0.006805432179932178,0.06578032870398084
L48T16beta4.30ms0.026930m0.000939,4.3,202.52,48,16,195,3.8460543755234e-9,0.006805485527966142,0.06578084435840471
L48T16beta4.30ms0.026930m0.000939,4.3,202.52,48,16,196,3.846084524649221e-9,0.0068055388760001065,0.06578136001282857
L48T16beta4.30ms0.026930m0.000939,4.3,202.52,48,16,197,3.846114673775041e-9,0.00680559222403407,0.06578187566725242
L48T16beta4.30ms0.026930m0.000939,4.3,202.52,48,16,198,3.8461448229008625e-9,0.006805645572068034,0.06578239132167629
L48T16beta4.30ms0.026930m0.000939,4.3,202.52,48,16,199,3.846174972026683e-9,0.006805698920101999,0.06578290697610015
L48T16beta4.30ms0.026930m0.000939,4.3,202.52,48,16,200,3.846205121152503e-9,0.006805752268135962,0.06578342263052402
L48T16beta4.30ms0.026930m0.000939,4.3,202.52,48,16,201,3.846235270278324e-9,0.0068058056161699266,0.06578393828494787
L48T16beta4.30ms0.026930m0.000939,4.3,202.52,48,16,202,3.846265419404145e-9,0.00680585896420389,0.06578445393937173
L48T16beta4.30ms0.026930m0.000939,4.3,202.52,48,16,203,3.846295568529965e-9,0.006805912312237854,0.0657849695937956
L48T16beta4.30ms0.026930m0.000939,4.3,202.52,48,16,204,3.846325717655786e-9,0.006805965660271819,0.06578548524821945
L48T16beta4.30ms0.026930m0.000939,4.3,202.52,48,16,205,3.8463558667816064e-9,0.006806019008305782,0.06578600090264332
L48T16beta4.30ms0.026930m0.000939,4.3,202.52,48,16,206,3.846386015907427e-9,0.006806072356339747,0.06578651655706717
L48T16beta4.30ms0.026930m0.000939,4.3,202.52,48,16,207,3.846416165033247e-9,0.00680612570437371,0.06578703221149103
L48T16beta4.30ms0.026930m0.000939,4.3,202.52,48,16,208,3.846446314159068e-9,0.006806179052407674,0.0657875478659149
L48T16beta4.30ms0.026930m0.000939,4.3,202.52,48,16,209,3.8464764632848886e-9,0.006806232400441639,0.06578806352033875
L48T16beta4.30ms0.026930m0.000939,4.3,202.52,48,16,210,3.846506612410709e-9,0.006806285748475602,0.06578857917476262
L48T16beta4.30ms0.026930m0.000939,4.3,202.52,48,16,211,3.84653676153653e-9,0.006806339096509567,0.06578909482918648
L48T16beta4.30ms0.026930m0.000939,4.3,202.52,48,16,212,3.84656691066235e-9,0.00680639244454353,0.06578961048361033
L48T16beta4.30ms0.026930m0.000939,4.3,202.52,48,16,213,3.846597059788171e-9,0.0068064457925774945,0.0657901261380342
L48T16beta4.30ms0.026930m0.000939,4.3,202.52,48,16,214,3.846627208913992e-9,0.006806499140611459,0.06579064179245805
L48T16beta4.30ms0.026930m0.000939,4.3,202.52,48,16,215,3.846657358039812e-9,0.006806552488645422,0.06579115744688192
L48T16beta4.30ms0.026930m0.000939,4.3,202.52,48,16,216,3.8466875071656325e-9,0.006806605836679387,0.06579167310130578
L48T16beta4.30ms0.026930m0.000939,4.3,202.52,48,16,217,3.846717656291454e-9,0.006806659184713351,0.06579218875572963
L48T16beta4.30ms0.026930m0.000939,4.3,202.52,48,16,218,3.846747805417274e-9,0.0068067125327473145,0.0657927044101535
L48T16beta4.30ms0.026930m0.000939,4.3,202.52,48,16,219,3.846777954543094e-9,0.006806765880781279,0.06579322006457736
L48T16beta4.30ms0.026930m0.000939,4.3,202.52,48,16,220,3.846808103668915e-9,0.006806819228815242,0.06579373571900123
L48T16beta4.30ms0.026930m0.000939,4.3,202.52,48,16,221,3.846838252794736e-9,0.006806872576849207,0.06579425137342508
L48T16beta4.30ms0.026930m0.000939,4.3,202.52,48,16,222,3.846868401920557e-9,0.006806925924883171,0.06579476702784894
L48T16beta4.30ms0.026930m0.000939,4.3,202.52,48,16,223,3.846898551046377e-9,0.0068069792729171345,0.0657952826822728
L48T16beta4.30ms0.026930m0.000939,4.3,202.52,48,16,224,3.8469287001721976e-9,0.006807032620951099,0.06579579833669666
L48T16beta4.30ms0.026930m0.000939,4.3,202.52,48,16,225,3.846958849298018e-9,0.006807085968985062,0.06579631399112053
L48T16beta4.30ms0.026930m0.000939,4.3,202.52,48,16,226,3.846988998423839e-9,0.006807139317019027,0.06579682964554438
L48T16beta4.30ms0.026930m0.000939,4.3,202.52,48,16,227,3.847019147549659e-9,0.006807192665052991,0.06579734529996824
L48T16beta4.30ms0.026930m0.000939,4.3,202.52,48,16,228,3.84704929667548e-9,0.006807246013086955,0.0657978609543921
L48T16beta4.30ms0.026930m0.000939,4.3,202.52,48,16,229,3.847079445801301e-9,0.006807299361120919,0.06579837660881596
L48T16beta4.30ms0.026930m0.000939,4.3,202.52,48,16,230,3.847109594927121e-9,0.006807352709154883,0.06579889226323983
L48T16beta4.30ms0.026930m0.000939,4.3,202.52,48,16,231,3.8471397440529415e-9,0.006807406057188847,0.06579940791766369
L48T16beta4.30ms0.026930m0.000939,4.3,202.52,48,16,232,3.847169893178763e-9,0.006807459405222811,0.06579992357208754
L48T16beta4.30ms0.026930m0.000939,4.3,202.52,48,16,233,3.847200042304583e-9,0.006807512753256775,0.06580043922651141
L48T16beta4.30ms0.026930m0.000939,4.3,202.52,48,16,234,3.847230191430403e-9,0.006807566101290739,0.06580095488093526
L48T16beta4.30ms0.026930m0.000939,4.3,202.52,48,16,235,3.8472603405562244e-9,0.006807619449324703,0.06580147053535913
L48T16beta4.30ms0.026930m0.000939,4.3,202.52,48,16,236,3.847290489682045e-9,0.006807672797358667,0.06580198618978299
L48T16beta4.30ms0.026930m0.000939,4.3,202.52,48,16,237,3.847320638807865e-9,0.006807726145392631,0.06580250184420684
L48T16beta4.30ms0.026930m0.000939,4.3,202.52,48,16,238,3.8473507879336854e-9,0.006807779493426595,0.06580301749863071
L48T16beta4.30ms0.026930m0.000939,4.3,202.52,48,16,239,3.8473809370595066e-9,0.006807832841460559,0.06580353315305457
L48T16beta4.30ms0.026930m0.000939,4.3,202.52,48,16,240,3.847411086185327e-9,0.006807886189494523,0.06580404880747844
L48T16beta4.30ms0.026930m0.000939,4.3,202.52,48,16,241,3.847441235311147e-9,0.006807939537528487,0.06580456446190229
L48T16beta4.30ms0.026930m0.000939,4.3,202.52,48,16,242,3.847471384436968e-9,0.006807992885562451,0.06580508011632615
L48T16beta4.30ms0.026930m0.000939,4.3,202.52,48,16,243,3.847501533562789e-9,0.006808046233596415,0.06580559577075001
L48T16beta4.30ms0.026930m0.000939,4.3,202.52,48,16,244,3.847531682688609e-9,0.006808099581630379,0.06580611142517387
L48T16beta4.30ms0.026930m0.000939,4.3,202.52,48,16,245,3.84756183181443e-9,0.006808152929664343,0.06580662707959774
L48T16beta4.30ms0.026930m0.000939,4.3,202.52,48,16,246,3.8475919809402505e-9,0.006808206277698307,0.06580714273402159
L48T16beta4.30ms0.026930m0.000939,4.3,202.52,48,16,247,3.847622130066072e-9,0.006808259625732271,0.06580765838844545
L48T16beta4.30ms0.026930m0.000939,4.3,202.52,48,16,248,3.847652279191892e-9,0.006808312973766236,0.06580817404286932
L48T16beta4.30ms0.026930m0.000939,4.3,202.52,48,16,249,3.847682428317712e-9,0.006808366321800199,0.06580868969729317
L48T16beta4.30ms0.026930m0.000939,4.3,202.52,48,16,250,3.8477125774435334e-9,0.006808419669834163,0.06580920535171704
L48T16beta4.30ms0.026930m0.000939,4.3,202.52,48,16,251,3.847742726569354e-9,0.006808473017868127,0.0658097210061409
L48T16beta4.30ms0.026930m0.000939,4.3,202.52,48,16,252,3.847772875695174e-9,0.006808526365902091,0.06581023666056475
L48T16beta4.30ms0.026930m0.000939,4.3,202.52,48,16,253,3.847803024820995e-9,0.006808579713936056,0.06581075231498862
L48T16beta4.30ms0.026930m0.000939,4.3,202.52,48,16,254,3.8478331739468156e-9,0.006808633061970019,0.06581126796941247
L48T16beta4.30ms0.026930m0.000939,4.3,202.52,48,16,255,3.847863323072636e-9,0.0068086864100039834,0.06581178362383634
L48T16beta4.30ms0.026930m0.000939,4.3,202.52,48,16,256,3.847893472198456e-9,0.006808739758037947,0.0658122992782602
L48T16beta4.30ms0.026930m0.000939,4.3,202.52,48,16,257,3.847923621324277e-9,0.006808793106071911,0.06581281493268405
L48T16beta4.30ms0.026930m0.000939,4.3,202.52,48,16,258,3.847953770450098e-9,0.006808846454105876,0.06581333058710792
L48T16beta4.30ms0.026930m0.000939,4.3,202.52,48,16,259,3.847983919575918e-9,0.006808899802139839,0.06581384624153178
L48T16beta4.30ms0.026930m0.000939,4.3,202.52,48,16,260,3.848014068701739e-9,0.0068089531501738035,0.06581436189595564
L48T16beta4.30ms0.026930m0.000939,4.3,202.52,48,16,261,3.8480442178275595e-9,0.006809006498207768,0.0658148775503795
L48T16beta4.30ms0.026930m0.000939,4.3,202.52,48,16,262,3.84807436695338e-9,0.006809059846241731,0.06581539320480335
L48T16beta4.30ms0.026930m0.000939,4.3,202.52,48,16,263,3.848104516079201e-9,0.006809113194275696,0.06581590885922722
L48T16beta4.30ms0.026930m0.000939,4.3,202.52,48,16,264,3.848134665205021e-9,0.006809166542309659,0.06581642451365108
L48T16beta4.30ms0.026930m0.000939,4.3,202.52,48,16,265,3.848164814330842e-9,0.0068092198903436235,0.06581694016807495
L48T16beta4.30ms0.026930m0.000939,4.3,202.52,48,16,266,3.848194963456663e-9,0.006809273238377588,0.0658174558224988
L48T16beta4.30ms0.026930m0.000939,4.3,202.52,48,16,267,3.848225112582483e-9,0.006809326586411551,0.06581797147692266
L48T16beta4.30ms0.026930m0.000939,4.3,202.52,48,16,268,3.8482552617083034e-9,0.006809379934445516,0.06581848713134653
L48T16beta4.30ms0.026930m0.000939,4.3,202.52,48,16,269,3.848285410834124e-9,0.006809433282479479,0.06581900278577038
L48T16beta4.30ms0.026930m0.000939,4.3,202.52,48,16,270,3.848315559959945e-9,0.0068094866305134436,0.06581951844019425
L48T16beta4.30ms0.026930m0.000939,4.3,202.52,48,16,271,3.848345709085766e-9,0.006809539978547408,0.0658200340946181
L48T16beta4.30ms0.026930m0.000939,4.3,202.52,48,16,272,3.8483758582115855e-9,0.006809593326581371,0.06582054974904196
L48T16beta4.30ms0.026930m0.000939,4.3,202.52,48,16,273,3.848406007337407e-9,0.006809646674615336,0.06582106540346583
L48T16beta4.30ms0.026930m0.000939,4.3,202.52,48,16,274,3.848436156463228e-9,0.0068097000226493,0.06582158105788968
L48T16beta4.30ms0.026930m0.000939,4.3,202.52,48,16,275,3.848466305589048e-9,0.006809753370683264,0.06582209671231355
L48T16beta4.30ms0.026930m0.000939,4.3,202.52,48,16,276,3.8484964547148685e-9,0.006809806718717228,0.0658226123667374
L48T16beta4.30ms0.026930m0.000939,4.3,202.52,48,16,277,3.848526603840689e-9,0.006809860066751191,0.06582312802116126
L48T16beta4.30ms0.026930m0.000939,4.3,202.52,48,16,278,3.84855675296651e-9,0.006809913414785156,0.06582364367558513
L48T16beta4.30ms0.026930m0.000939,4.3,202.52,48,16,279,3.84858690209233e-9,0.00680996676281912,0.06582415933000899
L48T16beta4.30ms0.026930m0.000939,4.3,202.52,48,16,280,3.848617051218151e-9,0.006810020110853084,0.06582467498443284
L48T16beta4.30ms0.026930m0.000939,4.3,202.52,48,16,281,3.848647200343972e-9,0.006810073458887048,0.06582519063885671
L48T16beta4.30ms0.026930m0.000939,4.3,202.52,48,16,282,3.848677349469792e-9,0.0068101268069210115,0.06582570629328056
L48T16beta4.30ms0.026930m0.000939,4.3,202.52,48,16,283,3.848707498595612e-9,0.006810180154954976,0.06582622194770443
L48T16beta4.30ms0.026930m0.000939,4.3,202.52,48,16,284,3.8487376477214336e-9,0.00681023350298894,0.06582673760212829
L48T16beta4.30ms0.026930m0.000939,4.3,202.52,48,16,285,3.848767796847254e-9,0.006810286851022904,0.06582725325655214
L48T16beta4.30ms0.026930m0.000939,4.3,202.52,48,16,286,3.848797945973074e-9,0.006810340199056868,0.06582776891097601
L48T16beta4.30ms0.026930m0.000939,4.3,202.52,48,16,287,3.8488280950988945e-9,0.0068103935470908315,0.06582828456539987
L48T16beta4.30ms0.026930m0.000939,4.3,202.52,48,16,288,3.848858244224716e-9,0.006810446895124796,0.06582880021982374
L48T16beta4.30ms0.026930m0.000939,4.3,202.52,48,16,289,3.848888393350536e-9,0.00681050024315876,0.06582931587424759
L48T16beta4.30ms0.026930m0.000939,4.3,202.52,48,16,290,3.848918542476356e-9,0.006810553591192724,0.06582983152867145
L48T16beta4.30ms0.026930m0.000939,4.3,202.52,48,16,291,3.8489486916021775e-9,0.006810606939226688,0.06583034718309531
L48T16beta4.30ms0.026930m0.000939,4.3,202.52,48,16,292,3.848978840727998e-9,0.006810660287260652,0.06583086283751917
L48T16beta4.30ms0.026930m0.000939,4.3,202.52,48,16,293,3.849008989853818e-9,0.006810713635294616,0.06583137849194304
L48T16beta4.30ms0.026930m0.000939,4.3,202.52,48,16,294,3.849039138979639e-9,0.00681076698332858,0.06583189414636689
L48T16beta4.30ms0.026930m0.000939,4.3,202.52,48,16,295,3.84906928810546e-9,0.006810820331362544,0.06583240980079075
L48T16beta4.30ms0.026930m0.000939,4.3,202.52,48,16,296,3.84909943723128e-9,0.006810873679396508,0.06583292545521462
L48T16beta4.30ms0.026930m0.000939,4.3,202.52,48,16,297,3.849129586357101e-9,0.006810927027430472,0.06583344110963847
L48T16beta4.30ms0.026930m0.000939,4.3,202.52,48,16,298,3.849159735482921e-9,0.006810980375464436,0.06583395676406234
L48T16beta4.30ms0.026930m0.000939,4.3,202.52,48,16,299,3.8491898846087426e-9,0.0068110337234984,0.0658344724184862
L48T16beta4.30ms0.026930m0.000939,4.3,202.52,48,16,300,3.849220033734563e-9,0.006811087071532364,0.06583498807291005
L48T16beta4.30ms0.026930m0.000939,4.3,202.52,48,16,301,3.849250182860383e-9,0.006811140419566328,0.06583550372733392
L48T16beta4.30ms0.026930m0.000939,4.3,202.52,48,16,302,3.849280331986204e-9,0.0068111937676002925,0.06583601938175777
L48T16beta4.30ms0.026930m0.000939,4.3,202.52,48,16,303,3.849310481112025e-9,0.006811247115634256,0.06583653503618164
L48T16beta4.30ms0.026930m0.000939,4.3,202.52,48,16,304,3.849340630237845e-9,0.00681130046366822,0.0658370506906055
L48T16beta4.30ms0.026930m0.000939,4.3,202.52,48,16,305,3.849370779363666e-9,0.006811353811702185,0.06583756634502935
L48T16beta4.30ms0.026930m0.000939,4.3,202.52,48,16,306,3.8494009284894865e-9,0.006811407159736148,0.06583808199945322
L48T16beta4.30ms0.026930m0.000939,4.3,202.52,48,16,307,3.849431077615307e-9,0.0068114605077701125,0.06583859765387708
L48T16beta4.30ms0.026930m0.000939,4.3,202.52,48,16,308,3.849461226741127e-9,0.006811513855804076,0.06583911330830094
L48T16beta4.30ms0.026930m0.000939,4.3,202.52,48,16,309,3.849491375866948e-9,0.00681156720383804,0.0658396289627248
L48T16beta4.30ms0.026930m0.000939,4.3,202.52,48,16,310,3.849521524992769e-9,0.006811620551872005,0.06584014461714865
L48T16beta4.30ms0.026930m0.000939,4.3,202.52,48,16,311,3.849551674118589e-9,0.006811673899905968,0.06584066027157252
L48T16beta4.30ms0.026930m0.000939,4.3,202.52,48,16,312,3.84958182324441e-9,0.0068117272479399325,0.06584117592599638
L48T16beta4.30ms0.026930m0.000939,4.3,202.52,48,16,313,3.84961197237023e-9,0.006811780595973896,0.06584169158042025
L48T16beta4.30ms0.026930m0.000939,4.3,202.52,48,16,314,3.849642121496051e-9,0.00681183394400786,0.0658422072348441
L48T16beta4.30ms0.026930m0.000939,4.3,202.52,48,16,315,3.849672270621872e-9,0.006811887292041825,0.06584272288926796
L48T16beta4.30ms0.026930m0.000939,4.3,202.52,48,16,316,3.849702419747692e-9,0.006811940640075788,0.06584323854369183
L48T16beta4.30ms0.026930m0.000939,4.3,202.52,48,16,317,3.8497325688735125e-9,0.006811993988109753,0.06584375419811568
L48T16beta4.30ms0.026930m0.000939,4.3,202.52,48,16,318,3.849762717999334e-9,0.006812047336143717,0.06584426985253955
L48T16beta4.30ms0.026930m0.000939,4.3,202.52,48,16,319,3.849792867125154e-9,0.00681210068417768,0.0658447855069634
L48T16beta4.30ms0.026930m0.000939,4.3,202.52,48,16,320,3.849823016250974e-9,0.006812154032211645,0.06584530116138726
L48T16beta4.30ms0.026930m0.000939,4.3,202.52,48,16,321,3.849853165376795e-9,0.006812207380245608,0.06584581681581113
L48T16beta4.30ms0.026930m0.000939,4.3,202.52,48,16,322,3.849883314502616e-9,0.006812260728279573,0.06584633247023498
L48T16beta4.30ms0.026930m0.000939,4.3,202.52,48,16,323,3.849913463628437e-9,0.006812314076313537,0.06584684812465885
L48T16beta4.30ms0.026930m0.000939,4.3,202.52,48,16,324,3.849943612754257e-9,0.0068123674243475004,0.06584736377908271
L48T16beta4.30ms0.026930m0.000939,4.3,202.52,48,16,325,3.849973761880078e-9,0.006812420772381465,0.06584787943350656
L48T16beta4.30ms0.026930m0.000939,4.3,202.52,48,16,326,3.850003911005898e-9,0.006812474120415428,0.06584839508793043
L48T16beta4.30ms0.026930m0.000939,4.3,202.52,48,16,327,3.850034060131719e-9,0.006812527468449393,0.06584891074235429
L48T16beta4.30ms0.026930m0.000939,4.3,202.52,48,16,328,3.850064209257539e-9,0.006812580816483357,0.06584942639677815
L48T16beta4.30ms0.026930m0.000939,4.3,202.52,48,16,329,3.85009435838336e-9,0.0068126341645173205,0.06584994205120201
L48T16beta4.30ms0.026930m0.000939,4.3,202.52,48,16,330,3.850124507509181e-9,0.006812687512551285,0.06585045770562586
L48T16beta4.30ms0.026930m0.000939,4.3,202.52,48,16,331,3.850154656635001e-9,0.006812740860585248,0.06585097336004973
L48T16beta4.30ms0.026930m0.000939,4.3,202.52,48,16,332,3.8501848057608215e-9,0.006812794208619213,0.06585148901447359
L48T16beta4.30ms0.026930m0.000939,4.3,202.52,48,16,333,3.850214954886643e-9,0.006812847556653177,0.06585200466889746
L48T16beta4.30ms0.026930m0.000939,4.3,202.52,48,16,334,3.850245104012463e-9,0.0068129009046871405,0.06585252032332131
L48T16beta4.30ms0.026930m0.000939,4.3,202.52,48,16,335,3.850275253138283e-9,0.006812954252721105,0.06585303597774517
L48T16beta4.30ms0.026930m0.000939,4.3,202.52,48,16,336,3.8503054022641045e-9,0.006813007600755069,0.06585355163216904
L48T16beta4.30ms0.026930m0.000939,4.3,202.52,48,16,337,3.850335551389925e-9,0.006813060948789033,0.06585406728659289
L48T16beta4.30ms0.026930m0.000939,4.3,202.52,48,16,338,3.850365700515745e-9,0.006813114296822997,0.06585458294101676
L48T16beta4.30ms0.026930m0.000939,4.3,202.52,48,16,339,3.8503958496415655e-9,0.0068131676448569605,0.06585509859544061
L48T16beta4.30ms0.026930m0.000939,4.3,202.52,48,16,340,3.850425998767387e-9,0.006813220992890925,0.06585561424986447
L48T16beta4.30ms0.026930m0.000939,4.3,202.52,48,16,341,3.850456147893207e-9,0.006813274340924889,0.06585612990428834
L48T16beta4.30ms0.026930m0.000939,4.3,202.52,48,16,342,3.850486297019027e-9,0.006813327688958853,0.06585664555871219
L48T16beta4.30ms0.026930m0.000939,4.3,202.52,48,16,343,3.850516446144848e-9,0.006813381036992817,0.06585716121313606
L48T16beta4.30ms0.026930m0.000939,4.3,202.52,48,16,344,3.850546595270669e-9,0.006813434385026781,0.06585767686755992
L48T16beta4.30ms0.026930m0.000939,4.3,202.52,48,16,345,3.850576744396489e-9,0.006813487733060745,0.06585819252198377
L48T16beta4.30ms0.026930m0.000939,4.3,202.52,48,16,346,3.85060689352231e-9,0.006813541081094709,0.06585870817640764
L48T16beta4.30ms0.026930m0.000939,4.3,202.52,48,16,347,3.8506370426481305e-9,0.006813594429128673,0.0658592238308315
L48T16beta4.30ms0.026930m0.000939,4.3,202.52,48,16,348,3.850667191773952e-9,0.006813647777162637,0.06585973948525536
L48T16beta4.30ms0.026930m0.000939,4.3,202.52,48,16,349,3.850697340899772e-9,0.0068137011251966015,0.06586025513967922
L48T16beta4.30ms0.026930m0.000939,4.3,202.52,48,16,350,3.850727490025592e-9,0.006813754473230565,0.06586077079410307
L48T16beta4.30ms0.026930m0.000939,4.3,202.52,48,16,351,3.8507576391514135e-9,0.006813807821264529,0.06586128644852694
L48T16beta4.30ms0.026930m0.000939,4.3,202.52,48,16,352,3.850787788277234e-9,0.006813861169298493,0.0658618021029508
L48T16beta4.30ms0.026930m0.000939,4.3,202.52,48,16,353,3.850817937403054e-9,0.006813914517332457,0.06586231775737467
L48T16beta4.30ms0.026930m0.000939,4.3,202.52,48,16,354,3.850848086528875e-9,0.0068139678653664215,0.06586283341179852
L48T16beta4.30ms0.026930m0.000939,4.3,202.52,48,16,355,3.850878235654696e-9,0.006814021213400385,0.06586334906622238
L48T16beta4.30ms0.026930m0.000939,4.3,202.52,48,16,356,3.850908384780516e-9,0.006814074561434349,0.06586386472064625
L48T16beta4.30ms0.026930m0.000939,4.3,202.52,48,16,357,3.850938533906336e-9,0.006814127909468313,0.0658643803750701
L48T16beta4.30ms0.026930m0.000939,4.3,202.52,48,16,358,3.850968683032157e-9,0.006814181257502277,0.06586489602949397
L48T16beta4.30ms0.026930m0.000939,4.3,202.52,48,16,359,3.850998832157978e-9,0.0068142346055362416,0.06586541168391782
L48T16beta4.30ms0.026930m0.000939,4.3,202.52,48,16,360,3.851028981283798e-9,0.006814287953570205,0.06586592733834168
L48T16beta4.30ms0.026930m0.000939,4.3,202.52,48,16,361,3.851059130409619e-9,0.006814341301604169,0.06586644299276555
L48T16beta4.30ms0.026930m0.000939,4.3,202.52,48,16,362,3.8510892795354395e-9,0.006814394649638133,0.0658669586471894
L48T16beta4.30ms0.026930m0.000939,4.3,202.52,48,16,363,3.85111942866126e-9,0.006814447997672097,0.06586747430161327
L48T16beta4.30ms0.026930m0.000939,4.3,202.52,48,16,364,3.851149577787081e-9,0.006814501345706062,0.06586798995603713
L48T16beta4.30ms0.026930m0.000939,4.3,202.52,48,16,365,3.851179726912901e-9,0.006814554693740025,0.06586850561046098
L48T16beta4.30ms0.026930m0.000939,4.3,202.52,48,16,366,3.851209876038722e-9,0.006814608041773989,0.06586902126488485
L48T16beta4.30ms0.026930m0.000939,4.3,202.52,48,16,367,3.851240025164543e-9,0.006814661389807954,0.0658695369193087
L48T16beta4.30ms0.026930m0.000939,4.3,202.52,48,16,368,3.851270174290363e-9,0.006814714737841917,0.06587005257373256
L48T16beta4.30ms0.026930m0.000939,4.3,202.52,48,16,369,3.8513003234161835e-9,0.006814768085875882,0.06587056822815643
L48T16beta4.30ms0.026930m0.000939,4.3,202.52,48,16,370,3.851330472542004e-9,0.006814821433909845,0.06587108388258028
L48T16beta4.30ms0.026930m0.000939,4.3,202.52,48,16,371,3.851360621667825e-9,0.0068148747819438095,0.06587159953700415
L48T16beta4.30ms0.026930m0.000939,4.3,202.52,48,16,372,3.851390770793646e-9,0.006814928129977774,0.06587211519142801
L48T16beta4.30ms0.026930m0.000939,4.3,202.52,48,16,373,3.8514209199194656e-9,0.006814981478011737,0.06587263084585186
L48T16beta4.30ms0.026930m0.000939,4.3,202.52,48,16,374,3.851451069045287e-9,0.006815034826045702,0.06587314650027573
L48T16beta4.30ms0.026930m0.000939,4.3,202.52,48,16,375,3.851481218171107e-9,0.006815088174079665,0.06587366215469959
L48T16beta4.30ms0.026930m0.000939,4.3,202.52,48,16,376,3.851511367296928e-9,0.0068151415221136295,0.06587417780912345
L48T16beta4.30ms0.026930m0.000939,4.3,202.52,48,16,377,3.8515415164227485e-9,0.006815194870147594,0.06587469346354731
L48T16beta4.30ms0.026930m0.000939,4.3,202.52,48,16,378,3.851571665548569e-9,0.006815248218181557,0.06587520911797116
L48T16beta4.30ms0.026930m0.000939,4.3,202.52,48,16,379,3.85160181467439e-9,0.006815301566215522,0.06587572477239503
L48T16beta4.30ms0.026930m0.000939,4.3,202.52,48,16,380,3.85163196380021e-9,0.006815354914249486,0.06587624042681889
L48T16beta4.30ms0.026930m0.000939,4.3,202.52,48,16,381,3.851662112926031e-9,0.0068154082622834495,0.06587675608124276
L48T16beta4.30ms0.026930m0.000939,4.3,202.52,48,16,382,3.851692262051852e-9,0.006815461610317414,0.06587727173566661
L48T16beta4.30ms0.026930m0.000939,4.3,202.52,48,16,383,3.851722411177672e-9,0.006815514958351377,0.06587778739009047
L48T16beta4.30ms0.026930m0.000939,4.3,202.52,48,16,384,3.8517525603034925e-9,0.006815568306385342,0.06587830304451434
L48T16beta4.30ms0.026930m0.000939,4.3,202.52,48,16,385,3.851782709429314e-9,0.006815621654419306,0.06587881869893819
L48T16beta4.30ms0.026930m0.000939,4.3,202.52,48,16,386,3.851812858555134e-9,0.0068156750024532696,0.06587933435336206
L48T16beta4.30ms0.026930m0.000939,4.3,202.52,48,16,387,3.851843007680954e-9,0.006815728350487234,0.06587985000778591
L48T16beta4.30ms0.026930m0.000939,4.3,202.52,48,16,388,3.8518731568067746e-9,0.006815781698521197,0.06588036566220977
L48T16beta4.30ms0.026930m0.000939,4.3,202.52,48,16,389,3.851903305932596e-9,0.006815835046555162,0.06588088131663364
L48T16beta4.30ms0.026930m0.000939,4.3,202.52,48,16,390,3.851933455058416e-9,0.006815888394589126,0.0658813969710575
L48T16beta4.30ms0.026930m0.000939,4.3,202.52,48,16,391,3.851963604184236e-9,0.00681594174262309,0.06588191262548136
L48T16beta4.30ms0.026930m0.000939,4.3,202.52,48,16,392,3.8519937533100575e-9,0.006815995090657054,0.06588242827990522
L48T16beta4.30ms0.026930m0.000939,4.3,202.52,48,16,393,3.852023902435878e-9,0.006816048438691018,0.06588294393432907
L48T16beta4.30ms0.026930m0.000939,4.3,202.52,48,16,394,3.852054051561698e-9,0.006816101786724982,0.06588345958875294
L48T16beta4.30ms0.026930m0.000939,4.3,202.52,48,16,395,3.852084200687519e-9,0.006816155134758946,0.0658839752431768
L48T16beta4.30ms0.026930m0.000939,4.3,202.52,48,16,396,3.85211434981334e-9,0.00681620848279291,0.06588449089760066
L48T16beta4.30ms0.026930m0.000939,4.3,202.52,48,16,397,3.85214449893916e-9,0.006816261830826874,0.06588500655202452
L48T16beta4.30ms0.026930m0.000939,4.3,202.52,48,16,398,3.852174648064981e-9,0.006816315178860838,0.06588552220644837
L48T16beta4.30ms0.026930m0.000939,4.3,202.52,48,16,399,3.8522047971908015e-9,0.006816368526894802,0.06588603786087224
L48T16beta4.30ms0.026930m0.000939,4.3,202.52,48,16,400,3.852234946316623e-9,0.006816421874928766,0.0658865535152961
L48T16beta4.30ms0.026930m0.000939,4.3,202.52,48,16,401,3.852265095442443e-9,0.00681647522296273,0.06588706916971997
L48T16beta4.30ms0.026930m0.000939,4.3,202.52,48,16,402,3.852295244568263e-9,0.006816528570996694,0.06588758482414382
L48T16beta4.30ms0.026930m0.000939,4.3,202.52,48,16,403,3.852325393694084e-9,0.006816581919030658,0.06588810047856768
L48T16beta4.30ms0.026930m0.000939,4.3,202.52,48,16,404,3.852355542819905e-9,0.006816635267064622,0.06588861613299155
L48T16beta4.30ms0.026930m0.000939,4.3,202.52,48,16,405,3.852385691945725e-9,0.006816688615098586,0.0658891317874154
L48T16beta4.30ms0.026930m0.000939,4.3,202.52,48,16,406,3.852415841071545e-9,0.00681674196313255,0.06588964744183927
L48T16beta4.30ms0.026930m0.000939,4.3,202.52,48,16,407,3.8524459901973665e-9,0.006816795311166514,0.06589016309626312
L48T16beta4.30ms0.026930m0.000939,4.3,202.52,48,16,408,3.852476139323187e-9,0.006816848659200478,0.06589067875068698
L48T16beta4.30ms0.026930m0.000939,4.3,202.52,48,16,409,3.852506288449007e-9,0.006816902007234442,0.06589119440511085
L48T16beta4.30ms0.026930m0.000939,4.3,202.52,48,16,410,3.852536437574828e-9,0.006816955355268406,0.0658917100595347
L48T16beta4.30ms0.026930m0.000939,4.3,202.52,48,16,411,3.852566586700649e-9,0.006817008703302371,0.06589222571395857
L48T16beta4.30ms0.026930m0.000939,4.3,202.52,48,16,412,3.852596735826469e-9,0.006817062051336334,0.06589274136838243
L48T16beta4.30ms0.026930m0.000939,4.3,202.52,48,16,413,3.85262688495229e-9,0.0068171153993702984,0.06589325702280628
L48T16beta4.30ms0.026930m0.000939,4.3,202.52,48,16,414,3.8526570340781105e-9,0.006817168747404262,0.06589377267723015
L48T16beta4.30ms0.026930m0.000939,4.3,202.52,48,16,415,3.852687183203931e-9,0.006817222095438226,0.065894288331654
L48T16beta4.30ms0.026930m0.000939,4.3,202.52,48,16,416,3.852717332329752e-9,0.006817275443472191,0.06589480398607787
L48T16beta4.30ms0.026930m0.000939,4.3,202.52,48,16,417,3.852747481455572e-9,0.006817328791506154,0.06589531964050173
L48T16beta4.30ms0.026930m0.000939,4.3,202.52,48,16,418,3.8527776305813926e-9,0.0068173821395401185,0.06589583529492558
L48T16beta4.30ms0.026930m0.000939,4.3,202.52,48,16,419,3.852807779707213e-9,0.006817435487574082,0.06589635094934945
L48T16beta4.30ms0.026930m0.000939,4.3,202.52,48,16,420,3.852837928833034e-9,0.006817488835608046,0.06589686660377331
L48T16beta4.30ms0.026930m0.000939,4.3,202.52,48,16,421,3.852868077958854e-9,0.006817542183642011,0.06589738225819718
L48T16beta4.30ms0.026930m0.000939,4.3,202.52,48,16,422,3.852898227084675e-9,0.006817595531675974,0.06589789791262103
L48T16beta4.30ms0.026930m0.000939,4.3,202.52,48,16,423,3.852928376210496e-9,0.0068176488797099385,0.06589841356704489
L48T16beta4.30ms0.026930m0.000939,4.3,202.52,48,16,424,3.852958525336317e-9,0.006817702227743903,0.06589892922146875
L48T16beta4.30ms0.026930m0.000939,4.3,202.52,48,16,425,3.852988674462137e-9,0.006817755575777866,0.06589944487589261
L48T16beta4.30ms0.026930m0.000939,4.3,202.52,48,16,426,3.853018823587958e-9,0.006817808923811831,0.06589996053031648
L48T16beta4.30ms0.026930m0.000939,4.3,202.52,48,16,427,3.853048972713778e-9,0.006817862271845794,0.06590047618474033
L48T16beta4.30ms0.026930m0.000939,4.3,202.52,48,16,428,3.853079121839599e-9,0.0068179156198797585,0.06590099183916419
L48T16beta4.30ms0.026930m0.000939,4.3,202.52,48,16,429,3.8531092709654194e-9,0.006817968967913723,0.06590150749358806
L48T16beta4.30ms0.026930m0.000939,4.3,202.52,48,16,430,3.85313942009124e-9,0.006818022315947686,0.06590202314801191
L48T16beta4.30ms0.026930m0.000939,4.3,202.52,48,16,431,3.853169569217061e-9,0.006818075663981651,0.06590253880243578
L48T16beta4.30ms0.026930m0.000939,4.3,202.52,48,16,432,3.853199718342881e-9,0.006818129012015614,0.06590305445685964
L48T16beta4.30ms0.026930m0.000939,4.3,202.52,48,16,433,3.8532298674687016e-9,0.006818182360049579,0.06590357011128349
L48T16beta4.30ms0.026930m0.000939,4.3,202.52,48,16,434,3.853260016594523e-9,0.006818235708083543,0.06590408576570736
L48T16beta4.30ms0.026930m0.000939,4.3,202.52,48,16,435,3.853290165720343e-9,0.006818289056117506,0.06590460142013121
L48T16beta4.30ms0.026930m0.000939,4.3,202.52,48,16,436,3.853320314846163e-9,0.006818342404151471,0.06590511707455508
L48T16beta4.30ms0.026930m0.000939,4.3,202.52,48,16,437,3.8533504639719845e-9,0.006818395752185435,0.06590563272897894
L48T16beta4.30ms0.026930m0.000939,4.3,202.52,48,16,438,3.853380613097805e-9,0.006818449100219399,0.0659061483834028
L48T16beta4.30ms0.026930m0.000939,4.3,202.52,48,16,439,3.853410762223625e-9,0.006818502448253363,0.06590666403782666
L48T16beta4.30ms0.026930m0.000939,4.3,202.52,48,16,440,3.8534409113494455e-9,0.0068185557962873265,0.06590717969225052
L48T16beta4.30ms0.026930m0.000939,4.3,202.52,48,16,441,3.853471060475267e-9,0.006818609144321291,0.06590769534667439
L48T16beta4.30ms0.026930m0.000939,4.3,202.52,48,16,442,3.853501209601087e-9,0.006818662492355255,0.06590821100109824
L48T16beta4.30ms0.026930m0.000939,4.3,202.52,48,16,443,3.853531358726907e-9,0.006818715840389219,0.0659087266555221
L48T16beta4.30ms0.026930m0.000939,4.3,202.52,48,16,444,3.8535615078527284e-9,0.006818769188423183,0.06590924230994596
L48T16beta4.30ms0.026930m0.000939,4.3,202.52,48,16,445,3.853591656978549e-9,0.0068188225364571465,0.06590975796436982
L48T16beta4.30ms0.026930m0.000939,4.3,202.52,48,16,446,3.853621806104369e-9,0.006818875884491111,0.06591027361879369
L48T16beta4.30ms0.026930m0.000939,4.3,202.52,48,16,447,3.85365195523019e-9,0.006818929232525075,0.06591078927321754
L48T16beta4.30ms0.026930m0.000939,4.3,202.52,48,16,448,3.8536821043560106e-9,0.006818982580559039,0.0659113049276414
L48T16beta4.30ms0.026930m0.000939,4.3,202.52,48,16,449,3.853712253481832e-9,0.006819035928593003,0.06591182058206527
L48T16beta4.30ms0.026930m0.000939,4.3,202.52,48,16,450,3.853742402607651e-9,0.0068190892766269665,0.06591233623648912
L48T16beta4.30ms0.026930m0.000939,4.3,202.52,48,16,451,3.853772551733472e-9,0.006819142624660931,0.06591285189091299
L48T16beta4.30ms0.026930m0.000939,4.3,202.52,48,16,452,3.8538027008592935e-9,0.006819195972694895,0.06591336754533685
L48T16beta4.30ms0.026930m0.000939,4.3,202.52,48,16,453,3.853832849985114e-9,0.006819249320728859,0.0659138831997607
L48T16beta4.30ms0.026930m0.000939,4.3,202.52,48,16,454,3.853862999110934e-9,0.006819302668762823,0.06591439885418457
L48T16beta4.30ms0.026930m0.000939,4.3,202.52,48,16,455,3.853893148236755e-9,0.006819356016796787,0.06591491450860842
L48T16beta4.30ms0.026930m0.000939,4.3,202.52,48,16,456,3.853923297362576e-9,0.006819409364830751,0.06591543016303228
L48T16beta4.30ms0.026930m0.000939,4.3,202.52,48,16,457,3.853953446488396e-9,0.006819462712864715,0.06591594581745615
L48T16beta4.30ms0.026930m0.000939,4.3,202.52,48,16,458,3.853983595614216e-9,0.006819516060898679,0.06591646147188
L48T16beta4.30ms0.026930m0.000939,4.3,202.52,48,16,459,3.8540137447400374e-9,0.006819569408932643,0.06591697712630387
L48T16beta4.30ms0.026930m0.000939,4.3,202.52,48,16,460,3.854043893865858e-9,0.0068196227569666075,0.06591749278072773
L48T16beta4.30ms0.026930m0.000939,4.3,202.52,48,16,461,3.854074042991678e-9,0.006819676105000571,0.06591800843515158
L48T16beta4.30ms0.026930m0.000939,4.3,202.52,48,16,462,3.854104192117499e-9,0.006819729453034535,0.06591852408957545
L48T16beta4.30ms0.026930m0.000939,4.3,202.52,48,16,463,3.8541343412433196e-9,0.006819782801068499,0.0659190397439993
L48T16beta4.30ms0.026930m0.000939,4.3,202.52,48,16,464,3.85416449036914e-9,0.006819836149102463,0.06591955539842317
L48T16beta4.30ms0.026930m0.000939,4.3,202.52,48,16,465,3.854194639494961e-9,0.0068198894971364275,0.06592007105284703
L48T16beta4.30ms0.026930m0.000939,4.3,202.52,48,16,466,3.854224788620781e-9,0.006819942845170391,0.06592058670727088
L48T16beta4.30ms0.026930m0.000939,4.3,202.52,48,16,467,3.854254937746602e-9,0.006819996193204355,0.06592110236169475
L48T16beta4.30ms0.026930m0.000939,4.3,202.52,48,16,468,3.854285086872423e-9,0.00682004954123832,0.06592161801611861
L48T16beta4.30ms0.026930m0.000939,4.3,202.52,48,16,469,3.854315235998243e-9,0.006820102889272283,0.06592213367054248
L48T16beta4.30ms0.026930m0.000939,4.3,202.52,48,16,470,3.8543453851240635e-9,0.0068201562373062475,0.06592264932496633
L48T16beta4.30ms0.026930m0.000939,4.3,202.52,48,16,471,3.854375534249884e-9,0.006820209585340211,0.06592316497939019
L48T16beta4.30ms0.026930m0.000939,4.3,202.52,48,16,472,3.854405683375705e-9,0.006820262933374175,0.06592368063381406
L48T16beta4.30ms0.026930m0.000939,4.3,202.52,48,16,473,3.854435832501526e-9,0.00682031628140814,0.06592419628823791
L48T16beta4.30ms0.026930m0.000939,4.3,202.52,48,16,474,3.854465981627346e-9,0.006820369629442103,0.06592471194266178
L48T16beta4.30ms0.026930m0.000939,4.3,202.52,48,16,475,3.854496130753167e-9,0.0068204229774760676,0.06592522759708563
L48T16beta4.30ms0.026930m0.000939,4.3,202.52,48,16,476,3.854526279878987e-9,0.006820476325510031,0.06592574325150949
L48T16beta4.30ms0.026930m0.000939,4.3,202.52,48,16,477,3.854556429004808e-9,0.006820529673543995,0.06592625890593336
L48T16beta4.30ms0.026930m0.000939,4.3,202.52,48,16,478,3.8545865781306286e-9,0.00682058302157796,0.06592677456035721
L48T16beta4.30ms0.026930m0.000939,4.3,202.52,48,16,479,3.854616727256449e-9,0.006820636369611923,0.06592729021478108
L48T16beta4.30ms0.026930m0.000939,4.3,202.52,48,16,480,3.85464687638227e-9,0.006820689717645888,0.06592780586920494
L48T16beta4.30ms0.026930m0.000939,4.3,202.52,48,16,481,3.85467702550809e-9,0.006820743065679851,0.06592832152362879
L48T16beta4.30ms0.026930m0.000939,4.3,202.52,48,16,482,3.854707174633911e-9,0.0068207964137138154,0.06592883717805266
L48T16beta4.30ms0.026930m0.000939,4.3,202.52,48,16,483,3.854737323759732e-9,0.00682084976174778,0.06592935283247651
L48T16beta4.30ms0.026930m0.000939,4.3,202.52,48,16,484,3.854767472885552e-9,0.006820903109781743,0.06592986848690038
L48T16beta4.30ms0.026930m0.000939,4.3,202.52,48,16,485,3.8547976220113725e-9,0.006820956457815708,0.06593038414132424
L48T16beta4.30ms0.026930m0.000939,4.3,202.52,48,16,486,3.854827771137194e-9,0.006821009805849672,0.0659308997957481
L48T16beta4.30ms0.026930m0.000939,4.3,202.52,48,16,487,3.854857920263014e-9,0.0068210631538836355,0.06593141545017196
L48T16beta4.30ms0.026930m0.000939,4.3,202.52,48,16,488,3.854888069388834e-9,0.0068211165019176,0.06593193110459582
L48T16beta4.30ms0.026930m0.000939,4.3,202.52,48,16,489,3.854918218514655e-9,0.006821169849951563,0.06593244675901969
L48T16beta4.30ms0.026930m0.000939,4.3,202.52,48,16,490,3.854948367640476e-9,0.006821223197985528,0.06593296241344354
L48T16beta4.30ms0.026930m0.000939,4.3,202.52,48,16,491,3.854978516766296e-9,0.006821276546019492,0.0659334780678674
L48T16beta4.30ms0.026930m0.000939,4.3,202.52,48,16,492,3.8550086658921164e-9,0.0068213298940534555,0.06593399372229126
L48T16beta4.30ms0.026930m0.000939,4.3,202.52,48,16,493,3.8550388150179376e-9,0.00682138324208742,0.06593450937671512
L48T16beta4.30ms0.026930m0.000939,4.3,202.52,48,16,494,3.855068964143758e-9,0.006821436590121383,0.06593502503113899
L48T16beta4.30ms0.026930m0.000939,4.3,202.52,48,16,495,3.855099113269578e-9,0.006821489938155348,0.06593554068556284
L48T16beta4.30ms0.026930m0.000939,4.3,202.52,48,16,496,3.855129262395399e-9,0.006821543286189312,0.0659360563399867
L48T16beta4.30ms0.026930m0.000939,4.3,202.52,48,16,497,3.85515941152122e-9,0.0068215966342232755,0.06593657199441057
L48T16beta4.30ms0.026930m0.000939,4.3,202.52,48,16,498,3.85518956064704e-9,0.00682164998225724,0.06593708764883442
L48T16beta4.30ms0.026930m0.000939,4.3,202.52,48,16,499,3.855219709772861e-9,0.006821703330291204,0.06593760330325829
L48T16beta4.30ms0.026930m0.000939,4.3,202.52,48,16,500,3.8552498588986815e-9,0.006821756678325168,0.06593811895768215
L48T16beta4.30ms0.026930m0.000939,4.3,202.52,48,16,501,3.855280008024503e-9,0.006821810026359132,0.065938634612106
L48T16beta4.30ms0.026930m0.000939,4.3,202.52,48,16,502,3.855310157150323e-9,0.006821863374393096,0.06593915026652987
L48T16beta4.30ms0.026930m0.000939,4.3,202.52,48,16,503,3.855340306276143e-9,0.00682191672242706,0.06593966592095372
L48T16beta4.30ms0.026930m0.000939,4.3,202.52,48,16,504,3.8553704554019644e-9,0.006821970070461024,0.0659401815753776
L48T16beta4.30ms0.026930m0.000939,4.3,202.52,48,16,505,3.855400604527785e-9,0.006822023418494988,0.06594069722980145
L48T16beta4.30ms0.026930m0.000939,4.3,202.52,48,16,506,3.855430753653605e-9,0.006822076766528952,0.0659412128842253
L48T16beta4.30ms0.026930m0.000939,4.3,202.52,48,16,507,3.8554609027794254e-9,0.006822130114562916,0.06594172853864917
L48T16beta4.30ms0.026930m0.000939,4.3,202.52,48,16,508,3.8554910519052466e-9,0.00682218346259688,0.06594224419307303
L48T16beta4.30ms0.026930m0.000939,4.3,202.52,48,16,509,3.855521201031067e-9,0.006822236810630844,0.0659427598474969
L48T16beta4.30ms0.026930m0.000939,4.3,202.52,48,16,510,3.855551350156887e-9,0.006822290158664808,0.06594327550192075
L48T16beta4.30ms0.026930m0.000939,4.3,202.52,48,16,511,3.855581499282708e-9,0.006822343506698772,0.0659437911563446
L48T16beta4.30ms0.026930m0.000939,4.3,202.52,48,16,512,3.855611648408529e-9,0.0068223968547327365,0.06594430681076847
L48T16beta4.30ms0.026930m0.000939,4.3,202.52,48,16,513,3.855641797534349e-9,0.0068224502027667,0.06594482246519233
L48T16beta4.30ms0.026930m0.000939,4.3,202.52,48,16,514,3.85567194666017e-9,0.006822503550800664,0.0659453381196162
L48T16beta4.30ms0.026930m0.000939,4.3,202.52,48,16,515,3.8557020957859905e-9,0.006822556898834628,0.06594585377404005
L48T16beta4.30ms0.026930m0.000939,4.3,202.52,48,16,516,3.855732244911811e-9,0.006822610246868592,0.06594636942846391
L48T16beta4.30ms0.026930m0.000939,4.3,202.52,48,16,517,3.855762394037632e-9,0.0068226635949025565,0.06594688508288778
L48T16beta4.30ms0.026930m0.000939,4.3,202.52,48,16,518,3.855792543163452e-9,0.00682271694293652,0.06594740073731163
L48T16beta4.30ms0.026930m0.000939,4.3,202.52,48,16,519,3.855822692289273e-9,0.006822770290970484,0.0659479163917355
L48T16beta4.30ms0.026930m0.000939,4.3,202.52,48,16,520,3.855852841415093e-9,0.006822823639004448,0.06594843204615936
L48T16beta4.30ms0.026930m0.000939,4.3,202.52,48,16,521,3.855882990540914e-9,0.006822876987038412,0.06594894770058321
L48T16beta4.30ms0.026930m0.000939,4.3,202.52,48,16,522,3.8559131396667344e-9,0.006822930335072377,0.06594946335500708
L48T16beta4.30ms0.026930m0.000939,4.3,202.52,48,16,523,3.855943288792555e-9,0.00682298368310634,0.06594997900943093
L48T16beta4.30ms0.026930m0.000939,4.3,202.52,48,16,524,3.855973437918376e-9,0.006823037031140304,0.0659504946638548
L48T16beta4.30ms0.026930m0.000939,4.3,202.52,48,16,525,3.856003587044196e-9,0.006823090379174268,0.06595101031827866
L48T16beta4.30ms0.026930m0.000939,4.3,202.52,48,16,526,3.856033736170017e-9,0.006823143727208232,0.06595152597270251
L48T16beta4.30ms0.026930m0.000939,4.3,202.52,48,16,527,3.856063885295838e-9,0.006823197075242197,0.06595204162712638
L48T16beta4.30ms0.026930m0.000939,4.3,202.52,48,16,528,3.856094034421658e-9,0.00682325042327616,0.06595255728155024
L48T16beta4.30ms0.026930m0.000939,4.3,202.52,48,16,529,3.856124183547479e-9,0.0068233037713101245,0.0659530729359741
L48T16beta4.30ms0.026930m0.000939,4.3,202.52,48,16,530,3.8561543326732995e-9,0.006823357119344089,0.06595358859039796
L48T16beta4.30ms0.026930m0.000939,4.3,202.52,48,16,531,3.85618448179912e-9,0.006823410467378052,0.06595410424482182
L48T16beta4.30ms0.026930m0.000939,4.3,202.52,48,16,532,3.856214630924941e-9,0.006823463815412017,0.06595461989924568
L48T16beta4.30ms0.026930m0.000939,4.3,202.52,48,16,533,3.856244780050761e-9,0.00682351716344598,0.06595513555366954
L48T16beta4.30ms0.026930m0.000939,4.3,202.52,48,16,534,3.856274929176582e-9,0.0068235705114799445,0.06595565120809341
L48T16beta4.30ms0.026930m0.000939,4.3,202.52,48,16,535,3.856305078302403e-9,0.006823623859513909,0.06595616686251726
L48T16beta4.30ms0.026930m0.000939,4.3,202.52,48,16,536,3.856335227428223e-9,0.006823677207547872,0.06595668251694112
L48T16beta4.30ms0.026930m0.000939,4.3,202.52,48,16,537,3.856365376554043e-9,0.006823730555581837,0.06595719817136499
L48T16beta4.30ms0.026930m0.000939,4.3,202.52,48,16,538,3.856395525679864e-9,0.0068237839036158,0.06595771382578884
L48T16beta4.30ms0.026930m0.000939,4.3,202.52,48,16,539,3.856425674805685e-9,0.0068238372516497645,0.06595822948021271
L48T16beta4.30ms0.026930m0.000939,4.3,202.52,48,16,540,3.856455823931505e-9,0.006823890599683729,0.06595874513463656
L48T16beta4.30ms0.026930m0.000939,4.3,202.52,48,16,541,3.8564859730573255e-9,0.006823943947717692,0.06595926078906042
L48T16beta4.30ms0.026930m0.000939,4.3,202.52,48,16,542,3.856516122183147e-9,0.006823997295751657,0.06595977644348429
L48T16beta4.30ms0.026930m0.000939,4.3,202.52,48,16,543,3.856546271308967e-9,0.006824050643785621,0.06596029209790814
L48T16beta4.30ms0.026930m0.000939,4.3,202.52,48,16,544,3.856576420434787e-9,0.0068241039918195846,0.06596080775233201
L48T16beta4.30ms0.026930m0.000939,4.3,202.52,48,16,545,3.8566065695606085e-9,0.006824157339853549,0.06596132340675587
L48T16beta4.30ms0.026930m0.000939,4.3,202.52,48,16,546,3.856636718686429e-9,0.006824210687887512,0.06596183906117972
L48T16beta4.30ms0.026930m0.000939,4.3,202.52,48,16,547,3.856666867812249e-9,0.006824264035921477,0.06596235471560359
L48T16beta4.30ms0.026930m0.000939,4.3,202.52,48,16,548,3.85669701693807e-9,0.006824317383955441,0.06596287037002745
L48T16beta4.30ms0.026930m0.000939,4.3,202.52,48,16,549,3.856727166063891e-9,0.006824370731989405,0.0659633860244513
L48T16beta4.30ms0.026930m0.000939,4.3,202.52,48,16,550,3.856757315189712e-9,0.006824424080023369,0.06596390167887517
L48T16beta4.30ms0.026930m0.000939,4.3,202.52,48,16,551,3.856787464315531e-9,0.0068244774280573324,0.06596441733329902
L48T16beta4.30ms0.026930m0.000939,4.3,202.52,48,16,552,3.856817613441352e-9,0.006824530776091297,0.0659649329877229
L48T16beta4.30ms0.026930m0.000939,4.3,202.52,48,16,553,3.8568477625671736e-9,0.006824584124125261,0.06596544864214675
L48T16beta4.30ms0.026930m0.000939,4.3,202.52,48,16,554,3.856877911692994e-9,0.006824637472159225,0.0659659642965706
L48T16beta4.30ms0.026930m0.000939,4.3,202.52,48,16,555,3.856908060818814e-9,0.006824690820193189,0.06596647995099447
L48T16beta4.30ms0.026930m0.000939,4.3,202.52,48,16,556,3.856938209944635e-9,0.006824744168227153,0.06596699560541833
L48T16beta4.30ms0.026930m0.000939,4.3,202.52,48,16,557,3.856968359070456e-9,0.006824797516261117,0.0659675112598422
L48T16beta4.30ms0.026930m0.000939,4.3,202.52,48,16,558,3.856998508196276e-9,0.006824850864295081,0.06596802691426605
L48T16beta4.30ms0.026930m0.000939,4.3,202.52,48,16,559,3.857028657322096e-9,0.006824904212329045,0.0659685425686899
L48T16beta4.30ms0.026930m0.000939,4.3,202.52,48,16,560,3.8570588064479175e-9,0.006824957560363009,0.06596905822311377
L48T16beta4.30ms0.026930m0.000939,4.3,202.52,48,16,561,3.857088955573738e-9,0.006825010908396973,0.06596957387753763
L48T16beta4.30ms0.026930m0.000939,4.3,202.52,48,16,562,3.857119104699558e-9,0.006825064256430937,0.0659700895319615
L48T16beta4.30ms0.026930m0.000939,4.3,202.52,48,16,563,3.857149253825379e-9,0.006825117604464901,0.06597060518638535
L48T16beta4.30ms0.026930m0.000939,4.3,202.52,48,16,564,3.8571794029512e-9,0.006825170952498865,0.06597112084080921
L48T16beta4.30ms0.026930m0.000939,4.3,202.52,48,16,565,3.85720955207702e-9,0.006825224300532829,0.06597163649523308
L48T16beta4.30ms0.026930m0.000939,4.3,202.52,48,16,566,3.857239701202841e-9,0.006825277648566793,0.06597215214965693
L48T16beta4.30ms0.026930m0.000939,4.3,202.52,48,16,567,3.857269850328661e-9,0.006825330996600757,0.0659726678040808
L48T16beta4.30ms0.026930m0.000939,4.3,202.52,48,16,568,3.857299999454482e-9,0.006825384344634721,0.06597318345850466
L48T16beta4.30ms0.026930m0.000939,4.3,202.52,48,16,569,3.857330148580302e-9,0.006825437692668685,0.06597369911292851
L48T16beta4.30ms0.026930m0.000939,4.3,202.52,48,16,570,3.857360297706123e-9,0.006825491040702649,0.06597421476735238
L48T16beta4.30ms0.026930m0.000939,4.3,202.52,48,16,571,3.8573904468319435e-9,0.0068255443887366134,0.06597473042177623
L48T16beta4.30ms0.026930m0.000939,4.3,202.52,48,16,572,3.857420595957764e-9,0.006825597736770577,0.0659752460762001
L48T16beta4.30ms0.026930m0.000939,4.3,202.52,48,16,573,3.857450745083585e-9,0.006825651084804541,0.06597576173062396
L48T16beta4.30ms0.026930m0.000939,4.3,202.52,48,16,574,3.857480894209406e-9,0.006825704432838506,0.06597627738504781
L48T16beta4.30ms0.026930m0.000939,4.3,202.52,48,16,575,3.857511043335226e-9,0.006825757780872469,0.06597679303947168
L48T16beta4.30ms0.026930m0.000939,4.3,202.52,48,16,576,3.857541192461047e-9,0.0068258111289064335,0.06597730869389554
L48T16beta4.30ms0.026930m0.000939,4.3,202.52,48,16,577,3.857571341586867e-9,0.006825864476940397,0.0659778243483194
L48T16beta4.30ms0.026930m0.000939,4.3,202.52,48,16,578,3.857601490712688e-9,0.006825917824974361,0.06597834000274326
L48T16beta4.30ms0.026930m0.000939,4.3,202.52,48,16,579,3.857631639838509e-9,0.006825971173008326,0.06597885565716712
L48T16beta4.30ms0.026930m0.000939,4.3,202.52,48,16,580,3.857661788964329e-9,0.006826024521042289,0.06597937131159098
L48T16beta4.30ms0.026930m0.000939,4.3,202.52,48,16,581,3.85769193809015e-9,0.0068260778690762535,0.06597988696601484
L48T16beta4.30ms0.026930m0.000939,4.3,202.52,48,16,582,3.85772208721597e-9,0.006826131217110217,0.06598040262043871
L48T16beta4.30ms0.026930m0.000939,4.3,202.52,48,16,583,3.857752236341791e-9,0.006826184565144181,0.06598091827486256
L48T16beta4.30ms0.026930m0.000939,4.3,202.52,48,16,584,3.857782385467612e-9,0.006826237913178146,0.06598143392928642
L48T16beta4.30ms0.026930m0.000939,4.3,202.52,48,16,585,3.857812534593432e-9,0.006826291261212109,0.06598194958371029
L48T16beta4.30ms0.026930m0.000939,4.3,202.52,48,16,586,3.8578426837192525e-9,0.0068263446092460735,0.06598246523813414
L48T16beta4.30ms0.026930m0.000939,4.3,202.52,48,16,587,3.857872832845074e-9,0.006826397957280038,0.06598298089255801
L48T16beta4.30ms0.026930m0.000939,4.3,202.52,48,16,588,3.857902981970894e-9,0.006826451305314001,0.06598349654698187
L48T16beta4.30ms0.026930m0.000939,4.3,202.52,48,16,589,3.857933131096714e-9,0.006826504653347966,0.06598401220140572
L48T16beta4.30ms0.026930m0.000939,4.3,202.52,48,16,590,3.857963280222535e-9,0.006826558001381929,0.06598452785582959
L48T16beta4.30ms0.026930m0.000939,4.3,202.52,48,16,591,3.857993429348356e-9,0.006826611349415894,0.06598504351025344
L48T16beta4.30ms0.026930m0.000939,4.3,202.52,48,16,592,3.858023578474176e-9,0.006826664697449858,0.06598555916467731
L48T16beta4.30ms0.026930m0.000939,4.3,202.52,48,16,593,3.8580537275999965e-9,0.006826718045483821,0.06598607481910117
L48T16beta4.30ms0.026930m0.000939,4.3,202.52,48,16,594,3.858083876725818e-9,0.006826771393517786,0.06598659047352502
L48T16beta4.30ms0.026930m0.000939,4.3,202.52,48,16,595,3.858114025851638e-9,0.006826824741551749,0.06598710612794889
L48T16beta4.30ms0.026930m0.000939,4.3,202.52,48,16,596,3.858144174977458e-9,0.006826878089585714,0.06598762178237275
L48T16beta4.30ms0.026930m0.000939,4.3,202.52,48,16,597,3.858174324103279e-9,0.006826931437619678,0.06598813743679662
L48T16beta4.30ms0.026930m0.000939,4.3,202.52,48,16,598,3.8582044732291e-9,0.0068269847856536415,0.06598865309122047
L48T16beta4.30ms0.026930m0.000939,4.3,202.52,48,16,599,3.85823462235492e-9,0.006827038133687606,0.06598916874564432
L48T16beta4.30ms0.026930m0.000939,4.3,202.52,48,16,600,3.85826477148074e-9,0.006827091481721569,0.0659896844000682
L48T16beta4.30ms0.026930m0.000939,4.3,202.52,48,16,601,3.8582949206065615e-9,0.006827144829755534,0.06599020005449205
L48T16beta4.30ms0.026930m0.000939,4.3,202.52,48,16,602,3.858325069732383e-9,0.006827198177789498,0.06599071570891592
L48T16beta4.30ms0.026930m0.000939,4.3,202.52,48,16,603,3.858355218858203e-9,0.0068272515258234615,0.06599123136333977
L48T16beta4.30ms0.026930m0.000939,4.3,202.52,48,16,604,3.858385367984023e-9,0.006827304873857426,0.06599174701776363
L48T16beta4.30ms0.026930m0.000939,4.3,202.52,48,16,605,3.8584155171098445e-9,0.00682735822189139,0.0659922626721875
L48T16beta4.30ms0.026930m0.000939,4.3,202.52,48,16,606,3.858445666235665e-9,0.006827411569925354,0.06599277832661135
L48T16beta4.30ms0.026930m0.000939,4.3,202.52,48,16,607,3.858475815361485e-9,0.006827464917959318,0.06599329398103522
L48T16beta4.30ms0.026930m0.000939,4.3,202.52,48,16,608,3.8585059644873055e-9,0.0068275182659932815,0.06599380963545907
L48T16beta4.30ms0.026930m0.000939,4.3,202.52,48,16,609,3.858536113613127e-9,0.006827571614027246,0.06599432528988293
L48T16beta4.30ms0.026930m0.000939,4.3,202.52,48,16,610,3.858566262738947e-9,0.00682762496206121,0.0659948409443068
L48T16beta4.30ms0.026930m0.000939,4.3,202.52,48,16,611,3.858596411864767e-9,0.006827678310095174,0.06599535659873065
L48T16beta4.30ms0.026930m0.000939,4.3,202.52,48,16,612,3.858626560990588e-9,0.006827731658129138,0.06599587225315452
L48T16beta4.30ms0.026930m0.000939,4.3,202.52,48,16,613,3.858656710116409e-9,0.0068277850061631016,0.06599638790757838
L48T16beta4.30ms0.026930m0.000939,4.3,202.52,48,16,614,3.858686859242229e-9,0.006827838354197066,0.06599690356200223
L48T16beta4.30ms0.026930m0.000939,4.3,202.52,48,16,615,3.85871700836805e-9,0.00682789170223103,0.0659974192164261
L48T16beta4.30ms0.026930m0.000939,4.3,202.52,48,16,616,3.8587471574938705e-9,0.006827945050264994,0.06599793487084996
L48T16beta4.30ms0.026930m0.000939,4.3,202.52,48,16,617,3.858777306619691e-9,0.006827998398298958,0.06599845052527382
L48T16beta4.30ms0.026930m0.000939,4.3,202.52,48,16,618,3.858807455745512e-9,0.0068280517463329225,0.06599896617969768
L48T16beta4.30ms0.026930m0.000939,4.3,202.52,48,16,619,3.858837604871332e-9,0.006828105094366886,0.06599948183412153
L48T16beta4.30ms0.026930m0.000939,4.3,202.52,48,16,620,3.858867753997153e-9,0.00682815844240085,0.0659999974885454
L48T16beta4.30ms0.026930m0.000939,4.3,202.52,48,16,621,3.858897903122973e-9,0.006828211790434814,0.06600051314296926
L48T16beta4.30ms0.026930m0.000939,4.3,202.52,48,16,622,3.858928052248794e-9,0.006828265138468778,0.06600102879739313
L48T16beta4.30ms0.026930m0.000939,4.3,202.52,48,16,623,3.8589582013746145e-9,0.0068283184865027425,0.06600154445181698
L48T16beta4.30ms0.026930m0.000939,4.3,202.52,48,16,624,3.858988350500435e-9,0.006828371834536706,0.06600206010624084
L48T16beta4.30ms0.026930m0.000939,4.3,202.52,48,16,625,3.859018499626256e-9,0.00682842518257067,0.0660025757606647
L48T16beta4.30ms0.026930m0.000939,4.3,202.52,48,16,626,3.859048648752076e-9,0.006828478530604634,0.06600309141508856
L48T16beta4.30ms0.026930m0.000939,4.3,202.52,48,16,627,3.859078797877897e-9,0.006828531878638598,0.06600360706951243
L48T16beta4.30ms0.026930m0.000939,4.3,202.52,48,16,628,3.859108947003718e-9,0.0068285852266725625,0.06600412272393628
L48T16beta4.30ms0.026930m0.000939,4.3,202.52,48,16,629,3.859139096129538e-9,0.006828638574706526,0.06600463837836014
L48T16beta4.30ms0.026930m0.000939,4.3,202.52,48,16,630,3.859169245255359e-9,0.00682869192274049,0.06600515403278401
L48T16beta4.30ms0.026930m0.000939,4.3,202.52,48,16,631,3.8591993943811795e-9,0.006828745270774455,0.06600566968720786
L48T16beta4.30ms0.026930m0.000939,4.3,202.52,48,16,632,3.859229543507e-9,0.006828798618808418,0.06600618534163172
L48T16beta4.30ms0.026930m0.000939,4.3,202.52,48,16,633,3.859259692632821e-9,0.0068288519668423826,0.06600670099605559
L48T16beta4.30ms0.026930m0.000939,4.3,202.52,48,16,634,3.859289841758641e-9,0.006828905314876346,0.06600721665047944
L48T16beta4.30ms0.026930m0.000939,4.3,202.52,48,16,635,3.859319990884462e-9,0.00682895866291031,0.06600773230490331
L48T16beta4.30ms0.026930m0.000939,4.3,202.52,48,16,636,3.859350140010283e-9,0.006829012010944275,0.06600824795932717
L48T16beta4.30ms0.026930m0.000939,4.3,202.52,48,16,637,3.859380289136103e-9,0.006829065358978238,0.06600876361375102
L48T16beta4.30ms0.026930m0.000939,4.3,202.52,48,16,638,3.8594104382619235e-9,0.006829118707012203,0.06600927926817489
L48T16beta4.30ms0.026930m0.000939,4.3,202.52,48,16,639,3.859440587387744e-9,0.006829172055046166,0.06600979492259874
L48T16beta4.30ms0.026930m0.000939,4.3,202.52,48,16,640,3.859470736513565e-9,0.0068292254030801304,0.06601031057702261
L48T16beta4.30ms0.026930m0.000939,4.3,202.52,48,16,641,3.859500885639385e-9,0.006829278751114095,0.06601082623144647
L48T16beta4.30ms0.026930m0.000939,4.3,202.52,48,16,642,3.8595310347652056e-9,0.006829332099148058,0.06601134188587032
L48T16beta4.30ms0.026930m0.000939,4.3,202.52,48,16,643,3.859561183891027e-9,0.006829385447182023,0.06601185754029419
L48T16beta4.30ms0.026930m0.000939,4.3,202.52,48,16,644,3.859591333016847e-9,0.006829438795215986,0.06601237319471805
L48T16beta4.30ms0.026930m0.000939,4.3,202.52,48,16,645,3.859621482142667e-9,0.0068294921432499505,0.06601288884914192
L48T16beta4.30ms0.026930m0.000939,4.3,202.52,48,16,646,3.8596516312684885e-9,0.006829545491283915,0.06601340450356577
L48T16beta4.30ms0.026930m0.000939,4.3,202.52,48,16,647,3.859681780394309e-9,0.006829598839317878,0.06601392015798963
L48T16beta4.30ms0.026930m0.000939,4.3,202.52,48,16,648,3.859711929520129e-9,0.006829652187351843,0.0660144358124135
L48T16beta4.30ms0.026930m0.000939,4.3,202.52,48,16,649,3.85974207864595e-9,0.006829705535385807,0.06601495146683735
L48T16beta4.30ms0.026930m0.000939,4.3,202.52,48,16,650,3.859772227771771e-9,0.0068297588834197705,0.06601546712126122
L48T16beta4.30ms0.026930m0.000939,4.3,202.52,48,16,651,3.859802376897592e-9,0.006829812231453735,0.06601598277568507
L48T16beta4.30ms0.026930m0.000939,4.3,202.52,48,16,652,3.859832526023411e-9,0.006829865579487698,0.06601649843010893
L48T16beta4.30ms0.026930m0.000939,4.3,202.52,48,16,653,3.8598626751492325e-9,0.006829918927521663,0.0660170140845328
L48T16beta4.30ms0.026930m0.000939,4.3,202.52,48,16,654,3.859892824275054e-9,0.006829972275555627,0.06601752973895665
L48T16beta4.30ms0.026930m0.000939,4.3,202.52,48,16,655,3.859922973400874e-9,0.0068300256235895905,0.06601804539338052
L48T16beta4.30ms0.026930m0.000939,4.3,202.52,48,16,656,3.859953122526694e-9,0.006830078971623555,0.06601856104780437
L48T16beta4.30ms0.026930m0.000939,4.3,202.52,48,16,657,3.8599832716525146e-9,0.006830132319657518,0.06601907670222823
L48T16beta4.30ms0.026930m0.000939,4.3,202.52,48,16,658,3.860013420778336e-9,0.006830185667691483,0.0660195923566521
L48T16beta4.30ms0.026930m0.000939,4.3,202.52,48,16,659,3.860043569904156e-9,0.006830239015725447,0.06602010801107595
L48T16beta4.30ms0.026930m0.000939,4.3,202.52,48,16,660,3.860073719029976e-9,0.006830292363759411,0.06602062366549982
L48T16beta4.30ms0.026930m0.000939,4.3,202.52,48,16,661,3.8601038681557975e-9,0.006830345711793375,0.06602113931992368
L48T16beta4.30ms0.026930m0.000939,4.3,202.52,48,16,662,3.860134017281618e-9,0.006830399059827339,0.06602165497434753
L48T16beta4.30ms0.026930m0.000939,4.3,202.52,48,16,663,3.860164166407438e-9,0.006830452407861303,0.0660221706287714
L48T16beta4.30ms0.026930m0.000939,4.3,202.52,48,16,664,3.860194315533259e-9,0.006830505755895267,0.06602268628319526
L48T16beta4.30ms0.026930m0.000939,4.3,202.52,48,16,665,3.86022446465908e-9,0.006830559103929231,0.06602320193761912
L48T16beta4.30ms0.026930m0.000939,4.3,202.52,48,16,666,3.8602546137849e-9,0.006830612451963195,0.06602371759204298
L48T16beta4.30ms0.026930m0.000939,4.3,202.52,48,16,667,3.860284762910721e-9,0.006830665799997159,0.06602423324646683
L48T16beta4.30ms0.026930m0.000939,4.3,202.52,48,16,668,3.8603149120365415e-9,0.006830719148031123,0.0660247489008907
L48T16beta4.30ms0.026930m0.000939,4.3,202.52,48,16,669,3.860345061162362e-9,0.006830772496065087,0.06602526455531456
L48T16beta4.30ms0.026930m0.000939,4.3,202.52,48,16,670,3.860375210288182e-9,0.006830825844099051,0.06602578020973843
L48T16beta4.30ms0.026930m0.000939,4.3,202.52,48,16,671,3.860405359414003e-9,0.006830879192133015,0.06602629586416228
L48T16beta4.30ms0.026930m0.000939,4.3,202.52,48,16,672,3.8604355085398236e-9,0.006830932540166979,0.06602681151858614
L48T16beta4.30ms0.026930m0.000939,4.3,202.52,48,16,673,3.860465657665644e-9,0.006830985888200943,0.06602732717301
L48T16beta4.30ms0.026930m0.000939,4.3,202.52,48,16,674,3.860495806791465e-9,0.006831039236234907,0.06602784282743386
L48T16beta4.30ms0.026930m0.000939,4.3,202.52,48,16,675,3.860525955917285e-9,0.006831092584268871,0.06602835848185773
L48T16beta4.30ms0.026930m0.000939,4.3,202.52,48,16,676,3.860556105043106e-9,0.006831145932302835,0.06602887413628158
L48T16beta4.30ms0.026930m0.000939,4.3,202.52,48,16,677,3.860586254168927e-9,0.006831199280336799,0.06602938979070544
L48T16beta4.30ms0.026930m0.000939,4.3,202.52,48,16,678,3.860616403294747e-9,0.006831252628370763,0.06602990544512931
L48T16beta4.30ms0.026930m0.000939,4.3,202.52,48,16,679,3.860646552420568e-9,0.006831305976404727,0.06603042109955316
L48T16beta4.30ms0.026930m0.000939,4.3,202.52,48,16,680,3.860676701546389e-9,0.006831359324438692,0.06603093675397703
L48T16beta4.30ms0.026930m0.000939,4.3,202.52,48,16,681,3.860706850672209e-9,0.006831412672472655,0.06603145240840089
L48T16beta4.30ms0.026930m0.000939,4.3,202.52,48,16,682,3.86073699979803e-9,0.006831466020506619,0.06603196806282474
L48T16beta4.30ms0.026930m0.000939,4.3,202.52,48,16,683,3.8607671489238504e-9,0.006831519368540583,0.06603248371724861
L48T16beta4.30ms0.026930m0.000939,4.3,202.52,48,16,684,3.860797298049671e-9,0.006831572716574547,0.06603299937167247
L48T16beta4.30ms0.026930m0.000939,4.3,202.52,48,16,685,3.860827447175492e-9,0.006831626064608512,0.06603351502609633
L48T16beta4.30ms0.026930m0.000939,4.3,202.52,48,16,686,3.860857596301312e-9,0.006831679412642475,0.06603403068052019
L48T16beta4.30ms0.026930m0.000939,4.3,202.52,48,16,687,3.8608877454271326e-9,0.0068317327606764395,0.06603454633494404
L48T16beta4.30ms0.026930m0.000939,4.3,202.52,48,16,688,3.860917894552953e-9,0.006831786108710403,0.06603506198936791
L48T16beta4.30ms0.026930m0.000939,4.3,202.52,48,16,689,3.860948043678774e-9,0.006831839456744367,0.06603557764379177
L48T16beta4.30ms0.026930m0.000939,4.3,202.52,48,16,690,3.860978192804594e-9,0.006831892804778332,0.06603609329821564
L48T16beta4.30ms0.026930m0.000939,4.3,202.52,48,16,691,3.861008341930415e-9,0.006831946152812295,0.06603660895263949
L48T16beta4.30ms0.026930m0.000939,4.3,202.52,48,16,692,3.861038491056236e-9,0.0068319995008462595,0.06603712460706335
L48T16beta4.30ms0.026930m0.000939,4.3,202.52,48,16,693,3.861068640182056e-9,0.006832052848880224,0.06603764026148722
L48T16beta4.30ms0.026930m0.000939,4.3,202.52,48,16,694,3.8610987893078765e-9,0.006832106196914187,0.06603815591591107
L48T16beta4.30ms0.026930m0.000939,4.3,202.52,48,16,695,3.861128938433698e-9,0.006832159544948152,0.06603867157033494
L48T16beta4.30ms0.026930m0.000939,4.3,202.52,48,16,696,3.861159087559518e-9,0.006832212892982115,0.0660391872247588
L48T16beta4.30ms0.026930m0.000939,4.3,202.52,48,16,697,3.861189236685338e-9,0.0068322662410160795,0.06603970287918265
L48T16beta4.30ms0.026930m0.000939,4.3,202.52,48,16,698,3.8612193858111594e-9,0.006832319589050044,0.06604021853360652
L48T16beta4.30ms0.026930m0.000939,4.3,202.52,48,16,699,3.86124953493698e-9,0.006832372937084007,0.06604073418803037
L48T16beta4.30ms0.026930m0.000939,4.3,202.52,48,16,700,3.8612796840628e-9,0.006832426285117972,0.06604124984245424
L48T16beta4.30ms0.026930m0.000939,4.3,202.52,48,16,701,3.8613098331886204e-9,0.006832479633151935,0.0660417654968781
L48T16beta4.30ms0.026930m0.000939,4.3,202.52,48,16,702,3.8613399823144416e-9,0.0068325329811858996,0.06604228115130195
L48T16beta4.30ms0.026930m0.000939,4.3,202.52,48,16,703,3.861370131440263e-9,0.006832586329219864,0.06604279680572582
L48T16beta4.30ms0.026930m0.000939,4.3,202.52,48,16,704,3.861400280566083e-9,0.006832639677253827,0.06604331246014968
L48T16beta4.30ms0.026930m0.000939,4.3,202.52,48,16,705,3.861430429691903e-9,0.006832693025287792,0.06604382811457354
L48T16beta4.30ms0.026930m0.000939,4.3,202.52,48,16,706,3.8614605788177245e-9,0.006832746373321756,0.0660443437689974
L48T16beta4.30ms0.026930m0.000939,4.3,202.52,48,16,707,3.861490727943545e-9,0.00683279972135572,0.06604485942342125
L48T16beta4.30ms0.026930m0.000939,4.3,202.52,48,16,708,3.861520877069365e-9,0.006832853069389684,0.06604537507784512
L48T16beta4.30ms0.026930m0.000939,4.3,202.52,48,16,709,3.8615510261951855e-9,0.006832906417423647,0.06604589073226898
L48T16beta4.30ms0.026930m0.000939,4.3,202.52,48,16,710,3.861581175321007e-9,0.006832959765457612,0.06604640638669285
L48T16beta4.30ms0.026930m0.000939,4.3,202.52,48,16,711,3.861611324446827e-9,0.006833013113491576,0.0660469220411167
L48T16beta4.30ms0.026930m0.000939,4.3,202.52,48,16,712,3.861641473572647e-9,0.00683306646152554,0.06604743769554056
L48T16beta4.30ms0.026930m0.000939,4.3,202.52,48,16,713,3.8616716226984684e-9,0.006833119809559504,0.06604795334996443
L48T16beta4.30ms0.026930m0.000939,4.3,202.52,48,16,714,3.861701771824289e-9,0.0068331731575934675,0.06604846900438828
L48T16beta4.30ms0.026930m0.000939,4.3,202.52,48,16,715,3.861731920950109e-9,0.006833226505627432,0.06604898465881215
L48T16beta4.30ms0.026930m0.000939,4.3,202.52,48,16,716,3.86176207007593e-9,0.006833279853661396,0.066049500313236
L48T16beta4.30ms0.026930m0.000939,4.3,202.52,48,16,717,3.8617922192017506e-9,0.00683333320169536,0.06605001596765986
L48T16beta4.30ms0.026930m0.000939,4.3,202.52,48,16,718,3.861822368327571e-9,0.006833386549729324,0.06605053162208373
L48T16beta4.30ms0.026930m0.000939,4.3,202.52,48,16,719,3.861852517453391e-9,0.0068334398977632875,0.06605104727650758
L48T16beta4.30ms0.026930m0.000939,4.3,202.52,48,16,720,3.861882666579212e-9,0.006833493245797252,0.06605156293093144
L48T16beta4.30ms0.026930m0.000939,4.3,202.52,48,16,721,3.861912815705033e-9,0.006833546593831216,0.0660520785853553
L48T16beta4.30ms0.026930m0.000939,4.3,202.52,48,16,722,3.861942964830853e-9,0.00683359994186518,0.06605259423977916
L48T16beta4.30ms0.026930m0.000939,4.3,202.52,48,16,723,3.861973113956674e-9,0.006833653289899144,0.06605310989420303
L48T16beta4.30ms0.026930m0.000939,4.3,202.52,48,16,724,3.8620032630824945e-9,0.006833706637933108,0.06605362554862688
L48T16beta4.30ms0.026930m0.000939,4.3,202.52,48,16,725,3.862033412208315e-9,0.006833759985967072,0.06605414120305074
L48T16beta4.30ms0.026930m0.000939,4.3,202.52,48,16,726,3.862063561334136e-9,0.006833813334001036,0.06605465685747461
L48T16beta4.30ms0.026930m0.000939,4.3,202.52,48,16,727,3.862093710459956e-9,0.006833866682035,0.06605517251189846
L48T16beta4.30ms0.026930m0.000939,4.3,202.52,48,16,728,3.8621238595857774e-9,0.006833920030068964,0.06605568816632233
L48T16beta4.30ms0.026930m0.000939,4.3,202.52,48,16,729,3.862154008711598e-9,0.0068339733781029284,0.06605620382074619
L48T16beta4.30ms0.026930m0.000939,4.3,202.52,48,16,730,3.862184157837418e-9,0.006834026726136892,0.06605671947517004
L48T16beta4.30ms0.026930m0.000939,4.3,202.52,48,16,731,3.862214306963239e-9,0.006834080074170856,0.06605723512959391
L48T16beta4.30ms0.026930m0.000939,4.3,202.52,48,16,732,3.8622444560890596e-9,0.00683413342220482,0.06605775078401777
L48T16beta4.30ms0.026930m0.000939,4.3,202.52,48,16,733,3.86227460521488e-9,0.006834186770238784,0.06605826643844163
L48T16beta4.30ms0.026930m0.000939,4.3,202.52,48,16,734,3.862304754340701e-9,0.0068342401182727485,0.06605878209286549
L48T16beta4.30ms0.026930m0.000939,4.3,202.52,48,16,735,3.862334903466521e-9,0.006834293466306712,0.06605929774728934
L48T16beta4.30ms0.026930m0.000939,4.3,202.52,48,16,736,3.862365052592342e-9,0.006834346814340676,0.06605981340171321
L48T16beta4.30ms0.026930m0.000939,4.3,202.52,48,16,737,3.862395201718163e-9,0.006834400162374641,0.06606032905613707
L48T16beta4.30ms0.026930m0.000939,4.3,202.52,48,16,738,3.862425350843983e-9,0.006834453510408604,0.06606084471056094
L48T16beta4.30ms0.026930m0.000939,4.3,202.52,48,16,739,3.8624554999698035e-9,0.0068345068584425685,0.06606136036498479
L48T16beta4.30ms0.026930m0.000939,4.3,202.52,48,16,740,3.862485649095624e-9,0.006834560206476532,0.06606187601940865
L48T16beta4.30ms0.026930m0.000939,4.3,202.52,48,16,741,3.862515798221445e-9,0.006834613554510496,0.06606239167383252
L48T16beta4.30ms0.026930m0.000939,4.3,202.52,48,16,742,3.862545947347265e-9,0.006834666902544461,0.06606290732825637
L48T16beta4.30ms0.026930m0.000939,4.3,202.52,48,16,743,3.862576096473086e-9,0.006834720250578424,0.06606342298268024
L48T16beta4.30ms0.026930m0.000939,4.3,202.52,48,16,744,3.862606245598907e-9,0.0068347735986123885,0.0660639386371041
L48T16beta4.30ms0.026930m0.000939,4.3,202.52,48,16,745,3.862636394724727e-9,0.006834826946646352,0.06606445429152795
L48T16beta4.30ms0.026930m0.000939,4.3,202.52,48,16,746,3.8626665438505474e-9,0.006834880294680316,0.06606496994595182
L48T16beta4.30ms0.026930m0.000939,4.3,202.52,48,16,747,3.8626966929763686e-9,0.006834933642714281,0.06606548560037567
L48T16beta4.30ms0.026930m0.000939,4.3,202.52,48,16,748,3.862726842102189e-9,0.006834986990748244,0.06606600125479954
L48T16beta4.30ms0.026930m0.000939,4.3,202.52,48,16,749,3.862756991228009e-9,0.006835040338782209,0.0660665169092234
L48T16beta4.30ms0.026930m0.000939,4.3,202.52,48,16,750,3.86278714035383e-9,0.006835093686816173,0.06606703256364725
L48T16beta4.30ms0.026930m0.000939,4.3,202.52,48,16,751,3.862817289479651e-9,0.006835147034850136,0.06606754821807112
L48T16beta4.30ms0.026930m0.000939,4.3,202.52,48,16,752,3.862847438605472e-9,0.006835200382884101,0.06606806387249498
L48T16beta4.30ms0.026930m0.000939,4.3,202.52,48,16,753,3.862877587731291e-9,0.006835253730918064,0.06606857952691884
L48T16beta4.30ms0.026930m0.000939,4.3,202.52,48,16,754,3.8629077368571125e-9,0.006835307078952029,0.0660690951813427
L48T16beta4.30ms0.026930m0.000939,4.3,202.52,48,16,755,3.862937885982934e-9,0.006835360426985993,0.06606961083576655
L48T16beta4.30ms0.026930m0.000939,4.3,202.52,48,16,756,3.862968035108754e-9,0.0068354137750199565,0.06607012649019042
L48T16beta4.30ms0.026930m0.000939,4.3,202.52,48,16,757,3.862998184234574e-9,0.006835467123053921,0.06607064214461428
L48T16beta4.30ms0.026930m0.000939,4.3,202.52,48,16,758,3.863028333360395e-9,0.006835520471087884,0.06607115779903815
L48T16beta4.30ms0.026930m0.000939,4.3,202.52,48,16,759,3.863058482486216e-9,0.006835573819121849,0.066071673453462
L48T16beta4.30ms0.026930m0.000939,4.3,202.52,48,16,760,3.863088631612036e-9,0.006835627167155813,0.06607218910788586
L48T16beta4.30ms0.026930m0.000939,4.3,202.52,48,16,761,3.8631187807378564e-9,0.0068356805151897765,0.06607270476230973
L48T16beta4.30ms0.026930m0.000939,4.3,202.52,48,16,762,3.8631489298636776e-9,0.006835733863223741,0.06607322041673358
L48T16beta4.30ms0.026930m0.000939,4.3,202.52,48,16,763,3.863179078989498e-9,0.006835787211257704,0.06607373607115745
L48T16beta4.30ms0.026930m0.000939,4.3,202.52,48,16,764,3.863209228115318e-9,0.006835840559291669,0.0660742517255813
L48T16beta4.30ms0.026930m0.000939,4.3,202.52,48,16,765,3.863239377241139e-9,0.006835893907325633,0.06607476738000516
L48T16beta4.30ms0.026930m0.000939,4.3,202.52,48,16,766,3.86326952636696e-9,0.0068359472553595965,0.06607528303442903
L48T16beta4.30ms0.026930m0.000939,4.3,202.52,48,16,767,3.86329967549278e-9,0.006836000603393561,0.06607579868885288
L48T16beta4.30ms0.026930m0.000939,4.3,202.52,48,16,768,3.863329824618601e-9,0.006836053951427525,0.06607631434327675
L48T16beta4.30ms0.026930m0.000939,4.3,202.52,48,16,769,3.8633599737444215e-9,0.006836107299461489,0.0660768299977006
L48T16beta4.30ms0.026930m0.000939,4.3,202.52,48,16,770,3.863390122870242e-9,0.006836160647495453,0.06607734565212446
L48T16beta4.30ms0.026930m0.000939,4.3,202.52,48,16,771,3.863420271996062e-9,0.0068362139955294166,0.06607786130654833
L48T16beta4.30ms0.026930m0.000939,4.3,202.52,48,16,772,3.863450421121883e-9,0.006836267343563381,0.06607837696097218
L48T16beta4.30ms0.026930m0.000939,4.3,202.52,48,16,773,3.863480570247704e-9,0.006836320691597345,0.06607889261539605
L48T16beta4.30ms0.026930m0.000939,4.3,202.52,48,16,774,3.863510719373524e-9,0.006836374039631309,0.06607940826981991
L48T16beta4.30ms0.026930m0.000939,4.3,202.52,48,16,775,3.863540868499345e-9,0.006836427387665273,0.06607992392424376
L48T16beta4.30ms0.026930m0.000939,4.3,202.52,48,16,776,3.8635710176251654e-9,0.006836480735699237,0.06608043957866763
L48T16beta4.30ms0.026930m0.000939,4.3,202.52,48,16,777,3.863601166750986e-9,0.006836534083733201,0.06608095523309149
L48T16beta4.30ms0.026930m0.000939,4.3,202.52,48,16,778,3.863631315876807e-9,0.006836587431767165,0.06608147088751536
L48T16beta4.30ms0.026930m0.000939,4.3,202.52,48,16,779,3.863661465002627e-9,0.006836640779801129,0.06608198654193921
L48T16beta4.30ms0.026930m0.000939,4.3,202.52,48,16,780,3.863691614128448e-9,0.006836694127835093,0.06608250219636307
L48T16beta4.30ms0.026930m0.000939,4.3,202.52,48,16,781,3.863721763254269e-9,0.0068367474758690575,0.06608301785078693
L48T16beta4.30ms0.026930m0.000939,4.3,202.52,48,16,782,3.863751912380089e-9,0.006836800823903021,0.06608353350521079
L48T16beta4.30ms0.026930m0.000939,4.3,202.52,48,16,783,3.86378206150591e-9,0.006836854171936985,0.06608404915963466
L48T16beta4.30ms0.026930m0.000939,4.3,202.52,48,16,784,3.8638122106317305e-9,0.006836907519970949,0.06608456481405851
L48T16beta4.30ms0.026930m0.000939,4.3,202.52,48,16,785,3.863842359757551e-9,0.006836960868004913,0.06608508046848237
L48T16beta4.30ms0.026930m0.000939,4.3,202.52,48,16,786,3.863872508883372e-9,0.0068370142160388775,0.06608559612290624
L48T16beta4.30ms0.026930m0.000939,4.3,202.52,48,16,787,3.863902658009192e-9,0.006837067564072841,0.06608611177733009
L48T16beta4.30ms0.026930m0.000939,4.3,202.52,48,16,788,3.863932807135013e-9,0.006837120912106805,0.06608662743175396
L48T16beta4.30ms0.026930m0.000939,4.3,202.52,48,16,789,3.863962956260833e-9,0.006837174260140769,0.06608714308617782
L48T16beta4.30ms0.026930m0.000939,4.3,202.52,48,16,790,3.863993105386654e-9,0.006837227608174733,0.06608765874060167
L48T16beta4.30ms0.026930m0.000939,4.3,202.52,48,16,791,3.864023254512474e-9,0.0068372809562086976,0.06608817439502554
L48T16beta4.30ms0.026930m0.000939,4.3,202.52,48,16,792,3.864053403638295e-9,0.006837334304242661,0.0660886900494494
L48T16beta4.30ms0.026930m0.000939,4.3,202.52,48,16,793,3.864083552764116e-9,0.006837387652276625,0.06608920570387326
L48T16beta4.30ms0.026930m0.000939,4.3,202.52,48,16,794,3.864113701889936e-9,0.006837441000310589,0.06608972135829712
L48T16beta4.30ms0.026930m0.000939,4.3,202.52,48,16,795,3.8641438510157565e-9,0.006837494348344553,0.06609023701272097
L48T16beta4.30ms0.026930m0.000939,4.3,202.52,48,16,796,3.864174000141578e-9,0.006837547696378518,0.06609075266714484
L48T16beta4.30ms0.026930m0.000939,4.3,202.52,48,16,797,3.864204149267398e-9,0.006837601044412481,0.0660912683215687
L48T16beta4.30ms0.026930m0.000939,4.3,202.52,48,16,798,3.864234298393218e-9,0.0068376543924464454,0.06609178397599257
L48T16beta4.30ms0.026930m0.000939,4.3,202.52,48,16,799,3.8642644475190395e-9,0.00683770774048041,0.06609229963041642
L48T16beta4.30ms0.026930m0.000939,4.3,202.52,48,16,800,3.86429459664486e-9,0.006837761088514373,0.06609281528484028
L48T16beta4.30ms0.026930m0.000939,4.3,202.52,48,16,801,3.86432474577068e-9,0.006837814436548338,0.06609333093926414
L48T16beta4.30ms0.026930m0.000939,4.3,202.52,48,16,802,3.8643548948965005e-9,0.006837867784582301,0.066093846593688
L48T16beta4.30ms0.026930m0.000939,4.3,202.52,48,16,803,3.864385044022322e-9,0.0068379211326162655,0.06609436224811187
L48T16beta4.30ms0.026930m0.000939,4.3,202.52,48,16,804,3.864415193148143e-9,0.00683797448065023,0.06609487790253572
L48T16beta4.30ms0.026930m0.000939,4.3,202.52,48,16,805,3.864445342273963e-9,0.006838027828684193,0.06609539355695958
L48T16beta4.30ms0.026930m0.000939,4.3,202.52,48,16,806,3.864475491399783e-9,0.006838081176718158,0.06609590921138345
L48T16beta4.30ms0.026930m0.000939,4.3,202.52,48,16,807,3.864505640525604e-9,0.006838134524752121,0.0660964248658073
L48T16beta4.30ms0.026930m0.000939,4.3,202.52,48,16,808,3.864535789651425e-9,0.0068381878727860855,0.06609694052023116
L48T16beta4.30ms0.026930m0.000939,4.3,202.52,48,16,809,3.864565938777245e-9,0.00683824122082005,0.06609745617465503
L48T16beta4.30ms0.026930m0.000939,4.3,202.52,48,16,810,3.8645960879030655e-9,0.006838294568854013,0.06609797182907888
L48T16beta4.30ms0.026930m0.000939,4.3,202.52,48,16,811,3.864626237028887e-9,0.006838347916887978,0.06609848748350275
L48T16beta4.30ms0.026930m0.000939,4.3,202.52,48,16,812,3.864656386154707e-9,0.006838401264921942,0.0660990031379266
L48T16beta4.30ms0.026930m0.000939,4.3,202.52,48,16,813,3.864686535280527e-9,0.0068384546129559055,0.06609951879235046
L48T16beta4.30ms0.026930m0.000939,4.3,202.52,48,16,814,3.8647166844063485e-9,0.00683850796098987,0.06610003444677433
L48T16beta4.30ms0.026930m0.000939,4.3,202.52,48,16,815,3.864746833532169e-9,0.006838561309023833,0.06610055010119818
L48T16beta4.30ms0.026930m0.000939,4.3,202.52,48,16,816,3.864776982657989e-9,0.006838614657057798,0.06610106575562205
L48T16beta4.30ms0.026930m0.000939,4.3,202.52,48,16,817,3.86480713178381e-9,0.006838668005091762,0.0661015814100459
L48T16beta4.30ms0.026930m0.000939,4.3,202.52,48,16,818,3.864837280909631e-9,0.006838721353125726,0.06610209706446976
L48T16beta4.30ms0.026930m0.000939,4.3,202.52,48,16,819,3.864867430035451e-9,0.00683877470115969,0.06610261271889363
L48T16beta4.30ms0.026930m0.000939,4.3,202.52,48,16,820,3.864897579161271e-9,0.006838828049193653,0.06610312837331749
L48T16beta4.30ms0.026930m0.000939,4.3,202.52,48,16,821,3.864927728287092e-9,0.006838881397227618,0.06610364402774135
L48T16beta4.30ms0.026930m0.000939,4.3,202.52,48,16,822,3.864957877412913e-9,0.006838934745261582,0.06610415968216521
L48T16beta4.30ms0.026930m0.000939,4.3,202.52,48,16,823,3.864988026538733e-9,0.006838988093295546,0.06610467533658906
L48T16beta4.30ms0.026930m0.000939,4.3,202.52,48,16,824,3.865018175664554e-9,0.00683904144132951,0.06610519099101293
L48T16beta4.30ms0.026930m0.000939,4.3,202.52,48,16,825,3.8650483247903745e-9,0.006839094789363474,0.06610570664543679
L48T16beta4.30ms0.026930m0.000939,4.3,202.52,48,16,826,3.865078473916195e-9,0.006839148137397438,0.06610622229986066
L48T16beta4.30ms0.026930m0.000939,4.3,202.52,48,16,827,3.865108623042016e-9,0.006839201485431402,0.06610673795428451
L48T16beta4.30ms0.026930m0.000939,4.3,202.52,48,16,828,3.865138772167836e-9,0.006839254833465366,0.06610725360870837
L48T16beta4.30ms0.026930m0.000939,4.3,202.52,48,16,829,3.8651689212936575e-9,0.00683930818149933,0.06610776926313224
L48T16beta4.30ms0.026930m0.000939,4.3,202.52,48,16,830,3.865199070419478e-9,0.006839361529533294,0.06610828491755609
L48T16beta4.30ms0.026930m0.000939,4.3,202.52,48,16,831,3.865229219545298e-9,0.006839414877567258,0.06610880057197996
L48T16beta4.30ms0.026930m0.000939,4.3,202.52,48,16,832,3.865259368671119e-9,0.006839468225601222,0.06610931622640381
L48T16beta4.30ms0.026930m0.000939,4.3,202.52,48,16,833,3.86528951779694e-9,0.006839521573635186,0.06610983188082767
L48T16beta4.30ms0.026930m0.000939,4.3,202.52,48,16,834,3.86531966692276e-9,0.00683957492166915,0.06611034753525154
L48T16beta4.30ms0.026930m0.000939,4.3,202.52,48,16,835,3.865349816048581e-9,0.006839628269703114,0.06611086318967539
L48T16beta4.30ms0.026930m0.000939,4.3,202.52,48,16,836,3.865379965174401e-9,0.006839681617737078,0.06611137884409926
L48T16beta4.30ms0.026930m0.000939,4.3,202.52,48,16,837,3.865410114300222e-9,0.006839734965771042,0.06611189449852312
L48T16beta4.30ms0.026930m0.000939,4.3,202.52,48,16,838,3.865440263426042e-9,0.006839788313805006,0.06611241015294697
L48T16beta4.30ms0.026930m0.000939,4.3,202.52,48,16,839,3.865470412551863e-9,0.00683984166183897,0.06611292580737084
L48T16beta4.30ms0.026930m0.000939,4.3,202.52,48,16,840,3.8655005616776835e-9,0.006839895009872934,0.0661134414617947
L48T16beta4.30ms0.026930m0.000939,4.3,202.52,48,16,841,3.865530710803504e-9,0.006839948357906898,0.06611395711621856
L48T16beta4.30ms0.026930m0.000939,4.3,202.52,48,16,842,3.865560859929325e-9,0.006840001705940862,0.06611447277064242
L48T16beta4.30ms0.026930m0.000939,4.3,202.52,48,16,843,3.865591009055145e-9,0.006840055053974827,0.06611498842506627
L48T16beta4.30ms0.026930m0.000939,4.3,202.52,48,16,844,3.865621158180966e-9,0.00684010840200879,0.06611550407949014
L48T16beta4.30ms0.026930m0.000939,4.3,202.52,48,16,845,3.865651307306787e-9,0.0068401617500427545,0.066116019733914
L48T16beta4.30ms0.026930m0.000939,4.3,202.52,48,16,846,3.865681456432607e-9,0.006840215098076718,0.06611653538833787
L48T16beta4.30ms0.026930m0.000939,4.3,202.52,48,16,847,3.8657116055584275e-9,0.006840268446110682,0.06611705104276172
L48T16beta4.30ms0.026930m0.000939,4.3,202.52,48,16,848,3.865741754684249e-9,0.006840321794144647,0.06611756669718558
L48T16beta4.30ms0.026930m0.000939,4.3,202.52,48,16,849,3.865771903810069e-9,0.00684037514217861,0.06611808235160944
L48T16beta4.30ms0.026930m0.000939,4.3,202.52,48,16,850,3.865802052935889e-9,0.0068404284902125745,0.0661185980060333
L48T16beta4.30ms0.026930m0.000939,4.3,202.52,48,16,851,3.8658322020617096e-9,0.006840481838246538,0.06611911366045717
L48T16beta4.30ms0.026930m0.000939,4.3,202.52,48,16,852,3.865862351187531e-9,0.006840535186280502,0.06611962931488102
L48T16beta4.30ms0.026930m0.000939,4.3,202.52,48,16,853,3.865892500313352e-9,0.006840588534314467,0.06612014496930488
L48T16beta4.30ms0.026930m0.000939,4.3,202.52,48,16,854,3.865922649439171e-9,0.00684064188234843,0.06612066062372875
L48T16beta4.30ms0.026930m0.000939,4.3,202.52,48,16,855,3.8659527985649925e-9,0.0068406952303823945,0.0661211762781526
L48T16beta4.30ms0.026930m0.000939,4.3,202.52,48,16,856,3.865982947690814e-9,0.006840748578416359,0.06612169193257647
L48T16beta4.30ms0.026930m0.000939,4.3,202.52,48,16,857,3.866013096816634e-9,0.006840801926450322,0.06612220758700033
L48T16beta4.30ms0.026930m0.000939,4.3,202.52,48,16,858,3.866043245942454e-9,0.006840855274484287,0.06612272324142418
L48T16beta4.30ms0.026930m0.000939,4.3,202.52,48,16,859,3.866073395068275e-9,0.00684090862251825,0.06612323889584805
L48T16beta4.30ms0.026930m0.000939,4.3,202.52,48,16,860,3.866103544194096e-9,0.0068409619705522146,0.0661237545502719
L48T16beta4.30ms0.026930m0.000939,4.3,202.52,48,16,861,3.866133693319916e-9,0.006841015318586179,0.06612427020469577
L48T16beta4.30ms0.026930m0.000939,4.3,202.52,48,16,862,3.8661638424457365e-9,0.006841068666620142,0.06612478585911963
L48T16beta4.30ms0.026930m0.000939,4.3,202.52,48,16,863,3.866193991571558e-9,0.006841122014654107,0.06612530151354348
L48T16beta4.30ms0.026930m0.000939,4.3,202.52,48,16,864,3.866224140697378e-9,0.00684117536268807,0.06612581716796735
L48T16beta4.30ms0.026930m0.000939,4.3,202.52,48,16,865,3.866254289823198e-9,0.006841228710722035,0.0661263328223912
L48T16beta4.30ms0.026930m0.000939,4.3,202.52,48,16,866,3.866284438949019e-9,0.006841282058755999,0.06612684847681508
L48T16beta4.30ms0.026930m0.000939,4.3,202.52,48,16,867,3.86631458807484e-9,0.006841335406789962,0.06612736413123893
L48T16beta4.30ms0.026930m0.000939,4.3,202.52,48,16,868,3.86634473720066e-9,0.006841388754823927,0.06612787978566279
L48T16beta4.30ms0.026930m0.000939,4.3,202.52,48,16,869,3.866374886326481e-9,0.006841442102857891,0.06612839544008665
L48T16beta4.30ms0.026930m0.000939,4.3,202.52,48,16,870,3.8664050354523015e-9,0.006841495450891855,0.06612891109451051
L48T16beta4.30ms0.026930m0.000939,4.3,202.52,48,16,871,3.866435184578122e-9,0.006841548798925819,0.06612942674893438
L48T16beta4.30ms0.026930m0.000939,4.3,202.52,48,16,872,3.866465333703942e-9,0.0068416021469597825,0.06612994240335823
L48T16beta4.30ms0.026930m0.000939,4.3,202.52,48,16,873,3.866495482829763e-9,0.006841655494993747,0.06613045805778209
L48T16beta4.30ms0.026930m0.000939,4.3,202.52,48,16,874,3.866525631955584e-9,0.006841708843027711,0.06613097371220596
L48T16beta4.30ms0.026930m0.000939,4.3,202.52,48,16,875,3.866555781081404e-9,0.006841762191061675,0.06613148936662981
L48T16beta4.30ms0.026930m0.000939,4.3,202.52,48,16,876,3.866585930207225e-9,0.006841815539095639,0.06613200502105368
L48T16beta4.30ms0.026930m0.000939,4.3,202.52,48,16,877,3.8666160793330455e-9,0.0068418688871296025,0.06613252067547754
L48T16beta4.30ms0.026930m0.000939,4.3,202.52,48,16,878,3.866646228458866e-9,0.006841922235163567,0.06613303632990139
L48T16beta4.30ms0.026930m0.000939,4.3,202.52,48,16,879,3.866676377584687e-9,0.006841975583197531,0.06613355198432526
L48T16beta4.30ms0.026930m0.000939,4.3,202.52,48,16,880,3.866706526710507e-9,0.006842028931231495,0.06613406763874911
L48T16beta4.30ms0.026930m0.000939,4.3,202.52,48,16,881,3.866736675836328e-9,0.006842082279265459,0.06613458329317298
L48T16beta4.30ms0.026930m0.000939,4.3,202.52,48,16,882,3.866766824962149e-9,0.0068421356272994225,0.06613509894759684
L48T16beta4.30ms0.026930m0.000939,4.3,202.52,48,16,883,3.866796974087969e-9,0.006842188975333387,0.06613561460202069
L48T16beta4.30ms0.026930m0.000939,4.3,202.52,48,16,884,3.86682712321379e-9,0.006842242323367351,0.06613613025644456
L48T16beta4.30ms0.026930m0.000939,4.3,202.52,48,16,885,3.8668572723396105e-9,0.006842295671401315,0.06613664591086842
L48T16beta4.30ms0.026930m0.000939,4.3,202.52,48,16,886,3.866887421465431e-9,0.006842349019435279,0.06613716156529229
L48T16beta4.30ms0.026930m0.000939,4.3,202.52,48,16,887,3.866917570591252e-9,0.0068424023674692434,0.06613767721971614
L48T16beta4.30ms0.026930m0.000939,4.3,202.52,48,16,888,3.866947719717072e-9,0.006842455715503207,0.06613819287414
L48T16beta4.30ms0.026930m0.000939,4.3,202.52,48,16,889,3.866977868842893e-9,0.006842509063537171,0.06613870852856386
L48T16beta4.30ms0.026930m0.000939,4.3,202.52,48,16,890,3.867008017968713e-9,0.006842562411571135,0.06613922418298772
L48T16beta4.30ms0.026930m0.000939,4.3,202.52,48,16,891,3.867038167094534e-9,0.006842615759605099,0.06613973983741159
L48T16beta4.30ms0.026930m0.000939,4.3,202.52,48,16,892,3.8670683162203545e-9,0.0068426691076390635,0.06614025549183544
L48T16beta4.30ms0.026930m0.000939,4.3,202.52,48,16,893,3.867098465346175e-9,0.006842722455673027,0.0661407711462593
L48T16beta4.30ms0.026930m0.000939,4.3,202.52,48,16,894,3.867128614471996e-9,0.006842775803706991,0.06614128680068317
L48T16beta4.30ms0.026930m0.000939,4.3,202.52,48,16,895,3.867158763597816e-9,0.006842829151740955,0.06614180245510702
L48T16beta4.30ms0.026930m0.000939,4.3,202.52,48,16,896,3.8671889127236366e-9,0.006842882499774919,0.06614231810953088
L48T16beta4.30ms0.026930m0.000939,4.3,202.52,48,16,897,3.867219061849458e-9,0.0068429358478088835,0.06614283376395474
L48T16beta4.30ms0.026930m0.000939,4.3,202.52,48,16,898,3.867249210975278e-9,0.006842989195842847,0.0661433494183786
L48T16beta4.30ms0.026930m0.000939,4.3,202.52,48,16,899,3.867279360101098e-9,0.006843042543876811,0.06614386507280247
L48T16beta4.30ms0.026930m0.000939,4.3,202.52,48,16,900,3.8673095092269195e-9,0.006843095891910776,0.06614438072722632
L48T16beta4.30ms0.026930m0.000939,4.3,202.52,48,16,901,3.86733965835274e-9,0.006843149239944739,0.06614489638165018
L48T16beta4.30ms0.026930m0.000939,4.3,202.52,48,16,902,3.86736980747856e-9,0.0068432025879787035,0.06614541203607405
L48T16beta4.30ms0.026930m0.000939,4.3,202.52,48,16,903,3.8673999566043805e-9,0.006843255936012667,0.0661459276904979
L48T16beta4.30ms0.026930m0.000939,4.3,202.52,48,16,904,3.867430105730202e-9,0.006843309284046631,0.06614644334492177
L48T16beta4.30ms0.026930m0.000939,4.3,202.52,48,16,905,3.867460254856023e-9,0.006843362632080596,0.06614695899934563
L48T16beta4.30ms0.026930m0.000939,4.3,202.52,48,16,906,3.867490403981843e-9,0.006843415980114559,0.06614747465376948
L48T16beta4.30ms0.026930m0.000939,4.3,202.52,48,16,907,3.8675205531076635e-9,0.006843469328148524,0.06614799030819335
L48T16beta4.30ms0.026930m0.000939,4.3,202.52,48,16,908,3.867550702233484e-9,0.006843522676182487,0.0661485059626172
L48T16beta4.30ms0.026930m0.000939,4.3,202.52,48,16,909,3.867580851359305e-9,0.006843576024216451,0.06614902161704107
L48T16beta4.30ms0.026930m0.000939,4.3,202.52,48,16,910,3.867611000485125e-9,0.006843629372250416,0.06614953727146493
L48T16beta4.30ms0.026930m0.000939,4.3,202.52,48,16,911,3.8676411496109456e-9,0.006843682720284379,0.06615005292588878
L48T16beta4.30ms0.026930m0.000939,4.3,202.52,48,16,912,3.867671298736767e-9,0.006843736068318344,0.06615056858031265
L48T16beta4.30ms0.026930m0.000939,4.3,202.52,48,16,913,3.867701447862587e-9,0.006843789416352307,0.0661510842347365
L48T16beta4.30ms0.026930m0.000939,4.3,202.52,48,16,914,3.867731596988407e-9,0.0068438427643862714,0.06615159988916038
L48T16beta4.30ms0.026930m0.000939,4.3,202.52,48,16,915,3.8677617461142285e-9,0.006843896112420236,0.06615211554358423
L48T16beta4.30ms0.026930m0.000939,4.3,202.52,48,16,916,3.867791895240049e-9,0.006843949460454199,0.06615263119800809
L48T16beta4.30ms0.026930m0.000939,4.3,202.52,48,16,917,3.867822044365869e-9,0.006844002808488164,0.06615314685243195
L48T16beta4.30ms0.026930m0.000939,4.3,202.52,48,16,918,3.86785219349169e-9,0.006844056156522128,0.06615366250685581
L48T16beta4.30ms0.026930m0.000939,4.3,202.52,48,16,919,3.867882342617511e-9,0.0068441095045560915,0.06615417816127968
L48T16beta4.30ms0.026930m0.000939,4.3,202.52,48,16,920,3.867912491743331e-9,0.006844162852590056,0.06615469381570353
L48T16beta4.30ms0.026930m0.000939,4.3,202.52,48,16,921,3.867942640869151e-9,0.006844216200624019,0.06615520947012739
L48T16beta4.30ms0.026930m0.000939,4.3,202.52,48,16,922,3.8679727899949725e-9,0.006844269548657984,0.06615572512455126
L48T16beta4.30ms0.026930m0.000939,4.3,202.52,48,16,923,3.868002939120793e-9,0.006844322896691948,0.06615624077897511
L48T16beta4.30ms0.026930m0.000939,4.3,202.52,48,16,924,3.868033088246613e-9,0.0068443762447259115,0.06615675643339898
L48T16beta4.30ms0.026930m0.000939,4.3,202.52,48,16,925,3.868063237372434e-9,0.006844429592759876,0.06615727208782284
L48T16beta4.30ms0.026930m0.000939,4.3,202.52,48,16,926,3.8680933864982546e-9,0.006844482940793839,0.06615778774224669
L48T16beta4.30ms0.026930m0.000939,4.3,202.52,48,16,927,3.868123535624075e-9,0.006844536288827804,0.06615830339667056
L48T16beta4.30ms0.026930m0.000939,4.3,202.52,48,16,928,3.868153684749896e-9,0.006844589636861768,0.06615881905109441
L48T16beta4.30ms0.026930m0.000939,4.3,202.52,48,16,929,3.868183833875716e-9,0.0068446429848957316,0.06615933470551828
L48T16beta4.30ms0.026930m0.000939,4.3,202.52,48,16,930,3.8682139830015375e-9,0.006844696332929696,0.06615985035994214
L48T16beta4.30ms0.026930m0.000939,4.3,202.52,48,16,931,3.868244132127358e-9,0.00684474968096366,0.06616036601436599
L48T16beta4.30ms0.026930m0.000939,4.3,202.52,48,16,932,3.868274281253178e-9,0.006844803028997624,0.06616088166878986
L48T16beta4.30ms0.026930m0.000939,4.3,202.52,48,16,933,3.868304430378999e-9,0.006844856377031588,0.06616139732321372
L48T16beta4.30ms0.026930m0.000939,4.3,202.52,48,16,934,3.86833457950482e-9,0.006844909725065552,0.06616191297763759
L48T16beta4.30ms0.026930m0.000939,4.3,202.52,48,16,935,3.86836472863064e-9,0.006844963073099516,0.06616242863206144
L48T16beta4.30ms0.026930m0.000939,4.3,202.52,48,16,936,3.868394877756461e-9,0.00684501642113348,0.0661629442864853
L48T16beta4.30ms0.026930m0.000939,4.3,202.52,48,16,937,3.8684250268822814e-9,0.006845069769167444,0.06616345994090916
L48T16beta4.30ms0.026930m0.000939,4.3,202.52,48,16,938,3.868455176008102e-9,0.006845123117201408,0.06616397559533302
L48T16beta4.30ms0.026930m0.000939,4.3,202.52,48,16,939,3.868485325133922e-9,0.006845176465235372,0.06616449124975689
L48T16beta4.30ms0.026930m0.000939,4.3,202.52,48,16,940,3.868515474259743e-9,0.006845229813269336,0.06616500690418074
L48T16beta4.30ms0.026930m0.000939,4.3,202.52,48,16,941,3.8685456233855636e-9,0.0068452831613033,0.0661655225586046
L48T16beta4.30ms0.026930m0.000939,4.3,202.52,48,16,942,3.868575772511384e-9,0.006845336509337264,0.06616603821302847
L48T16beta4.30ms0.026930m0.000939,4.3,202.52,48,16,943,3.868605921637205e-9,0.006845389857371228,0.06616655386745232
L48T16beta4.30ms0.026930m0.000939,4.3,202.52,48,16,944,3.868636070763025e-9,0.0068454432054051925,0.06616706952187619
L48T16beta4.30ms0.026930m0.000939,4.3,202.52,48,16,945,3.868666219888846e-9,0.006845496553439156,0.06616758517630004
L48T16beta4.30ms0.026930m0.000939,4.3,202.52,48,16,946,3.868696369014667e-9,0.00684554990147312,0.0661681008307239
L48T16beta4.30ms0.026930m0.000939,4.3,202.52,48,16,947,3.868726518140487e-9,0.006845603249507084,0.06616861648514777
L48T16beta4.30ms0.026930m0.000939,4.3,202.52,48,16,948,3.8687566672663075e-9,0.006845656597541048,0.06616913213957162
L48T16beta4.30ms0.026930m0.000939,4.3,202.52,48,16,949,3.868786816392129e-9,0.0068457099455750126,0.06616964779399549
L48T16beta4.30ms0.026930m0.000939,4.3,202.52,48,16,950,3.868816965517949e-9,0.006845763293608976,0.06617016344841935
L48T16beta4.30ms0.026930m0.000939,4.3,202.52,48,16,951,3.868847114643769e-9,0.00684581664164294,0.0661706791028432
L48T16beta4.30ms0.026930m0.000939,4.3,202.52,48,16,952,3.86887726376959e-9,0.006845869989676904,0.06617119475726707
L48T16beta4.30ms0.026930m0.000939,4.3,202.52,48,16,953,3.868907412895411e-9,0.006845923337710868,0.06617171041169093
L48T16beta4.30ms0.026930m0.000939,4.3,202.52,48,16,954,3.868937562021232e-9,0.006845976685744833,0.0661722260661148
L48T16beta4.30ms0.026930m0.000939,4.3,202.52,48,16,955,3.8689677111470514e-9,0.006846030033778796,0.06617274172053865
L48T16beta4.30ms0.026930m0.000939,4.3,202.52,48,16,956,3.8689978602728726e-9,0.00684608338181276,0.0661732573749625
L48T16beta4.30ms0.026930m0.000939,4.3,202.52,48,16,957,3.869028009398693e-9,0.006846136729846724,0.06617377302938637
L48T16beta4.30ms0.026930m0.000939,4.3,202.52,48,16,958,3.869058158524514e-9,0.006846190077880688,0.06617428868381023
L48T16beta4.30ms0.026930m0.000939,4.3,202.52,48,16,959,3.869088307650334e-9,0.006846243425914653,0.0661748043382341
L48T16beta4.30ms0.026930m0.000939,4.3,202.52,48,16,960,3.869118456776155e-9,0.006846296773948616,0.06617531999265795
L48T16beta4.30ms0.026930m0.000939,4.3,202.52,48,16,961,3.869148605901976e-9,0.0068463501219825805,0.06617583564708181
L48T16beta4.30ms0.026930m0.000939,4.3,202.52,48,16,962,3.869178755027796e-9,0.006846403470016545,0.06617635130150568
L48T16beta4.30ms0.026930m0.000939,4.3,202.52,48,16,963,3.8692089041536165e-9,0.006846456818050508,0.06617686695592953
L48T16beta4.30ms0.026930m0.000939,4.3,202.52,48,16,964,3.869239053279438e-9,0.006846510166084473,0.0661773826103534
L48T16beta4.30ms0.026930m0.000939,4.3,202.52,48,16,965,3.869269202405258e-9,0.006846563514118436,0.06617789826477725
L48T16beta4.30ms0.026930m0.000939,4.3,202.52,48,16,966,3.869299351531078e-9,0.0068466168621524005,0.06617841391920111
L48T16beta4.30ms0.026930m0.000939,4.3,202.52,48,16,967,3.8693295006568994e-9,0.006846670210186365,0.06617892957362498
L48T16beta4.30ms0.026930m0.000939,4.3,202.52,48,16,968,3.86935964978272e-9,0.006846723558220328,0.06617944522804883
L48T16beta4.30ms0.026930m0.000939,4.3,202.52,48,16,969,3.86938979890854e-9,0.006846776906254293,0.0661799608824727
L48T16beta4.30ms0.026930m0.000939,4.3,202.52,48,16,970,3.8694199480343604e-9,0.006846830254288256,0.06618047653689656
L48T16beta4.30ms0.026930m0.000939,4.3,202.52,48,16,971,3.8694500971601816e-9,0.0068468836023222205,0.06618099219132041
L48T16beta4.30ms0.026930m0.000939,4.3,202.52,48,16,972,3.869480246286002e-9,0.006846936950356185,0.06618150784574428
L48T16beta4.30ms0.026930m0.000939,4.3,202.52,48,16,973,3.869510395411822e-9,0.006846990298390148,0.06618202350016814
L48T16beta4.30ms0.026930m0.000939,4.3,202.52,48,16,974,3.869540544537643e-9,0.006847043646424113,0.066182539154592
L48T16beta4.30ms0.026930m0.000939,4.3,202.52,48,16,975,3.869570693663464e-9,0.006847096994458077,0.06618305480901586
L48T16beta4.30ms0.026930m0.000939,4.3,202.52,48,16,976,3.869600842789284e-9,0.006847150342492041,0.06618357046343971
L48T16beta4.30ms0.026930m0.000939,4.3,202.52,48,16,977,3.869630991915105e-9,0.006847203690526005,0.06618408611786358
L48T16beta4.30ms0.026930m0.000939,4.3,202.52,48,16,978,3.8696611410409255e-9,0.006847257038559968,0.06618460177228744
L48T16beta4.30ms0.026930m0.000939,4.3,202.52,48,16,979,3.869691290166746e-9,0.006847310386593933,0.0661851174267113
L48T16beta4.30ms0.026930m0.000939,4.3,202.52,48,16,980,3.869721439292567e-9,0.006847363734627897,0.06618563308113516
L48T16beta4.30ms0.026930m0.000939,4.3,202.52,48,16,981,3.869751588418387e-9,0.006847417082661861,0.06618614873555902
L48T16beta4.30ms0.026930m0.000939,4.3,202.52,48,16,982,3.8697817375442084e-9,0.006847470430695825,0.06618666438998289
L48T16beta4.30ms0.026930m0.000939,4.3,202.52,48,16,983,3.869811886670029e-9,0.0068475237787297884,0.06618718004440674
L48T16beta4.30ms0.026930m0.000939,4.3,202.52,48,16,984,3.869842035795849e-9,0.006847577126763753,0.0661876956988306
L48T16beta4.30ms0.026930m0.000939,4.3,202.52,48,16,985,3.86987218492167e-9,0.006847630474797717,0.06618821135325446
L48T16beta4.30ms0.026930m0.000939,4.3,202.52,48,16,986,3.8699023340474906e-9,0.006847683822831681,0.06618872700767832
L48T16beta4.30ms0.026930m0.000939,4.3,202.52,48,16,987,3.869932483173311e-9,0.006847737170865645,0.06618924266210219
L48T16beta4.30ms0.026930m0.000939,4.3,202.52,48,16,988,3.869962632299131e-9,0.0068477905188996085,0.06618975831652604
L48T16beta4.30ms0.026930m0.000939,4.3,202.52,48,16,989,3.869992781424952e-9,0.006847843866933573,0.0661902739709499
L48T16beta4.30ms0.026930m0.000939,4.3,202.52,48,16,990,3.870022930550773e-9,0.006847897214967537,0.06619078962537377
L48T16beta4.30ms0.026930m0.000939,4.3,202.52,48,16,991,3.870053079676593e-9,0.006847950563001501,0.06619130527979762
L48T16beta4.30ms0.026930m0.000939,4.3,202.52,48,16,992,3.870083228802414e-9,0.006848003911035465,0.06619182093422149
L48T16beta4.30ms0.026930m0.000939,4.3,202.52,48,16,993,3.8701133779282345e-9,0.006848057259069429,0.06619233658864535
L48T16beta4.30ms0.026930m0.000939,4.3,202.52,48,16,994,3.870143527054055e-9,0.006848110607103393,0.0661928522430692
L48T16beta4.30ms0.026930m0.000939,4.3,202.52,48,16,995,3.870173676179876e-9,0.006848163955137357,0.06619336789749307
L48T16beta4.30ms0.026930m0.000939,4.3,202.52,48,16,996,3.870203825305696e-9,0.006848217303171321,0.06619388355191692
L48T16beta4.30ms0.026930m0.000939,4.3,202.52,48,16,997,3.870233974431517e-9,0.006848270651205285,0.06619439920634079
L48T16beta4.30ms0.026930m0.000939,4.3,202.52,48,16,998,3.870264123557338e-9,0.006848323999239249,0.06619491486076465
L48T16beta4.30ms0.026930m0.000939,4.3,202.52,48,16,999,3.870294272683158e-9,0.006848377347273213,0.0661954305151885
L48T16beta4.30ms0.026930m0.000939,4.3,202.52,48,16,1000,3.8703244218089784e-9,0.006848430695307177,0.06619594616961237
L48T16beta4.30ms0.026930m0.000939,4.3,202.52,48,16,1001,3.870354570934799e-9,0.006848484043341141,0.06619646182403623
L48T16beta4.30ms0.026930m0.000939,4.3,202.52,48,16,1002,3.87038472006062e-9,0.006848537391375105,0.0661969774784601
L48T16beta4.30ms0.026930m0.000939,4.3,202.52,48,16,1003,3.87041486918644e-9,0.0068485907394090694,0.06619749313288395
L48T16beta4.30ms0.026930m0.000939,4.3,202.52,48,16,1004,3.8704450183122605e-9,0.006848644087443033,0.0661980087873078
L48T16beta4.30ms0.026930m0.000939,4.3,202.52,48,16,1005,3.870475167438082e-9,0.006848697435476997,0.06619852444173167
L48T16beta4.30ms0.026930m0.000939,4.3,202.52,48,16,1006,3.870505316563903e-9,0.006848750783510962,0.06619904009615553
L48T16beta4.30ms0.026930m0.000939,4.3,202.52,48,16,1007,3.870535465689723e-9,0.006848804131544925,0.0661995557505794
L48T16beta4.30ms0.026930m0.000939,4.3,202.52,48,16,1008,3.8705656148155435e-9,0.0068488574795788895,0.06620007140500325
L48T16beta4.30ms0.026930m0.000939,4.3,202.52,48,16,1009,3.870595763941364e-9,0.006848910827612853,0.06620058705942711
L48T16beta4.30ms0.026930m0.000939,4.3,202.52,48,16,1010,3.870625913067185e-9,0.006848964175646817,0.06620110271385098
L48T16beta4.30ms0.026930m0.000939,4.3,202.52,48,16,1011,3.870656062193005e-9,0.006849017523680782,0.06620161836827483
L48T16beta4.30ms0.026930m0.000939,4.3,202.52,48,16,1012,3.870686211318826e-9,0.006849070871714745,0.0662021340226987
L48T16beta4.30ms0.026930m0.000939,4.3,202.52,48,16,1013,3.870716360444647e-9,0.0068491242197487095,0.06620264967712255
L48T16beta4.30ms0.026930m0.000939,4.3,202.52,48,16,1014,3.870746509570467e-9,0.006849177567782673,0.06620316533154641
L48T16beta4.30ms0.026930m0.000939,4.3,202.52,48,16,1015,3.8707766586962874e-9,0.006849230915816637,0.06620368098597028
L48T16beta4.30ms0.026930m0.000939,4.3,202.52,48,16,1016,3.8708068078221086e-9,0.006849284263850602,0.06620419664039413
L48T16beta4.30ms0.026930m0.000939,4.3,202.52,48,16,1017,3.870836956947929e-9,0.006849337611884565,0.066204712294818
L48T16beta4.30ms0.026930m0.000939,4.3,202.52,48,16,1018,3.870867106073749e-9,0.0068493909599185296,0.06620522794924186
L48T16beta4.30ms0.026930m0.000939,4.3,202.52,48,16,1019,3.87089725519957e-9,0.006849444307952494,0.06620574360366571
L48T16beta4.30ms0.026930m0.000939,4.3,202.52,48,16,1020,3.870927404325391e-9,0.006849497655986457,0.06620625925808958
L48T16beta4.30ms0.026930m0.000939,4.3,202.52,48,16,1021,3.870957553451211e-9,0.006849551004020422,0.06620677491251344
L48T16beta4.30ms0.026930m0.000939,4.3,202.52,48,16,1022,3.870987702577031e-9,0.006849604352054385,0.0662072905669373
L48T16beta4.30ms0.026930m0.000939,4.3,202.52,48,16,1023,3.8710178517028525e-9,0.00684965770008835,0.06620780622136116
L48T16beta4.30ms0.026930m0.000939,4.3,202.52,48,16,1024,3.871048000828673e-9,0.006849711048122314,0.06620832187578501
L48T16beta4.30ms0.026930m0.000939,4.3,202.52,48,16,1025,3.871078149954493e-9,0.006849764396156277,0.06620883753020888
L48T16beta4.30ms0.026930m0.000939,4.3,202.52,48,16,1026,3.871108299080314e-9,0.006849817744190242,0.06620935318463274
L48T16beta4.30ms0.026930m0.000939,4.3,202.52,48,16,1027,3.871138448206135e-9,0.006849871092224205,0.06620986883905661
L48T16beta4.30ms0.026930m0.000939,4.3,202.52,48,16,1028,3.871168597331955e-9,0.00684992444025817,0.06621038449348046
L48T16beta4.30ms0.026930m0.000939,4.3,202.52,48,16,1029,3.871198746457776e-9,0.006849977788292134,0.06621090014790432
L48T16beta4.30ms0.026930m0.000939,4.3,202.52,48,16,1030,3.8712288955835964e-9,0.0068500311363260975,0.06621141580232819
L48T16beta4.30ms0.026930m0.000939,4.3,202.52,48,16,1031,3.8712590447094176e-9,0.006850084484360062,0.06621193145675204
L48T16beta4.30ms0.026930m0.000939,4.3,202.52,48,16,1032,3.871289193835237e-9,0.006850137832394025,0.06621244711117591
L48T16beta4.30ms0.026930m0.000939,4.3,202.52,48,16,1033,3.871319342961058e-9,0.00685019118042799,0.06621296276559976
L48T16beta4.30ms0.026930m0.000939,4.3,202.52,48,16,1034,3.871349492086879e-9,0.006850244528461954,0.06621347842002362
L48T16beta4.30ms0.026930m0.000939,4.3,202.52,48,16,1035,3.8713796412127e-9,0.0068502978764959175,0.06621399407444749
L48T16beta4.30ms0.026930m0.000939,4.3,202.52,48,16,1036,3.87140979033852e-9,0.006850351224529882,0.06621450972887134
L48T16beta4.30ms0.026930m0.000939,4.3,202.52,48,16,1037,3.871439939464341e-9,0.006850404572563846,0.06621502538329521
L48T16beta4.30ms0.026930m0.000939,4.3,202.52,48,16,1038,3.8714700885901615e-9,0.00685045792059781,0.06621554103771907
L48T16beta4.30ms0.026930m0.000939,4.3,202.52,48,16,1039,3.871500237715982e-9,0.006850511268631774,0.06621605669214292
L48T16beta4.30ms0.026930m0.000939,4.3,202.52,48,16,1040,3.871530386841802e-9,0.0068505646166657375,0.06621657234656679
L48T16beta4.30ms0.026930m0.000939,4.3,202.52,48,16,1041,3.871560535967623e-9,0.006850617964699702,0.06621708800099065
L48T16beta4.30ms0.026930m0.000939,4.3,202.52,48,16,1042,3.871590685093444e-9,0.006850671312733666,0.06621760365541451
L48T16beta4.30ms0.026930m0.000939,4.3,202.52,48,16,1043,3.871620834219264e-9,0.00685072466076763,0.06621811930983837
L48T16beta4.30ms0.026930m0.000939,4.3,202.52,48,16,1044,3.871650983345085e-9,0.006850778008801594,0.06621863496426222
L48T16beta4.30ms0.026930m0.000939,4.3,202.52,48,16,1045,3.8716811324709054e-9,0.0068508313568355576,0.06621915061868609
L48T16beta4.30ms0.026930m0.000939,4.3,202.52,48,16,1046,3.871711281596726e-9,0.006850884704869522,0.06621966627310995
L48T16beta4.30ms0.026930m0.000939,4.3,202.52,48,16,1047,3.871741430722547e-9,0.006850938052903486,0.06622018192753382
L48T16beta4.30ms0.026930m0.000939,4.3,202.52,48,16,1048,3.871771579848367e-9,0.00685099140093745,0.06622069758195767
L48T16beta4.30ms0.026930m0.000939,4.3,202.52,48,16,1049,3.8718017289741875e-9,0.006851044748971414,0.06622121323638153
L48T16beta4.30ms0.026930m0.000939,4.3,202.52,48,16,1050,3.871831878100009e-9,0.0068510980970053785,0.0662217288908054
L48T16beta4.30ms0.026930m0.000939,4.3,202.52,48,16,1051,3.871862027225829e-9,0.006851151445039342,0.06622224454522925
L48T16beta4.30ms0.026930m0.000939,4.3,202.52,48,16,1052,3.871892176351649e-9,0.006851204793073306,0.06622276019965312
L48T16beta4.30ms0.026930m0.000939,4.3,202.52,48,16,1053,3.87192232547747e-9,0.00685125814110727,0.06622327585407697
L48T16beta4.30ms0.026930m0.000939,4.3,202.52,48,16,1054,3.871952474603291e-9,0.006851311489141234,0.06622379150850083
L48T16beta4.30ms0.026930m0.000939,4.3,202.52,48,16,1055,3.871982623729112e-9,0.0068513648371751985,0.0662243071629247
L48T16beta4.30ms0.026930m0.000939,4.3,202.52,48,16,1056,3.8720127728549315e-9,0.006851418185209162,0.06622482281734855
L48T16beta4.30ms0.026930m0.000939,4.3,202.52,48,16,1057,3.872042921980753e-9,0.006851471533243126,0.06622533847177242
L48T16beta4.30ms0.026930m0.000939,4.3,202.52,48,16,1058,3.872073071106573e-9,0.00685152488127709,0.06622585412619628
L48T16beta4.30ms0.026930m0.000939,4.3,202.52,48,16,1059,3.872103220232394e-9,0.006851578229311054,0.06622636978062013
L48T16beta4.30ms0.026930m0.000939,4.3,202.52,48,16,1060,3.872133369358214e-9,0.0068516315773450185,0.066226885435044
L48T16beta4.30ms0.026930m0.000939,4.3,202.52,48,16,1061,3.872163518484035e-9,0.006851684925378982,0.06622740108946785
L48T16beta4.30ms0.026930m0.000939,4.3,202.52,48,16,1062,3.872193667609856e-9,0.006851738273412946,0.06622791674389172
L48T16beta4.30ms0.026930m0.000939,4.3,202.52,48,16,1063,3.872223816735676e-9,0.006851791621446911,0.06622843239831558
L48T16beta4.30ms0.026930m0.000939,4.3,202.52,48,16,1064,3.8722539658614965e-9,0.006851844969480874,0.06622894805273943
L48T16beta4.30ms0.026930m0.000939,4.3,202.52,48,16,1065,3.872284114987318e-9,0.006851898317514839,0.0662294637071633
L48T16beta4.30ms0.026930m0.000939,4.3,202.52,48,16,1066,3.872314264113138e-9,0.006851951665548802,0.06622997936158716
L48T16beta4.30ms0.026930m0.000939,4.3,202.52,48,16,1067,3.872344413238958e-9,0.006852005013582766,0.06623049501601103
L48T16beta4.30ms0.026930m0.000939,4.3,202.52,48,16,1068,3.8723745623647795e-9,0.006852058361616731,0.06623101067043488
L48T16beta4.30ms0.026930m0.000939,4.3,202.52,48,16,1069,3.8724047114906e-9,0.006852111709650694,0.06623152632485874
L48T16beta4.30ms0.026930m0.000939,4.3,202.52,48,16,1070,3.87243486061642e-9,0.006852165057684659,0.0662320419792826
L48T16beta4.30ms0.026930m0.000939,4.3,202.52,48,16,1071,3.8724650097422405e-9,0.006852218405718622,0.06623255763370646
L48T16beta4.30ms0.026930m0.000939,4.3,202.52,48,16,1072,3.872495158868062e-9,0.0068522717537525864,0.06623307328813031
L48T16beta4.30ms0.026930m0.000939,4.3,202.52,48,16,1073,3.872525307993882e-9,0.006852325101786551,0.06623358894255418
L48T16beta4.30ms0.026930m0.000939,4.3,202.52,48,16,1074,3.872555457119702e-9,0.006852378449820514,0.06623410459697804
L48T16beta4.30ms0.026930m0.000939,4.3,202.52,48,16,1075,3.872585606245523e-9,0.006852431797854479,0.06623462025140191
L48T16beta4.30ms0.026930m0.000939,4.3,202.52,48,16,1076,3.872615755371344e-9,0.006852485145888442,0.06623513590582576
L48T16beta4.30ms0.026930m0.000939,4.3,202.52,48,16,1077,3.872645904497164e-9,0.0068525384939224065,0.06623565156024962
L48T16beta4.30ms0.026930m0.000939,4.3,202.52,48,16,1078,3.872676053622985e-9,0.006852591841956371,0.06623616721467349
L48T16beta4.30ms0.026930m0.000939,4.3,202.52,48,16,1079,3.8727062027488055e-9,0.006852645189990334,0.06623668286909734
L48T16beta4.30ms0.026930m0.000939,4.3,202.52,48,16,1080,3.872736351874626e-9,0.006852698538024299,0.06623719852352121
L48T16beta4.30ms0.026930m0.000939,4.3,202.52,48,16,1081,3.872766501000447e-9,0.006852751886058263,0.06623771417794506
L48T16beta4.30ms0.026930m0.000939,4.3,202.52,48,16,1082,3.872796650126267e-9,0.0068528052340922265,0.06623822983236892
L48T16beta4.30ms0.026930m0.000939,4.3,202.52,48,16,1083,3.8728267992520885e-9,0.006852858582126191,0.06623874548679279
L48T16beta4.30ms0.026930m0.000939,4.3,202.52,48,16,1084,3.872856948377909e-9,0.006852911930160154,0.06623926114121664
L48T16beta4.30ms0.026930m0.000939,4.3,202.52,48,16,1085,3.872887097503729e-9,0.006852965278194119,0.06623977679564051
L48T16beta4.30ms0.026930m0.000939,4.3,202.52,48,16,1086,3.87291724662955e-9,0.006853018626228083,0.06624029245006437
L48T16beta4.30ms0.026930m0.000939,4.3,202.52,48,16,1087,3.872947395755371e-9,0.0068530719742620465,0.06624080810448822
L48T16beta4.30ms0.026930m0.000939,4.3,202.52,48,16,1088,3.872977544881191e-9,0.006853125322296011,0.06624132375891209
L48T16beta4.30ms0.026930m0.000939,4.3,202.52,48,16,1089,3.873007694007011e-9,0.006853178670329974,0.06624183941333595
L48T16beta4.30ms0.026930m0.000939,4.3,202.52,48,16,1090,3.873037843132832e-9,0.006853232018363939,0.06624235506775981
L48T16beta4.30ms0.026930m0.000939,4.3,202.52,48,16,1091,3.873067992258653e-9,0.006853285366397903,0.06624287072218367
L48T16beta4.30ms0.026930m0.000939,4.3,202.52,48,16,1092,3.873098141384473e-9,0.006853338714431867,0.06624338637660752
L48T16beta4.30ms0.026930m0.000939,4.3,202.52,48,16,1093,3.873128290510294e-9,0.006853392062465831,0.0662439020310314
L48T16beta4.30ms0.026930m0.000939,4.3,202.52,48,16,1094,3.8731584396361145e-9,0.006853445410499795,0.06624441768545525
L48T16beta4.30ms0.026930m0.000939,4.3,202.52,48,16,1095,3.873188588761935e-9,0.006853498758533759,0.06624493333987912
L48T16beta4.30ms0.026930m0.000939,4.3,202.52,48,16,1096,3.873218737887756e-9,0.006853552106567723,0.06624544899430297
L48T16beta4.30ms0.026930m0.000939,4.3,202.52,48,16,1097,3.873248887013576e-9,0.006853605454601687,0.06624596464872683
L48T16beta4.30ms0.026930m0.000939,4.3,202.52,48,16,1098,3.873279036139397e-9,0.006853658802635651,0.0662464803031507
L48T16beta4.30ms0.026930m0.000939,4.3,202.52,48,16,1099,3.873309185265218e-9,0.006853712150669615,0.06624699595757455
L48T16beta4.30ms0.026930m0.000939,4.3,202.52,48,16,1100,3.873339334391038e-9,0.006853765498703579,0.06624751161199842
L48T16beta4.30ms0.026930m0.000939,4.3,202.52,48,16,1101,3.8733694835168585e-9,0.006853818846737543,0.06624802726642227
L48T16beta4.30ms0.026930m0.000939,4.3,202.52,48,16,1102,3.873399632642679e-9,0.006853872194771507,0.06624854292084613
L48T16beta4.30ms0.026930m0.000939,4.3,202.52,48,16,1103,3.8734297817685e-9,0.006853925542805471,0.06624905857527
L48T16beta4.30ms0.026930m0.000939,4.3,202.52,48,16,1104,3.87345993089432e-9,0.006853978890839435,0.06624957422969385
L48T16beta4.30ms0.026930m0.000939,4.3,202.52,48,16,1105,3.8734900800201406e-9,0.006854032238873399,0.06625008988411772
L48T16beta4.30ms0.026930m0.000939,4.3,202.52,48,16,1106,3.873520229145962e-9,0.006854085586907363,0.06625060553854158
L48T16beta4.30ms0.026930m0.000939,4.3,202.52,48,16,1107,3.873550378271782e-9,0.006854138934941327,0.06625112119296543
L48T16beta4.30ms0.026930m0.000939,4.3,202.52,48,16,1108,3.873580527397603e-9,0.006854192282975291,0.0662516368473893
L48T16beta4.30ms0.026930m0.000939,4.3,202.52,48,16,1109,3.8736106765234235e-9,0.006854245631009255,0.06625215250181316
L48T16beta4.30ms0.026930m0.000939,4.3,202.52,48,16,1110,3.873640825649244e-9,0.006854298979043219,0.06625266815623702
L48T16beta4.30ms0.026930m0.000939,4.3,202.52,48,16,1111,3.873670974775065e-9,0.006854352327077183,0.06625318381066088
L48T16beta4.30ms0.026930m0.000939,4.3,202.52,48,16,1112,3.873701123900885e-9,0.006854405675111148,0.06625369946508473
L48T16beta4.30ms0.026930m0.000939,4.3,202.52,48,16,1113,3.873731273026706e-9,0.006854459023145111,0.0662542151195086
L48T16beta4.30ms0.026930m0.000939,4.3,202.52,48,16,1114,3.873761422152527e-9,0.006854512371179075,0.06625473077393246
L48T16beta4.30ms0.026930m0.000939,4.3,202.52,48,16,1115,3.873791571278347e-9,0.006854565719213039,0.06625524642835633
L48T16beta4.30ms0.026930m0.000939,4.3,202.52,48,16,1116,3.8738217204041675e-9,0.006854619067247003,0.06625576208278018
L48T16beta4.30ms0.026930m0.000939,4.3,202.52,48,16,1117,3.873851869529989e-9,0.006854672415280968,0.06625627773720404
L48T16beta4.30ms0.026930m0.000939,4.3,202.52,48,16,1118,3.873882018655809e-9,0.006854725763314931,0.0662567933916279
L48T16beta4.30ms0.026930m0.000939,4.3,202.52,48,16,1119,3.873912167781629e-9,0.0068547791113488955,0.06625730904605176
L48T16beta4.30ms0.026930m0.000939,4.3,202.52,48,16,1120,3.8739423169074496e-9,0.006854832459382859,0.06625782470047563
L48T16beta4.30ms0.026930m0.000939,4.3,202.52,48,16,1121,3.873972466033271e-9,0.006854885807416823,0.06625834035489948
L48T16beta4.30ms0.026930m0.000939,4.3,202.52,48,16,1122,3.874002615159091e-9,0.006854939155450788,0.06625885600932334
L48T16beta4.30ms0.026930m0.000939,4.3,202.52,48,16,1123,3.874032764284911e-9,0.006854992503484751,0.06625937166374721
L48T16beta4.30ms0.026930m0.000939,4.3,202.52,48,16,1124,3.8740629134107325e-9,0.0068550458515187155,0.06625988731817106
L48T16beta4.30ms0.026930m0.000939,4.3,202.52,48,16,1125,3.874093062536553e-9,0.00685509919955268,0.06626040297259493
L48T16beta4.30ms0.026930m0.000939,4.3,202.52,48,16,1126,3.874123211662373e-9,0.006855152547586643,0.06626091862701879
L48T16beta4.30ms0.026930m0.000939,4.3,202.52,48,16,1127,3.874153360788194e-9,0.006855205895620608,0.06626143428144264
L48T16beta4.30ms0.026930m0.000939,4.3,202.52,48,16,1128,3.874183509914015e-9,0.006855259243654571,0.06626194993586651
L48T16beta4.30ms0.026930m0.000939,4.3,202.52,48,16,1129,3.874213659039835e-9,0.0068553125916885355,0.06626246559029036
L48T16beta4.30ms0.026930m0.000939,4.3,202.52,48,16,1130,3.874243808165656e-9,0.0068553659397225,0.06626298124471423
L48T16beta4.30ms0.026930m0.000939,4.3,202.52,48,16,1131,3.8742739572914765e-9,0.006855419287756463,0.06626349689913809
L48T16beta4.30ms0.026930m0.000939,4.3,202.52,48,16,1132,3.874304106417298e-9,0.006855472635790428,0.06626401255356194
L48T16beta4.30ms0.026930m0.000939,4.3,202.52,48,16,1133,3.874334255543117e-9,0.006855525983824391,0.06626452820798581
L48T16beta4.30ms0.026930m0.000939,4.3,202.52,48,16,1134,3.874364404668938e-9,0.0068555793318583556,0.06626504386240967
L48T16beta4.30ms0.026930m0.000939,4.3,202.52,48,16,1135,3.874394553794759e-9,0.00685563267989232,0.06626555951683354
L48T16beta4.30ms0.026930m0.000939,4.3,202.52,48,16,1136,3.87442470292058e-9,0.006855686027926283,0.06626607517125739
L48T16beta4.30ms0.026930m0.000939,4.3,202.52,48,16,1137,3.8744548520464e-9,0.006855739375960248,0.06626659082568125
L48T16beta4.30ms0.026930m0.000939,4.3,202.52,48,16,1138,3.874485001172221e-9,0.006855792723994212,0.06626710648010511
L48T16beta4.30ms0.026930m0.000939,4.3,202.52,48,16,1139,3.8745151502980415e-9,0.006855846072028176,0.06626762213452897
L48T16beta4.30ms0.026930m0.000939,4.3,202.52,48,16,1140,3.874545299423862e-9,0.00685589942006214,0.06626813778895284
L48T16beta4.30ms0.026930m0.000939,4.3,202.52,48,16,1141,3.874575448549682e-9,0.0068559527680961034,0.0662686534433767
L48T16beta4.30ms0.026930m0.000939,4.3,202.52,48,16,1142,3.874605597675503e-9,0.006856006116130068,0.06626916909780055
L48T16beta4.30ms0.026930m0.000939,4.3,202.52,48,16,1143,3.874635746801324e-9,0.006856059464164032,0.06626968475222442
L48T16beta4.30ms0.026930m0.000939,4.3,202.52,48,16,1144,3.874665895927144e-9,0.006856112812197996,0.06627020040664827
L48T16beta4.30ms0.026930m0.000939,4.3,202.52,48,16,1145,3.874696045052965e-9,0.00685616616023196,0.06627071606107214
L48T16beta4.30ms0.026930m0.000939,4.3,202.52,48,16,1146,3.8747261941787855e-9,0.0068562195082659235,0.066271231715496
L48T16beta4.30ms0.026930m0.000939,4.3,202.52,48,16,1147,3.874756343304606e-9,0.006856272856299888,0.06627174736991985
L48T16beta4.30ms0.026930m0.000939,4.3,202.52,48,16,1148,3.874786492430427e-9,0.006856326204333852,0.06627226302434372
L48T16beta4.30ms0.026930m0.000939,4.3,202.52,48,16,1149,3.874816641556247e-9,0.006856379552367816,0.06627277867876757
L48T16beta4.30ms0.026930m0.000939,4.3,202.52,48,16,1150,3.8748467906820676e-9,0.00685643290040178,0.06627329433319144
L48T16beta4.30ms0.026930m0.000939,4.3,202.52,48,16,1151,3.874876939807888e-9,0.0068564862484357435,0.0662738099876153
L48T16beta4.30ms0.026930m0.000939,4.3,202.52,48,16,1152,3.874907088933709e-9,0.006856539596469708,0.06627432564203915
L48T16beta4.30ms0.026930m0.000939,4.3,202.52,48,16,1153,3.874937238059529e-9,0.006856592944503672,0.06627484129646302
L48T16beta4.30ms0.026930m0.000939,4.3,202.52,48,16,1154,3.87496738718535e-9,0.006856646292537636,0.06627535695088688
L48T16beta4.30ms0.026930m0.000939,4.3,202.52,48,16,1155,3.874997536311171e-9,0.0068566996405716,0.06627587260531075
L48T16beta4.30ms0.026930m0.000939,4.3,202.52,48,16,1156,3.875027685436992e-9,0.006856752988605564,0.0662763882597346
L48T16beta4.30ms0.026930m0.000939,4.3,202.52,48,16,1157,3.8750578345628115e-9,0.006856806336639528,0.06627690391415846
L48T16beta4.30ms0.026930m0.000939,4.3,202.52,48,16,1158,3.875087983688633e-9,0.006856859684673492,0.06627741956858232
L48T16beta4.30ms0.026930m0.000939,4.3,202.52,48,16,1159,3.875118132814453e-9,0.006856913032707456,0.06627793522300618
L48T16beta4.30ms0.026930m0.000939,4.3,202.52,48,16,1160,3.875148281940274e-9,0.00685696638074142,0.06627845087743003
L48T16beta4.30ms0.026930m0.000939,4.3,202.52,48,16,1161,3.8751784310660945e-9,0.0068570197287753844,0.0662789665318539
L48T16beta4.30ms0.026930m0.000939,4.3,202.52,48,16,1162,3.875208580191915e-9,0.006857073076809348,0.06627948218627776
L48T16beta4.30ms0.026930m0.000939,4.3,202.52,48,16,1163,3.875238729317736e-9,0.006857126424843312,0.06627999784070163
L48T16beta4.30ms0.026930m0.000939,4.3,202.52,48,16,1164,3.875268878443556e-9,0.006857179772877276,0.06628051349512548
L48T16beta4.30ms0.026930m0.000939,4.3,202.52,48,16,1165,3.8752990275693766e-9,0.00685723312091124,0.06628102914954934
L48T16beta4.30ms0.026930m0.000939,4.3,202.52,48,16,1166,3.875329176695198e-9,0.0068572864689452045,0.0662815448039732
L48T16beta4.30ms0.026930m0.000939,4.3,202.52,48,16,1167,3.875359325821018e-9,0.006857339816979168,0.06628206045839706
L48T16beta4.30ms0.026930m0.000939,4.3,202.52,48,16,1168,3.875389474946838e-9,0.006857393165013132,0.06628257611282093
L48T16beta4.30ms0.026930m0.000939,4.3,202.52,48,16,1169,3.8754196240726595e-9,0.006857446513047097,0.06628309176724478
L48T16beta4.30ms0.026930m0.000939,4.3,202.52,48,16,1170,3.87544977319848e-9,0.00685749986108106,0.06628360742166864
L48T16beta4.30ms0.026930m0.000939,4.3,202.52,48,16,1171,3.8754799223243e-9,0.0068575532091150245,0.06628412307609251
L48T16beta4.30ms0.026930m0.000939,4.3,202.52,48,16,1172,3.8755100714501205e-9,0.006857606557148988,0.06628463873051636
L48T16beta4.30ms0.026930m0.000939,4.3,202.52,48,16,1173,3.875540220575942e-9,0.006857659905182952,0.06628515438494023
L48T16beta4.30ms0.026930m0.000939,4.3,202.52,48,16,1174,3.875570369701762e-9,0.006857713253216917,0.06628567003936409
L48T16beta4.30ms0.026930m0.000939,4.3,202.52,48,16,1175,3.875600518827582e-9,0.00685776660125088,0.06628618569378794
L48T16beta4.30ms0.026930m0.000939,4.3,202.52,48,16,1176,3.8756306679534035e-9,0.0068578199492848445,0.06628670134821181
L48T16beta4.30ms0.026930m0.000939,4.3,202.52,48,16,1177,3.875660817079224e-9,0.006857873297318808,0.06628721700263566
L48T16beta4.30ms0.026930m0.000939,4.3,202.52,48,16,1178,3.875690966205044e-9,0.006857926645352772,0.06628773265705953
L48T16beta4.30ms0.026930m0.000939,4.3,202.52,48,16,1179,3.875721115330865e-9,0.006857979993386737,0.06628824831148339
L48T16beta4.30ms0.026930m0.000939,4.3,202.52,48,16,1180,3.8757512644566856e-9,0.0068580333414207,0.06628876396590724
L48T16beta4.30ms0.026930m0.000939,4.3,202.52,48,16,1181,3.875781413582506e-9,0.006858086689454665,0.06628927962033111
L48T16beta4.30ms0.026930m0.000939,4.3,202.52,48,16,1182,3.875811562708326e-9,0.006858140037488628,0.06628979527475497
L48T16beta4.30ms0.026930m0.000939,4.3,202.52,48,16,1183,3.875841711834147e-9,0.006858193385522592,0.06629031092917884
L48T16beta4.30ms0.026930m0.000939,4.3,202.52,48,16,1184,3.8758718609599685e-9,0.006858246733556557,0.06629082658360269
L48T16beta4.30ms0.026930m0.000939,4.3,202.52,48,16,1185,3.875902010085789e-9,0.00685830008159052,0.06629134223802655
L48T16beta4.30ms0.026930m0.000939,4.3,202.52,48,16,1186,3.875932159211609e-9,0.006858353429624485,0.06629185789245041
L48T16beta4.30ms0.026930m0.000939,4.3,202.52,48,16,1187,3.87596230833743e-9,0.006858406777658449,0.06629237354687427
L48T16beta4.30ms0.026930m0.000939,4.3,202.52,48,16,1188,3.875992457463251e-9,0.0068584601256924125,0.06629288920129814
L48T16beta4.30ms0.026930m0.000939,4.3,202.52,48,16,1189,3.876022606589071e-9,0.006858513473726377,0.066293404855722
L48T16beta4.30ms0.026930m0.000939,4.3,202.52,48,16,1190,3.876052755714891e-9,0.00685856682176034,0.06629392051014585
L48T16beta4.30ms0.026930m0.000939,4.3,202.52,48,16,1191,3.8760829048407124e-9,0.006858620169794305,0.06629443616456972
L48T16beta4.30ms0.026930m0.000939,4.3,202.52,48,16,1192,3.876113053966533e-9,0.006858673517828269,0.06629495181899357
L48T16beta4.30ms0.026930m0.000939,4.3,202.52,48,16,1193,3.876143203092353e-9,0.0068587268658622325,0.06629546747341744
L48T16beta4.30ms0.026930m0.000939,4.3,202.52,48,16,1194,3.876173352218174e-9,0.006858780213896197,0.0662959831278413
L48T16beta4.30ms0.026930m0.000939,4.3,202.52,48,16,1195,3.8762035013439946e-9,0.00685883356193016,0.06629649878226515
L48T16beta4.30ms0.026930m0.000939,4.3,202.52,48,16,1196,3.876233650469815e-9,0.006858886909964125,0.06629701443668902
L48T16beta4.30ms0.026930m0.000939,4.3,202.52,48,16,1197,3.876263799595636e-9,0.006858940257998089,0.06629753009111287
L48T16beta4.30ms0.026930m0.000939,4.3,202.52,48,16,1198,3.876293948721456e-9,0.0068589936060320525,0.06629804574553674
L48T16beta4.30ms0.026930m0.000939,4.3,202.52,48,16,1199,3.876324097847277e-9,0.006859046954066017,0.0662985613999606
L48T16beta4.30ms0.026930m0.000939,4.3,202.52,48,16,1200,3.876354246973098e-9,0.006859100302099981,0.06629907705438445
L48T16beta4.30ms0.026930m0.000939,4.3,202.52,48,16,1201,3.876384396098918e-9,0.006859153650133945,0.06629959270880832
L48T16beta4.30ms0.026930m0.000939,4.3,202.52,48,16,1202,3.8764145452247385e-9,0.006859206998167909,0.06630010836323218
L48T16beta4.30ms0.026930m0.000939,4.3,202.52,48,16,1203,3.876444694350559e-9,0.0068592603462018726,0.06630062401765605
L48T16beta4.30ms0.026930m0.000939,4.3,202.52,48,16,1204,3.87647484347638e-9,0.006859313694235837,0.0663011396720799
L48T16beta4.30ms0.026930m0.000939,4.3,202.52,48,16,1205,3.8765049926022e-9,0.006859367042269801,0.06630165532650376
L48T16beta4.30ms0.026930m0.000939,4.3,202.52,48,16,1206,3.876535141728021e-9,0.006859420390303765,0.06630217098092762
L48T16beta4.30ms0.026930m0.000939,4.3,202.52,48,16,1207,3.876565290853842e-9,0.006859473738337729,0.06630268663535148
L48T16beta4.30ms0.026930m0.000939,4.3,202.52,48,16,1208,3.876595439979662e-9,0.006859527086371693,0.06630320228977535
L48T16beta4.30ms0.026930m0.000939,4.3,202.52,48,16,1209,3.876625589105483e-9,0.006859580434405657,0.0663037179441992
L48T16beta4.30ms0.026930m0.000939,4.3,202.52,48,16,1210,3.8766557382313036e-9,0.006859633782439621,0.06630423359862306
L48T16beta4.30ms0.026930m0.000939,4.3,202.52,48,16,1211,3.876685887357124e-9,0.006859687130473585,0.06630474925304693
L48T16beta4.30ms0.026930m0.000939,4.3,202.52,48,16,1212,3.876716036482945e-9,0.006859740478507549,0.06630526490747078
L48T16beta4.30ms0.026930m0.000939,4.3,202.52,48,16,1213,3.876746185608765e-9,0.0068597938265415135,0.06630578056189465
L48T16beta4.30ms0.026930m0.000939,4.3,202.52,48,16,1214,3.876776334734586e-9,0.006859847174575477,0.0663062962163185
L48T16beta4.30ms0.026930m0.000939,4.3,202.52,48,16,1215,3.876806483860407e-9,0.006859900522609441,0.06630681187074236
L48T16beta4.30ms0.026930m0.000939,4.3,202.52,48,16,1216,3.876836632986227e-9,0.006859953870643405,0.06630732752516623
L48T16beta4.30ms0.026930m0.000939,4.3,202.52,48,16,1217,3.8768667821120475e-9,0.006860007218677369,0.06630784317959008
L48T16beta4.30ms0.026930m0.000939,4.3,202.52,48,16,1218,3.876896931237869e-9,0.0068600605667113335,0.06630835883401395
L48T16beta4.30ms0.026930m0.000939,4.3,202.52,48,16,1219,3.876927080363689e-9,0.006860113914745297,0.06630887448843781
L48T16beta4.30ms0.026930m0.000939,4.3,202.52,48,16,1220,3.876957229489509e-9,0.006860167262779261,0.06630939014286166
L48T16beta4.30ms0.026930m0.000939,4.3,202.52,48,16,1221,3.87698737861533e-9,0.006860220610813225,0.06630990579728553
L48T16beta4.30ms0.026930m0.000939,4.3,202.52,48,16,1222,3.877017527741151e-9,0.006860273958847189,0.06631042145170939
L48T16beta4.30ms0.026930m0.000939,4.3,202.52,48,16,1223,3.877047676866971e-9,0.006860327306881154,0.06631093710613326
L48T16beta4.30ms0.026930m0.000939,4.3,202.52,48,16,1224,3.8770778259927914e-9,0.006860380654915117,0.06631145276055711
L48T16beta4.30ms0.026930m0.000939,4.3,202.52,48,16,1225,3.8771079751186126e-9,0.006860434002949081,0.06631196841498097
L48T16beta4.30ms0.026930m0.000939,4.3,202.52,48,16,1226,3.877138124244433e-9,0.006860487350983045,0.06631248406940483
L48T16beta4.30ms0.026930m0.000939,4.3,202.52,48,16,1227,3.877168273370253e-9,0.006860540699017009,0.06631299972382869
L48T16beta4.30ms0.026930m0.000939,4.3,202.52,48,16,1228,3.877198422496074e-9,0.006860594047050974,0.06631351537825256
L48T16beta4.30ms0.026930m0.000939,4.3,202.52,48,16,1229,3.877228571621895e-9,0.006860647395084937,0.06631403103267641
L48T16beta4.30ms0.026930m0.000939,4.3,202.52,48,16,1230,3.877258720747715e-9,0.0068607007431189014,0.06631454668710027
L48T16beta4.30ms0.026930m0.000939,4.3,202.52,48,16,1231,3.877288869873536e-9,0.006860754091152866,0.06631506234152414
L48T16beta4.30ms0.026930m0.000939,4.3,202.52,48,16,1232,3.8773190189993565e-9,0.006860807439186829,0.06631557799594799
L48T16beta4.30ms0.026930m0.000939,4.3,202.52,48,16,1233,3.877349168125178e-9,0.006860860787220794,0.06631609365037186
L48T16beta4.30ms0.026930m0.000939,4.3,202.52,48,16,1234,3.877379317250997e-9,0.006860914135254757,0.06631660930479572
L48T16beta4.30ms0.026930m0.000939,4.3,202.52,48,16,1235,3.877409466376818e-9,0.0068609674832887215,0.06631712495921957
L48T16beta4.30ms0.026930m0.000939,4.3,202.52,48,16,1236,3.8774396155026394e-9,0.006861020831322686,0.06631764061364344
L48T16beta4.30ms0.026930m0.000939,4.3,202.52,48,16,1237,3.87746976462846e-9,0.006861074179356649,0.0663181562680673
L48T16beta4.30ms0.026930m0.000939,4.3,202.52,48,16,1238,3.87749991375428e-9,0.006861127527390614,0.06631867192249116
L48T16beta4.30ms0.026930m0.000939,4.3,202.52,48,16,1239,3.8775300628801004e-9,0.006861180875424577,0.06631918757691502
L48T16beta4.30ms0.026930m0.000939,4.3,202.52,48,16,1240,3.8775602120059216e-9,0.0068612342234585415,0.06631970323133887
L48T16beta4.30ms0.026930m0.000939,4.3,202.52,48,16,1241,3.877590361131742e-9,0.006861287571492506,0.06632021888576274
L48T16beta4.30ms0.026930m0.000939,4.3,202.52,48,16,1242,3.877620510257562e-9,0.006861340919526469,0.0663207345401866
L48T16beta4.30ms0.026930m0.000939,4.3,202.52,48,16,1243,3.877650659383383e-9,0.006861394267560434,0.06632125019461046
L48T16beta4.30ms0.026930m0.000939,4.3,202.52,48,16,1244,3.877680808509204e-9,0.006861447615594398,0.06632176584903432
L48T16beta4.30ms0.026930m0.000939,4.3,202.52,48,16,1245,3.877710957635024e-9,0.0068615009636283615,0.06632228150345817
L48T16beta4.30ms0.026930m0.000939,4.3,202.52,48,16,1246,3.877741106760845e-9,0.006861554311662326,0.06632279715788204
L48T16beta4.30ms0.026930m0.000939,4.3,202.52,48,16,1247,3.8777712558866655e-9,0.006861607659696289,0.0663233128123059
L48T16beta4.30ms0.026930m0.000939,4.3,202.52,48,16,1248,3.877801405012486e-9,0.006861661007730254,0.06632382846672975
L48T16beta4.30ms0.026930m0.000939,4.3,202.52,48,16,1249,3.877831554138307e-9,0.006861714355764218,0.06632434412115362
L48T16beta4.30ms0.026930m0.000939,4.3,202.52,48,16,1250,3.877861703264127e-9,0.006861767703798182,0.06632485977557748
L48T16beta4.30ms0.026930m0.000939,4.3,202.52,48,16,1251,3.877891852389948e-9,0.006861821051832146,0.06632537543000135
L48T16beta4.30ms0.026930m0.000939,4.3,202.52,48,16,1252,3.877922001515768e-9,0.006861874399866109,0.0663258910844252
L48T16beta4.30ms0.026930m0.000939,4.3,202.52,48,16,1253,3.877952150641589e-9,0.006861927747900074,0.06632640673884906
L48T16beta4.30ms0.026930m0.000939,4.3,202.52,48,16,1254,3.8779822997674094e-9,0.006861981095934038,0.06632692239327292
L48T16beta4.30ms0.026930m0.000939,4.3,202.52,48,16,1255,3.87801244889323e-9,0.006862034443968002,0.06632743804769678
L48T16beta4.30ms0.026930m0.000939,4.3,202.52,48,16,1256,3.878042598019051e-9,0.006862087792001966,0.06632795370212065
L48T16beta4.30ms0.026930m0.000939,4.3,202.52,48,16,1257,3.878072747144872e-9,0.00686214114003593,0.0663284693565445
L48T16beta4.30ms0.026930m0.000939,4.3,202.52,48,16,1258,3.8781028962706915e-9,0.006862194488069894,0.06632898501096836
L48T16beta4.30ms0.026930m0.000939,4.3,202.52,48,16,1259,3.878133045396513e-9,0.006862247836103858,0.06632950066539223
L48T16beta4.30ms0.026930m0.000939,4.3,202.52,48,16,1260,3.878163194522333e-9,0.006862301184137822,0.06633001631981608
L48T16beta4.30ms0.026930m0.000939,4.3,202.52,48,16,1261,3.878193343648154e-9,0.006862354532171786,0.06633053197423995
L48T16beta4.30ms0.026930m0.000939,4.3,202.52,48,16,1262,3.8782234927739745e-9,0.00686240788020575,0.0663310476286638
L48T16beta4.30ms0.026930m0.000939,4.3,202.52,48,16,1263,3.878253641899795e-9,0.006862461228239714,0.06633156328308766
L48T16beta4.30ms0.026930m0.000939,4.3,202.52,48,16,1264,3.878283791025616e-9,0.006862514576273678,0.06633207893751153
L48T16beta4.30ms0.026930m0.000939,4.3,202.52,48,16,1265,3.878313940151436e-9,0.006862567924307642,0.06633259459193538
L48T16beta4.30ms0.026930m0.000939,4.3,202.52,48,16,1266,3.878344089277257e-9,0.006862621272341606,0.06633311024635925
L48T16beta4.30ms0.026930m0.000939,4.3,202.52,48,16,1267,3.878374238403078e-9,0.00686267462037557,0.06633362590078311
L48T16beta4.30ms0.026930m0.000939,4.3,202.52,48,16,1268,3.878404387528898e-9,0.006862727968409534,0.06633414155520696
L48T16beta4.30ms0.026930m0.000939,4.3,202.52,48,16,1269,3.8784345366547184e-9,0.006862781316443498,0.06633465720963083
L48T16beta4.30ms0.026930m0.000939,4.3,202.52,48,16,1270,3.878464685780539e-9,0.006862834664477462,0.06633517286405469
L48T16beta4.30ms0.026930m0.000939,4.3,202.52,48,16,1271,3.87849483490636e-9,0.006862888012511426,0.06633568851847856
L48T16beta4.30ms0.026930m0.000939,4.3,202.52,48,16,1272,3.87852498403218e-9,0.00686294136054539,0.06633620417290241
L48T16beta4.30ms0.026930m0.000939,4.3,202.52,48,16,1273,3.8785551331580005e-9,0.006862994708579354,0.06633671982732627
L48T16beta4.30ms0.026930m0.000939,4.3,202.52,48,16,1274,3.878585282283822e-9,0.006863048056613318,0.06633723548175013
L48T16beta4.30ms0.026930m0.000939,4.3,202.52,48,16,1275,3.878615431409642e-9,0.006863101404647283,0.06633775113617399
L48T16beta4.30ms0.026930m0.000939,4.3,202.52,48,16,1276,3.878645580535462e-9,0.006863154752681246,0.06633826679059786
L48T16beta4.30ms0.026930m0.000939,4.3,202.52,48,16,1277,3.8786757296612835e-9,0.0068632081007152105,0.06633878244502171
L48T16beta4.30ms0.026930m0.000939,4.3,202.52,48,16,1278,3.878705878787104e-9,0.006863261448749174,0.06633929809944557
L48T16beta4.30ms0.026930m0.000939,4.3,202.52,48,16,1279,3.878736027912924e-9,0.006863314796783138,0.06633981375386944
L48T16beta4.30ms0.026930m0.000939,4.3,202.52,48,16,1280,3.878766177038745e-9,0.006863368144817103,0.06634032940829329
L48T16beta4.30ms0.026930m0.000939,4.3,202.52,48,16,1281,3.878796326164566e-9,0.006863421492851066,0.06634084506271716
L48T16beta4.30ms0.026930m0.000939,4.3,202.52,48,16,1282,3.878826475290386e-9,0.0068634748408850305,0.06634136071714102
L48T16beta4.30ms0.026930m0.000939,4.3,202.52,48,16,1283,3.878856624416206e-9,0.006863528188918994,0.06634187637156487
L48T16beta4.30ms0.026930m0.000939,4.3,202.52,48,16,1284,3.8788867735420274e-9,0.006863581536952958,0.06634239202598874
L48T16beta4.30ms0.026930m0.000939,4.3,202.52,48,16,1285,3.8789169226678486e-9,0.006863634884986923,0.0663429076804126
L48T16beta4.30ms0.026930m0.000939,4.3,202.52,48,16,1286,3.878947071793669e-9,0.006863688233020886,0.06634342333483646
L48T16beta4.30ms0.026930m0.000939,4.3,202.52,48,16,1287,3.878977220919489e-9,0.0068637415810548505,0.06634393898926032
L48T16beta4.30ms0.026930m0.000939,4.3,202.52,48,16,1288,3.87900737004531e-9,0.006863794929088815,0.06634445464368417
L48T16beta4.30ms0.026930m0.000939,4.3,202.52,48,16,1289,3.879037519171131e-9,0.006863848277122778,0.06634497029810804
L48T16beta4.30ms0.026930m0.000939,4.3,202.52,48,16,1290,3.879067668296951e-9,0.006863901625156743,0.0663454859525319
L48T16beta4.30ms0.026930m0.000939,4.3,202.52,48,16,1291,3.879097817422771e-9,0.006863954973190706,0.06634600160695577
L48T16beta4.30ms0.026930m0.000939,4.3,202.52,48,16,1292,3.8791279665485925e-9,0.0068640083212246706,0.06634651726137962
L48T16beta4.30ms0.026930m0.000939,4.3,202.52,48,16,1293,3.879158115674413e-9,0.006864061669258635,0.06634703291580347
L48T16beta4.30ms0.026930m0.000939,4.3,202.52,48,16,1294,3.879188264800233e-9,0.006864115017292598,0.06634754857022734
L48T16beta4.30ms0.026930m0.000939,4.3,202.52,48,16,1295,3.879218413926054e-9,0.006864168365326563,0.0663480642246512
L48T16beta4.30ms0.026930m0.000939,4.3,202.52,48,16,1296,3.879248563051875e-9,0.006864221713360526,0.06634857987907507
L48T16beta4.30ms0.026930m0.000939,4.3,202.52,48,16,1297,3.879278712177695e-9,0.006864275061394491,0.06634909553349892
L48T16beta4.30ms0.026930m0.000939,4.3,202.52,48,16,1298,3.879308861303516e-9,0.006864328409428455,0.06634961118792278
L48T16beta4.30ms0.026930m0.000939,4.3,202.52,48,16,1299,3.8793390104293364e-9,0.0068643817574624184,0.06635012684234665
L48T16beta4.30ms0.026930m0.000939,4.3,202.52,48,16,1300,3.879369159555157e-9,0.006864435105496383,0.0663506424967705
L48T16beta4.30ms0.026930m0.000939,4.3,202.52,48,16,1301,3.879399308680977e-9,0.006864488453530346,0.06635115815119437
L48T16beta4.30ms0.026930m0.000939,4.3,202.52,48,16,1302,3.879429457806798e-9,0.006864541801564311,0.06635167380561822
L48T16beta4.30ms0.026930m0.000939,4.3,202.52,48,16,1303,3.8794596069326185e-9,0.006864595149598275,0.06635218946004208
L48T16beta4.30ms0.026930m0.000939,4.3,202.52,48,16,1304,3.879489756058439e-9,0.0068646484976322385,0.06635270511446595
L48T16beta4.30ms0.026930m0.000939,4.3,202.52,48,16,1305,3.87951990518426e-9,0.006864701845666203,0.0663532207688898
L48T16beta4.30ms0.026930m0.000939,4.3,202.52,48,16,1306,3.87955005431008e-9,0.006864755193700167,0.06635373642331367
L48T16beta4.30ms0.026930m0.000939,4.3,202.52,48,16,1307,3.879580203435901e-9,0.006864808541734131,0.06635425207773753
L48T16beta4.30ms0.026930m0.000939,4.3,202.52,48,16,1308,3.879610352561722e-9,0.006864861889768095,0.06635476773216138
L48T16beta4.30ms0.026930m0.000939,4.3,202.52,48,16,1309,3.879640501687542e-9,0.0068649152378020585,0.06635528338658525
L48T16beta4.30ms0.026930m0.000939,4.3,202.52,48,16,1310,3.879670650813363e-9,0.006864968585836023,0.0663557990410091
L48T16beta4.30ms0.026930m0.000939,4.3,202.52,48,16,1311,3.879700799939184e-9,0.006865021933869987,0.06635631469543297
L48T16beta4.30ms0.026930m0.000939,4.3,202.52,48,16,1312,3.879730949065004e-9,0.006865075281903951,0.06635683034985683
L48T16beta4.30ms0.026930m0.000939,4.3,202.52,48,16,1313,3.879761098190825e-9,0.006865128629937915,0.06635734600428068
L48T16beta4.30ms0.026930m0.000939,4.3,202.52,48,16,1314,3.879791247316645e-9,0.0068651819779718785,0.06635786165870455
L48T16beta4.30ms0.026930m0.000939,4.3,202.52,48,16,1315,3.879821396442466e-9,0.006865235326005843,0.06635837731312841
L48T16beta4.30ms0.026930m0.000939,4.3,202.52,48,16,1316,3.879851545568287e-9,0.006865288674039807,0.06635889296755228
L48T16beta4.30ms0.026930m0.000939,4.3,202.52,48,16,1317,3.879881694694107e-9,0.006865342022073771,0.06635940862197613
L48T16beta4.30ms0.026930m0.000939,4.3,202.52,48,16,1318,3.8799118438199275e-9,0.006865395370107735,0.06635992427639999
L48T16beta4.30ms0.026930m0.000939,4.3,202.52,48,16,1319,3.879941992945749e-9,0.0068654487181416994,0.06636043993082386
L48T16beta4.30ms0.026930m0.000939,4.3,202.52,48,16,1320,3.879972142071569e-9,0.006865502066175663,0.06636095558524771
L48T16beta4.30ms0.026930m0.000939,4.3,202.52,48,16,1321,3.880002291197389e-9,0.006865555414209627,0.06636147123967158
L48T16beta4.30ms0.026930m0.000939,4.3,202.52,48,16,1322,3.88003244032321e-9,0.006865608762243591,0.06636198689409543
L48T16beta4.30ms0.026930m0.000939,4.3,202.52,48,16,1323,3.880062589449031e-9,0.006865662110277555,0.06636250254851929
L48T16beta4.30ms0.026930m0.000939,4.3,202.52,48,16,1324,3.880092738574851e-9,0.0068657154583115195,0.06636301820294316
L48T16beta4.30ms0.026930m0.000939,4.3,202.52,48,16,1325,3.8801228877006715e-9,0.006865768806345483,0.06636353385736701
L48T16beta4.30ms0.026930m0.000939,4.3,202.52,48,16,1326,3.880153036826493e-9,0.006865822154379447,0.06636404951179088
L48T16beta4.30ms0.026930m0.000939,4.3,202.52,48,16,1327,3.880183185952313e-9,0.006865875502413411,0.06636456516621474
L48T16beta4.30ms0.026930m0.000939,4.3,202.52,48,16,1328,3.880213335078133e-9,0.006865928850447375,0.06636508082063859
L48T16beta4.30ms0.026930m0.000939,4.3,202.52,48,16,1329,3.880243484203954e-9,0.0068659821984813395,0.06636559647506246
L48T16beta4.30ms0.026930m0.000939,4.3,202.52,48,16,1330,3.880273633329775e-9,0.006866035546515303,0.06636611212948632
L48T16beta4.30ms0.026930m0.000939,4.3,202.52,48,16,1331,3.880303782455595e-9,0.006866088894549267,0.06636662778391018
L48T16beta4.30ms0.026930m0.000939,4.3,202.52,48,16,1332,3.880333931581416e-9,0.006866142242583232,0.06636714343833404
L48T16beta4.30ms0.026930m0.000939,4.3,202.52,48,16,1333,3.8803640807072365e-9,0.006866195590617195,0.0663676590927579
L48T16beta4.30ms0.026930m0.000939,4.3,202.52,48,16,1334,3.880394229833058e-9,0.0068662489386511595,0.06636817474718176
L48T16beta4.30ms0.026930m0.000939,4.3,202.52,48,16,1335,3.880424378958877e-9,0.006866302286685123,0.06636869040160562
L48T16beta4.30ms0.026930m0.000939,4.3,202.52,48,16,1336,3.880454528084698e-9,0.006866355634719087,0.06636920605602947
L48T16beta4.30ms0.026930m0.000939,4.3,202.52,48,16,1337,3.8804846772105195e-9,0.006866408982753052,0.06636972171045334
L48T16beta4.30ms0.026930m0.000939,4.3,202.52,48,16,1338,3.88051482633634e-9,0.006866462330787015,0.0663702373648772
L48T16beta4.30ms0.026930m0.000939,4.3,202.52,48,16,1339,3.88054497546216e-9,0.00686651567882098,0.06637075301930107
L48T16beta4.30ms0.026930m0.000939,4.3,202.52,48,16,1340,3.8805751245879805e-9,0.006866569026854943,0.06637126867372492
L48T16beta4.30ms0.026930m0.000939,4.3,202.52,48,16,1341,3.880605273713802e-9,0.006866622374888907,0.06637178432814878
L48T16beta4.30ms0.026930m0.000939,4.3,202.52,48,16,1342,3.880635422839622e-9,0.006866675722922872,0.06637229998257264
L48T16beta4.30ms0.026930m0.000939,4.3,202.52,48,16,1343,3.880665571965442e-9,0.006866729070956835,0.0663728156369965
L48T16beta4.30ms0.026930m0.000939,4.3,202.52,48,16,1344,3.880695721091263e-9,0.0068667824189908,0.06637333129142037
L48T16beta4.30ms0.026930m0.000939,4.3,202.52,48,16,1345,3.880725870217084e-9,0.006866835767024763,0.06637384694584422
L48T16beta4.30ms0.026930m0.000939,4.3,202.52,48,16,1346,3.880756019342904e-9,0.0068668891150587275,0.06637436260026808
L48T16beta4.30ms0.026930m0.000939,4.3,202.52,48,16,1347,3.880786168468725e-9,0.006866942463092692,0.06637487825469195
L48T16beta4.30ms0.026930m0.000939,4.3,202.52,48,16,1348,3.8808163175945455e-9,0.006866995811126655,0.0663753939091158
L48T16beta4.30ms0.026930m0.000939,4.3,202.52,48,16,1349,3.880846466720366e-9,0.00686704915916062,0.06637590956353967
L48T16beta4.30ms0.026930m0.000939,4.3,202.52,48,16,1350,3.880876615846187e-9,0.006867102507194584,0.06637642521796353
L48T16beta4.30ms0.026930m0.000939,4.3,202.52,48,16,1351,3.880906764972007e-9,0.0068671558552285475,0.06637694087238738
L48T16beta4.30ms0.026930m0.000939,4.3,202.52,48,16,1352,3.880936914097828e-9,0.006867209203262512,0.06637745652681125
L48T16beta4.30ms0.026930m0.000939,4.3,202.52,48,16,1353,3.880967063223648e-9,0.006867262551296475,0.0663779721812351
L48T16beta4.30ms0.026930m0.000939,4.3,202.52,48,16,1354,3.880997212349469e-9,0.00686731589933044,0.06637848783565897
L48T16beta4.30ms0.026930m0.000939,4.3,202.52,48,16,1355,3.8810273614752895e-9,0.006867369247364404,0.06637900349008283
L48T16beta4.30ms0.026930m0.000939,4.3,202.52,48,16,1356,3.88105751060111e-9,0.0068674225953983675,0.06637951914450668
L48T16beta4.30ms0.026930m0.000939,4.3,202.52,48,16,1357,3.881087659726931e-9,0.006867475943432332,0.06638003479893055
L48T16beta4.30ms0.026930m0.000939,4.3,202.52,48,16,1358,3.881117808852751e-9,0.006867529291466295,0.0663805504533544
L48T16beta4.30ms0.026930m0.000939,4.3,202.52,48,16,1359,3.8811479579785716e-9,0.00686758263950026,0.06638106610777827
L48T16beta4.30ms0.026930m0.000939,4.3,202.52,48,16,1360,3.881178107104393e-9,0.006867635987534224,0.06638158176220213
L48T16beta4.30ms0.026930m0.000939,4.3,202.52,48,16,1361,3.881208256230213e-9,0.0068676893355681876,0.06638209741662598
L48T16beta4.30ms0.026930m0.000939,4.3,202.52,48,16,1362,3.881238405356034e-9,0.006867742683602152,0.06638261307104985
L48T16beta4.30ms0.026930m0.000939,4.3,202.52,48,16,1363,3.8812685544818545e-9,0.006867796031636116,0.06638312872547371
L48T16beta4.30ms0.026930m0.000939,4.3,202.52,48,16,1364,3.881298703607675e-9,0.00686784937967008,0.06638364437989758
L48T16beta4.30ms0.026930m0.000939,4.3,202.52,48,16,1365,3.881328852733496e-9,0.006867902727704044,0.06638416003432143
L48T16beta4.30ms0.026930m0.000939,4.3,202.52,48,16,1366,3.881359001859316e-9,0.006867956075738008,0.06638467568874529
L48T16beta4.30ms0.026930m0.000939,4.3,202.52,48,16,1367,3.881389150985137e-9,0.006868009423771972,0.06638519134316916
L48T16beta4.30ms0.026930m0.000939,4.3,202.52,48,16,1368,3.881419300110958e-9,0.006868062771805936,0.06638570699759301
L48T16beta4.30ms0.026930m0.000939,4.3,202.52,48,16,1369,3.881449449236778e-9,0.0068681161198399,0.06638622265201688
L48T16beta4.30ms0.026930m0.000939,4.3,202.52,48,16,1370,3.8814795983625985e-9,0.006868169467873864,0.06638673830644073
L48T16beta4.30ms0.026930m0.000939,4.3,202.52,48,16,1371,3.881509747488419e-9,0.006868222815907828,0.06638725396086459
L48T16beta4.30ms0.026930m0.000939,4.3,202.52,48,16,1372,3.88153989661424e-9,0.006868276163941792,0.06638776961528846
L48T16beta4.30ms0.026930m0.000939,4.3,202.52,48,16,1373,3.88157004574006e-9,0.006868329511975756,0.06638828526971231
L48T16beta4.30ms0.026930m0.000939,4.3,202.52,48,16,1374,3.8816001948658806e-9,0.00686838286000972,0.06638880092413618
L48T16beta4.30ms0.026930m0.000939,4.3,202.52,48,16,1375,3.881630343991702e-9,0.006868436208043684,0.06638931657856004
L48T16beta4.30ms0.026930m0.000939,4.3,202.52,48,16,1376,3.881660493117522e-9,0.0068684895560776485,0.06638983223298389
L48T16beta4.30ms0.026930m0.000939,4.3,202.52,48,16,1377,3.881690642243342e-9,0.006868542904111612,0.06639034788740776
L48T16beta4.30ms0.026930m0.000939,4.3,202.52,48,16,1378,3.8817207913691635e-9,0.006868596252145576,0.06639086354183162
L48T16beta4.30ms0.026930m0.000939,4.3,202.52,48,16,1379,3.881750940494984e-9,0.00686864960017954,0.06639137919625548
L48T16beta4.30ms0.026930m0.000939,4.3,202.52,48,16,1380,3.881781089620804e-9,0.006868702948213504,0.06639189485067934
L48T16beta4.30ms0.026930m0.000939,4.3,202.52,48,16,1381,3.881811238746625e-9,0.0068687562962474686,0.0663924105051032
L48T16beta4.30ms0.026930m0.000939,4.3,202.52,48,16,1382,3.881841387872446e-9,0.006868809644281432,0.06639292615952706
L48T16beta4.30ms0.026930m0.000939,4.3,202.52,48,16,1383,3.881871536998266e-9,0.006868862992315396,0.06639344181395092
L48T16beta4.30ms0.026930m0.000939,4.3,202.52,48,16,1384,3.881901686124086e-9,0.00686891634034936,0.06639395746837479
L48T16beta4.30ms0.026930m0.000939,4.3,202.52,48,16,1385,3.8819318352499075e-9,0.006868969688383324,0.06639447312279864
L48T16beta4.30ms0.026930m0.000939,4.3,202.52,48,16,1386,3.881961984375729e-9,0.006869023036417289,0.0663949887772225
L48T16beta4.30ms0.026930m0.000939,4.3,202.52,48,16,1387,3.881992133501549e-9,0.006869076384451252,0.06639550443164637
L48T16beta4.30ms0.026930m0.000939,4.3,202.52,48,16,1388,3.882022282627369e-9,0.0068691297324852164,0.06639602008607022
L48T16beta4.30ms0.026930m0.000939,4.3,202.52,48,16,1389,3.8820524317531896e-9,0.00686918308051918,0.06639653574049409
L48T16beta4.30ms0.026930m0.000939,4.3,202.52,48,16,1390,3.882082580879011e-9,0.006869236428553144,0.06639705139491794
L48T16beta4.30ms0.026930m0.000939,4.3,202.52,48,16,1391,3.882112730004831e-9,0.006869289776587109,0.0663975670493418
L48T16beta4.30ms0.026930m0.000939,4.3,202.52,48,16,1392,3.882142879130651e-9,0.006869343124621072,0.06639808270376567
L48T16beta4.30ms0.026930m0.000939,4.3,202.52,48,16,1393,3.8821730282564725e-9,0.0068693964726550365,0.06639859835818952
L48T16beta4.30ms0.026930m0.000939,4.3,202.52,48,16,1394,3.882203177382293e-9,0.006869449820689001,0.06639911401261339
L48T16beta4.30ms0.026930m0.000939,4.3,202.52,48,16,1395,3.882233326508113e-9,0.006869503168722964,0.06639962966703725
L48T16beta4.30ms0.026930m0.000939,4.3,202.52,48,16,1396,3.882263475633934e-9,0.006869556516756929,0.0664001453214611
L48T16beta4.30ms0.026930m0.000939,4.3,202.52,48,16,1397,3.882293624759755e-9,0.006869609864790892,0.06640066097588497
L48T16beta4.30ms0.026930m0.000939,4.3,202.52,48,16,1398,3.882323773885575e-9,0.0068696632128248565,0.06640117663030883
L48T16beta4.30ms0.026930m0.000939,4.3,202.52,48,16,1399,3.882353923011396e-9,0.006869716560858821,0.0664016922847327
L48T16beta4.30ms0.026930m0.000939,4.3,202.52,48,16,1400,3.8823840721372165e-9,0.006869769908892784,0.06640220793915655
L48T16beta4.30ms0.026930m0.000939,4.3,202.52,48,16,1401,3.882414221263037e-9,0.006869823256926749,0.0664027235935804
L48T16beta4.30ms0.026930m0.000939,4.3,202.52,48,16,1402,3.882444370388857e-9,0.006869876604960712,0.06640323924800427
L48T16beta4.30ms0.026930m0.000939,4.3,202.52,48,16,1403,3.882474519514678e-9,0.0068699299529946765,0.06640375490242813
L48T16beta4.30ms0.026930m0.000939,4.3,202.52,48,16,1404,3.8825046686404986e-9,0.006869983301028641,0.066404270556852
L48T16beta4.30ms0.026930m0.000939,4.3,202.52,48,16,1405,3.882534817766319e-9,0.006870036649062604,0.06640478621127585
L48T16beta4.30ms0.026930m0.000939,4.3,202.52,48,16,1406,3.88256496689214e-9,0.006870089997096569,0.0664053018656997
L48T16beta4.30ms0.026930m0.000939,4.3,202.52,48,16,1407,3.88259511601796e-9,0.006870143345130533,0.06640581752012358
L48T16beta4.30ms0.026930m0.000939,4.3,202.52,48,16,1408,3.882625265143781e-9,0.006870196693164497,0.06640633317454743
L48T16beta4.30ms0.026930m0.000939,4.3,202.52,48,16,1409,3.882655414269602e-9,0.006870250041198461,0.0664068488289713
L48T16beta4.30ms0.026930m0.000939,4.3,202.52,48,16,1410,3.882685563395422e-9,0.006870303389232424,0.06640736448339515
L48T16beta4.30ms0.026930m0.000939,4.3,202.52,48,16,1411,3.882715712521243e-9,0.006870356737266389,0.06640788013781901
L48T16beta4.30ms0.026930m0.000939,4.3,202.52,48,16,1412,3.882745861647064e-9,0.006870410085300353,0.06640839579224288
L48T16beta4.30ms0.026930m0.000939,4.3,202.52,48,16,1413,3.882776010772884e-9,0.006870463433334317,0.06640891144666673
L48T16beta4.30ms0.026930m0.000939,4.3,202.52,48,16,1414,3.882806159898705e-9,0.006870516781368281,0.0664094271010906
L48T16beta4.30ms0.026930m0.000939,4.3,202.52,48,16,1415,3.8828363090245255e-9,0.0068705701294022445,0.06640994275551446
L48T16beta4.30ms0.026930m0.000939,4.3,202.52,48,16,1416,3.882866458150346e-9,0.006870623477436209,0.06641045840993831
L48T16beta4.30ms0.026930m0.000939,4.3,202.52,48,16,1417,3.882896607276167e-9,0.006870676825470173,0.06641097406436218
L48T16beta4.30ms0.026930m0.000939,4.3,202.52,48,16,1418,3.882926756401987e-9,0.006870730173504137,0.06641148971878603
L48T16beta4.30ms0.026930m0.000939,4.3,202.52,48,16,1419,3.8829569055278076e-9,0.006870783521538101,0.0664120053732099
L48T16beta4.30ms0.026930m0.000939,4.3,202.52,48,16,1420,3.882987054653629e-9,0.006870836869572065,0.06641252102763376
L48T16beta4.30ms0.026930m0.000939,4.3,202.52,48,16,1421,3.883017203779449e-9,0.006870890217606029,0.06641303668205761
L48T16beta4.30ms0.026930m0.000939,4.3,202.52,48,16,1422,3.883047352905269e-9,0.006870943565639993,0.06641355233648148
L48T16beta4.30ms0.026930m0.000939,4.3,202.52,48,16,1423,3.88307750203109e-9,0.006870996913673957,0.06641406799090534
L48T16beta4.30ms0.026930m0.000939,4.3,202.52,48,16,1424,3.883107651156911e-9,0.006871050261707921,0.06641458364532919
L48T16beta4.30ms0.026930m0.000939,4.3,202.52,48,16,1425,3.883137800282731e-9,0.006871103609741885,0.06641509929975306
L48T16beta4.30ms0.026930m0.000939,4.3,202.52,48,16,1426,3.8831679494085515e-9,0.006871156957775849,0.06641561495417692
L48T16beta4.30ms0.026930m0.000939,4.3,202.52,48,16,1427,3.883198098534373e-9,0.006871210305809813,0.06641613060860078
L48T16beta4.30ms0.026930m0.000939,4.3,202.52,48,16,1428,3.883228247660193e-9,0.006871263653843777,0.06641664626302464
L48T16beta4.30ms0.026930m0.000939,4.3,202.52,48,16,1429,3.883258396786013e-9,0.006871317001877741,0.0664171619174485
L48T16beta4.30ms0.026930m0.000939,4.3,202.52,48,16,1430,3.8832885459118345e-9,0.006871370349911705,0.06641767757187236
L48T16beta4.30ms0.026930m0.000939,4.3,202.52,48,16,1431,3.883318695037655e-9,0.006871423697945669,0.06641819322629622
L48T16beta4.30ms0.026930m0.000939,4.3,202.52,48,16,1432,3.883348844163475e-9,0.006871477045979633,0.06641870888072009
L48T16beta4.30ms0.026930m0.000939,4.3,202.52,48,16,1433,3.8833789932892954e-9,0.006871530394013597,0.06641922453514394
L48T16beta4.30ms0.026930m0.000939,4.3,202.52,48,16,1434,3.8834091424151166e-9,0.006871583742047561,0.0664197401895678
L48T16beta4.30ms0.026930m0.000939,4.3,202.52,48,16,1435,3.883439291540938e-9,0.0068716370900815255,0.06642025584399167
L48T16beta4.30ms0.026930m0.000939,4.3,202.52,48,16,1436,3.883469440666757e-9,0.006871690438115489,0.06642077149841552
L48T16beta4.30ms0.026930m0.000939,4.3,202.52,48,16,1437,3.883499589792578e-9,0.006871743786149453,0.06642128715283939
L48T16beta4.30ms0.026930m0.000939,4.3,202.52,48,16,1438,3.8835297389183995e-9,0.006871797134183418,0.06642180280726324
L48T16beta4.30ms0.026930m0.000939,4.3,202.52,48,16,1439,3.88355988804422e-9,0.006871850482217381,0.0664223184616871
L48T16beta4.30ms0.026930m0.000939,4.3,202.52,48,16,1440,3.88359003717004e-9,0.0068719038302513455,0.06642283411611097
L48T16beta4.30ms0.026930m0.000939,4.3,202.52,48,16,1441,3.8836201862958605e-9,0.006871957178285309,0.06642334977053482
L48T16beta4.30ms0.026930m0.000939,4.3,202.52,48,16,1442,3.883650335421682e-9,0.006872010526319273,0.06642386542495869
L48T16beta4.30ms0.026930m0.000939,4.3,202.52,48,16,1443,3.883680484547502e-9,0.006872063874353238,0.06642438107938255
L48T16beta4.30ms0.026930m0.000939,4.3,202.52,48,16,1444,3.883710633673322e-9,0.006872117222387201,0.0664248967338064
L48T16beta4.30ms0.026930m0.000939,4.3,202.52,48,16,1445,3.8837407827991435e-9,0.0068721705704211655,0.06642541238823027
L48T16beta4.30ms0.026930m0.000939,4.3,202.52,48,16,1446,3.883770931924964e-9,0.006872223918455129,0.06642592804265413
L48T16beta4.30ms0.026930m0.000939,4.3,202.52,48,16,1447,3.883801081050784e-9,0.006872277266489093,0.066426443697078
L48T16beta4.30ms0.026930m0.000939,4.3,202.52,48,16,1448,3.883831230176605e-9,0.006872330614523058,0.06642695935150185
L48T16beta4.30ms0.026930m0.000939,4.3,202.52,48,16,1449,3.8838613793024256e-9,0.006872383962557021,0.0664274750059257
L48T16beta4.30ms0.026930m0.000939,4.3,202.52,48,16,1450,3.883891528428246e-9,0.0068724373105909856,0.06642799066034957
L48T16beta4.30ms0.026930m0.000939,4.3,202.52,48,16,1451,3.883921677554067e-9,0.00687249065862495,0.06642850631477343
L48T16beta4.30ms0.026930m0.000939,4.3,202.52,48,16,1452,3.883951826679887e-9,0.006872544006658913,0.0664290219691973
L48T16beta4.30ms0.026930m0.000939,4.3,202.52,48,16,1453,3.883981975805708e-9,0.006872597354692878,0.06642953762362115
L48T16beta4.30ms0.026930m0.000939,4.3,202.52,48,16,1454,3.884012124931528e-9,0.006872650702726841,0.066430053278045
L48T16beta4.30ms0.026930m0.000939,4.3,202.52,48,16,1455,3.884042274057349e-9,0.006872704050760806,0.06643056893246888
L48T16beta4.30ms0.026930m0.000939,4.3,202.52,48,16,1456,3.8840724231831695e-9,0.00687275739879477,0.06643108458689273
L48T16beta4.30ms0.026930m0.000939,4.3,202.52,48,16,1457,3.88410257230899e-9,0.0068728107468287334,0.0664316002413166
L48T16beta4.30ms0.026930m0.000939,4.3,202.52,48,16,1458,3.884132721434811e-9,0.006872864094862698,0.06643211589574045
L48T16beta4.30ms0.026930m0.000939,4.3,202.52,48,16,1459,3.884162870560631e-9,0.006872917442896661,0.06643263155016431
L48T16beta4.30ms0.026930m0.000939,4.3,202.52,48,16,1460,3.884193019686452e-9,0.006872970790930626,0.06643314720458818
L48T16beta4.30ms0.026930m0.000939,4.3,202.52,48,16,1461,3.884223168812273e-9,0.00687302413896459,0.06643366285901203
L48T16beta4.30ms0.026930m0.000939,4.3,202.52,48,16,1462,3.884253317938093e-9,0.0068730774869985535,0.0664341785134359
L48T16beta4.30ms0.026930m0.000939,4.3,202.52,48,16,1463,3.884283467063914e-9,0.006873130835032518,0.06643469416785976
L48T16beta4.30ms0.026930m0.000939,4.3,202.52,48,16,1464,3.8843136161897346e-9,0.006873184183066481,0.06643520982228361
L48T16beta4.30ms0.026930m0.000939,4.3,202.52,48,16,1465,3.884343765315555e-9,0.006873237531100446,0.06643572547670748
L48T16beta4.30ms0.026930m0.000939,4.3,202.52,48,16,1466,3.884373914441376e-9,0.00687329087913441,0.06643624113113134
L48T16beta4.30ms0.026930m0.000939,4.3,202.52,48,16,1467,3.884404063567196e-9,0.0068733442271683735,0.0664367567855552
L48T16beta4.30ms0.026930m0.000939,4.3,202.52,48,16,1468,3.884434212693017e-9,0.006873397575202338,0.06643727243997906
L48T16beta4.30ms0.026930m0.000939,4.3,202.52,48,16,1469,3.884464361818838e-9,0.006873450923236302,0.06643778809440291
L48T16beta4.30ms0.026930m0.000939,4.3,202.52,48,16,1470,3.884494510944658e-9,0.006873504271270266,0.06643830374882678
L48T16beta4.30ms0.026930m0.000939,4.3,202.52,48,16,1471,3.8845246600704785e-9,0.00687355761930423,0.06643881940325064
L48T16beta4.30ms0.026930m0.000939,4.3,202.52,48,16,1472,3.884554809196299e-9,0.0068736109673381935,0.0664393350576745
L48T16beta4.30ms0.026930m0.000939,4.3,202.52,48,16,1473,3.88458495832212e-9,0.006873664315372158,0.06643985071209836
L48T16beta4.30ms0.026930m0.000939,4.3,202.52,48,16,1474,3.88461510744794e-9,0.006873717663406122,0.06644036636652222
L48T16beta4.30ms0.026930m0.000939,4.3,202.52,48,16,1475,3.884645256573761e-9,0.006873771011440086,0.06644088202094608
L48T16beta4.30ms0.026930m0.000939,4.3,202.52,48,16,1476,3.884675405699582e-9,0.00687382435947405,0.06644139767536994
L48T16beta4.30ms0.026930m0.000939,4.3,202.52,48,16,1477,3.884705554825402e-9,0.006873877707508014,0.06644191332979381
L48T16beta4.30ms0.026930m0.000939,4.3,202.52,48,16,1478,3.8847357039512224e-9,0.006873931055541978,0.06644242898421766
L48T16beta4.30ms0.026930m0.000939,4.3,202.52,48,16,1479,3.8847658530770436e-9,0.006873984403575942,0.06644294463864152
L48T16beta4.30ms0.026930m0.000939,4.3,202.52,48,16,1480,3.884796002202864e-9,0.006874037751609906,0.06644346029306539
L48T16beta4.30ms0.026930m0.000939,4.3,202.52,48,16,1481,3.884826151328684e-9,0.00687409109964387,0.06644397594748924
L48T16beta4.30ms0.026930m0.000939,4.3,202.52,48,16,1482,3.884856300454505e-9,0.0068741444476778345,0.06644449160191311
L48T16beta4.30ms0.026930m0.000939,4.3,202.52,48,16,1483,3.884886449580326e-9,0.006874197795711798,0.06644500725633697
L48T16beta4.30ms0.026930m0.000939,4.3,202.52,48,16,1484,3.884916598706146e-9,0.006874251143745762,0.06644552291076082
L48T16beta4.30ms0.026930m0.000939,4.3,202.52,48,16,1485,3.884946747831966e-9,0.006874304491779726,0.06644603856518469
L48T16beta4.30ms0.026930m0.000939,4.3,202.52,48,16,1486,3.8849768969577875e-9,0.00687435783981369,0.06644655421960854
L48T16beta4.30ms0.026930m0.000939,4.3,202.52,48,16,1487,3.885007046083609e-9,0.0068744111878476545,0.06644706987403241
L48T16beta4.30ms0.026930m0.000939,4.3,202.52,48,16,1488,3.885037195209429e-9,0.006874464535881618,0.06644758552845627
L48T16beta4.30ms0.026930m0.000939,4.3,202.52,48,16,1489,3.885067344335249e-9,0.006874517883915582,0.06644810118288012
L48T16beta4.30ms0.026930m0.000939,4.3,202.52,48,16,1490,3.88509749346107e-9,0.006874571231949546,0.06644861683730399
L48T16beta4.30ms0.026930m0.000939,4.3,202.52,48,16,1491,3.885127642586891e-9,0.00687462457998351,0.06644913249172785
L48T16beta4.30ms0.026930m0.000939,4.3,202.52,48,16,1492,3.885157791712711e-9,0.0068746779280174745,0.06644964814615172
L48T16beta4.30ms0.026930m0.000939,4.3,202.52,48,16,1493,3.8851879408385314e-9,0.006874731276051438,0.06645016380057557
L48T16beta4.30ms0.026930m0.000939,4.3,202.52,48,16,1494,3.8852180899643526e-9,0.006874784624085402,0.06645067945499943
L48T16beta4.30ms0.026930m0.000939,4.3,202.52,48,16,1495,3.885248239090173e-9,0.006874837972119366,0.0664511951094233
L48T16beta4.30ms0.026930m0.000939,4.3,202.52,48,16,1496,3.885278388215993e-9,0.00687489132015333,0.06645171076384715
L48T16beta4.30ms0.026930m0.000939,4.3,202.52,48,16,1497,3.885308537341814e-9,0.006874944668187295,0.06645222641827102
L48T16beta4.30ms0.026930m0.000939,4.3,202.52,48,16,1498,3.885338686467635e-9,0.006874998016221258,0.06645274207269487
L48T16beta4.30ms0.026930m0.000939,4.3,202.52,48,16,1499,3.885368835593455e-9,0.006875051364255222,0.06645325772711873
L48T16beta4.30ms0.026930m0.000939,4.3,202.52,48,16,1500,3.885398984719276e-9,0.006875104712289187,0.0664537733815426
L48T16beta4.30ms0.026930m0.000939,4.3,202.52,48,16,1501,3.8854291338450965e-9,0.00687515806032315,0.06645428903596645
L48T16beta4.30ms0.026930m0.000939,4.3,202.52,48,16,1502,3.885459282970917e-9,0.006875211408357115,0.06645480469039032
L48T16beta4.30ms0.026930m0.000939,4.3,202.52,48,16,1503,3.885489432096737e-9,0.006875264756391078,0.06645532034481418
L48T16beta4.30ms0.026930m0.000939,4.3,202.52,48,16,1504,3.885519581222558e-9,0.0068753181044250425,0.06645583599923803
L48T16beta4.30ms0.026930m0.000939,4.3,202.52,48,16,1505,3.885549730348379e-9,0.006875371452459007,0.0664563516536619
L48T16beta4.30ms0.026930m0.000939,4.3,202.52,48,16,1506,3.885579879474199e-9,0.00687542480049297,0.06645686730808575
L48T16beta4.30ms0.026930m0.000939,4.3,202.52,48,16,1507,3.88561002860002e-9,0.006875478148526935,0.06645738296250962
L48T16beta4.30ms0.026930m0.000939,4.3,202.52,48,16,1508,3.8856401777258404e-9,0.006875531496560898,0.06645789861693348
L48T16beta4.30ms0.026930m0.000939,4.3,202.52,48,16,1509,3.885670326851661e-9,0.0068755848445948625,0.06645841427135733
L48T16beta4.30ms0.026930m0.000939,4.3,202.52,48,16,1510,3.885700475977482e-9,0.006875638192628827,0.0664589299257812
L48T16beta4.30ms0.026930m0.000939,4.3,202.52,48,16,1511,3.885730625103302e-9,0.00687569154066279,0.06645944558020506
L48T16beta4.30ms0.026930m0.000939,4.3,202.52,48,16,1512,3.885760774229123e-9,0.006875744888696755,0.06645996123462891
L48T16beta4.30ms0.026930m0.000939,4.3,202.52,48,16,1513,3.885790923354944e-9,0.006875798236730719,0.06646047688905278
L48T16beta4.30ms0.026930m0.000939,4.3,202.52,48,16,1514,3.885821072480764e-9,0.0068758515847646825,0.06646099254347664
L48T16beta4.30ms0.026930m0.000939,4.3,202.52,48,16,1515,3.885851221606585e-9,0.006875904932798647,0.0664615081979005
L48T16beta4.30ms0.026930m0.000939,4.3,202.52,48,16,1516,3.8858813707324055e-9,0.00687595828083261,0.06646202385232436
L48T16beta4.30ms0.026930m0.000939,4.3,202.52,48,16,1517,3.885911519858226e-9,0.006876011628866575,0.06646253950674821
L48T16beta4.30ms0.026930m0.000939,4.3,202.52,48,16,1518,3.885941668984047e-9,0.006876064976900539,0.06646305516117208
L48T16beta4.30ms0.026930m0.000939,4.3,202.52,48,16,1519,3.885971818109867e-9,0.0068761183249345026,0.06646357081559594
L48T16beta4.30ms0.026930m0.000939,4.3,202.52,48,16,1520,3.886001967235688e-9,0.006876171672968467,0.0664640864700198
L48T16beta4.30ms0.026930m0.000939,4.3,202.52,48,16,1521,3.886032116361508e-9,0.00687622502100243,0.06646460212444366
L48T16beta4.30ms0.026930m0.000939,4.3,202.52,48,16,1522,3.886062265487329e-9,0.006876278369036395,0.06646511777886752
L48T16beta4.30ms0.026930m0.000939,4.3,202.52,48,16,1523,3.8860924146131494e-9,0.006876331717070359,0.06646563343329139
L48T16beta4.30ms0.026930m0.000939,4.3,202.52,48,16,1524,3.88612256373897e-9,0.006876385065104323,0.06646614908771524
L48T16beta4.30ms0.026930m0.000939,4.3,202.52,48,16,1525,3.886152712864791e-9,0.006876438413138287,0.06646666474213911
L48T16beta4.30ms0.026930m0.000939,4.3,202.52,48,16,1526,3.886182861990611e-9,0.006876491761172251,0.06646718039656296
L48T16beta4.30ms0.026930m0.000939,4.3,202.52,48,16,1527,3.8862130111164315e-9,0.006876545109206215,0.06646769605098682
L48T16beta4.30ms0.026930m0.000939,4.3,202.52,48,16,1528,3.886243160242253e-9,0.006876598457240179,0.06646821170541069
L48T16beta4.30ms0.026930m0.000939,4.3,202.52,48,16,1529,3.886273309368073e-9,0.006876651805274143,0.06646872735983454
L48T16beta4.30ms0.026930m0.000939,4.3,202.52,48,16,1530,3.886303458493893e-9,0.006876705153308107,0.06646924301425841
L48T16beta4.30ms0.026930m0.000939,4.3,202.52,48,16,1531,3.8863336076197145e-9,0.006876758501342071,0.06646975866868227
L48T16beta4.30ms0.026930m0.000939,4.3,202.52,48,16,1532,3.886363756745535e-9,0.006876811849376035,0.06647027432310612
L48T16beta4.30ms0.026930m0.000939,4.3,202.52,48,16,1533,3.886393905871355e-9,0.006876865197409999,0.06647078997752999
L48T16beta4.30ms0.026930m0.000939,4.3,202.52,48,16,1534,3.8864240549971755e-9,0.006876918545443963,0.06647130563195384
L48T16beta4.30ms0.026930m0.000939,4.3,202.52,48,16,1535,3.886454204122997e-9,0.006876971893477927,0.06647182128637771
L48T16beta4.30ms0.026930m0.000939,4.3,202.52,48,16,1536,3.886484353248818e-9,0.006877025241511891,0.06647233694080157
L48T16beta4.30ms0.026930m0.000939,4.3,202.52,48,16,1537,3.886514502374637e-9,0.006877078589545855,0.06647285259522542
L48T16beta4.30ms0.026930m0.000939,4.3,202.52,48,16,1538,3.8865446515004584e-9,0.006877131937579819,0.06647336824964929
L48T16beta4.30ms0.026930m0.000939,4.3,202.52,48,16,1539,3.886574800626279e-9,0.006877185285613783,0.06647388390407315
L48T16beta4.30ms0.026930m0.000939,4.3,202.52,48,16,1540,3.8866049497521e-9,0.006877238633647747,0.06647439955849702
L48T16beta4.30ms0.026930m0.000939,4.3,202.52,48,16,1541,3.88663509887792e-9,0.006877291981681711,0.06647491521292087
L48T16beta4.30ms0.026930m0.000939,4.3,202.52,48,16,1542,3.8866652480037405e-9,0.006877345329715675,0.06647543086734473
L48T16beta4.30ms0.026930m0.000939,4.3,202.52,48,16,1543,3.886695397129562e-9,0.006877398677749639,0.0664759465217686
L48T16beta4.30ms0.026930m0.000939,4.3,202.52,48,16,1544,3.886725546255382e-9,0.006877452025783604,0.06647646217619245
L48T16beta4.30ms0.026930m0.000939,4.3,202.52,48,16,1545,3.886755695381202e-9,0.006877505373817567,0.06647697783061632
L48T16beta4.30ms0.026930m0.000939,4.3,202.52,48,16,1546,3.8867858445070235e-9,0.0068775587218515314,0.06647749348504017
L48T16beta4.30ms0.026930m0.000939,4.3,202.52,48,16,1547,3.886815993632844e-9,0.006877612069885495,0.06647800913946403
L48T16beta4.30ms0.026930m0.000939,4.3,202.52,48,16,1548,3.886846142758664e-9,0.006877665417919459,0.0664785247938879
L48T16beta4.30ms0.026930m0.000939,4.3,202.52,48,16,1549,3.886876291884485e-9,0.006877718765953424,0.06647904044831175
L48T16beta4.30ms0.026930m0.000939,4.3,202.52,48,16,1550,3.886906441010306e-9,0.006877772113987387,0.06647955610273562
L48T16beta4.30ms0.026930m0.000939,4.3,202.52,48,16,1551,3.886936590136126e-9,0.0068778254620213515,0.06648007175715948
L48T16beta4.30ms0.026930m0.000939,4.3,202.52,48,16,1552,3.886966739261946e-9,0.006877878810055315,0.06648058741158333
L48T16beta4.30ms0.026930m0.000939,4.3,202.52,48,16,1553,3.8869968883877674e-9,0.006877932158089279,0.0664811030660072
L48T16beta4.30ms0.026930m0.000939,4.3,202.52,48,16,1554,3.887027037513588e-9,0.006877985506123244,0.06648161872043105
L48T16beta4.30ms0.026930m0.000939,4.3,202.52,48,16,1555,3.887057186639408e-9,0.006878038854157207,0.06648213437485492
L48T16beta4.30ms0.026930m0.000939,4.3,202.52,48,16,1556,3.887087335765229e-9,0.0068780922021911715,0.06648265002927878
L48T16beta4.30ms0.026930m0.000939,4.3,202.52,48,16,1557,3.8871174848910495e-9,0.006878145550225136,0.06648316568370263
L48T16beta4.30ms0.026930m0.000939,4.3,202.52,48,16,1558,3.88714763401687e-9,0.006878198898259099,0.0664836813381265
L48T16beta4.30ms0.026930m0.000939,4.3,202.52,48,16,1559,3.887177783142691e-9,0.006878252246293064,0.06648419699255036
L48T16beta4.30ms0.026930m0.000939,4.3,202.52,48,16,1560,3.887207932268511e-9,0.006878305594327027,0.06648471264697423
L48T16beta4.30ms0.026930m0.000939,4.3,202.52,48,16,1561,3.887238081394332e-9,0.0068783589423609915,0.06648522830139808
L48T16beta4.30ms0.026930m0.000939,4.3,202.52,48,16,1562,3.887268230520153e-9,0.006878412290394956,0.06648574395582194
L48T16beta4.30ms0.026930m0.000939,4.3,202.52,48,16,1563,3.887298379645973e-9,0.006878465638428919,0.0664862596102458
L48T16beta4.30ms0.026930m0.000939,4.3,202.52,48,16,1564,3.887328528771794e-9,0.006878518986462884,0.06648677526466966
L48T16beta4.30ms0.026930m0.000939,4.3,202.52,48,16,1565,3.887358677897615e-9,0.006878572334496847,0.06648729091909353
L48T16beta4.30ms0.026930m0.000939,4.3,202.52,48,16,1566,3.887388827023435e-9,0.006878625682530812,0.06648780657351738
L48T16beta4.30ms0.026930m0.000939,4.3,202.52,48,16,1567,3.887418976149256e-9,0.006878679030564776,0.06648832222794124
L48T16beta4.30ms0.026930m0.000939,4.3,202.52,48,16,1568,3.887449125275076e-9,0.006878732378598739,0.0664888378823651
L48T16beta4.30ms0.026930m0.000939,4.3,202.52,48,16,1569,3.887479274400897e-9,0.006878785726632704,0.06648935353678896
L48T16beta4.30ms0.026930m0.000939,4.3,202.52,48,16,1570,3.887509423526718e-9,0.006878839074666668,0.06648986919121283
L48T16beta4.30ms0.026930m0.000939,4.3,202.52,48,16,1571,3.887539572652538e-9,0.006878892422700632,0.06649038484563669
L48T16beta4.30ms0.026930m0.000939,4.3,202.52,48,16,1572,3.8875697217783585e-9,0.006878945770734596,0.06649090050006054
L48T16beta4.30ms0.026930m0.000939,4.3,202.52,48,16,1573,3.887599870904179e-9,0.0068789991187685594,0.06649141615448441
L48T16beta4.30ms0.026930m0.000939,4.3,202.52,48,16,1574,3.88763002003e-9,0.006879052466802524,0.06649193180890826
L48T16beta4.30ms0.026930m0.000939,4.3,202.52,48,16,1575,3.88766016915582e-9,0.006879105814836488,0.06649244746333213
L48T16beta4.30ms0.026930m0.000939,4.3,202.52,48,16,1576,3.887690318281641e-9,0.006879159162870452,0.06649296311775599
L48T16beta4.30ms0.026930m0.000939,4.3,202.52,48,16,1577,3.887720467407462e-9,0.006879212510904416,0.06649347877217984
L48T16beta4.30ms0.026930m0.000939,4.3,202.52,48,16,1578,3.887750616533282e-9,0.0068792658589383795,0.06649399442660371
L48T16beta4.30ms0.026930m0.000939,4.3,202.52,48,16,1579,3.8877807656591025e-9,0.006879319206972344,0.06649451008102757
L48T16beta4.30ms0.026930m0.000939,4.3,202.52,48,16,1580,3.887810914784924e-9,0.006879372555006308,0.06649502573545144
L48T16beta4.30ms0.026930m0.000939,4.3,202.52,48,16,1581,3.887841063910744e-9,0.006879425903040272,0.06649554138987529
L48T16beta4.30ms0.026930m0.000939,4.3,202.52,48,16,1582,3.887871213036564e-9,0.006879479251074236,0.06649605704429914
L48T16beta4.30ms0.026930m0.000939,4.3,202.52,48,16,1583,3.8879013621623846e-9,0.0068795325991081995,0.06649657269872301
L48T16beta4.30ms0.026930m0.000939,4.3,202.52,48,16,1584,3.887931511288206e-9,0.006879585947142164,0.06649708835314687
L48T16beta4.30ms0.026930m0.000939,4.3,202.52,48,16,1585,3.887961660414026e-9,0.006879639295176128,0.06649760400757074
L48T16beta4.30ms0.026930m0.000939,4.3,202.52,48,16,1586,3.887991809539846e-9,0.006879692643210092,0.06649811966199459
L48T16beta4.30ms0.026930m0.000939,4.3,202.52,48,16,1587,3.8880219586656675e-9,0.006879745991244056,0.06649863531641845
L48T16beta4.30ms0.026930m0.000939,4.3,202.52,48,16,1588,3.888052107791489e-9,0.00687979933927802,0.06649915097084232
L48T16beta4.30ms0.026930m0.000939,4.3,202.52,48,16,1589,3.888082256917309e-9,0.006879852687311984,0.06649966662526617
L48T16beta4.30ms0.026930m0.000939,4.3,202.52,48,16,1590,3.888112406043129e-9,0.006879906035345948,0.06650018227969004
L48T16beta4.30ms0.026930m0.000939,4.3,202.52,48,16,1591,3.88814255516895e-9,0.006879959383379912,0.0665006979341139
L48T16beta4.30ms0.026930m0.000939,4.3,202.52,48,16,1592,3.888172704294771e-9,0.006880012731413876,0.06650121358853775
L48T16beta4.30ms0.026930m0.000939,4.3,202.52,48,16,1593,3.888202853420591e-9,0.0068800660794478405,0.06650172924296162
L48T16beta4.30ms0.026930m0.000939,4.3,202.52,48,16,1594,3.8882330025464115e-9,0.006880119427481804,0.06650224489738547
L48T16beta4.30ms0.026930m0.000939,4.3,202.52,48,16,1595,3.888263151672233e-9,0.006880172775515768,0.06650276055180934
L48T16beta4.30ms0.026930m0.000939,4.3,202.52,48,16,1596,3.888293300798053e-9,0.006880226123549732,0.0665032762062332
L48T16beta4.30ms0.026930m0.000939,4.3,202.52,48,16,1597,3.888323449923873e-9,0.006880279471583696,0.06650379186065705
L48T16beta4.30ms0.026930m0.000939,4.3,202.52,48,16,1598,3.888353599049694e-9,0.0068803328196176605,0.06650430751508092
L48T16beta4.30ms0.026930m0.000939,4.3,202.52,48,16,1599,3.888383748175515e-9,0.006880386167651624,0.06650482316950478
L48T16beta4.30ms0.026930m0.000939,4.3,202.52,48,16,1600,3.888413897301335e-9,0.006880439515685588,0.06650533882392863
L48T16beta4.30ms0.026930m0.000939,4.3,202.52,48,16,1601,3.888444046427156e-9,0.006880492863719553,0.0665058544783525
L48T16beta4.30ms0.026930m0.000939,4.3,202.52,48,16,1602,3.8884741955529765e-9,0.006880546211753516,0.06650637013277635
L48T16beta4.30ms0.026930m0.000939,4.3,202.52,48,16,1603,3.888504344678797e-9,0.0068805995597874805,0.06650688578720022
L48T16beta4.30ms0.026930m0.000939,4.3,202.52,48,16,1604,3.888534493804617e-9,0.006880652907821444,0.06650740144162408
L48T16beta4.30ms0.026930m0.000939,4.3,202.52,48,16,1605,3.888564642930438e-9,0.006880706255855408,0.06650791709604793
L48T16beta4.30ms0.026930m0.000939,4.3,202.52,48,16,1606,3.888594792056259e-9,0.006880759603889373,0.0665084327504718
L48T16beta4.30ms0.026930m0.000939,4.3,202.52,48,16,1607,3.888624941182079e-9,0.006880812951923336,0.06650894840489566
L48T16beta4.30ms0.026930m0.000939,4.3,202.52,48,16,1608,3.8886550903079e-9,0.0068808662999573006,0.06650946405931953
L48T16beta4.30ms0.026930m0.000939,4.3,202.52,48,16,1609,3.8886852394337205e-9,0.006880919647991264,0.06650997971374338
L48T16beta4.30ms0.026930m0.000939,4.3,202.52,48,16,1610,3.888715388559541e-9,0.006880972996025228,0.06651049536816724
L48T16beta4.30ms0.026930m0.000939,4.3,202.52,48,16,1611,3.888745537685362e-9,0.006881026344059193,0.0665110110225911
L48T16beta4.30ms0.026930m0.000939,4.3,202.52,48,16,1612,3.888775686811182e-9,0.006881079692093156,0.06651152667701496
L48T16beta4.30ms0.026930m0.000939,4.3,202.52,48,16,1613,3.888805835937003e-9,0.006881133040127121,0.06651204233143883
L48T16beta4.30ms0.026930m0.000939,4.3,202.52,48,16,1614,3.888835985062823e-9,0.006881186388161084,0.06651255798586268
L48T16beta4.30ms0.026930m0.000939,4.3,202.52,48,16,1615,3.888866134188644e-9,0.006881239736195048,0.06651307364028654
L48T16beta4.30ms0.026930m0.000939,4.3,202.52,48,16,1616,3.888896283314465e-9,0.006881293084229013,0.0665135892947104
L48T16beta4.30ms0.026930m0.000939,4.3,202.52,48,16,1617,3.8889264324402855e-9,0.006881346432262976,0.06651410494913426
L48T16beta4.30ms0.026930m0.000939,4.3,202.52,48,16,1618,3.888956581566106e-9,0.006881399780296941,0.06651462060355813
L48T16beta4.30ms0.026930m0.000939,4.3,202.52,48,16,1619,3.888986730691927e-9,0.006881453128330905,0.06651513625798199
L48T16beta4.30ms0.026930m0.000939,4.3,202.52,48,16,1620,3.889016879817747e-9,0.0068815064763648685,0.06651565191240584
L48T16beta4.30ms0.026930m0.000939,4.3,202.52,48,16,1621,3.889047028943568e-9,0.006881559824398833,0.06651616756682971
L48T16beta4.30ms0.026930m0.000939,4.3,202.52,48,16,1622,3.889077178069388e-9,0.006881613172432796,0.06651668322125356
L48T16beta4.30ms0.026930m0.000939,4.3,202.52,48,16,1623,3.889107327195209e-9,0.006881666520466761,0.06651719887567743
L48T16beta4.30ms0.026930m0.000939,4.3,202.52,48,16,1624,3.8891374763210295e-9,0.006881719868500725,0.06651771453010129
L48T16beta4.30ms0.026930m0.000939,4.3,202.52,48,16,1625,3.88916762544685e-9,0.0068817732165346885,0.06651823018452514
L48T16beta4.30ms0.026930m0.000939,4.3,202.52,48,16,1626,3.889197774572671e-9,0.006881826564568653,0.06651874583894901
L48T16beta4.30ms0.026930m0.000939,4.3,202.52,48,16,1627,3.889227923698491e-9,0.006881879912602616,0.06651926149337287
L48T16beta4.30ms0.026930m0.000939,4.3,202.52,48,16,1628,3.8892580728243116e-9,0.006881933260636581,0.06651977714779674
L48T16beta4.30ms0.026930m0.000939,4.3,202.52,48,16,1629,3.889288221950133e-9,0.006881986608670545,0.06652029280222059
L48T16beta4.30ms0.026930m0.000939,4.3,202.52,48,16,1630,3.889318371075953e-9,0.0068820399567045085,0.06652080845664445
L48T16beta4.30ms0.026930m0.000939,4.3,202.52,48,16,1631,3.889348520201773e-9,0.006882093304738473,0.06652132411106831
L48T16beta4.30ms0.026930m0.000939,4.3,202.52,48,16,1632,3.8893786693275945e-9,0.006882146652772437,0.06652183976549217
L48T16beta4.30ms0.026930m0.000939,4.3,202.52,48,16,1633,3.889408818453415e-9,0.006882200000806401,0.06652235541991604
L48T16beta4.30ms0.026930m0.000939,4.3,202.52,48,16,1634,3.889438967579235e-9,0.006882253348840365,0.06652287107433989
L48T16beta4.30ms0.026930m0.000939,4.3,202.52,48,16,1635,3.8894691167050555e-9,0.006882306696874329,0.06652338672876375
L48T16beta4.30ms0.026930m0.000939,4.3,202.52,48,16,1636,3.889499265830877e-9,0.006882360044908293,0.06652390238318762
L48T16beta4.30ms0.026930m0.000939,4.3,202.52,48,16,1637,3.889529414956698e-9,0.006882413392942257,0.06652441803761147
L48T16beta4.30ms0.026930m0.000939,4.3,202.52,48,16,1638,3.889559564082517e-9,0.006882466740976221,0.06652493369203534
L48T16beta4.30ms0.026930m0.000939,4.3,202.52,48,16,1639,3.8895897132083385e-9,0.006882520089010185,0.0665254493464592
L48T16beta4.30ms0.026930m0.000939,4.3,202.52,48,16,1640,3.889619862334159e-9,0.006882573437044149,0.06652596500088305
L48T16beta4.30ms0.026930m0.000939,4.3,202.52,48,16,1641,3.88965001145998e-9,0.006882626785078113,0.06652648065530692
L48T16beta4.30ms0.026930m0.000939,4.3,202.52,48,16,1642,3.8896801605858e-9,0.006882680133112077,0.06652699630973077
L48T16beta4.30ms0.026930m0.000939,4.3,202.52,48,16,1643,3.8897103097116206e-9,0.006882733481146041,0.06652751196415464
L48T16beta4.30ms0.026930m0.000939,4.3,202.52,48,16,1644,3.889740458837442e-9,0.006882786829180005,0.0665280276185785
L48T16beta4.30ms0.026930m0.000939,4.3,202.52,48,16,1645,3.889770607963262e-9,0.0068828401772139695,0.06652854327300235
L48T16beta4.30ms0.026930m0.000939,4.3,202.52,48,16,1646,3.889800757089082e-9,0.006882893525247933,0.06652905892742622
L48T16beta4.30ms0.026930m0.000939,4.3,202.52,48,16,1647,3.8898309062149035e-9,0.006882946873281897,0.06652957458185008
L48T16beta4.30ms0.026930m0.000939,4.3,202.52,48,16,1648,3.889861055340724e-9,0.006883000221315861,0.06653009023627394
L48T16beta4.30ms0.026930m0.000939,4.3,202.52,48,16,1649,3.889891204466544e-9,0.006883053569349825,0.0665306058906978
L48T16beta4.30ms0.026930m0.000939,4.3,202.52,48,16,1650,3.889921353592365e-9,0.0068831069173837895,0.06653112154512165
L48T16beta4.30ms0.026930m0.000939,4.3,202.52,48,16,1651,3.889951502718186e-9,0.006883160265417753,0.06653163719954552
L48T16beta4.30ms0.026930m0.000939,4.3,202.52,48,16,1652,3.889981651844006e-9,0.006883213613451717,0.06653215285396938
L48T16beta4.30ms0.026930m0.000939,4.3,202.52,48,16,1653,3.890011800969826e-9,0.006883266961485681,0.06653266850839325
L48T16beta4.30ms0.026930m0.000939,4.3,202.52,48,16,1654,3.8900419500956475e-9,0.006883320309519645,0.0665331841628171
L48T16beta4.30ms0.026930m0.000939,4.3,202.52,48,16,1655,3.890072099221468e-9,0.00688337365755361,0.06653369981724096
L48T16beta4.30ms0.026930m0.000939,4.3,202.52,48,16,1656,3.890102248347288e-9,0.006883427005587573,0.06653421547166483
L48T16beta4.30ms0.026930m0.000939,4.3,202.52,48,16,1657,3.890132397473109e-9,0.006883480353621537,0.06653473112608868
L48T16beta4.30ms0.026930m0.000939,4.3,202.52,48,16,1658,3.8901625465989296e-9,0.006883533701655501,0.06653524678051255
L48T16beta4.30ms0.026930m0.000939,4.3,202.52,48,16,1659,3.89019269572475e-9,0.006883587049689465,0.0665357624349364
L48T16beta4.30ms0.026930m0.000939,4.3,202.52,48,16,1660,3.890222844850571e-9,0.00688364039772343,0.06653627808936026
L48T16beta4.30ms0.026930m0.000939,4.3,202.52,48,16,1661,3.890252993976391e-9,0.006883693745757393,0.06653679374378413
L48T16beta4.30ms0.026930m0.000939,4.3,202.52,48,16,1662,3.890283143102212e-9,0.0068837470937913574,0.06653730939820798
L48T16beta4.30ms0.026930m0.000939,4.3,202.52,48,16,1663,3.890313292228033e-9,0.006883800441825322,0.06653782505263185
L48T16beta4.30ms0.026930m0.000939,4.3,202.52,48,16,1664,3.890343441353853e-9,0.006883853789859285,0.06653834070705571
L48T16beta4.30ms0.026930m0.000939,4.3,202.52,48,16,1665,3.890373590479674e-9,0.00688390713789325,0.06653885636147956
L48T16beta4.30ms0.026930m0.000939,4.3,202.52,48,16,1666,3.890403739605495e-9,0.006883960485927213,0.06653937201590343
L48T16beta4.30ms0.026930m0.000939,4.3,202.52,48,16,1667,3.890433888731315e-9,0.0068840138339611775,0.06653988767032729
L48T16beta4.30ms0.026930m0.000939,4.3,202.52,48,16,1668,3.890464037857136e-9,0.006884067181995142,0.06654040332475115
L48T16beta4.30ms0.026930m0.000939,4.3,202.52,48,16,1669,3.8904941869829565e-9,0.006884120530029105,0.06654091897917501
L48T16beta4.30ms0.026930m0.000939,4.3,202.52,48,16,1670,3.890524336108777e-9,0.00688417387806307,0.06654143463359886
L48T16beta4.30ms0.026930m0.000939,4.3,202.52,48,16,1671,3.890554485234597e-9,0.006884227226097033,0.06654195028802273
L48T16beta4.30ms0.026930m0.000939,4.3,202.52,48,16,1672,3.890584634360418e-9,0.0068842805741309975,0.06654246594244659
L48T16beta4.30ms0.026930m0.000939,4.3,202.52,48,16,1673,3.8906147834862386e-9,0.006884333922164962,0.06654298159687046
L48T16beta4.30ms0.026930m0.000939,4.3,202.52,48,16,1674,3.890644932612059e-9,0.006884387270198925,0.06654349725129431
L48T16beta4.30ms0.026930m0.000939,4.3,202.52,48,16,1675,3.89067508173788e-9,0.00688444061823289,0.06654401290571817
L48T16beta4.30ms0.026930m0.000939,4.3,202.52,48,16,1676,3.8907052308637e-9,0.006884493966266854,0.06654452856014204
L48T16beta4.30ms0.026930m0.000939,4.3,202.52,48,16,1677,3.890735379989521e-9,0.0068845473143008176,0.06654504421456589
L48T16beta4.30ms0.026930m0.000939,4.3,202.52,48,16,1678,3.890765529115342e-9,0.006884600662334782,0.06654555986898976
L48T16beta4.30ms0.026930m0.000939,4.3,202.52,48,16,1679,3.890795678241162e-9,0.006884654010368745,0.06654607552341361
L48T16beta4.30ms0.026930m0.000939,4.3,202.52,48,16,1680,3.8908258273669825e-9,0.00688470735840271,0.06654659117783747
L48T16beta4.30ms0.026930m0.000939,4.3,202.52,48,16,1681,3.890855976492804e-9,0.006884760706436674,0.06654710683226134
L48T16beta4.30ms0.026930m0.000939,4.3,202.52,48,16,1682,3.890886125618624e-9,0.006884814054470638,0.06654762248668519
L48T16beta4.30ms0.026930m0.000939,4.3,202.52,48,16,1683,3.890916274744444e-9,0.006884867402504602,0.06654813814110906
L48T16beta4.30ms0.026930m0.000939,4.3,202.52,48,16,1684,3.890946423870265e-9,0.006884920750538565,0.06654865379553292
L48T16beta4.30ms0.026930m0.000939,4.3,202.52,48,16,1685,3.890976572996086e-9,0.00688497409857253,0.06654916944995677
L48T16beta4.30ms0.026930m0.000939,4.3,202.52,48,16,1686,3.891006722121906e-9,0.006885027446606494,0.06654968510438064
L48T16beta4.30ms0.026930m0.000939,4.3,202.52,48,16,1687,3.8910368712477264e-9,0.006885080794640458,0.0665502007588045
L48T16beta4.30ms0.026930m0.000939,4.3,202.52,48,16,1688,3.8910670203735476e-9,0.006885134142674422,0.06655071641322835
L48T16beta4.30ms0.026930m0.000939,4.3,202.52,48,16,1689,3.891097169499369e-9,0.006885187490708386,0.06655123206765222
L48T16beta4.30ms0.026930m0.000939,4.3,202.52,48,16,1690,3.891127318625189e-9,0.00688524083874235,0.06655174772207607
L48T16beta4.30ms0.026930m0.000939,4.3,202.52,48,16,1691,3.891157467751009e-9,0.006885294186776314,0.06655226337649994
L48T16beta4.30ms0.026930m0.000939,4.3,202.52,48,16,1692,3.89118761687683e-9,0.006885347534810278,0.0665527790309238
L48T16beta4.30ms0.026930m0.000939,4.3,202.52,48,16,1693,3.891217766002651e-9,0.006885400882844242,0.06655329468534765
L48T16beta4.30ms0.026930m0.000939,4.3,202.52,48,16,1694,3.891247915128471e-9,0.006885454230878206,0.06655381033977152
L48T16beta4.30ms0.026930m0.000939,4.3,202.52,48,16,1695,3.8912780642542915e-9,0.00688550757891217,0.06655432599419538
L48T16beta4.30ms0.026930m0.000939,4.3,202.52,48,16,1696,3.891308213380113e-9,0.006885560926946134,0.06655484164861925
L48T16beta4.30ms0.026930m0.000939,4.3,202.52,48,16,1697,3.891338362505933e-9,0.006885614274980098,0.0665553573030431
L48T16beta4.30ms0.026930m0.000939,4.3,202.52,48,16,1698,3.891368511631753e-9,0.006885667623014062,0.06655587295746695
L48T16beta4.30ms0.026930m0.000939,4.3,202.52,48,16,1699,3.8913986607575745e-9,0.006885720971048026,0.06655638861189082
L48T16beta4.30ms0.026930m0.000939,4.3,202.52,48,16,1700,3.891428809883395e-9,0.00688577431908199,0.06655690426631468
L48T16beta4.30ms0.026930m0.000939,4.3,202.52,48,16,1701,3.891458959009215e-9,0.006885827667115954,0.06655741992073855
L48T16beta4.30ms0.026930m0.000939,4.3,202.52,48,16,1702,3.8914891081350354e-9,0.006885881015149918,0.0665579355751624
L48T16beta4.30ms0.026930m0.000939,4.3,202.52,48,16,1703,3.8915192572608566e-9,0.006885934363183882,0.06655845122958626
L48T16beta4.30ms0.026930m0.000939,4.3,202.52,48,16,1704,3.891549406386677e-9,0.006885987711217846,0.06655896688401013
L48T16beta4.30ms0.026930m0.000939,4.3,202.52,48,16,1705,3.891579555512497e-9,0.00688604105925181,0.06655948253843398
L48T16beta4.30ms0.026930m0.000939,4.3,202.52,48,16,1706,3.891609704638318e-9,0.006886094407285774,0.06655999819285785
L48T16beta4.30ms0.026930m0.000939,4.3,202.52,48,16,1707,3.891639853764139e-9,0.006886147755319739,0.0665605138472817
L48T16beta4.30ms0.026930m0.000939,4.3,202.52,48,16,1708,3.891670002889959e-9,0.006886201103353702,0.06656102950170556
L48T16beta4.30ms0.026930m0.000939,4.3,202.52,48,16,1709,3.89170015201578e-9,0.0068862544513876665,0.06656154515612943
L48T16beta4.30ms0.026930m0.000939,4.3,202.52,48,16,1710,3.8917303011416005e-9,0.00688630779942163,0.06656206081055328
L48T16beta4.30ms0.026930m0.000939,4.3,202.52,48,16,1711,3.891760450267421e-9,0.006886361147455594,0.06656257646497715
L48T16beta4.30ms0.026930m0.000939,4.3,202.52,48,16,1712,3.891790599393242e-9,0.006886414495489559,0.06656309211940101
L48T16beta4.30ms0.026930m0.000939,4.3,202.52,48,16,1713,3.891820748519062e-9,0.006886467843523522,0.06656360777382486
L48T16beta4.30ms0.026930m0.000939,4.3,202.52,48,16,1714,3.8918508976448834e-9,0.0068865211915574865,0.06656412342824873
L48T16beta4.30ms0.026930m0.000939,4.3,202.52,48,16,1715,3.891881046770703e-9,0.00688657453959145,0.06656463908267259
L48T16beta4.30ms0.026930m0.000939,4.3,202.52,48,16,1716,3.891911195896524e-9,0.006886627887625414,0.06656515473709645
L48T16beta4.30ms0.026930m0.000939,4.3,202.52,48,16,1717,3.891941345022345e-9,0.006886681235659379,0.06656567039152031
L48T16beta4.30ms0.026930m0.000939,4.3,202.52,48,16,1718,3.8919714941481656e-9,0.006886734583693342,0.06656618604594416
L48T16beta4.30ms0.026930m0.000939,4.3,202.52,48,16,1719,3.892001643273986e-9,0.0068867879317273065,0.06656670170036803
L48T16beta4.30ms0.026930m0.000939,4.3,202.52,48,16,1720,3.892031792399807e-9,0.006886841279761271,0.06656721735479189
L48T16beta4.30ms0.026930m0.000939,4.3,202.52,48,16,1721,3.892061941525627e-9,0.006886894627795234,0.06656773300921576
L48T16beta4.30ms0.026930m0.000939,4.3,202.52,48,16,1722,3.892092090651448e-9,0.006886947975829199,0.06656824866363961
L48T16beta4.30ms0.026930m0.000939,4.3,202.52,48,16,1723,3.892122239777268e-9,0.006887001323863162,0.06656876431806347
L48T16beta4.30ms0.026930m0.000939,4.3,202.52,48,16,1724,3.892152388903089e-9,0.006887054671897127,0.06656927997248734
L48T16beta4.30ms0.026930m0.000939,4.3,202.52,48,16,1725,3.8921825380289095e-9,0.006887108019931091,0.06656979562691119
L48T16beta4.30ms0.026930m0.000939,4.3,202.52,48,16,1726,3.89221268715473e-9,0.006887161367965054,0.06657031128133506
L48T16beta4.30ms0.026930m0.000939,4.3,202.52,48,16,1727,3.892242836280551e-9,0.006887214715999019,0.06657082693575891
L48T16beta4.30ms0.026930m0.000939,4.3,202.52,48,16,1728,3.892272985406371e-9,0.006887268064032982,0.06657134259018277
L48T16beta4.30ms0.026930m0.000939,4.3,202.52,48,16,1729,3.892303134532192e-9,0.006887321412066947,0.06657185824460664
L48T16beta4.30ms0.026930m0.000939,4.3,202.52,48,16,1730,3.892333283658013e-9,0.006887374760100911,0.0665723738990305
L48T16beta4.30ms0.026930m0.000939,4.3,202.52,48,16,1731,3.892363432783833e-9,0.0068874281081348744,0.06657288955345436
L48T16beta4.30ms0.026930m0.000939,4.3,202.52,48,16,1732,3.8923935819096534e-9,0.006887481456168839,0.06657340520787822
L48T16beta4.30ms0.026930m0.000939,4.3,202.52,48,16,1733,3.892423731035474e-9,0.006887534804202802,0.06657392086230207
L48T16beta4.30ms0.026930m0.000939,4.3,202.52,48,16,1734,3.892453880161295e-9,0.006887588152236767,0.06657443651672594
L48T16beta4.30ms0.026930m0.000939,4.3,202.52,48,16,1735,3.892484029287115e-9,0.006887641500270731,0.0665749521711498
L48T16beta4.30ms0.026930m0.000939,4.3,202.52,48,16,1736,3.8925141784129355e-9,0.0068876948483046945,0.06657546782557366
L48T16beta4.30ms0.026930m0.000939,4.3,202.52,48,16,1737,3.892544327538757e-9,0.006887748196338659,0.06657598347999752
L48T16beta4.30ms0.026930m0.000939,4.3,202.52,48,16,1738,3.892574476664578e-9,0.006887801544372623,0.06657649913442137
L48T16beta4.30ms0.026930m0.000939,4.3,202.52,48,16,1739,3.892604625790397e-9,0.006887854892406587,0.06657701478884524
L48T16beta4.30ms0.026930m0.000939,4.3,202.52,48,16,1740,3.8926347749162185e-9,0.006887908240440551,0.0665775304432691
L48T16beta4.30ms0.026930m0.000939,4.3,202.52,48,16,1741,3.892664924042039e-9,0.0068879615884745145,0.06657804609769297
L48T16beta4.30ms0.026930m0.000939,4.3,202.52,48,16,1742,3.89269507316786e-9,0.006888014936508479,0.06657856175211682
L48T16beta4.30ms0.026930m0.000939,4.3,202.52,48,16,1743,3.89272522229368e-9,0.006888068284542443,0.06657907740654068
L48T16beta4.30ms0.026930m0.000939,4.3,202.52,48,16,1744,3.892755371419501e-9,0.006888121632576407,0.06657959306096455
L48T16beta4.30ms0.026930m0.000939,4.3,202.52,48,16,1745,3.892785520545322e-9,0.006888174980610371,0.0665801087153884
L48T16beta4.30ms0.026930m0.000939,4.3,202.52,48,16,1746,3.892815669671142e-9,0.0068882283286443345,0.06658062436981227
L48T16beta4.30ms0.026930m0.000939,4.3,202.52,48,16,1747,3.8928458187969624e-9,0.006888281676678299,0.06658114002423612
L48T16beta4.30ms0.026930m0.000939,4.3,202.52,48,16,1748,3.8928759679227836e-9,0.006888335024712263,0.06658165567865998
L48T16beta4.30ms0.026930m0.000939,4.3,202.52,48,16,1749,3.892906117048604e-9,0.006888388372746227,0.06658217133308385
L48T16beta4.30ms0.026930m0.000939,4.3,202.52,48,16,1750,3.892936266174424e-9,0.006888441720780191,0.0665826869875077
L48T16beta4.30ms0.026930m0.000939,4.3,202.52,48,16,1751,3.892966415300245e-9,0.0068884950688141555,0.06658320264193157
L48T16beta4.30ms0.026930m0.000939,4.3,202.52,48,16,1752,3.892996564426066e-9,0.006888548416848119,0.06658371829635543
L48T16beta4.30ms0.026930m0.000939,4.3,202.52,48,16,1753,3.893026713551886e-9,0.006888601764882083,0.06658423395077928
L48T16beta4.30ms0.026930m0.000939,4.3,202.52,48,16,1754,3.893056862677706e-9,0.006888655112916047,0.06658474960520315
L48T16beta4.30ms0.026930m0.000939,4.3,202.52,48,16,1755,3.8930870118035275e-9,0.006888708460950011,0.066585265259627
L48T16beta4.30ms0.026930m0.000939,4.3,202.52,48,16,1756,3.893117160929348e-9,0.0068887618089839755,0.06658578091405087
L48T16beta4.30ms0.026930m0.000939,4.3,202.52,48,16,1757,3.893147310055168e-9,0.006888815157017939,0.06658629656847473
L48T16beta4.30ms0.026930m0.000939,4.3,202.52,48,16,1758,3.893177459180989e-9,0.006888868505051903,0.06658681222289858
L48T16beta4.30ms0.026930m0.000939,4.3,202.52,48,16,1759,3.89320760830681e-9,0.006888921853085867,0.06658732787732245
L48T16beta4.30ms0.026930m0.000939,4.3,202.52,48,16,1760,3.89323775743263e-9,0.006888975201119831,0.06658784353174631
L48T16beta4.30ms0.026930m0.000939,4.3,202.52,48,16,1761,3.893267906558451e-9,0.0068890285491537955,0.06658835918617018
L48T16beta4.30ms0.026930m0.000939,4.3,202.52,48,16,1762,3.8932980556842714e-9,0.006889081897187759,0.06658887484059403
L48T16beta4.30ms0.026930m0.000939,4.3,202.52,48,16,1763,3.893328204810092e-9,0.006889135245221723,0.06658939049501789
L48T16beta4.30ms0.026930m0.000939,4.3,202.52,48,16,1764,3.893358353935912e-9,0.006889188593255687,0.06658990614944175
L48T16beta4.30ms0.026930m0.000939,4.3,202.52,48,16,1765,3.893388503061733e-9,0.006889241941289651,0.06659042180386561
L48T16beta4.30ms0.026930m0.000939,4.3,202.52,48,16,1766,3.893418652187554e-9,0.0068892952893236156,0.06659093745828948
L48T16beta4.30ms0.026930m0.000939,4.3,202.52,48,16,1767,3.893448801313375e-9,0.006889348637357579,0.06659145311271333
L48T16beta4.30ms0.026930m0.000939,4.3,202.52,48,16,1768,3.893478950439195e-9,0.006889401985391543,0.06659196876713719
L48T16beta4.30ms0.026930m0.000939,4.3,202.52,48,16,1769,3.893509099565016e-9,0.006889455333425508,0.06659248442156106
L48T16beta4.30ms0.026930m0.000939,4.3,202.52,48,16,1770,3.8935392486908365e-9,0.006889508681459471,0.06659300007598491
L48T16beta4.30ms0.026930m0.000939,4.3,202.52,48,16,1771,3.893569397816657e-9,0.006889562029493436,0.06659351573040878
L48T16beta4.30ms0.026930m0.000939,4.3,202.52,48,16,1772,3.893599546942477e-9,0.006889615377527399,0.06659403138483264
L48T16beta4.30ms0.026930m0.000939,4.3,202.52,48,16,1773,3.893629696068298e-9,0.006889668725561363,0.06659454703925649
L48T16beta4.30ms0.026930m0.000939,4.3,202.52,48,16,1774,3.893659845194119e-9,0.006889722073595328,0.06659506269368036
L48T16beta4.30ms0.026930m0.000939,4.3,202.52,48,16,1775,3.893689994319939e-9,0.006889775421629291,0.06659557834810421
L48T16beta4.30ms0.026930m0.000939,4.3,202.52,48,16,1776,3.89372014344576e-9,0.006889828769663256,0.06659609400252807
L48T16beta4.30ms0.026930m0.000939,4.3,202.52,48,16,1777,3.8937502925715804e-9,0.006889882117697219,0.06659660965695194
L48T16beta4.30ms0.026930m0.000939,4.3,202.52,48,16,1778,3.893780441697401e-9,0.0068899354657311835,0.0665971253113758
L48T16beta4.30ms0.026930m0.000939,4.3,202.52,48,16,1779,3.893810590823222e-9,0.006889988813765148,0.06659764096579966
L48T16beta4.30ms0.026930m0.000939,4.3,202.52,48,16,1780,3.893840739949042e-9,0.006890042161799111,0.06659815662022352
L48T16beta4.30ms0.026930m0.000939,4.3,202.52,48,16,1781,3.8938708890748625e-9,0.006890095509833076,0.06659867227464737
L48T16beta4.30ms0.026930m0.000939,4.3,202.52,48,16,1782,3.893901038200684e-9,0.00689014885786704,0.06659918792907124
L48T16beta4.30ms0.026930m0.000939,4.3,202.52,48,16,1783,3.893931187326504e-9,0.0068902022059010035,0.0665997035834951
L48T16beta4.30ms0.026930m0.000939,4.3,202.52,48,16,1784,3.893961336452324e-9,0.006890255553934968,0.06660021923791896
L48T16beta4.30ms0.026930m0.000939,4.3,202.52,48,16,1785,3.893991485578145e-9,0.006890308901968931,0.06660073489234282
L48T16beta4.30ms0.026930m0.000939,4.3,202.52,48,16,1786,3.894021634703966e-9,0.006890362250002896,0.06660125054676667
L48T16beta4.30ms0.026930m0.000939,4.3,202.52,48,16,1787,3.894051783829786e-9,0.00689041559803686,0.06660176620119054
L48T16beta4.30ms0.026930m0.000939,4.3,202.52,48,16,1788,3.8940819329556065e-9,0.0068904689460708235,0.0666022818556144
L48T16beta4.30ms0.026930m0.000939,4.3,202.52,48,16,1789,3.894112082081428e-9,0.006890522294104788,0.06660279751003827
L48T16beta4.30ms0.026930m0.000939,4.3,202.52,48,16,1790,3.894142231207248e-9,0.006890575642138751,0.06660331316446212
L48T16beta4.30ms0.026930m0.000939,4.3,202.52,48,16,1791,3.894172380333069e-9,0.006890628990172716,0.06660382881888598
L48T16beta4.30ms0.026930m0.000939,4.3,202.52,48,16,1792,3.8942025294588894e-9,0.00689068233820668,0.06660434447330985
L48T16beta4.30ms0.026930m0.000939,4.3,202.52,48,16,1793,3.89423267858471e-9,0.0068907356862406436,0.0666048601277337
L48T16beta4.30ms0.026930m0.000939,4.3,202.52,48,16,1794,3.894262827710531e-9,0.006890789034274608,0.06660537578215757
L48T16beta4.30ms0.026930m0.000939,4.3,202.52,48,16,1795,3.894292976836351e-9,0.006890842382308572,0.06660589143658142
L48T16beta4.30ms0.026930m0.000939,4.3,202.52,48,16,1796,3.8943231259621715e-9,0.006890895730342536,0.06660640709100528
L48T16beta4.30ms0.026930m0.000939,4.3,202.52,48,16,1797,3.894353275087993e-9,0.0068909490783765,0.06660692274542915
L48T16beta4.30ms0.026930m0.000939,4.3,202.52,48,16,1798,3.894383424213813e-9,0.006891002426410464,0.066607438399853
L48T16beta4.30ms0.026930m0.000939,4.3,202.52,48,16,1799,3.894413573339633e-9,0.006891055774444428,0.06660795405427687
L48T16beta4.30ms0.026930m0.000939,4.3,202.52,48,16,1800,3.8944437224654545e-9,0.006891109122478392,0.06660846970870073
L48T16beta4.30ms0.026930m0.000939,4.3,202.52,48,16,1801,3.894473871591275e-9,0.006891162470512356,0.06660898536312458
L48T16beta4.30ms0.026930m0.000939,4.3,202.52,48,16,1802,3.894504020717095e-9,0.00689121581854632,0.06660950101754845
L48T16beta4.30ms0.026930m0.000939,4.3,202.52,48,16,1803,3.8945341698429155e-9,0.006891269166580284,0.0666100166719723
L48T16beta4.30ms0.026930m0.000939,4.3,202.52,48,16,1804,3.894564318968737e-9,0.006891322514614248,0.06661053232639617
L48T16beta4.30ms0.026930m0.000939,4.3,202.52,48,16,1805,3.894594468094557e-9,0.006891375862648212,0.06661104798082003
L48T16beta4.30ms0.026930m0.000939,4.3,202.52,48,16,1806,3.894624617220377e-9,0.006891429210682176,0.06661156363524388
L48T16beta4.30ms0.026930m0.000939,4.3,202.52,48,16,1807,3.8946547663461984e-9,0.00689148255871614,0.06661207928966775
L48T16beta4.30ms0.026930m0.000939,4.3,202.52,48,16,1808,3.894684915472019e-9,0.006891535906750104,0.06661259494409161
L48T16beta4.30ms0.026930m0.000939,4.3,202.52,48,16,1809,3.894715064597839e-9,0.006891589254784068,0.06661311059851548
L48T16beta4.30ms0.026930m0.000939,4.3,202.52,48,16,1810,3.89474521372366e-9,0.006891642602818032,0.06661362625293933
L48T16beta4.30ms0.026930m0.000939,4.3,202.52,48,16,1811,3.8947753628494805e-9,0.006891695950851996,0.06661414190736319
L48T16beta4.30ms0.026930m0.000939,4.3,202.52,48,16,1812,3.894805511975301e-9,0.00689174929888596,0.06661465756178706
L48T16beta4.30ms0.026930m0.000939,4.3,202.52,48,16,1813,3.894835661101122e-9,0.006891802646919925,0.06661517321621091
L48T16beta4.30ms0.026930m0.000939,4.3,202.52,48,16,1814,3.894865810226942e-9,0.006891855994953888,0.06661568887063478
L48T16beta4.30ms0.026930m0.000939,4.3,202.52,48,16,1815,3.8948959593527635e-9,0.006891909342987852,0.06661620452505863
L48T16beta4.30ms0.026930m0.000939,4.3,202.52,48,16,1816,3.894926108478583e-9,0.006891962691021816,0.06661672017948249
L48T16beta4.30ms0.026930m0.000939,4.3,202.52,48,16,1817,3.894956257604404e-9,0.00689201603905578,0.06661723583390636
L48T16beta4.30ms0.026930m0.000939,4.3,202.52,48,16,1818,3.894986406730225e-9,0.006892069387089745,0.06661775148833021
L48T16beta4.30ms0.026930m0.000939,4.3,202.52,48,16,1819,3.895016555856046e-9,0.006892122735123708,0.06661826714275408
L48T16beta4.30ms0.026930m0.000939,4.3,202.52,48,16,1820,3.895046704981866e-9,0.0068921760831576724,0.06661878279717794
L48T16beta4.30ms0.026930m0.000939,4.3,202.52,48,16,1821,3.895076854107686e-9,0.006892229431191636,0.06661929845160179
L48T16beta4.30ms0.026930m0.000939,4.3,202.52,48,16,1822,3.895107003233507e-9,0.0068922827792256,0.06661981410602566
L48T16beta4.30ms0.026930m0.000939,4.3,202.52,48,16,1823,3.895137152359328e-9,0.006892336127259565,0.06662032976044951
L48T16beta4.30ms0.026930m0.000939,4.3,202.52,48,16,1824,3.895167301485148e-9,0.006892389475293528,0.06662084541487338
L48T16beta4.30ms0.026930m0.000939,4.3,202.52,48,16,1825,3.895197450610969e-9,0.0068924428233274925,0.06662136106929724
L48T16beta4.30ms0.026930m0.000939,4.3,202.52,48,16,1826,3.8952275997367895e-9,0.006892496171361457,0.0666218767237211
L48T16beta4.30ms0.026930m0.000939,4.3,202.52,48,16,1827,3.89525774886261e-9,0.00689254951939542,0.06662239237814496
L48T16beta4.30ms0.026930m0.000939,4.3,202.52,48,16,1828,3.895287897988431e-9,0.006892602867429385,0.06662290803256882
L48T16beta4.30ms0.026930m0.000939,4.3,202.52,48,16,1829,3.895318047114251e-9,0.006892656215463348,0.06662342368699269
L48T16beta4.30ms0.026930m0.000939,4.3,202.52,48,16,1830,3.895348196240072e-9,0.0068927095634973125,0.06662393934141654
L48T16beta4.30ms0.026930m0.000939,4.3,202.52,48,16,1831,3.895378345365893e-9,0.006892762911531277,0.0666244549958404
L48T16beta4.30ms0.026930m0.000939,4.3,202.52,48,16,1832,3.895408494491713e-9,0.00689281625956524,0.06662497065026426
L48T16beta4.30ms0.026930m0.000939,4.3,202.52,48,16,1833,3.8954386436175335e-9,0.006892869607599205,0.06662548630468812
L48T16beta4.30ms0.026930m0.000939,4.3,202.52,48,16,1834,3.895468792743354e-9,0.006892922955633168,0.06662600195911199
L48T16beta4.30ms0.026930m0.000939,4.3,202.52,48,16,1835,3.895498941869175e-9,0.0068929763036671325,0.06662651761353584
L48T16beta4.30ms0.026930m0.000939,4.3,202.52,48,16,1836,3.895529090994995e-9,0.006893029651701097,0.0666270332679597
L48T16beta4.30ms0.026930m0.000939,4.3,202.52,48,16,1837,3.8955592401208156e-9,0.00689308299973506,0.06662754892238357
L48T16beta4.30ms0.026930m0.000939,4.3,202.52,48,16,1838,3.895589389246637e-9,0.006893136347769025,0.06662806457680742
L48T16beta4.30ms0.026930m0.000939,4.3,202.52,48,16,1839,3.895619538372458e-9,0.006893189695802989,0.06662858023123129
L48T16beta4.30ms0.026930m0.000939,4.3,202.52,48,16,1840,3.895649687498277e-9,0.006893243043836953,0.06662909588565515
L48T16beta4.30ms0.026930m0.000939,4.3,202.52,48,16,1841,3.8956798366240985e-9,0.006893296391870917,0.066629611540079
L48T16beta4.30ms0.026930m0.000939,4.3,202.52,48,16,1842,3.895709985749919e-9,0.00689334973990488,0.06663012719450287
L48T16beta4.30ms0.026930m0.000939,4.3,202.52,48,16,1843,3.89574013487574e-9,0.006893403087938845,0.06663064284892672
L48T16beta4.30ms0.026930m0.000939,4.3,202.52,48,16,1844,3.89577028400156e-9,0.006893456435972809,0.0666311585033506
L48T16beta4.30ms0.026930m0.000939,4.3,202.52,48,16,1845,3.895800433127381e-9,0.006893509784006773,0.06663167415777445
L48T16beta4.30ms0.026930m0.000939,4.3,202.52,48,16,1846,3.895830582253202e-9,0.006893563132040737,0.0666321898121983
L48T16beta4.30ms0.026930m0.000939,4.3,202.52,48,16,1847,3.895860731379022e-9,0.0068936164800747005,0.06663270546662217
L48T16beta4.30ms0.026930m0.000939,4.3,202.52,48,16,1848,3.8958908805048425e-9,0.006893669828108665,0.06663322112104603
L48T16beta4.30ms0.026930m0.000939,4.3,202.52,48,16,1849,3.895921029630664e-9,0.006893723176142629,0.0666337367754699
L48T16beta4.30ms0.026930m0.000939,4.3,202.52,48,16,1850,3.895951178756484e-9,0.006893776524176593,0.06663425242989375
L48T16beta4.30ms0.026930m0.000939,4.3,202.52,48,16,1851,3.895981327882304e-9,0.006893829872210557,0.0666347680843176
L48T16beta4.30ms0.026930m0.000939,4.3,202.52,48,16,1852,3.8960114770081246e-9,0.0068938832202445205,0.06663528373874147
L48T16beta4.30ms0.026930m0.000939,4.3,202.52,48,16,1853,3.896041626133946e-9,0.006893936568278485,0.06663579939316533
L48T16beta4.30ms0.026930m0.000939,4.3,202.52,48,16,1854,3.896071775259766e-9,0.006893989916312449,0.0666363150475892
L48T16beta4.30ms0.026930m0.000939,4.3,202.52,48,16,1855,3.896101924385586e-9,0.006894043264346413,0.06663683070201305
L48T16beta4.30ms0.026930m0.000939,4.3,202.52,48,16,1856,3.8961320735114075e-9,0.006894096612380377,0.06663734635643691
L48T16beta4.30ms0.026930m0.000939,4.3,202.52,48,16,1857,3.896162222637228e-9,0.006894149960414341,0.06663786201086078
L48T16beta4.30ms0.026930m0.000939,4.3,202.52,48,16,1858,3.896192371763048e-9,0.006894203308448305,0.06663837766528463
L48T16beta4.30ms0.026930m0.000939,4.3,202.52,48,16,1859,3.896222520888869e-9,0.006894256656482269,0.06663889331970849
L48T16beta4.30ms0.026930m0.000939,4.3,202.52,48,16,1860,3.89625267001469e-9,0.006894310004516233,0.06663940897413236
L48T16beta4.30ms0.026930m0.000939,4.3,202.52,48,16,1861,3.89628281914051e-9,0.006894363352550197,0.06663992462855621
L48T16beta4.30ms0.026930m0.000939,4.3,202.52,48,16,1862,3.896312968266331e-9,0.006894416700584161,0.06664044028298008
L48T16beta4.30ms0.026930m0.000939,4.3,202.52,48,16,1863,3.8963431173921515e-9,0.006894470048618125,0.06664095593740393
L48T16beta4.30ms0.026930m0.000939,4.3,202.52,48,16,1864,3.896373266517972e-9,0.006894523396652089,0.06664147159182779
L48T16beta4.30ms0.026930m0.000939,4.3,202.52,48,16,1865,3.896403415643792e-9,0.006894576744686053,0.06664198724625166
L48T16beta4.30ms0.026930m0.000939,4.3,202.52,48,16,1866,3.896433564769613e-9,0.006894630092720017,0.06664250290067551
L48T16beta4.30ms0.026930m0.000939,4.3,202.52,48,16,1867,3.896463713895434e-9,0.0068946834407539815,0.06664301855509938
L48T16beta4.30ms0.026930m0.000939,4.3,202.52,48,16,1868,3.896493863021255e-9,0.006894736788787945,0.06664353420952324
L48T16beta4.30ms0.026930m0.000939,4.3,202.52,48,16,1869,3.896524012147075e-9,0.006894790136821909,0.06664404986394709
L48T16beta4.30ms0.026930m0.000939,4.3,202.52,48,16,1870,3.896554161272896e-9,0.006894843484855874,0.06664456551837096
L48T16beta4.30ms0.026930m0.000939,4.3,202.52,48,16,1871,3.8965843103987165e-9,0.006894896832889837,0.06664508117279482
L48T16beta4.30ms0.026930m0.000939,4.3,202.52,48,16,1872,3.896614459524537e-9,0.0068949501809238015,0.06664559682721868
L48T16beta4.30ms0.026930m0.000939,4.3,202.52,48,16,1873,3.896644608650357e-9,0.006895003528957765,0.06664611248164254
L48T16beta4.30ms0.026930m0.000939,4.3,202.52,48,16,1874,3.896674757776178e-9,0.006895056876991729,0.0666466281360664
L48T16beta4.30ms0.026930m0.000939,4.3,202.52,48,16,1875,3.896704906901999e-9,0.006895110225025694,0.06664714379049026
L48T16beta4.30ms0.026930m0.000939,4.3,202.52,48,16,1876,3.896735056027819e-9,0.006895163573059657,0.06664765944491412
L48T16beta4.30ms0.026930m0.000939,4.3,202.52,48,16,1877,3.89676520515364e-9,0.0068952169210936215,0.06664817509933799
L48T16beta4.30ms0.026930m0.000939,4.3,202.52,48,16,1878,3.8967953542794605e-9,0.006895270269127585,0.06664869075376184
L48T16beta4.30ms0.026930m0.000939,4.3,202.52,48,16,1879,3.896825503405281e-9,0.006895323617161549,0.0666492064081857
L48T16beta4.30ms0.026930m0.000939,4.3,202.52,48,16,1880,3.896855652531102e-9,0.006895376965195514,0.06664972206260956
L48T16beta4.30ms0.026930m0.000939,4.3,202.52,48,16,1881,3.896885801656922e-9,0.006895430313229477,0.06665023771703342
L48T16beta4.30ms0.026930m0.000939,4.3,202.52,48,16,1882,3.8969159507827426e-9,0.006895483661263442,0.06665075337145729
L48T16beta4.30ms0.026930m0.000939,4.3,202.52,48,16,1883,3.896946099908564e-9,0.006895537009297406,0.06665126902588114
L48T16beta4.30ms0.026930m0.000939,4.3,202.52,48,16,1884,3.896976249034384e-9,0.006895590357331369,0.066651784680305
L48T16beta4.30ms0.026930m0.000939,4.3,202.52,48,16,1885,3.897006398160204e-9,0.006895643705365334,0.06665230033472887
L48T16beta4.30ms0.026930m0.000939,4.3,202.52,48,16,1886,3.897036547286025e-9,0.006895697053399297,0.06665281598915272
L48T16beta4.30ms0.026930m0.000939,4.3,202.52,48,16,1887,3.897066696411846e-9,0.006895750401433262,0.06665333164357659
L48T16beta4.30ms0.026930m0.000939,4.3,202.52,48,16,1888,3.897096845537666e-9,0.006895803749467226,0.06665384729800045
L48T16beta4.30ms0.026930m0.000939,4.3,202.52,48,16,1889,3.8971269946634865e-9,0.0068958570975011894,0.0666543629524243
L48T16beta4.30ms0.026930m0.000939,4.3,202.52,48,16,1890,3.897157143789308e-9,0.006895910445535154,0.06665487860684817
L48T16beta4.30ms0.026930m0.000939,4.3,202.52,48,16,1891,3.897187292915128e-9,0.006895963793569117,0.06665539426127202
L48T16beta4.30ms0.026930m0.000939,4.3,202.52,48,16,1892,3.897217442040949e-9,0.006896017141603082,0.0666559099156959
L48T16beta4.30ms0.026930m0.000939,4.3,202.52,48,16,1893,3.8972475911667695e-9,0.006896070489637046,0.06665642557011975
L48T16beta4.30ms0.026930m0.000939,4.3,202.52,48,16,1894,3.89727774029259e-9,0.0068961238376710095,0.0666569412245436
L48T16beta4.30ms0.026930m0.000939,4.3,202.52,48,16,1895,3.897307889418411e-9,0.006896177185704974,0.06665745687896747
L48T16beta4.30ms0.026930m0.000939,4.3,202.52,48,16,1896,3.897338038544231e-9,0.006896230533738937,0.06665797253339133
L48T16beta4.30ms0.026930m0.000939,4.3,202.52,48,16,1897,3.8973681876700516e-9,0.006896283881772902,0.0666584881878152
L48T16beta4.30ms0.026930m0.000939,4.3,202.52,48,16,1898,3.897398336795873e-9,0.006896337229806866,0.06665900384223905
L48T16beta4.30ms0.026930m0.000939,4.3,202.52,48,16,1899,3.897428485921693e-9,0.0068963905778408295,0.0666595194966629
L48T16beta4.30ms0.026930m0.000939,4.3,202.52,48,16,1900,3.897458635047513e-9,0.006896443925874794,0.06666003515108677
L48T16beta4.30ms0.026930m0.000939,4.3,202.52,48,16,1901,3.8974887841733345e-9,0.006896497273908758,0.06666055080551063
L48T16beta4.30ms0.026930m0.000939,4.3,202.52,48,16,1902,3.897518933299155e-9,0.006896550621942722,0.0666610664599345
L48T16beta4.30ms0.026930m0.000939,4.3,202.52,48,16,1903,3.897549082424975e-9,0.006896603969976686,0.06666158211435835
L48T16beta4.30ms0.026930m0.000939,4.3,202.52,48,16,1904,3.8975792315507955e-9,0.0068966573180106495,0.06666209776878221
L48T16beta4.30ms0.026930m0.000939,4.3,202.52,48,16,1905,3.897609380676617e-9,0.006896710666044614,0.06666261342320608
L48T16beta4.30ms0.026930m0.000939,4.3,202.52,48,16,1906,3.897639529802437e-9,0.006896764014078578,0.06666312907762993
L48T16beta4.30ms0.026930m0.000939,4.3,202.52,48,16,1907,3.897669678928257e-9,0.006896817362112542,0.0666636447320538
L48T16beta4.30ms0.026930m0.000939,4.3,202.52,48,16,1908,3.8976998280540785e-9,0.006896870710146506,0.06666416038647766
L48T16beta4.30ms0.026930m0.000939,4.3,202.52,48,16,1909,3.897729977179899e-9,0.00689692405818047,0.06666467604090151
L48T16beta4.30ms0.026930m0.000939,4.3,202.52,48,16,1910,3.897760126305719e-9,0.006896977406214434,0.06666519169532538
L48T16beta4.30ms0.026930m0.000939,4.3,202.52,48,16,1911,3.89779027543154e-9,0.006897030754248398,0.06666570734974923
L48T16beta4.30ms0.026930m0.000939,4.3,202.52,48,16,1912,3.8978204245573606e-9,0.006897084102282362,0.0666662230041731
L48T16beta4.30ms0.026930m0.000939,4.3,202.52,48,16,1913,3.897850573683181e-9,0.006897137450316326,0.06666673865859696
L48T16beta4.30ms0.026930m0.000939,4.3,202.52,48,16,1914,3.897880722809002e-9,0.0068971907983502905,0.06666725431302081
L48T16beta4.30ms0.026930m0.000939,4.3,202.52,48,16,1915,3.897910871934822e-9,0.006897244146384254,0.06666776996744468
L48T16beta4.30ms0.026930m0.000939,4.3,202.52,48,16,1916,3.8979410210606435e-9,0.006897297494418218,0.06666828562186854
L48T16beta4.30ms0.026930m0.000939,4.3,202.52,48,16,1917,3.897971170186463e-9,0.006897350842452182,0.0666688012762924
L48T16beta4.30ms0.026930m0.000939,4.3,202.52,48,16,1918,3.898001319312284e-9,0.006897404190486146,0.06666931693071626
L48T16beta4.30ms0.026930m0.000939,4.3,202.52,48,16,1919,3.898031468438105e-9,0.0068974575385201105,0.06666983258514012
L48T16beta4.30ms0.026930m0.000939,4.3,202.52,48,16,1920,3.898061617563926e-9,0.006897510886554074,0.06667034823956398
L48T16beta4.30ms0.026930m0.000939,4.3,202.52,48,16,1921,3.898091766689746e-9,0.006897564234588038,0.06667086389398784
L48T16beta4.30ms0.026930m0.000939,4.3,202.52,48,16,1922,3.898121915815566e-9,0.006897617582622002,0.06667137954841171
L48T16beta4.30ms0.026930m0.000939,4.3,202.52,48,16,1923,3.8981520649413875e-9,0.006897670930655966,0.06667189520283556
L48T16beta4.30ms0.026930m0.000939,4.3,202.52,48,16,1924,3.898182214067208e-9,0.0068977242786899306,0.06667241085725942
L48T16beta4.30ms0.026930m0.000939,4.3,202.52,48,16,1925,3.898212363193028e-9,0.006897777626723894,0.06667292651168329
L48T16beta4.30ms0.026930m0.000939,4.3,202.52,48,16,1926,3.898242512318849e-9,0.006897830974757858,0.06667344216610714
L48T16beta4.30ms0.026930m0.000939,4.3,202.52,48,16,1927,3.8982726614446696e-9,0.006897884322791822,0.06667395782053101
L48T16beta4.30ms0.026930m0.000939,4.3,202.52,48,16,1928,3.89830281057049e-9,0.006897937670825786,0.06667447347495487
L48T16beta4.30ms0.026930m0.000939,4.3,202.52,48,16,1929,3.898332959696311e-9,0.006897991018859751,0.06667498912937872
L48T16beta4.30ms0.026930m0.000939,4.3,202.52,48,16,1930,3.898363108822131e-9,0.006898044366893714,0.06667550478380259
L48T16beta4.30ms0.026930m0.000939,4.3,202.52,48,16,1931,3.898393257947952e-9,0.006898097714927678,0.06667602043822644
L48T16beta4.30ms0.026930m0.000939,4.3,202.52,48,16,1932,3.898423407073773e-9,0.006898151062961643,0.06667653609265031
L48T16beta4.30ms0.026930m0.000939,4.3,202.52,48,16,1933,3.898453556199593e-9,0.006898204410995606,0.06667705174707417
L48T16beta4.30ms0.026930m0.000939,4.3,202.52,48,16,1934,3.8984837053254135e-9,0.006898257759029571,0.06667756740149802
L48T16beta4.30ms0.026930m0.000939,4.3,202.52,48,16,1935,3.898513854451234e-9,0.006898311107063534,0.06667808305592189
L48T16beta4.30ms0.026930m0.000939,4.3,202.52,48,16,1936,3.898544003577055e-9,0.0068983644550974985,0.06667859871034575
L48T16beta4.30ms0.026930m0.000939,4.3,202.52,48,16,1937,3.898574152702875e-9,0.006898417803131463,0.06667911436476961
L48T16beta4.30ms0.026930m0.000939,4.3,202.52,48,16,1938,3.898604301828696e-9,0.006898471151165426,0.06667963001919347
L48T16beta4.30ms0.026930m0.000939,4.3,202.52,48,16,1939,3.898634450954517e-9,0.006898524499199391,0.06668014567361732
L48T16beta4.30ms0.026930m0.000939,4.3,202.52,48,16,1940,3.898664600080337e-9,0.006898577847233354,0.0666806613280412
L48T16beta4.30ms0.026930m0.000939,4.3,202.52,48,16,1941,3.8986947492061574e-9,0.0068986311952673185,0.06668117698246505
L48T16beta4.30ms0.026930m0.000939,4.3,202.52,48,16,1942,3.8987248983319786e-9,0.006898684543301283,0.06668169263688892
L48T16beta4.30ms0.026930m0.000939,4.3,202.52,48,16,1943,3.898755047457799e-9,0.006898737891335246,0.06668220829131277
L48T16beta4.30ms0.026930m0.000939,4.3,202.52,48,16,1944,3.89878519658362e-9,0.006898791239369211,0.06668272394573663
L48T16beta4.30ms0.026930m0.000939,4.3,202.52,48,16,1945,3.89881534570944e-9,0.006898844587403175,0.0666832396001605
L48T16beta4.30ms0.026930m0.000939,4.3,202.52,48,16,1946,3.898845494835261e-9,0.0068988979354371385,0.06668375525458435
L48T16beta4.30ms0.026930m0.000939,4.3,202.52,48,16,1947,3.898875643961082e-9,0.006898951283471103,0.06668427090900822
L48T16beta4.30ms0.026930m0.000939,4.3,202.52,48,16,1948,3.898905793086902e-9,0.006899004631505066,0.06668478656343207
L48T16beta4.30ms0.026930m0.000939,4.3,202.52,48,16,1949,3.8989359422127225e-9,0.006899057979539031,0.06668530221785593
L48T16beta4.30ms0.026930m0.000939,4.3,202.52,48,16,1950,3.898966091338544e-9,0.006899111327572995,0.0666858178722798
L48T16beta4.30ms0.026930m0.000939,4.3,202.52,48,16,1951,3.898996240464364e-9,0.0068991646756069586,0.06668633352670365
L48T16beta4.30ms0.026930m0.000939,4.3,202.52,48,16,1952,3.899026389590184e-9,0.006899218023640923,0.06668684918112751
L48T16beta4.30ms0.026930m0.000939,4.3,202.52,48,16,1953,3.899056538716005e-9,0.006899271371674886,0.06668736483555138
L48T16beta4.30ms0.026930m0.000939,4.3,202.52,48,16,1954,3.899086687841826e-9,0.006899324719708851,0.06668788048997523
L48T16beta4.30ms0.026930m0.000939,4.3,202.52,48,16,1955,3.899116836967646e-9,0.006899378067742815,0.0666883961443991
L48T16beta4.30ms0.026930m0.000939,4.3,202.52,48,16,1956,3.8991469860934664e-9,0.006899431415776779,0.06668891179882296
L48T16beta4.30ms0.026930m0.000939,4.3,202.52,48,16,1957,3.8991771352192876e-9,0.006899484763810743,0.06668942745324681
L48T16beta4.30ms0.026930m0.000939,4.3,202.52,48,16,1958,3.899207284345108e-9,0.006899538111844707,0.06668994310767068
L48T16beta4.30ms0.026930m0.000939,4.3,202.52,48,16,1959,3.899237433470928e-9,0.006899591459878671,0.06669045876209453
L48T16beta4.30ms0.026930m0.000939,4.3,202.52,48,16,1960,3.899267582596749e-9,0.006899644807912635,0.0666909744165184
L48T16beta4.30ms0.026930m0.000939,4.3,202.52,48,16,1961,3.89929773172257e-9,0.006899698155946599,0.06669149007094226
L48T16beta4.30ms0.026930m0.000939,4.3,202.52,48,16,1962,3.89932788084839e-9,0.006899751503980563,0.06669200572536611
L48T16beta4.30ms0.026930m0.000939,4.3,202.52,48,16,1963,3.899358029974211e-9,0.006899804852014527,0.06669252137978998
L48T16beta4.30ms0.026930m0.000939,4.3,202.52,48,16,1964,3.8993881791000315e-9,0.006899858200048491,0.06669303703421384
L48T16beta4.30ms0.026930m0.000939,4.3,202.52,48,16,1965,3.899418328225852e-9,0.006899911548082455,0.0666935526886377
L48T16beta4.30ms0.026930m0.000939,4.3,202.52,48,16,1966,3.899448477351672e-9,0.006899964896116419,0.06669406834306156
L48T16beta4.30ms0.026930m0.000939,4.3,202.52,48,16,1967,3.899478626477493e-9,0.006900018244150383,0.06669458399748542
L48T16beta4.30ms0.026930m0.000939,4.3,202.52,48,16,1968,3.8995087756033144e-9,0.006900071592184347,0.06669509965190928
L48T16beta4.30ms0.026930m0.000939,4.3,202.52,48,16,1969,3.899538924729135e-9,0.006900124940218311,0.06669561530633314
L48T16beta4.30ms0.026930m0.000939,4.3,202.52,48,16,1970,3.899569073854955e-9,0.006900178288252275,0.06669613096075701
L48T16beta4.30ms0.026930m0.000939,4.3,202.52,48,16,1971,3.8995992229807754e-9,0.006900231636286239,0.06669664661518086
L48T16beta4.30ms0.026930m0.000939,4.3,202.52,48,16,1972,3.8996293721065966e-9,0.006900284984320203,0.06669716226960472
L48T16beta4.30ms0.026930m0.000939,4.3,202.52,48,16,1973,3.899659521232417e-9,0.006900338332354167,0.06669767792402859
L48T16beta4.30ms0.026930m0.000939,4.3,202.52,48,16,1974,3.899689670358237e-9,0.006900391680388131,0.06669819357845244
L48T16beta4.30ms0.026930m0.000939,4.3,202.52,48,16,1975,3.899719819484058e-9,0.006900445028422095,0.06669870923287631
L48T16beta4.30ms0.026930m0.000939,4.3,202.52,48,16,1976,3.899749968609879e-9,0.00690049837645606,0.06669922488730017
L48T16beta4.30ms0.026930m0.000939,4.3,202.52,48,16,1977,3.899780117735699e-9,0.006900551724490023,0.06669974054172402
L48T16beta4.30ms0.026930m0.000939,4.3,202.52,48,16,1978,3.89981026686152e-9,0.0069006050725239874,0.06670025619614789
L48T16beta4.30ms0.026930m0.000939,4.3,202.52,48,16,1979,3.8998404159873405e-9,0.006900658420557951,0.06670077185057174
L48T16beta4.30ms0.026930m0.000939,4.3,202.52,48,16,1980,3.899870565113161e-9,0.006900711768591915,0.06670128750499561
L48T16beta4.30ms0.026930m0.000939,4.3,202.52,48,16,1981,3.899900714238982e-9,0.00690076511662588,0.06670180315941947
L48T16beta4.30ms0.026930m0.000939,4.3,202.52,48,16,1982,3.899930863364802e-9,0.006900818464659843,0.06670231881384332
L48T16beta4.30ms0.026930m0.000939,4.3,202.52,48,16,1983,3.899961012490623e-9,0.0069008718126938075,0.06670283446826719
L48T16beta4.30ms0.026930m0.000939,4.3,202.52,48,16,1984,3.899991161616443e-9,0.006900925160727771,0.06670335012269105
L48T16beta4.30ms0.026930m0.000939,4.3,202.52,48,16,1985,3.900021310742264e-9,0.006900978508761735,0.06670386577711492
L48T16beta4.30ms0.026930m0.000939,4.3,202.52,48,16,1986,3.9000514598680844e-9,0.0069010318567957,0.06670438143153877
L48T16beta4.30ms0.026930m0.000939,4.3,202.52,48,16,1987,3.900081608993905e-9,0.006901085204829663,0.06670489708596263
L48T16beta4.30ms0.026930m0.000939,4.3,202.52,48,16,1988,3.900111758119726e-9,0.0069011385528636275,0.0667054127403865
L48T16beta4.30ms0.026930m0.000939,4.3,202.52,48,16,1989,3.900141907245546e-9,0.006901191900897592,0.06670592839481035
L48T16beta4.30ms0.026930m0.000939,4.3,202.52,48,16,1990,3.9001720563713665e-9,0.006901245248931555,0.06670644404923422
L48T16beta4.30ms0.026930m0.000939,4.3,202.52,48,16,1991,3.900202205497188e-9,0.00690129859696552,0.06670695970365807
L48T16beta4.30ms0.026930m0.000939,4.3,202.52,48,16,1992,3.900232354623008e-9,0.006901351944999483,0.06670747535808193
L48T16beta4.30ms0.026930m0.000939,4.3,202.52,48,16,1993,3.900262503748829e-9,0.0069014052930334475,0.0667079910125058
L48T16beta4.30ms0.026930m0.000939,4.3,202.52,48,16,1994,3.9002926528746495e-9,0.006901458641067412,0.06670850666692965
L48T16beta4.30ms0.026930m0.000939,4.3,202.52,48,16,1995,3.90032280200047e-9,0.006901511989101375,0.06670902232135352
L48T16beta4.30ms0.026930m0.000939,4.3,202.52,48,16,1996,3.900352951126291e-9,0.00690156533713534,0.06670953797577737
L48T16beta4.30ms0.026930m0.000939,4.3,202.52,48,16,1997,3.900383100252111e-9,0.006901618685169303,0.06671005363020123
L48T16beta4.30ms0.026930m0.000939,4.3,202.52,48,16,1998,3.900413249377932e-9,0.006901672033203268,0.0667105692846251
L48T16beta4.30ms0.026930m0.000939,4.3,202.52,48,16,1999,3.900443398503753e-9,0.006901725381237232,0.06671108493904895
L48T16beta4.30ms0.026930m0.000939,4.3,202.52,48,16,2000,3.900473547629573e-9,0.006901778729271195,0.06671160059347282
L48T16beta4.30ms0.026930m0.000939,4.3,202.52,48,16,2001,3.9005036967553934e-9,0.00690183207730516,0.06671211624789668
L48T16beta4.30ms0.026930m0.000939,4.3,202.52,48,16,2002,3.9005338458812146e-9,0.006901885425339124,0.06671263190232053
L48T16beta4.30ms0.026930m0.000939,4.3,202.52,48,16,2003,3.900563995007035e-9,0.006901938773373088,0.0667131475567444
L48T16beta4.30ms0.026930m0.000939,4.3,202.52,48,16,2004,3.900594144132855e-9,0.006901992121407052,0.06671366321116826
L48T16beta4.30ms0.026930m0.000939,4.3,202.52,48,16,2005,3.9006242932586755e-9,0.0069020454694410155,0.06671417886559212
L48T16beta4.30ms0.026930m0.000939,4.3,202.52,48,16,2006,3.900654442384497e-9,0.00690209881747498,0.06671469452001598
L48T16beta4.30ms0.026930m0.000939,4.3,202.52,48,16,2007,3.900684591510317e-9,0.006902152165508944,0.06671521017443983
L48T16beta4.30ms0.026930m0.000939,4.3,202.52,48,16,2008,3.900714740636137e-9,0.006902205513542908,0.0667157258288637
L48T16beta4.30ms0.026930m0.000939,4.3,202.52,48,16,2009,3.9007448897619585e-9,0.006902258861576872,0.06671624148328756
L48T16beta4.30ms0.026930m0.000939,4.3,202.52,48,16,2010,3.900775038887779e-9,0.0069023122096108355,0.06671675713771143
L48T16beta4.30ms0.026930m0.000939,4.3,202.52,48,16,2011,3.900805188013599e-9,0.0069023655576448,0.06671727279213528
L48T16beta4.30ms0.026930m0.000939,4.3,202.52,48,16,2012,3.90083533713942e-9,0.006902418905678764,0.06671778844655914
L48T16beta4.30ms0.026930m0.000939,4.3,202.52,48,16,2013,3.900865486265241e-9,0.006902472253712728,0.066718304100983
L48T16beta4.30ms0.026930m0.000939,4.3,202.52,48,16,2014,3.900895635391061e-9,0.006902525601746692,0.06671881975540686
L48T16beta4.30ms0.026930m0.000939,4.3,202.52,48,16,2015,3.900925784516881e-9,0.0069025789497806555,0.06671933540983073
L48T16beta4.30ms0.026930m0.000939,4.3,202.52,48,16,2016,3.9009559336427024e-9,0.00690263229781462,0.06671985106425458
L48T16beta4.30ms0.026930m0.000939,4.3,202.52,48,16,2017,3.9009860827685236e-9,0.006902685645848584,0.06672036671867844
L48T16beta4.30ms0.026930m0.000939,4.3,202.52,48,16,2018,3.901016231894343e-9,0.006902738993882548,0.06672088237310231
L48T16beta4.30ms0.026930m0.000939,4.3,202.52,48,16,2019,3.901046381020164e-9,0.006902792341916512,0.06672139802752616
L48T16beta4.30ms0.026930m0.000939,4.3,202.52,48,16,2020,3.901076530145985e-9,0.006902845689950476,0.06672191368195003
L48T16beta4.30ms0.026930m0.000939,4.3,202.52,48,16,2021,3.901106679271806e-9,0.00690289903798444,0.06672242933637389
L48T16beta4.30ms0.026930m0.000939,4.3,202.52,48,16,2022,3.901136828397626e-9,0.006902952386018404,0.06672294499079774
L48T16beta4.30ms0.026930m0.000939,4.3,202.52,48,16,2023,3.901166977523446e-9,0.006903005734052368,0.06672346064522161
L48T16beta4.30ms0.026930m0.000939,4.3,202.52,48,16,2024,3.9011971266492675e-9,0.006903059082086332,0.06672397629964547
L48T16beta4.30ms0.026930m0.000939,4.3,202.52,48,16,2025,3.901227275775088e-9,0.0069031124301202965,0.06672449195406933
L48T16beta4.30ms0.026930m0.000939,4.3,202.52,48,16,2026,3.901257424900908e-9,0.00690316577815426,0.06672500760849319
L48T16beta4.30ms0.026930m0.000939,4.3,202.52,48,16,2027,3.901287574026729e-9,0.006903219126188224,0.06672552326291704
L48T16beta4.30ms0.026930m0.000939,4.3,202.52,48,16,2028,3.90131772315255e-9,0.006903272474222188,0.06672603891734091
L48T16beta4.30ms0.026930m0.000939,4.3,202.52,48,16,2029,3.90134787227837e-9,0.006903325822256152,0.06672655457176477
L48T16beta4.30ms0.026930m0.000939,4.3,202.52,48,16,2030,3.901378021404191e-9,0.0069033791702901165,0.06672707022618864
L48T16beta4.30ms0.026930m0.000939,4.3,202.52,48,16,2031,3.9014081705300114e-9,0.00690343251832408,0.06672758588061249
L48T16beta4.30ms0.026930m0.000939,4.3,202.52,48,16,2032,3.901438319655832e-9,0.006903485866358044,0.06672810153503635
L48T16beta4.30ms0.026930m0.000939,4.3,202.52,48,16,2033,3.901468468781653e-9,0.006903539214392009,0.06672861718946022
L48T16beta4.30ms0.026930m0.000939,4.3,202.52,48,16,2034,3.901498617907473e-9,0.006903592562425972,0.06672913284388407
L48T16beta4.30ms0.026930m0.000939,4.3,202.52,48,16,2035,3.9015287670332935e-9,0.0069036459104599365,0.06672964849830793
L48T16beta4.30ms0.026930m0.000939,4.3,202.52,48,16,2036,3.901558916159114e-9,0.0069036992584939,0.0667301641527318
L48T16beta4.30ms0.026930m0.000939,4.3,202.52,48,16,2037,3.901589065284935e-9,0.006903752606527864,0.06673067980715565
L48T16beta4.30ms0.026930m0.000939,4.3,202.52,48,16,2038,3.901619214410755e-9,0.006903805954561829,0.06673119546157952
L48T16beta4.30ms0.026930m0.000939,4.3,202.52,48,16,2039,3.901649363536576e-9,0.006903859302595792,0.06673171111600337
L48T16beta4.30ms0.026930m0.000939,4.3,202.52,48,16,2040,3.901679512662397e-9,0.0069039126506297566,0.06673222677042723
L48T16beta4.30ms0.026930m0.000939,4.3,202.52,48,16,2041,3.901709661788217e-9,0.00690396599866372,0.0667327424248511
L48T16beta4.30ms0.026930m0.000939,4.3,202.52,48,16,2042,3.9017398109140375e-9,0.006904019346697684,0.06673325807927495
L48T16beta4.30ms0.026930m0.000939,4.3,202.52,48,16,2043,3.901769960039859e-9,0.006904072694731649,0.06673377373369882
L48T16beta4.30ms0.026930m0.000939,4.3,202.52,48,16,2044,3.901800109165679e-9,0.006904126042765612,0.06673428938812268
L48T16beta4.30ms0.026930m0.000939,4.3,202.52,48,16,2045,3.9018302582915e-9,0.006904179390799577,0.06673480504254653
L48T16beta4.30ms0.026930m0.000939,4.3,202.52,48,16,2046,3.9018604074173204e-9,0.00690423273883354,0.0667353206969704
L48T16beta4.30ms0.026930m0.000939,4.3,202.52,48,16,2047,3.901890556543141e-9,0.0069042860868675044,0.06673583635139425
L48T16beta4.30ms0.026930m0.000939,4.3,202.52,48,16,2048,3.901920705668962e-9,0.006904339434901469,0.06673635200581812
L48T16beta4.30ms0.026930m0.000939,4.3,202.52,48,16,2049,3.901950854794782e-9,0.006904392782935432,0.06673686766024198
L48T16beta4.30ms0.026930m0.000939,4.3,202.52,48,16,2050,3.9019810039206025e-9,0.006904446130969397,0.06673738331466583
L48T16beta4.30ms0.026930m0.000939,4.3,202.52,48,16,2051,3.902011153046424e-9,0.006904499479003361,0.0667378989690897
