-0.06753575161995069,-0.06753890790146341,-0.06753567596772549,-0.06753649172354864,-0.06753485488882344,-0.06753536547180976,-0.06753526035473953,-0.06753409632087125,-0.06753417327498779,-0.0675349515154742,-0.06753427582375872,-0.06753629436593074,-0.06753605168662632,-0.06753468254336356,-0.06753466954577313,-0.0675345783701653,-0.06753470917725782,-0.06753545635698467,-0.06753549169424385,-0.06753613278389792,-0.0675364896605153,-0.06753738766679442,-0.06753482976476256,-0.06753476248847648,-0.067536713997758,-0.0675355970220474,-0.0675345016913106,-0.06753760452395129,-0.06753477272340305,-0.06753610469228302,-0.06753507159305033,-0.06753586990714011,-0.067536317346864,-0.0675334629345266,-0.06753712581460036,-0.06753524696156474,-0.06753649090904636,-0.0675346770328685,-0.0675351202729093,-0.06753504520711942,-0.0675347324246245,-0.06753557337931088,-0.0675360649902614,-0.0675345568305451,-0.0675341906592532,-0.06753447933780421,-0.06753498039111933,-0.067535623720016,-0.06753456729046436,-0.06753749761684297,-0.06753523565627184,-0.06753597805032609,-0.06753370002035253,-0.06753659383478704,-0.06753499018664275,-0.06753529410481983,-0.06753468830122972,-0.06753704570865986,-0.0675350476920315,-0.06753350228445185,-0.06753461709872195,-0.06753561574749023,-0.06753467973151496,-0.0675362985208643,-0.06753515276607223,-0.06753529907087016,-0.06753547668492836,-0.06753444513486623,-0.06753706115684965,-0.0675357741021781,-0.0675371959383284,-0.06753625482521002,-0.06753620391640991,-0.06753429979696468,-0.06753578031868561,-0.06753501320054256,-0.06753524953985869,-0.06753448771089937,-0.06753743866906427,-0.06753557296270504,-0.06753496470952636,-0.06753592565532165,-0.06753523816388307,-0.06753629590132061,-0.06753511229305964,-0.06753473514083062,-0.0675331049828269,-0.06753545360123994,-0.06753439088679261,-0.06753543038471355,-0.0675356102962258,-0.06753705329792205,-0.06753489462567405,-0.06753405284793883,-0.06753721481643392,-0.06753601522679455,-0.06753508368758405,-0.0675381227291788
-0.04598501163750196,-0.045987037023370494,-0.045986083707895656,-0.045985693872089436,-0.04598481010203509,-0.04598475865483061,-0.04598467873161739,-0.04598457051483135,-0.04598496608370547,-0.045984206890532626,-0.04598519119065807,-0.04598516107863444,-0.045985416811429224,-0.045984559034673,-0.04598463480117797,-0.04598467194177673,-0.04598502136571253,-0.045984344066136315,-0.045984046103867415,-0.045985524574169545,-0.045986668281413776,-0.045985504021970984,-0.045984889885307474,-0.04598523658689489,-0.045986012078585686,-0.045984921303383,-0.045985239327514596,-0.04598594047706055,-0.04598505850410104,-0.04598529905768413,-0.04598442652312487,-0.04598477244685144,-0.0459850356337737,-0.04598364022781246,-0.045986021143477274,-0.04598557528278185,-0.04598593650554601,-0.04598496296325959,-0.04598463750588239,-0.04598538932371797,-0.04598465962471227,-0.04598606813261691,-0.04598499930952548,-0.045984195534434114,-0.04598453189489711,-0.045984437119736,-0.045985328121435576,-0.04598466158792529,-0.04598503140598158,-0.04598604765991393,-0.045984772313212005,-0.04598585849204224,-0.045984903249571996,-0.045986542096856195,-0.04598472531953982,-0.04598518011576186,-0.045984855574124184,-0.045986972880214916,-0.045984939508334,-0.0459839168217593,-0.04598449631527443,-0.04598490917066381,-0.045984717557220445,-0.04598604947871026,-0.04598490316957947,-0.04598480211338404,-0.04598552929218859,-0.045984645075996235,-0.04598588588239197,-0.04598511107347518,-0.04598529794354689,-0.045984586008030806,-0.04598507749917753,-0.04598505701441384,-0.045985040595466944,-0.045985263700938805,-0.045984668319065676,-0.04598456240228298,-0.04598681197320646,-0.04598592812567383,-0.04598526136629172,-0.04598564510096649,-0.045984263908529666,-0.04598513355171826,-0.0459847362620439,-0.04598482075027964,-0.04598350049272366,-0.04598525884085031,-0.04598494530192781,-0.04598509204277759,-0.045985285978967186,-0.045986586582585504,-0.045984292861309346,-0.04598481801056619,-0.045985162850666485,-0.04598481279586253,-0.0459854113489043,-0.045986040497014824
-0.008634520806640681,-0.00863512177489461,-0.008635103778282683,-0.008634189324543629,-0.008634910291409559,-0.008634587490524075,-0.00863465861192107,-0.008634687173638148,-0.008634929314112447,-0.008634424403026896,-0.008635020915615823,-0.008634863343513034,-0.008634618978589501,-0.008634544409784757,-0.008634206429176425,-0.008634390773526221,-0.008634426191521945,-0.008634162346895742,-0.008634460779532786,-0.008634866055843175,-0.00863478855584587,-0.008634694617348917,-0.00863461513024846,-0.00863457459293409,-0.008634915623980997,-0.008634520715361253,-0.008634461801561492,-0.008634712224991216,-0.008635042652271116,-0.00863459083080036,-0.008634434978480186,-0.008634343236211862,-0.008634436133017601,-0.008634523108249772,-0.008634744683100676,-0.00863511626297081,-0.008634737003627463,-0.008634535917447197,-0.008634812113490938,-0.008634633152717876,-0.008634377950839617,-0.008635097473523885,-0.00863440420748638,-0.008634487705787992,-0.008634321642419207,-0.008634509373621764,-0.00863436221127806,-0.00863455824800457,-0.008635021636084771,-0.008634926608846988,-0.008634718920321763,-0.00863499613618775,-0.008634934988071958,-0.008635069071657803,-0.008634290597562046,-0.008634533509763238,-0.008634671390741745,-0.008635458951169206,-0.00863450401301065,-0.008634060184528992,-0.008634450014495587,-0.008634068096931319,-0.008634982945166337,-0.008635254158187389,-0.008634836780860838,-0.008634256510597042,-0.00863474584693527,-0.008634473151400028,-0.008634572655100481,-0.008634184871112676,-0.008634609681460091,-0.008634505879569248,-0.008634663347265596,-0.00863463993108613,-0.008634393592323032,-0.008634987741907652,-0.008634315854023019,-0.008634764272765275,-0.008635206873973213,-0.00863476061910233,-0.00863467872283501,-0.008634706286544351,-0.008634229441277065,-0.008634401118054386,-0.008634465947312,-0.008634563733805225,-0.008634206764880019,-0.008634690512118954,-0.008634588873010659,-0.00863441990421503,-0.008634531061596645,-0.008635009985904102,-0.00863444240830704,-0.008634692029721629,-0.008634443829180247,-0.008634382370626942,-0.008634792475195897,-0.008634735543530291
-0.002524544084050624,-0.0025248959455639562,-0.0025247369729942013,-0.002524130601091227,-0.0025247456527423195,-0.0025246772869828293,-0.0025246911644652642,-0.0025247377825194004,-0.0025247736392702298,-0.0025246460736743142,-0.002524784626858897,-0.0025247590240688057,-0.002524635416966679,-0.002524632841839652,-0.002524551509917602,-0.0025245033327385563,-0.0025245888139587003,-0.002524341144517604,-0.0025246578887267676,-0.002524737196297834,-0.0025245308189585855,-0.0025246811779913404,-0.0025245276354515884,-0.002524418608382876,-0.002524786721887909,-0.002524620920103469,-0.002524603846440674,-0.0025244101135984054,-0.0025249697239647425,-0.002524687511269951,-0.0025245119000366087,-0.0025244922133202266,-0.0025245142130742356,-0.0025246562845565815,-0.002524660596359259,-0.0025249498533552123,-0.0025246088528818236,-0.0025246175304454834,-0.0025248440563748597,-0.0025246296477637797,-0.0025245530517184088,-0.0025247861033542243,-0.0025244826618151753,-0.0025245739409866554,-0.0025242948392653246,-0.002524544718621821,-0.0025244983183971698,-0.0025247273923549272,-0.0025249080514647727,-0.0025246986011302425,-0.0025246906154466993,-0.002524761855781613,-0.00252482905938173,-0.0025246660063589863,-0.0025244081226917206,-0.0025244730283232285,-0.002524646694425873,-0.0025248537233619767,-0.0025245343497691253,-0.002524426543011692,-0.002524538983560411,-0.0025240968854739754,-0.00252495413324211,-0.0025250017920282284,-0.0025248484229760497,-0.002524400476699203,-0.0025246969726761804,-0.0025246057015418403,-0.002524436114002328,-0.0025243590712211734,-0.00252463963996213,-0.0025245005145949216,-0.002524796402697021,-0.002524660241946112,-0.0025243931540755147,-0.002524920377940773,-0.0025246029329048757,-0.002524714363618865,-0.0025247319641549986,-0.0025246722988737187,-0.002524648041351443,-0.0025246608146720856,-0.0025243155080089128,-0.0025244705668849097,-0.002524496776868761,-0.0025245128485209285,-0.002524417847743381,-0.002524600282163527,-0.0025246142109447145,-0.0025243858554598497,-0.002524427716092805,-0.002524646570001964,-0.0025246240241308454,-0.0025246975903018007,-0.002524470727034424,-0.0025244204765110132,-0.0025246817858979908,-0.0025245483424787265
-0.0010326409428891214,-0.0010328515962778088,-0.0010327215163265,-0.0010322950090257028,-0.001032734277646689,-0.0010327798296361893,-0.0010327272229306212,-0.001032726272529426,-0.0010326699923435567,-0.0010327575921315274,-0.001032710964841327,-0.0010327174357285084,-0.001032717473999368,-0.0010327017470680327,-0.001032734613747447,-0.0010325923070044559,-0.0010327220541100043,-0.0010324529998673197,-0.0010327212863799667,-0.001032784967289013,-0.0010325706926783505,-0.0010327749659796907,-0.0010326118998884326,-0.0010324819808376108,-0.0010328445712962508,-0.0010326518259042906,-0.0010327131149298328,-0.0010325249856677834,-0.0010328901715618306,-0.0010327891309372316,-0.0010325768902572845,-0.0010326019699576396,-0.0010326435666868786,-0.0010327780745244684,-0.0010326913397360267,-0.0010328803639457474,-0.001032653405445499,-0.0010327282808218013,-0.0010327822608702073,-0.001032655397617144,-0.0010327381302450503,-0.0010327257949900746,-0.001032620862296074,-0.0010326432469557464,-0.0010323817722653313,-0.001032665892650945,-0.0010326167920761196,-0.0010328229325346756,-0.0010328404270323567,-0.0010326225324793288,-0.0010327732138467232,-0.0010327179473502471,-0.0010328128059244764,-0.0010326198241027396,-0.0010325234373001506,-0.0010325606703083983,-0.0010326724154427458,-0.0010327433364921992,-0.0010326925882829406,-0.0010325874759675086,-0.001032637395830936,-0.0010322702012119868,-0.001032904362449631,-0.0010329161036507636,-0.0010328586866343592,-0.0010325718429636157,-0.0010327943845722986,-0.0010327289927146545,-0.0010325867815862916,-0.0010325553101167685,-0.0010327123781175601,-0.0010325714810963445,-0.0010328315749913051,-0.001032725546466599,-0.0010325154002567654,-0.0010328899651827561,-0.0010327702967445672,-0.0010327660879627786,-0.001032675821781742,-0.0010327897993485389,-0.00103268879913321,-0.0010326868586385649,-0.0010324886941208732,-0.001032612112499438,-0.0010325094828535267,-0.0010325441027075237,-0.0010325422102954011,-0.001032623865833872,-0.0010327212734569983,-0.001032503563127197,-0.0010325247406348637,-0.001032627726981668,-0.0010327764320884037,-0.0010326958260801062,-0.0010325413270835773,-0.0010325451280814406,-0.0010326617880169835,-0.001032592401561984
-0.0005214113414297029,-0.0005215619903388404,-0.0005214557581168643,-0.0005211485879523864,-0.000521473611330638,-0.0005215667885372624,-0.0005214594869326539,-0.0005215073560256754,-0.0005214026862038997,-0.0005215330464009956,-0.0005214266830777387,-0.0005214323201643307,-0.0005215181232275706,-0.0005214475293025934,-0.0005215579724807797,-0.0005213534167139038,-0.0005215337186079016,-0.0005212571434050835,-0.0005214945163133926,-0.0005215440630394724,-0.0005213569700342672,-0.0005215880662972362,-0.0005214312702149506,-0.0005212707275530104,-0.0005216283255907624,-0.0005214028711644858,-0.0005215061098325654,-0.000521377906919074,-0.0005215765744147466,-0.000521556647388531,-0.0005213656639468179,-0.0005214082457207719,-0.0005214474050500193,-0.0005215966349363964,-0.000521474867875386,-0.0005215590327789827,-0.0005213950621501689,-0.0005215457638809086,-0.0005214962292647326,-0.0005214172366278104,-0.0005215531696293033,-0.0005214896450501409,-0.0005214320527698216,-0.0005214111016962693,-0.000521215438964887,-0.0005214781228034944,-0.0005214197143701716,-0.0005216112244478527,-0.0005215335594858574,-0.0005212974253714635,-0.0005215417335885244,-0.0005214880943222194,-0.0005215415424679796,-0.0005213958405071057,-0.000521325768596279,-0.0005213635472056039,-0.0005214200813565301,-0.0005214772840485317,-0.0005215284775874593,-0.0005213989725391911,-0.0005214526919880981,-0.0005211340315123523,-0.0005215981867279739,-0.0005215671232576141,-0.0005215619043188687,-0.0005214279518054332,-0.000521573834175802,-0.0005214692507399305,-0.0005214043230263553,-0.0005213989376037244,-0.0005215067764340088,-0.0005213788937472872,-0.0005215525829929741,-0.000521491517695539,-0.000521347992072217,-0.0005216072860821778,-0.0005215685881904525,-0.0005215432534847282,-0.0005214779022270409,-0.0005215671693235516,-0.0005214484165051859,-0.0005214237802822928,-0.0005213408294859451,-0.0005214685090384255,-0.0005212616071421814,-0.000521345821645,-0.0005213504060275692,-0.0005213939827494381,-0.0005215080812308636,-0.0005213087128084827,-0.0005213233145155039,-0.0005214164090240339,-0.0005215822204742932,-0.0005214161540696789,-0.0005213504503489789,-0.0005213761217651314,-0.0005213936427416938,-0.000521361651243313
-0.00029815463286174914,-0.0002982992441219933,-0.0002982057745067536,-0.00029798960191845786,-0.00029826020351795467,-0.0002983397828015123,-0.0002982259153330916,-0.0002983070660712171,-0.00029817979821182463,-0.0002983026584827403,-0.000298208705374876,-0.0002981936421716188,-0.00029832329803265744,-0.0002982121357217,-0.0002983430076902861,-0.0002981161141979166,-0.0002983275176728472,-0.00029808514254555914,-0.00029826567397088087,-0.00029828842422889373,-0.00029812275118062866,-0.0002983748960047781,-0.0002982503300236572,-0.00029803891265702204,-0.00029838471060308295,-0.0002981813353156246,-0.0002982880038121167,-0.00029819803526317325,-0.0002983112744739116,-0.00029830504594745505,-0.0002981456021100608,-0.0002982055317235591,-0.0002982274703919205,-0.0002983969429482004,-0.000298257243325628,-0.00029827521827380135,-0.0002981501003826856,-0.0002983565633343164,-0.00029828242161852983,-0.0002981973386266113,-0.0002983523512796621,-0.000298284343140109,-0.0002982392094233644,-0.0002981950873544092,-0.0002980557619969206,-0.0002982698782225911,-0.0002982281417678172,-0.0002983683525056122,-0.0002982684603098836,-0.0002980545207513219,-0.00029829980897069677,-0.0002982601843492299,-0.0002982760505077103,-0.00029821319832048707,-0.00029815152438799003,-0.00029815572716150905,-0.0002981956089660125,-0.0002982315204005812,-0.00029832104481073167,-0.00029821328930696356,-0.0002982567929663731,-0.0002979972466115537,-0.00029831380476303364,-0.0002982403822159339,-0.0002983095111649517,-0.00029828794011899117,-0.0002983537971759675,-0.00029822118785047843,-0.00029819470005736505,-0.0002981945672409392,-0.00029828696703973885,-0.00029819684515087303,-0.0002983079200487329,-0.00029825472353820534,-0.00029816976881085155,-0.000298336355014301,-0.0002983309950807312,-0.00029831199386809025,-0.00029830836181846967,-0.000298319839540047,-0.0002982437188474786,-0.0002981861712652667,-0.0002981602026331954,-0.0002982590197992398,-0.0002980612088868405,-0.00029814004713275084,-0.0002981459054726139,-0.00029819362473843723,-0.0002982928226491823,-0.0002981167379630143,-0.0002981114439048252,-0.00029821976671365433,-0.0002983563231063732,-0.00029816937226848187,-0.00029819296386666006,-0.00029816627208990426,-0.00029816043904622744,-0.0002981315560357152
-0.00018381832703567597,-0.00018396471638517655,-0.00018387854207615713,-0.00018372687418141052,-0.00018396710879648245,-0.00018401815593993348,-0.0001839321077170757,-0.00018400468725221207,-0.00018386976665730036,-0.0001839822317434207,-0.00018391628025029303,-0.00018388517526138722,-0.00018403145960133797,-0.0001838970622301867,-0.00018403316020183883,-0.00018380664481351116,-0.00018402119168005175,-0.00018378271427793618,-0.0001839469292959057,-0.0001839346238567679,-0.0001837950239339818,-0.00018404673542815446,-0.00018395325398638685,-0.00018372554195613213,-0.00018403091915258316,-0.00018388423838179422,-0.0001839699846838281,-0.000183904889974168,-0.00018399245320949764,-0.00018396546026014132,-0.0001838347239731093,-0.0001838936824922892,-0.0001839211557387439,-0.00018406763303838858,-0.00018394115924587196,-0.00018392195974875972,-0.00018380665945896883,-0.00018405860518218474,-0.0001839958151164052,-0.00018390561786405923,-0.00018404470747899505,-0.00018399101607004362,-0.00018394530107908327,-0.00018389622566627128,-0.000183813991528002,-0.0001839590156803068,-0.00018395378782276622,-0.0001840208832132846,-0.00018394474078475264,-0.00018376403450868492,-0.00018397555805045466,-0.0001839364231020773,-0.0001839275748615686,-0.00018393731878523932,-0.00018388432725582996,-0.00018384924674573808,-0.0001838930598536201,-0.00018391291866180429,-0.0001839978472147211,-0.0001839280645852764,-0.00018393237275300672,-0.00018376255602559413,-0.00018395651043274483,-0.0001838508720011636,-0.00018398161313064123,-0.0001840272845215286,-0.00018405950407171921,-0.00018391546306549642,-0.0001838907368597159,-0.00018386739484841153,-0.00018396000317908695,-0.0001839160913051146,-0.00018398362759140878,-0.00018391889156124737,-0.0001838854180963665,-0.0001839872151831001,-0.00018398761193821206,-0.00018396626731322557,-0.00018402391903385776,-0.0001839858536065405,-0.0001839541087179687,-0.00018387159014159488,-0.00018385653405461952,-0.00018394015821064088,-0.00018378510712863962,-0.00018384167596852754,-0.0001838388526203777,-0.00018390835555038573,-0.00018397511885714885,-0.00018385009192077183,-0.00018381066546524017,-0.00018393171639765823,-0.00018403095353777154,-0.00018385149359099545,-0.00018392334028178897,-0.00018384375854892343,-0.00018385165080339648,-0.0001838349182600114
-0.0001190611482410978,-0.00011919422231836265,-0.00011913940365026783,-0.00011901693014924677,-0.00011922927826203041,-0.00011925256596371426,-0.00011918459694647645,-0.00011925602437263806,-0.0001191052223780803,-0.00011922036301493914,-0.00011919011933163027,-0.00011914475888321848,-0.00011929392833949535,-0.00011915753210439695,-0.0001192888762158144,-0.00011906968258674095,-0.00011925671899608923,-0.00011901963580671994,-0.00011919270899696682,-0.00011914463643568712,-0.00011905185683605329,-0.00011928173297826088,-0.00011918673602580952,-0.00011898994690521264,-0.0001192447215924498,-0.00011915374455480566,-0.00011920433337429682,-0.00011916321611808325,-0.00011922885568740946,-0.00011919135997466809,-0.00011908521605093788,-0.00011913404663303453,-0.00011917175916788624,-0.0001192823076675809,-0.00011918885112514459,-0.00011914430212394921,-0.00011902149036765585,-0.00011929759784821486,-0.00011926536248746201,-0.00011917171241215682,-0.00011929064031179807,-0.00011923529447929355,-0.00011921649479850355,-0.00011915386926946944,-0.00011911761096446709,-0.00011921300374588884,-0.00011922035067364007,-0.00011924815731493512,-0.00011919538296695318,-0.0001190506288647955,-0.00011921210710916474,-0.000119187140539821,-0.00011914956684280617,-0.00011920944639236115,-0.00011916109393656426,-0.00011910918696893572,-0.00011915065964305861,-0.000119170298897211,-0.00011922491034293982,-0.00011919175314923642,-0.00011915434297025078,-0.000119075812237189,-0.00011917401405380594,-0.00011906633399962798,-0.0001192004487784037,-0.00011929301263020779,-0.00011931227965263392,-0.00011918565400626796,-0.00011915115377532026,-0.00011910216147358643,-0.00011919724257727517,-0.00011919011939821395,-0.00011923006853465654,-0.00011915203225014773,-0.00011914938135857353,-0.00011921714414946945,-0.00011920336373697057,-0.00011917717980800888,-0.00011927989029320879,-0.00011921745309758738,-0.00011919212132273249,-0.00011912613284016045,-0.00011910295724118177,-0.0001191915832056815,-0.00011907042719227489,-0.0001191139638395959,-0.00011909186025499684,-0.00011917036210449001,-0.00011921954483035292,-0.00011915642757129881,-0.00011907783578728068,-0.00011919061850838176,-0.00011926038657715044,-0.00011909704710613943,-0.0001191940932919326,-0.00011908161505657686,-0.00011908925952499833,-0.00011912827325178963
-0.00007976574994538018,-0.00007990008811232453,-0.00007987845954983312,-0.00007974626052187947,-0.00007994619634230897,-0.00007995431807935136,-0.00007989114854779788,-0.0000799675534659513,-0.00007979979327652436,-0.00007991755325469104,-0.00007990792711010344,-0.00007985065582740865,-0.00008000685556149516,-0.00007988046940041199,-0.00007999287365981588,-0.00007979349872188759,-0.00007993270228673806,-0.00007973656819449736,-0.00007990453838934341,-0.00007984280001768887,-0.00007977164500588886,-0.00007998676652884337,-0.00007987821980710982,-0.00007972493415646912,-0.00007994448098796699,-0.00007988158699278549,-0.00007991280799731308,-0.00007987367022467799,-0.00007991156307775116,-0.00007989624121672694,-0.00007978979321568281,-0.00007984086139940735,-0.00007988502223729175,-0.00007996476049741745,-0.00007990656092548713,-0.00007984183012588495,-0.00007971110376821727,-0.0000799947371176763,-0.00007998118343750322,-0.00007989019742877607,-0.00008000491355743898,-0.00007993846469605043,-0.00007994220890243344,-0.00007986465447468062,-0.00007986409530106819,-0.00007991647346992096,-0.00007992629918095198,-0.00007995104932217295,-0.00007990159421282338,-0.00007979706968538278,-0.00007991275894341169,-0.00007990504126707801,-0.00007983777087853023,-0.00007992209288824534,-0.00007988533087210857,-0.00007983020799655981,-0.00007985215578165828,-0.00007989222050114664,-0.00007991478289786947,-0.00007990917479789114,-0.00007984528847466206,-0.00007984043165202614,-0.00007988206875979493,-0.0000797760993925207,-0.00007987583887866326,-0.00008000100847152606,-0.0000800090392470506,-0.00007991173701882686,-0.0000798679141402982,-0.00007981697781986983,-0.00007990365962507923,-0.00007991726729960588,-0.00007993146942285897,-0.00007984492707618325,-0.00007987800655171654,-0.0000799355356556752,-0.0000798764907306438,-0.00007987461285944746,-0.00007998478570552295,-0.00007991128282545677,-0.00007988909538028735,-0.00007983249776620306,-0.00007981833602407296,-0.00007990659094745002,-0.00007979918592815772,-0.00007984615542018416,-0.00007980484155941938,-0.00007987136759110723,-0.00007993459134169673,-0.0000798980555812215,-0.00007980943331683583,-0.00007990204700544731,-0.00007996287246113013,-0.00007980436897034771,-0.0000799067474159376,-0.00007978699496089412,-0.00007978253054663262,-0.0000798792009394779
-0.00005475992681677388,-0.000054911500014628806,-0.00005489768185900852,-0.0000547549216578954,-0.00005493331975916486,-0.00005495282241010921,-0.00005488109674636495,-0.000054955900796133437,-0.000054799002587468056,-0.000054899838456078266,-0.00005489947553258782,-0.00005483769495648388,-0.00005500524940132645,-0.00005488917508927497,-0.000054977023046381405,-0.00005480476922694284,-0.00005489338048578989,-0.00005474082567110399,-0.00005490144340470627,-0.00005483873249251245,-0.00005477687298377879,-0.00005497430623026099,-0.00005487391883851847,-0.00005474659389480739,-0.00005493293202406679,-0.000054894908082083304,-0.00005491901500496764,-0.00005486985359755438,-0.000054884830025296695,-0.00005490493532130531,-0.000054779385343032506,-0.00005483380397087725,-0.00005490530619709168,-0.000054942111455689625,-0.00005491184187263705,-0.00005484695638767802,-0.000054721019544577606,-0.000054980361781314215,-0.00005497564343214218,-0.0000548936702131893,-0.000055011085947135055,-0.00005493673092678375,-0.000054941920774267184,-0.000054864504132687956,-0.000054873558053289575,-0.00005489179275313031,-0.000054910567226426285,-0.00005495134501252271,-0.000054891356857703,-0.00005482388898504594,-0.00005490496135501159,-0.000054902958313620106,-0.00005482274165594896,-0.00005491554961549719,-0.00005489513008014662,-0.000054841794519041845,-0.000054841755616314824,-0.00005489609421493869,-0.000054901358219074014,-0.00005490639787832411,-0.00005484154153606752,-0.00005487254778380707,-0.00005489891025138719,-0.000054775071830998143,-0.00005485064300937274,-0.00005499586596033507,-0.000054990500512200615,-0.00005492348365764684,-0.00005486843202449286,-0.00005482494721412666,-0.000054897622846641416,-0.00005492358905719335,-0.000054918150198204085,-0.000054831286135427056,-0.000054892368411200054,-0.000054940371908515444,-0.000054851104283351025,-0.00005489454452583262,-0.0000549799560522774,-0.00005490487363115647,-0.0000548879424779778,-0.00005482061653589084,-0.000054833017667228766,-0.00005490689836357353,-0.00005480206690168918,-0.00005484014550519964,-0.000054810504549066805,-0.00005485781041059302,-0.000054933759440280584,-0.000054899468640848585,-0.0000548234332982071,-0.00005489136442843707,-0.00005495379968626535,-0.000054808135401700114,-0.00005490499145798235,-0.00005479537204660059,-0.00005477760073443485,-0.00005490553109795516
-0.000038282444477275186,-0.000038440648806435556,-0.00003843661345980568,-0.00003830183252202904,-0.00003842503917039031,-0.00003847132994491933,-0.000038394577303083944,-0.00003845777451191185,-0.00003833357203198013,-0.000038407712455742216,-0.000038412092087966536,-0.000038361344609914465,-0.00003851147132010775,-0.00003842178799274928,-0.000038476370683194455,-0.00003833148980115437,-0.000038383503768421484,-0.000038267043181516256,-0.000038418367396904265,-0.00003836536078613732,-0.0000383075849616914,-0.000038463969004845406,-0.000038397501155746796,-0.00003828057208844775,-0.00003844236464534823,-0.00003842194817302617,-0.0000384425817908559,-0.000038390271678234004,-0.00003838261804880082,-0.00003842885380143341,-0.00003828927300749104,-0.00003834552027111052,-0.00003845385976589305,-0.00003844489727314092,-0.00003843356140550329,-0.000038376607531010166,-0.00003827492710106503,-0.00003848782677369725,-0.000038482986435171734,-0.000038407254244676426,-0.000038533332749578866,-0.000038465099216432845,-0.000038458265236136985,-0.00003838825480937635,-0.00003839156414043008,-0.00003838896763086461,-0.0000384177802921768,-0.00003847637105626192,-0.000038389668122369395,-0.00003834728249821274,-0.000038426999368794575,-0.000038417542127667094,-0.00003833613884101974,-0.000038439246009674724,-0.00003841680071760667,-0.000038366200096936055,-0.000038364321023538,-0.00003841330155468109,-0.00003841660840699999,-0.000038412964127908624,-0.000038370528294829764,-0.00003840719628210831,-0.00003843016755158224,-0.0000382961546291947,-0.000038365997908006475,-0.000038511622187073385,-0.000038489484333626404,-0.00003844242057291807,-0.000038388740565112176,-0.0000383504797317583,-0.00003841085677689236,-0.00003844542400591034,-0.000038431419718263276,-0.000038344556669892756,-0.00003841321381182132,-0.000038461232352383234,-0.00003835979027069977,-0.000038445797648851485,-0.000038493924789045966,-0.00003842582031819389,-0.000038406788821969744,-0.00003834531255892102,-0.00003836713435850009,-0.000038421393287100346,-0.00003832073554419003,-0.000038357740914469357,-0.00003834612565150259,-0.000038375063747466545,-0.000038451063482413345,-0.00003842212481466482,-0.00003835346385082455,-0.00003840112841362873,-0.00003846866096298126,-0.0000383443671420026,-0.00003842231435757784,-0.000038332194561175213,-0.00003830834746546185,-0.00003844892937085375
-0.000027210025383529445,-0.00002736181313430638,-0.000027368093765483767,-0.000027245450158719854,-0.00002731869959527341,-0.000027377527980901802,-0.000027299085547245527,-0.000027360707311459354,-0.000027268429589894328,-0.000027323806437373584,-0.00002734314601499328,-0.00002729060746531039,-0.000027413541340329934,-0.000027345109016998618,-0.00002737882732292767,-0.00002725013647757343,-0.000027274832989433103,-0.000027184065747554254,-0.000027337312968270063,-0.000027298114217068287,-0.00002724028456885677,-0.000027341659799108085,-0.0000273291004271277,-0.000027205731566412213,-0.000027356516761905477,-0.00002734190609687086,-0.000027362271434359957,-0.000027311893029528052,-0.000027284263077959433,-0.00002734168388427077,-0.000027210012720786872,-0.000027255568466716214,-0.00002739682544656949,-0.000027357818785227196,-0.000027355884313840523,-0.00002730017187242947,-0.00002722474064560587,-0.00002739289382132214,-0.00002739431482939666,-0.00002731210404525635,-0.00002745229849259512,-0.000027393565037310764,-0.00002736788039556429,-0.000027316332312863473,-0.00002731243931433901,-0.00002728799829482369,-0.000027333253140177806,-0.00002740496373430753,-0.00002730109458998062,-0.000027247362359256436,-0.000027357594321192157,-0.00002732923638987463,-0.000027258566520763432,-0.000027357145295955066,-0.000027328511164299585,-0.000027292730618498727,-0.0000272811307131266,-0.000027331468770313426,-0.0000273377059958044,-0.00002730861343799839,-0.000027303865016766728,-0.00002732782416535743,-0.000027347669530123194,-0.000027228194653873773,-0.00002730051803096042,-0.000027424926064166757,-0.000027384287026758156,-0.00002734551215572857,-0.00002731560758959675,-0.000027276280570854718,-0.000027327308263881358,-0.000027368000124163856,-0.00002734182237019616,-0.000027253702246130446,-0.000027328355621971686,-0.00002737690866059418,-0.000027273840535421607,-0.000027391607126214624,-0.000027405165356865264,-0.000027345335351274704,-0.00002732077739761864,-0.00002728579910569026,-0.000027304321384019076,-0.000027332717841434547,-0.000027235637394758365,-0.000027278087565384196,-0.000027274467441554346,-0.00002729864123478229,-0.00002736574757028081,-0.000027358417441934672,-0.00002728018168812762,-0.000027318044918099085,-0.000027390740878527426,-0.00002728019328902458,-0.000027333334648172235,-0.00002726609534789005,-0.000027241899408842317,-0.00002737410628820562
-0.000019612358511290297,-0.000019757335847796128,-0.000019765513946800887,-0.000019647029204252125,-0.000019694481161627636,-0.000019756888039895124,-0.000019670220671370777,-0.00001974318442638915,-0.000019683365010680465,-0.000019726792122394472,-0.000019759815114812607,-0.00001968726881868069,-0.00001979280128718115,-0.000019733684392049857,-0.000019767541270475037,-0.000019659960567067025,-0.000019645692495099762,-0.000019566366990820442,-0.000019733106862426225,-0.00001970612086029009,-0.000019643048421681224,-0.0000197001225090887,-0.00001973451851157957,-0.0000196139301311866,-0.00001973905261927477,-0.000019729815278411252,-0.000019763522635936895,-0.000019713174818442565,-0.000019668354338165792,-0.000019728485799604013,-0.00001962524128136475,-0.000019643413028607526,-0.000019799861377544675,-0.000019750189160200435,-0.000019752111868565094,-0.000019696312577504908,-0.00001964952953127962,-0.000019775398320165777,-0.000019794189176370716,-0.000019696934707763408,-0.000019838300076910337,-0.00001979219699369687,-0.00001975303777985858,-0.000019715406389442148,-0.000019715566174477598,-0.000019673015353449245,-0.000019723019714249453,-0.00001980366019956852,-0.000019702891979918132,-0.000019624568950391114,-0.00001976948021493315,-0.000019721099778580868,-0.000019658127459563636,-0.00001974647996727542,-0.00001970464640610361,-0.000019697225847057518,-0.000019672825533583988,-0.000019732562300920778,-0.000019737009075465156,-0.00001968775071574614,-0.000019715676911038137,-0.000019727859333823927,-0.000019734516214159415,-0.000019645215370224207,-0.00001971482199464516,-0.000019808453094726713,-0.00001976780568448178,-0.000019722830157100145,-0.000019713492182262386,-0.000019681512581493245,-0.000019725723852712638,-0.00001977447487509311,-0.000019722992278953725,-0.00001964023035902295,-0.00001971800469308284,-0.000019763806912335615,-0.000019668558015594515,-0.000019809911384460057,-0.00001980108532665514,-0.000019733691849869328,-0.00001971130841530863,-0.000019705807709833003,-0.000019717999398700252,-0.000019711921040683542,-0.000019633898667980838,-0.00001966908728153222,-0.00001967339771899147,-0.000019696810487657994,-0.000019742668075454212,-0.000019766718034686864,-0.000019682064373488974,-0.00001971123479723328,-0.00001979538247723459,-0.000019687059838066647,-0.000019724664170044442,-0.00001967246773128419,-0.000019645740373197584,-0.000019758615020572833
-0.000014320042657863868,-0.000014457921689807325,-0.00001446271117669677,-0.000014348399367048709,-0.000014385468120863527,-0.000014442300923794507,-0.000014343055082438544,-0.000014420972783675904,-0.000014407222765364877,-0.00001443882170708416,-0.000014469403651720366,-0.000014387063090180191,-0.000014482950509431147,-0.000014425235328516546,-0.00001446768747702219,-0.000014380252458747722,-0.000014331243972163285,-0.000014249106423734265,-0.00001442859775692326,-0.000014414869882622322,-0.000014349130854804549,-0.00001438029803122932,-0.000014441041010395898,-0.000014327579199587479,-0.00001442665331663891,-0.000014414748866615974,-0.000014465391938370766,-0.000014419219029665778,-0.00001435966774260509,-0.000014417927356727004,-0.00001434337793567073,-0.000014346682234708281,-0.000014495020650172926,-0.000014449232357731885,-0.000014457621092678072,-0.000014393907686425367,-0.000014375396628682345,-0.00001446906951297956,-0.000014497320668018465,-0.000014396393232141249,-0.000014522739230449536,-0.000014484931507833983,-0.0000144501901505728,-0.000014416757235188972,-0.000014425952145714491,-0.000014367301041634678,-0.000014422865669931075,-0.00001449871053476796,-0.00001440665729838858,-0.000014323670548614168,-0.000014477027516749293,-0.000014423885772860622,-0.000014367951147097146,-0.000014444164655842698,-0.00001439107598698417,-0.000014401857362893805,-0.000014373891467535914,-0.0000144329441172968,-0.000014443834212776952,-0.000014379861327236367,-0.000014429837758444292,-0.000014430882106799977,-0.000014419717012868489,-0.000014369092663625807,-0.000014431220553246556,-0.000014487099700205542,-0.000014466782402323908,-0.00001442140515838311,-0.000014406602361729422,-0.000014392213383665122,-0.000014424791375179295,-0.00001447738637730711,-0.000014413534366959828,-0.000014340379056556774,-0.00001441248565577141,-0.000014456334499939981,-0.000014366215162627965,-0.000014513237198033626,-0.000014503696568152612,-0.000014420236670985657,-0.000014411209055838624,-0.000014421784600707634,-0.000014432047972929802,-0.000014395048136051,-0.000014349653108489617,-0.000014373844475640831,-0.000014371947375297335,-0.00001440892854815704,-0.000014418475706690944,-0.000014471536811429405,-0.000014389817505105888,-0.0000144075509915154,-0.00001449698215429624,-0.000014393129543620022,-0.000014423537041363854,-0.000014391049016096027,-0.000014353515880443782,-0.00001444338630684719
-0.000010590456184946187,-0.000010713817814854058,-0.000010720235798017285,-0.000010605646928373326,-0.000010640660593817444,-0.000010694664827599852,-0.000010591215637325215,-0.000010663970340826948,-0.000010688901915124921,-0.000010712264490671394,-0.000010727585884553879,-0.000010652855314839773,-0.000010744767308802147,-0.000010680282292550678,-0.000010728137101198278,-0.000010647091896540177,-0.00001059060031293866,-0.000010509085300631034,-0.00001068510316939819,-0.000010683749834427974,-0.000010612391314638935,-0.00001063563990362869,-0.000010709486868155145,-0.000010606211896818996,-0.000010681278622878274,-0.00001066817213866741,-0.000010725860713727694,-0.000010685741416345371,-0.000010614013190232786,-0.0000106713742959472,-0.000010621686312526572,-0.000010620389914138883,-0.000010749265676051774,-0.000010712660565954687,-0.000010724990567204316,-0.000010654974326594865,-0.000010651697718728898,-0.000010729848115310174,-0.000010755097992876412,-0.000010664520567571327,-0.00001076831183153779,-0.00001073302796308183,-0.000010710874395770563,-0.000010677722880089314,-0.000010701032451854695,-0.000010625387992104364,-0.000010683088821713747,-0.000010755573549139163,-0.000010670808389107788,-0.000010603532871778505,-0.000010743473648952237,-0.000010689022032752869,-0.000010640735631390001,-0.000010701508472964496,-0.00001063994883301994,-0.000010660508047051155,-0.000010640996366028576,-0.000010702435895251931,-0.000010715378166932097,-0.000010644146886396277,-0.000010704842022796368,-0.000010697136161703856,-0.000010667009289516044,-0.000010663249904074132,-0.000010703710885783767,-0.000010730198613593556,-0.000010729154473102953,-0.00001069016871189481,-0.000010662616364185614,-0.00001067016349271546,-0.000010683877522252036,-0.000010733119271309101,-0.000010673981731869004,-0.000010605827996906345,-0.000010669812966230992,-0.000010716434749527116,-0.000010620077711375094,-0.000010770445092421436,-0.000010765218866881076,-0.000010668093310033362,-0.000010677517123480569,-0.000010690533525969099,-0.000010704351197688997,-0.0000106454409065981,-0.000010626510436528041,-0.00001064825630281699,-0.000010637757953038305,-0.000010678543829006863,-0.000010667473628223712,-0.000010729847685203995,-0.00001066149607627806,-0.0000106654199293014,-0.000010749569529460168,-0.000010669013550735506,-0.000010683658445821249,-0.000010668374525496377,-0.000010623174894425615,-0.000010688923731925528
-8.008353201112067e-6,-8.122290975334662e-6,-8.14018062906493e-6,-8.022891362681247e-6,-8.043086154988394e-6,-8.098495480674687e-6,-8.004860880301758e-6,-8.069090447447075e-6,-8.126517389761042e-6,-8.140795101671563e-6,-8.12766755450769e-6,-8.077332367987168e-6,-8.164024816299262e-6,-8.095584540531265e-6,-8.147583526573776e-6,-8.054318585036879e-6,-8.022969977289312e-6,-7.949846283599948e-6,-8.099667350486319e-6,-8.105412129060433e-6,-8.021142601420354e-6,-8.053395361596413e-6,-8.138151511293534e-6,-8.039832437289244e-6,-8.09079313127142e-6,-8.086957419251708e-6,-8.136567486337496e-6,-8.110418169777717e-6,-8.029035117198118e-6,-8.08916556389918e-6,-8.050768638780908e-6,-8.053244829623167e-6,-8.160298287579302e-6,-8.129900799056791e-6,-8.149887386293566e-6,-8.075487706433503e-6,-8.071628783826413e-6,-8.142695295451811e-6,-8.165861207639255e-6,-8.0850296594125e-6,-8.17127288170266e-6,-8.142850048505917e-6,-8.12063485041547e-6,-8.090211313392867e-6,-8.125513489104062e-6,-8.039066611636375e-6,-8.090487784671896e-6,-8.16795236502239e-6,-8.092666054872939e-6,-8.04728951716716e-6,-8.155422685299172e-6,-8.108825264055434e-6,-8.06450057396535e-6,-8.119626715518335e-6,-8.042972382871609e-6,-8.074807353677843e-6,-8.062919316194528e-6,-8.13401764111631e-6,-8.135444768233063e-6,-8.056689384904758e-6,-8.127701661575947e-6,-8.121446421519081e-6,-8.075088073265059e-6,-8.11157611168097e-6,-8.127557843288917e-6,-8.1339223182988e-6,-8.147072072364299e-6,-8.104797210645047e-6,-8.079662768590826e-6,-8.101607266747205e-6,-8.095053979734375e-6,-8.1402800653497e-6,-8.086942535333629e-6,-8.02984090286612e-6,-8.082911328068187e-6,-8.12769399253403e-6,-8.030550407146253e-6,-8.180765661294552e-6,-8.180077517162986e-6,-8.07899726059687e-6,-8.09405198999749e-6,-8.105268238368815e-6,-8.12525203353388e-6,-8.061992870962189e-6,-8.052825830696931e-6,-8.071718647829042e-6,-8.055719170506918e-6,-8.090138910089803e-6,-8.078082344002015e-6,-8.141334917824955e-6,-8.086905400053525e-6,-8.083707499272698e-6,-8.152339944595076e-6,-8.102976376394689e-6,-8.095244738354048e-6,-8.084694872689434e-6,-8.049227531195755e-6,-8.091003844125928e-6
-6.152934323797108e-6,-6.26079633250248e-6,-6.294562759414899e-6,-6.190527284418937e-6,-6.168521634063248e-6,-6.236763022839366e-6,-6.155580900852129e-6,-6.215347155949062e-6,-6.297770633774648e-6,-6.3029326176181455e-6,-6.258593141268716e-6,-6.226963011695313e-6,-6.311023605906734e-6,-6.244777807778062e-6,-6.306108669448271e-6,-6.197410260651354e-6,-6.191817626752101e-6,-6.137309684713985e-6,-6.256410998716602e-6,-6.260188647440835e-6,-6.155383628389378e-6,-6.2122976562581746e-6,-6.286560403080236e-6,-6.197786435350205e-6,-6.231825478847617e-6,-6.233764734472737e-6,-6.2741278917099155e-6,-6.265790470282696e-6,-6.185630526561319e-6,-6.246423600989534e-6,-6.2059930997472025e-6,-6.216702327605664e-6,-6.30395009511302e-6,-6.275411806712147e-6,-6.307013569280889e-6,-6.230597939855769e-6,-6.220762497185144e-6,-6.288191684131663e-6,-6.30951248306632e-6,-6.238023991795425e-6,-6.307264316748552e-6,-6.296008206882319e-6,-6.258698001441314e-6,-6.240475871436116e-6,-6.272423377887643e-6,-6.180775448414466e-6,-6.222202882750295e-6,-6.309503625396344e-6,-6.249093239842277e-6,-6.217541796029441e-6,-6.293900006131929e-6,-6.256566559177938e-6,-6.2225664875430155e-6,-6.2761488713493205e-6,-6.1816002453102506e-6,-6.234026654596892e-6,-6.211184346536185e-6,-6.300081309849313e-6,-6.277513113019582e-6,-6.2006967567839284e-6,-6.2785607258760574e-6,-6.272342293166467e-6,-6.223089512693229e-6,-6.279729379750932e-6,-6.28210107059611e-6,-6.270162655751658e-6,-6.296733038188247e-6,-6.254365079433386e-6,-6.235838202319421e-6,-6.260896061666147e-6,-6.236555166139759e-6,-6.2792025104244905e-6,-6.2302528366217085e-6,-6.19239274224818e-6,-6.230697350542359e-6,-6.269748925750887e-6,-6.176159475857515e-6,-6.320227904916147e-6,-6.324539412701335e-6,-6.233225673499483e-6,-6.246093847605405e-6,-6.241969628539795e-6,-6.270887853484078e-6,-6.220027768760208e-6,-6.20772220860527e-6,-6.22512012148031e-6,-6.203461514829843e-6,-6.240856388506042e-6,-6.227331150497826e-6,-6.282339717005322e-6,-6.237637684304725e-6,-6.239744009868806e-6,-6.286744218001406e-6,-6.2598468082840425e-6,-6.244583083870807e-6,-6.230701891926573e-6,-6.203620325120267e-6,-6.227110413594591e-6
-4.754441813105463e-6,-4.848836835091335e-6,-4.898847188715145e-6,-4.81874981175904e-6,-4.759516126235004e-6,-4.835959483241241e-6,-4.7647079273853415e-6,-4.822260857800427e-6,-4.9096803872694385e-6,-4.914487592181184e-6,-4.851036652646831e-6,-4.8267206884073165e-6,-4.899679935659864e-6,-4.851275958260448e-6,-4.916229769132817e-6,-4.7978291395707714e-6,-4.803781960975493e-6,-4.770702439695946e-6,-4.864984795007662e-6,-4.864721677133527e-6,-4.744872019172419e-6,-4.822056215271381e-6,-4.883486567876582e-6,-4.796631890251153e-6,-4.826207274194702e-6,-4.824696541056129e-6,-4.862604866865618e-6,-4.8711016380996645e-6,-4.794616949911253e-6,-4.855045224600502e-6,-4.816657148895675e-6,-4.8256693009070895e-6,-4.8969816673506e-6,-4.8740135237918075e-6,-4.909690017837628e-6,-4.836167355258211e-6,-4.820874026046318e-6,-4.885396460184643e-6,-4.905668489952062e-6,-4.839656378756005e-6,-4.890022668723427e-6,-4.89937044361897e-6,-4.854108217540216e-6,-4.844584043098764e-6,-4.871997655558736e-6,-4.771117922648409e-6,-4.818712454712422e-6,-4.8991666110213255e-6,-4.8569117917806985e-6,-4.8382280305840105e-6,-4.879707217705249e-6,-4.8524961983146885e-6,-4.8345786680164786e-6,-4.88626700327176e-6,-4.771449499417555e-6,-4.844696261167356e-6,-4.805630234429601e-6,-4.9126830204763055e-6,-4.869616169055486e-6,-4.807611885381249e-6,-4.884478358508184e-6,-4.869536274625754e-6,-4.827518401871073e-6,-4.888307487246964e-6,-4.887557650685018e-6,-4.859525686581044e-6,-4.888681975841469e-6,-4.860092683829108e-6,-4.843081163718601e-6,-4.86895686016323e-6,-4.830347712518254e-6,-4.86645749513988e-6,-4.82517501692211e-6,-4.808324569174092e-6,-4.8382077739258865e-6,-4.8655233525702245e-6,-4.772838846281302e-6,-4.912605175542095e-6,-4.919340627516297e-6,-4.844371094182964e-6,-4.853424912389404e-6,-4.823623280807787e-6,-4.8663854389838334e-6,-4.827286345059663e-6,-4.807922388004715e-6,-4.825287581730072e-6,-4.807141217742701e-6,-4.840170986803932e-6,-4.827194304400328e-6,-4.879456817884844e-6,-4.832492894664925e-6,-4.847329821617697e-6,-4.877644202237838e-6,-4.859724150911587e-6,-4.844224629726775e-6,-4.832974030691386e-6,-4.806418269686428e-6,-4.8154709688358585e-6
-3.699657436818947e-6,-3.7720678408109825e-6,-3.840235864469837e-6,-3.7815845315535515e-6,-3.71575976046945e-6,-3.7776474882593763e-6,-3.7196237379119393e-6,-3.76889087319971e-6,-3.850410145252739e-6,-3.8583572849460535e-6,-3.7947412902789084e-6,-3.771689992822362e-6,-3.829013525126106e-6,-3.802628256712146e-6,-3.852524410401901e-6,-3.7342310476870033e-6,-3.742542541896168e-6,-3.7276552599318365e-6,-3.8071695365396517e-6,-3.8042603303618296e-6,-3.6853508868646794e-6,-3.76223667013247e-6,-3.825867124037549e-6,-3.7334533717697406e-6,-3.7563601325578817e-6,-3.7544071890584547e-6,-3.795772514509377e-6,-3.8166830002770225e-6,-3.7523978495655054e-6,-3.8020729316367055e-6,-3.767781455941294e-6,-3.7611206164337263e-6,-3.8222997642035465e-6,-3.80732740133729e-6,-3.8467939860051535e-6,-3.7799286759139815e-6,-3.7560859473636705e-6,-3.818902179420159e-6,-3.847600144905352e-6,-3.777430935190063e-6,-3.8068174999824606e-6,-3.834174182121315e-6,-3.7954738834631167e-6,-3.7861549610575083e-6,-3.8120618748841235e-6,-3.6995779602221283e-6,-3.7641107296795952e-6,-3.823312000181227e-6,-3.797472249595093e-6,-3.7966563537175233e-6,-3.8023716707857706e-6,-3.7912555857290673e-6,-3.7830540454401385e-6,-3.8311620590660495e-6,-3.696106438988607e-6,-3.7871619274780285e-6,-3.7364343585213257e-6,-3.847116701282214e-6,-3.7963904398475085e-6,-3.758134581388088e-6,-3.827015787970917e-6,-3.8066852199819545e-6,-3.7660660187210525e-6,-3.834513228049435e-6,-3.829522078895705e-6,-3.7854707453746068e-6,-3.8141546033224472e-6,-3.8026938419386277e-6,-3.7843526644674554e-6,-3.8044161152051917e-6,-3.76311397601696e-6,-3.7938654612136905e-6,-3.7617168408711776e-6,-3.7570568905658774e-6,-3.7908019239903946e-6,-3.7978512084229224e-6,-3.7177799828273892e-6,-3.846620370545479e-6,-3.854613361643062e-6,-3.792759479923158e-6,-3.797706056829225e-6,-3.7425304513639232e-6,-3.7993065417598463e-6,-3.770421799450745e-6,-3.745743056688497e-6,-3.754104414946627e-6,-3.755779893503224e-6,-3.7735469995541098e-6,-3.76067177613374e-6,-3.825148150499756e-6,-3.7642130190540227e-6,-3.79446449167348e-6,-3.810639034115407e-6,-3.7937099460326964e-6,-3.7814948120642254e-6,-3.774326840879069e-6,-3.741772569737892e-6,-3.74445334321051e-6
-2.9743567599765475e-6,-3.0292160772486545e-6,-3.1135504506275483e-6,-3.0606916301287783e-6,-3.0147931811050593e-6,-3.0510969546387917e-6,-3.002875853455053e-6,-3.043287285704954e-6,-3.123205232999814e-6,-3.126540055116173e-6,-3.075001717382444e-6,-3.055677191437253e-6,-3.093072436651459e-6,-3.0856256968462467e-6,-3.10605721313718e-6,-2.999009922037819e-6,-3.0073581537926927e-6,-3.0104210052917985e-6,-3.0763230898104944e-6,-3.0700951718547545e-6,-2.9608164156646397e-6,-3.0334198126630785e-6,-3.110031931897839e-6,-3.005717273013878e-6,-3.023882987607435e-6,-3.0147544990028724e-6,-3.0651145050604757e-6,-3.0999747703840106e-6,-3.047442176831356e-6,-3.079653698166883e-6,-3.047874766507554e-6,-3.0157405520059147e-6,-3.0785977873823885e-6,-3.0666741983245174e-6,-3.119456532467408e-6,-3.050284554417854e-6,-3.0205292379662293e-6,-3.087026848623031e-6,-3.114984660425283e-6,-3.0438817933800545e-6,-3.051680311958209e-6,-3.0952886703901853e-6,-3.069939055503931e-6,-3.0602695016890363e-6,-3.079732476862106e-6,-2.967608882559095e-6,-3.0366068215317926e-6,-3.0804891031107173e-6,-3.0629971841715137e-6,-3.078369537806049e-6,-3.0494404562753155e-6,-3.061059034389729e-6,-3.0539383719872856e-6,-3.0977824250255617e-6,-2.9582991009527886e-6,-3.055348982134079e-6,-3.0010549173350174e-6,-3.0949111089829215e-6,-3.0559107301198975e-6,-3.0415105415243198e-6,-3.1049341962960504e-6,-3.0753870208041724e-6,-3.0353683865027556e-6,-3.111628874021572e-6,-3.099202527806822e-6,-3.041175166778096e-6,-3.0630966042606264e-6,-3.0599025777890904e-6,-3.052730368498922e-6,-3.066056101964486e-6,-3.0301388070780908e-6,-3.064157673361402e-6,-3.0316086508621886e-6,-3.0339567161712847e-6,-3.072846983033956e-6,-3.060192540782343e-6,-2.9927253450392567e-6,-3.1144503801179887e-6,-3.119167971585104e-6,-3.0711441359414354e-6,-3.069846998793908e-6,-2.9992359639254256e-6,-3.069042904557481e-6,-3.0393308151011734e-6,-3.021637508435808e-6,-3.0131928047990036e-6,-3.039205243206523e-6,-3.0327403044295858e-6,-3.022525322735192e-6,-3.098610588520034e-6,-3.028070275879529e-6,-3.069894480894344e-6,-3.075619977487819e-6,-3.057628187754217e-6,-3.053321182792673e-6,-3.0430331754775484e-6,-3.0121653505677785e-6,-3.007297146393709e-6
-2.4717488762111948e-6,-2.5176647827677998e-6,-2.60732316873216e-6,-2.5570398113480373e-6,-2.5430126367398068e-6,-2.5495962130191445e-6,-2.510010268226755e-6,-2.5345280719968196e-6,-2.6189160971071665e-6,-2.6140419776677915e-6,-2.578846289407445e-6,-2.5617752805877154e-6,-2.5822820413123504e-6,-2.592935821916004e-6,-2.5827769885756817e-6,-2.493176427004144e-6,-2.4946771813343164e-6,-2.501221040002167e-6,-2.5691518735860165e-6,-2.5597056457836375e-6,-2.45569938653828e-6,-2.5353414882982274e-6,-2.617831152402572e-6,-2.5088561081270137e-6,-2.522921291724829e-6,-2.503684891609689e-6,-2.5652225198797044e-6,-2.609442887390189e-6,-2.5632699436688905e-6,-2.581316260720899e-6,-2.5497939723136972e-6,-2.4934422373188502e-6,-2.56894680518267e-6,-2.549516237739753e-6,-2.6164126344839217e-6,-2.541200356285096e-6,-2.506581624753052e-6,-2.5882586594753213e-6,-2.5983621769766235e-6,-2.5343955735881616e-6,-2.518943166586175e-6,-2.5843497398884805e-6,-2.570390566482105e-6,-2.569758108852078e-6,-2.5699949265339484e-6,-2.4732736528937475e-6,-2.525612716664014e-6,-2.5651289988224624e-6,-2.554817339936528e-6,-2.583490641239022e-6,-2.525703779980428e-6,-2.5582229362498075e-6,-2.5408368533900524e-6,-2.5864105616022455e-6,-2.4568770566453255e-6,-2.547676499699098e-6,-2.5015508671889354e-6,-2.5674991375886414e-6,-2.5488318067807785e-6,-2.546781431983961e-6,-2.612845040333802e-6,-2.5722090267123272e-6,-2.532844190733003e-6,-2.616071168187886e-6,-2.5916793878283885e-6,-2.5254955000257955e-6,-2.537393726451135e-6,-2.539638448296194e-6,-2.5512575374713286e-6,-2.549150384871634e-6,-2.523233736925298e-6,-2.5718420019393416e-6,-2.5326721834387753e-6,-2.528666079172485e-6,-2.5765300414438273e-6,-2.550101967032368e-6,-2.4891573895432227e-6,-2.60341760001464e-6,-2.6073803805463166e-6,-2.568095742533141e-6,-2.566863139319902e-6,-2.4775490223600455e-6,-2.566214367092624e-6,-2.5307060369787996e-6,-2.52958318890214e-6,-2.510451753166805e-6,-2.546387124272145e-6,-2.5262072761232117e-6,-2.5070884816047232e-6,-2.6000587737898626e-6,-2.525930645952864e-6,-2.5737154050614644e-6,-2.568021017647741e-6,-2.5479063523472767e-6,-2.547407096354889e-6,-2.5367149618536264e-6,-2.516097410187119e-6,-2.496803025443077e-6
-2.1422048444513345e-6,-2.186888162815732e-6,-2.276305547044407e-6,-2.2309205846546025e-6,-2.2513833352285477e-6,-2.2222345500547563e-6,-2.1877724958518093e-6,-2.1973967545537412e-6,-2.2809785011923185e-6,-2.278325219636936e-6,-2.253106512023153e-6,-2.2323771811975117e-6,-2.2445755900417353e-6,-2.273089055838843e-6,-2.23729687477182e-6,-2.1732731721262017e-6,-2.163436930741933e-6,-2.153618553716706e-6,-2.23790979249008e-6,-2.2297265607194814e-6,-2.12530177620464e-6,-2.209034096923839e-6,-2.2938692112970464e-6,-2.184064342109463e-6,-2.1976551358086544e-6,-2.172039637833441e-6,-2.2373705621055256e-6,-2.2892925251486748e-6,-2.25137950793916e-6,-2.25634065423131e-6,-2.224807400148127e-6,-2.1598278835707584e-6,-2.2401345031086623e-6,-2.210682989679528e-6,-2.2862904500874154e-6,-2.2105673180319885e-6,-2.171953780900675e-6,-2.2672184686399916e-6,-2.2595521968564098e-6,-2.198554292060168e-6,-2.1619341376652237e-6,-2.25079223664657e-6,-2.248979305980515e-6,-2.2575232417930125e-6,-2.2326447068454386e-6,-2.163143030995953e-6,-2.1878526379070235e-6,-2.224976738519725e-6,-2.222855931835061e-6,-2.2639468960346702e-6,-2.1836078755466035e-6,-2.2318576472575945e-6,-2.198420929958002e-6,-2.2562313959876516e-6,-2.138033588390649e-6,-2.21405600194696e-6,-2.178949897380992e-6,-2.228726203973736e-6,-2.222465647121628e-6,-2.2236670054859793e-6,-2.2881344475197537e-6,-2.249341820322687e-6,-2.2077566636159546e-6,-2.2916687031740205e-6,-2.2611953111436044e-6,-2.1950170535994445e-6,-2.197924093621626e-6,-2.2053267864782753e-6,-2.2324104537632154e-6,-2.213142450908826e-6,-2.1921408212344904e-6,-2.2543350892239126e-6,-2.2144269908246673e-6,-2.202138398673527e-6,-2.2580170105867244e-6,-2.2242748949751346e-6,-2.1655365968707325e-6,-2.263038863284865e-6,-2.272091902092128e-6,-2.2348199583937318e-6,-2.2411078065249404e-6,-2.1269364272894888e-6,-2.239415919365485e-6,-2.197404702973028e-6,-2.2139046026668174e-6,-2.1854382836805875e-6,-2.2225671133207237e-6,-2.2031833976889624e-6,-2.170066124708059e-6,-2.2760563218727213e-6,-2.204159392166009e-6,-2.2523097880708987e-6,-2.237620497686909e-6,-2.219189703412692e-6,-2.218353852952274e-6,-2.1998194489826217e-6,-2.204942219947539e-6,-2.1705003984936688e-6
-1.9547611547214013e-6,-2.0002202085726984e-6,-2.0876942443272256e-6,-2.0375289853812525e-6,-2.100076478072102e-6,-2.034739656119496e-6,-1.9944084147374004e-6,-1.99800812691116e-6,-2.0785093461429727e-6,-2.083359945428213e-6,-2.0614399102279963e-6,-2.034349582590889e-6,-2.0439773732055235e-6,-2.0876540856511487e-6,-2.035668312844381e-6,-1.997139426233826e-6,-1.9757826229172046e-6,-1.9395591099845236e-6,-2.0448187004501467e-6,-2.0408649199295227e-6,-1.9327109175772477e-6,-2.0111862213318288e-6,-2.1025498165300004e-6,-1.990904619005725e-6,-2.008061346283564e-6,-1.988979424983882e-6,-2.045647176981592e-6,-2.1074928458209896e-6,-2.07136960987287e-6,-2.0697024256382585e-6,-2.0397052464740156e-6,-1.9707307662575883e-6,-2.052468126496069e-6,-2.0148846533626213e-6,-2.0995040993292554e-6,-2.023980178759821e-6,-1.9776674338334106e-6,-2.0843405963782828e-6,-2.062372677486484e-6,-2.003688479097564e-6,-1.95986915979415e-6,-2.0577562134626133e-6,-2.0666877404066555e-6,-2.0784994343102037e-6,-2.037670845483657e-6,-1.985936933569789e-6,-1.9959213796305813e-6,-2.02528216696513e-6,-2.029208183584897e-6,-2.0842153151216158e-6,-1.9745231312635484e-6,-2.04451892368798e-6,-2.0015032183477687e-6,-2.069810371547872e-6,-1.9626997819536962e-6,-2.024252149182411e-6,-1.990161413503648e-6,-2.034681257171471e-6,-2.0341631449557493e-6,-2.038371804369077e-6,-2.092918705282737e-6,-2.0618113887099196e-6,-2.02303882814849e-6,-2.1009552341976373e-6,-2.0732111101949766e-6,-2.0116667725088655e-6,-2.002867579019672e-6,-2.0131940832649026e-6,-2.0519892296732398e-6,-2.020008130636473e-6,-2.002066256447371e-6,-2.071529128641411e-6,-2.0335112825400307e-6,-2.0211489896144412e-6,-2.0752466202513657e-6,-2.0410090133047087e-6,-1.985313667604094e-6,-2.0579665378423206e-6,-2.0805141272386786e-6,-2.041934794012964e-6,-2.0512669682635473e-6,-1.9181229073068653e-6,-2.0475362654581127e-6,-2.0062394729118974e-6,-2.0347260057386783e-6,-1.9932542755504824e-6,-2.0349713275954932e-6,-2.0169359105219753e-6,-1.9814151104004714e-6,-2.0795912221806447e-6,-2.0148706163081854e-6,-2.069163752393631e-6,-2.0492159536258535e-6,-2.0305385734007346e-6,-2.0277085813750854e-6,-1.99728641979058e-6,-2.029349703041883e-6,-1.9841369850286166e-6
-1.910620893613933e-6,-1.953167290120138e-6,-2.0422119739219473e-6,-1.985445835418156e-6,-2.070823009908408e-6,-1.9870824191427884e-6,-1.9409414934762726e-6,-1.945000134567359e-6,-2.023687771859338e-6,-2.031749606773685e-6,-2.010426971943913e-6,-1.9792784524714264e-6,-1.991776853829123e-6,-2.0411102330681052e-6,-1.983574487491394e-6,-1.9557557999189196e-6,-1.928778098324829e-6,-1.8819639968128846e-6,-1.995124878859763e-6,-1.993837778888359e-6,-1.882574636676656e-6,-1.9562716464367976e-6,-2.0523664286732436e-6,-1.9395648582742894e-6,-1.9596111656872004e-6,-1.9452761164978788e-6,-1.9980112757701292e-6,-2.062431539995327e-6,-2.026686595699364e-6,-2.022612525832124e-6,-1.9950565883674364e-6,-1.918808815044868e-6,-2.0068898039468835e-6,-1.9650682491915353e-6,-2.0538217333094826e-6,-1.979363165451345e-6,-1.927556492395156e-6,-2.0394257346515994e-6,-2.0114794553516862e-6,-1.954628926309264e-6,-1.9116939838401234e-6,-2.008121675859079e-6,-2.0215116909774026e-6,-2.0361343975485945e-6,-1.987005118008868e-6,-1.9396273302309023e-6,-1.948200909662016e-6,-1.971873467637808e-6,-1.9779075535247466e-6,-2.0422823013029655e-6,-1.9184469119449073e-6,-1.997473569445883e-6,-1.951738102269516e-6,-2.022714593524272e-6,-1.921759842502499e-6,-1.9772170376708414e-6,-1.9421882357456846e-6,-1.9852352379003624e-6,-1.9866258886127467e-6,-1.9931938968136998e-6,-2.040348616288413e-6,-2.0154707982730798e-6,-1.979142110182609e-6,-2.0524797254533467e-6,-2.027047923626554e-6,-1.9664917424352564e-6,-1.950238744445505e-6,-1.963232476144274e-6,-2.0079067057872607e-6,-1.9701978524993022e-6,-1.9550649326037346e-6,-2.0262075041677933e-6,-1.988738020738882e-6,-1.9797193713320254e-6,-2.02843799432611e-6,-1.9970073367886817e-6,-1.9421725137824153e-6,-2.003314526064601e-6,-2.0329002153157223e-6,-1.9929198666154485e-6,-2.0020987076803406e-6,-1.8645005226391928e-6,-1.997155184036329e-6,-1.959241025978258e-6,-1.9891275252383216e-6,-1.9457908850877636e-6,-1.9875802834548474e-6,-1.970054673168228e-6,-1.9356541203740552e-6,-2.022874896039782e-6,-1.96465406714318e-6,-2.0210353398950133e-6,-2.0036529191358446e-6,-1.9818393564847797e-6,-1.9782662522847815e-6,-1.9437204037432703e-6,-1.9863040805148503e-6,-1.937373480696689e-6
-1.9547611547214013e-6,-2.0002202085726984e-6,-2.0876942443272256e-6,-2.0375289853812525e-6,-2.100076478072102e-6,-2.034739656119496e-6,-1.9944084147374004e-6,-1.99800812691116e-6,-2.0785093461429727e-6,-2.083359945428213e-6,-2.0614399102279963e-6,-2.034349582590889e-6,-2.0439773732055235e-6,-2.0876540856511487e-6,-2.035668312844381e-6,-1.997139426233826e-6,-1.9757826229172046e-6,-1.9395591099845236e-6,-2.0448187004501467e-6,-2.0408649199295227e-6,-1.9327109175772477e-6,-2.0111862213318288e-6,-2.1025498165300004e-6,-1.990904619005725e-6,-2.008061346283564e-6,-1.988979424983882e-6,-2.045647176981592e-6,-2.1074928458209896e-6,-2.07136960987287e-6,-2.0697024256382585e-6,-2.0397052464740156e-6,-1.9707307662575883e-6,-2.052468126496069e-6,-2.0148846533626213e-6,-2.0995040993292554e-6,-2.023980178759821e-6,-1.9776674338334106e-6,-2.0843405963782828e-6,-2.062372677486484e-6,-2.003688479097564e-6,-1.95986915979415e-6,-2.0577562134626133e-6,-2.0666877404066555e-6,-2.0784994343102037e-6,-2.037670845483657e-6,-1.985936933569789e-6,-1.9959213796305813e-6,-2.02528216696513e-6,-2.029208183584897e-6,-2.0842153151216158e-6,-1.9745231312635484e-6,-2.04451892368798e-6,-2.0015032183477687e-6,-2.069810371547872e-6,-1.9626997819536962e-6,-2.024252149182411e-6,-1.990161413503648e-6,-2.034681257171471e-6,-2.0341631449557493e-6,-2.038371804369077e-6,-2.092918705282737e-6,-2.0618113887099196e-6,-2.02303882814849e-6,-2.1009552341976373e-6,-2.0732111101949766e-6,-2.0116667725088655e-6,-2.002867579019672e-6,-2.0131940832649026e-6,-2.0519892296732398e-6,-2.020008130636473e-6,-2.002066256447371e-6,-2.071529128641411e-6,-2.0335112825400307e-6,-2.0211489896144412e-6,-2.0752466202513657e-6,-2.0410090133047087e-6,-1.985313667604094e-6,-2.0579665378423206e-6,-2.0805141272386786e-6,-2.041934794012964e-6,-2.0512669682635473e-6,-1.9181229073068653e-6,-2.0475362654581127e-6,-2.0062394729118974e-6,-2.0347260057386783e-6,-1.9932542755504824e-6,-2.0349713275954932e-6,-2.0169359105219753e-6,-1.9814151104004714e-6,-2.0795912221806447e-6,-2.0148706163081854e-6,-2.069163752393631e-6,-2.0492159536258535e-6,-2.0305385734007346e-6,-2.0277085813750854e-6,-1.99728641979058e-6,-2.029349703041883e-6,-1.9841369850286166e-6
-2.1422048444513345e-6,-2.186888162815732e-6,-2.276305547044407e-6,-2.2309205846546025e-6,-2.2513833352285477e-6,-2.2222345500547563e-6,-2.1877724958518093e-6,-2.1973967545537412e-6,-2.2809785011923185e-6,-2.278325219636936e-6,-2.253106512023153e-6,-2.2323771811975117e-6,-2.2445755900417353e-6,-2.273089055838843e-6,-2.23729687477182e-6,-2.1732731721262017e-6,-2.163436930741933e-6,-2.153618553716706e-6,-2.23790979249008e-6,-2.2297265607194814e-6,-2.12530177620464e-6,-2.209034096923839e-6,-2.2938692112970464e-6,-2.184064342109463e-6,-2.1976551358086544e-6,-2.172039637833441e-6,-2.2373705621055256e-6,-2.2892925251486748e-6,-2.25137950793916e-6,-2.25634065423131e-6,-2.224807400148127e-6,-2.1598278835707584e-6,-2.2401345031086623e-6,-2.210682989679528e-6,-2.2862904500874154e-6,-2.2105673180319885e-6,-2.171953780900675e-6,-2.2672184686399916e-6,-2.2595521968564098e-6,-2.198554292060168e-6,-2.1619341376652237e-6,-2.25079223664657e-6,-2.248979305980515e-6,-2.2575232417930125e-6,-2.2326447068454386e-6,-2.163143030995953e-6,-2.1878526379070235e-6,-2.224976738519725e-6,-2.222855931835061e-6,-2.2639468960346702e-6,-2.1836078755466035e-6,-2.2318576472575945e-6,-2.198420929958002e-6,-2.2562313959876516e-6,-2.138033588390649e-6,-2.21405600194696e-6,-2.178949897380992e-6,-2.228726203973736e-6,-2.222465647121628e-6,-2.2236670054859793e-6,-2.2881344475197537e-6,-2.249341820322687e-6,-2.2077566636159546e-6,-2.2916687031740205e-6,-2.2611953111436044e-6,-2.1950170535994445e-6,-2.197924093621626e-6,-2.2053267864782753e-6,-2.2324104537632154e-6,-2.213142450908826e-6,-2.1921408212344904e-6,-2.2543350892239126e-6,-2.2144269908246673e-6,-2.202138398673527e-6,-2.2580170105867244e-6,-2.2242748949751346e-6,-2.1655365968707325e-6,-2.263038863284865e-6,-2.272091902092128e-6,-2.2348199583937318e-6,-2.2411078065249404e-6,-2.1269364272894888e-6,-2.239415919365485e-6,-2.197404702973028e-6,-2.2139046026668174e-6,-2.1854382836805875e-6,-2.2225671133207237e-6,-2.2031833976889624e-6,-2.170066124708059e-6,-2.2760563218727213e-6,-2.204159392166009e-6,-2.2523097880708987e-6,-2.237620497686909e-6,-2.219189703412692e-6,-2.218353852952274e-6,-2.1998194489826217e-6,-2.204942219947539e-6,-2.1705003984936688e-6
-2.4717488762111948e-6,-2.5176647827677998e-6,-2.60732316873216e-6,-2.5570398113480373e-6,-2.5430126367398068e-6,-2.5495962130191445e-6,-2.510010268226755e-6,-2.5345280719968196e-6,-2.6189160971071665e-6,-2.6140419776677915e-6,-2.578846289407445e-6,-2.5617752805877154e-6,-2.5822820413123504e-6,-2.592935821916004e-6,-2.5827769885756817e-6,-2.493176427004144e-6,-2.4946771813343164e-6,-2.501221040002167e-6,-2.5691518735860165e-6,-2.5597056457836375e-6,-2.45569938653828e-6,-2.5353414882982274e-6,-2.617831152402572e-6,-2.5088561081270137e-6,-2.522921291724829e-6,-2.503684891609689e-6,-2.5652225198797044e-6,-2.609442887390189e-6,-2.5632699436688905e-6,-2.581316260720899e-6,-2.5497939723136972e-6,-2.4934422373188502e-6,-2.56894680518267e-6,-2.549516237739753e-6,-2.6164126344839217e-6,-2.541200356285096e-6,-2.506581624753052e-6,-2.5882586594753213e-6,-2.5983621769766235e-6,-2.5343955735881616e-6,-2.518943166586175e-6,-2.5843497398884805e-6,-2.570390566482105e-6,-2.569758108852078e-6,-2.5699949265339484e-6,-2.4732736528937475e-6,-2.525612716664014e-6,-2.5651289988224624e-6,-2.554817339936528e-6,-2.583490641239022e-6,-2.525703779980428e-6,-2.5582229362498075e-6,-2.5408368533900524e-6,-2.5864105616022455e-6,-2.4568770566453255e-6,-2.547676499699098e-6,-2.5015508671889354e-6,-2.5674991375886414e-6,-2.5488318067807785e-6,-2.546781431983961e-6,-2.612845040333802e-6,-2.5722090267123272e-6,-2.532844190733003e-6,-2.616071168187886e-6,-2.5916793878283885e-6,-2.5254955000257955e-6,-2.537393726451135e-6,-2.539638448296194e-6,-2.5512575374713286e-6,-2.549150384871634e-6,-2.523233736925298e-6,-2.5718420019393416e-6,-2.5326721834387753e-6,-2.528666079172485e-6,-2.5765300414438273e-6,-2.550101967032368e-6,-2.4891573895432227e-6,-2.60341760001464e-6,-2.6073803805463166e-6,-2.568095742533141e-6,-2.566863139319902e-6,-2.4775490223600455e-6,-2.566214367092624e-6,-2.5307060369787996e-6,-2.52958318890214e-6,-2.510451753166805e-6,-2.546387124272145e-6,-2.5262072761232117e-6,-2.5070884816047232e-6,-2.6000587737898626e-6,-2.525930645952864e-6,-2.5737154050614644e-6,-2.568021017647741e-6,-2.5479063523472767e-6,-2.547407096354889e-6,-2.5367149618536264e-6,-2.516097410187119e-6,-2.496803025443077e-6
-2.9743567599765475e-6,-3.0292160772486545e-6,-3.1135504506275483e-6,-3.0606916301287783e-6,-3.0147931811050593e-6,-3.0510969546387917e-6,-3.002875853455053e-6,-3.043287285704954e-6,-3.123205232999814e-6,-3.126540055116173e-6,-3.075001717382444e-6,-3.055677191437253e-6,-3.093072436651459e-6,-3.0856256968462467e-6,-3.10605721313718e-6,-2.999009922037819e-6,-3.0073581537926927e-6,-3.0104210052917985e-6,-3.0763230898104944e-6,-3.0700951718547545e-6,-2.9608164156646397e-6,-3.0334198126630785e-6,-3.110031931897839e-6,-3.005717273013878e-6,-3.023882987607435e-6,-3.0147544990028724e-6,-3.0651145050604757e-6,-3.0999747703840106e-6,-3.047442176831356e-6,-3.079653698166883e-6,-3.047874766507554e-6,-3.0157405520059147e-6,-3.0785977873823885e-6,-3.0666741983245174e-6,-3.119456532467408e-6,-3.050284554417854e-6,-3.0205292379662293e-6,-3.087026848623031e-6,-3.114984660425283e-6,-3.0438817933800545e-6,-3.051680311958209e-6,-3.0952886703901853e-6,-3.069939055503931e-6,-3.0602695016890363e-6,-3.079732476862106e-6,-2.967608882559095e-6,-3.0366068215317926e-6,-3.0804891031107173e-6,-3.0629971841715137e-6,-3.078369537806049e-6,-3.0494404562753155e-6,-3.061059034389729e-6,-3.0539383719872856e-6,-3.0977824250255617e-6,-2.9582991009527886e-6,-3.055348982134079e-6,-3.0010549173350174e-6,-3.0949111089829215e-6,-3.0559107301198975e-6,-3.0415105415243198e-6,-3.1049341962960504e-6,-3.0753870208041724e-6,-3.0353683865027556e-6,-3.111628874021572e-6,-3.099202527806822e-6,-3.041175166778096e-6,-3.0630966042606264e-6,-3.0599025777890904e-6,-3.052730368498922e-6,-3.066056101964486e-6,-3.0301388070780908e-6,-3.064157673361402e-6,-3.0316086508621886e-6,-3.0339567161712847e-6,-3.072846983033956e-6,-3.060192540782343e-6,-2.9927253450392567e-6,-3.1144503801179887e-6,-3.119167971585104e-6,-3.0711441359414354e-6,-3.069846998793908e-6,-2.9992359639254256e-6,-3.069042904557481e-6,-3.0393308151011734e-6,-3.021637508435808e-6,-3.0131928047990036e-6,-3.039205243206523e-6,-3.0327403044295858e-6,-3.022525322735192e-6,-3.098610588520034e-6,-3.028070275879529e-6,-3.069894480894344e-6,-3.075619977487819e-6,-3.057628187754217e-6,-3.053321182792673e-6,-3.0430331754775484e-6,-3.0121653505677785e-6,-3.007297146393709e-6
-3.699657436818947e-6,-3.7720678408109825e-6,-3.840235864469837e-6,-3.7815845315535515e-6,-3.71575976046945e-6,-3.7776474882593763e-6,-3.7196237379119393e-6,-3.76889087319971e-6,-3.850410145252739e-6,-3.8583572849460535e-6,-3.7947412902789084e-6,-3.771689992822362e-6,-3.829013525126106e-6,-3.802628256712146e-6,-3.852524410401901e-6,-3.7342310476870033e-6,-3.742542541896168e-6,-3.7276552599318365e-6,-3.8071695365396517e-6,-3.8042603303618296e-6,-3.6853508868646794e-6,-3.76223667013247e-6,-3.825867124037549e-6,-3.7334533717697406e-6,-3.7563601325578817e-6,-3.7544071890584547e-6,-3.795772514509377e-6,-3.8166830002770225e-6,-3.7523978495655054e-6,-3.8020729316367055e-6,-3.767781455941294e-6,-3.7611206164337263e-6,-3.8222997642035465e-6,-3.80732740133729e-6,-3.8467939860051535e-6,-3.7799286759139815e-6,-3.7560859473636705e-6,-3.818902179420159e-6,-3.847600144905352e-6,-3.777430935190063e-6,-3.8068174999824606e-6,-3.834174182121315e-6,-3.7954738834631167e-6,-3.7861549610575083e-6,-3.8120618748841235e-6,-3.6995779602221283e-6,-3.7641107296795952e-6,-3.823312000181227e-6,-3.797472249595093e-6,-3.7966563537175233e-6,-3.8023716707857706e-6,-3.7912555857290673e-6,-3.7830540454401385e-6,-3.8311620590660495e-6,-3.696106438988607e-6,-3.7871619274780285e-6,-3.7364343585213257e-6,-3.847116701282214e-6,-3.7963904398475085e-6,-3.758134581388088e-6,-3.827015787970917e-6,-3.8066852199819545e-6,-3.7660660187210525e-6,-3.834513228049435e-6,-3.829522078895705e-6,-3.7854707453746068e-6,-3.8141546033224472e-6,-3.8026938419386277e-6,-3.7843526644674554e-6,-3.8044161152051917e-6,-3.76311397601696e-6,-3.7938654612136905e-6,-3.7617168408711776e-6,-3.7570568905658774e-6,-3.7908019239903946e-6,-3.7978512084229224e-6,-3.7177799828273892e-6,-3.846620370545479e-6,-3.854613361643062e-6,-3.792759479923158e-6,-3.797706056829225e-6,-3.7425304513639232e-6,-3.7993065417598463e-6,-3.770421799450745e-6,-3.745743056688497e-6,-3.754104414946627e-6,-3.755779893503224e-6,-3.7735469995541098e-6,-3.76067177613374e-6,-3.825148150499756e-6,-3.7642130190540227e-6,-3.79446449167348e-6,-3.810639034115407e-6,-3.7937099460326964e-6,-3.7814948120642254e-6,-3.774326840879069e-6,-3.741772569737892e-6,-3.74445334321051e-6
-4.754441813105463e-6,-4.848836835091335e-6,-4.898847188715145e-6,-4.81874981175904e-6,-4.759516126235004e-6,-4.835959483241241e-6,-4.7647079273853415e-6,-4.822260857800427e-6,-4.9096803872694385e-6,-4.914487592181184e-6,-4.851036652646831e-6,-4.8267206884073165e-6,-4.899679935659864e-6,-4.851275958260448e-6,-4.916229769132817e-6,-4.7978291395707714e-6,-4.803781960975493e-6,-4.770702439695946e-6,-4.864984795007662e-6,-4.864721677133527e-6,-4.744872019172419e-6,-4.822056215271381e-6,-4.883486567876582e-6,-4.796631890251153e-6,-4.826207274194702e-6,-4.824696541056129e-6,-4.862604866865618e-6,-4.8711016380996645e-6,-4.794616949911253e-6,-4.855045224600502e-6,-4.816657148895675e-6,-4.8256693009070895e-6,-4.8969816673506e-6,-4.8740135237918075e-6,-4.909690017837628e-6,-4.836167355258211e-6,-4.820874026046318e-6,-4.885396460184643e-6,-4.905668489952062e-6,-4.839656378756005e-6,-4.890022668723427e-6,-4.89937044361897e-6,-4.854108217540216e-6,-4.844584043098764e-6,-4.871997655558736e-6,-4.771117922648409e-6,-4.818712454712422e-6,-4.8991666110213255e-6,-4.8569117917806985e-6,-4.8382280305840105e-6,-4.879707217705249e-6,-4.8524961983146885e-6,-4.8345786680164786e-6,-4.88626700327176e-6,-4.771449499417555e-6,-4.844696261167356e-6,-4.805630234429601e-6,-4.9126830204763055e-6,-4.869616169055486e-6,-4.807611885381249e-6,-4.884478358508184e-6,-4.869536274625754e-6,-4.827518401871073e-6,-4.888307487246964e-6,-4.887557650685018e-6,-4.859525686581044e-6,-4.888681975841469e-6,-4.860092683829108e-6,-4.843081163718601e-6,-4.86895686016323e-6,-4.830347712518254e-6,-4.86645749513988e-6,-4.82517501692211e-6,-4.808324569174092e-6,-4.8382077739258865e-6,-4.8655233525702245e-6,-4.772838846281302e-6,-4.912605175542095e-6,-4.919340627516297e-6,-4.844371094182964e-6,-4.853424912389404e-6,-4.823623280807787e-6,-4.8663854389838334e-6,-4.827286345059663e-6,-4.807922388004715e-6,-4.825287581730072e-6,-4.807141217742701e-6,-4.840170986803932e-6,-4.827194304400328e-6,-4.879456817884844e-6,-4.832492894664925e-6,-4.847329821617697e-6,-4.877644202237838e-6,-4.859724150911587e-6,-4.844224629726775e-6,-4.832974030691386e-6,-4.806418269686428e-6,-4.8154709688358585e-6
-6.152934323797108e-6,-6.26079633250248e-6,-6.294562759414899e-6,-6.190527284418937e-6,-6.168521634063248e-6,-6.236763022839366e-6,-6.155580900852129e-6,-6.215347155949062e-6,-6.297770633774648e-6,-6.3029326176181455e-6,-6.258593141268716e-6,-6.226963011695313e-6,-6.311023605906734e-6,-6.244777807778062e-6,-6.306108669448271e-6,-6.197410260651354e-6,-6.191817626752101e-6,-6.137309684713985e-6,-6.256410998716602e-6,-6.260188647440835e-6,-6.155383628389378e-6,-6.2122976562581746e-6,-6.286560403080236e-6,-6.197786435350205e-6,-6.231825478847617e-6,-6.233764734472737e-6,-6.2741278917099155e-6,-6.265790470282696e-6,-6.185630526561319e-6,-6.246423600989534e-6,-6.2059930997472025e-6,-6.216702327605664e-6,-6.30395009511302e-6,-6.275411806712147e-6,-6.307013569280889e-6,-6.230597939855769e-6,-6.220762497185144e-6,-6.288191684131663e-6,-6.30951248306632e-6,-6.238023991795425e-6,-6.307264316748552e-6,-6.296008206882319e-6,-6.258698001441314e-6,-6.240475871436116e-6,-6.272423377887643e-6,-6.180775448414466e-6,-6.222202882750295e-6,-6.309503625396344e-6,-6.249093239842277e-6,-6.217541796029441e-6,-6.293900006131929e-6,-6.256566559177938e-6,-6.2225664875430155e-6,-6.2761488713493205e-6,-6.1816002453102506e-6,-6.234026654596892e-6,-6.211184346536185e-6,-6.300081309849313e-6,-6.277513113019582e-6,-6.2006967567839284e-6,-6.2785607258760574e-6,-6.272342293166467e-6,-6.223089512693229e-6,-6.279729379750932e-6,-6.28210107059611e-6,-6.270162655751658e-6,-6.296733038188247e-6,-6.254365079433386e-6,-6.235838202319421e-6,-6.260896061666147e-6,-6.236555166139759e-6,-6.2792025104244905e-6,-6.2302528366217085e-6,-6.19239274224818e-6,-6.230697350542359e-6,-6.269748925750887e-6,-6.176159475857515e-6,-6.320227904916147e-6,-6.324539412701335e-6,-6.233225673499483e-6,-6.246093847605405e-6,-6.241969628539795e-6,-6.270887853484078e-6,-6.220027768760208e-6,-6.20772220860527e-6,-6.22512012148031e-6,-6.203461514829843e-6,-6.240856388506042e-6,-6.227331150497826e-6,-6.282339717005322e-6,-6.237637684304725e-6,-6.239744009868806e-6,-6.286744218001406e-6,-6.2598468082840425e-6,-6.244583083870807e-6,-6.230701891926573e-6,-6.203620325120267e-6,-6.227110413594591e-6
-8.008353201112067e-6,-8.122290975334662e-6,-8.14018062906493e-6,-8.022891362681247e-6,-8.043086154988394e-6,-8.098495480674687e-6,-8.004860880301758e-6,-8.069090447447075e-6,-8.126517389761042e-6,-8.140795101671563e-6,-8.12766755450769e-6,-8.077332367987168e-6,-8.164024816299262e-6,-8.095584540531265e-6,-8.147583526573776e-6,-8.054318585036879e-6,-8.022969977289312e-6,-7.949846283599948e-6,-8.099667350486319e-6,-8.105412129060433e-6,-8.021142601420354e-6,-8.053395361596413e-6,-8.138151511293534e-6,-8.039832437289244e-6,-8.09079313127142e-6,-8.086957419251708e-6,-8.136567486337496e-6,-8.110418169777717e-6,-8.029035117198118e-6,-8.08916556389918e-6,-8.050768638780908e-6,-8.053244829623167e-6,-8.160298287579302e-6,-8.129900799056791e-6,-8.149887386293566e-6,-8.075487706433503e-6,-8.071628783826413e-6,-8.142695295451811e-6,-8.165861207639255e-6,-8.0850296594125e-6,-8.17127288170266e-6,-8.142850048505917e-6,-8.12063485041547e-6,-8.090211313392867e-6,-8.125513489104062e-6,-8.039066611636375e-6,-8.090487784671896e-6,-8.16795236502239e-6,-8.092666054872939e-6,-8.04728951716716e-6,-8.155422685299172e-6,-8.108825264055434e-6,-8.06450057396535e-6,-8.119626715518335e-6,-8.042972382871609e-6,-8.074807353677843e-6,-8.062919316194528e-6,-8.13401764111631e-6,-8.135444768233063e-6,-8.056689384904758e-6,-8.127701661575947e-6,-8.121446421519081e-6,-8.075088073265059e-6,-8.11157611168097e-6,-8.127557843288917e-6,-8.1339223182988e-6,-8.147072072364299e-6,-8.104797210645047e-6,-8.079662768590826e-6,-8.101607266747205e-6,-8.095053979734375e-6,-8.1402800653497e-6,-8.086942535333629e-6,-8.02984090286612e-6,-8.082911328068187e-6,-8.12769399253403e-6,-8.030550407146253e-6,-8.180765661294552e-6,-8.180077517162986e-6,-8.07899726059687e-6,-8.09405198999749e-6,-8.105268238368815e-6,-8.12525203353388e-6,-8.061992870962189e-6,-8.052825830696931e-6,-8.071718647829042e-6,-8.055719170506918e-6,-8.090138910089803e-6,-8.078082344002015e-6,-8.141334917824955e-6,-8.086905400053525e-6,-8.083707499272698e-6,-8.152339944595076e-6,-8.102976376394689e-6,-8.095244738354048e-6,-8.084694872689434e-6,-8.049227531195755e-6,-8.091003844125928e-6
-0.000010590456184946187,-0.000010713817814854058,-0.000010720235798017285,-0.000010605646928373326,-0.000010640660593817444,-0.000010694664827599852,-0.000010591215637325215,-0.000010663970340826948,-0.000010688901915124921,-0.000010712264490671394,-0.000010727585884553879,-0.000010652855314839773,-0.000010744767308802147,-0.000010680282292550678,-0.000010728137101198278,-0.000010647091896540177,-0.00001059060031293866,-0.000010509085300631034,-0.00001068510316939819,-0.000010683749834427974,-0.000010612391314638935,-0.00001063563990362869,-0.000010709486868155145,-0.000010606211896818996,-0.000010681278622878274,-0.00001066817213866741,-0.000010725860713727694,-0.000010685741416345371,-0.000010614013190232786,-0.0000106713742959472,-0.000010621686312526572,-0.000010620389914138883,-0.000010749265676051774,-0.000010712660565954687,-0.000010724990567204316,-0.000010654974326594865,-0.000010651697718728898,-0.000010729848115310174,-0.000010755097992876412,-0.000010664520567571327,-0.00001076831183153779,-0.00001073302796308183,-0.000010710874395770563,-0.000010677722880089314,-0.000010701032451854695,-0.000010625387992104364,-0.000010683088821713747,-0.000010755573549139163,-0.000010670808389107788,-0.000010603532871778505,-0.000010743473648952237,-0.000010689022032752869,-0.000010640735631390001,-0.000010701508472964496,-0.00001063994883301994,-0.000010660508047051155,-0.000010640996366028576,-0.000010702435895251931,-0.000010715378166932097,-0.000010644146886396277,-0.000010704842022796368,-0.000010697136161703856,-0.000010667009289516044,-0.000010663249904074132,-0.000010703710885783767,-0.000010730198613593556,-0.000010729154473102953,-0.00001069016871189481,-0.000010662616364185614,-0.00001067016349271546,-0.000010683877522252036,-0.000010733119271309101,-0.000010673981731869004,-0.000010605827996906345,-0.000010669812966230992,-0.000010716434749527116,-0.000010620077711375094,-0.000010770445092421436,-0.000010765218866881076,-0.000010668093310033362,-0.000010677517123480569,-0.000010690533525969099,-0.000010704351197688997,-0.0000106454409065981,-0.000010626510436528041,-0.00001064825630281699,-0.000010637757953038305,-0.000010678543829006863,-0.000010667473628223712,-0.000010729847685203995,-0.00001066149607627806,-0.0000106654199293014,-0.000010749569529460168,-0.000010669013550735506,-0.000010683658445821249,-0.000010668374525496377,-0.000010623174894425615,-0.000010688923731925528
-0.000014320042657863868,-0.000014457921689807325,-0.00001446271117669677,-0.000014348399367048709,-0.000014385468120863527,-0.000014442300923794507,-0.000014343055082438544,-0.000014420972783675904,-0.000014407222765364877,-0.00001443882170708416,-0.000014469403651720366,-0.000014387063090180191,-0.000014482950509431147,-0.000014425235328516546,-0.00001446768747702219,-0.000014380252458747722,-0.000014331243972163285,-0.000014249106423734265,-0.00001442859775692326,-0.000014414869882622322,-0.000014349130854804549,-0.00001438029803122932,-0.000014441041010395898,-0.000014327579199587479,-0.00001442665331663891,-0.000014414748866615974,-0.000014465391938370766,-0.000014419219029665778,-0.00001435966774260509,-0.000014417927356727004,-0.00001434337793567073,-0.000014346682234708281,-0.000014495020650172926,-0.000014449232357731885,-0.000014457621092678072,-0.000014393907686425367,-0.000014375396628682345,-0.00001446906951297956,-0.000014497320668018465,-0.000014396393232141249,-0.000014522739230449536,-0.000014484931507833983,-0.0000144501901505728,-0.000014416757235188972,-0.000014425952145714491,-0.000014367301041634678,-0.000014422865669931075,-0.00001449871053476796,-0.00001440665729838858,-0.000014323670548614168,-0.000014477027516749293,-0.000014423885772860622,-0.000014367951147097146,-0.000014444164655842698,-0.00001439107598698417,-0.000014401857362893805,-0.000014373891467535914,-0.0000144329441172968,-0.000014443834212776952,-0.000014379861327236367,-0.000014429837758444292,-0.000014430882106799977,-0.000014419717012868489,-0.000014369092663625807,-0.000014431220553246556,-0.000014487099700205542,-0.000014466782402323908,-0.00001442140515838311,-0.000014406602361729422,-0.000014392213383665122,-0.000014424791375179295,-0.00001447738637730711,-0.000014413534366959828,-0.000014340379056556774,-0.00001441248565577141,-0.000014456334499939981,-0.000014366215162627965,-0.000014513237198033626,-0.000014503696568152612,-0.000014420236670985657,-0.000014411209055838624,-0.000014421784600707634,-0.000014432047972929802,-0.000014395048136051,-0.000014349653108489617,-0.000014373844475640831,-0.000014371947375297335,-0.00001440892854815704,-0.000014418475706690944,-0.000014471536811429405,-0.000014389817505105888,-0.0000144075509915154,-0.00001449698215429624,-0.000014393129543620022,-0.000014423537041363854,-0.000014391049016096027,-0.000014353515880443782,-0.00001444338630684719
-0.000019612358511290297,-0.000019757335847796128,-0.000019765513946800887,-0.000019647029204252125,-0.000019694481161627636,-0.000019756888039895124,-0.000019670220671370777,-0.00001974318442638915,-0.000019683365010680465,-0.000019726792122394472,-0.000019759815114812607,-0.00001968726881868069,-0.00001979280128718115,-0.000019733684392049857,-0.000019767541270475037,-0.000019659960567067025,-0.000019645692495099762,-0.000019566366990820442,-0.000019733106862426225,-0.00001970612086029009,-0.000019643048421681224,-0.0000197001225090887,-0.00001973451851157957,-0.0000196139301311866,-0.00001973905261927477,-0.000019729815278411252,-0.000019763522635936895,-0.000019713174818442565,-0.000019668354338165792,-0.000019728485799604013,-0.00001962524128136475,-0.000019643413028607526,-0.000019799861377544675,-0.000019750189160200435,-0.000019752111868565094,-0.000019696312577504908,-0.00001964952953127962,-0.000019775398320165777,-0.000019794189176370716,-0.000019696934707763408,-0.000019838300076910337,-0.00001979219699369687,-0.00001975303777985858,-0.000019715406389442148,-0.000019715566174477598,-0.000019673015353449245,-0.000019723019714249453,-0.00001980366019956852,-0.000019702891979918132,-0.000019624568950391114,-0.00001976948021493315,-0.000019721099778580868,-0.000019658127459563636,-0.00001974647996727542,-0.00001970464640610361,-0.000019697225847057518,-0.000019672825533583988,-0.000019732562300920778,-0.000019737009075465156,-0.00001968775071574614,-0.000019715676911038137,-0.000019727859333823927,-0.000019734516214159415,-0.000019645215370224207,-0.00001971482199464516,-0.000019808453094726713,-0.00001976780568448178,-0.000019722830157100145,-0.000019713492182262386,-0.000019681512581493245,-0.000019725723852712638,-0.00001977447487509311,-0.000019722992278953725,-0.00001964023035902295,-0.00001971800469308284,-0.000019763806912335615,-0.000019668558015594515,-0.000019809911384460057,-0.00001980108532665514,-0.000019733691849869328,-0.00001971130841530863,-0.000019705807709833003,-0.000019717999398700252,-0.000019711921040683542,-0.000019633898667980838,-0.00001966908728153222,-0.00001967339771899147,-0.000019696810487657994,-0.000019742668075454212,-0.000019766718034686864,-0.000019682064373488974,-0.00001971123479723328,-0.00001979538247723459,-0.000019687059838066647,-0.000019724664170044442,-0.00001967246773128419,-0.000019645740373197584,-0.000019758615020572833
-0.000027210025383529445,-0.00002736181313430638,-0.000027368093765483767,-0.000027245450158719854,-0.00002731869959527341,-0.000027377527980901802,-0.000027299085547245527,-0.000027360707311459354,-0.000027268429589894328,-0.000027323806437373584,-0.00002734314601499328,-0.00002729060746531039,-0.000027413541340329934,-0.000027345109016998618,-0.00002737882732292767,-0.00002725013647757343,-0.000027274832989433103,-0.000027184065747554254,-0.000027337312968270063,-0.000027298114217068287,-0.00002724028456885677,-0.000027341659799108085,-0.0000273291004271277,-0.000027205731566412213,-0.000027356516761905477,-0.00002734190609687086,-0.000027362271434359957,-0.000027311893029528052,-0.000027284263077959433,-0.00002734168388427077,-0.000027210012720786872,-0.000027255568466716214,-0.00002739682544656949,-0.000027357818785227196,-0.000027355884313840523,-0.00002730017187242947,-0.00002722474064560587,-0.00002739289382132214,-0.00002739431482939666,-0.00002731210404525635,-0.00002745229849259512,-0.000027393565037310764,-0.00002736788039556429,-0.000027316332312863473,-0.00002731243931433901,-0.00002728799829482369,-0.000027333253140177806,-0.00002740496373430753,-0.00002730109458998062,-0.000027247362359256436,-0.000027357594321192157,-0.00002732923638987463,-0.000027258566520763432,-0.000027357145295955066,-0.000027328511164299585,-0.000027292730618498727,-0.0000272811307131266,-0.000027331468770313426,-0.0000273377059958044,-0.00002730861343799839,-0.000027303865016766728,-0.00002732782416535743,-0.000027347669530123194,-0.000027228194653873773,-0.00002730051803096042,-0.000027424926064166757,-0.000027384287026758156,-0.00002734551215572857,-0.00002731560758959675,-0.000027276280570854718,-0.000027327308263881358,-0.000027368000124163856,-0.00002734182237019616,-0.000027253702246130446,-0.000027328355621971686,-0.00002737690866059418,-0.000027273840535421607,-0.000027391607126214624,-0.000027405165356865264,-0.000027345335351274704,-0.00002732077739761864,-0.00002728579910569026,-0.000027304321384019076,-0.000027332717841434547,-0.000027235637394758365,-0.000027278087565384196,-0.000027274467441554346,-0.00002729864123478229,-0.00002736574757028081,-0.000027358417441934672,-0.00002728018168812762,-0.000027318044918099085,-0.000027390740878527426,-0.00002728019328902458,-0.000027333334648172235,-0.00002726609534789005,-0.000027241899408842317,-0.00002737410628820562
-0.000038282444477275186,-0.000038440648806435556,-0.00003843661345980568,-0.00003830183252202904,-0.00003842503917039031,-0.00003847132994491933,-0.000038394577303083944,-0.00003845777451191185,-0.00003833357203198013,-0.000038407712455742216,-0.000038412092087966536,-0.000038361344609914465,-0.00003851147132010775,-0.00003842178799274928,-0.000038476370683194455,-0.00003833148980115437,-0.000038383503768421484,-0.000038267043181516256,-0.000038418367396904265,-0.00003836536078613732,-0.0000383075849616914,-0.000038463969004845406,-0.000038397501155746796,-0.00003828057208844775,-0.00003844236464534823,-0.00003842194817302617,-0.0000384425817908559,-0.000038390271678234004,-0.00003838261804880082,-0.00003842885380143341,-0.00003828927300749104,-0.00003834552027111052,-0.00003845385976589305,-0.00003844489727314092,-0.00003843356140550329,-0.000038376607531010166,-0.00003827492710106503,-0.00003848782677369725,-0.000038482986435171734,-0.000038407254244676426,-0.000038533332749578866,-0.000038465099216432845,-0.000038458265236136985,-0.00003838825480937635,-0.00003839156414043008,-0.00003838896763086461,-0.0000384177802921768,-0.00003847637105626192,-0.000038389668122369395,-0.00003834728249821274,-0.000038426999368794575,-0.000038417542127667094,-0.00003833613884101974,-0.000038439246009674724,-0.00003841680071760667,-0.000038366200096936055,-0.000038364321023538,-0.00003841330155468109,-0.00003841660840699999,-0.000038412964127908624,-0.000038370528294829764,-0.00003840719628210831,-0.00003843016755158224,-0.0000382961546291947,-0.000038365997908006475,-0.000038511622187073385,-0.000038489484333626404,-0.00003844242057291807,-0.000038388740565112176,-0.0000383504797317583,-0.00003841085677689236,-0.00003844542400591034,-0.000038431419718263276,-0.000038344556669892756,-0.00003841321381182132,-0.000038461232352383234,-0.00003835979027069977,-0.000038445797648851485,-0.000038493924789045966,-0.00003842582031819389,-0.000038406788821969744,-0.00003834531255892102,-0.00003836713435850009,-0.000038421393287100346,-0.00003832073554419003,-0.000038357740914469357,-0.00003834612565150259,-0.000038375063747466545,-0.000038451063482413345,-0.00003842212481466482,-0.00003835346385082455,-0.00003840112841362873,-0.00003846866096298126,-0.0000383443671420026,-0.00003842231435757784,-0.000038332194561175213,-0.00003830834746546185,-0.00003844892937085375
-0.00005475992681677388,-0.000054911500014628806,-0.00005489768185900852,-0.0000547549216578954,-0.00005493331975916486,-0.00005495282241010921,-0.00005488109674636495,-0.000054955900796133437,-0.000054799002587468056,-0.000054899838456078266,-0.00005489947553258782,-0.00005483769495648388,-0.00005500524940132645,-0.00005488917508927497,-0.000054977023046381405,-0.00005480476922694284,-0.00005489338048578989,-0.00005474082567110399,-0.00005490144340470627,-0.00005483873249251245,-0.00005477687298377879,-0.00005497430623026099,-0.00005487391883851847,-0.00005474659389480739,-0.00005493293202406679,-0.000054894908082083304,-0.00005491901500496764,-0.00005486985359755438,-0.000054884830025296695,-0.00005490493532130531,-0.000054779385343032506,-0.00005483380397087725,-0.00005490530619709168,-0.000054942111455689625,-0.00005491184187263705,-0.00005484695638767802,-0.000054721019544577606,-0.000054980361781314215,-0.00005497564343214218,-0.0000548936702131893,-0.000055011085947135055,-0.00005493673092678375,-0.000054941920774267184,-0.000054864504132687956,-0.000054873558053289575,-0.00005489179275313031,-0.000054910567226426285,-0.00005495134501252271,-0.000054891356857703,-0.00005482388898504594,-0.00005490496135501159,-0.000054902958313620106,-0.00005482274165594896,-0.00005491554961549719,-0.00005489513008014662,-0.000054841794519041845,-0.000054841755616314824,-0.00005489609421493869,-0.000054901358219074014,-0.00005490639787832411,-0.00005484154153606752,-0.00005487254778380707,-0.00005489891025138719,-0.000054775071830998143,-0.00005485064300937274,-0.00005499586596033507,-0.000054990500512200615,-0.00005492348365764684,-0.00005486843202449286,-0.00005482494721412666,-0.000054897622846641416,-0.00005492358905719335,-0.000054918150198204085,-0.000054831286135427056,-0.000054892368411200054,-0.000054940371908515444,-0.000054851104283351025,-0.00005489454452583262,-0.0000549799560522774,-0.00005490487363115647,-0.0000548879424779778,-0.00005482061653589084,-0.000054833017667228766,-0.00005490689836357353,-0.00005480206690168918,-0.00005484014550519964,-0.000054810504549066805,-0.00005485781041059302,-0.000054933759440280584,-0.000054899468640848585,-0.0000548234332982071,-0.00005489136442843707,-0.00005495379968626535,-0.000054808135401700114,-0.00005490499145798235,-0.00005479537204660059,-0.00005477760073443485,-0.00005490553109795516
-0.00007976574994538018,-0.00007990008811232453,-0.00007987845954983312,-0.00007974626052187947,-0.00007994619634230897,-0.00007995431807935136,-0.00007989114854779788,-0.0000799675534659513,-0.00007979979327652436,-0.00007991755325469104,-0.00007990792711010344,-0.00007985065582740865,-0.00008000685556149516,-0.00007988046940041199,-0.00007999287365981588,-0.00007979349872188759,-0.00007993270228673806,-0.00007973656819449736,-0.00007990453838934341,-0.00007984280001768887,-0.00007977164500588886,-0.00007998676652884337,-0.00007987821980710982,-0.00007972493415646912,-0.00007994448098796699,-0.00007988158699278549,-0.00007991280799731308,-0.00007987367022467799,-0.00007991156307775116,-0.00007989624121672694,-0.00007978979321568281,-0.00007984086139940735,-0.00007988502223729175,-0.00007996476049741745,-0.00007990656092548713,-0.00007984183012588495,-0.00007971110376821727,-0.0000799947371176763,-0.00007998118343750322,-0.00007989019742877607,-0.00008000491355743898,-0.00007993846469605043,-0.00007994220890243344,-0.00007986465447468062,-0.00007986409530106819,-0.00007991647346992096,-0.00007992629918095198,-0.00007995104932217295,-0.00007990159421282338,-0.00007979706968538278,-0.00007991275894341169,-0.00007990504126707801,-0.00007983777087853023,-0.00007992209288824534,-0.00007988533087210857,-0.00007983020799655981,-0.00007985215578165828,-0.00007989222050114664,-0.00007991478289786947,-0.00007990917479789114,-0.00007984528847466206,-0.00007984043165202614,-0.00007988206875979493,-0.0000797760993925207,-0.00007987583887866326,-0.00008000100847152606,-0.0000800090392470506,-0.00007991173701882686,-0.0000798679141402982,-0.00007981697781986983,-0.00007990365962507923,-0.00007991726729960588,-0.00007993146942285897,-0.00007984492707618325,-0.00007987800655171654,-0.0000799355356556752,-0.0000798764907306438,-0.00007987461285944746,-0.00007998478570552295,-0.00007991128282545677,-0.00007988909538028735,-0.00007983249776620306,-0.00007981833602407296,-0.00007990659094745002,-0.00007979918592815772,-0.00007984615542018416,-0.00007980484155941938,-0.00007987136759110723,-0.00007993459134169673,-0.0000798980555812215,-0.00007980943331683583,-0.00007990204700544731,-0.00007996287246113013,-0.00007980436897034771,-0.0000799067474159376,-0.00007978699496089412,-0.00007978253054663262,-0.0000798792009394779
-0.0001190611482410978,-0.00011919422231836265,-0.00011913940365026783,-0.00011901693014924677,-0.00011922927826203041,-0.00011925256596371426,-0.00011918459694647645,-0.00011925602437263806,-0.0001191052223780803,-0.00011922036301493914,-0.00011919011933163027,-0.00011914475888321848,-0.00011929392833949535,-0.00011915753210439695,-0.0001192888762158144,-0.00011906968258674095,-0.00011925671899608923,-0.00011901963580671994,-0.00011919270899696682,-0.00011914463643568712,-0.00011905185683605329,-0.00011928173297826088,-0.00011918673602580952,-0.00011898994690521264,-0.0001192447215924498,-0.00011915374455480566,-0.00011920433337429682,-0.00011916321611808325,-0.00011922885568740946,-0.00011919135997466809,-0.00011908521605093788,-0.00011913404663303453,-0.00011917175916788624,-0.0001192823076675809,-0.00011918885112514459,-0.00011914430212394921,-0.00011902149036765585,-0.00011929759784821486,-0.00011926536248746201,-0.00011917171241215682,-0.00011929064031179807,-0.00011923529447929355,-0.00011921649479850355,-0.00011915386926946944,-0.00011911761096446709,-0.00011921300374588884,-0.00011922035067364007,-0.00011924815731493512,-0.00011919538296695318,-0.0001190506288647955,-0.00011921210710916474,-0.000119187140539821,-0.00011914956684280617,-0.00011920944639236115,-0.00011916109393656426,-0.00011910918696893572,-0.00011915065964305861,-0.000119170298897211,-0.00011922491034293982,-0.00011919175314923642,-0.00011915434297025078,-0.000119075812237189,-0.00011917401405380594,-0.00011906633399962798,-0.0001192004487784037,-0.00011929301263020779,-0.00011931227965263392,-0.00011918565400626796,-0.00011915115377532026,-0.00011910216147358643,-0.00011919724257727517,-0.00011919011939821395,-0.00011923006853465654,-0.00011915203225014773,-0.00011914938135857353,-0.00011921714414946945,-0.00011920336373697057,-0.00011917717980800888,-0.00011927989029320879,-0.00011921745309758738,-0.00011919212132273249,-0.00011912613284016045,-0.00011910295724118177,-0.0001191915832056815,-0.00011907042719227489,-0.0001191139638395959,-0.00011909186025499684,-0.00011917036210449001,-0.00011921954483035292,-0.00011915642757129881,-0.00011907783578728068,-0.00011919061850838176,-0.00011926038657715044,-0.00011909704710613943,-0.0001191940932919326,-0.00011908161505657686,-0.00011908925952499833,-0.00011912827325178963
-0.00018381832703567597,-0.00018396471638517655,-0.00018387854207615713,-0.00018372687418141052,-0.00018396710879648245,-0.00018401815593993348,-0.0001839321077170757,-0.00018400468725221207,-0.00018386976665730036,-0.0001839822317434207,-0.00018391628025029303,-0.00018388517526138722,-0.00018403145960133797,-0.0001838970622301867,-0.00018403316020183883,-0.00018380664481351116,-0.00018402119168005175,-0.00018378271427793618,-0.0001839469292959057,-0.0001839346238567679,-0.0001837950239339818,-0.00018404673542815446,-0.00018395325398638685,-0.00018372554195613213,-0.00018403091915258316,-0.00018388423838179422,-0.0001839699846838281,-0.000183904889974168,-0.00018399245320949764,-0.00018396546026014132,-0.0001838347239731093,-0.0001838936824922892,-0.0001839211557387439,-0.00018406763303838858,-0.00018394115924587196,-0.00018392195974875972,-0.00018380665945896883,-0.00018405860518218474,-0.0001839958151164052,-0.00018390561786405923,-0.00018404470747899505,-0.00018399101607004362,-0.00018394530107908327,-0.00018389622566627128,-0.000183813991528002,-0.0001839590156803068,-0.00018395378782276622,-0.0001840208832132846,-0.00018394474078475264,-0.00018376403450868492,-0.00018397555805045466,-0.0001839364231020773,-0.0001839275748615686,-0.00018393731878523932,-0.00018388432725582996,-0.00018384924674573808,-0.0001838930598536201,-0.00018391291866180429,-0.0001839978472147211,-0.0001839280645852764,-0.00018393237275300672,-0.00018376255602559413,-0.00018395651043274483,-0.0001838508720011636,-0.00018398161313064123,-0.0001840272845215286,-0.00018405950407171921,-0.00018391546306549642,-0.0001838907368597159,-0.00018386739484841153,-0.00018396000317908695,-0.0001839160913051146,-0.00018398362759140878,-0.00018391889156124737,-0.0001838854180963665,-0.0001839872151831001,-0.00018398761193821206,-0.00018396626731322557,-0.00018402391903385776,-0.0001839858536065405,-0.0001839541087179687,-0.00018387159014159488,-0.00018385653405461952,-0.00018394015821064088,-0.00018378510712863962,-0.00018384167596852754,-0.0001838388526203777,-0.00018390835555038573,-0.00018397511885714885,-0.00018385009192077183,-0.00018381066546524017,-0.00018393171639765823,-0.00018403095353777154,-0.00018385149359099545,-0.00018392334028178897,-0.00018384375854892343,-0.00018385165080339648,-0.0001838349182600114
-0.00029815463286174914,-0.0002982992441219933,-0.0002982057745067536,-0.00029798960191845786,-0.00029826020351795467,-0.0002983397828015123,-0.0002982259153330916,-0.0002983070660712171,-0.00029817979821182463,-0.0002983026584827403,-0.000298208705374876,-0.0002981936421716188,-0.00029832329803265744,-0.0002982121357217,-0.0002983430076902861,-0.0002981161141979166,-0.0002983275176728472,-0.00029808514254555914,-0.00029826567397088087,-0.00029828842422889373,-0.00029812275118062866,-0.0002983748960047781,-0.0002982503300236572,-0.00029803891265702204,-0.00029838471060308295,-0.0002981813353156246,-0.0002982880038121167,-0.00029819803526317325,-0.0002983112744739116,-0.00029830504594745505,-0.0002981456021100608,-0.0002982055317235591,-0.0002982274703919205,-0.0002983969429482004,-0.000298257243325628,-0.00029827521827380135,-0.0002981501003826856,-0.0002983565633343164,-0.00029828242161852983,-0.0002981973386266113,-0.0002983523512796621,-0.000298284343140109,-0.0002982392094233644,-0.0002981950873544092,-0.0002980557619969206,-0.0002982698782225911,-0.0002982281417678172,-0.0002983683525056122,-0.0002982684603098836,-0.0002980545207513219,-0.00029829980897069677,-0.0002982601843492299,-0.0002982760505077103,-0.00029821319832048707,-0.00029815152438799003,-0.00029815572716150905,-0.0002981956089660125,-0.0002982315204005812,-0.00029832104481073167,-0.00029821328930696356,-0.0002982567929663731,-0.0002979972466115537,-0.00029831380476303364,-0.0002982403822159339,-0.0002983095111649517,-0.00029828794011899117,-0.0002983537971759675,-0.00029822118785047843,-0.00029819470005736505,-0.0002981945672409392,-0.00029828696703973885,-0.00029819684515087303,-0.0002983079200487329,-0.00029825472353820534,-0.00029816976881085155,-0.000298336355014301,-0.0002983309950807312,-0.00029831199386809025,-0.00029830836181846967,-0.000298319839540047,-0.0002982437188474786,-0.0002981861712652667,-0.0002981602026331954,-0.0002982590197992398,-0.0002980612088868405,-0.00029814004713275084,-0.0002981459054726139,-0.00029819362473843723,-0.0002982928226491823,-0.0002981167379630143,-0.0002981114439048252,-0.00029821976671365433,-0.0002983563231063732,-0.00029816937226848187,-0.00029819296386666006,-0.00029816627208990426,-0.00029816043904622744,-0.0002981315560357152
-0.0005214113414297029,-0.0005215619903388404,-0.0005214557581168643,-0.0005211485879523864,-0.000521473611330638,-0.0005215667885372624,-0.0005214594869326539,-0.0005215073560256754,-0.0005214026862038997,-0.0005215330464009956,-0.0005214266830777387,-0.0005214323201643307,-0.0005215181232275706,-0.0005214475293025934,-0.0005215579724807797,-0.0005213534167139038,-0.0005215337186079016,-0.0005212571434050835,-0.0005214945163133926,-0.0005215440630394724,-0.0005213569700342672,-0.0005215880662972362,-0.0005214312702149506,-0.0005212707275530104,-0.0005216283255907624,-0.0005214028711644858,-0.0005215061098325654,-0.000521377906919074,-0.0005215765744147466,-0.000521556647388531,-0.0005213656639468179,-0.0005214082457207719,-0.0005214474050500193,-0.0005215966349363964,-0.000521474867875386,-0.0005215590327789827,-0.0005213950621501689,-0.0005215457638809086,-0.0005214962292647326,-0.0005214172366278104,-0.0005215531696293033,-0.0005214896450501409,-0.0005214320527698216,-0.0005214111016962693,-0.000521215438964887,-0.0005214781228034944,-0.0005214197143701716,-0.0005216112244478527,-0.0005215335594858574,-0.0005212974253714635,-0.0005215417335885244,-0.0005214880943222194,-0.0005215415424679796,-0.0005213958405071057,-0.000521325768596279,-0.0005213635472056039,-0.0005214200813565301,-0.0005214772840485317,-0.0005215284775874593,-0.0005213989725391911,-0.0005214526919880981,-0.0005211340315123523,-0.0005215981867279739,-0.0005215671232576141,-0.0005215619043188687,-0.0005214279518054332,-0.000521573834175802,-0.0005214692507399305,-0.0005214043230263553,-0.0005213989376037244,-0.0005215067764340088,-0.0005213788937472872,-0.0005215525829929741,-0.000521491517695539,-0.000521347992072217,-0.0005216072860821778,-0.0005215685881904525,-0.0005215432534847282,-0.0005214779022270409,-0.0005215671693235516,-0.0005214484165051859,-0.0005214237802822928,-0.0005213408294859451,-0.0005214685090384255,-0.0005212616071421814,-0.000521345821645,-0.0005213504060275692,-0.0005213939827494381,-0.0005215080812308636,-0.0005213087128084827,-0.0005213233145155039,-0.0005214164090240339,-0.0005215822204742932,-0.0005214161540696789,-0.0005213504503489789,-0.0005213761217651314,-0.0005213936427416938,-0.000521361651243313
-0.0010326409428891214,-0.0010328515962778088,-0.0010327215163265,-0.0010322950090257028,-0.001032734277646689,-0.0010327798296361893,-0.0010327272229306212,-0.001032726272529426,-0.0010326699923435567,-0.0010327575921315274,-0.001032710964841327,-0.0010327174357285084,-0.001032717473999368,-0.0010327017470680327,-0.001032734613747447,-0.0010325923070044559,-0.0010327220541100043,-0.0010324529998673197,-0.0010327212863799667,-0.001032784967289013,-0.0010325706926783505,-0.0010327749659796907,-0.0010326118998884326,-0.0010324819808376108,-0.0010328445712962508,-0.0010326518259042906,-0.0010327131149298328,-0.0010325249856677834,-0.0010328901715618306,-0.0010327891309372316,-0.0010325768902572845,-0.0010326019699576396,-0.0010326435666868786,-0.0010327780745244684,-0.0010326913397360267,-0.0010328803639457474,-0.001032653405445499,-0.0010327282808218013,-0.0010327822608702073,-0.001032655397617144,-0.0010327381302450503,-0.0010327257949900746,-0.001032620862296074,-0.0010326432469557464,-0.0010323817722653313,-0.001032665892650945,-0.0010326167920761196,-0.0010328229325346756,-0.0010328404270323567,-0.0010326225324793288,-0.0010327732138467232,-0.0010327179473502471,-0.0010328128059244764,-0.0010326198241027396,-0.0010325234373001506,-0.0010325606703083983,-0.0010326724154427458,-0.0010327433364921992,-0.0010326925882829406,-0.0010325874759675086,-0.001032637395830936,-0.0010322702012119868,-0.001032904362449631,-0.0010329161036507636,-0.0010328586866343592,-0.0010325718429636157,-0.0010327943845722986,-0.0010327289927146545,-0.0010325867815862916,-0.0010325553101167685,-0.0010327123781175601,-0.0010325714810963445,-0.0010328315749913051,-0.001032725546466599,-0.0010325154002567654,-0.0010328899651827561,-0.0010327702967445672,-0.0010327660879627786,-0.001032675821781742,-0.0010327897993485389,-0.00103268879913321,-0.0010326868586385649,-0.0010324886941208732,-0.001032612112499438,-0.0010325094828535267,-0.0010325441027075237,-0.0010325422102954011,-0.001032623865833872,-0.0010327212734569983,-0.001032503563127197,-0.0010325247406348637,-0.001032627726981668,-0.0010327764320884037,-0.0010326958260801062,-0.0010325413270835773,-0.0010325451280814406,-0.0010326617880169835,-0.001032592401561984
-0.002524544084050624,-0.0025248959455639562,-0.0025247369729942013,-0.002524130601091227,-0.0025247456527423195,-0.0025246772869828293,-0.0025246911644652642,-0.0025247377825194004,-0.0025247736392702298,-0.0025246460736743142,-0.002524784626858897,-0.0025247590240688057,-0.002524635416966679,-0.002524632841839652,-0.002524551509917602,-0.0025245033327385563,-0.0025245888139587003,-0.002524341144517604,-0.0025246578887267676,-0.002524737196297834,-0.0025245308189585855,-0.0025246811779913404,-0.0025245276354515884,-0.002524418608382876,-0.002524786721887909,-0.002524620920103469,-0.002524603846440674,-0.0025244101135984054,-0.0025249697239647425,-0.002524687511269951,-0.0025245119000366087,-0.0025244922133202266,-0.0025245142130742356,-0.0025246562845565815,-0.002524660596359259,-0.0025249498533552123,-0.0025246088528818236,-0.0025246175304454834,-0.0025248440563748597,-0.0025246296477637797,-0.0025245530517184088,-0.0025247861033542243,-0.0025244826618151753,-0.0025245739409866554,-0.0025242948392653246,-0.002524544718621821,-0.0025244983183971698,-0.0025247273923549272,-0.0025249080514647727,-0.0025246986011302425,-0.0025246906154466993,-0.002524761855781613,-0.00252482905938173,-0.0025246660063589863,-0.0025244081226917206,-0.0025244730283232285,-0.002524646694425873,-0.0025248537233619767,-0.0025245343497691253,-0.002524426543011692,-0.002524538983560411,-0.0025240968854739754,-0.00252495413324211,-0.0025250017920282284,-0.0025248484229760497,-0.002524400476699203,-0.0025246969726761804,-0.0025246057015418403,-0.002524436114002328,-0.0025243590712211734,-0.00252463963996213,-0.0025245005145949216,-0.002524796402697021,-0.002524660241946112,-0.0025243931540755147,-0.002524920377940773,-0.0025246029329048757,-0.002524714363618865,-0.0025247319641549986,-0.0025246722988737187,-0.002524648041351443,-0.0025246608146720856,-0.0025243155080089128,-0.0025244705668849097,-0.002524496776868761,-0.0025245128485209285,-0.002524417847743381,-0.002524600282163527,-0.0025246142109447145,-0.0025243858554598497,-0.002524427716092805,-0.002524646570001964,-0.0025246240241308454,-0.0025246975903018007,-0.002524470727034424,-0.0025244204765110132,-0.0025246817858979908,-0.0025245483424787265
-0.008634520806640681,-0.00863512177489461,-0.008635103778282683,-0.008634189324543629,-0.008634910291409559,-0.008634587490524075,-0.00863465861192107,-0.008634687173638148,-0.008634929314112447,-0.008634424403026896,-0.008635020915615823,-0.008634863343513034,-0.008634618978589501,-0.008634544409784757,-0.008634206429176425,-0.008634390773526221,-0.008634426191521945,-0.008634162346895742,-0.008634460779532786,-0.008634866055843175,-0.00863478855584587,-0.008634694617348917,-0.00863461513024846,-0.00863457459293409,-0.008634915623980997,-0.008634520715361253,-0.008634461801561492,-0.008634712224991216,-0.008635042652271116,-0.00863459083080036,-0.008634434978480186,-0.008634343236211862,-0.008634436133017601,-0.008634523108249772,-0.008634744683100676,-0.00863511626297081,-0.008634737003627463,-0.008634535917447197,-0.008634812113490938,-0.008634633152717876,-0.008634377950839617,-0.008635097473523885,-0.00863440420748638,-0.008634487705787992,-0.008634321642419207,-0.008634509373621764,-0.00863436221127806,-0.00863455824800457,-0.008635021636084771,-0.008634926608846988,-0.008634718920321763,-0.00863499613618775,-0.008634934988071958,-0.008635069071657803,-0.008634290597562046,-0.008634533509763238,-0.008634671390741745,-0.008635458951169206,-0.00863450401301065,-0.008634060184528992,-0.008634450014495587,-0.008634068096931319,-0.008634982945166337,-0.008635254158187389,-0.008634836780860838,-0.008634256510597042,-0.00863474584693527,-0.008634473151400028,-0.008634572655100481,-0.008634184871112676,-0.008634609681460091,-0.008634505879569248,-0.008634663347265596,-0.00863463993108613,-0.008634393592323032,-0.008634987741907652,-0.008634315854023019,-0.008634764272765275,-0.008635206873973213,-0.00863476061910233,-0.00863467872283501,-0.008634706286544351,-0.008634229441277065,-0.008634401118054386,-0.008634465947312,-0.008634563733805225,-0.008634206764880019,-0.008634690512118954,-0.008634588873010659,-0.00863441990421503,-0.008634531061596645,-0.008635009985904102,-0.00863444240830704,-0.008634692029721629,-0.008634443829180247,-0.008634382370626942,-0.008634792475195897,-0.008634735543530291
-0.04598501163750196,-0.045987037023370494,-0.045986083707895656,-0.045985693872089436,-0.04598481010203509,-0.04598475865483061,-0.04598467873161739,-0.04598457051483135,-0.04598496608370547,-0.045984206890532626,-0.04598519119065807,-0.04598516107863444,-0.045985416811429224,-0.045984559034673,-0.04598463480117797,-0.04598467194177673,-0.04598502136571253,-0.045984344066136315,-0.045984046103867415,-0.045985524574169545,-0.045986668281413776,-0.045985504021970984,-0.045984889885307474,-0.04598523658689489,-0.045986012078585686,-0.045984921303383,-0.045985239327514596,-0.04598594047706055,-0.04598505850410104,-0.04598529905768413,-0.04598442652312487,-0.04598477244685144,-0.0459850356337737,-0.04598364022781246,-0.045986021143477274,-0.04598557528278185,-0.04598593650554601,-0.04598496296325959,-0.04598463750588239,-0.04598538932371797,-0.04598465962471227,-0.04598606813261691,-0.04598499930952548,-0.045984195534434114,-0.04598453189489711,-0.045984437119736,-0.045985328121435576,-0.04598466158792529,-0.04598503140598158,-0.04598604765991393,-0.045984772313212005,-0.04598585849204224,-0.045984903249571996,-0.045986542096856195,-0.04598472531953982,-0.04598518011576186,-0.045984855574124184,-0.045986972880214916,-0.045984939508334,-0.0459839168217593,-0.04598449631527443,-0.04598490917066381,-0.045984717557220445,-0.04598604947871026,-0.04598490316957947,-0.04598480211338404,-0.04598552929218859,-0.045984645075996235,-0.04598588588239197,-0.04598511107347518,-0.04598529794354689,-0.045984586008030806,-0.04598507749917753,-0.04598505701441384,-0.045985040595466944,-0.045985263700938805,-0.045984668319065676,-0.04598456240228298,-0.04598681197320646,-0.04598592812567383,-0.04598526136629172,-0.04598564510096649,-0.045984263908529666,-0.04598513355171826,-0.0459847362620439,-0.04598482075027964,-0.04598350049272366,-0.04598525884085031,-0.04598494530192781,-0.04598509204277759,-0.045985285978967186,-0.045986586582585504,-0.045984292861309346,-0.04598481801056619,-0.045985162850666485,-0.04598481279586253,-0.0459854113489043,-0.045986040497014824
