-0.20950530065037762,-0.20949027191813419,-0.2095523949683586,-0.20967590916573717,-0.20955169471729454,-0.20956966890571735,-0.20952031770540297,-0.2095384143139624,-0.20952390222019107,-0.2095578712395295,-0.20953108326443398,-0.20951548225162286,-0.20949859518022923,-0.20953196184130757,-0.20958478198125505,-0.20965835773768385,-0.20950953356095914,-0.20952958791517592,-0.20955204132542382,-0.20966717623794892,-0.20951655736866798,-0.20956642393679004,-0.20950226573346237,-0.20967965937556973,-0.2095393647673411,-0.20955484979079553,-0.20960691878349064,-0.20955207557217942,-0.20949243894448571,-0.20962968014247285,-0.20957716091829628,-0.2095280323582745,-0.20956094345045415,-0.20963464258746856,-0.20957155542064598,-0.2095757028291578,-0.20962075785923648,-0.20955496936684007,-0.2095197354216195,-0.2095741762905241,-0.2095557027557205,-0.20963140686080353,-0.20951683339894153,-0.2095542639091778,-0.20959965763700283,-0.20962649296288324,-0.2095454016075765,-0.20957347305518328,-0.2095662693817456,-0.2095105313965531,-0.20956472316544264,-0.20957680944967247,-0.209517945355697,-0.20962338142215456,-0.20956630369466286,-0.20960725334112745,-0.2094891840079848,-0.20952392073298964,-0.2095058234177597,-0.20951689257575415,-0.2095369833664698,-0.20963684078305955,-0.20953469707793498,-0.2095240481889651,-0.2095258229232446,-0.20953478247691074,-0.20961554684679487,-0.20956638637160793,-0.20952197544662154,-0.20950040172855944,-0.20954768812713495,-0.20954654558786204,-0.2096082380409355,-0.20952667180433038,-0.20955861721991792,-0.20955853753560508,-0.20959874046275556,-0.20959400646057716,-0.2095384023271051,-0.2095573430487089,-0.20962699909333293,-0.20955669982984385,-0.20960100092805514,-0.20954375250201956,-0.20953704812646992,-0.20949375079872487,-0.2098439110393185,-0.20952615268616973,-0.20955396008869767,-0.20953695805405104,-0.20953207398118545,-0.20952580450393932,-0.20950884325098537,-0.2095424893463599,-0.20957195795048505,-0.2095616169204968,-0.20956429295569495,-0.2095358081480413,-0.2095111675429094
-0.07179331365960341,-0.07178171901765626,-0.07184321282440106,-0.07196637731980887,-0.07184232592252637,-0.07186141794045044,-0.07181068781864834,-0.07183257779980978,-0.07181667240710102,-0.07184883288891919,-0.07182181248442343,-0.07180554909907891,-0.07179183529237704,-0.07182302575463294,-0.07187708923606864,-0.07194692085105431,-0.07179999978074475,-0.07182304390199104,-0.07184264739377028,-0.07195173317942406,-0.07180832239324514,-0.07185879468507655,-0.07179486189960974,-0.0719686974426953,-0.07183102502199082,-0.07184485932728799,-0.0718988111196382,-0.07184327322568258,-0.07178426756251693,-0.07191980121382818,-0.07186830509001499,-0.0718206084144705,-0.07185131697707639,-0.07192084478392674,-0.07186414421243348,-0.07186687300779152,-0.07191169050118869,-0.07184808551355579,-0.0718107721543281,-0.07186663641121957,-0.0718460478489645,-0.0719207067435164,-0.07180908417154384,-0.07184464241364066,-0.07188775503875022,-0.0719142860202601,-0.07183704302339952,-0.07186604534143833,-0.07185745723308615,-0.07180228144528435,-0.07185353676838435,-0.07186939044855414,-0.07181021717105728,-0.07191226202372658,-0.07185935468982758,-0.07189778343434308,-0.07178019183433106,-0.07181733244983307,-0.07179488620487459,-0.07181002766089692,-0.07182901253583493,-0.07192785631098665,-0.07182805650822124,-0.07181489794000542,-0.07181815483132939,-0.07182559284839674,-0.07190716077767131,-0.07185794762516062,-0.07181462830060475,-0.07179265404578741,-0.07183757264176092,-0.07183690774122485,-0.07189695198439643,-0.07181770380500538,-0.07184959662749332,-0.07185103972646194,-0.0718918620646386,-0.07188390659006721,-0.07182967733799778,-0.07184888027235878,-0.07191791782155668,-0.07184810310617801,-0.07189168983611488,-0.07183688660662582,-0.07182924688039054,-0.07178527143757882,-0.07212148369511734,-0.07181685575505847,-0.07184648371127364,-0.07182826931092617,-0.07182348164475011,-0.07181554474051859,-0.07180109308001406,-0.07183295412648882,-0.07186453899414286,-0.07185419025685241,-0.0718545663478311,-0.0718300657032141,-0.07180303011907793
-0.017038067757438144,-0.017028356953634603,-0.017088261684550854,-0.01720962217216712,-0.017087042781308567,-0.01710603423719643,-0.017056682234280692,-0.01707865470935215,-0.017063265804412406,-0.01709403587778493,-0.017067794754188535,-0.017051538217525038,-0.017038682852320047,-0.01707055620808369,-0.017121309175544733,-0.017187524007297394,-0.01704650814198855,-0.017068762106301053,-0.017087483094857213,-0.017189862603930187,-0.01705581016701023,-0.017105152826911562,-0.017041688615580183,-0.017209441055826204,-0.01707835722842648,-0.017089435984306123,-0.017141839199322353,-0.017088390819226362,-0.01703096188391085,-0.01716487742261944,-0.017111601075727442,-0.017068312775387957,-0.0171002903484686,-0.017158538944198866,-0.01711245682728076,-0.017112977688138173,-0.017156107049510122,-0.01709667096352667,-0.017057998871743887,-0.01711376047108167,-0.01708980351392582,-0.017163161761916325,-0.01705609076951784,-0.017089989671823194,-0.017125175870446954,-0.017154869360395533,-0.01708323281740245,-0.017113194093134866,-0.01710397799434002,-0.01704929471977002,-0.017097945349738086,-0.017115527166837063,-0.017056206587466247,-0.017157618501187712,-0.01710762210938359,-0.017142382428331798,-0.01702691761233501,-0.017062998699347943,-0.01704145560261451,-0.01705743128523477,-0.017074785814227528,-0.01716829470958209,-0.017075327318478828,-0.017060329310079413,-0.01706552850000676,-0.017068931481284955,-0.017152386847961863,-0.017104041792523263,-0.017062259587353412,-0.017040555482653177,-0.017082966036789923,-0.01708336861881761,-0.017137806571115237,-0.017063135170449245,-0.017094208433680737,-0.017097155169751993,-0.017136278691872488,-0.017127935888115193,-0.01707525825812261,-0.01709465161283126,-0.017160573199894905,-0.017093430202853005,-0.017135422592088473,-0.017083223752863766,-0.01707617254881764,-0.017032333821632762,-0.01733709313771218,-0.017061245159453543,-0.01709476334777889,-0.017074795988929456,-0.01707078109918718,-0.017061810042567696,-0.017048125528167927,-0.01707687069736565,-0.017110235203206654,-0.017101142183482226,-0.017096713275339355,-0.017078716742498962,-0.017049180770866486
-0.0065278395650363264,-0.0065165617996227505,-0.006576157347227613,-0.006694244506867978,-0.006575315893172525,-0.006593476304985949,-0.006543193316299238,-0.006566570145672205,-0.006552384561880854,-0.006581155014563382,-0.0065572807459281235,-0.006540875466536344,-0.006528688952194094,-0.0065603240891988915,-0.00660859876636806,-0.0066694823822163575,-0.006535955348731226,-0.006556830445168486,-0.006575598003406836,-0.006674698988900853,-0.006545647691075513,-0.0065934196565219875,-0.006531490007037849,-0.006693208989416803,-0.006568488951150125,-0.006577440698533578,-0.006626224922320345,-0.006576419444668047,-0.006520644180170097,-0.006648982856820852,-0.006599041286278071,-0.006558265556572084,-0.00659219773437931,-0.006639095196263012,-0.006604368475926789,-0.006601744920054043,-0.006638825555738656,-0.006585259845096787,-0.006549328935072102,-0.006603498533982613,-0.006576807654961175,-0.0066482005255329435,-0.006546207419110534,-0.006577698281345613,-0.0066043370255882295,-0.006637362970596935,-0.006571738297719866,-0.006602160204026037,-0.0065932194896129205,-0.006538955952141142,-0.006587883709261037,-0.006603058742463213,-0.0065449343027731855,-0.006645089947878973,-0.00659329837402816,-0.006630889645390988,-0.006517260934205753,-0.006549942201827816,-0.006531969744037816,-0.006546533771294792,-0.0065629204651061045,-0.006648823157084807,-0.006564891871313291,-0.006548197572641518,-0.006556128744097649,-0.006555133299544253,-0.006638337138294334,-0.0065917940558704695,-0.006552084531586792,-0.006531917970047598,-0.006570838925529701,-0.006572792512061097,-0.006621170094713937,-0.006552709851523687,-0.006581934635858475,-0.00658481895556989,-0.00662058795973223,-0.0066156075850574425,-0.006564191202052391,-0.006583293078303517,-0.006644734232107416,-0.006582055806259022,-0.0066218431557730235,-0.006571918528303464,-0.0065651835502201356,-0.00652314302166185,-0.006799444977846937,-0.0065488293174790595,-0.0065844756128341985,-0.006564426921804636,-0.006561260545928394,-0.006551894148489585,-0.006537136972473771,-0.006564429454600276,-0.006598466956062662,-0.006589987574342898,-0.006579985601986008,-0.006570122619582123,-0.006539658211348904
-0.003330120294637838,-0.0033161757813228616,-0.0033755873407226664,-0.003488906379197949,-0.003375336716784554,-0.0033929272978503048,-0.0033385850874019882,-0.003366188922461855,-0.0033535197232633664,-0.003378116572738798,-0.003358664570730505,-0.0033411403438389116,-0.0033311297485582965,-0.003360827578877612,-0.0034074942412288356,-0.0034631795198754147,-0.003337272991393742,-0.0033570557609814253,-0.003376606637738709,-0.0034738719932940042,-0.0033465257830687187,-0.0033923029812175207,-0.0033328914296661275,-0.0034896850764628206,-0.0033696211344417166,-0.003377237015964012,-0.003421770991222518,-0.003376798579213469,-0.0033230653732783484,-0.0034393571605822013,-0.0033993561682399663,-0.003360962755120647,-0.003395754484866467,-0.0034327842005500153,-0.00340653152121685,-0.003401324310524333,-0.0034304214416971397,-0.003382910144709237,-0.0033530394889015732,-0.0034042606336899418,-0.0033760770425470587,-0.0034433785241838382,-0.0033480878839249515,-0.003376915625910933,-0.003396853010222767,-0.0034312658357696663,-0.003370989935597561,-0.003402294575964136,-0.0033936369952395785,-0.003340080340292457,-0.0033894098110432633,-0.003401784050865585,-0.0033452853964679287,-0.0034426201385637694,-0.0033900822583727164,-0.003429465915118671,-0.0033192405674468094,-0.003348899484838842,-0.003334051985645919,-0.0033469356344549873,-0.0033628474900629967,-0.0034421176426362617,-0.0033657366319492185,-0.0033480193114151947,-0.0033567027338264254,-0.003354529951489736,-0.003434288902801755,-0.0033913163781069374,-0.003353846032976385,-0.0033352028207976206,-0.003370145871967256,-0.0033741012963636845,-0.0034152702034195314,-0.003354382899727482,-0.0033817068735192404,-0.0033837075667695242,-0.003416379863110543,-0.00341602445726291,-0.0033654911988453455,-0.0033839550832190867,-0.0034398327911283858,-0.0033819683199142543,-0.0034199661479138855,-0.003372925942565175,-0.0033660321888905375,-0.0033260401420962425,-0.003580263666545469,-0.003349379860507001,-0.0033839157490407517,-0.003364932204145265,-0.003364125419731257,-0.0033537531888531507,-0.0033364400769981166,-0.003364362367663437,-0.003398281076162682,-0.003389555808661379,-0.0033752183409338585,-0.0033728734582180488,-0.0033422142364467377
-0.0019743744326635713,-0.0019584226031234483,-0.0020172752881281327,-0.0021215049762388755,-0.0020166547447838324,-0.0020331857539059007,-0.0019759256528423083,-0.002007437274989324,-0.001997189983896801,-0.002015455580155788,-0.002001536057548692,-0.001983199468767525,-0.001976235327338035,-0.002003391985006109,-0.002048282777773135,-0.0021000163500030427,-0.0019811896392639954,-0.001999309251876113,-0.002020473528645079,-0.002111868431852915,-0.0019884587349804144,-0.0020322502948426774,-0.0019763155741539173,-0.002127840677630637,-0.002011995344043687,-0.0020185148213282163,-0.0020593861534024217,-0.0020193792409309466,-0.001967578601143212,-0.002071393030712598,-0.0020433709053494665,-0.0020063670739304765,-0.0020408959480542393,-0.0020692844329025517,-0.0020481002924603213,-0.002042804702496281,-0.002063704807009269,-0.0020231298657694963,-0.0019979581768084075,-0.00204649890444898,-0.002017614813652059,-0.002079396788185559,-0.0019918284107693827,-0.0020188380209120557,-0.002032663925648939,-0.002067364163046518,-0.0020116021403392874,-0.002042753957608627,-0.002035112865531475,-0.0019831086982472234,-0.0020310253547209693,-0.0020430372479547858,-0.0019877852127473733,-0.002081624519372275,-0.002029481305239874,-0.0020687691782460492,-0.0019631189117845153,-0.0019906358676823207,-0.0019786896662670785,-0.0019895076787334372,-0.0020043626642346985,-0.0020772854489792296,-0.0020080968889434774,-0.0019899301541919457,-0.0019988876573007013,-0.001997411463751521,-0.002072750467485769,-0.002033295327435571,-0.0019982270758207867,-0.0019806246942580515,-0.0020115339022321,-0.0020176735112320044,-0.0020513228301865683,-0.00199808876816403,-0.0020238659897363273,-0.002025416744394628,-0.0020551879424798546,-0.0020590533455711437,-0.002008586335778732,-0.0020268474889586965,-0.0020778500039850146,-0.002023231474172304,-0.0020584793695745075,-0.0020160504826956453,-0.0020094107209042327,-0.0019710207423514867,-0.002200575990630084,-0.0019926516540141994,-0.002024622731463893,-0.002007015841546467,-0.0020085697618630336,-0.0019978173757857712,-0.0019794592733010435,-0.0020071142330214363,-0.0020405990546799972,-0.0020298332422966723,-0.0020138869926242756,-0.002017294030289707,-0.001985670498399088
-0.0012860791141359167,-0.0012702205919597812,-0.001327212422178708,-0.0014200176326401143,-0.001325789647794201,-0.001340494825799155,-0.0012831390926705132,-0.001316136699168443,-0.001307575978829195,-0.0013207037214913737,-0.0013104410156921768,-0.0012937151861708753,-0.0012891929956768658,-0.0013139381321399433,-0.0013566775827846818,-0.0014017637699218193,-0.0012927403426633067,-0.0013091408227568692,-0.0013313138851404418,-0.0014135177393458614,-0.0012983974206647723,-0.0013393396841283245,-0.0012881419918681037,-0.0014322114659880863,-0.0013220483186701488,-0.001326990675068261,-0.0013653902934988409,-0.0013296133989779426,-0.0012794933535440608,-0.0013733461580786078,-0.001354790040740734,-0.0013186326001489823,-0.0013517200083598612,-0.0013717424981218198,-0.0013566842567460631,-0.0013514423818990766,-0.0013658126247803682,-0.0013330458776262656,-0.0013097042878465971,-0.0013555282919847753,-0.0013269047292743565,-0.0013839017199129586,-0.0013034582829541952,-0.001329210705060536,-0.0013375461716246535,-0.0013718799698870755,-0.0013200302649104493,-0.0013489493687607805,-0.001343359586265133,-0.001293579137442562,-0.0013389128399240694,-0.001351854069485083,-0.0012984472372395777,-0.0013885919607669178,-0.001335854385918061,-0.0013763783995191232,-0.0012741568203970374,-0.0013004218406633163,-0.0012910879051846093,-0.0013002803260471717,-0.0013126260394503457,-0.0013787319678063635,-0.0013179820718501303,-0.001299736151021919,-0.001309570942304798,-0.0013085858770200617,-0.0013800529429131574,-0.0013428970593932707,-0.0013102209956557427,-0.0012936105854015605,-0.0013202078980052666,-0.0013278527778433184,-0.0013560616040163933,-0.0013096643834248688,-0.0013342214608300798,-0.0013354291679043635,-0.0013622603186779253,-0.0013700180008267343,-0.0013189897532646865,-0.001336292034489023,-0.0013843536628727426,-0.001331696738194548,-0.0013646481406657737,-0.001326111776813991,-0.0013216987160343352,-0.0012833446029774567,-0.0014887014496600501,-0.001303933311171999,-0.0013327429371596295,-0.001316746149895985,-0.0013199380729629457,-0.0013098745290981721,-0.0012919890111163894,-0.0013167629206457998,-0.001350880145036602,-0.0013374971548508275,-0.0013215383186417412,-0.001329231992413909,-0.0012962986377645465
-0.0009021711796618233,-0.0008873679278966081,-0.0009421460675381572,-0.0010244819248170056,-0.0009407924547773017,-0.0009524694413426466,-0.000898682128774037,-0.0009296397390733068,-0.0009220184865890851,-0.0009321217147511637,-0.0009241092632783301,-0.0009097337972920239,-0.0009068970155983393,-0.0009293462642217306,-0.0009696505704475207,-0.0010055100125231386,-0.0009088104198673409,-0.0009242769624818149,-0.0009454277456745783,-0.0010188814447965422,-0.0009139376584958937,-0.0009522677489399359,-0.0009055460821173303,-0.001040368897979475,-0.0009372285185080046,-0.0009403102370100966,-0.000977005955236436,-0.0009441135812906928,-0.0008954230031511059,-0.0009826669424658906,-0.0009701439434084483,-0.0009344514616563438,-0.0009657279802081033,-0.0009775783439159038,-0.0009704739460224014,-0.0009638055207219376,-0.0009733796885941029,-0.0009489146610518805,-0.0009260661685415454,-0.0009690753767709312,-0.0009414936550783846,-0.0009928165589132734,-0.0009200512016170398,-0.00094503368383349,-0.0009475877891099245,-0.000981044669681759,-0.0009341261635909203,-0.0009596568506991062,-0.000955799866285782,-0.0009089729335215958,-0.0009512314134515493,-0.0009629654477550816,-0.0009145995158991367,-0.0010004002955737482,-0.0009475633654086081,-0.000990029394225152,-0.00088982068731592,-0.0009148026603072415,-0.0009078474072314876,-0.0009163915131894639,-0.00092636470230439,-0.0009856059512123416,-0.0009328296954384412,-0.0009147981257934563,-0.0009257431300083096,-0.000925170198043646,-0.0009930591978500026,-0.0009565671417112535,-0.0009265829673248689,-0.0009113393503925007,-0.0009332611795417475,-0.0009418582957468182,-0.0009679582295703378,-0.0009256234289934537,-0.0009497802119418403,-0.0009502593716311754,-0.000974603205230312,-0.000985573295432406,-0.0009346984776525964,-0.000949647287395078,-0.0009958451455697203,-0.000944575395604954,-0.0009774728103196274,-0.0009402286995473317,-0.0009404272550333288,-0.0009000158484101829,-0.0010759653114712714,-0.0009203066564394484,-0.0009448766120927916,-0.0009309091717850025,-0.000935384698148964,-0.0009269114020164633,-0.0009092864712048093,-0.0009309289419909075,-0.0009648710053109799,-0.0009506005680455748,-0.0009346314510026666,-0.0009451169009301332,-0.0009129841177856376
-0.0006664212870647521,-0.0006519891168479399,-0.0007052552747012423,-0.0007776995279512365,-0.0007050201347485577,-0.0007126051805803758,-0.0006639144993446723,-0.0006916409595166171,-0.0006852795534775968,-0.0006926303516772941,-0.0006864638150476753,-0.0006745197685430332,-0.0006724600687909806,-0.0006930562960648391,-0.0007303846147911357,-0.0007583774186797529,-0.0006725913877004132,-0.0006873733211934295,-0.000706520727056772,-0.000772715094532023,-0.0006778610249303035,-0.0007140303878506308,-0.0006711449354215735,-0.0007986695818569305,-0.0007008175948759476,-0.0007014023625924106,-0.0007369787411352149,-0.0007061269902624896,-0.0006588262528646528,-0.0007415086209298336,-0.0007341462968449525,-0.0006978908917920636,-0.0007274472742611205,-0.000732863204645351,-0.0007332066673767478,-0.0007242393395097633,-0.0007303036858392498,-0.0007131987316395791,-0.0006910935692490135,-0.0007312447298589131,-0.000704937106825453,-0.0007503140726671423,-0.0006845995658233813,-0.0007098945427436095,-0.000706451023605718,-0.0007390198815939155,-0.000697409676426229,-0.0007200683447299687,-0.0007163300029405387,-0.0006728331614766594,-0.0007117590942704386,-0.0007211697497505681,-0.0006792934376922428,-0.0007615012114410967,-0.00070969002125656,-0.000752379015947674,-0.0006527779613978538,-0.000676901178021749,-0.0006724916554387392,-0.0006806538238777618,-0.000689488758854335,-0.0007423257289925974,-0.0006964896520272712,-0.0006785784678024733,-0.0006912667095057372,-0.0006897927121968343,-0.0007548445195290562,-0.0007173463705265578,-0.0006907925883365482,-0.000677258993228073,-0.0006946695251389657,-0.000703559555183789,-0.000729250452315659,-0.0006894248209971422,-0.000713536970771635,-0.0007130619529422389,-0.0007353115208700933,-0.0007483367917320975,-0.0006985637487935718,-0.0007107860046223224,-0.0007564340955690725,-0.0007049955591283232,-0.0007395943798361301,-0.000702649617283865,-0.0007084145884968058,-0.000664368366241407,-0.0008080265312815362,-0.0006842127811409605,-0.0007047512367202596,-0.0006930613213770125,-0.0006986976598405405,-0.000692061330758187,-0.0006731764448784375,-0.0006938063296632513,-0.0007264867209019657,-0.0007123160310984298,-0.0006960338763225518,-0.0007078494485199549,-0.0006785525054930629
-0.0005090310735704455,-0.0004944118437444645,-0.0005464911276391874,-0.0006097934199348401,-0.0005476493422334285,-0.000552020585077955,-0.0005067620724722179,-0.0005321289263383874,-0.0005278206470542387,-0.0005319168097549513,-0.0005275341066083114,-0.0005178743702264736,-0.0005159071523292586,-0.0005351017255062717,-0.000568346222870673,-0.000591109879506114,-0.0005143515388370493,-0.0005284847632690008,-0.0005452563330132394,-0.0006032424052810387,-0.0005198918017435112,-0.0005534280915567133,-0.0005147057203500619,-0.000637727833726982,-0.0005428289573619048,-0.0005407417444321156,-0.000575739766167606,-0.0005465428152158755,-0.000500397175391462,-0.0005780750162295309,-0.0005766769683304726,-0.00053980545281322,-0.0005677744488933378,-0.0005668636150202896,-0.0005737750861371262,-0.0005642348273754962,-0.0005671262118832746,-0.000555998043421274,-0.0005344957413926177,-0.0005726504317998027,-0.0005469512039259334,-0.0005850948293027267,-0.0005268910535769535,-0.0005533549106697326,-0.0005443210695960023,-0.000577019885112687,-0.0005394898684285468,-0.0005597996378125954,-0.0005554928503347049,-0.0005149582670923318,-0.0005507108282581531,-0.0005580269340121219,-0.0005225763411258398,-0.0006012399619684144,-0.0005513344807902457,-0.0005917253389083573,-0.0004936496421003975,-0.0005180664180662681,-0.0005150840597123129,-0.0005232131117016154,-0.000531491345054141,-0.0005786447470679207,-0.0005383336544823004,-0.0005211782287670108,-0.0005347953811314879,-0.0005321887897865703,-0.0005955399086233105,-0.0005558297068518096,-0.000533361529438858,-0.0005213607343967339,-0.0005348393006919727,-0.0005435841097185378,-0.0005674100993543181,-0.0005304314731087074,-0.0005553098396111173,-0.000554171185714553,-0.0005738840234915969,-0.0005879605071251881,-0.0005403839542554465,-0.0005500245690436617,-0.0005963782154963801,-0.0005433071313517008,-0.0005796601531236848,-0.0005439358395687572,-0.0005547289809679091,-0.0005064464182123097,-0.0006227746743064777,-0.0005254238734665226,-0.0005437785141508151,-0.0005334020938918652,-0.0005406197453400969,-0.0005353490019576143,-0.0005149726606067032,-0.0005359482053478863,-0.0005655851190384165,-0.0005525825558754737,-0.0005360296938031609,-0.0005484580452567396,-0.000522155845971557
-0.00039650077319104584,-0.0003811911728582843,-0.00043175290105496657,-0.0004889143769148297,-0.00043486122622580484,-0.0004367345106219303,-0.00039371139774706644,-0.00041745831485652,-0.00041468650014817076,-0.00041612154988251667,-0.00041364057336894743,-0.0004059721413152424,-0.00040364958773198175,-0.00042216127544468794,-0.0004505867153486137,-0.0004701215681438327,-0.0004010060073742929,-0.00041416301078214536,-0.0004287682406440401,-0.00047866151312387116,-0.00040644323956048705,-0.0004372346450598445,-0.00040256462018007467,-0.0005241822509911498,-0.00042952907947252925,-0.00042466037559126934,-0.0004602708216778988,-0.00043214188602197186,-0.0003871006304348413,-0.00045817803691707124,-0.00046355219508616017,-0.00042661064130887917,-0.0004525794140166233,-0.0004459048262400357,-0.0004587702180082,-0.00044927001971622083,-0.00044991609811513263,-0.0004428630685031171,-0.0004214729720707331,-0.00045989806692838355,-0.0004328502057263818,-0.00046493377079645927,-0.00041353451597200337,-0.00044122002968745376,-0.0004277626608762991,-0.00046082957774268545,-0.00042581690549157135,-0.00044467238070220664,-0.00043938294529561304,-0.00040152733035916374,-0.00043380579204743404,-0.0004405599336315165,-0.00041055411212234427,-0.0004849661899847587,-0.0004381253987033255,-0.00047515959227192254,-0.0003795411544391955,-0.0004046715879989013,-0.0004024309176711764,-0.0004103543149371519,-0.000418563612949842,-0.00045993808358328543,-0.00042414004597267455,-0.0004089578102504149,-0.0004209858751207441,-0.0004189254288911979,-0.00048048771984443,-0.00043904456829627406,-0.0004207456444902043,-0.00040993891197085104,-0.0004198889932059065,-0.0004287922483937694,-0.00044894827660544884,-0.00041527502865530306,-0.0004412775339802266,-0.0004394413434733043,-0.00045664163819309145,-0.00047213795415745755,-0.000426787565140014,-0.00043377847446849206,-0.00048073975830614595,-0.00042663019385650794,-0.0004641103313452704,-0.00042988891800628244,-0.00044535400151572333,-0.0003930054653341801,-0.0004891671967995866,-0.0004110359699533968,-0.0004287085723267759,-0.0004183261798473136,-0.0004266583830803763,-0.00042268894639156776,-0.00040166781876526737,-0.00042338252445172525,-0.00044901512898643637,-0.00043752677239431445,-0.000421187017736746,-0.00043321843053253126,-0.0004100927633263413
-0.00031033974575279944,-0.00029465081204168675,-0.000343178428523109,-0.00039548973121433394,-0.0003478950156745338,-0.0003480071962781858,-0.0003067388499400658,-0.0003290434849467067,-0.00032718084116448935,-0.00032658804178583634,-0.0003266950470972223,-0.00032045611079268866,-0.00031788736271306107,-0.00033566391823239804,-0.00035959514188445936,-0.0003770520607939484,-0.00031430110470007696,-0.00032621901183956984,-0.00033971502289758913,-0.0003823183665672677,-0.0003198739102341187,-0.00034793290590326594,-0.00031647834733051854,-0.00043731032367486534,-0.00034229585394139215,-0.0003352919384008437,-0.00037262442684218486,-0.00034417617769091723,-0.00030037205242630226,-0.00036464038227390443,-0.00037647444208645584,-0.00033966538829060405,-0.0003630554051881867,-0.00035233703983201744,-0.00037063460070220066,-0.00036063226143690516,-0.0003600533055471674,-0.00035355593101396235,-0.00033400919530636133,-0.0003744709124131764,-0.0003440113862773277,-0.00037308949090935186,-0.00032651394156443136,-0.00035502636188732646,-0.00033813061121251795,-0.0003715706746651978,-0.0003377687071553359,-0.00035619479606058485,-0.0003496814509176589,-0.0003146272146714179,-0.00034335864605208514,-0.0003499930351077865,-0.00032456636245088125,-0.00039490730885378543,-0.000350741106303029,-0.000385994929849588,-0.00029111964892363244,-0.0003179570514686296,-0.00031650890499871026,-0.0003235720150301834,-0.00033285459779219123,-0.00036811316861825406,-0.00033652027785098905,-0.0003228083890623063,-0.0003333874775687132,-0.0003323507713955321,-0.00039164729454350814,-0.0003487846428526489,-0.000334094519704831,-0.0003247357191110813,-0.0003312878119674772,-0.0003407371089521774,-0.0003571176081823229,-0.00032662292266591626,-0.00035319468194161595,-0.00035059586828562893,-0.00036603377595883775,-0.00038266542372657983,-0.00033960537282959726,-0.00034415957248560636,-0.0003914654366153681,-0.00033668439683696386,-0.00037485435574990044,-0.0003418997958393829,-0.00036122618527647035,-0.00030626391283070694,-0.00038858139049200704,-0.00032362392462724786,-0.00034006092289846836,-0.0003299266279804387,-0.00033842471016631826,-0.00033598203673041414,-0.0003154186120314069,-0.00033699930820151145,-0.0003592825327293855,-0.0003488386603395959,-0.00033146291006358025,-0.000343950731188513,-0.0003241816604200183
-0.0002401034244178131,-0.00022522721863310128,-0.00027126235743160957,-0.0003196117328772997,-0.00027712351726449913,-0.00027542749392586317,-0.0002345320951146358,-0.00025711971979991183,-0.00025574566394880646,-0.0002537826704933573,-0.0002564376322461157,-0.0002508300599023077,-0.00024851387379581875,-0.00026545577619460913,-0.0002856598802352083,-0.0003004127389427547,-0.00024392838093805465,-0.00025454355453465645,-0.00026838418619295795,-0.00030427316297379665,-0.000249492163000686,-0.0002757858004554969,-0.0002467260305573304,-0.0003639186783234067,-0.00027130574063833805,-0.00026323319200234293,-0.0003020035128470332,-0.00027228391998004593,-0.0002297085979492831,-0.000288085105487671,-0.00030511835153182443,-0.00026877873967684935,-0.00029015602977636564,-0.00027646874315778865,-0.0002990673625422771,-0.0002883553758181626,-0.00028678304836218815,-0.00027997054971510806,-0.000262847554150273,-0.00030417824489209423,-0.00027112913417477334,-0.0002990472149048008,-0.00025585724058801876,-0.0002846081044619543,-0.00026466895425058336,-0.0002988854515248088,-0.0002658522383194406,-0.0002842251709341921,-0.0002769724015905567,-0.0002442523350224056,-0.00026987923728655797,-0.00027589529725876693,-0.00025440560208902585,-0.0003221143724592057,-0.00027949026892783564,-0.00031329534243054757,-0.0002178006692516886,-0.00024724866732621413,-0.0002468849437008242,-0.00025297136960858923,-0.0002635809878464547,-0.00029326123073681237,-0.0002654031507716512,-0.00025244512385773474,-0.0002622632260708756,-0.0002623925961811691,-0.00031896365789414543,-0.000274519085867413,-0.00026310553036059173,-0.0002554203635341636,-0.00025881305510268965,-0.00026927867968689956,-0.00028179406644606814,-0.00025519806623471356,-0.0002812790974065651,-0.0002782056290346391,-0.00029237147815037686,-0.0003096735424109365,-0.0002686239018985471,-0.00027114607627475745,-0.0003190211194069306,-0.00026392746472075836,-0.0003009731019455174,-0.0002701832753949451,-0.00029191460606358625,-0.00023609709474848401,-0.00030835226563895616,-0.0002524880824403593,-0.00026713827183815224,-0.00025835739431835907,-0.00026676301533712214,-0.00026563221165313254,-0.00024541962787151826,-0.0002661288248119606,-0.00028639035124531704,-0.0002764038581044884,-0.00025825302521736184,-0.00027118034057945726,-0.00025416257451088813
-0.0001834599646148883,-0.00016956511210212272,-0.00021293454653634541,-0.0002574821386518066,-0.00021991982474109378,-0.00021606670723397435,-0.00017569136683973357,-0.0001991289065484102,-0.00019839768681710423,-0.00019565196858484308,-0.0001991416831998719,-0.00019443630708844908,-0.00019288237805078817,-0.00020899830210097716,-0.00022639697558802808,-0.0002380060235850217,-0.0001872189685309427,-0.0001965707803482909,-0.00021136802369701378,-0.0002411340093856605,-0.00019224106693158037,-0.00021811303066499412,-0.00019035247438903565,-0.00030239671647813097,-0.00021395027064802447,-0.00020581676871158153,-0.0002447284729786998,-0.00021369454627653616,-0.00017252169322916152,-0.00022679138878957525,-0.0002466177446543179,-0.00021175253121742113,-0.00023177173266507154,-0.00021517013136005032,-0.00024146520189328877,-0.00023003243680059406,-0.00022761685191470093,-0.0002208443218710099,-0.00020529031339638969,-0.00024585463433239433,-0.0002118662132251814,-0.0002380471262798947,-0.00019901826619808893,-0.00022676257724734572,-0.00020569807302909417,-0.00023985601606850253,-0.00020809855566815668,-0.00022590569214446778,-0.0002191321418209424,-0.00018757294822905468,-0.00021103524235344782,-0.0002159376172896235,-0.00019759627301757225,-0.00026376202266005836,-0.0002214174907475105,-0.0002539853150560051,-0.00015770022501986904,-0.000189665307579796,-0.00019031834485898434,-0.00019604433084634688,-0.00020746288942748872,-0.00023221635811049887,-0.00020835845016076794,-0.00019557593876818702,-0.00020493613417069145,-0.00020594749231738635,-0.0002591373221261496,-0.00021426478470347408,-0.00020544873373286104,-0.00019946386502437086,-0.00019979087926996625,-0.00021216354840511957,-0.00022082304252768914,-0.00019827292762642103,-0.00022344064921998364,-0.00022025867478308176,-0.00023322951844053405,-0.0002507030749773784,-0.00021136327599522684,-0.00021237881463663795,-0.00026022595895412726,-0.00020580270901138768,-0.00024037928170787056,-0.0002128570679177913,-0.00023497828736769713,-0.00018000354241127549,-0.00024383690498856658,-0.00019473397009181324,-0.00020761157590389086,-0.0002011373689812191,-0.0002096610604847854,-0.00020929366381422423,-0.00018915374814235493,-0.00020876390601057127,-0.00022761347713297182,-0.00021842670520183218,-0.00020032966682541375,-0.00021263115771196327,-0.00019723379278649016
-0.0001395907615483889,-0.00012684581348178082,-0.00016710030875032015,-0.00020806788949467113,-0.00017475815907891395,-0.0001698559592122345,-0.0001294454677453802,-0.0001542804160205491,-0.00015380451616538767,-0.00015058398643252679,-0.00015430122947047723,-0.00015071154484526633,-0.00014990797786750432,-0.0001651186627882869,-0.0001806402593593667,-0.00018968769585862323,-0.00014337336072905527,-0.00015151506897800795,-0.00016708247787535364,-0.0001921684793610727,-0.00014789204092645355,-0.00017342677248686914,-0.00014660833889840966,-0.0002505261152068493,-0.00016879832483896118,-0.0001616712933291995,-0.00020047456087399408,-0.0001680049254677534,-0.0001281168519179804,-0.0001795113545765132,-0.00020061611381335336,-0.00016751549929696572,-0.0001864386479887107,-0.00016727517187557105,-0.00019708387087072118,-0.00018445606253555575,-0.0001815371919532843,-0.00017502884719790133,-0.0001601733781640681,-0.00019950257789179217,-0.00016541790545215055,-0.00018930454132105295,-0.00015474642318985605,-0.00018074831871175273,-0.00015970828443396807,-0.00019281827085369053,-0.00016325117230823593,-0.00018007208713046035,-0.00017466331454929983,-0.00014363903394879564,-0.0001649722948404577,-0.00016904491093973982,-0.00015322895390844127,-0.0002189857822542566,-0.0001750894986438251,-0.00020735128770089895,-0.00011032257416128229,-0.0001448630779977589,-0.00014630705073572853,-0.00015165148569263627,-0.00016391933807944655,-0.00018406679907751413,-0.00016368338810415832,-0.0001514286076670566,-0.00016002130880685874,-0.000162109175140477,-0.0002110633705659069,-0.0001678683202854619,-0.00016046960939996538,-0.00015563182892573674,-0.00015344785430827202,-0.00016827074928062912,-0.0001732924328727843,-0.0001538612917790994,-0.00017789797638880558,-0.00017547023880872876,-0.0001869604126998126,-0.00020412116126922305,-0.00016689607204160687,-0.00016710987443808596,-0.0002139129831528121,-0.00016112604326277508,-0.00019318436919681017,-0.00016852800227284972,-0.00018906698439884173,-0.00013647779349647545,-0.00019395011648110514,-0.0001496288089210714,-0.00016088586870460726,-0.0001568746169628931,-0.00016566386897721815,-0.00016574438651835948,-0.0001463556183114742,-0.0001639287430390071,-0.00018184850143969583,-0.0001739624150932174,-0.00015542627702895984,-0.00016734802732070754,-0.0001522301867126317
-0.00010727597421767454,-0.00009559223879567726,-0.000132912186905821,-0.0001722485556841497,-0.0001403098380622893,-0.00013584702611479482,-0.00009330855502469333,-0.00012106373305768624,-0.00012036042233444779,-0.0001172784832950865,-0.00012072620165017854,-0.00011852573180068264,-0.00011809530764201641,-0.000132277180506981,-0.00014652871253733403,-0.00015441421250778035,-0.00011134083622874757,-0.00011820663434653552,-0.0001341254154504523,-0.00015647743513697102,-0.00011563424485825722,-0.00014019304500800572,-0.0001144040366744421,-0.00020927524918198543,-0.0001346434595196026,-0.00012926424025064569,-0.0001680131332162928,-0.00013424456771208448,-0.00009510691302811902,-0.00014534038251341096,-0.00016598244534701638,-0.0001350783694965723,-0.00015228162034124543,-0.0001314104213273636,-0.00016406373699018122,-0.0001500140953112391,-0.0001473877137084148,-0.00014100665786136087,-0.0001261851465444292,-0.00016490098702732405,-0.00013098154015198197,-0.00015191811855824408,-0.00012166684920888944,-0.0001462033673198634,-0.00012461686605700286,-0.0001571374943424969,-0.0001300137104028536,-0.00014576847374439577,-0.00014149661954634862,-0.00011130867626578153,-0.00013041673043212703,-0.00013352804666947755,-0.00012014809001951405,-0.000185999371338235,-0.000139349042699939,-0.00017267943044456928,-0.00007482930223720244,-0.00011188963170498013,-0.00011406677466196427,-0.00011853307016316674,-0.00013207436677451913,-0.00014759275244743362,-0.00012980138308907319,-0.00011878926890321579,-0.00012614587579549565,-0.0001295891379652288,-0.00017375667209307047,-0.0001336990004655168,-0.00012678668909810504,-0.00012267322125450117,-0.00011901147110702693,-0.00013565752138413635,-0.0001377663835165996,-0.00012054735363000456,-0.00014318582811844095,-0.000142595047073065,-0.00015183882268232662,-0.00016922207656431813,-0.000133851699603012,-0.00013355678071386056,-0.00017921774287604417,-0.0001282901471787827,-0.0001584553458991008,-0.00013490180693497437,-0.00015349416054086056,-0.0001044294520939578,-0.0001579785271063492,-0.00011635005222285097,-0.00012637153189383503,-0.00012374593423645017,-0.00013323353431659207,-0.00013341769485178065,-0.0001147010550344253,-0.00013017851696327004,-0.00014752061632144394,-0.0001407361268753192,-0.00012196907141936479,-0.00013396809895613524,-0.00011834584636368963
-0.00008578845652930728,-0.00007495412885518167,-0.00010933812199608392,-0.00014817279358329903,-0.0001160422699838321,-0.00011329521845567311,-0.00006705222222382958,-0.00009884283707273204,-0.00009763423668023092,-0.00009549053145228617,-0.00009824475763067521,-0.00009703709881482194,-0.00009669716202374182,-0.00011000284894471042,-0.00012283114303389447,-0.00013130705340221445,-0.00009018425886803312,-0.00009566419890479614,-0.0001117219873015131,-0.0001327013331536205,-0.00009469264559752564,-0.00011740687288910149,-0.00009281148580261778,-0.00017938134658099128,-0.00011108318682337694,-0.00010780296447066351,-0.0001445899658611953,-0.00011149064914094455,-0.0000725661878148395,-0.00012277521737519018,-0.00014177331414677848,-0.00011363346726403828,-0.00012848261140228649,-0.00010670569729997419,-0.0001413436958024734,-0.0001257998249591777,-0.00012421781295848954,-0.0001182450480593247,-0.00010305218242141932,-0.00014110223840032695,-0.00010772003667845767,-0.0001257651221562979,-0.00009920269258807915,-0.00012188356478597503,-0.00010046505671394767,-0.0001328115484270728,-0.0001080381661610188,-0.00012216299146288948,-0.00011825143880727441,-0.00008958271879255416,-0.00010653895957246518,-0.00010887341768821596,-0.00009785473647668458,-0.00016286451335379196,-0.0001149258047903038,-0.00014933088547945547,-0.000050336345231264915,-0.00008991623709949246,-0.0000926901804760047,-0.00009631211948484993,-0.0001108874755967912,-0.00012196161407068386,-0.00010618019134331775,-0.00009670921499112063,-0.00010276211168747614,-0.00010736409496502424,-0.00014777368431427053,-0.00011083894114183573,-0.00010372754514102899,-0.0001002822985102148,-0.00009571124821491361,-0.00011307639373472176,-0.00011324715527257,-0.00009795800418932975,-0.00011933859643890147,-0.00012053631611495881,-0.0001275226018845751,-0.0001450716077541945,-0.00011129233573318055,-0.00011058604841928304,-0.00015585920682256642,-0.00010563481854803774,-0.00013483680804798719,-0.00011138904155879106,-0.00012863565211592746,-0.00008302482296280081,-0.00013459950446746574,-0.00009451848626986422,-0.00010346186910189373,-0.00010123519861795938,-0.00011055484827200318,-0.000111755847777134,-0.00009304138575252529,-0.00010702751451639434,-0.00012410673639425243,-0.00011791485545428759,-0.00009922160483642178,-0.00011122485456073373,-0.0000954096408493352
-0.00007263197625015,-0.00006241178982944697,-0.00009365307457050756,-0.0001327295557129381,-0.0001004920352488289,-0.000099162255238966,-0.00004943502713222171,-0.00008498020344642357,-0.00008315173547263015,-0.0000824207245772617,-0.00008456939584378689,-0.00008380687052458839,-0.00008339861501773019,-0.00009612340994175769,-0.0001072303938080366,-0.00011756628662303135,-0.00007721687560010176,-0.00008155438538780507,-0.00009770442668834221,-0.00011870731159737683,-0.00008199342313746376,-0.00010239799444072709,-0.00007936255250186539,-0.00015996111923459152,-0.00009611629263917206,-0.00009476343361496017,-0.00012719897270894998,-0.00009726104430230072,-0.00005812208371764152,-0.00010764901651243549,-0.00012602001610227104,-0.00010022770565759478,-0.00011303802153632837,-0.00009087918655534834,-0.00012650962049629125,-0.00011037245328551812,-0.0001089125877929889,-0.00010427038061614699,-0.00008863933832100793,-0.00012580640749383008,-0.00009287513573083614,-0.00010872431661671739,-0.00008523047573720092,-0.00010573321063560129,-0.00008509047317625537,-0.00011758731377075016,-0.00009483845998939671,-0.00010696592927165462,-0.00010282974636964217,-0.00007602011842102808,-0.00009184741568753633,-0.00009328285018268779,-0.00008410067961366321,-0.0001477549027757849,-0.0000999882092043644,-0.00013424670832210917,-0.000034941045041521365,-0.00007636344389607005,-0.00007946848367685451,-0.00008242961601260209,-0.00009756564626153767,-0.00010505667894866335,-0.00009158099656378097,-0.00008267925137092554,-0.00008788240131133672,-0.00009292842672362458,-0.00013133258265678681,-0.00009706930946360053,-0.00008911653324697646,-0.00008636611240270847,-0.00008104136673167766,-0.00009831605513013441,-0.00009760949594673147,-0.00008381828568038846,-0.00010395032783038947,-0.00010675127996037293,-0.00011162376971109842,-0.00012871040830604303,-0.00009689166555143164,-0.00009582344090065524,-0.0001412954735614386,-0.00009052434573798188,-0.00011921854359204494,-0.0000965085869632455,-0.00011219136313356686,-0.00006968641801184088,-0.00012004135385328395,-0.00008119851190795955,-0.00008955694297399,-0.00008751989173343875,-0.00009505494103528237,-0.0000985417168381672,-0.00007937811438859366,-0.0000925735480970383,-0.00010929860556883604,-0.000103038485010391,-0.00008497930337208682,-0.0000964157331758148,-0.00008191113557856036
-0.00005504157670159849,-0.00004484170967001739,-0.00007371748241730971,-0.00011314838066486436,-0.00008083479147254783,-0.00008046163178593223,-0.00002849249320492604,-0.00006665821326820934,-0.00006404497011976555,-0.00006477460599320298,-0.000067021415962186,-0.00006595828556962121,-0.00006543136443602432,-0.00007796125855731183,-0.00008763515277432226,-0.00009986485108302422,-0.000059532553166593374,-0.00006323635114521165,-0.00007934298956896563,-0.00010160345188667713,-0.00006451668828921053,-0.00008302323132767633,-0.00006131979654659904,-0.0001383499299093108,-0.00007694249979201764,-0.00007684811078175697,-0.00010484667218238193,-0.00007853269913801464,-0.000039507091919128104,-0.00008719624502861834,-0.00010635672522126813,-0.00008185392407534104,-0.00009374294289726653,-0.00007167162032747186,-0.00010803162249258672,-0.00009144161875512242,-0.00008896815616995202,-0.00008630755562851736,-0.00007026986389011393,-0.00010621990612512064,-0.00007398108945963627,-0.00008959499650132836,-0.00006711825017286545,-0.0000856802469845222,-0.00006521154645945207,-0.0000976178589176555,-0.00007734172761090652,-0.00008804023702178727,-0.00008307664822006432,-0.00005814988955587623,-0.00007369655152061941,-0.00007409962797227445,-0.000065939244035323,-0.00012872199815854637,-0.00008161281524234972,-0.00011519393776223818,-0.00001576668223663718,-0.000058052804725608164,-0.0000615532065827747,-0.00006398562880288199,-0.00007936355326676937,-0.00008442177078092091,-0.0000737369020654156,-0.000064147836427071,-0.00006905828953628671,-0.00007392805420268187,-0.0001110395366106256,-0.00007917705503336689,-0.00007029955845090812,-0.00006819266563563609,-0.00006226752338450813,-0.00007924199741850588,-0.00007836459795274633,-0.00006549819521762336,-0.00008461366693271305,-0.0000884995298234123,-0.00009185319841094044,-0.00010785817127514853,-0.00007818359446589741,-0.00007651021764222657,-0.00012262492380086206,-0.00007119376344465723,-0.00009955161969890933,-0.00007768284280821191,-0.0000919718313319342,-0.00005181884790873446,-0.00010102038691047129,-0.00006318815090075992,-0.00007136818350118187,-0.0000698897420492698,-0.00007488930773579359,-0.0000808158067034366,-0.00006166002541586906,-0.00007374793969506889,-0.0000904729441339693,-0.00008372617529764798,-0.0000664488751511573,-0.00007687582577275742,-0.0000647848566382091
-0.000031231190306608816,-0.000020430808399768397,-0.00004775263653909986,-0.00008727148684874162,-0.000054976572745315764,-0.0000558963368298405,-3.0257335838575718e-6,-0.000042022133255744016,-0.000038290171263483966,-0.00004104259695020772,-0.0000435053780572852,-0.00004178923376552883,-0.000041305453342069876,-0.000053704318220783816,-0.00006248745433763124,-0.00007566303289979961,-0.00003537633904843051,-0.000038945552605793604,-0.000054671918379062575,-0.00007889003489722245,-0.0000408495911226014,-0.00005821866787696637,-0.0000370294373964504,-0.00011242645959414677,-0.00005167709386818201,-0.000052261074464708955,-0.00007647582419979481,-0.00005370232404238847,-0.000015005853122710943,-0.00006114308259464286,-0.0000809400479384057,-0.00005667445565401393,-0.00006837694987169866,-0.00004692586430777546,-0.00008393432094056836,-0.00006668579655721993,-0.00006339443385142913,-0.0000622237617063444,-0.00004595354555682931,-0.00008009882622396903,-0.000049464474932201035,-0.00006509081515597091,-0.00004245716970568789,-0.00005985119894491032,-0.000038764050087491965,-0.0000710429005256876,-0.000053524166628908064,-0.00006318303136131447,-0.000057127943224185894,-0.00003411554942734332,-0.00004931667472211864,-0.0000494196970837241,-0.000041629437303124014,-0.00010350168876078727,-0.00005723218158293995,-0.00009101679743486761,9.195939063248497e-6,-0.0000337024916836179,-0.00003713502734828636,-0.00003909652095550645,-0.000054663772696463476,-0.00005818448081465266,-0.00005029650326701555,-0.00003938100398489781,-0.00004441289948644286,-0.000049081487272199654,-0.00008459071852227415,-0.00005477625946164446,-0.00004534876036892767,-0.0000438072409290905,-0.0000372965443071149,-0.00005410636248604146,-0.00005350354851439384,-0.00004091645194501709,-0.00005978105126894718,-0.00006387666370535453,-0.00006668600682911725,-0.00008081213401097857,-0.00005342604887346056,-0.00005114654724853873,-0.00009794077867759552,-0.00004522572780450556,-0.00007404465789005615,-0.000052796319699243106,-0.0000663651211535643,-0.00002745232497145844,-0.00007577929628119646,-0.00003891900908228393,-0.00004704339247779458,-0.00004596054853463178,-0.00004900048301252047,-0.000056595387163451604,-0.00003731612038106548,-0.00004847304765224091,-0.00006506104401496322,-0.000058521735847057696,-0.00004180816137617613,-0.00005132985101758077,-0.00004090936439608077
-4.440409333121155e-6,7.326404624385012e-6,-0.000019022596188635188,-0.00005799982880935631,-0.000026128845564171088,-0.000028469072647710257,0.000022712989743745615,-0.000014262982432412338,-9.702551745764512e-6,-0.0000140829381348702,-0.000016878909638976963,-0.000014616135932142262,-0.000014226587093126134,-0.000026537142736233494,-0.00003476987985497664,-0.0000483519563441635,-8.022155929170961e-6,-0.000011723312189827866,-0.00002674409310278917,-0.00005318184356153285,-0.000014004069896702807,-0.000030682905449403174,-9.88580490955298e-6,-0.00008449556865620957,-0.00002345216566666201,-0.00002425538733759227,-0.000045837173947375216,-0.000025977486286319577,0.000011969971631732662,-0.00003268529391806743,-0.000052720719886821565,-0.000028507689988408362,-0.00003980828652170629,-0.000019477055914348306,-0.000056379732642126325,-0.00003894430483645903,-0.00003542174991623937,-0.000034778157692782475,-0.000018458474807444154,-0.000050425557548963005,-0.00002194176379280277,-0.00003706738145577078,-0.000014312528998428373,-0.000031078417338886976,-9.585569945857803e-6,-0.00004181748812021601,-0.000026490588046936712,-0.00003500272296780181,-0.00002844451677931602,-7.05508796271632e-6,-0.000021777134402190337,-0.000021791372363324625,-0.000014331772121505628,-0.00007585077269673394,-0.000029583826462390706,-0.00006381237637837984,0.000036372994792706025,-6.466924635592024e-6,-9.630246938577302e-6,-0.000011152148716973075,-0.000026711760136849094,-0.00002897463522439586,-0.000023722844829604922,-0.000011725491929038019,-0.00001688094862341403,-0.000021714396047505957,-0.000055260993847596975,-0.00002748637786708723,-0.000017484800085685384,-0.000016426785748981673,-9.461090184680124e-6,-0.000025804442555407308,-0.00002565009854139414,-0.000013231404342662137,-0.00003214374415412976,-0.000036248660923484665,-0.00003928291209150157,-0.00005090632567501058,-0.000025633878490967525,-0.000023266740897859452,-0.0000700328319593141,-0.000015763235360205468,-0.00004543071773583471,-0.000025341447095909916,-0.00003823482620807552,7.021997365334119e-8,-0.000047618849691524853,-0.000011662350896952387,-0.000019656216286247504,-0.00001905328842996035,-0.000020787537425692676,-0.00002897690203110259,-9.482773779966748e-6,-0.000020211452575318442,-0.000036370428760821056,-0.000030802930548581,-0.000014308557538182152,-0.0000230253500516571,-0.000013529280007864096
0.000018297592353740485,0.00003026839699951753,4.807733207546108e-6,-0.00003310060560943307,-1.7185723886399217e-6,-5.015062961664352e-6,0.000043067251673530106,9.201055145047812e-6,0.00001375632820591865,8.991052094577208e-6,5.370736720662497e-6,8.350135963446083e-6,8.646501400057063e-6,-3.7416613843876563e-6,-0.000011424902869849725,-0.000025504336218932244,0.000015035459166488398,0.000011204528832538295,-2.7091363308155643e-6,-0.00003102468176997519,8.869503751212201e-6,-7.014449885497612e-6,0.000012829448106584227,-0.00006160321149756749,3.4257042113829345e-7,-1.988109924930949e-7,-0.000020915981226244203,-2.76656250309513e-6,0.00003406100058959065,-8.750564699246093e-6,-0.00002940652758746481,-5.0967537870365616e-6,-0.00001571649917612985,3.5433321474417474e-6,-0.00003237050854917984,-0.000015677021805186972,-0.000012222387151224903,-0.000011387906833787637,4.805900053669279e-6,-0.000025273821243951743,1.8768057727499153e-6,-0.000012735205387184064,9.517500747894322e-6,-6.546701272373326e-6,0.000014352444470487682,-0.00001741231234636295,-3.7902380632240676e-6,-0.00001099669771634479,-4.449276419858451e-6,0.0000156380403873161,1.5357279874640084e-6,1.433090322845018e-6,8.640134604045743e-6,-0.00005242072113723261,-6.5797902798116575e-6,-0.00004032341896527823,0.000058849717335611584,0.000016217313361154788,0.000013583004914600294,0.00001219293229728475,-2.952240771297258e-6,-4.066566701881607e-6,-9.402189881069885e-7,0.000011371156761498117,6.2548243090534205e-6,9.591294857476099e-7,-0.00003094570546217882,-4.885578927454129e-6,5.877005582243479e-6,6.5144494216037366e-6,0.000013874105398742292,-2.003099972812302e-6,-2.1709637188444367e-6,0.000010388582187906992,-8.83739416260086e-6,-0.000012995763858653322,-0.000016734641695361757,-0.00002569815766424359,-2.2270473776398625e-6,-1.4335831507841054e-7,-0.00004641294976989263,9.480346260828123e-6,-0.00002098274209096595,-2.646881773022081e-6,-0.000014939323785751449,0.00002302583490473521,-0.00002375073127797717,0.000011431868561091433,3.7150210968367757e-6,3.608054457437747e-6,2.935851169065211e-6,-5.773533602852446e-6,0.000014112349508053599,3.613793564813292e-6,-0.000012153650052568388,-7.934236855613157e-6,8.765901476797085e-6,9.29659117072254e-7,9.59300606957442e-6
0.00003536144736913351,0.00004681862246887527,0.00002209168669633261,-0.000015078226896495843,0.000016067325553915745,0.000012853694852933823,0.000058366702209276285,0.000026448732470516872,0.00003087834665394048,0.000026377252408362564,0.00002203183598362702,0.000025280761164891738,0.000025613676221281885,0.000013022473213117161,5.900198196999826e-6,-8.644496649006328e-6,0.00003204136553589463,0.00002801045396167045,0.00001553304725535593,-0.00001491779009046694,0.000025854820850315962,0.000010794862331313326,0.00002948645991256861,-0.0000449859001878242,0.00001767892465489277,0.000017342890848251776,-3.066744182269482e-6,0.000014005090497935367,0.00004995271945971688,8.252577371303238e-6,-0.00001271920292303036,0.000011900967269923511,1.948201258235921e-6,0.000019557725727470123,-0.000014480614763816532,1.4083086932945716e-6,4.694756359957248e-6,6.176368225803292e-6,0.000021882827697107726,-6.905722996131519e-6,0.00001979908772100802,5.511672169904522e-6,0.00002699246661853676,0.000011464663714574519,0.00003150397757339001,3.383660178851129e-7,0.000012818125694714624,6.658750413066304e-6,0.000012982929561409743,0.00003246679671981672,0.00001846237904203452,0.000018252498818181084,0.000025649189023506162,-0.0000344339592693532,9.87401217222333e-6,-0.000022405125470305633,0.00007472973831215307,0.00003274400109363655,0.0000307694152361231,0.000029319158252370906,0.000014490607422038115,0.000014813062962765163,0.000016104142403453098,0.000028232949319443097,0.000023230080752132123,0.000017185436259916575,-0.000013606145225271036,0.00001152545955220332,0.000023161889789731137,0.00002334469594712011,0.000031265394782644475,0.000015534840270332857,0.000015022911252473147,0.00002813661190009188,8.16049677943549e-6,4.199468348330041e-6,6.017594449225304e-8,-7.151250966078242e-6,0.000015083041577488747,0.000016985664133467544,-0.000028659857069683007,0.000028105208146924592,-3.2643069612215774e-6,0.000013763031669813041,1.8032003857828812e-6,0.00003955572677615179,-6.538979566815784e-6,0.000028358677322198706,0.000021184088067848298,0.000020227275032234642,0.00002040228158925548,0.000011154237280911559,0.00003185449190698842,0.000021258755440908788,5.497031729488106e-6,8.529639794259192e-6,0.00002582928701054383,0.000018551719066842324,0.000026754768655704883
0.000045070199642219444,0.00005616910918838568,0.000031762299622650196,-5.215209080645002e-6,0.000025884741289777153,0.00002324731712226186,0.0000677233827208995,0.00003594712457268088,0.00004041231690773555,0.000036253319600317125,0.00003152485115199054,0.00003478626585886057,0.00003510777059424598,0.00002252124243743872,0.00001567646884566329,9.710960973921183e-7,0.00004158132077546001,0.00003741975301051061,0.000026598851550600076,-6.986125741233289e-6,0.00003536042975410666,0.000020926935550892414,0.000038708341020494595,-0.000035555276440751726,0.000027350454237610397,0.000027041100103524348,6.292504320630223e-6,0.000023165443041008542,0.000058765372685121544,0.000017273474530567715,-3.879873581849917e-6,0.000021406202536800267,0.000012254753448877629,0.000027390493320052723,-4.706111755343288e-6,0.00001100523167918298,0.00001410439063321705,0.00001632448763330866,0.0000315141326424197,3.5859387636784767e-6,0.000030047869041185597,0.000015833955578501888,0.000036657393062549494,0.00002167325476394757,0.00004130057737256082,0.000010103816432488348,0.00002186220910304466,0.000016541776763727412,0.000022342289454400048,0.00004217865177777063,0.000027537219150275415,0.00002765606062268831,0.0000351891598913271,-0.00002362021085797694,0.000018864029896767625,-0.000012536025032322459,0.00008317774281879159,0.000041993407263423116,0.000040421135563683866,0.000038826714442430445,0.000024093712387079416,0.000025852024957578074,0.000025692960573556105,0.000037735606350347425,0.00003263151832252684,0.000026013606331204537,-3.7094859410756353e-6,0.000021240283206797925,0.000033106104292035136,0.0000326940491866992,0.00004139714273393982,0.000025476769438047075,0.000024562741207336667,0.00003807326077830837,0.00001753379824521457,0.000013934585623914607,9.98575146701961e-6,3.2179582842529768e-6,0.000024960299559222586,0.000026731037834735462,-0.000018707287040191324,0.00003841472575383987,6.194948268407897e-6,0.000022988001673692642,0.0000109287007110777,0.00004861828179395383,2.7646932257493636e-6,0.00003784516136950843,0.0000309644524241878,0.000029518068177598798,0.000030059976838924736,0.000020520668550031457,0.000042192272360391326,0.00003117140493138515,0.000015540850520479343,0.00001783096252741208,0.000035400839521208336,0.00002840594547028094,0.00003645239185356004
0.000047439569978066194,0.00005847465229292117,0.00003413786087021601,-2.827823351752573e-6,0.000028146228187797008,0.000025853048802032234,0.00007033404673212106,0.000038137200298027395,0.000042729744365344194,0.00003863023000509334,0.00003374470856695517,0.0000370738700888202,0.00003732417982737018,0.000024830587445986937,0.000018017318459518895,3.3054016257364443e-6,0.000043826455120242474,0.00003971626189254617,0.000029546549401313653,-5.826715125937318e-6,0.000037526630741908186,0.000023408870764672037,0.00004084646164255462,-0.00003334281506659581,0.000029753130049596835,0.000029390562950048087,8.211298441390653e-6,0.00002527687319033785,0.000060844017935591416,0.000019389128843716925,-2.138534212794846e-6,0.000023632030748651035,0.000015029395356772812,0.000028955514691195686,-2.3653730110375247e-6,0.000013240740874237033,0.000016328054477989736,0.000018869672794934766,0.00003388409298054734,6.335583864542099e-6,0.000032674999962847944,0.000018314752318361363,0.00003888705862935322,0.000024104873126745344,0.000043722090752240886,0.000012345746580952084,0.00002379227165325694,0.00001885520545864172,0.00002446411603063357,0.000044566425306365795,0.000029589123479109462,0.000029882056845597056,0.00003742659920980324,-0.00002079101346315361,0.000020825677400374595,-0.000010266217798010671,0.00008492904464044446,0.000044191951833525624,0.00004266374854956961,0.000041101966307937765,0.000026352424669927646,0.00002865799104614844,0.00002801450819328368,0.00004005147213750518,0.00003482420149659352,0.000027965099502726355,-9.96335475258665e-7,0.00002414466284648751,0.00003555246363889204,0.00003487566895256131,0.00004407604692257478,0.00002785776901597161,0.000026774993671237647,0.000040301411441681485,0.000019752251975036912,0.000016245799480409962,0.000012591868581589315,5.7245734976941055e-6,0.000027316843394004253,0.000029109306842949604,-0.000016346916525637715,0.000040866295254689626,8.360974641860667e-6,0.000025268801398604263,0.000013042960350948792,0.00005070945491751532,4.843025398869231e-6,0.00004011674627764312,0.0000332244415891451,0.00003172593775631325,0.00003233626294842413,0.000022688869013463945,0.00004481175726136399,0.000033530651488242164,0.00001815676085507621,0.000020157295887334437,0.00003762212997815736,0.000030822352368636166,0.000038789150921297
0.000045070199642219444,0.00005616910918838568,0.000031762299622650196,-5.215209080645002e-6,0.000025884741289777153,0.00002324731712226186,0.0000677233827208995,0.00003594712457268088,0.00004041231690773555,0.000036253319600317125,0.00003152485115199054,0.00003478626585886057,0.00003510777059424598,0.00002252124243743872,0.00001567646884566329,9.710960973921183e-7,0.00004158132077546001,0.00003741975301051061,0.000026598851550600076,-6.986125741233289e-6,0.00003536042975410666,0.000020926935550892414,0.000038708341020494595,-0.000035555276440751726,0.000027350454237610397,0.000027041100103524348,6.292504320630223e-6,0.000023165443041008542,0.000058765372685121544,0.000017273474530567715,-3.879873581849917e-6,0.000021406202536800267,0.000012254753448877629,0.000027390493320052723,-4.706111755343288e-6,0.00001100523167918298,0.00001410439063321705,0.00001632448763330866,0.0000315141326424197,3.5859387636784767e-6,0.000030047869041185597,0.000015833955578501888,0.000036657393062549494,0.00002167325476394757,0.00004130057737256082,0.000010103816432488348,0.00002186220910304466,0.000016541776763727412,0.000022342289454400048,0.00004217865177777063,0.000027537219150275415,0.00002765606062268831,0.0000351891598913271,-0.00002362021085797694,0.000018864029896767625,-0.000012536025032322459,0.00008317774281879159,0.000041993407263423116,0.000040421135563683866,0.000038826714442430445,0.000024093712387079416,0.000025852024957578074,0.000025692960573556105,0.000037735606350347425,0.00003263151832252684,0.000026013606331204537,-3.7094859410756353e-6,0.000021240283206797925,0.000033106104292035136,0.0000326940491866992,0.00004139714273393982,0.000025476769438047075,0.000024562741207336667,0.00003807326077830837,0.00001753379824521457,0.000013934585623914607,9.98575146701961e-6,3.2179582842529768e-6,0.000024960299559222586,0.000026731037834735462,-0.000018707287040191324,0.00003841472575383987,6.194948268407897e-6,0.000022988001673692642,0.0000109287007110777,0.00004861828179395383,2.7646932257493636e-6,0.00003784516136950843,0.0000309644524241878,0.000029518068177598798,0.000030059976838924736,0.000020520668550031457,0.000042192272360391326,0.00003117140493138515,0.000015540850520479343,0.00001783096252741208,0.000035400839521208336,0.00002840594547028094,0.00003645239185356004
0.00003536144736913351,0.00004681862246887527,0.00002209168669633261,-0.000015078226896495843,0.000016067325553915745,0.000012853694852933823,0.000058366702209276285,0.000026448732470516872,0.00003087834665394048,0.000026377252408362564,0.00002203183598362702,0.000025280761164891738,0.000025613676221281885,0.000013022473213117161,5.900198196999826e-6,-8.644496649006328e-6,0.00003204136553589463,0.00002801045396167045,0.00001553304725535593,-0.00001491779009046694,0.000025854820850315962,0.000010794862331313326,0.00002948645991256861,-0.0000449859001878242,0.00001767892465489277,0.000017342890848251776,-3.066744182269482e-6,0.000014005090497935367,0.00004995271945971688,8.252577371303238e-6,-0.00001271920292303036,0.000011900967269923511,1.948201258235921e-6,0.000019557725727470123,-0.000014480614763816532,1.4083086932945716e-6,4.694756359957248e-6,6.176368225803292e-6,0.000021882827697107726,-6.905722996131519e-6,0.00001979908772100802,5.511672169904522e-6,0.00002699246661853676,0.000011464663714574519,0.00003150397757339001,3.383660178851129e-7,0.000012818125694714624,6.658750413066304e-6,0.000012982929561409743,0.00003246679671981672,0.00001846237904203452,0.000018252498818181084,0.000025649189023506162,-0.0000344339592693532,9.87401217222333e-6,-0.000022405125470305633,0.00007472973831215307,0.00003274400109363655,0.0000307694152361231,0.000029319158252370906,0.000014490607422038115,0.000014813062962765163,0.000016104142403453098,0.000028232949319443097,0.000023230080752132123,0.000017185436259916575,-0.000013606145225271036,0.00001152545955220332,0.000023161889789731137,0.00002334469594712011,0.000031265394782644475,0.000015534840270332857,0.000015022911252473147,0.00002813661190009188,8.16049677943549e-6,4.199468348330041e-6,6.017594449225304e-8,-7.151250966078242e-6,0.000015083041577488747,0.000016985664133467544,-0.000028659857069683007,0.000028105208146924592,-3.2643069612215774e-6,0.000013763031669813041,1.8032003857828812e-6,0.00003955572677615179,-6.538979566815784e-6,0.000028358677322198706,0.000021184088067848298,0.000020227275032234642,0.00002040228158925548,0.000011154237280911559,0.00003185449190698842,0.000021258755440908788,5.497031729488106e-6,8.529639794259192e-6,0.00002582928701054383,0.000018551719066842324,0.000026754768655704883
0.000018297592353740485,0.00003026839699951753,4.807733207546108e-6,-0.00003310060560943307,-1.7185723886399217e-6,-5.015062961664352e-6,0.000043067251673530106,9.201055145047812e-6,0.00001375632820591865,8.991052094577208e-6,5.370736720662497e-6,8.350135963446083e-6,8.646501400057063e-6,-3.7416613843876563e-6,-0.000011424902869849725,-0.000025504336218932244,0.000015035459166488398,0.000011204528832538295,-2.7091363308155643e-6,-0.00003102468176997519,8.869503751212201e-6,-7.014449885497612e-6,0.000012829448106584227,-0.00006160321149756749,3.4257042113829345e-7,-1.988109924930949e-7,-0.000020915981226244203,-2.76656250309513e-6,0.00003406100058959065,-8.750564699246093e-6,-0.00002940652758746481,-5.0967537870365616e-6,-0.00001571649917612985,3.5433321474417474e-6,-0.00003237050854917984,-0.000015677021805186972,-0.000012222387151224903,-0.000011387906833787637,4.805900053669279e-6,-0.000025273821243951743,1.8768057727499153e-6,-0.000012735205387184064,9.517500747894322e-6,-6.546701272373326e-6,0.000014352444470487682,-0.00001741231234636295,-3.7902380632240676e-6,-0.00001099669771634479,-4.449276419858451e-6,0.0000156380403873161,1.5357279874640084e-6,1.433090322845018e-6,8.640134604045743e-6,-0.00005242072113723261,-6.5797902798116575e-6,-0.00004032341896527823,0.000058849717335611584,0.000016217313361154788,0.000013583004914600294,0.00001219293229728475,-2.952240771297258e-6,-4.066566701881607e-6,-9.402189881069885e-7,0.000011371156761498117,6.2548243090534205e-6,9.591294857476099e-7,-0.00003094570546217882,-4.885578927454129e-6,5.877005582243479e-6,6.5144494216037366e-6,0.000013874105398742292,-2.003099972812302e-6,-2.1709637188444367e-6,0.000010388582187906992,-8.83739416260086e-6,-0.000012995763858653322,-0.000016734641695361757,-0.00002569815766424359,-2.2270473776398625e-6,-1.4335831507841054e-7,-0.00004641294976989263,9.480346260828123e-6,-0.00002098274209096595,-2.646881773022081e-6,-0.000014939323785751449,0.00002302583490473521,-0.00002375073127797717,0.000011431868561091433,3.7150210968367757e-6,3.608054457437747e-6,2.935851169065211e-6,-5.773533602852446e-6,0.000014112349508053599,3.613793564813292e-6,-0.000012153650052568388,-7.934236855613157e-6,8.765901476797085e-6,9.29659117072254e-7,9.59300606957442e-6
-4.440409333121155e-6,7.326404624385012e-6,-0.000019022596188635188,-0.00005799982880935631,-0.000026128845564171088,-0.000028469072647710257,0.000022712989743745615,-0.000014262982432412338,-9.702551745764512e-6,-0.0000140829381348702,-0.000016878909638976963,-0.000014616135932142262,-0.000014226587093126134,-0.000026537142736233494,-0.00003476987985497664,-0.0000483519563441635,-8.022155929170961e-6,-0.000011723312189827866,-0.00002674409310278917,-0.00005318184356153285,-0.000014004069896702807,-0.000030682905449403174,-9.88580490955298e-6,-0.00008449556865620957,-0.00002345216566666201,-0.00002425538733759227,-0.000045837173947375216,-0.000025977486286319577,0.000011969971631732662,-0.00003268529391806743,-0.000052720719886821565,-0.000028507689988408362,-0.00003980828652170629,-0.000019477055914348306,-0.000056379732642126325,-0.00003894430483645903,-0.00003542174991623937,-0.000034778157692782475,-0.000018458474807444154,-0.000050425557548963005,-0.00002194176379280277,-0.00003706738145577078,-0.000014312528998428373,-0.000031078417338886976,-9.585569945857803e-6,-0.00004181748812021601,-0.000026490588046936712,-0.00003500272296780181,-0.00002844451677931602,-7.05508796271632e-6,-0.000021777134402190337,-0.000021791372363324625,-0.000014331772121505628,-0.00007585077269673394,-0.000029583826462390706,-0.00006381237637837984,0.000036372994792706025,-6.466924635592024e-6,-9.630246938577302e-6,-0.000011152148716973075,-0.000026711760136849094,-0.00002897463522439586,-0.000023722844829604922,-0.000011725491929038019,-0.00001688094862341403,-0.000021714396047505957,-0.000055260993847596975,-0.00002748637786708723,-0.000017484800085685384,-0.000016426785748981673,-9.461090184680124e-6,-0.000025804442555407308,-0.00002565009854139414,-0.000013231404342662137,-0.00003214374415412976,-0.000036248660923484665,-0.00003928291209150157,-0.00005090632567501058,-0.000025633878490967525,-0.000023266740897859452,-0.0000700328319593141,-0.000015763235360205468,-0.00004543071773583471,-0.000025341447095909916,-0.00003823482620807552,7.021997365334119e-8,-0.000047618849691524853,-0.000011662350896952387,-0.000019656216286247504,-0.00001905328842996035,-0.000020787537425692676,-0.00002897690203110259,-9.482773779966748e-6,-0.000020211452575318442,-0.000036370428760821056,-0.000030802930548581,-0.000014308557538182152,-0.0000230253500516571,-0.000013529280007864096
-0.000031231190306608816,-0.000020430808399768397,-0.00004775263653909986,-0.00008727148684874162,-0.000054976572745315764,-0.0000558963368298405,-3.0257335838575718e-6,-0.000042022133255744016,-0.000038290171263483966,-0.00004104259695020772,-0.0000435053780572852,-0.00004178923376552883,-0.000041305453342069876,-0.000053704318220783816,-0.00006248745433763124,-0.00007566303289979961,-0.00003537633904843051,-0.000038945552605793604,-0.000054671918379062575,-0.00007889003489722245,-0.0000408495911226014,-0.00005821866787696637,-0.0000370294373964504,-0.00011242645959414677,-0.00005167709386818201,-0.000052261074464708955,-0.00007647582419979481,-0.00005370232404238847,-0.000015005853122710943,-0.00006114308259464286,-0.0000809400479384057,-0.00005667445565401393,-0.00006837694987169866,-0.00004692586430777546,-0.00008393432094056836,-0.00006668579655721993,-0.00006339443385142913,-0.0000622237617063444,-0.00004595354555682931,-0.00008009882622396903,-0.000049464474932201035,-0.00006509081515597091,-0.00004245716970568789,-0.00005985119894491032,-0.000038764050087491965,-0.0000710429005256876,-0.000053524166628908064,-0.00006318303136131447,-0.000057127943224185894,-0.00003411554942734332,-0.00004931667472211864,-0.0000494196970837241,-0.000041629437303124014,-0.00010350168876078727,-0.00005723218158293995,-0.00009101679743486761,9.195939063248497e-6,-0.0000337024916836179,-0.00003713502734828636,-0.00003909652095550645,-0.000054663772696463476,-0.00005818448081465266,-0.00005029650326701555,-0.00003938100398489781,-0.00004441289948644286,-0.000049081487272199654,-0.00008459071852227415,-0.00005477625946164446,-0.00004534876036892767,-0.0000438072409290905,-0.0000372965443071149,-0.00005410636248604146,-0.00005350354851439384,-0.00004091645194501709,-0.00005978105126894718,-0.00006387666370535453,-0.00006668600682911725,-0.00008081213401097857,-0.00005342604887346056,-0.00005114654724853873,-0.00009794077867759552,-0.00004522572780450556,-0.00007404465789005615,-0.000052796319699243106,-0.0000663651211535643,-0.00002745232497145844,-0.00007577929628119646,-0.00003891900908228393,-0.00004704339247779458,-0.00004596054853463178,-0.00004900048301252047,-0.000056595387163451604,-0.00003731612038106548,-0.00004847304765224091,-0.00006506104401496322,-0.000058521735847057696,-0.00004180816137617613,-0.00005132985101758077,-0.00004090936439608077
-0.00005504157670159849,-0.00004484170967001739,-0.00007371748241730971,-0.00011314838066486436,-0.00008083479147254783,-0.00008046163178593223,-0.00002849249320492604,-0.00006665821326820934,-0.00006404497011976555,-0.00006477460599320298,-0.000067021415962186,-0.00006595828556962121,-0.00006543136443602432,-0.00007796125855731183,-0.00008763515277432226,-0.00009986485108302422,-0.000059532553166593374,-0.00006323635114521165,-0.00007934298956896563,-0.00010160345188667713,-0.00006451668828921053,-0.00008302323132767633,-0.00006131979654659904,-0.0001383499299093108,-0.00007694249979201764,-0.00007684811078175697,-0.00010484667218238193,-0.00007853269913801464,-0.000039507091919128104,-0.00008719624502861834,-0.00010635672522126813,-0.00008185392407534104,-0.00009374294289726653,-0.00007167162032747186,-0.00010803162249258672,-0.00009144161875512242,-0.00008896815616995202,-0.00008630755562851736,-0.00007026986389011393,-0.00010621990612512064,-0.00007398108945963627,-0.00008959499650132836,-0.00006711825017286545,-0.0000856802469845222,-0.00006521154645945207,-0.0000976178589176555,-0.00007734172761090652,-0.00008804023702178727,-0.00008307664822006432,-0.00005814988955587623,-0.00007369655152061941,-0.00007409962797227445,-0.000065939244035323,-0.00012872199815854637,-0.00008161281524234972,-0.00011519393776223818,-0.00001576668223663718,-0.000058052804725608164,-0.0000615532065827747,-0.00006398562880288199,-0.00007936355326676937,-0.00008442177078092091,-0.0000737369020654156,-0.000064147836427071,-0.00006905828953628671,-0.00007392805420268187,-0.0001110395366106256,-0.00007917705503336689,-0.00007029955845090812,-0.00006819266563563609,-0.00006226752338450813,-0.00007924199741850588,-0.00007836459795274633,-0.00006549819521762336,-0.00008461366693271305,-0.0000884995298234123,-0.00009185319841094044,-0.00010785817127514853,-0.00007818359446589741,-0.00007651021764222657,-0.00012262492380086206,-0.00007119376344465723,-0.00009955161969890933,-0.00007768284280821191,-0.0000919718313319342,-0.00005181884790873446,-0.00010102038691047129,-0.00006318815090075992,-0.00007136818350118187,-0.0000698897420492698,-0.00007488930773579359,-0.0000808158067034366,-0.00006166002541586906,-0.00007374793969506889,-0.0000904729441339693,-0.00008372617529764798,-0.0000664488751511573,-0.00007687582577275742,-0.0000647848566382091
-0.00007263197625015,-0.00006241178982944697,-0.00009365307457050756,-0.0001327295557129381,-0.0001004920352488289,-0.000099162255238966,-0.00004943502713222171,-0.00008498020344642357,-0.00008315173547263015,-0.0000824207245772617,-0.00008456939584378689,-0.00008380687052458839,-0.00008339861501773019,-0.00009612340994175769,-0.0001072303938080366,-0.00011756628662303135,-0.00007721687560010176,-0.00008155438538780507,-0.00009770442668834221,-0.00011870731159737683,-0.00008199342313746376,-0.00010239799444072709,-0.00007936255250186539,-0.00015996111923459152,-0.00009611629263917206,-0.00009476343361496017,-0.00012719897270894998,-0.00009726104430230072,-0.00005812208371764152,-0.00010764901651243549,-0.00012602001610227104,-0.00010022770565759478,-0.00011303802153632837,-0.00009087918655534834,-0.00012650962049629125,-0.00011037245328551812,-0.0001089125877929889,-0.00010427038061614699,-0.00008863933832100793,-0.00012580640749383008,-0.00009287513573083614,-0.00010872431661671739,-0.00008523047573720092,-0.00010573321063560129,-0.00008509047317625537,-0.00011758731377075016,-0.00009483845998939671,-0.00010696592927165462,-0.00010282974636964217,-0.00007602011842102808,-0.00009184741568753633,-0.00009328285018268779,-0.00008410067961366321,-0.0001477549027757849,-0.0000999882092043644,-0.00013424670832210917,-0.000034941045041521365,-0.00007636344389607005,-0.00007946848367685451,-0.00008242961601260209,-0.00009756564626153767,-0.00010505667894866335,-0.00009158099656378097,-0.00008267925137092554,-0.00008788240131133672,-0.00009292842672362458,-0.00013133258265678681,-0.00009706930946360053,-0.00008911653324697646,-0.00008636611240270847,-0.00008104136673167766,-0.00009831605513013441,-0.00009760949594673147,-0.00008381828568038846,-0.00010395032783038947,-0.00010675127996037293,-0.00011162376971109842,-0.00012871040830604303,-0.00009689166555143164,-0.00009582344090065524,-0.0001412954735614386,-0.00009052434573798188,-0.00011921854359204494,-0.0000965085869632455,-0.00011219136313356686,-0.00006968641801184088,-0.00012004135385328395,-0.00008119851190795955,-0.00008955694297399,-0.00008751989173343875,-0.00009505494103528237,-0.0000985417168381672,-0.00007937811438859366,-0.0000925735480970383,-0.00010929860556883604,-0.000103038485010391,-0.00008497930337208682,-0.0000964157331758148,-0.00008191113557856036
-0.00008578845652930728,-0.00007495412885518167,-0.00010933812199608392,-0.00014817279358329903,-0.0001160422699838321,-0.00011329521845567311,-0.00006705222222382958,-0.00009884283707273204,-0.00009763423668023092,-0.00009549053145228617,-0.00009824475763067521,-0.00009703709881482194,-0.00009669716202374182,-0.00011000284894471042,-0.00012283114303389447,-0.00013130705340221445,-0.00009018425886803312,-0.00009566419890479614,-0.0001117219873015131,-0.0001327013331536205,-0.00009469264559752564,-0.00011740687288910149,-0.00009281148580261778,-0.00017938134658099128,-0.00011108318682337694,-0.00010780296447066351,-0.0001445899658611953,-0.00011149064914094455,-0.0000725661878148395,-0.00012277521737519018,-0.00014177331414677848,-0.00011363346726403828,-0.00012848261140228649,-0.00010670569729997419,-0.0001413436958024734,-0.0001257998249591777,-0.00012421781295848954,-0.0001182450480593247,-0.00010305218242141932,-0.00014110223840032695,-0.00010772003667845767,-0.0001257651221562979,-0.00009920269258807915,-0.00012188356478597503,-0.00010046505671394767,-0.0001328115484270728,-0.0001080381661610188,-0.00012216299146288948,-0.00011825143880727441,-0.00008958271879255416,-0.00010653895957246518,-0.00010887341768821596,-0.00009785473647668458,-0.00016286451335379196,-0.0001149258047903038,-0.00014933088547945547,-0.000050336345231264915,-0.00008991623709949246,-0.0000926901804760047,-0.00009631211948484993,-0.0001108874755967912,-0.00012196161407068386,-0.00010618019134331775,-0.00009670921499112063,-0.00010276211168747614,-0.00010736409496502424,-0.00014777368431427053,-0.00011083894114183573,-0.00010372754514102899,-0.0001002822985102148,-0.00009571124821491361,-0.00011307639373472176,-0.00011324715527257,-0.00009795800418932975,-0.00011933859643890147,-0.00012053631611495881,-0.0001275226018845751,-0.0001450716077541945,-0.00011129233573318055,-0.00011058604841928304,-0.00015585920682256642,-0.00010563481854803774,-0.00013483680804798719,-0.00011138904155879106,-0.00012863565211592746,-0.00008302482296280081,-0.00013459950446746574,-0.00009451848626986422,-0.00010346186910189373,-0.00010123519861795938,-0.00011055484827200318,-0.000111755847777134,-0.00009304138575252529,-0.00010702751451639434,-0.00012410673639425243,-0.00011791485545428759,-0.00009922160483642178,-0.00011122485456073373,-0.0000954096408493352
-0.00010727597421767454,-0.00009559223879567726,-0.000132912186905821,-0.0001722485556841497,-0.0001403098380622893,-0.00013584702611479482,-0.00009330855502469333,-0.00012106373305768624,-0.00012036042233444779,-0.0001172784832950865,-0.00012072620165017854,-0.00011852573180068264,-0.00011809530764201641,-0.000132277180506981,-0.00014652871253733403,-0.00015441421250778035,-0.00011134083622874757,-0.00011820663434653552,-0.0001341254154504523,-0.00015647743513697102,-0.00011563424485825722,-0.00014019304500800572,-0.0001144040366744421,-0.00020927524918198543,-0.0001346434595196026,-0.00012926424025064569,-0.0001680131332162928,-0.00013424456771208448,-0.00009510691302811902,-0.00014534038251341096,-0.00016598244534701638,-0.0001350783694965723,-0.00015228162034124543,-0.0001314104213273636,-0.00016406373699018122,-0.0001500140953112391,-0.0001473877137084148,-0.00014100665786136087,-0.0001261851465444292,-0.00016490098702732405,-0.00013098154015198197,-0.00015191811855824408,-0.00012166684920888944,-0.0001462033673198634,-0.00012461686605700286,-0.0001571374943424969,-0.0001300137104028536,-0.00014576847374439577,-0.00014149661954634862,-0.00011130867626578153,-0.00013041673043212703,-0.00013352804666947755,-0.00012014809001951405,-0.000185999371338235,-0.000139349042699939,-0.00017267943044456928,-0.00007482930223720244,-0.00011188963170498013,-0.00011406677466196427,-0.00011853307016316674,-0.00013207436677451913,-0.00014759275244743362,-0.00012980138308907319,-0.00011878926890321579,-0.00012614587579549565,-0.0001295891379652288,-0.00017375667209307047,-0.0001336990004655168,-0.00012678668909810504,-0.00012267322125450117,-0.00011901147110702693,-0.00013565752138413635,-0.0001377663835165996,-0.00012054735363000456,-0.00014318582811844095,-0.000142595047073065,-0.00015183882268232662,-0.00016922207656431813,-0.000133851699603012,-0.00013355678071386056,-0.00017921774287604417,-0.0001282901471787827,-0.0001584553458991008,-0.00013490180693497437,-0.00015349416054086056,-0.0001044294520939578,-0.0001579785271063492,-0.00011635005222285097,-0.00012637153189383503,-0.00012374593423645017,-0.00013323353431659207,-0.00013341769485178065,-0.0001147010550344253,-0.00013017851696327004,-0.00014752061632144394,-0.0001407361268753192,-0.00012196907141936479,-0.00013396809895613524,-0.00011834584636368963
-0.0001395907615483889,-0.00012684581348178082,-0.00016710030875032015,-0.00020806788949467113,-0.00017475815907891395,-0.0001698559592122345,-0.0001294454677453802,-0.0001542804160205491,-0.00015380451616538767,-0.00015058398643252679,-0.00015430122947047723,-0.00015071154484526633,-0.00014990797786750432,-0.0001651186627882869,-0.0001806402593593667,-0.00018968769585862323,-0.00014337336072905527,-0.00015151506897800795,-0.00016708247787535364,-0.0001921684793610727,-0.00014789204092645355,-0.00017342677248686914,-0.00014660833889840966,-0.0002505261152068493,-0.00016879832483896118,-0.0001616712933291995,-0.00020047456087399408,-0.0001680049254677534,-0.0001281168519179804,-0.0001795113545765132,-0.00020061611381335336,-0.00016751549929696572,-0.0001864386479887107,-0.00016727517187557105,-0.00019708387087072118,-0.00018445606253555575,-0.0001815371919532843,-0.00017502884719790133,-0.0001601733781640681,-0.00019950257789179217,-0.00016541790545215055,-0.00018930454132105295,-0.00015474642318985605,-0.00018074831871175273,-0.00015970828443396807,-0.00019281827085369053,-0.00016325117230823593,-0.00018007208713046035,-0.00017466331454929983,-0.00014363903394879564,-0.0001649722948404577,-0.00016904491093973982,-0.00015322895390844127,-0.0002189857822542566,-0.0001750894986438251,-0.00020735128770089895,-0.00011032257416128229,-0.0001448630779977589,-0.00014630705073572853,-0.00015165148569263627,-0.00016391933807944655,-0.00018406679907751413,-0.00016368338810415832,-0.0001514286076670566,-0.00016002130880685874,-0.000162109175140477,-0.0002110633705659069,-0.0001678683202854619,-0.00016046960939996538,-0.00015563182892573674,-0.00015344785430827202,-0.00016827074928062912,-0.0001732924328727843,-0.0001538612917790994,-0.00017789797638880558,-0.00017547023880872876,-0.0001869604126998126,-0.00020412116126922305,-0.00016689607204160687,-0.00016710987443808596,-0.0002139129831528121,-0.00016112604326277508,-0.00019318436919681017,-0.00016852800227284972,-0.00018906698439884173,-0.00013647779349647545,-0.00019395011648110514,-0.0001496288089210714,-0.00016088586870460726,-0.0001568746169628931,-0.00016566386897721815,-0.00016574438651835948,-0.0001463556183114742,-0.0001639287430390071,-0.00018184850143969583,-0.0001739624150932174,-0.00015542627702895984,-0.00016734802732070754,-0.0001522301867126317
-0.0001834599646148883,-0.00016956511210212272,-0.00021293454653634541,-0.0002574821386518066,-0.00021991982474109378,-0.00021606670723397435,-0.00017569136683973357,-0.0001991289065484102,-0.00019839768681710423,-0.00019565196858484308,-0.0001991416831998719,-0.00019443630708844908,-0.00019288237805078817,-0.00020899830210097716,-0.00022639697558802808,-0.0002380060235850217,-0.0001872189685309427,-0.0001965707803482909,-0.00021136802369701378,-0.0002411340093856605,-0.00019224106693158037,-0.00021811303066499412,-0.00019035247438903565,-0.00030239671647813097,-0.00021395027064802447,-0.00020581676871158153,-0.0002447284729786998,-0.00021369454627653616,-0.00017252169322916152,-0.00022679138878957525,-0.0002466177446543179,-0.00021175253121742113,-0.00023177173266507154,-0.00021517013136005032,-0.00024146520189328877,-0.00023003243680059406,-0.00022761685191470093,-0.0002208443218710099,-0.00020529031339638969,-0.00024585463433239433,-0.0002118662132251814,-0.0002380471262798947,-0.00019901826619808893,-0.00022676257724734572,-0.00020569807302909417,-0.00023985601606850253,-0.00020809855566815668,-0.00022590569214446778,-0.0002191321418209424,-0.00018757294822905468,-0.00021103524235344782,-0.0002159376172896235,-0.00019759627301757225,-0.00026376202266005836,-0.0002214174907475105,-0.0002539853150560051,-0.00015770022501986904,-0.000189665307579796,-0.00019031834485898434,-0.00019604433084634688,-0.00020746288942748872,-0.00023221635811049887,-0.00020835845016076794,-0.00019557593876818702,-0.00020493613417069145,-0.00020594749231738635,-0.0002591373221261496,-0.00021426478470347408,-0.00020544873373286104,-0.00019946386502437086,-0.00019979087926996625,-0.00021216354840511957,-0.00022082304252768914,-0.00019827292762642103,-0.00022344064921998364,-0.00022025867478308176,-0.00023322951844053405,-0.0002507030749773784,-0.00021136327599522684,-0.00021237881463663795,-0.00026022595895412726,-0.00020580270901138768,-0.00024037928170787056,-0.0002128570679177913,-0.00023497828736769713,-0.00018000354241127549,-0.00024383690498856658,-0.00019473397009181324,-0.00020761157590389086,-0.0002011373689812191,-0.0002096610604847854,-0.00020929366381422423,-0.00018915374814235493,-0.00020876390601057127,-0.00022761347713297182,-0.00021842670520183218,-0.00020032966682541375,-0.00021263115771196327,-0.00019723379278649016
-0.0002401034244178131,-0.00022522721863310128,-0.00027126235743160957,-0.0003196117328772997,-0.00027712351726449913,-0.00027542749392586317,-0.0002345320951146358,-0.00025711971979991183,-0.00025574566394880646,-0.0002537826704933573,-0.0002564376322461157,-0.0002508300599023077,-0.00024851387379581875,-0.00026545577619460913,-0.0002856598802352083,-0.0003004127389427547,-0.00024392838093805465,-0.00025454355453465645,-0.00026838418619295795,-0.00030427316297379665,-0.000249492163000686,-0.0002757858004554969,-0.0002467260305573304,-0.0003639186783234067,-0.00027130574063833805,-0.00026323319200234293,-0.0003020035128470332,-0.00027228391998004593,-0.0002297085979492831,-0.000288085105487671,-0.00030511835153182443,-0.00026877873967684935,-0.00029015602977636564,-0.00027646874315778865,-0.0002990673625422771,-0.0002883553758181626,-0.00028678304836218815,-0.00027997054971510806,-0.000262847554150273,-0.00030417824489209423,-0.00027112913417477334,-0.0002990472149048008,-0.00025585724058801876,-0.0002846081044619543,-0.00026466895425058336,-0.0002988854515248088,-0.0002658522383194406,-0.0002842251709341921,-0.0002769724015905567,-0.0002442523350224056,-0.00026987923728655797,-0.00027589529725876693,-0.00025440560208902585,-0.0003221143724592057,-0.00027949026892783564,-0.00031329534243054757,-0.0002178006692516886,-0.00024724866732621413,-0.0002468849437008242,-0.00025297136960858923,-0.0002635809878464547,-0.00029326123073681237,-0.0002654031507716512,-0.00025244512385773474,-0.0002622632260708756,-0.0002623925961811691,-0.00031896365789414543,-0.000274519085867413,-0.00026310553036059173,-0.0002554203635341636,-0.00025881305510268965,-0.00026927867968689956,-0.00028179406644606814,-0.00025519806623471356,-0.0002812790974065651,-0.0002782056290346391,-0.00029237147815037686,-0.0003096735424109365,-0.0002686239018985471,-0.00027114607627475745,-0.0003190211194069306,-0.00026392746472075836,-0.0003009731019455174,-0.0002701832753949451,-0.00029191460606358625,-0.00023609709474848401,-0.00030835226563895616,-0.0002524880824403593,-0.00026713827183815224,-0.00025835739431835907,-0.00026676301533712214,-0.00026563221165313254,-0.00024541962787151826,-0.0002661288248119606,-0.00028639035124531704,-0.0002764038581044884,-0.00025825302521736184,-0.00027118034057945726,-0.00025416257451088813
-0.00031033974575279944,-0.00029465081204168675,-0.000343178428523109,-0.00039548973121433394,-0.0003478950156745338,-0.0003480071962781858,-0.0003067388499400658,-0.0003290434849467067,-0.00032718084116448935,-0.00032658804178583634,-0.0003266950470972223,-0.00032045611079268866,-0.00031788736271306107,-0.00033566391823239804,-0.00035959514188445936,-0.0003770520607939484,-0.00031430110470007696,-0.00032621901183956984,-0.00033971502289758913,-0.0003823183665672677,-0.0003198739102341187,-0.00034793290590326594,-0.00031647834733051854,-0.00043731032367486534,-0.00034229585394139215,-0.0003352919384008437,-0.00037262442684218486,-0.00034417617769091723,-0.00030037205242630226,-0.00036464038227390443,-0.00037647444208645584,-0.00033966538829060405,-0.0003630554051881867,-0.00035233703983201744,-0.00037063460070220066,-0.00036063226143690516,-0.0003600533055471674,-0.00035355593101396235,-0.00033400919530636133,-0.0003744709124131764,-0.0003440113862773277,-0.00037308949090935186,-0.00032651394156443136,-0.00035502636188732646,-0.00033813061121251795,-0.0003715706746651978,-0.0003377687071553359,-0.00035619479606058485,-0.0003496814509176589,-0.0003146272146714179,-0.00034335864605208514,-0.0003499930351077865,-0.00032456636245088125,-0.00039490730885378543,-0.000350741106303029,-0.000385994929849588,-0.00029111964892363244,-0.0003179570514686296,-0.00031650890499871026,-0.0003235720150301834,-0.00033285459779219123,-0.00036811316861825406,-0.00033652027785098905,-0.0003228083890623063,-0.0003333874775687132,-0.0003323507713955321,-0.00039164729454350814,-0.0003487846428526489,-0.000334094519704831,-0.0003247357191110813,-0.0003312878119674772,-0.0003407371089521774,-0.0003571176081823229,-0.00032662292266591626,-0.00035319468194161595,-0.00035059586828562893,-0.00036603377595883775,-0.00038266542372657983,-0.00033960537282959726,-0.00034415957248560636,-0.0003914654366153681,-0.00033668439683696386,-0.00037485435574990044,-0.0003418997958393829,-0.00036122618527647035,-0.00030626391283070694,-0.00038858139049200704,-0.00032362392462724786,-0.00034006092289846836,-0.0003299266279804387,-0.00033842471016631826,-0.00033598203673041414,-0.0003154186120314069,-0.00033699930820151145,-0.0003592825327293855,-0.0003488386603395959,-0.00033146291006358025,-0.000343950731188513,-0.0003241816604200183
-0.00039650077319104584,-0.0003811911728582843,-0.00043175290105496657,-0.0004889143769148297,-0.00043486122622580484,-0.0004367345106219303,-0.00039371139774706644,-0.00041745831485652,-0.00041468650014817076,-0.00041612154988251667,-0.00041364057336894743,-0.0004059721413152424,-0.00040364958773198175,-0.00042216127544468794,-0.0004505867153486137,-0.0004701215681438327,-0.0004010060073742929,-0.00041416301078214536,-0.0004287682406440401,-0.00047866151312387116,-0.00040644323956048705,-0.0004372346450598445,-0.00040256462018007467,-0.0005241822509911498,-0.00042952907947252925,-0.00042466037559126934,-0.0004602708216778988,-0.00043214188602197186,-0.0003871006304348413,-0.00045817803691707124,-0.00046355219508616017,-0.00042661064130887917,-0.0004525794140166233,-0.0004459048262400357,-0.0004587702180082,-0.00044927001971622083,-0.00044991609811513263,-0.0004428630685031171,-0.0004214729720707331,-0.00045989806692838355,-0.0004328502057263818,-0.00046493377079645927,-0.00041353451597200337,-0.00044122002968745376,-0.0004277626608762991,-0.00046082957774268545,-0.00042581690549157135,-0.00044467238070220664,-0.00043938294529561304,-0.00040152733035916374,-0.00043380579204743404,-0.0004405599336315165,-0.00041055411212234427,-0.0004849661899847587,-0.0004381253987033255,-0.00047515959227192254,-0.0003795411544391955,-0.0004046715879989013,-0.0004024309176711764,-0.0004103543149371519,-0.000418563612949842,-0.00045993808358328543,-0.00042414004597267455,-0.0004089578102504149,-0.0004209858751207441,-0.0004189254288911979,-0.00048048771984443,-0.00043904456829627406,-0.0004207456444902043,-0.00040993891197085104,-0.0004198889932059065,-0.0004287922483937694,-0.00044894827660544884,-0.00041527502865530306,-0.0004412775339802266,-0.0004394413434733043,-0.00045664163819309145,-0.00047213795415745755,-0.000426787565140014,-0.00043377847446849206,-0.00048073975830614595,-0.00042663019385650794,-0.0004641103313452704,-0.00042988891800628244,-0.00044535400151572333,-0.0003930054653341801,-0.0004891671967995866,-0.0004110359699533968,-0.0004287085723267759,-0.0004183261798473136,-0.0004266583830803763,-0.00042268894639156776,-0.00040166781876526737,-0.00042338252445172525,-0.00044901512898643637,-0.00043752677239431445,-0.000421187017736746,-0.00043321843053253126,-0.0004100927633263413
-0.0005090310735704455,-0.0004944118437444645,-0.0005464911276391874,-0.0006097934199348401,-0.0005476493422334285,-0.000552020585077955,-0.0005067620724722179,-0.0005321289263383874,-0.0005278206470542387,-0.0005319168097549513,-0.0005275341066083114,-0.0005178743702264736,-0.0005159071523292586,-0.0005351017255062717,-0.000568346222870673,-0.000591109879506114,-0.0005143515388370493,-0.0005284847632690008,-0.0005452563330132394,-0.0006032424052810387,-0.0005198918017435112,-0.0005534280915567133,-0.0005147057203500619,-0.000637727833726982,-0.0005428289573619048,-0.0005407417444321156,-0.000575739766167606,-0.0005465428152158755,-0.000500397175391462,-0.0005780750162295309,-0.0005766769683304726,-0.00053980545281322,-0.0005677744488933378,-0.0005668636150202896,-0.0005737750861371262,-0.0005642348273754962,-0.0005671262118832746,-0.000555998043421274,-0.0005344957413926177,-0.0005726504317998027,-0.0005469512039259334,-0.0005850948293027267,-0.0005268910535769535,-0.0005533549106697326,-0.0005443210695960023,-0.000577019885112687,-0.0005394898684285468,-0.0005597996378125954,-0.0005554928503347049,-0.0005149582670923318,-0.0005507108282581531,-0.0005580269340121219,-0.0005225763411258398,-0.0006012399619684144,-0.0005513344807902457,-0.0005917253389083573,-0.0004936496421003975,-0.0005180664180662681,-0.0005150840597123129,-0.0005232131117016154,-0.000531491345054141,-0.0005786447470679207,-0.0005383336544823004,-0.0005211782287670108,-0.0005347953811314879,-0.0005321887897865703,-0.0005955399086233105,-0.0005558297068518096,-0.000533361529438858,-0.0005213607343967339,-0.0005348393006919727,-0.0005435841097185378,-0.0005674100993543181,-0.0005304314731087074,-0.0005553098396111173,-0.000554171185714553,-0.0005738840234915969,-0.0005879605071251881,-0.0005403839542554465,-0.0005500245690436617,-0.0005963782154963801,-0.0005433071313517008,-0.0005796601531236848,-0.0005439358395687572,-0.0005547289809679091,-0.0005064464182123097,-0.0006227746743064777,-0.0005254238734665226,-0.0005437785141508151,-0.0005334020938918652,-0.0005406197453400969,-0.0005353490019576143,-0.0005149726606067032,-0.0005359482053478863,-0.0005655851190384165,-0.0005525825558754737,-0.0005360296938031609,-0.0005484580452567396,-0.000522155845971557
-0.0006664212870647521,-0.0006519891168479399,-0.0007052552747012423,-0.0007776995279512365,-0.0007050201347485577,-0.0007126051805803758,-0.0006639144993446723,-0.0006916409595166171,-0.0006852795534775968,-0.0006926303516772941,-0.0006864638150476753,-0.0006745197685430332,-0.0006724600687909806,-0.0006930562960648391,-0.0007303846147911357,-0.0007583774186797529,-0.0006725913877004132,-0.0006873733211934295,-0.000706520727056772,-0.000772715094532023,-0.0006778610249303035,-0.0007140303878506308,-0.0006711449354215735,-0.0007986695818569305,-0.0007008175948759476,-0.0007014023625924106,-0.0007369787411352149,-0.0007061269902624896,-0.0006588262528646528,-0.0007415086209298336,-0.0007341462968449525,-0.0006978908917920636,-0.0007274472742611205,-0.000732863204645351,-0.0007332066673767478,-0.0007242393395097633,-0.0007303036858392498,-0.0007131987316395791,-0.0006910935692490135,-0.0007312447298589131,-0.000704937106825453,-0.0007503140726671423,-0.0006845995658233813,-0.0007098945427436095,-0.000706451023605718,-0.0007390198815939155,-0.000697409676426229,-0.0007200683447299687,-0.0007163300029405387,-0.0006728331614766594,-0.0007117590942704386,-0.0007211697497505681,-0.0006792934376922428,-0.0007615012114410967,-0.00070969002125656,-0.000752379015947674,-0.0006527779613978538,-0.000676901178021749,-0.0006724916554387392,-0.0006806538238777618,-0.000689488758854335,-0.0007423257289925974,-0.0006964896520272712,-0.0006785784678024733,-0.0006912667095057372,-0.0006897927121968343,-0.0007548445195290562,-0.0007173463705265578,-0.0006907925883365482,-0.000677258993228073,-0.0006946695251389657,-0.000703559555183789,-0.000729250452315659,-0.0006894248209971422,-0.000713536970771635,-0.0007130619529422389,-0.0007353115208700933,-0.0007483367917320975,-0.0006985637487935718,-0.0007107860046223224,-0.0007564340955690725,-0.0007049955591283232,-0.0007395943798361301,-0.000702649617283865,-0.0007084145884968058,-0.000664368366241407,-0.0008080265312815362,-0.0006842127811409605,-0.0007047512367202596,-0.0006930613213770125,-0.0006986976598405405,-0.000692061330758187,-0.0006731764448784375,-0.0006938063296632513,-0.0007264867209019657,-0.0007123160310984298,-0.0006960338763225518,-0.0007078494485199549,-0.0006785525054930629
-0.0009021711796618233,-0.0008873679278966081,-0.0009421460675381572,-0.0010244819248170056,-0.0009407924547773017,-0.0009524694413426466,-0.000898682128774037,-0.0009296397390733068,-0.0009220184865890851,-0.0009321217147511637,-0.0009241092632783301,-0.0009097337972920239,-0.0009068970155983393,-0.0009293462642217306,-0.0009696505704475207,-0.0010055100125231386,-0.0009088104198673409,-0.0009242769624818149,-0.0009454277456745783,-0.0010188814447965422,-0.0009139376584958937,-0.0009522677489399359,-0.0009055460821173303,-0.001040368897979475,-0.0009372285185080046,-0.0009403102370100966,-0.000977005955236436,-0.0009441135812906928,-0.0008954230031511059,-0.0009826669424658906,-0.0009701439434084483,-0.0009344514616563438,-0.0009657279802081033,-0.0009775783439159038,-0.0009704739460224014,-0.0009638055207219376,-0.0009733796885941029,-0.0009489146610518805,-0.0009260661685415454,-0.0009690753767709312,-0.0009414936550783846,-0.0009928165589132734,-0.0009200512016170398,-0.00094503368383349,-0.0009475877891099245,-0.000981044669681759,-0.0009341261635909203,-0.0009596568506991062,-0.000955799866285782,-0.0009089729335215958,-0.0009512314134515493,-0.0009629654477550816,-0.0009145995158991367,-0.0010004002955737482,-0.0009475633654086081,-0.000990029394225152,-0.00088982068731592,-0.0009148026603072415,-0.0009078474072314876,-0.0009163915131894639,-0.00092636470230439,-0.0009856059512123416,-0.0009328296954384412,-0.0009147981257934563,-0.0009257431300083096,-0.000925170198043646,-0.0009930591978500026,-0.0009565671417112535,-0.0009265829673248689,-0.0009113393503925007,-0.0009332611795417475,-0.0009418582957468182,-0.0009679582295703378,-0.0009256234289934537,-0.0009497802119418403,-0.0009502593716311754,-0.000974603205230312,-0.000985573295432406,-0.0009346984776525964,-0.000949647287395078,-0.0009958451455697203,-0.000944575395604954,-0.0009774728103196274,-0.0009402286995473317,-0.0009404272550333288,-0.0009000158484101829,-0.0010759653114712714,-0.0009203066564394484,-0.0009448766120927916,-0.0009309091717850025,-0.000935384698148964,-0.0009269114020164633,-0.0009092864712048093,-0.0009309289419909075,-0.0009648710053109799,-0.0009506005680455748,-0.0009346314510026666,-0.0009451169009301332,-0.0009129841177856376
-0.0012860791141359167,-0.0012702205919597812,-0.001327212422178708,-0.0014200176326401143,-0.001325789647794201,-0.001340494825799155,-0.0012831390926705132,-0.001316136699168443,-0.001307575978829195,-0.0013207037214913737,-0.0013104410156921768,-0.0012937151861708753,-0.0012891929956768658,-0.0013139381321399433,-0.0013566775827846818,-0.0014017637699218193,-0.0012927403426633067,-0.0013091408227568692,-0.0013313138851404418,-0.0014135177393458614,-0.0012983974206647723,-0.0013393396841283245,-0.0012881419918681037,-0.0014322114659880863,-0.0013220483186701488,-0.001326990675068261,-0.0013653902934988409,-0.0013296133989779426,-0.0012794933535440608,-0.0013733461580786078,-0.001354790040740734,-0.0013186326001489823,-0.0013517200083598612,-0.0013717424981218198,-0.0013566842567460631,-0.0013514423818990766,-0.0013658126247803682,-0.0013330458776262656,-0.0013097042878465971,-0.0013555282919847753,-0.0013269047292743565,-0.0013839017199129586,-0.0013034582829541952,-0.001329210705060536,-0.0013375461716246535,-0.0013718799698870755,-0.0013200302649104493,-0.0013489493687607805,-0.001343359586265133,-0.001293579137442562,-0.0013389128399240694,-0.001351854069485083,-0.0012984472372395777,-0.0013885919607669178,-0.001335854385918061,-0.0013763783995191232,-0.0012741568203970374,-0.0013004218406633163,-0.0012910879051846093,-0.0013002803260471717,-0.0013126260394503457,-0.0013787319678063635,-0.0013179820718501303,-0.001299736151021919,-0.001309570942304798,-0.0013085858770200617,-0.0013800529429131574,-0.0013428970593932707,-0.0013102209956557427,-0.0012936105854015605,-0.0013202078980052666,-0.0013278527778433184,-0.0013560616040163933,-0.0013096643834248688,-0.0013342214608300798,-0.0013354291679043635,-0.0013622603186779253,-0.0013700180008267343,-0.0013189897532646865,-0.001336292034489023,-0.0013843536628727426,-0.001331696738194548,-0.0013646481406657737,-0.001326111776813991,-0.0013216987160343352,-0.0012833446029774567,-0.0014887014496600501,-0.001303933311171999,-0.0013327429371596295,-0.001316746149895985,-0.0013199380729629457,-0.0013098745290981721,-0.0012919890111163894,-0.0013167629206457998,-0.001350880145036602,-0.0013374971548508275,-0.0013215383186417412,-0.001329231992413909,-0.0012962986377645465
-0.0019743744326635713,-0.0019584226031234483,-0.0020172752881281327,-0.0021215049762388755,-0.0020166547447838324,-0.0020331857539059007,-0.0019759256528423083,-0.002007437274989324,-0.001997189983896801,-0.002015455580155788,-0.002001536057548692,-0.001983199468767525,-0.001976235327338035,-0.002003391985006109,-0.002048282777773135,-0.0021000163500030427,-0.0019811896392639954,-0.001999309251876113,-0.002020473528645079,-0.002111868431852915,-0.0019884587349804144,-0.0020322502948426774,-0.0019763155741539173,-0.002127840677630637,-0.002011995344043687,-0.0020185148213282163,-0.0020593861534024217,-0.0020193792409309466,-0.001967578601143212,-0.002071393030712598,-0.0020433709053494665,-0.0020063670739304765,-0.0020408959480542393,-0.0020692844329025517,-0.0020481002924603213,-0.002042804702496281,-0.002063704807009269,-0.0020231298657694963,-0.0019979581768084075,-0.00204649890444898,-0.002017614813652059,-0.002079396788185559,-0.0019918284107693827,-0.0020188380209120557,-0.002032663925648939,-0.002067364163046518,-0.0020116021403392874,-0.002042753957608627,-0.002035112865531475,-0.0019831086982472234,-0.0020310253547209693,-0.0020430372479547858,-0.0019877852127473733,-0.002081624519372275,-0.002029481305239874,-0.0020687691782460492,-0.0019631189117845153,-0.0019906358676823207,-0.0019786896662670785,-0.0019895076787334372,-0.0020043626642346985,-0.0020772854489792296,-0.0020080968889434774,-0.0019899301541919457,-0.0019988876573007013,-0.001997411463751521,-0.002072750467485769,-0.002033295327435571,-0.0019982270758207867,-0.0019806246942580515,-0.0020115339022321,-0.0020176735112320044,-0.0020513228301865683,-0.00199808876816403,-0.0020238659897363273,-0.002025416744394628,-0.0020551879424798546,-0.0020590533455711437,-0.002008586335778732,-0.0020268474889586965,-0.0020778500039850146,-0.002023231474172304,-0.0020584793695745075,-0.0020160504826956453,-0.0020094107209042327,-0.0019710207423514867,-0.002200575990630084,-0.0019926516540141994,-0.002024622731463893,-0.002007015841546467,-0.0020085697618630336,-0.0019978173757857712,-0.0019794592733010435,-0.0020071142330214363,-0.0020405990546799972,-0.0020298332422966723,-0.0020138869926242756,-0.002017294030289707,-0.001985670498399088
-0.003330120294637838,-0.0033161757813228616,-0.0033755873407226664,-0.003488906379197949,-0.003375336716784554,-0.0033929272978503048,-0.0033385850874019882,-0.003366188922461855,-0.0033535197232633664,-0.003378116572738798,-0.003358664570730505,-0.0033411403438389116,-0.0033311297485582965,-0.003360827578877612,-0.0034074942412288356,-0.0034631795198754147,-0.003337272991393742,-0.0033570557609814253,-0.003376606637738709,-0.0034738719932940042,-0.0033465257830687187,-0.0033923029812175207,-0.0033328914296661275,-0.0034896850764628206,-0.0033696211344417166,-0.003377237015964012,-0.003421770991222518,-0.003376798579213469,-0.0033230653732783484,-0.0034393571605822013,-0.0033993561682399663,-0.003360962755120647,-0.003395754484866467,-0.0034327842005500153,-0.00340653152121685,-0.003401324310524333,-0.0034304214416971397,-0.003382910144709237,-0.0033530394889015732,-0.0034042606336899418,-0.0033760770425470587,-0.0034433785241838382,-0.0033480878839249515,-0.003376915625910933,-0.003396853010222767,-0.0034312658357696663,-0.003370989935597561,-0.003402294575964136,-0.0033936369952395785,-0.003340080340292457,-0.0033894098110432633,-0.003401784050865585,-0.0033452853964679287,-0.0034426201385637694,-0.0033900822583727164,-0.003429465915118671,-0.0033192405674468094,-0.003348899484838842,-0.003334051985645919,-0.0033469356344549873,-0.0033628474900629967,-0.0034421176426362617,-0.0033657366319492185,-0.0033480193114151947,-0.0033567027338264254,-0.003354529951489736,-0.003434288902801755,-0.0033913163781069374,-0.003353846032976385,-0.0033352028207976206,-0.003370145871967256,-0.0033741012963636845,-0.0034152702034195314,-0.003354382899727482,-0.0033817068735192404,-0.0033837075667695242,-0.003416379863110543,-0.00341602445726291,-0.0033654911988453455,-0.0033839550832190867,-0.0034398327911283858,-0.0033819683199142543,-0.0034199661479138855,-0.003372925942565175,-0.0033660321888905375,-0.0033260401420962425,-0.003580263666545469,-0.003349379860507001,-0.0033839157490407517,-0.003364932204145265,-0.003364125419731257,-0.0033537531888531507,-0.0033364400769981166,-0.003364362367663437,-0.003398281076162682,-0.003389555808661379,-0.0033752183409338585,-0.0033728734582180488,-0.0033422142364467377
-0.0065278395650363264,-0.0065165617996227505,-0.006576157347227613,-0.006694244506867978,-0.006575315893172525,-0.006593476304985949,-0.006543193316299238,-0.006566570145672205,-0.006552384561880854,-0.006581155014563382,-0.0065572807459281235,-0.006540875466536344,-0.006528688952194094,-0.0065603240891988915,-0.00660859876636806,-0.0066694823822163575,-0.006535955348731226,-0.006556830445168486,-0.006575598003406836,-0.006674698988900853,-0.006545647691075513,-0.0065934196565219875,-0.006531490007037849,-0.006693208989416803,-0.006568488951150125,-0.006577440698533578,-0.006626224922320345,-0.006576419444668047,-0.006520644180170097,-0.006648982856820852,-0.006599041286278071,-0.006558265556572084,-0.00659219773437931,-0.006639095196263012,-0.006604368475926789,-0.006601744920054043,-0.006638825555738656,-0.006585259845096787,-0.006549328935072102,-0.006603498533982613,-0.006576807654961175,-0.0066482005255329435,-0.006546207419110534,-0.006577698281345613,-0.0066043370255882295,-0.006637362970596935,-0.006571738297719866,-0.006602160204026037,-0.0065932194896129205,-0.006538955952141142,-0.006587883709261037,-0.006603058742463213,-0.0065449343027731855,-0.006645089947878973,-0.00659329837402816,-0.006630889645390988,-0.006517260934205753,-0.006549942201827816,-0.006531969744037816,-0.006546533771294792,-0.0065629204651061045,-0.006648823157084807,-0.006564891871313291,-0.006548197572641518,-0.006556128744097649,-0.006555133299544253,-0.006638337138294334,-0.0065917940558704695,-0.006552084531586792,-0.006531917970047598,-0.006570838925529701,-0.006572792512061097,-0.006621170094713937,-0.006552709851523687,-0.006581934635858475,-0.00658481895556989,-0.00662058795973223,-0.0066156075850574425,-0.006564191202052391,-0.006583293078303517,-0.006644734232107416,-0.006582055806259022,-0.0066218431557730235,-0.006571918528303464,-0.0065651835502201356,-0.00652314302166185,-0.006799444977846937,-0.0065488293174790595,-0.0065844756128341985,-0.006564426921804636,-0.006561260545928394,-0.006551894148489585,-0.006537136972473771,-0.006564429454600276,-0.006598466956062662,-0.006589987574342898,-0.006579985601986008,-0.006570122619582123,-0.006539658211348904
-0.017038067757438144,-0.017028356953634603,-0.017088261684550854,-0.01720962217216712,-0.017087042781308567,-0.01710603423719643,-0.017056682234280692,-0.01707865470935215,-0.017063265804412406,-0.01709403587778493,-0.017067794754188535,-0.017051538217525038,-0.017038682852320047,-0.01707055620808369,-0.017121309175544733,-0.017187524007297394,-0.01704650814198855,-0.017068762106301053,-0.017087483094857213,-0.017189862603930187,-0.01705581016701023,-0.017105152826911562,-0.017041688615580183,-0.017209441055826204,-0.01707835722842648,-0.017089435984306123,-0.017141839199322353,-0.017088390819226362,-0.01703096188391085,-0.01716487742261944,-0.017111601075727442,-0.017068312775387957,-0.0171002903484686,-0.017158538944198866,-0.01711245682728076,-0.017112977688138173,-0.017156107049510122,-0.01709667096352667,-0.017057998871743887,-0.01711376047108167,-0.01708980351392582,-0.017163161761916325,-0.01705609076951784,-0.017089989671823194,-0.017125175870446954,-0.017154869360395533,-0.01708323281740245,-0.017113194093134866,-0.01710397799434002,-0.01704929471977002,-0.017097945349738086,-0.017115527166837063,-0.017056206587466247,-0.017157618501187712,-0.01710762210938359,-0.017142382428331798,-0.01702691761233501,-0.017062998699347943,-0.01704145560261451,-0.01705743128523477,-0.017074785814227528,-0.01716829470958209,-0.017075327318478828,-0.017060329310079413,-0.01706552850000676,-0.017068931481284955,-0.017152386847961863,-0.017104041792523263,-0.017062259587353412,-0.017040555482653177,-0.017082966036789923,-0.01708336861881761,-0.017137806571115237,-0.017063135170449245,-0.017094208433680737,-0.017097155169751993,-0.017136278691872488,-0.017127935888115193,-0.01707525825812261,-0.01709465161283126,-0.017160573199894905,-0.017093430202853005,-0.017135422592088473,-0.017083223752863766,-0.01707617254881764,-0.017032333821632762,-0.01733709313771218,-0.017061245159453543,-0.01709476334777889,-0.017074795988929456,-0.01707078109918718,-0.017061810042567696,-0.017048125528167927,-0.01707687069736565,-0.017110235203206654,-0.017101142183482226,-0.017096713275339355,-0.017078716742498962,-0.017049180770866486
-0.07179331365960341,-0.07178171901765626,-0.07184321282440106,-0.07196637731980887,-0.07184232592252637,-0.07186141794045044,-0.07181068781864834,-0.07183257779980978,-0.07181667240710102,-0.07184883288891919,-0.07182181248442343,-0.07180554909907891,-0.07179183529237704,-0.07182302575463294,-0.07187708923606864,-0.07194692085105431,-0.07179999978074475,-0.07182304390199104,-0.07184264739377028,-0.07195173317942406,-0.07180832239324514,-0.07185879468507655,-0.07179486189960974,-0.0719686974426953,-0.07183102502199082,-0.07184485932728799,-0.0718988111196382,-0.07184327322568258,-0.07178426756251693,-0.07191980121382818,-0.07186830509001499,-0.0718206084144705,-0.07185131697707639,-0.07192084478392674,-0.07186414421243348,-0.07186687300779152,-0.07191169050118869,-0.07184808551355579,-0.0718107721543281,-0.07186663641121957,-0.0718460478489645,-0.0719207067435164,-0.07180908417154384,-0.07184464241364066,-0.07188775503875022,-0.0719142860202601,-0.07183704302339952,-0.07186604534143833,-0.07185745723308615,-0.07180228144528435,-0.07185353676838435,-0.07186939044855414,-0.07181021717105728,-0.07191226202372658,-0.07185935468982758,-0.07189778343434308,-0.07178019183433106,-0.07181733244983307,-0.07179488620487459,-0.07181002766089692,-0.07182901253583493,-0.07192785631098665,-0.07182805650822124,-0.07181489794000542,-0.07181815483132939,-0.07182559284839674,-0.07190716077767131,-0.07185794762516062,-0.07181462830060475,-0.07179265404578741,-0.07183757264176092,-0.07183690774122485,-0.07189695198439643,-0.07181770380500538,-0.07184959662749332,-0.07185103972646194,-0.0718918620646386,-0.07188390659006721,-0.07182967733799778,-0.07184888027235878,-0.07191791782155668,-0.07184810310617801,-0.07189168983611488,-0.07183688660662582,-0.07182924688039054,-0.07178527143757882,-0.07212148369511734,-0.07181685575505847,-0.07184648371127364,-0.07182826931092617,-0.07182348164475011,-0.07181554474051859,-0.07180109308001406,-0.07183295412648882,-0.07186453899414286,-0.07185419025685241,-0.0718545663478311,-0.0718300657032141,-0.07180303011907793
