-0.0676969372628258,-0.06769770798363985,-0.06769554593523057,-0.06769147366340862,-0.06769252192935189,-0.06769621081066733,-0.06769260467927979,-0.06769987297593817,-0.0676930180212,-0.06769622240336494,-0.06769573447568354,-0.0677014737660715,-0.06769481514370458,-0.06769583093656958,-0.0676937331436523,-0.06769837328314958,-0.06769953992558425,-0.0676926714827359,-0.06768994013892637,-0.06769868561122044,-0.06769532348987767,-0.06769569502833106,-0.06769420288985357,-0.06769003007044222,-0.06769433087093663,-0.06769656289757137,-0.06768990247559559,-0.06768736389917701,-0.06769728103527463,-0.0676912066714868,-0.06769657897338946,-0.06769078909565344,-0.06769498790333475,-0.06769614031580463,-0.0676926910917347,-0.06769698119371635,-0.06769138843341135,-0.06769655710823391,-0.06770194755536682,-0.067695677613597,-0.06769530907733652,-0.06769585380070174,-0.06769641822815667,-0.06769335975060686,-0.06769244165872845,-0.06770037301900478,-0.06769470564409905,-0.06769560430611464,-0.06770074481623317,-0.0676914861150426,-0.0676961337574646,-0.06769080683894023,-0.06769874933748958,-0.06769642587822067,-0.06769519594730174,-0.06769801454506784,-0.06769535337869141,-0.067695968093696,-0.06769470008442578,-0.06769996174949246,-0.067693715722045,-0.06769349939149431,-0.06769448018262958,-0.06769332206476834,-0.06770000837978363,-0.06769751505512113,-0.06769755752830936,-0.06769490413836621,-0.06769421838830457,-0.06769886125437814,-0.06768993241425116,-0.06769549781804303,-0.06769249564298122,-0.06769416503243125,-0.06768999127180127,-0.06769773466850539,-0.06769868026073457,-0.06769725005893501,-0.06769865694341883,-0.06769455842788712,-0.06769829981975266,-0.06769028271723142,-0.06769880051579139,-0.06769391591029938,-0.06769603020016257,-0.06769333407724422,-0.06769548342770791,-0.06769430507192431,-0.06769119597407756,-0.06769160285200047,-0.06769445817079277,-0.06769680215212172,-0.06769727231122559,-0.06769230096757528,-0.06769893436460428,-0.06769188681482144,-0.0676949205323311,-0.06769249088844062,-0.06769263775381766
-0.04608859473664345,-0.04609139157445408,-0.04609094891329645,-0.04608571361100021,-0.046087180469893324,-0.046088506788860104,-0.04608729732437094,-0.046087205230585376,-0.046093767913912176,-0.04608750180825362,-0.04608818640793092,-0.046090742892082495,-0.04608707933896154,-0.046087180837104766,-0.04608958788330657,-0.046089939660846665,-0.04608644687828026,-0.046089682890579506,-0.04608710321199824,-0.046090683010083726,-0.046088326378166955,-0.04608717935424341,-0.04608936244693641,-0.04608704804211208,-0.046089177488172386,-0.04608831614393389,-0.04608558733659421,-0.04608732389329527,-0.04608833199664905,-0.04608856640149003,-0.04608758428741293,-0.04608541292752993,-0.046087044432029246,-0.0460879898168918,-0.04608897385024273,-0.04608802035781663,-0.04608806773724659,-0.0460893948795975,-0.04609009131001468,-0.04608798947111257,-0.046087254138078244,-0.046088990592155016,-0.04608842698633347,-0.046087527627041394,-0.0460868534475198,-0.04608942531948719,-0.046086205832457344,-0.04609057889861731,-0.0460912483174288,-0.046087168530637886,-0.04608981800807684,-0.046087260868753616,-0.04608893754910708,-0.0460886968828906,-0.0460891009067949,-0.04608829096192659,-0.04609084274365624,-0.04609249137510178,-0.046088081746117185,-0.04609136832388938,-0.04609077661799309,-0.04608627294198256,-0.04608751972623426,-0.046089019667036546,-0.046089944190099305,-0.04609129515516784,-0.0460903896664961,-0.04608839559834352,-0.0460866968551939,-0.04609251940002135,-0.04608709612117813,-0.046088381399770034,-0.046089602035197255,-0.04608672309725298,-0.04608691666976614,-0.04609128594920053,-0.046090633923364516,-0.046085339791039445,-0.04608739541253874,-0.04608762062734552,-0.04609277889765967,-0.046087561635284005,-0.046094564905794194,-0.04608646387153349,-0.04608900060632529,-0.04608687071596989,-0.04608779278614282,-0.046088743696428104,-0.0460861304092373,-0.0460891775771194,-0.046092924314387426,-0.04608839794823906,-0.04608975998397251,-0.04608913811803075,-0.046090264800763746,-0.04608586152212031,-0.046086887185616765,-0.046086537309925645,-0.046086427841676464
-0.008646892614645265,-0.008646996414295866,-0.008646884774314734,-0.008645432868901657,-0.008645968796664618,-0.008645609465848691,-0.00864547407289688,-0.008645758584293409,-0.008649135062982583,-0.008645083137212326,-0.00864607368760217,-0.008646842043568826,-0.008646267365223965,-0.008645580525391886,-0.008647591550194476,-0.00864751906910615,-0.008643838821699848,-0.00864726850900718,-0.008646381817432202,-0.00864820118551381,-0.008646632356852072,-0.008645823328653615,-0.008646952207520108,-0.008646243015090403,-0.008647621133894235,-0.008647013181609361,-0.008645669377809256,-0.008646960900323911,-0.008645861649997252,-0.008646486558392168,-0.00864546899330507,-0.008646170847603718,-0.008645478165698096,-0.008645822757108259,-0.008645838063927085,-0.008645750960508108,-0.008647462481534971,-0.008646627811838649,-0.008647011239856417,-0.008645999982713287,-0.008646187812396452,-0.008646176322641844,-0.008646689534284631,-0.008646476607749911,-0.008646023424008623,-0.008646568047689197,-0.008646099692316589,-0.008646839632572567,-0.008646967371713676,-0.00864603631218968,-0.00864692145943068,-0.00864698923279866,-0.008645984402931014,-0.008645781255325845,-0.008646071978697373,-0.00864505805185963,-0.00864870812647971,-0.00864840906610401,-0.008646775615641117,-0.008647022635383155,-0.008647126551983122,-0.008645995963249373,-0.008645938912210275,-0.008646376797615409,-0.008646496139347863,-0.008647309268840546,-0.008647221047900533,-0.008646264180809049,-0.008645804989217222,-0.00864587507298607,-0.008646304250834694,-0.00864742969819423,-0.00864743148243352,-0.00864479496474968,-0.008645452859395913,-0.00864772986501993,-0.008646841101826454,-0.008644496478269429,-0.008644579703646151,-0.008645805532449116,-0.008648264918933786,-0.008647083410208478,-0.008648750266866862,-0.008645635786807208,-0.008646404515827006,-0.00864629436312687,-0.008645555034406583,-0.008646626747014685,-0.008646366723548987,-0.008645828265554493,-0.008648542201130986,-0.008646732265366937,-0.008647119746646554,-0.008646534452154412,-0.008647026570223693,-0.00864626322809076,-0.008646139425612032,-0.00864627591884411,-0.008645396041969523
-0.0025178102589171994,-0.002517200964677525,-0.002517378543907195,-0.0025169160237111035,-0.002517000709714239,-0.00251684583027158,-0.002516629492121669,-0.002517414497881184,-0.002518237829398264,-0.002516692684552662,-0.0025173273757445997,-0.002517522369563524,-0.0025175757990961115,-0.002516841956368583,-0.00251824276001602,-0.0025177982326160184,-0.002516162656487475,-0.0025175399237897253,-0.0025171380022507347,-0.0025185134777007557,-0.0025174746883451843,-0.002516762258392435,-0.0025180040124362325,-0.0025178324812150966,-0.0025187203926702343,-0.002517992921497695,-0.002517293051190513,-0.0025183547050600654,-0.00251704336714627,-0.0025176454934896135,-0.0025165301857339555,-0.0025176088010373816,-0.0025171548016419314,-0.0025171025586201603,-0.002517239971880399,-0.002517300323092165,-0.0025178338694212205,-0.0025174595230405836,-0.0025179155975025855,-0.0025175408243055444,-0.002517299462651449,-0.002516469814630113,-0.0025173159393914388,-0.002517492667530431,-0.002517304829472337,-0.002517711912601484,-0.0025173496289992185,-0.002517129120574912,-0.0025175495762031212,-0.0025171922925193687,-0.002517294052915859,-0.002518099315905343,-0.002517190024644498,-0.0025167305748746965,-0.0025171419502952874,-0.0025159987824888066,-0.0025185867616615864,-0.002518682439759129,-0.002517593756496024,-0.0025172037526108204,-0.002517204456286635,-0.002517632794792105,-0.0025171881126192846,-0.002517467775347471,-0.00251701140040261,-0.0025177193737308196,-0.0025176946658260384,-0.002517560449094113,-0.0025176424228535573,-0.0025168508727335848,-0.002517538488743995,-0.002518586313893658,-0.0025180859673664888,-0.0025164105185484552,-0.002516665369488586,-0.0025177367118707334,-0.002517174245251913,-0.0025168977023009792,-0.0025159887251230287,-0.0025171292324218464,-0.0025177111876391323,-0.002517826056099643,-0.002518305433996817,-0.002516964748068008,-0.002517320482591401,-0.002517413782216144,-0.002517056142599945,-0.0025175712861952248,-0.00251760698234772,-0.0025170641900672877,-0.0025182124418630797,-0.002517482603757086,-0.002518070284803855,-0.0025175266210139885,-0.002517603606579182,-0.0025176308378755275,-0.002517024201805136,-0.002517767860969429,-0.0025170952603779124
-0.001024327644098716,-0.0010236687412376582,-0.001023945636827293,-0.0010237927649722933,-0.001023760574866894,-0.0010239855548529906,-0.0010235101082765625,-0.0010241947690998203,-0.0010241621374588662,-0.0010237194072093762,-0.0010239347868237355,-0.0010239521982145687,-0.001024136866521835,-0.00102373588157272,-0.0010244802190843491,-0.0010242909283888697,-0.0010236359679614872,-0.0010240419133957747,-0.001023789057319572,-0.0010247120204428927,-0.0010241127365082387,-0.0010235098931604392,-0.0010243729820662232,-0.0010244132651887326,-0.0010250190649417582,-0.001024576599753048,-0.0010241140008343886,-0.0010248470124694703,-0.001023843491978052,-0.0010243054299626285,-0.0010234866612358752,-0.0010242030892686623,-0.0010242193122115177,-0.0010238620061984297,-0.001023923367246582,-0.0010241250014344843,-0.0010242719324175477,-0.0010241293177802667,-0.0010246462842243924,-0.0010244083336095862,-0.0010237625945074675,-0.0010232633174784495,-0.0010239706949151052,-0.0010241606352137116,-0.001024153519408477,-0.0010242850329761455,-0.0010239335529563616,-0.0010236812899325721,-0.0010241707513551938,-0.0010241566195259288,-0.0010235670730423083,-0.0010245228922658217,-0.0010242489492021888,-0.0010234957725479914,-0.0010238863493414459,-0.001022925404411807,-0.0010246939825056343,-0.0010248925790308653,-0.0010240503524127243,-0.0010237366967321734,-0.00102391560940231,-0.0010243211171759377,-0.0010240575046889123,-0.0010241450857089154,-0.0010237315061394979,-0.0010243396440277042,-0.0010241994674278455,-0.0010241794218014432,-0.0010245273977424882,-0.0010237995773924244,-0.0010242543696746,-0.0010249480226263243,-0.0010245487745622292,-0.0010234333632150668,-0.001023482721710634,-0.0010242078401972768,-0.001023597718966686,-0.001023874092140083,-0.001023347690543154,-0.001023963616884796,-0.0010239862610399097,-0.0010242539228169651,-0.0010243393948394493,-0.0010237286686581078,-0.0010238495310684694,-0.0010240065356442482,-0.001023981588560016,-0.0010241850580594283,-0.0010242972736089042,-0.001023963731991242,-0.001024613983225479,-0.0010239670288197597,-0.0010246944333226595,-0.0010242487632237762,-0.0010240557617227255,-0.0010243594649191402,-0.001023659474456516,-0.0010244374160479372,-0.001023781406362084
-0.0005148858725106309,-0.0005141956059086044,-0.0005144456724167642,-0.0005144032103204283,-0.000514412107788214,-0.000514624810532188,-0.0005141960554059933,-0.0005147377288393274,-0.0005143783752994089,-0.0005143932910905585,-0.0005144369722105114,-0.0005143066176950962,-0.0005145919298180061,-0.0005143619279023997,-0.000514710140693128,-0.0005146828516126812,-0.0005145258966542897,-0.00051455213836411,-0.0005143271548897817,-0.0005148885198125999,-0.0005146198205400142,-0.000514221298386186,-0.0005148205772198161,-0.0005147510667040378,-0.0005152086844141696,-0.0005149231827355134,-0.0005146438596954023,-0.000514953268175857,-0.0005144389102045609,-0.0005147514354608813,-0.0005141516559075002,-0.0005147594149625962,-0.0005148462707808912,-0.0005144665510654878,-0.0005143887737365091,-0.0005147093632784439,-0.0005148082693627042,-0.0005146033660948957,-0.0005149822241541774,-0.0005149972325627913,-0.0005142083465752086,-0.0005139164927230404,-0.0005144398312895177,-0.0005146384862389539,-0.0005146583354536721,-0.0005147188920019046,-0.0005144733874956381,-0.0005142221538656218,-0.0005147503923612758,-0.00051479710593533,-0.0005141014337499258,-0.0005148202448434336,-0.0005148885306993068,-0.0005142102823033807,-0.0005144177767592581,-0.0005137557514622512,-0.0005148841383569114,-0.0005150809106145814,-0.0005144902146986835,-0.0005141521906535183,-0.0005144904570707218,-0.0005147774541734249,-0.0005146091917944814,-0.0005146038890523614,-0.0005144822420117769,-0.0005147869238429099,-0.000514703402608717,-0.0005146071163031594,-0.0005150120855394999,-0.0005144079532522251,-0.0005147476177952046,-0.0005151774955624879,-0.0005148091004574316,-0.0005140232998275086,-0.0005141978874578479,-0.0005146296715901227,-0.0005140737733917175,-0.0005145258121664624,-0.0005142275161616002,-0.0005146069037078968,-0.0005144529953368629,-0.0005146151872408885,-0.0005145532086644074,-0.000514320346762124,-0.0005145189323489742,-0.0005143867747762264,-0.0005145435469383743,-0.0005147337650774871,-0.0005147640123652204,-0.0005145204301986254,-0.0005150177061915542,-0.0005143864725949215,-0.0005151436978727908,-0.000514811586884981,-0.0005145393962395815,-0.0005148589571317705,-0.0005142873648534562,-0.0005148367834011368,-0.0005142621777266885
-0.0002937337499666241,-0.0002930374431508484,-0.00029321961979318514,-0.0002932123377896592,-0.00029329907197431,-0.0002933197708259417,-0.0002931188114666419,-0.00029343642556482654,-0.0002930693152774504,-0.0002932494972366284,-0.0002932054395189028,-0.0002929816228922149,-0.00029328793103994597,-0.0002932418269481206,-0.00029334537810460695,-0.0002933550625405457,-0.0002935096591393341,-0.00029329326648837864,-0.00029307018769649597,-0.000293469557182057,-0.00029338605345786533,-0.00029319769615664256,-0.0002935445127073417,-0.00029343624957310546,-0.0002937840557476707,-0.00029353118057129097,-0.00029335392722334167,-0.00029342356888385085,-0.00029323962793014976,-0.0002934501172148777,-0.00029302454604717446,-0.0002935245019239405,-0.0002935920093097941,-0.00029322690807818876,-0.0002932180810036732,-0.00029345691160630356,-0.00029358311385550547,-0.0002933900586478863,-0.0002935783849333291,-0.00029380280974259634,-0.0002929961244833519,-0.0002927833370931759,-0.0002931539977767931,-0.0002933896974493278,-0.0002934076385217939,-0.00029341909644492605,-0.00029326960774750263,-0.0002929883213221257,-0.00029353025103825834,-0.0002935790500404903,-0.0002932646384873214,-0.0002934050506273666,-0.0002936277595433879,-0.00029315296118473703,-0.00029321057974524424,-0.0002927071126490574,-0.00029351007654426493,-0.0002936676638516807,-0.00029321715442362875,-0.0002928660832014962,-0.00029330731475839993,-0.0002935298586764169,-0.0002933590407249785,-0.00029336033794043995,-0.00029339511670768963,-0.0002934895977248842,-0.00029347441188840994,-0.0002933587877059196,-0.00029368169065018674,-0.0002932075939312131,-0.00029347098843888315,-0.00029371333720221133,-0.0002933914741821068,-0.00029286782802422816,-0.00029311209884490247,-0.000293351003047053,-0.0002928739603566635,-0.0002934230074452701,-0.00029321372484212454,-0.0002934038676290636,-0.0002932754902541054,-0.00029324665461873155,-0.00029327972604299094,-0.0002931338655601653,-0.000293413350867395,-0.0002930907954824984,-0.0002932859361836445,-0.0002934653476471717,-0.0002934797081693613,-0.0002933172210012149,-0.0002936546026862085,-0.0002931248158670068,-0.0002938036328380497,-0.0002935916672667637,-0.0002933184364597126,-0.0002935817923250322,-0.00029314472268904176,-0.00029356709102849,-0.0002929949737291088
-0.0001813639430422203,-0.0001806892714447194,-0.00018077428977804157,-0.00018080317440393622,-0.00018087500958280383,-0.00018085253292615585,-0.00018080684649678813,-0.00018094516622385037,-0.00018064161996523247,-0.0001808569181784236,-0.0001807926117049569,-0.00018056562605963636,-0.00018075614192344613,-0.0001808917564356484,-0.0001808652656416288,-0.00018087705665298148,-0.00018115156837401008,-0.00018079804064236797,-0.000180656509525553,-0.00018092096735265774,-0.00018095329754147413,-0.00018093197020426725,-0.00018105705374041735,-0.00018094503794689916,-0.00018125774813675046,-0.00018097916833281308,-0.00018084860745529575,-0.00018082498870169446,-0.0001808066302647943,-0.00018095757031468316,-0.00018066551748001754,-0.00018106683777003937,-0.0001810718906633206,-0.00018072876094058632,-0.00018087152464240248,-0.00018095393371791844,-0.00018109069469048812,-0.0001809988245489957,-0.00018102345317007773,-0.00018133432696682458,-0.00018062943326362872,-0.0001804039447744693,-0.00018072067526603205,-0.00018094302739436426,-0.00018098139746043965,-0.0001809410920672749,-0.00018083818147880074,-0.0001806019956545355,-0.00018111267042682664,-0.00018110045356258128,-0.00018124265544506657,-0.00018085411035069767,-0.00018112046558937099,-0.00018082059418563585,-0.00018083245993903268,-0.00018039271527733162,-0.00018100845445397367,-0.00018110911428183038,-0.00018075624536574504,-0.00018043807715633655,-0.00018090833554192516,-0.00018106752429829971,-0.00018091537993951596,-0.00018095245883308135,-0.00018100933020853447,-0.0001809855631656267,-0.00018104709967131408,-0.0001809403363442775,-0.00018110745797087093,-0.00018078824632291704,-0.00018100594755230483,-0.00018113565068916988,-0.00018083251080654113,-0.00018053654799066128,-0.00018075429749599622,-0.0001808956635631366,-0.00018053154036612164,-0.0001810595315871232,-0.000180916857289939,-0.00018094900140075196,-0.00018087614493873078,-0.00018071630472906485,-0.00018084732667144715,-0.00018073827679195267,-0.0001810278670474399,-0.00018072885784533568,-0.00018082034278670106,-0.00018097872151197046,-0.0001809895552371857,-0.00018092184994577976,-0.00018112822938491164,-0.0001806938872122997,-0.0001812703379631067,-0.00018115645085025313,-0.0001809341644923316,-0.00018109311487717652,-0.0001807357091419077,-0.00018113262213466022,-0.00018055518897468285
-0.00011767730510862213,-0.0001171202821146492,-0.00011708805204127748,-0.00011717864343169248,-0.0001171820113608227,-0.00011716412771901432,-0.00011721071006686079,-0.00011723250271227338,-0.00011698406531536999,-0.0001172307531266251,-0.00011716699827769131,-0.00011694242278912774,-0.00011704072915460222,-0.00011726516177337864,-0.00011716935747841417,-0.0001172189356162488,-0.00011749017463127202,-0.00011709765216148777,-0.00011702720573244062,-0.00011723842784575374,-0.00011728880997006891,-0.00011735296504101944,-0.0001173516257594893,-0.0001172373848182692,-0.0001175305520827973,-0.00011724239712226208,-0.00011712307189552339,-0.00011713411531956948,-0.00011715100546175712,-0.00011727146201742677,-0.00011704424873242505,-0.00011735973750396319,-0.00011730910444383242,-0.00011702000297546372,-0.0001172610773416371,-0.00011724639412142764,-0.00011735103002700822,-0.00011734700507328337,-0.00011727854600210639,-0.00011761489736305793,-0.00011706299094645437,-0.00011680727746317128,-0.00011706592655925859,-0.00011729776501812324,-0.00011728913316413886,-0.00011724833764958275,-0.00011718142584045416,-0.00011697680223705267,-0.00011742913032537441,-0.00011734489675545004,-0.00011776400415482668,-0.00011712914816758548,-0.00011739589327242239,-0.00011722345295479304,-0.00011721747629284791,-0.00011683728395647664,-0.0001172966695533153,-0.00011734075023988435,-0.0001170875114680655,-0.00011683955465369419,-0.0001172487090077759,-0.00011731029701136982,-0.00011728100418399861,-0.0001173157822372592,-0.00011736079634559629,-0.00011728578470259908,-0.00011737603378511378,-0.00011727669460786491,-0.00011734651707072841,-0.0001171375595002243,-0.00011730696480349078,-0.00011739189089865991,-0.00011708844339134513,-0.00011697987217743437,-0.0001171326707414384,-0.0001172317594924425,-0.00011705232338064171,-0.00011741489915645869,-0.00011727870976560652,-0.00011724731696818692,-0.00011722609354858097,-0.00011698592235958515,-0.00011718386307705333,-0.00011711165372300583,-0.00011735351245684807,-0.00011713330888713044,-0.00011713784041553159,-0.00011726580052226714,-0.00011726974385089132,-0.00011727876603279301,-0.0001173930682189816,-0.00011702662255434759,-0.00011756698498730388,-0.00011746965401639224,-0.00011731496671992398,-0.00011737295161491922,-0.00011709579213278703,-0.0001174509937103546,-0.00011693751711169078
-0.00007870466446212857,-0.00007827796826578956,-0.00007810965327959103,-0.00007826404528189296,-0.00007821860416260641,-0.00007821525076369069,-0.00007830050451134438,-0.00007826287424622293,-0.00007805870235744569,-0.0000783407062056858,-0.00007823153304403177,-0.00007803696799297139,-0.00007814431038788728,-0.0000783384453442905,-0.00007824834846342282,-0.00007829891404113557,-0.00007849624289539412,-0.00007816307472312026,-0.00007817095194559282,-0.00007830570985863563,-0.00007834994162009942,-0.00007841259669769032,-0.0000783887248860103,-0.00007825599942262637,-0.00007853889300537046,-0.00007827229617237463,-0.00007812921145693732,-0.0000782236154646018,-0.00007822691611176603,-0.00007833515576211389,-0.00007812751090788712,-0.00007837657633454463,-0.00007829848455120424,-0.00007809235499621012,-0.00007835090392858545,-0.00007829321281729835,-0.00007837860968204546,-0.00007840193943163353,-0.0000783068397485131,-0.00007861523061611207,-0.00007820882507683436,-0.00007796311475859858,-0.00007815182395121416,-0.00007840587189646814,-0.00007829599675137609,-0.0000782975676367658,-0.0000782482754815476,-0.00007807639277070228,-0.00007842421182339035,-0.00007833553055561074,-0.00007879759632814256,-0.00007817237909943717,-0.00007842065140613915,-0.00007832976513911488,-0.0000783131473468522,-0.000078005751270344,-0.00007833012756146241,-0.00007832835911541114,-0.00007816907909839673,-0.00007799737284630429,-0.0000783159962568736,-0.00007828859108935871,-0.00007835333879426985,-0.00007842047694977766,-0.0000784385032196792,-0.00007833065648369566,-0.00007843296110224783,-0.00007833803933723331,-0.00007837021456871227,-0.00007819973814482439,-0.00007834916688076273,-0.0000783922508416985,-0.00007813194125062201,-0.00007814387709408788,-0.00007825338349462332,-0.00007829392613586364,-0.0000783251398882229,-0.00007847120780486857,-0.0000783411579382209,-0.0000782825606863537,-0.00007828170885817559,-0.0000780359286917191,-0.00007824391111890493,-0.00007819648211064928,-0.00007838093584264144,-0.00007823609930921266,-0.00007821408599020853,-0.00007830156000680915,-0.00007829969967671642,-0.00007833252685024645,-0.00007838843357780369,-0.00007808930039323437,-0.00007860154997919175,-0.00007848961566445179,-0.00007838700439811568,-0.00007839572594575355,-0.00007817925385741604,-0.00007848328079212112,-0.00007808021774429628
-0.000054122614259897905,-0.00005376218411430678,-0.00005353505095520968,-0.000053721491304361055,-0.00005364721362643411,-0.00005368104811607065,-0.00005375540255502678,-0.00005370999523512078,-0.00005348846787207414,-0.00005382259928528023,-0.00005365341893961261,-0.00005350250372053972,-0.00005368430606493911,-0.00005378026655930095,-0.000053747108961606325,-0.000053752967585944645,-0.00005386401877140988,-0.00005363591490903061,-0.00005370118176890675,-0.00005379345740976228,-0.000053793550247281887,-0.00005383836747306771,-0.00005382807987805188,-0.00005366458821546702,-0.000053945350885739084,-0.000053723402705094,-0.000053542463398763294,-0.00005371195598518214,-0.00005369064358743494,-0.000053778647360138205,-0.00005358869626437938,-0.00005379551857750216,-0.00005371378112270651,-0.000053561724728401814,-0.000053810716163255104,-0.0000537210384338969,-0.00005382234067804906,-0.000053831180688926664,-0.00005374303504058132,-0.00005400130921031035,-0.00005369586185908748,-0.00005350928842414364,-0.000053642619704265496,-0.000053901114298119734,-0.00005368615262353546,-0.00005375837252448829,-0.00005370207360141292,-0.00005357557223487235,-0.00005384712482945469,-0.00005375463490962981,-0.00005410708530672187,-0.00005362724353949476,-0.00005383518965212314,-0.00005381254520127788,-0.000053781001664434384,-0.00005354058259295399,-0.00005377466155031369,-0.0000537076988178368,-0.000053645614215358146,-0.000053521110691105795,-0.00005377305717037743,-0.00005366648345638806,-0.00005378205127790428,-0.00005391229467889827,-0.00005388059844663447,-0.000053773619224542825,-0.00005388294134950347,-0.000053799347317576945,-0.00005377499512874581,-0.00005364943642798808,-0.000053785033717558924,-0.000053785117630830296,-0.00005357828402941633,-0.00005366713853591549,-0.00005375360330478589,-0.00005373917662925681,-0.00005393706355839187,-0.000053883717043892455,-0.00005374976560108023,-0.000053730476085046646,-0.00005372723033229784,-0.00005347784495211151,-0.00005369259671234833,-0.00005366146983375984,-0.00005378609865007592,-0.00005368851301642945,-0.000053683861205761314,-0.00005375006897704755,-0.000053732196135803894,-0.00005377178646850302,-0.00005377752262285954,-0.00005354808797613526,-0.000054013861172921954,-0.00005389923946949449,-0.00005382442420541815,-0.00005382169768018601,-0.00005366179416427416,-0.00005389150357864222,-0.000053612609273484435
-0.00003799082689930571,-0.00003768956134294302,-0.000037453388547900135,-0.000037657038861003115,-0.00003758139517374025,-0.000037622139465142885,-0.000037679158830199125,-0.000037657413306493924,-0.00003739248588707181,-0.00003777012604024221,-0.000037569814419883575,-0.00003742308762728639,-0.00003768957999485746,-0.00003768583439147062,-0.00003773669626842076,-0.00003769680209616578,-0.00003772373926081011,-0.00003762035916339387,-0.00003766005094750799,-0.00003775162939271198,-0.00003771027387714174,-0.000037745122615974244,-0.00003774787755701027,-0.00003756721326357102,-0.00003784448412002989,-0.000037668606486120994,-0.00003747154984642167,-0.000037663929097897645,-0.00003762997244497665,-0.00003771062560996458,-0.000037553190464588746,-0.000037699523328338204,-0.00003763976562882471,-0.000037535364522850014,-0.00003774697868680851,-0.0000376372769620307,-0.000037740447587375245,-0.000037744733693301504,-0.00003766457154441368,-0.000037880883135781406,-0.00003762853542216226,-0.00003751163624107439,-0.000037594037680054436,-0.000037867760993003633,-0.0000375657727306785,-0.00003769937790288709,-0.000037628572362261034,-0.000037538091116706105,-0.00003775353158211188,-0.0000376728696983834,-0.00003794686186697944,-0.00003757013850923836,-0.00003774514390954849,-0.00003776328311791423,-0.000037720641799548,-0.000037539906915813316,-0.00003769687294537572,-0.00003758266569242468,-0.00003760194554335498,-0.00003748731974073757,-0.00003771872781490972,-0.000037560180212536896,-0.00003769296559252397,-0.00003784072438116214,-0.00003778769692473592,-0.000037725000008519704,-0.00003780818038324011,-0.00003774697160364637,-0.00003766241161992606,-0.00003758160534652559,-0.0000376995978865792,-0.00003768075015567813,-0.0000375102389706732,-0.00003763878618960748,-0.00003771826548910438,-0.000037659846056231455,-0.000037964148087170094,-0.00003777505363931909,-0.00003757000925820436,-0.000037671646544057407,-0.00003766123176390863,-0.000037439906234330205,-0.00003759514693938261,-0.0000376008178791926,-0.000037677578813504395,-0.00003760699019703805,-0.000037623248756072106,-0.0000376783514986294,-0.00003766813251922764,-0.00003769374478096257,-0.000037671763992203884,-0.000037499575712285504,-0.00003792444080875614,-0.00003779475810479411,-0.00003774377219541362,-0.00003773811210085121,-0.00003762308318452303,-0.000037776530841981706,-0.00003761143424516126
-0.00002687107805346047,-0.000026664924131084822,-0.00002640063989613478,-0.000026629271515216413,-0.00002657383090199367,-0.000026598750356236657,-0.00002663453643427384,-0.000026641946372750014,-0.000026371426488797917,-0.000026736106163515766,-0.000026556518287445745,-0.0000263826057036234,-0.00002668422771552673,-0.000026628596402862307,-0.000026761271133564585,-0.000026681838052901277,-0.000026645133970458946,-0.000026632553032459462,-0.000026626206117160705,-0.000026726817705393666,-0.000026667930233128002,-0.000026685445910937846,-0.000026696182538749995,-0.000026523496707332542,-0.000026787196588768254,-0.000026644685222616283,-0.00002645408259303042,-0.00002662745487550949,-0.000026596092339747852,-0.000026692871606139763,-0.00002656129327138922,-0.000026640597201582615,-0.000026606390587855966,-0.000026566564291402264,-0.000026708443103438804,-0.000026604865960105623,-0.000026670656869053488,-0.000026695273923337037,-0.000026626997549105452,-0.000026813601231910563,-0.00002655102858288953,-0.000026530662390627037,-0.000026559339227272433,-0.000026832678597121986,-0.00002649637717793721,-0.00002667755198564973,-0.000026580778905366847,-0.00002654896460060375,-0.000026711518960867066,-0.00002663583366987206,-0.000026812475673471437,-0.000026544279112873102,-0.000026715012026747356,-0.000026730206106126913,-0.00002669262996369347,-0.00002653756301609812,-0.000026657647379086264,-0.00002653752073425337,-0.000026590546618414196,-0.00002647527060839283,-0.00002670868763699776,-0.000026510117476653692,-0.000026661346089288268,-0.00002678065397957802,-0.00002672339450323384,-0.000026723488267652735,-0.00002676511971702517,-0.000026725213871814992,-0.000026608431980946267,-0.000026556418269212256,-0.000026664565933423836,-0.000026628981394340803,-0.000026494610381288218,-0.0000266450015718037,-0.000026706433047808934,-0.00002661887677918213,-0.000026951645398565178,-0.000026713773855560598,-0.000026440133432656272,-0.000026643481652606168,-0.00002663124996697168,-0.000026459827136767246,-0.000026473457353931523,-0.000026567779665530794,-0.00002662956796143394,-0.00002654577260952674,-0.000026601351787671765,-0.000026643682128177025,-0.000026659991463412892,-0.000026656525199756152,-0.000026616272977480688,-0.000026495725288146114,-0.000026890015945244055,-0.00002673003174293502,-0.00002671061920991693,-0.000026701787482980162,-0.000026614863165933636,-0.000026694164206263162,-0.00002662253584366822
-0.000019070582821808934,-0.000018965911471696044,-0.000018668119012873407,-0.000018903218762525576,-0.000018850073638462557,-0.00001889999457377695,-0.00001890727880551842,-0.000018934021464873416,-0.000018687002403078048,-0.000018997114324888208,-0.000018875856793225796,-0.000018679538505672795,-0.000018953932953940495,-0.00001889373625061366,-0.000019083620796654324,-0.000018974811718800037,-0.000018911314705591287,-0.000018931578484070425,-0.000018896134702142002,-0.000018971876479692574,-0.00001894183410073818,-0.00001894711429428736,-0.0000189578084256108,-0.000018796795671469467,-0.00001904126609498344,-0.000018921676703916268,-0.000018745283382119966,-0.00001888409949035086,-0.000018873329655612544,-0.000018962222702957664,-0.00001885843815473228,-0.00001889079819139759,-0.000018864050540439863,-0.00001888214175868321,-0.000018971030004731042,-0.00001889425470019088,-0.00001890739882942537,-0.00001896047496773771,-0.000018891039662190598,-0.00001906004904454877,-0.0000187580290240438,-0.00001884250398443835,-0.000018832346780313207,-0.0000190799072194583,-0.000018770663504566856,-0.000018961028754355915,-0.00001884765448324033,-0.000018864256252617806,-0.000018965479323499598,-0.000018909028664874868,-0.00001901988686167444,-0.0000188193484278638,-0.000018986038708381424,-0.000018989465591161542,-0.000018960043945137332,-0.00001882326127529779,-0.00001893258251574666,-0.000018845796051250946,-0.000018882595298521283,-0.000018760942212094722,-0.000018974757023890573,-0.00001879297574932275,-0.000018957952189885572,-0.000019045754077065457,-0.000018967617043463965,-0.000019019153228207756,-0.00001903415884809771,-0.00001898908599884155,-0.000018878643816627158,-0.00001883880848055409,-0.000018946079116237593,-0.000018894465935401497,-0.00001878566757476356,-0.000018952934141543704,-0.00001900151880089509,-0.000018896510295626444,-0.000019218954120082164,-0.000018960128867050906,-0.000018672000441877732,-0.00001892423930266863,-0.000018908994745072998,-0.000018771082385575877,-0.000018640701526957074,-0.000018846528911298543,-0.000018892367068271742,-0.000018787047422563863,-0.000018886733595948353,-0.000018922644665988892,-0.000018958761638242415,-0.000018934249198756254,-0.000018878070785217387,-0.00001879371627638121,-0.00001917108813519017,-0.000018977043408907123,-0.000018986240514537544,-0.000018974683419014253,-0.000018915709403900848,-0.000018926708945620137,-0.000018907671530532503
-0.000013654929835158558,-0.000013643693058784595,-0.000013319273899982514,-0.000013535145921976534,-0.000013466040328889231,-0.000013562750175479722,-0.00001354990329884292,-0.00001358360352722626,-0.000013354033931070814,-0.000013616007565771526,-0.00001356124313168102,-0.00001336448381304775,-0.000013586521008000643,-0.000013533710180307954,-0.000013751587082327367,-0.000013630058588920448,-0.00001355398673599694,-0.000013583527259667788,-0.000013554385650060903,-0.000013566349939252389,-0.000013578025163757225,-0.000013594398124158663,-0.00001359518470621455,-0.00001344741660807282,-0.0000136727902415724,-0.000013563957990190836,-0.000013390026735558283,-0.000013505429122892104,-0.000013522989138235698,-0.000013590862742630951,-0.000013503542786122652,-0.000013516657268702481,-0.000013489812343930644,-0.000013543819735127128,-0.000013593002613036574,-0.00001355579336878109,-0.000013511004513097415,-0.000013604330921813974,-0.000013511060199790345,-0.000013687667918340512,-0.000013353854010806142,-0.000013512423180635958,-0.00001347608648206871,-0.000013693989516363856,-0.000013429386361266591,-0.000013616555330347946,-0.000013492454121431678,-0.000013525748996224644,-0.000013575908885286624,-0.000013552155685483685,-0.000013645860390075469,-0.000013465200287494584,-0.000013610030917393276,-0.000013608940347914208,-0.000013589296299308963,-0.000013459148026820183,-0.00001357239793200725,-0.000013525641118763754,-0.000013522119592897238,-0.000013418455463426962,-0.00001357061236715438,-0.000013460430370369022,-0.000013619771421290991,-0.000013685545249303294,-0.000013581108132769412,-0.00001368523630640365,-0.000013687830699087113,-0.00001361113345005499,-0.000013512311746247271,-0.000013475991770181556,-0.000013600298979327032,-0.000013537908746103098,-0.000013444472755647396,-0.000013608458086057931,-0.000013646553083409422,-0.00001353201863379412,-0.000013827872471990496,-0.00001357957201782371,-0.0000132777169830327,-0.000013572239502626183,-0.000013548360629600624,-0.000013415371922784087,-0.000013184395240714161,-0.000013497349072435579,-0.000013525709584552383,-0.000013404991313050011,-0.000013527494464258173,-0.000013571794437613878,-0.000013608616910696232,-0.000013575881332616104,-0.000013516411654736426,-0.000013459264241721126,-0.000013801291051546947,-0.000013590708393868864,-0.000013627898635669853,-0.000013604663033648046,-0.000013577253283527875,-0.000013546764467817478,-0.000013548062678134472
-9.904687896786702e-6,-9.96389748154523e-6,-9.65829981870943e-6,-9.829973207443951e-6,-9.754591214303474e-6,-9.877916974940536e-6,-9.862331191119129e-6,-9.89415985157333e-6,-9.669410097699172e-6,-9.897580705200503e-6,-9.91064884488779e-6,-9.70364652981684e-6,-9.921802840491474e-6,-9.843229235960235e-6,-0.000010070111993698881,-9.943312927573935e-6,-9.854142968172061e-6,-9.899310296997867e-6,-9.88858910098557e-6,-9.835394809074695e-6,-9.877780145787375e-6,-9.905959878518757e-6,-9.904032444234238e-6,-9.767500687634917e-6,-9.975303346239622e-6,-9.87036552081062e-6,-9.682957619722756e-6,-9.807114832508006e-6,-9.831401183153648e-6,-9.888785610927077e-6,-9.821845383013106e-6,-9.815713259645469e-6,-9.789792741000984e-6,-9.855662777906884e-6,-9.876044857534017e-6,-9.893490088538814e-6,-9.787194098981011e-6,-9.910818607320832e-6,-9.805754004279339e-6,-9.992616639228688e-6,-9.63761671019375e-6,-9.834688088499874e-6,-9.792476351474684e-6,-9.976596324330262e-6,-9.74897552287748e-6,-9.944139086628626e-6,-9.804084151213773e-6,-9.840731968008287e-6,-9.850324718982306e-6,-9.862711909541624e-6,-9.952531500351284e-6,-9.783542673892844e-6,-9.90715005135312e-6,-9.894807075444569e-6,-9.883887696097598e-6,-9.749883965070847e-6,-9.876805554333674e-6,-9.852466438030869e-6,-9.81871942019107e-6,-9.759511122906489e-6,-9.818857120718086e-6,-9.788254378950536e-6,-9.936522578809306e-6,-9.994604479473852e-6,-9.863302488417584e-6,-0.000010023591686166978,-0.00001001721613720382,-9.904166816850813e-6,-9.803518907206535e-6,-9.777773748421955e-6,-9.928146373843946e-6,-9.870774658635983e-6,-9.76615110210888e-6,-9.929637482993059e-6,-9.952104531536217e-6,-9.824813321853086e-6,-0.000010101948264297082,-9.881369777999102e-6,-9.557887112176314e-6,-9.88489300751291e-6,-9.84759489700588e-6,-9.721560463583215e-6,-9.393713933706827e-6,-9.809030710459892e-6,-9.831871166628928e-6,-9.700256978781484e-6,-9.832961634741671e-6,-9.890425331330601e-6,-9.912006203607468e-6,-9.8816910588134e-6,-9.831956821234195e-6,-9.795033604214592e-6,-0.000010080671059402662,-9.87311766488423e-6,-9.933947337548388e-6,-9.892539081466952e-6,-9.89281789049736e-6,-9.848659152816488e-6,-9.860650547365252e-6
-7.141719452443115e-6,-7.2531334841921985e-6,-6.978410635141243e-6,-7.1021915784149675e-6,-7.03353962793706e-6,-7.167049873270032e-6,-7.153402512372099e-6,-7.175340584123677e-6,-6.942888383476384e-6,-7.156384434498045e-6,-7.205530228632184e-6,-6.982195026742221e-6,-7.242758206431541e-6,-7.118769219485758e-6,-7.357732573163273e-6,-7.219782070328904e-6,-7.138458621547852e-6,-7.182611096626891e-6,-7.1781086670049595e-6,-7.09590274231905e-6,-7.15201867006391e-6,-7.180998051953278e-6,-7.190840153874604e-6,-7.0573666760573765e-6,-7.251927121134862e-6,-7.149876311763812e-6,-6.95335722947228e-6,-7.0846087362993815e-6,-7.1032730205098226e-6,-7.151539884961354e-6,-7.146167823236317e-6,-7.097153183334888e-6,-7.080306332837145e-6,-7.148680141685397e-6,-7.137011921341758e-6,-7.1982256357276546e-6,-7.069072577904714e-6,-7.181642444891361e-6,-7.0907484180141165e-6,-7.278197340550146e-6,-6.907544503424299e-6,-7.119771000018195e-6,-7.0821202119835044e-6,-7.235687673573873e-6,-7.040707745671767e-6,-7.233007582643635e-6,-7.0889472875800085e-6,-7.13095776579216e-6,-7.126278886298596e-6,-7.139905166314901e-6,-7.24544131403848e-6,-7.073860797523899e-6,-7.178575128748767e-6,-7.160850532356465e-6,-7.151900680397857e-6,-7.020708353178892e-6,-7.161557012607533e-6,-7.12370199293288e-6,-7.090466384709898e-6,-7.0785848142589215e-6,-7.057636804306002e-6,-7.070822453114078e-6,-7.215185536396096e-6,-7.272124355724497e-6,-7.122147382405485e-6,-7.3292216458368115e-6,-7.3001646306557016e-6,-7.156142906671255e-6,-7.073116355085633e-6,-7.0528859123971394e-6,-7.2158736245592855e-6,-7.172522024621603e-6,-7.058088865193474e-6,-7.226359955775465e-6,-7.229563353933916e-6,-7.088667983081132e-6,-7.354591914217363e-6,-7.1670369372927894e-6,-6.838421789642327e-6,-7.1680693259432724e-6,-7.123322754443051e-6,-7.028336621242327e-6,-6.621122920359941e-6,-7.089685250738066e-6,-7.110065312876121e-6,-6.971115848520863e-6,-7.110126999797165e-6,-7.190749827625816e-6,-7.175519437123714e-6,-7.162304793383415e-6,-7.128208516773206e-6,-7.1131247077790895e-6,-7.3286430550214465e-6,-7.13458881069554e-6,-7.209953320657092e-6,-7.154765567428758e-6,-7.1734694792168895e-6,-7.129578990259689e-6,-7.150383703782609e-6
-5.100300123433349e-6,-5.232941026736653e-6,-4.9860048262166114e-6,-5.064296108972621e-6,-5.020681775970445e-6,-5.138299448123914e-6,-5.127788937044048e-6,-5.140667292288503e-6,-4.901646080339644e-6,-5.113096676842394e-6,-5.1742042331583816e-6,-4.921632357369396e-6,-5.236092978226808e-6,-5.073724679942948e-6,-5.3120930778134105e-6,-5.166039615615973e-6,-5.1107144803960955e-6,-5.143787866257254e-6,-5.127622424490112e-6,-5.05309711845492e-6,-5.111529117558097e-6,-5.137930954621411e-6,-5.16358804435435e-6,-5.043857076214913e-6,-5.2127286315771076e-6,-5.110377757699267e-6,-4.916045016158973e-6,-5.044117137283095e-6,-5.0627602904827975e-6,-5.103179042244801e-6,-5.164997983365838e-6,-5.064101334659011e-6,-5.06882913457192e-6,-5.149809810888888e-6,-5.093289623499574e-6,-5.169559364825264e-6,-5.059261977192425e-6,-5.14484200437729e-6,-5.0643661224995435e-6,-5.2499914799771125e-6,-4.894296274490507e-6,-5.083296834010361e-6,-5.054144125752927e-6,-5.178442113963313e-6,-5.017729977532142e-6,-5.188535407974278e-6,-5.0681895956790135e-6,-5.097860385954193e-6,-5.129195404256098e-6,-5.101880504570633e-6,-5.230319872957127e-6,-5.047666087955945e-6,-5.13341978811738e-6,-5.12165308946205e-6,-5.1098436438905355e-6,-4.99512164594072e-6,-5.123397149278662e-6,-5.047500212931327e-6,-5.0521442215056665e-6,-5.096892515626305e-6,-4.9816200614003845e-6,-5.038122081017392e-6,-5.169560519160899e-6,-5.21140993690329e-6,-5.077047600864258e-6,-5.313642272985051e-6,-5.2563942099660706e-6,-5.0937637809441814e-6,-5.039414678856632e-6,-5.011804138636479e-6,-5.180608998390294e-6,-5.15707414298894e-6,-5.04202229343353e-6,-5.1961006294911476e-6,-5.186898356138344e-6,-5.048741326807499e-6,-5.2681699235414295e-6,-5.135364559729485e-6,-4.8562147876917715e-6,-5.136970936494017e-6,-5.086313355728635e-6,-5.026705083615879e-6,-4.573320736864062e-6,-5.061025687000786e-6,-5.07797169018299e-6,-4.927773752719193e-6,-5.072123093448712e-6,-5.165966275481445e-6,-5.117432737578392e-6,-5.13632293826451e-6,-5.114752847493084e-6,-5.118648858805045e-6,-5.287760963062315e-6,-5.086894784747498e-6,-5.1674290949615295e-6,-5.110289002606553e-6,-5.139147262840674e-6,-5.10026484521603e-6,-5.125089592254852e-6
-3.6802058198336185e-6,-3.7799836133569227e-6,-3.55397095466082e-6,-3.6028617869143263e-6,-3.594278447012622e-6,-3.6804806340889906e-6,-3.674730453701821e-6,-3.6752076084932464e-6,-3.4553466761617597e-6,-3.652683416228498e-6,-3.692323102491516e-6,-3.4360896484756066e-6,-3.7820142322416533e-6,-3.6094890557527587e-6,-3.839295059091773e-6,-3.6786320434451684e-6,-3.64779134679578e-6,-3.677983933557179e-6,-3.6399343950007446e-6,-3.598134762795785e-6,-3.647166199030756e-6,-3.665719429877606e-6,-3.7065638186854826e-6,-3.6034847360510617e-6,-3.74865319859217e-6,-3.642609549545592e-6,-3.456981925447839e-6,-3.5847877983656548e-6,-3.6018052138046188e-6,-3.64032711831874e-6,-3.742193390542092e-6,-3.595071032264734e-6,-3.6082508127440927e-6,-3.735390000734233e-6,-3.628360483907742e-6,-3.6941358708919213e-6,-3.6179714477429015e-6,-3.6914850569077196e-6,-3.609471312330016e-6,-3.7890008791571076e-6,-3.4864586738201874e-6,-3.6303013616498402e-6,-3.599498385654015e-6,-3.698122242104536e-6,-3.5732813638817753e-6,-3.708623414185965e-6,-3.625860670370489e-6,-3.624357893284774e-6,-3.715319698339302e-6,-3.642876451595917e-6,-3.7949859627766993e-6,-3.5969562466509994e-6,-3.6728610900815143e-6,-3.6699280532530242e-6,-3.6414087711663214e-6,-3.5477245473349763e-6,-3.6452263728745033e-6,-3.5643041025523347e-6,-3.58543022059127e-6,-3.693593199636474e-6,-3.5046381018867998e-6,-3.576210237989988e-6,-3.6949284013808345e-6,-3.7140296461959913e-6,-3.612771224825373e-6,-3.848028032610542e-6,-3.782185852982661e-6,-3.621277052466293e-6,-3.5847025284011108e-6,-3.5532876588348427e-6,-3.7223621795351896e-6,-3.7184729460649953e-6,-3.6005422825424453e-6,-3.7405841747359588e-6,-3.7116127144570047e-6,-3.600064110274505e-6,-3.745956461130279e-6,-3.668826813449845e-6,-3.4884482818530757e-6,-3.6794731679749805e-6,-3.6209090908468983e-6,-3.5999692182137396e-6,-3.1022765089558062e-6,-3.6132615992615273e-6,-3.619918754397549e-6,-3.4605194331186035e-6,-3.60630260839045e-6,-3.704472131285156e-6,-3.634410792963873e-6,-3.683289327705515e-6,-3.6760236537863017e-6,-3.69180573512566e-6,-3.839639365684522e-6,-3.6196314957445704e-6,-3.695751021237561e-6,-3.647725169152599e-6,-3.6726496644338655e-6,-3.6499705587648525e-6,-3.6681614959517674e-6
-2.853223767333914e-6,-2.8966006577691784e-6,-2.6821444191096094e-6,-2.7339623810874623e-6,-2.756966228944408e-6,-2.795871506482242e-6,-2.8023585834851884e-6,-2.7940102112283734e-6,-2.6044214634122594e-6,-2.780547783340638e-6,-2.759319897534779e-6,-2.546790645329822e-6,-2.9027284277409646e-6,-2.735126258909513e-6,-2.9307718610866873e-6,-2.781362828629999e-6,-2.7682558610352494e-6,-2.8094463154501566e-6,-2.71783847366453e-6,-2.726776260642016e-6,-2.7653621980287857e-6,-2.7737884113115917e-6,-2.8225319633894595e-6,-2.736453566253258e-6,-2.8809822243514017e-6,-2.7665862573739734e-6,-2.579659492595184e-6,-2.723225215172281e-6,-2.72994161380859e-6,-2.7648351469791354e-6,-2.8804565767112347e-6,-2.7074984265201743e-6,-2.7131920243247368e-6,-2.8915824946292906e-6,-2.7453283365161405e-6,-2.7914909842133987e-6,-2.7580871884575194e-6,-2.8240753327851187e-6,-2.7334071394047442e-6,-2.888350286424204e-6,-2.6390383326189526e-6,-2.774907125958215e-6,-2.7300257675694866e-6,-2.8125677813598534e-6,-2.7081718334676142e-6,-2.809808742388686e-6,-2.76102560463309e-6,-2.72503718990799e-6,-2.863927374501071e-6,-2.773250553363024e-6,-2.936529894652017e-6,-2.727843683427576e-6,-2.8011530800925646e-6,-2.805836594379672e-6,-2.7502728271353296e-6,-2.6827960353462858e-6,-2.745410109389982e-6,-2.6755547652747347e-6,-2.7078346792767153e-6,-2.851931148711473e-6,-2.6162104365216903e-6,-2.7052401566090763e-6,-2.8078794912631385e-6,-2.80681105977784e-6,-2.735431654137164e-6,-2.9454136466671777e-6,-2.8852111154347114e-6,-2.742328782378513e-6,-2.714586271733276e-6,-2.6891202712874497e-6,-2.8429752695707745e-6,-2.84923658509756e-6,-2.7179499738093804e-6,-2.867600556880454e-6,-2.8164580041824363e-6,-2.739387454176787e-6,-2.827233402170199e-6,-2.7825644707721297e-6,-2.7063855802758137e-6,-2.802292990033472e-6,-2.7392093876788074e-6,-2.7480467619015043e-6,-2.212241575608554e-6,-2.7514683319165755e-6,-2.74130384503736e-6,-2.585727393601879e-6,-2.719377610292999e-6,-2.8201848218803264e-6,-2.7458033731742473e-6,-2.8067736059761824e-6,-2.814537342460197e-6,-2.8287931607488886e-6,-2.9575384810756818e-6,-2.7420713931545906e-6,-2.8018631988382873e-6,-2.766213017134507e-6,-2.7854498002042576e-6,-2.7839194565266842e-6,-2.7807581132495996e-6
-2.3270625868774005e-6,-2.3201983491804393e-6,-2.1199525024470978e-6,-2.1809224403001387e-6,-2.224462193695302e-6,-2.2130995189160392e-6,-2.235872478851491e-6,-2.2230442459365144e-6,-2.0541057815142964e-6,-2.2218194911037176e-6,-2.1395460305415208e-6,-1.9850543342494597e-6,-2.3325009565495086e-6,-2.1707147860910775e-6,-2.3267787083321866e-6,-2.2125387158118027e-6,-2.1999194010230383e-6,-2.2549656268906285e-6,-2.105629930961089e-6,-2.1731491354234564e-6,-2.192893565149794e-6,-2.1881713462675045e-6,-2.241497104360319e-6,-2.176953916901856e-6,-2.3289586891813197e-6,-2.2063762751743704e-6,-2.024330481714443e-6,-2.178013368818194e-6,-2.162492186243258e-6,-2.2098550578715246e-6,-2.320294493675203e-6,-2.1325548657035564e-6,-2.1262944940788812e-6,-2.3347316902539297e-6,-2.180618355828529e-6,-2.2108221504606175e-6,-2.205186442701549e-6,-2.2650274822682446e-6,-2.169428528388003e-6,-2.2807599297883497e-6,-2.089324930451688e-6,-2.2332039210312015e-6,-2.172936807785411e-6,-2.242595528757077e-6,-2.139290096662798e-6,-2.2127858518213545e-6,-2.2005625468389116e-6,-2.1452183966647765e-6,-2.3232890603048878e-6,-2.210478159126739e-6,-2.3778691834286718e-6,-2.160058778273504e-6,-2.244072832721255e-6,-2.2461073513716396e-6,-2.1672256278426657e-6,-2.122800138241249e-6,-2.1581671408337423e-6,-2.1013050322158127e-6,-2.146630796905635e-6,-2.2940294447603955e-6,-2.0222715744123286e-6,-2.151863280005164e-6,-2.2419502833369227e-6,-2.2222464600859222e-6,-2.171430762159516e-6,-2.35169459830833e-6,-2.3065452240767806e-6,-2.1783500803071735e-6,-2.155135717866589e-6,-2.1367131320368205e-6,-2.2602600052110805e-6,-2.287442987552332e-6,-2.136845233111415e-6,-2.3036509537680017e-6,-2.2377337977111416e-6,-2.1896240849252733e-6,-2.2451689312613547e-6,-2.2008329602169373e-6,-2.214949457927319e-6,-2.2298232689431123e-6,-2.1645004513497677e-6,-2.1924039536662687e-6,-1.6517380858171784e-6,-2.2000289298569376e-6,-2.1721257815876513e-6,-2.0232594506599973e-6,-2.140577498509901e-6,-2.249179528825681e-6,-2.1725333017743926e-6,-2.235682735958553e-6,-2.25900914509941e-6,-2.2670921086904873e-6,-2.3776539030478496e-6,-2.179435632534956e-6,-2.2191978235135075e-6,-2.189432816506455e-6,-2.2103343739724064e-6,-2.2257483082331717e-6,-2.195640289133665e-6
-2.001819461964842e-6,-1.9864461918826605e-6,-1.8106569171402784e-6,-1.8806616349652576e-6,-1.926916386104155e-6,-1.8755820442093475e-6,-1.9132589284215785e-6,-1.8968961690525368e-6,-1.7424388347693402e-6,-1.908914470078303e-6,-1.7981851128852868e-6,-1.693565474103423e-6,-2.0025445619954353e-6,-1.8602836705501725e-6,-1.9686783977610216e-6,-1.911344193125557e-6,-1.8755291504578274e-6,-1.9378226624851057e-6,-1.7511951216465987e-6,-1.8657612641192526e-6,-1.8705514603577785e-6,-1.8547019592233082e-6,-1.9056294655088278e-6,-1.8545485120789884e-6,-2.0178467691805647e-6,-1.8958743895819596e-6,-1.71993116062691e-6,-1.8859003771020912e-6,-1.831596224891936e-6,-1.918157340817282e-6,-1.9956345995803157e-6,-1.805387962077193e-6,-1.7953647719173706e-6,-2.01384798200468e-6,-1.8736267741807294e-6,-1.8942450092343576e-6,-1.8839851467407843e-6,-1.9432978617959296e-6,-1.8512178831465127e-6,-1.9154690045919514e-6,-1.7923560561239178e-6,-1.9224868727460273e-6,-1.8557135951679503e-6,-1.925459822270052e-6,-1.7983862809684968e-6,-1.8559543176172845e-6,-1.8804011949757842e-6,-1.8216590158615773e-6,-2.030082224637459e-6,-1.8919856612676518e-6,-2.0650952291284346e-6,-1.8403281917519462e-6,-1.9245860001986426e-6,-1.927472795169682e-6,-1.8383906948113258e-6,-1.80430328136159e-6,-1.8226743413342702e-6,-1.7924025115901294e-6,-1.8313580571116683e-6,-1.9728023647607344e-6,-1.6617917606386422e-6,-1.8446613245977907e-6,-1.9338964592900544e-6,-1.914633078219678e-6,-1.8557274118259328e-6,-1.9987588745480963e-6,-1.9753609591454196e-6,-1.855845303263785e-6,-1.8379339073193446e-6,-1.823846734907745e-6,-1.9127713134696723e-6,-1.9733345939308467e-6,-1.800246149751282e-6,-1.9935332701315233e-6,-1.9144216943502845e-6,-1.8859750045514386e-6,-1.9228953423984906e-6,-1.857107777232249e-6,-1.9149196721683265e-6,-1.9041262554985032e-6,-1.8377254906095996e-6,-1.877663899899668e-6,-1.3260289538128594e-6,-1.8870639166676522e-6,-1.8516598020688217e-6,-1.685521100899594e-6,-1.8135884100027524e-6,-1.9285885818080034e-6,-1.8456868287819618e-6,-1.90915603253004e-6,-1.948896470853696e-6,-1.9429471581358122e-6,-2.0556068028729947e-6,-1.8672724072909082e-6,-1.886316101709194e-6,-1.861381399626087e-6,-1.8871300198856062e-6,-1.908700007052388e-6,-1.857796049878541e-6
-1.8532954308852899e-6,-1.865680168488168e-6,-1.7288599668280623e-6,-1.7902369993873502e-6,-1.8411606017156054e-6,-1.7525617960816665e-6,-1.8038972856661476e-6,-1.786239230982545e-6,-1.6447537462233084e-6,-1.8049712586371274e-6,-1.68924643255186e-6,-1.6257318417488207e-6,-1.8792967526275642e-6,-1.7633431892977225e-6,-1.8299758184875835e-6,-1.8257872988460305e-6,-1.760112810816282e-6,-1.8242645610077272e-6,-1.6246622250663404e-6,-1.760768205238064e-6,-1.7624993763960035e-6,-1.7369171892159754e-6,-1.7859416576101364e-6,-1.7458894371149246e-6,-1.9093382746627294e-6,-1.7981669578395828e-6,-1.6311574640438581e-6,-1.8009853713266267e-6,-1.7119790059041063e-6,-1.8497971263316725e-6,-1.8879043004719347e-6,-1.6931875068300787e-6,-1.686506169552704e-6,-1.9023958271608986e-6,-1.7794554850011054e-6,-1.7965060503221082e-6,-1.7653163131531356e-6,-1.8312658905659373e-6,-1.7422206314472995e-6,-1.7665979057220525e-6,-1.7099055387866635e-6,-1.8128769729718123e-6,-1.7388012734439995e-6,-1.8198347672838563e-6,-1.663103506478184e-6,-1.7159845458109586e-6,-1.7677037885444065e-6,-1.7061442248652003e-6,-1.9365473127373427e-6,-1.7869589101852853e-6,-1.9604722624925154e-6,-1.7351429949292142e-6,-1.8055768856790803e-6,-1.8197524693588038e-6,-1.7272392997962437e-6,-1.7097221602620727e-6,-1.7024110471285194e-6,-1.6954609867982399e-6,-1.7294131639893166e-6,-1.8702980484929141e-6,-1.5012085883435898e-6,-1.7408257722353763e-6,-1.8371438403942112e-6,-1.8238207287136092e-6,-1.7487052185105861e-6,-1.8547080751578535e-6,-1.8577683511428973e-6,-1.7424247871643026e-6,-1.7242415300877145e-6,-1.7192925390589644e-6,-1.7740256948851174e-6,-1.869947153039099e-6,-1.6736675680540062e-6,-1.8832807125975033e-6,-1.8127733937718892e-6,-1.79495977808763e-6,-1.7979437796908865e-6,-1.7219072862656233e-6,-1.7739128517874954e-6,-1.7938840496786033e-6,-1.725249410057938e-6,-1.7903542625760753e-6,-1.2251109976439332e-6,-1.7784880719198151e-6,-1.7459291744672956e-6,-1.563767839310393e-6,-1.7095154218016814e-6,-1.8238158081908708e-6,-1.7322959134924084e-6,-1.7945847008221428e-6,-1.8480667367203968e-6,-1.827297837451034e-6,-1.9321219843063356e-6,-1.7669205937010625e-6,-1.7686122847892062e-6,-1.7500255858542824e-6,-1.7775027439579253e-6,-1.8015681138214844e-6,-1.7357200503001913e-6
-1.849886627582531e-6,-1.8777430996804923e-6,-1.7621679481246973e-6,-1.8173427629486143e-6,-1.8784501315420519e-6,-1.7601182876913604e-6,-1.8210771977037846e-6,-1.805351673445888e-6,-1.6762725036697678e-6,-1.8206767968289258e-6,-1.6921199947911514e-6,-1.6762878142097215e-6,-1.8773702718430661e-6,-1.7877603149983832e-6,-1.82500539952576e-6,-1.8368911520661158e-6,-1.7730343481464485e-6,-1.8359964682694642e-6,-1.6468736603895348e-6,-1.7682833997335541e-6,-1.7783606698359865e-6,-1.7490373175410159e-6,-1.7985274868226255e-6,-1.7633564282583832e-6,-1.9212023546111163e-6,-1.8210781812299404e-6,-1.6608898906369938e-6,-1.828896217611486e-6,-1.7190022490043558e-6,-1.900365500330191e-6,-1.9046005884754302e-6,-1.7056036990635594e-6,-1.706915606809734e-6,-1.915643140469107e-6,-1.8005209062426463e-6,-1.820980290446122e-6,-1.7717368130899e-6,-1.8496045597579227e-6,-1.758205045519803e-6,-1.7522265620198324e-6,-1.7495769151458548e-6,-1.8299452649174412e-6,-1.748112902727978e-6,-1.838655083092469e-6,-1.6648633946374718e-6,-1.7108041550818949e-6,-1.7827132384590155e-6,-1.7100221424111428e-6,-1.9664817059000883e-6,-1.804167342495319e-6,-1.97945785982603e-6,-1.7504222215894081e-6,-1.8114200791441443e-6,-1.8395628158125947e-6,-1.7441030912040187e-6,-1.7438175262615273e-6,-1.7113970565956617e-6,-1.7123961803419023e-6,-1.7512237087507362e-6,-1.8911644163626644e-6,-1.4536742725786294e-6,-1.7608655715972507e-6,-1.8627569317893275e-6,-1.8506208219103835e-6,-1.7610476656616765e-6,-1.8413910639627158e-6,-1.8800713203660075e-6,-1.747801898502149e-6,-1.7389521168762163e-6,-1.7395298822398908e-6,-1.7692596980253295e-6,-1.8815813954334275e-6,-1.6747069660116987e-6,-1.9020374967561182e-6,-1.8427846623140125e-6,-1.8272938662227117e-6,-1.780929145757058e-6,-1.7191042727486492e-6,-1.7548770473236439e-6,-1.8098685321055854e-6,-1.74153219535522e-6,-1.8333099623423997e-6,-1.254075347417262e-6,-1.792054457467868e-6,-1.7674610007716436e-6,-1.5765344380115517e-6,-1.733619953286826e-6,-1.8452192282311502e-6,-1.7461681849915786e-6,-1.8062297490437653e-6,-1.8682449075015736e-6,-1.8329577285654468e-6,-1.9024486758448676e-6,-1.7914382603881895e-6,-1.7841213066291896e-6,-1.764478094229893e-6,-1.7890590583350848e-6,-1.8200655374480501e-6,-1.7426927385009249e-6
-1.8885940244132163e-6,-1.912840674352423e-6,-1.799655812968902e-6,-1.8547856168020283e-6,-1.920721667104227e-6,-1.7898335417673555e-6,-1.8550375416118273e-6,-1.840661462332834e-6,-1.7176750952270392e-6,-1.8519080639992045e-6,-1.7070295463612038e-6,-1.7233692487843874e-6,-1.904904374374972e-6,-1.8248015354118874e-6,-1.8440053385265182e-6,-1.8608120631661225e-6,-1.8022059352921843e-6,-1.8664738839593341e-6,-1.6884713235179266e-6,-1.7927509934575518e-6,-1.8112205724600388e-6,-1.7832024266082788e-6,-1.8329665572599643e-6,-1.798127787393189e-6,-1.9546167638698167e-6,-1.8564587556552898e-6,-1.698963789795459e-6,-1.8656962975146447e-6,-1.7465610110312952e-6,-1.951324978158982e-6,-1.9355742082850624e-6,-1.7339669555324063e-6,-1.7420139373915516e-6,-1.943147133622706e-6,-1.8339471573056067e-6,-1.8577309540588263e-6,-1.7993047816944132e-6,-1.8869347572340747e-6,-1.7925528453907244e-6,-1.772306904177268e-6,-1.7892617000058851e-6,-1.8661008632971026e-6,-1.7788180103868873e-6,-1.8763796313831819e-6,-1.6943010429233855e-6,-1.7375826836307101e-6,-1.8184799408828113e-6,-1.7323724779962284e-6,-2.0088060021662032e-6,-1.836988012743321e-6,-2.011292100861475e-6,-1.780879096823899e-6,-1.839766414948134e-6,-1.8757122200152866e-6,-1.7783668321970257e-6,-1.7846661380034415e-6,-1.7410602602411947e-6,-1.7349474711571064e-6,-1.7865851006622907e-6,-1.9241626047629815e-6,-1.459993008630352e-6,-1.7975828754818986e-6,-1.9019244082239337e-6,-1.8853513056916192e-6,-1.7915850765265144e-6,-1.8630484636541734e-6,-1.922462193118385e-6,-1.7744879444210442e-6,-1.7747931982372118e-6,-1.7723530093673113e-6,-1.798421606598628e-6,-1.911741444435894e-6,-1.702471544083061e-6,-1.942010129840833e-6,-1.8830134694386344e-6,-1.8680667646955408e-6,-1.795256471172776e-6,-1.7471023661540174e-6,-1.7725850194891918e-6,-1.8424930758199142e-6,-1.7757731820750055e-6,-1.8791741173000006e-6,-1.2887298075936253e-6,-1.8234800814470058e-6,-1.8036262780993832e-6,-1.613547213151087e-6,-1.7691103130922643e-6,-1.88178344878211e-6,-1.7799485353360706e-6,-1.8370124423397502e-6,-1.9025272472413367e-6,-1.8602747884468586e-6,-1.9100725295689964e-6,-1.8278945471890632e-6,-1.8196115042567155e-6,-1.7963646911549371e-6,-1.8189118696538262e-6,-1.854073186683024e-6,-1.770706591954498e-6
-1.849886627582531e-6,-1.8777430996804923e-6,-1.7621679481246973e-6,-1.8173427629486143e-6,-1.8784501315420519e-6,-1.7601182876913604e-6,-1.8210771977037846e-6,-1.805351673445888e-6,-1.6762725036697678e-6,-1.8206767968289258e-6,-1.6921199947911514e-6,-1.6762878142097215e-6,-1.8773702718430661e-6,-1.7877603149983832e-6,-1.82500539952576e-6,-1.8368911520661158e-6,-1.7730343481464485e-6,-1.8359964682694642e-6,-1.6468736603895348e-6,-1.7682833997335541e-6,-1.7783606698359865e-6,-1.7490373175410159e-6,-1.7985274868226255e-6,-1.7633564282583832e-6,-1.9212023546111163e-6,-1.8210781812299404e-6,-1.6608898906369938e-6,-1.828896217611486e-6,-1.7190022490043558e-6,-1.900365500330191e-6,-1.9046005884754302e-6,-1.7056036990635594e-6,-1.706915606809734e-6,-1.915643140469107e-6,-1.8005209062426463e-6,-1.820980290446122e-6,-1.7717368130899e-6,-1.8496045597579227e-6,-1.758205045519803e-6,-1.7522265620198324e-6,-1.7495769151458548e-6,-1.8299452649174412e-6,-1.748112902727978e-6,-1.838655083092469e-6,-1.6648633946374718e-6,-1.7108041550818949e-6,-1.7827132384590155e-6,-1.7100221424111428e-6,-1.9664817059000883e-6,-1.804167342495319e-6,-1.97945785982603e-6,-1.7504222215894081e-6,-1.8114200791441443e-6,-1.8395628158125947e-6,-1.7441030912040187e-6,-1.7438175262615273e-6,-1.7113970565956617e-6,-1.7123961803419023e-6,-1.7512237087507362e-6,-1.8911644163626644e-6,-1.4536742725786294e-6,-1.7608655715972507e-6,-1.8627569317893275e-6,-1.8506208219103835e-6,-1.7610476656616765e-6,-1.8413910639627158e-6,-1.8800713203660075e-6,-1.747801898502149e-6,-1.7389521168762163e-6,-1.7395298822398908e-6,-1.7692596980253295e-6,-1.8815813954334275e-6,-1.6747069660116987e-6,-1.9020374967561182e-6,-1.8427846623140125e-6,-1.8272938662227117e-6,-1.780929145757058e-6,-1.7191042727486492e-6,-1.7548770473236439e-6,-1.8098685321055854e-6,-1.74153219535522e-6,-1.8333099623423997e-6,-1.254075347417262e-6,-1.792054457467868e-6,-1.7674610007716436e-6,-1.5765344380115517e-6,-1.733619953286826e-6,-1.8452192282311502e-6,-1.7461681849915786e-6,-1.8062297490437653e-6,-1.8682449075015736e-6,-1.8329577285654468e-6,-1.9024486758448676e-6,-1.7914382603881895e-6,-1.7841213066291896e-6,-1.764478094229893e-6,-1.7890590583350848e-6,-1.8200655374480501e-6,-1.7426927385009249e-6
-1.8532954308852899e-6,-1.865680168488168e-6,-1.7288599668280623e-6,-1.7902369993873502e-6,-1.8411606017156054e-6,-1.7525617960816665e-6,-1.8038972856661476e-6,-1.786239230982545e-6,-1.6447537462233084e-6,-1.8049712586371274e-6,-1.68924643255186e-6,-1.6257318417488207e-6,-1.8792967526275642e-6,-1.7633431892977225e-6,-1.8299758184875835e-6,-1.8257872988460305e-6,-1.760112810816282e-6,-1.8242645610077272e-6,-1.6246622250663404e-6,-1.760768205238064e-6,-1.7624993763960035e-6,-1.7369171892159754e-6,-1.7859416576101364e-6,-1.7458894371149246e-6,-1.9093382746627294e-6,-1.7981669578395828e-6,-1.6311574640438581e-6,-1.8009853713266267e-6,-1.7119790059041063e-6,-1.8497971263316725e-6,-1.8879043004719347e-6,-1.6931875068300787e-6,-1.686506169552704e-6,-1.9023958271608986e-6,-1.7794554850011054e-6,-1.7965060503221082e-6,-1.7653163131531356e-6,-1.8312658905659373e-6,-1.7422206314472995e-6,-1.7665979057220525e-6,-1.7099055387866635e-6,-1.8128769729718123e-6,-1.7388012734439995e-6,-1.8198347672838563e-6,-1.663103506478184e-6,-1.7159845458109586e-6,-1.7677037885444065e-6,-1.7061442248652003e-6,-1.9365473127373427e-6,-1.7869589101852853e-6,-1.9604722624925154e-6,-1.7351429949292142e-6,-1.8055768856790803e-6,-1.8197524693588038e-6,-1.7272392997962437e-6,-1.7097221602620727e-6,-1.7024110471285194e-6,-1.6954609867982399e-6,-1.7294131639893166e-6,-1.8702980484929141e-6,-1.5012085883435898e-6,-1.7408257722353763e-6,-1.8371438403942112e-6,-1.8238207287136092e-6,-1.7487052185105861e-6,-1.8547080751578535e-6,-1.8577683511428973e-6,-1.7424247871643026e-6,-1.7242415300877145e-6,-1.7192925390589644e-6,-1.7740256948851174e-6,-1.869947153039099e-6,-1.6736675680540062e-6,-1.8832807125975033e-6,-1.8127733937718892e-6,-1.79495977808763e-6,-1.7979437796908865e-6,-1.7219072862656233e-6,-1.7739128517874954e-6,-1.7938840496786033e-6,-1.725249410057938e-6,-1.7903542625760753e-6,-1.2251109976439332e-6,-1.7784880719198151e-6,-1.7459291744672956e-6,-1.563767839310393e-6,-1.7095154218016814e-6,-1.8238158081908708e-6,-1.7322959134924084e-6,-1.7945847008221428e-6,-1.8480667367203968e-6,-1.827297837451034e-6,-1.9321219843063356e-6,-1.7669205937010625e-6,-1.7686122847892062e-6,-1.7500255858542824e-6,-1.7775027439579253e-6,-1.8015681138214844e-6,-1.7357200503001913e-6
-2.001819461964842e-6,-1.9864461918826605e-6,-1.8106569171402784e-6,-1.8806616349652576e-6,-1.926916386104155e-6,-1.8755820442093475e-6,-1.9132589284215785e-6,-1.8968961690525368e-6,-1.7424388347693402e-6,-1.908914470078303e-6,-1.7981851128852868e-6,-1.693565474103423e-6,-2.0025445619954353e-6,-1.8602836705501725e-6,-1.9686783977610216e-6,-1.911344193125557e-6,-1.8755291504578274e-6,-1.9378226624851057e-6,-1.7511951216465987e-6,-1.8657612641192526e-6,-1.8705514603577785e-6,-1.8547019592233082e-6,-1.9056294655088278e-6,-1.8545485120789884e-6,-2.0178467691805647e-6,-1.8958743895819596e-6,-1.71993116062691e-6,-1.8859003771020912e-6,-1.831596224891936e-6,-1.918157340817282e-6,-1.9956345995803157e-6,-1.805387962077193e-6,-1.7953647719173706e-6,-2.01384798200468e-6,-1.8736267741807294e-6,-1.8942450092343576e-6,-1.8839851467407843e-6,-1.9432978617959296e-6,-1.8512178831465127e-6,-1.9154690045919514e-6,-1.7923560561239178e-6,-1.9224868727460273e-6,-1.8557135951679503e-6,-1.925459822270052e-6,-1.7983862809684968e-6,-1.8559543176172845e-6,-1.8804011949757842e-6,-1.8216590158615773e-6,-2.030082224637459e-6,-1.8919856612676518e-6,-2.0650952291284346e-6,-1.8403281917519462e-6,-1.9245860001986426e-6,-1.927472795169682e-6,-1.8383906948113258e-6,-1.80430328136159e-6,-1.8226743413342702e-6,-1.7924025115901294e-6,-1.8313580571116683e-6,-1.9728023647607344e-6,-1.6617917606386422e-6,-1.8446613245977907e-6,-1.9338964592900544e-6,-1.914633078219678e-6,-1.8557274118259328e-6,-1.9987588745480963e-6,-1.9753609591454196e-6,-1.855845303263785e-6,-1.8379339073193446e-6,-1.823846734907745e-6,-1.9127713134696723e-6,-1.9733345939308467e-6,-1.800246149751282e-6,-1.9935332701315233e-6,-1.9144216943502845e-6,-1.8859750045514386e-6,-1.9228953423984906e-6,-1.857107777232249e-6,-1.9149196721683265e-6,-1.9041262554985032e-6,-1.8377254906095996e-6,-1.877663899899668e-6,-1.3260289538128594e-6,-1.8870639166676522e-6,-1.8516598020688217e-6,-1.685521100899594e-6,-1.8135884100027524e-6,-1.9285885818080034e-6,-1.8456868287819618e-6,-1.90915603253004e-6,-1.948896470853696e-6,-1.9429471581358122e-6,-2.0556068028729947e-6,-1.8672724072909082e-6,-1.886316101709194e-6,-1.861381399626087e-6,-1.8871300198856062e-6,-1.908700007052388e-6,-1.857796049878541e-6
-2.3270625868774005e-6,-2.3201983491804393e-6,-2.1199525024470978e-6,-2.1809224403001387e-6,-2.224462193695302e-6,-2.2130995189160392e-6,-2.235872478851491e-6,-2.2230442459365144e-6,-2.0541057815142964e-6,-2.2218194911037176e-6,-2.1395460305415208e-6,-1.9850543342494597e-6,-2.3325009565495086e-6,-2.1707147860910775e-6,-2.3267787083321866e-6,-2.2125387158118027e-6,-2.1999194010230383e-6,-2.2549656268906285e-6,-2.105629930961089e-6,-2.1731491354234564e-6,-2.192893565149794e-6,-2.1881713462675045e-6,-2.241497104360319e-6,-2.176953916901856e-6,-2.3289586891813197e-6,-2.2063762751743704e-6,-2.024330481714443e-6,-2.178013368818194e-6,-2.162492186243258e-6,-2.2098550578715246e-6,-2.320294493675203e-6,-2.1325548657035564e-6,-2.1262944940788812e-6,-2.3347316902539297e-6,-2.180618355828529e-6,-2.2108221504606175e-6,-2.205186442701549e-6,-2.2650274822682446e-6,-2.169428528388003e-6,-2.2807599297883497e-6,-2.089324930451688e-6,-2.2332039210312015e-6,-2.172936807785411e-6,-2.242595528757077e-6,-2.139290096662798e-6,-2.2127858518213545e-6,-2.2005625468389116e-6,-2.1452183966647765e-6,-2.3232890603048878e-6,-2.210478159126739e-6,-2.3778691834286718e-6,-2.160058778273504e-6,-2.244072832721255e-6,-2.2461073513716396e-6,-2.1672256278426657e-6,-2.122800138241249e-6,-2.1581671408337423e-6,-2.1013050322158127e-6,-2.146630796905635e-6,-2.2940294447603955e-6,-2.0222715744123286e-6,-2.151863280005164e-6,-2.2419502833369227e-6,-2.2222464600859222e-6,-2.171430762159516e-6,-2.35169459830833e-6,-2.3065452240767806e-6,-2.1783500803071735e-6,-2.155135717866589e-6,-2.1367131320368205e-6,-2.2602600052110805e-6,-2.287442987552332e-6,-2.136845233111415e-6,-2.3036509537680017e-6,-2.2377337977111416e-6,-2.1896240849252733e-6,-2.2451689312613547e-6,-2.2008329602169373e-6,-2.214949457927319e-6,-2.2298232689431123e-6,-2.1645004513497677e-6,-2.1924039536662687e-6,-1.6517380858171784e-6,-2.2000289298569376e-6,-2.1721257815876513e-6,-2.0232594506599973e-6,-2.140577498509901e-6,-2.249179528825681e-6,-2.1725333017743926e-6,-2.235682735958553e-6,-2.25900914509941e-6,-2.2670921086904873e-6,-2.3776539030478496e-6,-2.179435632534956e-6,-2.2191978235135075e-6,-2.189432816506455e-6,-2.2103343739724064e-6,-2.2257483082331717e-6,-2.195640289133665e-6
-2.853223767333914e-6,-2.8966006577691784e-6,-2.6821444191096094e-6,-2.7339623810874623e-6,-2.756966228944408e-6,-2.795871506482242e-6,-2.8023585834851884e-6,-2.7940102112283734e-6,-2.6044214634122594e-6,-2.780547783340638e-6,-2.759319897534779e-6,-2.546790645329822e-6,-2.9027284277409646e-6,-2.735126258909513e-6,-2.9307718610866873e-6,-2.781362828629999e-6,-2.7682558610352494e-6,-2.8094463154501566e-6,-2.71783847366453e-6,-2.726776260642016e-6,-2.7653621980287857e-6,-2.7737884113115917e-6,-2.8225319633894595e-6,-2.736453566253258e-6,-2.8809822243514017e-6,-2.7665862573739734e-6,-2.579659492595184e-6,-2.723225215172281e-6,-2.72994161380859e-6,-2.7648351469791354e-6,-2.8804565767112347e-6,-2.7074984265201743e-6,-2.7131920243247368e-6,-2.8915824946292906e-6,-2.7453283365161405e-6,-2.7914909842133987e-6,-2.7580871884575194e-6,-2.8240753327851187e-6,-2.7334071394047442e-6,-2.888350286424204e-6,-2.6390383326189526e-6,-2.774907125958215e-6,-2.7300257675694866e-6,-2.8125677813598534e-6,-2.7081718334676142e-6,-2.809808742388686e-6,-2.76102560463309e-6,-2.72503718990799e-6,-2.863927374501071e-6,-2.773250553363024e-6,-2.936529894652017e-6,-2.727843683427576e-6,-2.8011530800925646e-6,-2.805836594379672e-6,-2.7502728271353296e-6,-2.6827960353462858e-6,-2.745410109389982e-6,-2.6755547652747347e-6,-2.7078346792767153e-6,-2.851931148711473e-6,-2.6162104365216903e-6,-2.7052401566090763e-6,-2.8078794912631385e-6,-2.80681105977784e-6,-2.735431654137164e-6,-2.9454136466671777e-6,-2.8852111154347114e-6,-2.742328782378513e-6,-2.714586271733276e-6,-2.6891202712874497e-6,-2.8429752695707745e-6,-2.84923658509756e-6,-2.7179499738093804e-6,-2.867600556880454e-6,-2.8164580041824363e-6,-2.739387454176787e-6,-2.827233402170199e-6,-2.7825644707721297e-6,-2.7063855802758137e-6,-2.802292990033472e-6,-2.7392093876788074e-6,-2.7480467619015043e-6,-2.212241575608554e-6,-2.7514683319165755e-6,-2.74130384503736e-6,-2.585727393601879e-6,-2.719377610292999e-6,-2.8201848218803264e-6,-2.7458033731742473e-6,-2.8067736059761824e-6,-2.814537342460197e-6,-2.8287931607488886e-6,-2.9575384810756818e-6,-2.7420713931545906e-6,-2.8018631988382873e-6,-2.766213017134507e-6,-2.7854498002042576e-6,-2.7839194565266842e-6,-2.7807581132495996e-6
-3.6802058198336185e-6,-3.7799836133569227e-6,-3.55397095466082e-6,-3.6028617869143263e-6,-3.594278447012622e-6,-3.6804806340889906e-6,-3.674730453701821e-6,-3.6752076084932464e-6,-3.4553466761617597e-6,-3.652683416228498e-6,-3.692323102491516e-6,-3.4360896484756066e-6,-3.7820142322416533e-6,-3.6094890557527587e-6,-3.839295059091773e-6,-3.6786320434451684e-6,-3.64779134679578e-6,-3.677983933557179e-6,-3.6399343950007446e-6,-3.598134762795785e-6,-3.647166199030756e-6,-3.665719429877606e-6,-3.7065638186854826e-6,-3.6034847360510617e-6,-3.74865319859217e-6,-3.642609549545592e-6,-3.456981925447839e-6,-3.5847877983656548e-6,-3.6018052138046188e-6,-3.64032711831874e-6,-3.742193390542092e-6,-3.595071032264734e-6,-3.6082508127440927e-6,-3.735390000734233e-6,-3.628360483907742e-6,-3.6941358708919213e-6,-3.6179714477429015e-6,-3.6914850569077196e-6,-3.609471312330016e-6,-3.7890008791571076e-6,-3.4864586738201874e-6,-3.6303013616498402e-6,-3.599498385654015e-6,-3.698122242104536e-6,-3.5732813638817753e-6,-3.708623414185965e-6,-3.625860670370489e-6,-3.624357893284774e-6,-3.715319698339302e-6,-3.642876451595917e-6,-3.7949859627766993e-6,-3.5969562466509994e-6,-3.6728610900815143e-6,-3.6699280532530242e-6,-3.6414087711663214e-6,-3.5477245473349763e-6,-3.6452263728745033e-6,-3.5643041025523347e-6,-3.58543022059127e-6,-3.693593199636474e-6,-3.5046381018867998e-6,-3.576210237989988e-6,-3.6949284013808345e-6,-3.7140296461959913e-6,-3.612771224825373e-6,-3.848028032610542e-6,-3.782185852982661e-6,-3.621277052466293e-6,-3.5847025284011108e-6,-3.5532876588348427e-6,-3.7223621795351896e-6,-3.7184729460649953e-6,-3.6005422825424453e-6,-3.7405841747359588e-6,-3.7116127144570047e-6,-3.600064110274505e-6,-3.745956461130279e-6,-3.668826813449845e-6,-3.4884482818530757e-6,-3.6794731679749805e-6,-3.6209090908468983e-6,-3.5999692182137396e-6,-3.1022765089558062e-6,-3.6132615992615273e-6,-3.619918754397549e-6,-3.4605194331186035e-6,-3.60630260839045e-6,-3.704472131285156e-6,-3.634410792963873e-6,-3.683289327705515e-6,-3.6760236537863017e-6,-3.69180573512566e-6,-3.839639365684522e-6,-3.6196314957445704e-6,-3.695751021237561e-6,-3.647725169152599e-6,-3.6726496644338655e-6,-3.6499705587648525e-6,-3.6681614959517674e-6
-5.100300123433349e-6,-5.232941026736653e-6,-4.9860048262166114e-6,-5.064296108972621e-6,-5.020681775970445e-6,-5.138299448123914e-6,-5.127788937044048e-6,-5.140667292288503e-6,-4.901646080339644e-6,-5.113096676842394e-6,-5.1742042331583816e-6,-4.921632357369396e-6,-5.236092978226808e-6,-5.073724679942948e-6,-5.3120930778134105e-6,-5.166039615615973e-6,-5.1107144803960955e-6,-5.143787866257254e-6,-5.127622424490112e-6,-5.05309711845492e-6,-5.111529117558097e-6,-5.137930954621411e-6,-5.16358804435435e-6,-5.043857076214913e-6,-5.2127286315771076e-6,-5.110377757699267e-6,-4.916045016158973e-6,-5.044117137283095e-6,-5.0627602904827975e-6,-5.103179042244801e-6,-5.164997983365838e-6,-5.064101334659011e-6,-5.06882913457192e-6,-5.149809810888888e-6,-5.093289623499574e-6,-5.169559364825264e-6,-5.059261977192425e-6,-5.14484200437729e-6,-5.0643661224995435e-6,-5.2499914799771125e-6,-4.894296274490507e-6,-5.083296834010361e-6,-5.054144125752927e-6,-5.178442113963313e-6,-5.017729977532142e-6,-5.188535407974278e-6,-5.0681895956790135e-6,-5.097860385954193e-6,-5.129195404256098e-6,-5.101880504570633e-6,-5.230319872957127e-6,-5.047666087955945e-6,-5.13341978811738e-6,-5.12165308946205e-6,-5.1098436438905355e-6,-4.99512164594072e-6,-5.123397149278662e-6,-5.047500212931327e-6,-5.0521442215056665e-6,-5.096892515626305e-6,-4.9816200614003845e-6,-5.038122081017392e-6,-5.169560519160899e-6,-5.21140993690329e-6,-5.077047600864258e-6,-5.313642272985051e-6,-5.2563942099660706e-6,-5.0937637809441814e-6,-5.039414678856632e-6,-5.011804138636479e-6,-5.180608998390294e-6,-5.15707414298894e-6,-5.04202229343353e-6,-5.1961006294911476e-6,-5.186898356138344e-6,-5.048741326807499e-6,-5.2681699235414295e-6,-5.135364559729485e-6,-4.8562147876917715e-6,-5.136970936494017e-6,-5.086313355728635e-6,-5.026705083615879e-6,-4.573320736864062e-6,-5.061025687000786e-6,-5.07797169018299e-6,-4.927773752719193e-6,-5.072123093448712e-6,-5.165966275481445e-6,-5.117432737578392e-6,-5.13632293826451e-6,-5.114752847493084e-6,-5.118648858805045e-6,-5.287760963062315e-6,-5.086894784747498e-6,-5.1674290949615295e-6,-5.110289002606553e-6,-5.139147262840674e-6,-5.10026484521603e-6,-5.125089592254852e-6
-7.141719452443115e-6,-7.2531334841921985e-6,-6.978410635141243e-6,-7.1021915784149675e-6,-7.03353962793706e-6,-7.167049873270032e-6,-7.153402512372099e-6,-7.175340584123677e-6,-6.942888383476384e-6,-7.156384434498045e-6,-7.205530228632184e-6,-6.982195026742221e-6,-7.242758206431541e-6,-7.118769219485758e-6,-7.357732573163273e-6,-7.219782070328904e-6,-7.138458621547852e-6,-7.182611096626891e-6,-7.1781086670049595e-6,-7.09590274231905e-6,-7.15201867006391e-6,-7.180998051953278e-6,-7.190840153874604e-6,-7.0573666760573765e-6,-7.251927121134862e-6,-7.149876311763812e-6,-6.95335722947228e-6,-7.0846087362993815e-6,-7.1032730205098226e-6,-7.151539884961354e-6,-7.146167823236317e-6,-7.097153183334888e-6,-7.080306332837145e-6,-7.148680141685397e-6,-7.137011921341758e-6,-7.1982256357276546e-6,-7.069072577904714e-6,-7.181642444891361e-6,-7.0907484180141165e-6,-7.278197340550146e-6,-6.907544503424299e-6,-7.119771000018195e-6,-7.0821202119835044e-6,-7.235687673573873e-6,-7.040707745671767e-6,-7.233007582643635e-6,-7.0889472875800085e-6,-7.13095776579216e-6,-7.126278886298596e-6,-7.139905166314901e-6,-7.24544131403848e-6,-7.073860797523899e-6,-7.178575128748767e-6,-7.160850532356465e-6,-7.151900680397857e-6,-7.020708353178892e-6,-7.161557012607533e-6,-7.12370199293288e-6,-7.090466384709898e-6,-7.0785848142589215e-6,-7.057636804306002e-6,-7.070822453114078e-6,-7.215185536396096e-6,-7.272124355724497e-6,-7.122147382405485e-6,-7.3292216458368115e-6,-7.3001646306557016e-6,-7.156142906671255e-6,-7.073116355085633e-6,-7.0528859123971394e-6,-7.2158736245592855e-6,-7.172522024621603e-6,-7.058088865193474e-6,-7.226359955775465e-6,-7.229563353933916e-6,-7.088667983081132e-6,-7.354591914217363e-6,-7.1670369372927894e-6,-6.838421789642327e-6,-7.1680693259432724e-6,-7.123322754443051e-6,-7.028336621242327e-6,-6.621122920359941e-6,-7.089685250738066e-6,-7.110065312876121e-6,-6.971115848520863e-6,-7.110126999797165e-6,-7.190749827625816e-6,-7.175519437123714e-6,-7.162304793383415e-6,-7.128208516773206e-6,-7.1131247077790895e-6,-7.3286430550214465e-6,-7.13458881069554e-6,-7.209953320657092e-6,-7.154765567428758e-6,-7.1734694792168895e-6,-7.129578990259689e-6,-7.150383703782609e-6
-9.904687896786702e-6,-9.96389748154523e-6,-9.65829981870943e-6,-9.829973207443951e-6,-9.754591214303474e-6,-9.877916974940536e-6,-9.862331191119129e-6,-9.89415985157333e-6,-9.669410097699172e-6,-9.897580705200503e-6,-9.91064884488779e-6,-9.70364652981684e-6,-9.921802840491474e-6,-9.843229235960235e-6,-0.000010070111993698881,-9.943312927573935e-6,-9.854142968172061e-6,-9.899310296997867e-6,-9.88858910098557e-6,-9.835394809074695e-6,-9.877780145787375e-6,-9.905959878518757e-6,-9.904032444234238e-6,-9.767500687634917e-6,-9.975303346239622e-6,-9.87036552081062e-6,-9.682957619722756e-6,-9.807114832508006e-6,-9.831401183153648e-6,-9.888785610927077e-6,-9.821845383013106e-6,-9.815713259645469e-6,-9.789792741000984e-6,-9.855662777906884e-6,-9.876044857534017e-6,-9.893490088538814e-6,-9.787194098981011e-6,-9.910818607320832e-6,-9.805754004279339e-6,-9.992616639228688e-6,-9.63761671019375e-6,-9.834688088499874e-6,-9.792476351474684e-6,-9.976596324330262e-6,-9.74897552287748e-6,-9.944139086628626e-6,-9.804084151213773e-6,-9.840731968008287e-6,-9.850324718982306e-6,-9.862711909541624e-6,-9.952531500351284e-6,-9.783542673892844e-6,-9.90715005135312e-6,-9.894807075444569e-6,-9.883887696097598e-6,-9.749883965070847e-6,-9.876805554333674e-6,-9.852466438030869e-6,-9.81871942019107e-6,-9.759511122906489e-6,-9.818857120718086e-6,-9.788254378950536e-6,-9.936522578809306e-6,-9.994604479473852e-6,-9.863302488417584e-6,-0.000010023591686166978,-0.00001001721613720382,-9.904166816850813e-6,-9.803518907206535e-6,-9.777773748421955e-6,-9.928146373843946e-6,-9.870774658635983e-6,-9.76615110210888e-6,-9.929637482993059e-6,-9.952104531536217e-6,-9.824813321853086e-6,-0.000010101948264297082,-9.881369777999102e-6,-9.557887112176314e-6,-9.88489300751291e-6,-9.84759489700588e-6,-9.721560463583215e-6,-9.393713933706827e-6,-9.809030710459892e-6,-9.831871166628928e-6,-9.700256978781484e-6,-9.832961634741671e-6,-9.890425331330601e-6,-9.912006203607468e-6,-9.8816910588134e-6,-9.831956821234195e-6,-9.795033604214592e-6,-0.000010080671059402662,-9.87311766488423e-6,-9.933947337548388e-6,-9.892539081466952e-6,-9.89281789049736e-6,-9.848659152816488e-6,-9.860650547365252e-6
-0.000013654929835158558,-0.000013643693058784595,-0.000013319273899982514,-0.000013535145921976534,-0.000013466040328889231,-0.000013562750175479722,-0.00001354990329884292,-0.00001358360352722626,-0.000013354033931070814,-0.000013616007565771526,-0.00001356124313168102,-0.00001336448381304775,-0.000013586521008000643,-0.000013533710180307954,-0.000013751587082327367,-0.000013630058588920448,-0.00001355398673599694,-0.000013583527259667788,-0.000013554385650060903,-0.000013566349939252389,-0.000013578025163757225,-0.000013594398124158663,-0.00001359518470621455,-0.00001344741660807282,-0.0000136727902415724,-0.000013563957990190836,-0.000013390026735558283,-0.000013505429122892104,-0.000013522989138235698,-0.000013590862742630951,-0.000013503542786122652,-0.000013516657268702481,-0.000013489812343930644,-0.000013543819735127128,-0.000013593002613036574,-0.00001355579336878109,-0.000013511004513097415,-0.000013604330921813974,-0.000013511060199790345,-0.000013687667918340512,-0.000013353854010806142,-0.000013512423180635958,-0.00001347608648206871,-0.000013693989516363856,-0.000013429386361266591,-0.000013616555330347946,-0.000013492454121431678,-0.000013525748996224644,-0.000013575908885286624,-0.000013552155685483685,-0.000013645860390075469,-0.000013465200287494584,-0.000013610030917393276,-0.000013608940347914208,-0.000013589296299308963,-0.000013459148026820183,-0.00001357239793200725,-0.000013525641118763754,-0.000013522119592897238,-0.000013418455463426962,-0.00001357061236715438,-0.000013460430370369022,-0.000013619771421290991,-0.000013685545249303294,-0.000013581108132769412,-0.00001368523630640365,-0.000013687830699087113,-0.00001361113345005499,-0.000013512311746247271,-0.000013475991770181556,-0.000013600298979327032,-0.000013537908746103098,-0.000013444472755647396,-0.000013608458086057931,-0.000013646553083409422,-0.00001353201863379412,-0.000013827872471990496,-0.00001357957201782371,-0.0000132777169830327,-0.000013572239502626183,-0.000013548360629600624,-0.000013415371922784087,-0.000013184395240714161,-0.000013497349072435579,-0.000013525709584552383,-0.000013404991313050011,-0.000013527494464258173,-0.000013571794437613878,-0.000013608616910696232,-0.000013575881332616104,-0.000013516411654736426,-0.000013459264241721126,-0.000013801291051546947,-0.000013590708393868864,-0.000013627898635669853,-0.000013604663033648046,-0.000013577253283527875,-0.000013546764467817478,-0.000013548062678134472
-0.000019070582821808934,-0.000018965911471696044,-0.000018668119012873407,-0.000018903218762525576,-0.000018850073638462557,-0.00001889999457377695,-0.00001890727880551842,-0.000018934021464873416,-0.000018687002403078048,-0.000018997114324888208,-0.000018875856793225796,-0.000018679538505672795,-0.000018953932953940495,-0.00001889373625061366,-0.000019083620796654324,-0.000018974811718800037,-0.000018911314705591287,-0.000018931578484070425,-0.000018896134702142002,-0.000018971876479692574,-0.00001894183410073818,-0.00001894711429428736,-0.0000189578084256108,-0.000018796795671469467,-0.00001904126609498344,-0.000018921676703916268,-0.000018745283382119966,-0.00001888409949035086,-0.000018873329655612544,-0.000018962222702957664,-0.00001885843815473228,-0.00001889079819139759,-0.000018864050540439863,-0.00001888214175868321,-0.000018971030004731042,-0.00001889425470019088,-0.00001890739882942537,-0.00001896047496773771,-0.000018891039662190598,-0.00001906004904454877,-0.0000187580290240438,-0.00001884250398443835,-0.000018832346780313207,-0.0000190799072194583,-0.000018770663504566856,-0.000018961028754355915,-0.00001884765448324033,-0.000018864256252617806,-0.000018965479323499598,-0.000018909028664874868,-0.00001901988686167444,-0.0000188193484278638,-0.000018986038708381424,-0.000018989465591161542,-0.000018960043945137332,-0.00001882326127529779,-0.00001893258251574666,-0.000018845796051250946,-0.000018882595298521283,-0.000018760942212094722,-0.000018974757023890573,-0.00001879297574932275,-0.000018957952189885572,-0.000019045754077065457,-0.000018967617043463965,-0.000019019153228207756,-0.00001903415884809771,-0.00001898908599884155,-0.000018878643816627158,-0.00001883880848055409,-0.000018946079116237593,-0.000018894465935401497,-0.00001878566757476356,-0.000018952934141543704,-0.00001900151880089509,-0.000018896510295626444,-0.000019218954120082164,-0.000018960128867050906,-0.000018672000441877732,-0.00001892423930266863,-0.000018908994745072998,-0.000018771082385575877,-0.000018640701526957074,-0.000018846528911298543,-0.000018892367068271742,-0.000018787047422563863,-0.000018886733595948353,-0.000018922644665988892,-0.000018958761638242415,-0.000018934249198756254,-0.000018878070785217387,-0.00001879371627638121,-0.00001917108813519017,-0.000018977043408907123,-0.000018986240514537544,-0.000018974683419014253,-0.000018915709403900848,-0.000018926708945620137,-0.000018907671530532503
-0.00002687107805346047,-0.000026664924131084822,-0.00002640063989613478,-0.000026629271515216413,-0.00002657383090199367,-0.000026598750356236657,-0.00002663453643427384,-0.000026641946372750014,-0.000026371426488797917,-0.000026736106163515766,-0.000026556518287445745,-0.0000263826057036234,-0.00002668422771552673,-0.000026628596402862307,-0.000026761271133564585,-0.000026681838052901277,-0.000026645133970458946,-0.000026632553032459462,-0.000026626206117160705,-0.000026726817705393666,-0.000026667930233128002,-0.000026685445910937846,-0.000026696182538749995,-0.000026523496707332542,-0.000026787196588768254,-0.000026644685222616283,-0.00002645408259303042,-0.00002662745487550949,-0.000026596092339747852,-0.000026692871606139763,-0.00002656129327138922,-0.000026640597201582615,-0.000026606390587855966,-0.000026566564291402264,-0.000026708443103438804,-0.000026604865960105623,-0.000026670656869053488,-0.000026695273923337037,-0.000026626997549105452,-0.000026813601231910563,-0.00002655102858288953,-0.000026530662390627037,-0.000026559339227272433,-0.000026832678597121986,-0.00002649637717793721,-0.00002667755198564973,-0.000026580778905366847,-0.00002654896460060375,-0.000026711518960867066,-0.00002663583366987206,-0.000026812475673471437,-0.000026544279112873102,-0.000026715012026747356,-0.000026730206106126913,-0.00002669262996369347,-0.00002653756301609812,-0.000026657647379086264,-0.00002653752073425337,-0.000026590546618414196,-0.00002647527060839283,-0.00002670868763699776,-0.000026510117476653692,-0.000026661346089288268,-0.00002678065397957802,-0.00002672339450323384,-0.000026723488267652735,-0.00002676511971702517,-0.000026725213871814992,-0.000026608431980946267,-0.000026556418269212256,-0.000026664565933423836,-0.000026628981394340803,-0.000026494610381288218,-0.0000266450015718037,-0.000026706433047808934,-0.00002661887677918213,-0.000026951645398565178,-0.000026713773855560598,-0.000026440133432656272,-0.000026643481652606168,-0.00002663124996697168,-0.000026459827136767246,-0.000026473457353931523,-0.000026567779665530794,-0.00002662956796143394,-0.00002654577260952674,-0.000026601351787671765,-0.000026643682128177025,-0.000026659991463412892,-0.000026656525199756152,-0.000026616272977480688,-0.000026495725288146114,-0.000026890015945244055,-0.00002673003174293502,-0.00002671061920991693,-0.000026701787482980162,-0.000026614863165933636,-0.000026694164206263162,-0.00002662253584366822
-0.00003799082689930571,-0.00003768956134294302,-0.000037453388547900135,-0.000037657038861003115,-0.00003758139517374025,-0.000037622139465142885,-0.000037679158830199125,-0.000037657413306493924,-0.00003739248588707181,-0.00003777012604024221,-0.000037569814419883575,-0.00003742308762728639,-0.00003768957999485746,-0.00003768583439147062,-0.00003773669626842076,-0.00003769680209616578,-0.00003772373926081011,-0.00003762035916339387,-0.00003766005094750799,-0.00003775162939271198,-0.00003771027387714174,-0.000037745122615974244,-0.00003774787755701027,-0.00003756721326357102,-0.00003784448412002989,-0.000037668606486120994,-0.00003747154984642167,-0.000037663929097897645,-0.00003762997244497665,-0.00003771062560996458,-0.000037553190464588746,-0.000037699523328338204,-0.00003763976562882471,-0.000037535364522850014,-0.00003774697868680851,-0.0000376372769620307,-0.000037740447587375245,-0.000037744733693301504,-0.00003766457154441368,-0.000037880883135781406,-0.00003762853542216226,-0.00003751163624107439,-0.000037594037680054436,-0.000037867760993003633,-0.0000375657727306785,-0.00003769937790288709,-0.000037628572362261034,-0.000037538091116706105,-0.00003775353158211188,-0.0000376728696983834,-0.00003794686186697944,-0.00003757013850923836,-0.00003774514390954849,-0.00003776328311791423,-0.000037720641799548,-0.000037539906915813316,-0.00003769687294537572,-0.00003758266569242468,-0.00003760194554335498,-0.00003748731974073757,-0.00003771872781490972,-0.000037560180212536896,-0.00003769296559252397,-0.00003784072438116214,-0.00003778769692473592,-0.000037725000008519704,-0.00003780818038324011,-0.00003774697160364637,-0.00003766241161992606,-0.00003758160534652559,-0.0000376995978865792,-0.00003768075015567813,-0.0000375102389706732,-0.00003763878618960748,-0.00003771826548910438,-0.000037659846056231455,-0.000037964148087170094,-0.00003777505363931909,-0.00003757000925820436,-0.000037671646544057407,-0.00003766123176390863,-0.000037439906234330205,-0.00003759514693938261,-0.0000376008178791926,-0.000037677578813504395,-0.00003760699019703805,-0.000037623248756072106,-0.0000376783514986294,-0.00003766813251922764,-0.00003769374478096257,-0.000037671763992203884,-0.000037499575712285504,-0.00003792444080875614,-0.00003779475810479411,-0.00003774377219541362,-0.00003773811210085121,-0.00003762308318452303,-0.000037776530841981706,-0.00003761143424516126
-0.000054122614259897905,-0.00005376218411430678,-0.00005353505095520968,-0.000053721491304361055,-0.00005364721362643411,-0.00005368104811607065,-0.00005375540255502678,-0.00005370999523512078,-0.00005348846787207414,-0.00005382259928528023,-0.00005365341893961261,-0.00005350250372053972,-0.00005368430606493911,-0.00005378026655930095,-0.000053747108961606325,-0.000053752967585944645,-0.00005386401877140988,-0.00005363591490903061,-0.00005370118176890675,-0.00005379345740976228,-0.000053793550247281887,-0.00005383836747306771,-0.00005382807987805188,-0.00005366458821546702,-0.000053945350885739084,-0.000053723402705094,-0.000053542463398763294,-0.00005371195598518214,-0.00005369064358743494,-0.000053778647360138205,-0.00005358869626437938,-0.00005379551857750216,-0.00005371378112270651,-0.000053561724728401814,-0.000053810716163255104,-0.0000537210384338969,-0.00005382234067804906,-0.000053831180688926664,-0.00005374303504058132,-0.00005400130921031035,-0.00005369586185908748,-0.00005350928842414364,-0.000053642619704265496,-0.000053901114298119734,-0.00005368615262353546,-0.00005375837252448829,-0.00005370207360141292,-0.00005357557223487235,-0.00005384712482945469,-0.00005375463490962981,-0.00005410708530672187,-0.00005362724353949476,-0.00005383518965212314,-0.00005381254520127788,-0.000053781001664434384,-0.00005354058259295399,-0.00005377466155031369,-0.0000537076988178368,-0.000053645614215358146,-0.000053521110691105795,-0.00005377305717037743,-0.00005366648345638806,-0.00005378205127790428,-0.00005391229467889827,-0.00005388059844663447,-0.000053773619224542825,-0.00005388294134950347,-0.000053799347317576945,-0.00005377499512874581,-0.00005364943642798808,-0.000053785033717558924,-0.000053785117630830296,-0.00005357828402941633,-0.00005366713853591549,-0.00005375360330478589,-0.00005373917662925681,-0.00005393706355839187,-0.000053883717043892455,-0.00005374976560108023,-0.000053730476085046646,-0.00005372723033229784,-0.00005347784495211151,-0.00005369259671234833,-0.00005366146983375984,-0.00005378609865007592,-0.00005368851301642945,-0.000053683861205761314,-0.00005375006897704755,-0.000053732196135803894,-0.00005377178646850302,-0.00005377752262285954,-0.00005354808797613526,-0.000054013861172921954,-0.00005389923946949449,-0.00005382442420541815,-0.00005382169768018601,-0.00005366179416427416,-0.00005389150357864222,-0.000053612609273484435
-0.00007870466446212857,-0.00007827796826578956,-0.00007810965327959103,-0.00007826404528189296,-0.00007821860416260641,-0.00007821525076369069,-0.00007830050451134438,-0.00007826287424622293,-0.00007805870235744569,-0.0000783407062056858,-0.00007823153304403177,-0.00007803696799297139,-0.00007814431038788728,-0.0000783384453442905,-0.00007824834846342282,-0.00007829891404113557,-0.00007849624289539412,-0.00007816307472312026,-0.00007817095194559282,-0.00007830570985863563,-0.00007834994162009942,-0.00007841259669769032,-0.0000783887248860103,-0.00007825599942262637,-0.00007853889300537046,-0.00007827229617237463,-0.00007812921145693732,-0.0000782236154646018,-0.00007822691611176603,-0.00007833515576211389,-0.00007812751090788712,-0.00007837657633454463,-0.00007829848455120424,-0.00007809235499621012,-0.00007835090392858545,-0.00007829321281729835,-0.00007837860968204546,-0.00007840193943163353,-0.0000783068397485131,-0.00007861523061611207,-0.00007820882507683436,-0.00007796311475859858,-0.00007815182395121416,-0.00007840587189646814,-0.00007829599675137609,-0.0000782975676367658,-0.0000782482754815476,-0.00007807639277070228,-0.00007842421182339035,-0.00007833553055561074,-0.00007879759632814256,-0.00007817237909943717,-0.00007842065140613915,-0.00007832976513911488,-0.0000783131473468522,-0.000078005751270344,-0.00007833012756146241,-0.00007832835911541114,-0.00007816907909839673,-0.00007799737284630429,-0.0000783159962568736,-0.00007828859108935871,-0.00007835333879426985,-0.00007842047694977766,-0.0000784385032196792,-0.00007833065648369566,-0.00007843296110224783,-0.00007833803933723331,-0.00007837021456871227,-0.00007819973814482439,-0.00007834916688076273,-0.0000783922508416985,-0.00007813194125062201,-0.00007814387709408788,-0.00007825338349462332,-0.00007829392613586364,-0.0000783251398882229,-0.00007847120780486857,-0.0000783411579382209,-0.0000782825606863537,-0.00007828170885817559,-0.0000780359286917191,-0.00007824391111890493,-0.00007819648211064928,-0.00007838093584264144,-0.00007823609930921266,-0.00007821408599020853,-0.00007830156000680915,-0.00007829969967671642,-0.00007833252685024645,-0.00007838843357780369,-0.00007808930039323437,-0.00007860154997919175,-0.00007848961566445179,-0.00007838700439811568,-0.00007839572594575355,-0.00007817925385741604,-0.00007848328079212112,-0.00007808021774429628
-0.00011767730510862213,-0.0001171202821146492,-0.00011708805204127748,-0.00011717864343169248,-0.0001171820113608227,-0.00011716412771901432,-0.00011721071006686079,-0.00011723250271227338,-0.00011698406531536999,-0.0001172307531266251,-0.00011716699827769131,-0.00011694242278912774,-0.00011704072915460222,-0.00011726516177337864,-0.00011716935747841417,-0.0001172189356162488,-0.00011749017463127202,-0.00011709765216148777,-0.00011702720573244062,-0.00011723842784575374,-0.00011728880997006891,-0.00011735296504101944,-0.0001173516257594893,-0.0001172373848182692,-0.0001175305520827973,-0.00011724239712226208,-0.00011712307189552339,-0.00011713411531956948,-0.00011715100546175712,-0.00011727146201742677,-0.00011704424873242505,-0.00011735973750396319,-0.00011730910444383242,-0.00011702000297546372,-0.0001172610773416371,-0.00011724639412142764,-0.00011735103002700822,-0.00011734700507328337,-0.00011727854600210639,-0.00011761489736305793,-0.00011706299094645437,-0.00011680727746317128,-0.00011706592655925859,-0.00011729776501812324,-0.00011728913316413886,-0.00011724833764958275,-0.00011718142584045416,-0.00011697680223705267,-0.00011742913032537441,-0.00011734489675545004,-0.00011776400415482668,-0.00011712914816758548,-0.00011739589327242239,-0.00011722345295479304,-0.00011721747629284791,-0.00011683728395647664,-0.0001172966695533153,-0.00011734075023988435,-0.0001170875114680655,-0.00011683955465369419,-0.0001172487090077759,-0.00011731029701136982,-0.00011728100418399861,-0.0001173157822372592,-0.00011736079634559629,-0.00011728578470259908,-0.00011737603378511378,-0.00011727669460786491,-0.00011734651707072841,-0.0001171375595002243,-0.00011730696480349078,-0.00011739189089865991,-0.00011708844339134513,-0.00011697987217743437,-0.0001171326707414384,-0.0001172317594924425,-0.00011705232338064171,-0.00011741489915645869,-0.00011727870976560652,-0.00011724731696818692,-0.00011722609354858097,-0.00011698592235958515,-0.00011718386307705333,-0.00011711165372300583,-0.00011735351245684807,-0.00011713330888713044,-0.00011713784041553159,-0.00011726580052226714,-0.00011726974385089132,-0.00011727876603279301,-0.0001173930682189816,-0.00011702662255434759,-0.00011756698498730388,-0.00011746965401639224,-0.00011731496671992398,-0.00011737295161491922,-0.00011709579213278703,-0.0001174509937103546,-0.00011693751711169078
-0.0001813639430422203,-0.0001806892714447194,-0.00018077428977804157,-0.00018080317440393622,-0.00018087500958280383,-0.00018085253292615585,-0.00018080684649678813,-0.00018094516622385037,-0.00018064161996523247,-0.0001808569181784236,-0.0001807926117049569,-0.00018056562605963636,-0.00018075614192344613,-0.0001808917564356484,-0.0001808652656416288,-0.00018087705665298148,-0.00018115156837401008,-0.00018079804064236797,-0.000180656509525553,-0.00018092096735265774,-0.00018095329754147413,-0.00018093197020426725,-0.00018105705374041735,-0.00018094503794689916,-0.00018125774813675046,-0.00018097916833281308,-0.00018084860745529575,-0.00018082498870169446,-0.0001808066302647943,-0.00018095757031468316,-0.00018066551748001754,-0.00018106683777003937,-0.0001810718906633206,-0.00018072876094058632,-0.00018087152464240248,-0.00018095393371791844,-0.00018109069469048812,-0.0001809988245489957,-0.00018102345317007773,-0.00018133432696682458,-0.00018062943326362872,-0.0001804039447744693,-0.00018072067526603205,-0.00018094302739436426,-0.00018098139746043965,-0.0001809410920672749,-0.00018083818147880074,-0.0001806019956545355,-0.00018111267042682664,-0.00018110045356258128,-0.00018124265544506657,-0.00018085411035069767,-0.00018112046558937099,-0.00018082059418563585,-0.00018083245993903268,-0.00018039271527733162,-0.00018100845445397367,-0.00018110911428183038,-0.00018075624536574504,-0.00018043807715633655,-0.00018090833554192516,-0.00018106752429829971,-0.00018091537993951596,-0.00018095245883308135,-0.00018100933020853447,-0.0001809855631656267,-0.00018104709967131408,-0.0001809403363442775,-0.00018110745797087093,-0.00018078824632291704,-0.00018100594755230483,-0.00018113565068916988,-0.00018083251080654113,-0.00018053654799066128,-0.00018075429749599622,-0.0001808956635631366,-0.00018053154036612164,-0.0001810595315871232,-0.000180916857289939,-0.00018094900140075196,-0.00018087614493873078,-0.00018071630472906485,-0.00018084732667144715,-0.00018073827679195267,-0.0001810278670474399,-0.00018072885784533568,-0.00018082034278670106,-0.00018097872151197046,-0.0001809895552371857,-0.00018092184994577976,-0.00018112822938491164,-0.0001806938872122997,-0.0001812703379631067,-0.00018115645085025313,-0.0001809341644923316,-0.00018109311487717652,-0.0001807357091419077,-0.00018113262213466022,-0.00018055518897468285
-0.0002937337499666241,-0.0002930374431508484,-0.00029321961979318514,-0.0002932123377896592,-0.00029329907197431,-0.0002933197708259417,-0.0002931188114666419,-0.00029343642556482654,-0.0002930693152774504,-0.0002932494972366284,-0.0002932054395189028,-0.0002929816228922149,-0.00029328793103994597,-0.0002932418269481206,-0.00029334537810460695,-0.0002933550625405457,-0.0002935096591393341,-0.00029329326648837864,-0.00029307018769649597,-0.000293469557182057,-0.00029338605345786533,-0.00029319769615664256,-0.0002935445127073417,-0.00029343624957310546,-0.0002937840557476707,-0.00029353118057129097,-0.00029335392722334167,-0.00029342356888385085,-0.00029323962793014976,-0.0002934501172148777,-0.00029302454604717446,-0.0002935245019239405,-0.0002935920093097941,-0.00029322690807818876,-0.0002932180810036732,-0.00029345691160630356,-0.00029358311385550547,-0.0002933900586478863,-0.0002935783849333291,-0.00029380280974259634,-0.0002929961244833519,-0.0002927833370931759,-0.0002931539977767931,-0.0002933896974493278,-0.0002934076385217939,-0.00029341909644492605,-0.00029326960774750263,-0.0002929883213221257,-0.00029353025103825834,-0.0002935790500404903,-0.0002932646384873214,-0.0002934050506273666,-0.0002936277595433879,-0.00029315296118473703,-0.00029321057974524424,-0.0002927071126490574,-0.00029351007654426493,-0.0002936676638516807,-0.00029321715442362875,-0.0002928660832014962,-0.00029330731475839993,-0.0002935298586764169,-0.0002933590407249785,-0.00029336033794043995,-0.00029339511670768963,-0.0002934895977248842,-0.00029347441188840994,-0.0002933587877059196,-0.00029368169065018674,-0.0002932075939312131,-0.00029347098843888315,-0.00029371333720221133,-0.0002933914741821068,-0.00029286782802422816,-0.00029311209884490247,-0.000293351003047053,-0.0002928739603566635,-0.0002934230074452701,-0.00029321372484212454,-0.0002934038676290636,-0.0002932754902541054,-0.00029324665461873155,-0.00029327972604299094,-0.0002931338655601653,-0.000293413350867395,-0.0002930907954824984,-0.0002932859361836445,-0.0002934653476471717,-0.0002934797081693613,-0.0002933172210012149,-0.0002936546026862085,-0.0002931248158670068,-0.0002938036328380497,-0.0002935916672667637,-0.0002933184364597126,-0.0002935817923250322,-0.00029314472268904176,-0.00029356709102849,-0.0002929949737291088
-0.0005148858725106309,-0.0005141956059086044,-0.0005144456724167642,-0.0005144032103204283,-0.000514412107788214,-0.000514624810532188,-0.0005141960554059933,-0.0005147377288393274,-0.0005143783752994089,-0.0005143932910905585,-0.0005144369722105114,-0.0005143066176950962,-0.0005145919298180061,-0.0005143619279023997,-0.000514710140693128,-0.0005146828516126812,-0.0005145258966542897,-0.00051455213836411,-0.0005143271548897817,-0.0005148885198125999,-0.0005146198205400142,-0.000514221298386186,-0.0005148205772198161,-0.0005147510667040378,-0.0005152086844141696,-0.0005149231827355134,-0.0005146438596954023,-0.000514953268175857,-0.0005144389102045609,-0.0005147514354608813,-0.0005141516559075002,-0.0005147594149625962,-0.0005148462707808912,-0.0005144665510654878,-0.0005143887737365091,-0.0005147093632784439,-0.0005148082693627042,-0.0005146033660948957,-0.0005149822241541774,-0.0005149972325627913,-0.0005142083465752086,-0.0005139164927230404,-0.0005144398312895177,-0.0005146384862389539,-0.0005146583354536721,-0.0005147188920019046,-0.0005144733874956381,-0.0005142221538656218,-0.0005147503923612758,-0.00051479710593533,-0.0005141014337499258,-0.0005148202448434336,-0.0005148885306993068,-0.0005142102823033807,-0.0005144177767592581,-0.0005137557514622512,-0.0005148841383569114,-0.0005150809106145814,-0.0005144902146986835,-0.0005141521906535183,-0.0005144904570707218,-0.0005147774541734249,-0.0005146091917944814,-0.0005146038890523614,-0.0005144822420117769,-0.0005147869238429099,-0.000514703402608717,-0.0005146071163031594,-0.0005150120855394999,-0.0005144079532522251,-0.0005147476177952046,-0.0005151774955624879,-0.0005148091004574316,-0.0005140232998275086,-0.0005141978874578479,-0.0005146296715901227,-0.0005140737733917175,-0.0005145258121664624,-0.0005142275161616002,-0.0005146069037078968,-0.0005144529953368629,-0.0005146151872408885,-0.0005145532086644074,-0.000514320346762124,-0.0005145189323489742,-0.0005143867747762264,-0.0005145435469383743,-0.0005147337650774871,-0.0005147640123652204,-0.0005145204301986254,-0.0005150177061915542,-0.0005143864725949215,-0.0005151436978727908,-0.000514811586884981,-0.0005145393962395815,-0.0005148589571317705,-0.0005142873648534562,-0.0005148367834011368,-0.0005142621777266885
-0.001024327644098716,-0.0010236687412376582,-0.001023945636827293,-0.0010237927649722933,-0.001023760574866894,-0.0010239855548529906,-0.0010235101082765625,-0.0010241947690998203,-0.0010241621374588662,-0.0010237194072093762,-0.0010239347868237355,-0.0010239521982145687,-0.001024136866521835,-0.00102373588157272,-0.0010244802190843491,-0.0010242909283888697,-0.0010236359679614872,-0.0010240419133957747,-0.001023789057319572,-0.0010247120204428927,-0.0010241127365082387,-0.0010235098931604392,-0.0010243729820662232,-0.0010244132651887326,-0.0010250190649417582,-0.001024576599753048,-0.0010241140008343886,-0.0010248470124694703,-0.001023843491978052,-0.0010243054299626285,-0.0010234866612358752,-0.0010242030892686623,-0.0010242193122115177,-0.0010238620061984297,-0.001023923367246582,-0.0010241250014344843,-0.0010242719324175477,-0.0010241293177802667,-0.0010246462842243924,-0.0010244083336095862,-0.0010237625945074675,-0.0010232633174784495,-0.0010239706949151052,-0.0010241606352137116,-0.001024153519408477,-0.0010242850329761455,-0.0010239335529563616,-0.0010236812899325721,-0.0010241707513551938,-0.0010241566195259288,-0.0010235670730423083,-0.0010245228922658217,-0.0010242489492021888,-0.0010234957725479914,-0.0010238863493414459,-0.001022925404411807,-0.0010246939825056343,-0.0010248925790308653,-0.0010240503524127243,-0.0010237366967321734,-0.00102391560940231,-0.0010243211171759377,-0.0010240575046889123,-0.0010241450857089154,-0.0010237315061394979,-0.0010243396440277042,-0.0010241994674278455,-0.0010241794218014432,-0.0010245273977424882,-0.0010237995773924244,-0.0010242543696746,-0.0010249480226263243,-0.0010245487745622292,-0.0010234333632150668,-0.001023482721710634,-0.0010242078401972768,-0.001023597718966686,-0.001023874092140083,-0.001023347690543154,-0.001023963616884796,-0.0010239862610399097,-0.0010242539228169651,-0.0010243393948394493,-0.0010237286686581078,-0.0010238495310684694,-0.0010240065356442482,-0.001023981588560016,-0.0010241850580594283,-0.0010242972736089042,-0.001023963731991242,-0.001024613983225479,-0.0010239670288197597,-0.0010246944333226595,-0.0010242487632237762,-0.0010240557617227255,-0.0010243594649191402,-0.001023659474456516,-0.0010244374160479372,-0.001023781406362084
-0.0025178102589171994,-0.002517200964677525,-0.002517378543907195,-0.0025169160237111035,-0.002517000709714239,-0.00251684583027158,-0.002516629492121669,-0.002517414497881184,-0.002518237829398264,-0.002516692684552662,-0.0025173273757445997,-0.002517522369563524,-0.0025175757990961115,-0.002516841956368583,-0.00251824276001602,-0.0025177982326160184,-0.002516162656487475,-0.0025175399237897253,-0.0025171380022507347,-0.0025185134777007557,-0.0025174746883451843,-0.002516762258392435,-0.0025180040124362325,-0.0025178324812150966,-0.0025187203926702343,-0.002517992921497695,-0.002517293051190513,-0.0025183547050600654,-0.00251704336714627,-0.0025176454934896135,-0.0025165301857339555,-0.0025176088010373816,-0.0025171548016419314,-0.0025171025586201603,-0.002517239971880399,-0.002517300323092165,-0.0025178338694212205,-0.0025174595230405836,-0.0025179155975025855,-0.0025175408243055444,-0.002517299462651449,-0.002516469814630113,-0.0025173159393914388,-0.002517492667530431,-0.002517304829472337,-0.002517711912601484,-0.0025173496289992185,-0.002517129120574912,-0.0025175495762031212,-0.0025171922925193687,-0.002517294052915859,-0.002518099315905343,-0.002517190024644498,-0.0025167305748746965,-0.0025171419502952874,-0.0025159987824888066,-0.0025185867616615864,-0.002518682439759129,-0.002517593756496024,-0.0025172037526108204,-0.002517204456286635,-0.002517632794792105,-0.0025171881126192846,-0.002517467775347471,-0.00251701140040261,-0.0025177193737308196,-0.0025176946658260384,-0.002517560449094113,-0.0025176424228535573,-0.0025168508727335848,-0.002517538488743995,-0.002518586313893658,-0.0025180859673664888,-0.0025164105185484552,-0.002516665369488586,-0.0025177367118707334,-0.002517174245251913,-0.0025168977023009792,-0.0025159887251230287,-0.0025171292324218464,-0.0025177111876391323,-0.002517826056099643,-0.002518305433996817,-0.002516964748068008,-0.002517320482591401,-0.002517413782216144,-0.002517056142599945,-0.0025175712861952248,-0.00251760698234772,-0.0025170641900672877,-0.0025182124418630797,-0.002517482603757086,-0.002518070284803855,-0.0025175266210139885,-0.002517603606579182,-0.0025176308378755275,-0.002517024201805136,-0.002517767860969429,-0.0025170952603779124
-0.008646892614645265,-0.008646996414295866,-0.008646884774314734,-0.008645432868901657,-0.008645968796664618,-0.008645609465848691,-0.00864547407289688,-0.008645758584293409,-0.008649135062982583,-0.008645083137212326,-0.00864607368760217,-0.008646842043568826,-0.008646267365223965,-0.008645580525391886,-0.008647591550194476,-0.00864751906910615,-0.008643838821699848,-0.00864726850900718,-0.008646381817432202,-0.00864820118551381,-0.008646632356852072,-0.008645823328653615,-0.008646952207520108,-0.008646243015090403,-0.008647621133894235,-0.008647013181609361,-0.008645669377809256,-0.008646960900323911,-0.008645861649997252,-0.008646486558392168,-0.00864546899330507,-0.008646170847603718,-0.008645478165698096,-0.008645822757108259,-0.008645838063927085,-0.008645750960508108,-0.008647462481534971,-0.008646627811838649,-0.008647011239856417,-0.008645999982713287,-0.008646187812396452,-0.008646176322641844,-0.008646689534284631,-0.008646476607749911,-0.008646023424008623,-0.008646568047689197,-0.008646099692316589,-0.008646839632572567,-0.008646967371713676,-0.00864603631218968,-0.00864692145943068,-0.00864698923279866,-0.008645984402931014,-0.008645781255325845,-0.008646071978697373,-0.00864505805185963,-0.00864870812647971,-0.00864840906610401,-0.008646775615641117,-0.008647022635383155,-0.008647126551983122,-0.008645995963249373,-0.008645938912210275,-0.008646376797615409,-0.008646496139347863,-0.008647309268840546,-0.008647221047900533,-0.008646264180809049,-0.008645804989217222,-0.00864587507298607,-0.008646304250834694,-0.00864742969819423,-0.00864743148243352,-0.00864479496474968,-0.008645452859395913,-0.00864772986501993,-0.008646841101826454,-0.008644496478269429,-0.008644579703646151,-0.008645805532449116,-0.008648264918933786,-0.008647083410208478,-0.008648750266866862,-0.008645635786807208,-0.008646404515827006,-0.00864629436312687,-0.008645555034406583,-0.008646626747014685,-0.008646366723548987,-0.008645828265554493,-0.008648542201130986,-0.008646732265366937,-0.008647119746646554,-0.008646534452154412,-0.008647026570223693,-0.00864626322809076,-0.008646139425612032,-0.00864627591884411,-0.008645396041969523
-0.04608859473664345,-0.04609139157445408,-0.04609094891329645,-0.04608571361100021,-0.046087180469893324,-0.046088506788860104,-0.04608729732437094,-0.046087205230585376,-0.046093767913912176,-0.04608750180825362,-0.04608818640793092,-0.046090742892082495,-0.04608707933896154,-0.046087180837104766,-0.04608958788330657,-0.046089939660846665,-0.04608644687828026,-0.046089682890579506,-0.04608710321199824,-0.046090683010083726,-0.046088326378166955,-0.04608717935424341,-0.04608936244693641,-0.04608704804211208,-0.046089177488172386,-0.04608831614393389,-0.04608558733659421,-0.04608732389329527,-0.04608833199664905,-0.04608856640149003,-0.04608758428741293,-0.04608541292752993,-0.046087044432029246,-0.0460879898168918,-0.04608897385024273,-0.04608802035781663,-0.04608806773724659,-0.0460893948795975,-0.04609009131001468,-0.04608798947111257,-0.046087254138078244,-0.046088990592155016,-0.04608842698633347,-0.046087527627041394,-0.0460868534475198,-0.04608942531948719,-0.046086205832457344,-0.04609057889861731,-0.0460912483174288,-0.046087168530637886,-0.04608981800807684,-0.046087260868753616,-0.04608893754910708,-0.0460886968828906,-0.0460891009067949,-0.04608829096192659,-0.04609084274365624,-0.04609249137510178,-0.046088081746117185,-0.04609136832388938,-0.04609077661799309,-0.04608627294198256,-0.04608751972623426,-0.046089019667036546,-0.046089944190099305,-0.04609129515516784,-0.0460903896664961,-0.04608839559834352,-0.0460866968551939,-0.04609251940002135,-0.04608709612117813,-0.046088381399770034,-0.046089602035197255,-0.04608672309725298,-0.04608691666976614,-0.04609128594920053,-0.046090633923364516,-0.046085339791039445,-0.04608739541253874,-0.04608762062734552,-0.04609277889765967,-0.046087561635284005,-0.046094564905794194,-0.04608646387153349,-0.04608900060632529,-0.04608687071596989,-0.04608779278614282,-0.046088743696428104,-0.0460861304092373,-0.0460891775771194,-0.046092924314387426,-0.04608839794823906,-0.04608975998397251,-0.04608913811803075,-0.046090264800763746,-0.04608586152212031,-0.046086887185616765,-0.046086537309925645,-0.046086427841676464
