-0.06797281641072,-0.06797286478190785,-0.0679730096439682,-0.06797435751853702,-0.06797365117536427,-0.06797397902337687,-0.06797320469708111,-0.067973335975161,-0.06797288498136818,-0.06797284348079219,-0.06797290159244877,-0.06797315468957604,-0.06797380026392012,-0.06797307000186842,-0.06797316136796487,-0.0679713875091053,-0.0679736328419019,-0.06797241213181196,-0.06797264355263204,-0.0679718356371003,-0.06797227654861714,-0.067973475715282,-0.06797284483355581,-0.06797333393803989,-0.06797257007627133,-0.06797115118264525,-0.06797247085785539,-0.06797316777854938,-0.06797248948095827,-0.0679724479620991,-0.06797286598369619,-0.06797231120636889,-0.06797262277994787,-0.06797282141713168,-0.0679733907054671,-0.06797287580048535,-0.06797263273800132,-0.06797372531947049,-0.0679721942819439,-0.06797233341590075,-0.06797283775363026,-0.067971931783075,-0.0679724183851447,-0.06797273966929097,-0.06797236251238555,-0.06797297196139505,-0.0679729151894196,-0.06797356352642164,-0.06797325707660136,-0.06797330213079242,-0.06797191121317188,-0.06797305538658262,-0.067972886021827,-0.06797326445070635,-0.06797389094970674,-0.06797281406023291,-0.06797255579030892,-0.06797211891692459,-0.06797312738975922,-0.06797357891369603,-0.06797273148292468,-0.06797201844249805,-0.06797328674944592,-0.06797334889902436,-0.06797270529591892,-0.06797319268252106,-0.06797249883320938,-0.0679731986634696,-0.06797151783610633,-0.06797183343071928,-0.06797250405395344,-0.06797309640939565,-0.06797442322503998,-0.06797221737297372,-0.06797160729552441,-0.06797313381201141,-0.06797291957680968,-0.06797251359525751,-0.06797329598714272,-0.06797317552986121,-0.06797270654487111,-0.0679724252473529,-0.0679719010298597,-0.06797239533543793,-0.0679725781171724,-0.06797235371686826,-0.06797174057833931,-0.06797223777941967,-0.06797185721743805,-0.06797182732895989,-0.06797323958599426,-0.06797348026809012,-0.06797239567196392,-0.06797441970633414,-0.06797353474271715,-0.06797295467286497,-0.0679730551977566,-0.0679733432614559,-0.06797450094131376,-0.0679722220353328,-0.0679734560242218
-0.04631150246203669,-0.04631199517133802,-0.04631175809046768,-0.04631230153387256,-0.04631190857222592,-0.0463118614294597,-0.04631174608775148,-0.046311186834906024,-0.04631194369234444,-0.04631171993621041,-0.0463113678971655,-0.0463116148363348,-0.0463112570976819,-0.046311383575755996,-0.046311428028722984,-0.04631116255654795,-0.04631134915268613,-0.04631182134854132,-0.04631180184056786,-0.046311214386334704,-0.04631096364533452,-0.04631169373747673,-0.04631108359682801,-0.046312397594809845,-0.046311633558677234,-0.046311139785275124,-0.046311260077783745,-0.04631155643935899,-0.046311121419287275,-0.04631153367670719,-0.04631212106745511,-0.046311990577868764,-0.04631125431079743,-0.046311214677212297,-0.04631195363126909,-0.046311222982627215,-0.046311397065488716,-0.04631210900523681,-0.04631162766018407,-0.046311492149804866,-0.046311186530045026,-0.046311219788922414,-0.04631108384679311,-0.046311247963237566,-0.04631065505270794,-0.0463118475058524,-0.04631140426658559,-0.04631165137004491,-0.0463119818361738,-0.046311476512740556,-0.04631142014898312,-0.046312037849035995,-0.04631129524910548,-0.046311723967356166,-0.04631213518081605,-0.04631179279195684,-0.046311733385845814,-0.04631112122049341,-0.04631100459935052,-0.046311405013702685,-0.046311055600165754,-0.04631147097859957,-0.04631151882649022,-0.046311399699724275,-0.04631196522697763,-0.046311392213355826,-0.04631131406611717,-0.04631120985851522,-0.0463114826197745,-0.046311366099853785,-0.04631138403292011,-0.04631145728256221,-0.04631230296353256,-0.04631153568709084,-0.04631143478387883,-0.04631166523543417,-0.04631147273833426,-0.04631141277777659,-0.046311940936345025,-0.046311685468499814,-0.04631138918241686,-0.04631145212645433,-0.0463115427504817,-0.046311535202405066,-0.046311825911424374,-0.04631142025606973,-0.046311642875654604,-0.04631169292855901,-0.0463114941727807,-0.04631093137340675,-0.04631153765751742,-0.04631180159659306,-0.04631149479267627,-0.046312587117088855,-0.04631159426730469,-0.04631149927795877,-0.046311244239032365,-0.04631206878760684,-0.046312267532754456,-0.04631179931292228,-0.04631199363551234
-0.008699001701759385,-0.008698953101841447,-0.008698931383262862,-0.008699037529209665,-0.008699175990511697,-0.008698809418244878,-0.008699040800475955,-0.00869877072232663,-0.00869908963742423,-0.00869882725056771,-0.008698871488729927,-0.008699043781355217,-0.008698775448831908,-0.008698748761459252,-0.008698861213942274,-0.00869888823879,-0.008698773825306195,-0.008698811220796332,-0.00869903395307735,-0.00869885934071584,-0.008698798652402105,-0.00869877149342009,-0.008698780929838428,-0.008699187017477539,-0.00869886259537678,-0.008698983591604995,-0.008698803428711918,-0.008698755086227273,-0.00869879832530564,-0.008699172712759832,-0.008699302079431166,-0.008699036064793733,-0.008698829337949302,-0.008698770407550037,-0.00869908945248948,-0.00869883709663323,-0.0086987825194088,-0.00869921925263269,-0.008699081275049158,-0.008698877089205592,-0.00869869141728206,-0.008699018640592658,-0.0086989360847759,-0.00869875780504963,-0.008698696514236978,-0.008698967614695007,-0.008699027224962977,-0.008698858350210495,-0.008699165342795915,-0.00869873955381666,-0.008698987889199669,-0.008699121129281583,-0.008698975395713127,-0.008699062770205972,-0.008699068420093062,-0.008699060594163987,-0.00869883385490345,-0.0086988387013953,-0.008698639429391156,-0.00869873858172265,-0.008698708732567763,-0.008699148677028739,-0.008698695086952049,-0.008698915249436865,-0.008699198409838219,-0.008698886312207315,-0.008698690059437167,-0.00869879263580507,-0.008699139335650488,-0.008698819517588196,-0.008698925927768537,-0.00869873011221585,-0.00869899507033365,-0.008698874403162266,-0.008698987722211414,-0.008699039289708343,-0.008698766668701056,-0.00869907592678502,-0.00869927852701455,-0.008699055960487152,-0.008698926610907248,-0.008698855854029592,-0.008699077155809322,-0.008698846269811818,-0.008699068022731089,-0.00869887812278144,-0.008699101870940227,-0.008699025391284542,-0.008699124531935502,-0.008698927358995807,-0.008698891423791497,-0.008698770556937407,-0.008698963968975088,-0.008699117608193491,-0.008698886310643524,-0.008698813380836428,-0.008698690134704323,-0.008699306348461552,-0.008698971959777802,-0.008699172678863606,-0.008698788552852131
-0.0025247339758168374,-0.0025246018669444854,-0.002524761713743497,-0.00252467185638832,-0.002524803519190995,-0.002524511324938273,-0.0025246456710090637,-0.0025246616148791824,-0.002524663789484146,-0.0025246193022226806,-0.002524658410103819,-0.0025247025464765886,-0.0025245903200752907,-0.002524611951829727,-0.0025246473291091077,-0.0025247285816770203,-0.0025246079237238547,-0.0025245577476516075,-0.0025247348554365036,-0.002524712992096145,-0.002524696781670328,-0.002524551471839927,-0.0025247422986784587,-0.002524752365838734,-0.002524595304842809,-0.0025247633109403075,-0.00252461963799506,-0.002524559894888272,-0.002524602923186043,-0.0025249099904775954,-0.002524833496268819,-0.0025246634675538983,-0.002524648949587027,-0.002524666554952458,-0.0025246905148770555,-0.0025246886864763503,-0.0025246342492466455,-0.002524853570961236,-0.0025247483264891064,-0.002524718615225566,-0.00252457950587936,-0.002524808866439837,-0.0025248025011419626,-0.002524538078286084,-0.0025246317229081798,-0.0025246845887882115,-0.002524781820525493,-0.002524544158440465,-0.002524820326717496,-0.0025245515022299814,-0.002524855592342528,-0.0025247264196312,-0.002524817368332881,-0.0025247308226240077,-0.002524782500838989,-0.0025247963300438795,-0.0025245858157682396,-0.0025246928930529452,-0.002524573948961689,-0.0025245559522467306,-0.0025245554086217223,-0.0025249367740793494,-0.0025245659995131366,-0.002524678210153255,-0.0025248797258502287,-0.002524732972381841,-0.0025246263057223284,-0.0025246514671982143,-0.0025248922906571567,-0.0025246655437929253,-0.0025247639759375124,-0.00252462311120194,-0.0025246278250176625,-0.0025245894740923455,-0.002524792915403859,-0.0025247067814612102,-0.002524637536878622,-0.002524887795518773,-0.002524954214529168,-0.0025247618010625274,-0.0025247731031142664,-0.002524667549020688,-0.0025248186688963947,-0.0025246521784498418,-0.00252472353561709,-0.0025246652223638558,-0.0025247371952468486,-0.0025247760037924545,-0.002524845933317329,-0.00252479115943616,-0.0025246687406108026,-0.0025246008102943174,-0.0025247468012867644,-0.002524655245328508,-0.0025246866206403936,-0.0025246200178917,-0.002524498006649051,-0.0025248474086727426,-0.0025245643420966453,-0.0025248793510016876,-0.002524547267730373
-0.00102035897327609,-0.0010202537333058623,-0.0010204301187172302,-0.001020307517696743,-0.0010203819813434825,-0.001020199185057418,-0.0010202531123894554,-0.0010203217540926753,-0.0010202689304073223,-0.0010203171690427021,-0.001020308845536284,-0.0010203197636227948,-0.001020254223343783,-0.0010202887959519218,-0.0010203387728303969,-0.001020379013047701,-0.0010202525472289329,-0.0010202238407353472,-0.001020340396210606,-0.0010203945398133253,-0.0010203473440629797,-0.0010202561665797164,-0.001020415061656836,-0.0010203360842084325,-0.0010202717263710004,-0.0010203656749433563,-0.0010203209055525417,-0.0010202683395205965,-0.001020252916156123,-0.0010204799888725844,-0.0010203768692094496,-0.0010202822959155269,-0.0010203089476882633,-0.0010203711119742354,-0.001020336348744398,-0.0010203354808661627,-0.0010203410514679802,-0.001020419198932475,-0.001020414957931567,-0.0010203578189375171,-0.0010202859539977282,-0.0010204258522745814,-0.0010204335788071167,-0.0010202201632307315,-0.0010203050121827748,-0.001020297812489263,-0.0010203943853115515,-0.0010201906702857766,-0.0010204064509466188,-0.0010202568844145605,-0.0010204745971186268,-0.001020319594330092,-0.0010204184783520658,-0.0010203229115227311,-0.0010203884624770407,-0.0010203807402597944,-0.0010202556392709182,-0.0010203724732051602,-0.0010202965691909023,-0.00102026696794857,-0.0010202701204946618,-0.001020494038201487,-0.001020318119188718,-0.0010203233618485716,-0.0010204496774598043,-0.00102037743282721,-0.001020317974012308,-0.0010203383190132461,-0.0010204620025594361,-0.0010203788191122279,-0.0010204285497496094,-0.0010203683324329048,-0.0010202637558180366,-0.0010202871044773956,-0.001020406922234164,-0.0010203362168571051,-0.0010203111107047929,-0.001020493897127699,-0.0010204958541685477,-0.0010203861587979944,-0.0010203944270862975,-0.001020337310578527,-0.0010204223728653263,-0.0010203216591642837,-0.001020321228413756,-0.0010203485866733895,-0.0010203310968614127,-0.0010203994830511696,-0.0010204334017785129,-0.0010204145729625722,-0.0010203225236252891,-0.0010203195523382613,-0.0010203734978240626,-0.001020244708071359,-0.0010203170399868036,-0.0010203112501934127,-0.0010202156503759901,-0.0010204228672596651,-0.001020205986491309,-0.0010204743800701133,-0.0010202039349147458
-0.000507089679187815,-0.0005070357013349325,-0.0005071730720832943,-0.000507055484346875,-0.0005071212062087026,-0.0005069922867555275,-0.0005069971122356671,-0.0005070678702589501,-0.0005070355623113134,-0.0005070922276533634,-0.0005070815268128882,-0.0005070816534082487,-0.0005070259625718923,-0.0005070570648499623,-0.0005071200592210035,-0.0005071289625583843,-0.0005070354395919437,-0.000507015293796251,-0.000507053720517357,-0.0005071425734662554,-0.0005070828206863244,-0.0005070331934284668,-0.0005071329283535102,-0.0005070705061044614,-0.0005070650823113462,-0.0005071058020270679,-0.000507112579274256,-0.0005070446506135927,-0.000507012077076978,-0.0005071574394912087,-0.000507079947746439,-0.0005070512246420159,-0.0005070661250366549,-0.0005071345992928604,-0.0005070907293744319,-0.0005070811450929838,-0.000507095368604057,-0.0005071416014263507,-0.0005071577665506331,-0.0005071090305123931,-0.0005070541309797183,-0.0005071478268836968,-0.0005071389376990986,-0.0005069966477474541,-0.0005070650434182141,-0.0005070296466757039,-0.0005071167708352198,-0.0005069873163734838,-0.0005071113680935586,-0.000507045653926252,-0.0005071908812808346,-0.0005070547084207594,-0.0005071305371586847,-0.0005070443752572358,-0.0005071087546516381,-0.0005070902556741043,-0.0005070271204588404,-0.0005071275052973001,-0.0005070821517014432,-0.0005070590767721696,-0.0005070617340523289,-0.0005071829717670198,-0.0005071148164958693,-0.0005070750861057773,-0.0005071454884349002,-0.0005071174206110177,-0.0005071107996153354,-0.0005071067053336948,-0.0005071573020461617,-0.0005071653647562618,-0.0005071801146687975,-0.0005071380198590801,-0.0005070379075282107,-0.000507065314426153,-0.0005071256672755343,-0.000507069383342265,-0.000507071487880751,-0.0005071884991007605,-0.0005071648684802845,-0.0005071177534384818,-0.0005070955017542618,-0.000507099644835202,-0.0005071373815407361,-0.0005070718010557786,-0.0005070516214396146,-0.000507112107624484,-0.0005070763418103738,-0.0005071269950994113,-0.0005071497043179966,-0.0005071358276210257,-0.0005070804803050152,-0.0005071030901734966,-0.0005071014578230592,-0.0005069882494796691,-0.0005070353783616526,-0.0005070717747636105,-0.0005070157532421106,-0.0005071303459009528,-0.0005069834626227,-0.0005071788047219536,-0.0005069630944555129
-0.0002843299241756538,-0.0002843157607592319,-0.00028441178408870774,-0.00028431021620001115,-0.000284368053731309,-0.00028427732046915576,-0.0002842562811295592,-0.0002843174599318791,-0.0002842955680297059,-0.0002843547365499941,-0.0002843376449258873,-0.00028434274509840066,-0.0002843022667058878,-0.0002843327507241843,-0.00028438218538827663,-0.0002843781910655313,-0.00028432345647703337,-0.0002843058107960862,-0.0002842870099420355,-0.00028437861982051767,-0.0002843308641925749,-0.0002842949069564673,-0.0002843548538749529,-0.000284314559211866,-0.0002843480039337454,-0.0002843608005341558,-0.00028438384760481856,-0.00028430768511203587,-0.000284269588101471,-0.0002843668631487415,-0.00028431674700630925,-0.00028432253173068286,-0.00028433399070821566,-0.0002843822576063781,-0.00028434755537143776,-0.00028432145487361363,-0.00028433821266268117,-0.00028438061120590743,-0.0002843902355305595,-0.00028435864660606266,-0.00028431601849450287,-0.0002843800746028841,-0.00028435784303195105,-0.0002842721596228287,-0.00028432281705231415,-0.0002842837554305846,-0.0002843601569130802,-0.00028428503947359476,-0.00028433909842225135,-0.0002843182609328415,-0.000284418018169868,-0.00028431842549805664,-0.0002843668421411001,-0.0002842918435860727,-0.0002843396577550734,-0.0002843336755822747,-0.00028429856897195315,-0.00028436099129240693,-0.00028434898063806687,-0.0002843269366075694,-0.00028433868765849344,-0.0002843992805204961,-0.00028438707674736485,-0.00028433542064536347,-0.00028436924823563347,-0.00028436227933962557,-0.0002843879369848059,-0.0002843606482476121,-0.00028438021334146535,-0.0002844305571029659,-0.00028442098523114533,-0.0002843856029680074,-0.0002842948769468118,-0.0002843331971744888,-0.00028436144294866734,-0.00028431054130170525,-0.0002843406176557392,-0.00028439191058658557,-0.00028437618884764784,-0.00028436391794182676,-0.0002843160994162709,-0.0002843608630034389,-0.0002843643068333241,-0.0002843178707860213,-0.00028430546951828265,-0.000284368989355755,-0.00028432616341929947,-0.000284367874625139,-0.0002843867171134266,-0.0002843690594450024,-0.00028433920828429204,-0.00028436358880432554,-0.00028433636020812553,-0.0002842484969416435,-0.00028427171246493666,-0.00028432698795484055,-0.0002842982687461717,-0.0002843601601065145,-0.0002842629889562505,-0.000284392275878137,-0.0002842320648981454
-0.0001714217848879493,-0.00017142904002055855,-0.0001714975941904476,-0.00017141601735060297,-0.00017145794375551934,-0.000171392307247,-0.00017136820615598148,-0.00017141466135870635,-0.00017139679197844364,-0.00017146058130807358,-0.00017144063046776266,-0.00017144991453904728,-0.0001714133961642675,-0.00017144997027892324,-0.00017148168004153954,-0.00017147278590883488,-0.00017144195681514438,-0.00017142644748262506,-0.00017138706673446076,-0.0001714650502387618,-0.00017142953358524772,-0.00017140195384648615,-0.00017143753486193505,-0.0001714119781848896,-0.00017146308622867495,-0.00017145932986760009,-0.0001714888502945667,-0.00017141263679383578,-0.00017137903861353502,-0.00017144467039046334,-0.00017140955295238969,-0.00017143475498838056,-0.00017144842808642892,-0.00017147167527918725,-0.00017144886531423272,-0.00017141447006632841,-0.0001714266119108637,-0.00017147205593608797,-0.00017147453188450366,-0.00017145499402034632,-0.00017142031370606135,-0.00017146678184929885,-0.0001714395956357468,-0.00017138996750758878,-0.00017142525255493894,-0.00017139071766647656,-0.0001714537721547158,-0.00017140919634415472,-0.00017142317662241526,-0.00017143349588139397,-0.00017149794807551371,-0.00017143018176715816,-0.0001714541156250681,-0.00017139859179215804,-0.0001714224040503409,-0.00017143154576250837,-0.00017140764659736088,-0.00017144491959597652,-0.00017145388003576725,-0.00017143243951699892,-0.00017145032041593274,-0.00017148220132091635,-0.00017149520555748339,-0.0001714391658156785,-0.00017145749878452981,-0.00017145892239955603,-0.00017149054290788152,-0.00017145847612675552,-0.0001714674550540383,-0.00017152810319698167,-0.00017150574011239427,-0.0001714801197500327,-0.00017139524507735134,-0.00017144291878607479,-0.00017145150706748618,-0.00017140353556586288,-0.00017145113320105393,-0.0001714571425459626,-0.0001714596233866329,-0.00017145952763451502,-0.00017140495425205552,-0.0001714627621119865,-0.0001714534749536172,-0.00017141299761004345,-0.0001714090881636724,-0.00017147027774300368,-0.00017142127183704116,-0.00017146185408392308,-0.00017148031431727425,-0.00017146192261050295,-0.00017144284431598716,-0.00017146113110066077,-0.0001714285987886884,-0.00017135487379606662,-0.00017137088318971752,-0.00017142770213264975,-0.00017142069526551433,-0.0001714488061623453,-0.00017137781608136978,-0.0001714685442876749,-0.0001713508759932489
-0.00010814831595033476,-0.00010817041526155804,-0.00010821938720669482,-0.00010815832812649648,-0.00010818360081782619,-0.00010813760913818153,-0.00010811528768555888,-0.0001081501872840432,-0.00010813516912257885,-0.00010819859018950587,-0.00010817907173680893,-0.00010818676673321825,-0.00010815364814099519,-0.0001081928130311589,-0.00010820967441187642,-0.00010820209346001192,-0.0001081826819773114,-0.00010817263061880324,-0.00010813159010452389,-0.00010819376891419157,-0.00010816290558022815,-0.0001081449135486037,-0.0001081645573561435,-0.00010814808106614292,-0.00010820400636314716,-0.00010819110411650826,-0.0001082213348318945,-0.00010815278980154124,-0.00010812208974193583,-0.00010816607831772924,-0.00010814205948967662,-0.00010817766063346345,-0.00010819206559023535,-0.000108194145087292,-0.00010818290299457851,-0.00010814727197043682,-0.00010815279496433384,-0.00010819803398795993,-0.00010819676713183185,-0.00010818711088122164,-0.00010815923616161654,-0.00010818962805427622,-0.00010816450336532696,-0.00010813814353739668,-0.00010816230206778268,-0.00010813434225838146,-0.000108183107947375,-0.00010815781333031453,-0.00010814772023500027,-0.00010817587747555883,-0.00010821514787914049,-0.0001081710529189314,-0.00010817914316716686,-0.0001081408942017538,-0.00010814254945602348,-0.00010816795433567111,-0.0001081485899915932,-0.0001081735386274263,-0.00010819215476472812,-0.00010817228306364535,-0.00010818942737987202,-0.00010820721601434713,-0.0001082284122145638,-0.00010817339139451067,-0.00010818510361457518,-0.00010819396912652095,-0.00010821766239599846,-0.00010819434924123195,-0.00010819650950475863,-0.00010824981393465908,-0.00010822490176363836,-0.0001082057061580178,-0.00010813630267673633,-0.00010818197171189313,-0.00010818048421103681,-0.00010813858220330666,-0.0001081893538644912,-0.00010817115379313177,-0.0001081846918908329,-0.00010819031837504037,-0.00010813865301389535,-0.00010819840740174846,-0.00010818364474905515,-0.00010814459023439008,-0.00010814928512147475,-0.00010820588821247709,-0.0001081568197931149,-0.00010818984147155168,-0.00010820921882454431,-0.0001081907210260543,-0.00010818051230394979,-0.00010819033610927681,-0.00010816457627143718,-0.00010809561775620592,-0.00010811290791855877,-0.00010816133261742546,-0.00010817311151581669,-0.00010817921676357959,-0.00010812050655028886,-0.00010818812381661556,-0.00010810580698448916
-0.00007028771255421768,-0.00007032112745993614,-0.0000703545478230099,-0.0000703114382607129,-0.00007032382760057124,-0.00007029243740756078,-0.00007027366432316046,-0.00007030108323557855,-0.00007028743044934995,-0.00007034367878814684,-0.00007032605584429019,-0.0000703325542391679,-0.00007030552900956937,-0.00007034151851806466,-0.0000703496120455619,-0.00007034126851362171,-0.00007033170052055611,-0.00007032268055186738,-0.00007028952928128729,-0.000070336228570871,-0.00007030771014088393,-0.0000702981874264618,-0.00007030860274554929,-0.00007029695983815762,-0.00007035162345311737,-0.0000703344528847492,-0.00007036211152205638,-0.00007030501083823749,-0.00007027596312986266,-0.00007030537502658277,-0.0000702894355846343,-0.00007032823560148547,-0.00007034144224766188,-0.00007033124912861398,-0.00007032835644701467,-0.00007029446741712615,-0.00007029550313045134,-0.00007033481086733421,-0.00007033438589439187,-0.00007033066500959496,-0.0000703074285464009,-0.00007032589411392354,-0.00007030814542667979,-0.00007029337707479795,-0.00007031334850334764,-0.0000702883659302958,-0.00007032353758057176,-0.00007031264860224868,-0.00007028821401179912,-0.00007032482193923095,-0.0000703468318783684,-0.00007032041303356149,-0.00007031838134145929,-0.000070291654820966,-0.00007028413174509142,-0.00007031599284652691,-0.00007030105760524364,-0.00007031846342023463,-0.00007034081183863685,-0.0000703235756500344,-0.00007033704834063031,-0.00007034604570283692,-0.00007036742431965335,-0.00007031890365363362,-0.00007032594058486842,-0.00007033818842262229,-0.00007035510700949998,-0.00007034110385563576,-0.00007033964142350405,-0.00007037993841284794,-0.00007035998262947853,-0.00007034231564185025,-0.00007029250771375709,-0.00007032754088610872,-0.00007032338204763349,-0.00007028991548501206,-0.00007033643829262631,-0.00007030749939376438,-0.00007032504391434754,-0.00007033225441414339,-0.00007028667852847867,-0.00007034547102904338,-0.0000703285149914138,-0.00007029375987057818,-0.00007030067388111614,-0.00007035102547696978,-0.00007030765229188875,-0.00007032953314064509,-0.0000703463314815056,-0.0000703301064983666,-0.00007032676334444999,-0.00007033162363266724,-0.00007031664911030021,-0.00007025304702708407,-0.00007027023992439708,-0.0000703058920628637,-0.00007032968579047811,-0.00007032391982767273,-0.00007027138050838197,-0.0000703247742856139,-0.0000702685823984435
-0.000046631144631986686,-0.00004666794141349917,-0.00004669028054616246,-0.000046661627187089176,-0.00004666480988696867,-0.00004664409791429548,-0.00004663029579633207,-0.000046653672111769955,-0.0000466402186897709,-0.000046685243213249675,-0.000046672344611828456,-0.000046676317652266997,-0.00004665562762583147,-0.00004668539913443952,-0.00004669101442973461,-0.00004668113649901762,-0.000046678087941292055,-0.00004666826712039783,-0.00004664435432326177,-0.00004667869389951604,-0.00004665400496407699,-0.000046648835388617864,-0.000046654968613426985,-0.00004664569663797503,-0.00004669540425250568,-0.000046677472797624375,-0.00004670112217649345,-0.00004665746572771216,-0.000046629374569448026,-0.000046649808037138726,-0.00004663713263157664,-0.00004667433913258846,-0.00004668551043024636,-0.000046670825228697475,-0.000046674546219174655,-0.00004664349611986373,-0.00004664106696168462,-0.00004667301290585257,-0.00004667468216163516,-0.00004667518996622532,-0.00004665495184293026,-0.00004666571163980615,-0.00004665486390483507,-0.00004664640317322857,-0.000046661998119752355,-0.00004664117543068656,-0.000046664593840388795,-0.000046662417530850214,-0.00004663073825602393,-0.00004667163059990327,-0.000046682097678256344,-0.00004666781557747047,-0.000046661373865019434,-0.00004664056934134569,-0.00004663505644282114,-0.000046661568799170923,-0.00004665312220999214,-0.00004666403023003459,-0.000046686631574176685,-0.00004667200016265952,-0.0000466814744999434,-0.00004668585080922885,-0.0000467041472513231,-0.00004666499970429291,-0.00004666921661427465,-0.00004667921589358292,-0.000046692212491785757,-0.00004668574128739568,-0.00004668215574855159,-0.0000467110211444048,-0.000046696984456263784,-0.00004667987849068497,-0.00004664531700159941,-0.00004667123963306846,-0.00004666695006010953,-0.00004664347925700402,-0.00004668201153758675,-0.00004665010430523273,-0.00004666640347761131,-0.000046674660112690415,-0.000046636359597725314,-0.000046688794540259294,-0.00004667439260181559,-0.000046644257917159034,-0.00004665119694236782,-0.00004669348948648205,-0.00004665759615415693,-0.00004666939985560137,-0.000046683586629714966,-0.000046671551782173576,-0.00004667095722197478,-0.00004667338237216462,-0.00004666712225783097,-0.0000466118893087953,-0.000046625932661214225,-0.00004665256188165001,-0.00004667870432716158,-0.00004666875754348575,-0.00004662067760704267,-0.00004666632383504602,-0.000046626484026556923
-0.00003139381127918802,-0.0000314294231680173,-0.000031442962292306855,-0.000031425659818166906,-0.000031422495408584854,-0.000031410434330408254,-0.000031400033078869875,-0.00003142016068251319,-0.00003140779335517558,-0.000031442032926158167,-0.00003143398979889747,-0.00003143510650636812,-0.000031419440498710816,-0.000031442311305259994,-0.000031448228106394384,-0.0000314380735112448,-0.000031438677089193747,-0.000031428174420086926,-0.00003141134130717148,-0.00003143754323456713,-0.00003141666956681498,-0.000031412592941000895,-0.000031417844261900707,-0.00003140993792427752,-0.000031452218662116174,-0.00003143660776368099,-0.000031454847398217264,-0.000031424175680404255,-0.000031397541408344275,-0.00003141187308975372,-0.000031401276113269875,-0.00003143432233400373,-0.000031442942262724926,-0.000031428042020966396,-0.000031435776829538765,-0.00003140972143185959,-0.000031403096560341846,-0.00003142790379655151,-0.00003143242395194504,-0.000031435337217208455,-0.00003141867985087819,-0.00003142455885627247,-0.00003141746001380927,-0.000031413444641362784,-0.0000314248956800347,-0.00003140820526932306,-0.00003142322492369786,-0.00003142607887228904,-0.00003139215914992887,-0.00003143309787116337,-0.00003143674054279549,-0.000031430276683418746,-0.000031423458169211826,-0.00003140401113151174,-0.00003140493443148003,-0.00003142174560954799,-0.00003141951299533438,-0.00003142536183676951,-0.00003144559660246035,-0.00003143319774680994,-0.00003144034638796806,-0.00003144199128418109,-0.00003145648706230262,-0.000031426234514583825,-0.000031429057297200825,-0.00003143541256535986,-0.00003144595270661048,-0.0000314441481497178,-0.00003144048785865602,-0.000031460366466023,-0.000031450604874118694,-0.000031434933687022816,-0.000031411606342795,-0.000031431075732344906,-0.000031425610666831153,-0.000031411852450841376,-0.00003144245359115254,-0.00003141143281747095,-0.000031424159301839036,-0.00003143337175963754,-0.00003140265596167288,-0.00003144559726820544,-0.0000314356620283285,-0.00003140894719922969,-0.000031416097933765466,-0.00003145061691014813,-0.000031422037910778614,-0.00003142697873296164,-0.00003144030091020451,-0.000031431218997832,-0.00003143054279281481,-0.000031432307487088275,-0.000031430116643557805,-0.00003138192050938798,-0.00003139410048839032,-0.000031415936077756165,-0.000031439927560559145,-0.00003142908434029274,-0.00003138630599881288,-0.00003142714822274911,-0.00003139677436904848
-0.000021362612898652094,-0.000021394771893291715,-0.000021401872813157046,-0.00002139267295185176,-0.000021385796299432974,-0.000021379382534866135,-0.000021371543450402093,-0.00002138869444266253,-0.00002137840961993067,-0.00002140369195190498,-0.000021399148648275502,-0.00002139845109798043,-0.000021386693877339553,-0.000021403935443335214,-0.000021409687580296062,-0.000021400536180168873,-0.000021402295081005487,-0.00002139177792193907,-0.00002138003617226919,-0.00002140149844515539,-0.000021383611715489157,-0.00002138004596034667,-0.000021384733392056846,-0.000021378783226210783,-0.000021412561265965607,-0.00002140027367152295,-0.000021413639971895474,-0.000021392477484512617,-0.0000213692936730742,-0.000021379244755919376,-0.0000213706910499294,-0.00002139837608570972,-0.00002140445129296287,-0.00002139097760479899,-0.00002140020604958503,-0.00002137855013307543,-0.00002137014565313941,-0.000021388230079989924,-0.000021395560567191818,-0.000021398513172137164,-0.000021385384680540026,-0.00002138864575352422,-0.00002138363910925635,-0.000021382970451003905,-0.000021391921683858133,-0.00002137721826301112,-0.000021386882238089172,-0.00002139262118167305,-0.000021360556390994413,-0.000021398072872433295,-0.000021398175045423314,-0.000021395767020784456,-0.000021389855118891408,-0.000021371506841481927,-0.00002137780951986535,-0.000021386862780860927,-0.000021388097906777743,-0.000021390491122049418,-0.000021407842303649965,-0.000021397558006119466,-0.00002140340987919906,-0.000021403329734464808,-0.00002141458959320907,-0.000021391513608004284,-0.000021393294224634284,-0.00002139704645415788,-0.00002140552003028625,-0.00002140640619420306,-0.000021403322601230138,-0.000021416286704743998,-0.000021409170942484893,-0.000021397107531225723,-0.000021380265869815843,-0.000021395569923574752,-0.00002138940948991281,-0.00002138201412741432,-0.000021405362857780582,-0.000021379081919111776,-0.000021387231580108094,-0.00002139633082770749,-0.000021372602715696286,-0.000021406571405101747,-0.000021399859086863414,-0.000021377291185426627,-0.0000213833872595218,-0.00002141129447227596,-0.00002138909673548216,-0.000021390015916808084,-0.00002140375483811929,-0.00002139595142399293,-0.000021394530861232074,-0.000021396382401385866,-0.000021395372777826532,-0.000021353253632519427,-0.0000213637613607407,-0.0000213824954831654,-0.000021404486401520976,-0.00002139333793491941,-0.00002135732013154391,-0.000021391723357197585,-0.00002136840980881366
-0.000014648762061966461,-0.000014677521316342852,-0.00001468023827804622,-0.000014676413197713202,-0.000014667865686040038,-0.00001466520925001932,-0.000014659029029155829,-0.00001467412100709404,-0.000014665463493569194,-0.000014683836355628607,-0.000014681792165095656,-0.000014680107096777632,-0.000014671381976496395,-0.00001468424614238243,-0.000014689270564019839,-0.0000146818442111567,-0.000014683255840534945,-0.000014673701012841376,-0.000014665408451854691,-0.00001468300923524068,-0.000014668031894631441,-0.000014665229079548814,-0.000014668834615494716,-0.000014664938968703524,-0.000014691359219308652,-0.000014682114360171102,-0.000014691649082247307,-0.000014676886183309228,-0.000014658058808000825,-0.000014665247169339296,-0.00001465830831849119,-0.000014680443610307837,-0.000014684513136209212,-0.000014673457596570563,-0.000014682111223008626,-0.000014664133616048446,-0.000014655695706750409,-0.000014668558777795999,-0.000014676599117574158,-0.000014679081859056195,-0.000014669215808227437,-0.00001467161731322967,-0.000014667850613431881,-0.000014669288267122593,-0.000014676442320762452,-0.000014662464106702352,-0.00001466977290401053,-0.000014676041230938527,-0.000014649482246065365,-0.00001468025554652353,-0.000014678967238479788,-0.000014678242827437276,-0.000014673783612518718,-0.000014657427424847022,-0.000014665688551276438,-0.000014669931447608454,-0.000014673357333641243,-0.000014673380807279376,-0.00001468795749012447,-0.000014679881372616607,-0.000014684510596790218,-0.000014683633424157742,-0.000014692113623914401,-0.000014675101633226433,-0.000014675200217676756,-0.00001467804085813573,-0.000014684420722403876,-0.000014686922276517318,-0.000014684335273761184,-0.0000146918178470065,-0.000014687228299974401,-0.000014679089135283487,-0.000014666090911131157,-0.000014677533573858554,-0.000014672576375990512,-0.000014668893192812575,-0.000014685522869574454,-0.000014665434202847506,-0.000014669549422947904,-0.000014677735426348751,-0.00001465965525945709,-0.000014686336100755081,-0.000014681520818088921,-0.000014663198234912133,-0.000014667333349628092,-0.000014690023051176902,-0.000014672713975505712,-0.000014672048700812247,-0.000014685154460114969,-0.000014678803903962005,-0.00001467651292078168,-0.000014678445226147343,-0.00001467833825043007,-0.000014642254747948756,-0.000014650946575527274,-0.000014666682940395952,-0.000014686399154497911,-0.00001467576211255356,-0.000014646201974565289,-0.000014673447422401054,-0.000014655940054662434
-0.000010104599905942542,-0.00001013032611674849,-0.000010130468305776342,-0.000010129890344857334,-0.000010121049373464725,-0.000010120928845294434,-0.000010115813881846592,-0.000010129213036054432,-0.00001012165422548085,-0.000010134995195240139,-0.000010134673935675161,-0.000010132745697325737,-0.000010126126711367885,-0.000010135637941587628,-0.00001013940264776739,-0.000010133565281149922,-0.000010135030334071396,-0.000010126763523031364,-0.000010120716095671702,-0.000010134956813956973,-0.0000101226346521263,-0.000010120098748147298,-0.00001012298250880852,-0.000010120951718450176,-0.000010141218876394961,-0.000010134296880204165,-0.000010141138760948878,-0.000010131014614417984,-0.000010115771236681981,-0.000010121433230191146,-0.000010115440008683693,-0.000010132749601530869,-0.000010135602986213627,-0.000010127087424785174,-0.00001013450506275539,-0.000010119540752709293,-0.00001011151902640704,-0.000010120919971948913,-0.000010128901153674799,-0.000010130412253551957,-0.000010123649055812702,-0.00001012575061744388,-0.000010122455304748472,-0.000010125123242559914,-0.000010130492323942027,-0.000010117500055226348,-0.00001012404445387969,-0.000010129507882918017,-0.000010109543797642175,-0.000010132802607420502,-0.000010130885695994485,-0.000010130863959708472,-0.000010127645510047964,-0.000010113704031162649,-0.000010122107542629416,-0.000010123860866556864,-0.000010128095854365937,-0.000010126404766008482,-0.000010138793253822563,-0.00001013262041069279,-0.000010136084352654702,-0.000010134975735256117,-0.000010140946380635028,-0.00001012895956490619,-0.00001012762135316647,-0.000010130363632946535,-0.000010134985616317845,-0.000010138119789512765,-0.000010136287307802059,-0.000010139829341254441,-0.000010137380289449719,-0.000010131914455986167,-0.000010121261863383008,-0.000010129490813810388,-0.000010126703582866763,-0.000010125183654032742,-0.000010136413106026601,-0.000010121764578386396,-0.000010122707982107695,-0.00001013054486570709,-0.000010116501805522713,-0.00001013681351686694,-0.000010133708769905118,-0.000010119082537272973,-0.000010121065598953604,-0.0000101402553293636,-0.000010126311240600876,-0.000010125307630184556,-0.000010136997784557654,-0.000010131708528932141,-0.000010129337523557146,-0.000010130840090131066,-0.000010130907654986886,-0.000010101709641051021,-0.000010108787660076804,-0.000010121425228166327,-0.000010138282806625811,-0.000010128974426038588,-0.000010104887920892573,-0.000010126138876873645,-0.000010112977711142618
-7.004075166211876e-6,-7.026249404855924e-6,-7.0248112918230344e-6,-7.026122379536072e-6,-7.01781130391505e-6,-7.019407759871568e-6,-7.014905928491442e-6,-7.026540224588452e-6,-7.020367510957936e-6,-7.029591423376012e-6,-7.030283063875445e-6,-7.02845802691977e-6,-7.023435464120963e-6,-7.0303620143099235e-6,-7.033045884044822e-6,-7.028354088064164e-6,-7.030081990955067e-6,-7.0232269437115195e-6,-7.018649523894823e-6,-7.0298204969567845e-6,-7.020120121633592e-6,-7.017496597566812e-6,-7.02051392268473e-6,-7.019516044260868e-6,-7.03479019285698e-6,-7.029355551570397e-6,-7.034350680713334e-6,-7.0272635698303395e-6,-7.015111349310133e-6,-7.019691152296982e-6,-7.014524989673439e-6,-7.027979809260919e-6,-7.030177614972019e-6,-7.023648654673771e-6,-7.029777658634773e-6,-7.017502002823568e-6,-7.0103754440151815e-6,-7.017152448159869e-6,-7.0250557395662385e-6,-7.02576285703244e-6,-7.020863311210203e-6,-7.022735239629142e-6,-7.019974462300672e-6,-7.0228921936039625e-6,-7.026668717222218e-6,-7.015620030998283e-6,-7.021458539787107e-6,-7.025597921901683e-6,-7.0106777597541956e-6,-7.028341922994983e-6,-7.0263239076164185e-6,-7.0264426784385125e-6,-7.0243038938498776e-6,-7.0128441090978135e-6,-7.020599309768364e-6,-7.020859955968545e-6,-7.0253555788598216e-6,-7.022915539758699e-6,-7.0330814133941285e-6,-7.027954039851408e-6,-7.030788458030112e-6,-7.029631019512337e-6,-7.033700775740747e-6,-7.025379014182391e-6,-7.023043884252532e-6,-7.0259890958401035e-6,-7.029594194833472e-6,-7.032678682768398e-6,-7.031643375211583e-6,-7.0324703031005855e-6,-7.031489840303326e-6,-7.027746341187621e-6,-7.0184645172010345e-6,-7.024764539529431e-6,-7.023678032566752e-6,-7.023093746726294e-6,-7.030747185326475e-6,-7.019602946785187e-6,-7.019022185349444e-6,-7.02679434973135e-6,-7.015640472283153e-6,-7.030895662407446e-6,-7.028997585256245e-6,-7.017510579710021e-6,-7.017958190164714e-6,-7.034014976334216e-6,-7.023251428746621e-6,-7.0217249853917844e-6,-7.0319793092201015e-6,-7.0272751198631694e-6,-7.02555119259839e-6,-7.02634017401619e-6,-7.026186271260444e-6,-7.003562156132558e-6,-7.0092226497895415e-6,-7.0196417216841855e-6,-7.032948258530161e-6,-7.025321806893735e-6,-7.0060396783690265e-6,-7.022385111788603e-6,-7.012569069075379e-6
-4.877226684425639e-6,-4.895457553836995e-6,-4.893090235482561e-6,-4.89539443744308e-6,-4.888051420545001e-6,-4.8906934060809675e-6,-4.886606196800387e-6,-4.896438751783794e-6,-4.891527771299873e-6,-4.897836406265338e-6,-4.898656191738709e-6,-4.8971531832426025e-6,-4.893374210119581e-6,-4.898466995875081e-6,-4.900406924302936e-6,-4.89667395272041e-6,-4.8985288286632934e-6,-4.892965375001551e-6,-4.889583475921759e-6,-4.8979959052647455e-6,-4.8906870900251925e-6,-4.887978229622295e-6,-4.891206487621765e-6,-4.890582215999132e-6,-4.902109865285941e-6,-4.89756923167404e-6,-4.90145339840461e-6,-4.8961152875987935e-6,-4.88681221054132e-6,-4.890469688821383e-6,-4.886034486990163e-6,-4.896498039120656e-6,-4.898291278372774e-6,-4.893130397676137e-6,-4.898145507325894e-6,-4.888334137294993e-6,-4.882057740039623e-6,-4.886889819421441e-6,-4.8949100491378706e-6,-4.8950594127073535e-6,-4.890756003819553e-6,-4.892529387686052e-6,-4.890244313981271e-6,-4.893015974808208e-6,-4.895553204879381e-6,-4.887066495416467e-6,-4.891727361732252e-6,-4.894791284057088e-6,-4.882735309353716e-6,-4.8969480107928355e-6,-4.895265677674966e-6,-4.895096131521818e-6,-4.893915211136581e-6,-4.884419432125261e-6,-4.890413609685303e-6,-4.89104113942145e-6,-4.89544421686669e-6,-4.892731153137048e-6,-4.900863535258376e-6,-4.896504486228874e-6,-4.89893576219391e-6,-4.897699171720456e-6,-4.900711270383673e-6,-4.894727586047676e-6,-4.891885850004886e-6,-4.8946923639909644e-6,-4.897890777512881e-6,-4.900671513751209e-6,-4.899923589365286e-6,-4.89959541398532e-6,-4.899346021289685e-6,-4.896927057498445e-6,-4.88897183521376e-6,-4.893531224336154e-6,-4.893515959470429e-6,-4.8932983240263746e-6,-4.898518674222552e-6,-4.889792116443312e-6,-4.888634691864359e-6,-4.896239576603258e-6,-4.88735365533759e-6,-4.8987350937754395e-6,-4.897530801945838e-6,-4.888691875436716e-6,-4.888207089250041e-6,-4.901137741346278e-6,-4.893630000856697e-6,-4.8914749971872006e-6,-4.900072327217205e-6,-4.8959643842917704e-6,-4.895042281181699e-6,-4.895197071123734e-6,-4.894904827013578e-6,-4.8781259078594056e-6,-4.881901188817578e-6,-4.890602809306026e-6,-4.900850975828761e-6,-4.894936245012907e-6,-4.87955692887234e-6,-4.891956777134382e-6,-4.88484062074742e-6
-3.41395955597083e-6,-3.4284286732001177e-6,-3.425862535892576e-6,-3.428629639179372e-6,-3.422349030606741e-6,-3.425389273305334e-6,-3.422033105332959e-6,-3.429926057595831e-6,-3.4259483627326687e-6,-3.4302889559376984e-6,-3.431031337327737e-6,-3.4296865671969475e-6,-3.4269866915182144e-6,-3.4308048376143055e-6,-3.43218150837363e-6,-3.429424308393035e-6,-3.4310581314135608e-6,-3.4266674558965953e-6,-3.4241648011364234e-6,-3.430392851735907e-6,-3.4249611919117176e-6,-3.4223980621991616e-6,-3.425335657262831e-6,-3.4250180883293143e-6,-3.4338867698226672e-6,-3.4299175652304294e-6,-3.4330929224853716e-6,-3.428936069422869e-6,-3.421892187953321e-6,-3.4248548152343064e-6,-3.4215449688320996e-6,-3.4291632520701795e-6,-3.4306380165609637e-6,-3.426357571351546e-6,-3.430557142756847e-6,-3.422721142317073e-6,-3.4173076225283616e-6,-3.4208256476569603e-6,-3.4287302702674775e-6,-3.428445347532529e-6,-3.424406888143654e-6,-3.426100629030867e-6,-3.424128575421387e-6,-3.426660691605235e-6,-3.4283227476534464e-6,-3.4222008055935197e-6,-3.425706680027585e-6,-3.4281897833142792e-6,-3.4176160648343223e-6,-3.4297755245220615e-6,-3.4283192447063795e-6,-3.427986047961415e-6,-3.4274377467652247e-6,-3.419542081492545e-6,-3.423018835918392e-6,-3.425091331516311e-6,-3.4290148024956378e-6,-3.426315369262332e-6,-3.432856882175595e-6,-3.429446840707171e-6,-3.431170941309156e-6,-3.4298874000889164e-6,-3.4325067317867637e-6,-3.428021698763944e-6,-3.424965040671075e-6,-3.427584973316446e-6,-3.4304286854237596e-6,-3.4326963773750383e-6,-3.431996260760613e-6,-3.4316072037715194e-6,-3.431579184547926e-6,-3.4301156011543046e-6,-3.423229945226138e-6,-3.426576354486743e-6,-3.4270142165304775e-6,-3.4270962048119454e-6,-3.4307080243335437e-6,-3.42367506443789e-6,-3.4225555992066223e-6,-3.429467593233037e-6,-3.422629861717856e-6,-3.4308834471045995e-6,-3.4299960380682603e-6,-3.423545721334267e-6,-3.42228939369382e-6,-3.4325247735315264e-6,-3.427525214692447e-6,-3.425226787498212e-6,-3.432325285768808e-6,-3.4287976855481253e-6,-3.4285477451017635e-6,-3.4282847647054303e-6,-3.4278383149024788e-6,-3.4157730350606883e-6,-3.4175231901168088e-6,-3.4248795552133948e-6,-3.4328493407024015e-6,-3.4285281554527087e-6,-3.416035870517574e-6,-3.425603012132792e-6,-3.4203000403753362e-6
-2.405119686615914e-6,-2.4167080058663375e-6,-2.4145262841890188e-6,-2.417168501420314e-6,-2.4119247051989146e-6,-2.4148715780413847e-6,-2.412350551220362e-6,-2.418460463063814e-6,-2.415293813817524e-6,-2.4182855786469923e-6,-2.4189624262188893e-6,-2.417661934434595e-6,-2.4158773212594058e-6,-2.418829265976506e-6,-2.4197645056409316e-6,-2.4176135571849813e-6,-2.4190533927219657e-6,-2.41572373857522e-6,-2.4139137682748053e-6,-2.418336044261995e-6,-2.4143087632655394e-6,-2.4120550673826606e-6,-2.414408538103799e-6,-2.414459633264336e-6,-2.4212685892648413e-6,-2.417798737441167e-6,-2.4205803281541168e-6,-2.417300188515039e-6,-2.4118228623734493e-6,-2.414259470808735e-6,-2.412182291077044e-6,-2.417365742634417e-6,-2.4185245071516975e-6,-2.4147899287552875e-6,-2.418511327235741e-6,-2.4121025507962697e-6,-2.40753591627062e-6,-2.41048019982552e-6,-2.4176867692504565e-6,-2.4170717339747943e-6,-2.413632268978917e-6,-2.414863413205239e-6,-2.413162161500557e-6,-2.4153872430424916e-6,-2.4164765181367575e-6,-2.4121896169809967e-6,-2.414867683441211e-6,-2.4168903305265593e-6,-2.4073051123984834e-6,-2.4181832017885927e-6,-2.416787181046991e-6,-2.416552471413881e-6,-2.416195763264682e-6,-2.409741311787751e-6,-2.4111622036026865e-6,-2.414332233622996e-6,-2.4176225736046833e-6,-2.4150697313854122e-6,-2.4204222875975557e-6,-2.4178306219742107e-6,-2.4189253816136825e-6,-2.4178141484587632e-6,-2.4200080134102416e-6,-2.416722264580246e-6,-2.4136633609106827e-6,-2.415981168817106e-6,-2.4184487272842607e-6,-2.4202826492090905e-6,-2.4195870800401763e-6,-2.4194294257615893e-6,-2.419335695117112e-6,-2.418587014082808e-6,-2.412621265685114e-6,-2.4152462722531103e-6,-2.4157091073400745e-6,-2.4161013822735605e-6,-2.4185688256458054e-6,-2.4127509354623178e-6,-2.411931918335037e-6,-2.4177927979998097e-6,-2.412845702076521e-6,-2.418583992885686e-6,-2.417926574226248e-6,-2.4131038561335613e-6,-2.411710761473064e-6,-2.4196035715896103e-6,-2.4164938509982376e-6,-2.4144763567296263e-6,-2.420088655952663e-6,-2.417095251966161e-6,-2.4171598224359163e-6,-2.416832596460093e-6,-2.4163087436983923e-6,-2.407496458348791e-6,-2.407893576794183e-6,-2.414029375947074e-6,-2.420394182996336e-6,-2.4172803924216875e-6,-2.4069323511129873e-6,-2.4144825071599873e-6,-2.410381032874777e-6
-1.711486384847619e-6,-1.721297360174049e-6,-1.7197057557908633e-6,-1.7218331278642406e-6,-1.7176108736423657e-6,-1.72028787670478e-6,-1.7181799777914193e-6,-1.7231028486025075e-6,-1.7207301451398497e-6,-1.7227770840505132e-6,-1.723321954250186e-6,-1.7221176425568291e-6,-1.7209416019304245e-6,-1.7232383867983294e-6,-1.7238816746592512e-6,-1.7219741507874431e-6,-1.723355343207456e-6,-1.720924004130351e-6,-1.7195196581939506e-6,-1.7226393465257991e-6,-1.7197096776923604e-6,-1.7177941054615322e-6,-1.7196489367046531e-6,-1.719849044371103e-6,-1.7251060665607934e-6,-1.7220519373040942e-6,-1.7246277020613352e-6,-1.7219473605818367e-6,-1.717537126099453e-6,-1.7196629084093828e-6,-1.7184066938528266e-6,-1.7220116382318442e-6,-1.7228136760062396e-6,-1.719379076586097e-6,-1.7228948429368246e-6,-1.7175422890018233e-6,-1.7137030440844621e-6,-1.7163589832827182e-6,-1.7226782603344854e-6,-1.721822769364041e-6,-1.719089997669293e-6,-1.7196223657337532e-6,-1.7184005095766687e-6,-1.7202047770873324e-6,-1.7209715597368945e-6,-1.7181770240120037e-6,-1.7199976770419027e-6,-1.721601484145497e-6,-1.7128961436725385e-6,-1.7227920527803175e-6,-1.7214576352826772e-6,-1.7215024860801957e-6,-1.7210844204244564e-6,-1.7157097161672272e-6,-1.714849484960128e-6,-1.7195910811100693e-6,-1.7223298685810002e-6,-1.7200727280387514e-6,-1.724343120402296e-6,-1.7223503339330694e-6,-1.723145060145026e-6,-1.722357522035551e-6,-1.7239993789480022e-6,-1.7215699398306372e-6,-1.718818982404396e-6,-1.7206272260109718e-6,-1.7227423891349984e-6,-1.7242646833409276e-6,-1.7236886164744923e-6,-1.72374138057456e-6,-1.7234800935551951e-6,-1.7232122907607654e-6,-1.7181647981024352e-6,-1.72020975442471e-6,-1.7205210144835458e-6,-1.7211602480692807e-6,-1.7228292541561288e-6,-1.717900671265594e-6,-1.7174784612907057e-6,-1.7222680566614927e-6,-1.7187659652224394e-6,-1.7228207573748138e-6,-1.7222923351985408e-6,-1.7184540200663578e-6,-1.7174182731530383e-6,-1.723317942863006e-6,-1.7215155442214146e-6,-1.7199316993935075e-6,-1.7241649733070467e-6,-1.721666151370427e-6,-1.7217986135664399e-6,-1.7215590766755557e-6,-1.7210518630118617e-6,-1.7144214718494467e-6,-1.7139925933306318e-6,-1.7195027110680464e-6,-1.7243352196684171e-6,-1.7219719350825566e-6,-1.7134589143032048e-6,-1.7196354246719023e-6,-1.7161696096373198e-6
-1.2383774797571958e-6,-1.24718665150063e-6,-1.2461432893986379e-6,-1.2476590520047964e-6,-1.2443689662306388e-6,-1.2467384726580312e-6,-1.2448257354703735e-6,-1.2488981017772559e-6,-1.2472979445753087e-6,-1.248630665811191e-6,-1.2490009517299543e-6,-1.2479331235395184e-6,-1.247200867029317e-6,-1.2489098489778624e-6,-1.2493179556785637e-6,-1.2476699039879637e-6,-1.2489262198728551e-6,-1.247190039899896e-6,-1.2459923292788666e-6,-1.2483385288189174e-6,-1.246169576824291e-6,-1.244618982049041e-6,-1.2460489265056726e-6,-1.2463280283172357e-6,-1.2503792652920851e-6,-1.2477122537027136e-6,-1.2500435208187412e-6,-1.2478313133082227e-6,-1.2443168003446446e-6,-1.246116784737086e-6,-1.2454378440788635e-6,-1.2478746535408109e-6,-1.248498773466816e-6,-1.245250580043625e-6,-1.2486232758904811e-6,-1.2442178391032456e-6,-1.2409638224361986e-6,-1.2431348414333354e-6,-1.2486839050513221e-6,-1.2477873457025563e-6,-1.2456670913653007e-6,-1.245626785349183e-6,-1.2447842371705505e-6,-1.246201275465614e-6,-1.2467572902821102e-6,-1.245170919570201e-6,-1.246263342996616e-6,-1.247444709052765e-6,-1.2394956088832143e-6,-1.2485829395294551e-6,-1.2473758831761432e-6,-1.247673291776695e-6,-1.2471887926775752e-6,-1.2426548804686699e-6,-1.2399248678740079e-6,-1.2460025036899146e-6,-1.2482989688298255e-6,-1.2461749444101892e-6,-1.2496901114798953e-6,-1.2481123740933282e-6,-1.2487901516231987e-6,-1.248240571302417e-6,-1.2494254645151086e-6,-1.247519905707206e-6,-1.2452240735760946e-6,-1.2465657593119625e-6,-1.2484182573948938e-6,-1.249702906976785e-6,-1.2491745179750967e-6,-1.249376457238239e-6,-1.2489924727118279e-6,-1.248890366495531e-6,-1.2447896869714193e-6,-1.2463415682457334e-6,-1.2465086378045794e-6,-1.2472482515304098e-6,-1.248331906591823e-6,-1.2441270929279738e-6,-1.2441204246057544e-6,-1.2479794709888492e-6,-1.2453850246151668e-6,-1.2485594742982479e-6,-1.248037952544075e-6,-1.2449574362822019e-6,-1.2441843579765712e-6,-1.2487552996903102e-6,-1.2476020737593468e-6,-1.2464842139520477e-6,-1.2496035154416887e-6,-1.2475297506220888e-6,-1.2477883695377098e-6,-1.2475734754092016e-6,-1.2470336277005466e-6,-1.2419087913763149e-6,-1.2410572810811786e-6,-1.2461987869934973e-6,-1.2496425057335926e-6,-1.2478954768918743e-6,-1.2407458341188625e-6,-1.2460186680209621e-6,-1.2430041519634971e-6
-9.220879094615878e-7,-9.300248303421408e-7,-9.292901819828064e-7,-9.304124611438527e-7,-9.278582085909711e-7,-9.299184122868503e-7,-9.281473772564775e-7,-9.315905139769363e-7,-9.305317686532251e-7,-9.314433982133292e-7,-9.316554321217927e-7,-9.307117422558269e-7,-9.30293655783549e-7,-9.31497130458453e-7,-9.317501169100402e-7,-9.303868892400972e-7,-9.314632012485857e-7,-9.302138404104972e-7,-9.291730827999422e-7,-9.310134627580566e-7,-9.292571075039817e-7,-9.281583288405982e-7,-9.292245951185593e-7,-9.295035031470572e-7,-9.32739961873357e-7,-9.304121171329982e-7,-9.324055838808231e-7,-9.307035522004669e-7,-9.278342506108602e-7,-9.292724011947053e-7,-9.290401141265039e-7,-9.305931084226359e-7,-9.311920559197586e-7,-9.280973730979052e-7,-9.313001928403144e-7,-9.276012539662062e-7,-9.249413265492973e-7,-9.265163327148917e-7,-9.314099209573987e-7,-9.306534284541437e-7,-9.289640109904829e-7,-9.285986023986915e-7,-9.280224416541981e-7,-9.290750876924257e-7,-9.295387469609078e-7,-9.287198998306194e-7,-9.294062619033272e-7,-9.30164104984899e-7,-9.225621398460449e-7,-9.312626763824686e-7,-9.302540253730369e-7,-9.30609245714398e-7,-9.301556308580936e-7,-9.263622623815302e-7,-9.227876786936292e-7,-9.291556467207216e-7,-9.31230057024028e-7,-9.290505853545165e-7,-9.32185172399055e-7,-9.308234351397893e-7,-9.314487324481124e-7,-9.309984699509909e-7,-9.319782874220658e-7,-9.303456686120652e-7,-9.284313455848137e-7,-9.295208533017759e-7,-9.311296596262411e-7,-9.321771999795657e-7,-9.316273544628614e-7,-9.319372728014142e-7,-9.315368278790978e-7,-9.31471233088928e-7,-9.28193348048938e-7,-9.293459599286828e-7,-9.293750842506545e-7,-9.300930614219173e-7,-9.308804307060131e-7,-9.272163845256012e-7,-9.275136092522948e-7,-9.306850676126318e-7,-9.286013940513447e-7,-9.313079802135814e-7,-9.307366046872646e-7,-9.283145731622881e-7,-9.275990672655375e-7,-9.313477643796183e-7,-9.304614675226548e-7,-9.297728009853802e-7,-9.320886057786143e-7,-9.30357107600954e-7,-9.30737900560799e-7,-9.304463079629086e-7,-9.299463526225546e-7,-9.258589853578845e-7,-9.248304796776303e-7,-9.295163514330875e-7,-9.3199879990316e-7,-9.307111892278365e-7,-9.245303237761882e-7,-9.290740615918122e-7,-9.266016915586871e-7
-7.215687225368202e-7,-7.287769697538544e-7,-7.281605500493504e-7,-7.290832647628645e-7,-7.270009557939579e-7,-7.288488267075942e-7,-7.271494871683614e-7,-7.301712478398952e-7,-7.294472149049501e-7,-7.301306187836551e-7,-7.302773809298167e-7,-7.293756224262916e-7,-7.291933468246986e-7,-7.300271602451574e-7,-7.302071934269204e-7,-7.290109079542542e-7,-7.299808051845409e-7,-7.290510928086708e-7,-7.28133630236486e-7,-7.296685704402717e-7,-7.280438379570305e-7,-7.274361165983567e-7,-7.281669533407804e-7,-7.284357608753313e-7,-7.311415119620383e-7,-7.290812550466764e-7,-7.307808519828745e-7,-7.295433001516939e-7,-7.269376770723645e-7,-7.28161699428922e-7,-7.281496164498766e-7,-7.292231716851475e-7,-7.298056871730918e-7,-7.268524213661939e-7,-7.298685558915941e-7,-7.267012978919231e-7,-7.245003126865331e-7,-7.255822564860316e-7,-7.300680525086173e-7,-7.29422835724382e-7,-7.279573024847621e-7,-7.27419211282081e-7,-7.270133410275864e-7,-7.277397494186402e-7,-7.282674182060279e-7,-7.279680139967635e-7,-7.283278525594787e-7,-7.28814709863067e-7,-7.213291951879838e-7,-7.298556859961441e-7,-7.290378116302292e-7,-7.293169154747397e-7,-7.289726367223113e-7,-7.258128270822547e-7,-7.220732838679972e-7,-7.280424996071782e-7,-7.30029514956974e-7,-7.277857643021037e-7,-7.307159490119677e-7,-7.294227963027502e-7,-7.300632775257904e-7,-7.296171797091164e-7,-7.305795864246202e-7,-7.291184068118928e-7,-7.273975887996245e-7,-7.284828139552572e-7,-7.29780240504129e-7,-7.305704125090749e-7,-7.29994964285516e-7,-7.304618036330291e-7,-7.300504055228736e-7,-7.299894561597651e-7,-7.27485882274652e-7,-7.282329553762708e-7,-7.281455498076703e-7,-7.288493635969947e-7,-7.294137209537456e-7,-7.261774033446378e-7,-7.26675092279173e-7,-7.293777585833138e-7,-7.275527741396006e-7,-7.299806713474147e-7,-7.293610483511755e-7,-7.274571763140391e-7,-7.267235589825539e-7,-7.299030395089631e-7,-7.291929417231779e-7,-7.287537699074803e-7,-7.305731377934673e-7,-7.290961537639939e-7,-7.29520438607159e-7,-7.291243561589588e-7,-7.287166607535569e-7,-7.252606919842494e-7,-7.242933551905671e-7,-7.283218484326546e-7,-7.303629420509762e-7,-7.293860223553509e-7,-7.23902154966624e-7,-7.278280357003194e-7,-7.258130083023975e-7
-6.109479722933405e-7,-6.17688155514996e-7,-6.171340178253026e-7,-6.179544512994334e-7,-6.161286987533606e-7,-6.179142158594853e-7,-6.162077532193819e-7,-6.189686154505022e-7,-6.184133782750601e-7,-6.189788524147722e-7,-6.191098146161718e-7,-6.181934191623055e-7,-6.181757353505349e-7,-6.188569414472842e-7,-6.189376037202621e-7,-6.178300923094852e-7,-6.187537773395098e-7,-6.180105116278818e-7,-6.171492450871214e-7,-6.185101212474601e-7,-6.169440151934483e-7,-6.167217834403749e-7,-6.171808264865644e-7,-6.174731831844461e-7,-6.198405419642735e-7,-6.17953769605165e-7,-6.194480588728572e-7,-6.185591265681885e-7,-6.160166035305597e-7,-6.1713437762013e-7,-6.172189517117432e-7,-6.180624931499827e-7,-6.186275175126117e-7,-6.158291589011187e-7,-6.186136123576981e-7,-6.158121549604394e-7,-6.138649635074596e-7,-6.14672812718499e-7,-6.189908207770933e-7,-6.183636226806446e-7,-6.169632900376265e-7,-6.163260685631446e-7,-6.160041064487366e-7,-6.16542907744431e-7,-6.171666676884861e-7,-6.17191007127797e-7,-6.173358711496023e-7,-6.176899060662077e-7,-6.103637651568628e-7,-6.186885099258032e-7,-6.17973842525375e-7,-6.181968840318857e-7,-6.179061590407238e-7,-6.152179314338181e-7,-6.113593357245816e-7,-6.170238311852916e-7,-6.189648627662908e-7,-6.16689895355547e-7,-6.195248509775773e-7,-6.182269017727095e-7,-6.188949350740884e-7,-6.184569830675682e-7,-6.194318572701821e-7,-6.180421008184078e-7,-6.163996370053905e-7,-6.17577376115949e-7,-6.186038001265729e-7,-6.192037722324524e-7,-6.186273882613638e-7,-6.192482278896659e-7,-6.187989677414381e-7,-6.187519201556872e-7,-6.167646941963444e-7,-6.172395524023747e-7,-6.170906685497684e-7,-6.177555486970045e-7,-6.181793477734372e-7,-6.152947161774159e-7,-6.15898749714558e-7,-6.182972939904684e-7,-6.165155817383275e-7,-6.188585436898672e-7,-6.181752350736027e-7,-6.166175231858781e-7,-6.159174812568512e-7,-6.186944864077489e-7,-6.180827781304549e-7,-6.177498237691788e-7,-6.193165873244095e-7,-6.179978376995891e-7,-6.184177704248166e-7,-6.179721840433242e-7,-6.176020917834939e-7,-6.144634173845106e-7,-6.137082970947654e-7,-6.170974677459491e-7,-6.190222272107805e-7,-6.182257050841613e-7,-6.131582948354142e-7,-6.167112680316629e-7,-6.148981348400814e-7
-5.757607117758558e-7,-5.8201342088787e-7,-5.814739813920701e-7,-5.822588537412317e-7,-5.805141589692137e-7,-5.823032155073234e-7,-5.805737270553365e-7,-5.832482427104286e-7,-5.827585629818374e-7,-5.832605525234219e-7,-5.834023670942465e-7,-5.824739878058389e-7,-5.825195612898762e-7,-5.831755638985665e-7,-5.83186647128626e-7,-5.821170320700523e-7,-5.830192140226094e-7,-5.823332683273921e-7,-5.814973739604411e-7,-5.827910688637405e-7,-5.812765074685874e-7,-5.811928328065813e-7,-5.815326544248134e-7,-5.818468631645792e-7,-5.840884092475295e-7,-5.822592000154693e-7,-5.836729422909e-7,-5.829414692168865e-7,-5.80388326496398e-7,-5.814608923851978e-7,-5.815688041061291e-7,-5.823564814388675e-7,-5.829137028339985e-7,-5.801919473807011e-7,-5.828573063631753e-7,-5.801553858046365e-7,-5.782951121061608e-7,-5.790797470292394e-7,-5.833396978229955e-7,-5.826791348714356e-7,-5.812943609534562e-7,-5.806288094963183e-7,-5.803374293925856e-7,-5.808143766927777e-7,-5.814647341435624e-7,-5.816153417688411e-7,-5.816856745341599e-7,-5.820042154686614e-7,-5.747524701356043e-7,-5.82985885783529e-7,-5.82309390513824e-7,-5.825166422554433e-7,-5.822191361310351e-7,-5.796708191894107e-7,-5.755815269930255e-7,-5.81372135268136e-7,-5.832851576355519e-7,-5.809916561070237e-7,-5.838124881039354e-7,-5.825023036356872e-7,-5.831823515693369e-7,-5.827644336145221e-7,-5.837232095670412e-7,-5.823530017766102e-7,-5.807556905289331e-7,-5.819562902428738e-7,-5.828722656294043e-7,-5.834179191203645e-7,-5.828516940989004e-7,-5.835212117799211e-7,-5.830635208608361e-7,-5.8301983374465e-7,-5.811765013796605e-7,-5.815891887188002e-7,-5.814241102784966e-7,-5.820619360983996e-7,-5.824507598279218e-7,-5.797124269052087e-7,-5.803276973372456e-7,-5.826148873632538e-7,-5.808258278932671e-7,-5.83163717613669e-7,-5.824441331266334e-7,-5.810178772916107e-7,-5.803563330833235e-7,-5.829739746676494e-7,-5.823845995409227e-7,-5.820906065035106e-7,-5.835763664615396e-7,-5.823086061637447e-7,-5.827356750576501e-7,-5.822775490565588e-7,-5.818932195721287e-7,-5.788878394602638e-7,-5.782342295010725e-7,-5.813674637475745e-7,-5.832484690134716e-7,-5.825244430455173e-7,-5.775772329687076e-7,-5.810201700537236e-7,-5.792594465507795e-7
-6.109479722933405e-7,-6.17688155514996e-7,-6.171340178253026e-7,-6.179544512994334e-7,-6.161286987533606e-7,-6.179142158594853e-7,-6.162077532193819e-7,-6.189686154505022e-7,-6.184133782750601e-7,-6.189788524147722e-7,-6.191098146161718e-7,-6.181934191623055e-7,-6.181757353505349e-7,-6.188569414472842e-7,-6.189376037202621e-7,-6.178300923094852e-7,-6.187537773395098e-7,-6.180105116278818e-7,-6.171492450871214e-7,-6.185101212474601e-7,-6.169440151934483e-7,-6.167217834403749e-7,-6.171808264865644e-7,-6.174731831844461e-7,-6.198405419642735e-7,-6.17953769605165e-7,-6.194480588728572e-7,-6.185591265681885e-7,-6.160166035305597e-7,-6.1713437762013e-7,-6.172189517117432e-7,-6.180624931499827e-7,-6.186275175126117e-7,-6.158291589011187e-7,-6.186136123576981e-7,-6.158121549604394e-7,-6.138649635074596e-7,-6.14672812718499e-7,-6.189908207770933e-7,-6.183636226806446e-7,-6.169632900376265e-7,-6.163260685631446e-7,-6.160041064487366e-7,-6.16542907744431e-7,-6.171666676884861e-7,-6.17191007127797e-7,-6.173358711496023e-7,-6.176899060662077e-7,-6.103637651568628e-7,-6.186885099258032e-7,-6.17973842525375e-7,-6.181968840318857e-7,-6.179061590407238e-7,-6.152179314338181e-7,-6.113593357245816e-7,-6.170238311852916e-7,-6.189648627662908e-7,-6.16689895355547e-7,-6.195248509775773e-7,-6.182269017727095e-7,-6.188949350740884e-7,-6.184569830675682e-7,-6.194318572701821e-7,-6.180421008184078e-7,-6.163996370053905e-7,-6.17577376115949e-7,-6.186038001265729e-7,-6.192037722324524e-7,-6.186273882613638e-7,-6.192482278896659e-7,-6.187989677414381e-7,-6.187519201556872e-7,-6.167646941963444e-7,-6.172395524023747e-7,-6.170906685497684e-7,-6.177555486970045e-7,-6.181793477734372e-7,-6.152947161774159e-7,-6.15898749714558e-7,-6.182972939904684e-7,-6.165155817383275e-7,-6.188585436898672e-7,-6.181752350736027e-7,-6.166175231858781e-7,-6.159174812568512e-7,-6.186944864077489e-7,-6.180827781304549e-7,-6.177498237691788e-7,-6.193165873244095e-7,-6.179978376995891e-7,-6.184177704248166e-7,-6.179721840433242e-7,-6.176020917834939e-7,-6.144634173845106e-7,-6.137082970947654e-7,-6.170974677459491e-7,-6.190222272107805e-7,-6.182257050841613e-7,-6.131582948354142e-7,-6.167112680316629e-7,-6.148981348400814e-7
-7.215687225368202e-7,-7.287769697538544e-7,-7.281605500493504e-7,-7.290832647628645e-7,-7.270009557939579e-7,-7.288488267075942e-7,-7.271494871683614e-7,-7.301712478398952e-7,-7.294472149049501e-7,-7.301306187836551e-7,-7.302773809298167e-7,-7.293756224262916e-7,-7.291933468246986e-7,-7.300271602451574e-7,-7.302071934269204e-7,-7.290109079542542e-7,-7.299808051845409e-7,-7.290510928086708e-7,-7.28133630236486e-7,-7.296685704402717e-7,-7.280438379570305e-7,-7.274361165983567e-7,-7.281669533407804e-7,-7.284357608753313e-7,-7.311415119620383e-7,-7.290812550466764e-7,-7.307808519828745e-7,-7.295433001516939e-7,-7.269376770723645e-7,-7.28161699428922e-7,-7.281496164498766e-7,-7.292231716851475e-7,-7.298056871730918e-7,-7.268524213661939e-7,-7.298685558915941e-7,-7.267012978919231e-7,-7.245003126865331e-7,-7.255822564860316e-7,-7.300680525086173e-7,-7.29422835724382e-7,-7.279573024847621e-7,-7.27419211282081e-7,-7.270133410275864e-7,-7.277397494186402e-7,-7.282674182060279e-7,-7.279680139967635e-7,-7.283278525594787e-7,-7.28814709863067e-7,-7.213291951879838e-7,-7.298556859961441e-7,-7.290378116302292e-7,-7.293169154747397e-7,-7.289726367223113e-7,-7.258128270822547e-7,-7.220732838679972e-7,-7.280424996071782e-7,-7.30029514956974e-7,-7.277857643021037e-7,-7.307159490119677e-7,-7.294227963027502e-7,-7.300632775257904e-7,-7.296171797091164e-7,-7.305795864246202e-7,-7.291184068118928e-7,-7.273975887996245e-7,-7.284828139552572e-7,-7.29780240504129e-7,-7.305704125090749e-7,-7.29994964285516e-7,-7.304618036330291e-7,-7.300504055228736e-7,-7.299894561597651e-7,-7.27485882274652e-7,-7.282329553762708e-7,-7.281455498076703e-7,-7.288493635969947e-7,-7.294137209537456e-7,-7.261774033446378e-7,-7.26675092279173e-7,-7.293777585833138e-7,-7.275527741396006e-7,-7.299806713474147e-7,-7.293610483511755e-7,-7.274571763140391e-7,-7.267235589825539e-7,-7.299030395089631e-7,-7.291929417231779e-7,-7.287537699074803e-7,-7.305731377934673e-7,-7.290961537639939e-7,-7.29520438607159e-7,-7.291243561589588e-7,-7.287166607535569e-7,-7.252606919842494e-7,-7.242933551905671e-7,-7.283218484326546e-7,-7.303629420509762e-7,-7.293860223553509e-7,-7.23902154966624e-7,-7.278280357003194e-7,-7.258130083023975e-7
-9.220879094615878e-7,-9.300248303421408e-7,-9.292901819828064e-7,-9.304124611438527e-7,-9.278582085909711e-7,-9.299184122868503e-7,-9.281473772564775e-7,-9.315905139769363e-7,-9.305317686532251e-7,-9.314433982133292e-7,-9.316554321217927e-7,-9.307117422558269e-7,-9.30293655783549e-7,-9.31497130458453e-7,-9.317501169100402e-7,-9.303868892400972e-7,-9.314632012485857e-7,-9.302138404104972e-7,-9.291730827999422e-7,-9.310134627580566e-7,-9.292571075039817e-7,-9.281583288405982e-7,-9.292245951185593e-7,-9.295035031470572e-7,-9.32739961873357e-7,-9.304121171329982e-7,-9.324055838808231e-7,-9.307035522004669e-7,-9.278342506108602e-7,-9.292724011947053e-7,-9.290401141265039e-7,-9.305931084226359e-7,-9.311920559197586e-7,-9.280973730979052e-7,-9.313001928403144e-7,-9.276012539662062e-7,-9.249413265492973e-7,-9.265163327148917e-7,-9.314099209573987e-7,-9.306534284541437e-7,-9.289640109904829e-7,-9.285986023986915e-7,-9.280224416541981e-7,-9.290750876924257e-7,-9.295387469609078e-7,-9.287198998306194e-7,-9.294062619033272e-7,-9.30164104984899e-7,-9.225621398460449e-7,-9.312626763824686e-7,-9.302540253730369e-7,-9.30609245714398e-7,-9.301556308580936e-7,-9.263622623815302e-7,-9.227876786936292e-7,-9.291556467207216e-7,-9.31230057024028e-7,-9.290505853545165e-7,-9.32185172399055e-7,-9.308234351397893e-7,-9.314487324481124e-7,-9.309984699509909e-7,-9.319782874220658e-7,-9.303456686120652e-7,-9.284313455848137e-7,-9.295208533017759e-7,-9.311296596262411e-7,-9.321771999795657e-7,-9.316273544628614e-7,-9.319372728014142e-7,-9.315368278790978e-7,-9.31471233088928e-7,-9.28193348048938e-7,-9.293459599286828e-7,-9.293750842506545e-7,-9.300930614219173e-7,-9.308804307060131e-7,-9.272163845256012e-7,-9.275136092522948e-7,-9.306850676126318e-7,-9.286013940513447e-7,-9.313079802135814e-7,-9.307366046872646e-7,-9.283145731622881e-7,-9.275990672655375e-7,-9.313477643796183e-7,-9.304614675226548e-7,-9.297728009853802e-7,-9.320886057786143e-7,-9.30357107600954e-7,-9.30737900560799e-7,-9.304463079629086e-7,-9.299463526225546e-7,-9.258589853578845e-7,-9.248304796776303e-7,-9.295163514330875e-7,-9.3199879990316e-7,-9.307111892278365e-7,-9.245303237761882e-7,-9.290740615918122e-7,-9.266016915586871e-7
-1.2383774797571958e-6,-1.24718665150063e-6,-1.2461432893986379e-6,-1.2476590520047964e-6,-1.2443689662306388e-6,-1.2467384726580312e-6,-1.2448257354703735e-6,-1.2488981017772559e-6,-1.2472979445753087e-6,-1.248630665811191e-6,-1.2490009517299543e-6,-1.2479331235395184e-6,-1.247200867029317e-6,-1.2489098489778624e-6,-1.2493179556785637e-6,-1.2476699039879637e-6,-1.2489262198728551e-6,-1.247190039899896e-6,-1.2459923292788666e-6,-1.2483385288189174e-6,-1.246169576824291e-6,-1.244618982049041e-6,-1.2460489265056726e-6,-1.2463280283172357e-6,-1.2503792652920851e-6,-1.2477122537027136e-6,-1.2500435208187412e-6,-1.2478313133082227e-6,-1.2443168003446446e-6,-1.246116784737086e-6,-1.2454378440788635e-6,-1.2478746535408109e-6,-1.248498773466816e-6,-1.245250580043625e-6,-1.2486232758904811e-6,-1.2442178391032456e-6,-1.2409638224361986e-6,-1.2431348414333354e-6,-1.2486839050513221e-6,-1.2477873457025563e-6,-1.2456670913653007e-6,-1.245626785349183e-6,-1.2447842371705505e-6,-1.246201275465614e-6,-1.2467572902821102e-6,-1.245170919570201e-6,-1.246263342996616e-6,-1.247444709052765e-6,-1.2394956088832143e-6,-1.2485829395294551e-6,-1.2473758831761432e-6,-1.247673291776695e-6,-1.2471887926775752e-6,-1.2426548804686699e-6,-1.2399248678740079e-6,-1.2460025036899146e-6,-1.2482989688298255e-6,-1.2461749444101892e-6,-1.2496901114798953e-6,-1.2481123740933282e-6,-1.2487901516231987e-6,-1.248240571302417e-6,-1.2494254645151086e-6,-1.247519905707206e-6,-1.2452240735760946e-6,-1.2465657593119625e-6,-1.2484182573948938e-6,-1.249702906976785e-6,-1.2491745179750967e-6,-1.249376457238239e-6,-1.2489924727118279e-6,-1.248890366495531e-6,-1.2447896869714193e-6,-1.2463415682457334e-6,-1.2465086378045794e-6,-1.2472482515304098e-6,-1.248331906591823e-6,-1.2441270929279738e-6,-1.2441204246057544e-6,-1.2479794709888492e-6,-1.2453850246151668e-6,-1.2485594742982479e-6,-1.248037952544075e-6,-1.2449574362822019e-6,-1.2441843579765712e-6,-1.2487552996903102e-6,-1.2476020737593468e-6,-1.2464842139520477e-6,-1.2496035154416887e-6,-1.2475297506220888e-6,-1.2477883695377098e-6,-1.2475734754092016e-6,-1.2470336277005466e-6,-1.2419087913763149e-6,-1.2410572810811786e-6,-1.2461987869934973e-6,-1.2496425057335926e-6,-1.2478954768918743e-6,-1.2407458341188625e-6,-1.2460186680209621e-6,-1.2430041519634971e-6
-1.711486384847619e-6,-1.721297360174049e-6,-1.7197057557908633e-6,-1.7218331278642406e-6,-1.7176108736423657e-6,-1.72028787670478e-6,-1.7181799777914193e-6,-1.7231028486025075e-6,-1.7207301451398497e-6,-1.7227770840505132e-6,-1.723321954250186e-6,-1.7221176425568291e-6,-1.7209416019304245e-6,-1.7232383867983294e-6,-1.7238816746592512e-6,-1.7219741507874431e-6,-1.723355343207456e-6,-1.720924004130351e-6,-1.7195196581939506e-6,-1.7226393465257991e-6,-1.7197096776923604e-6,-1.7177941054615322e-6,-1.7196489367046531e-6,-1.719849044371103e-6,-1.7251060665607934e-6,-1.7220519373040942e-6,-1.7246277020613352e-6,-1.7219473605818367e-6,-1.717537126099453e-6,-1.7196629084093828e-6,-1.7184066938528266e-6,-1.7220116382318442e-6,-1.7228136760062396e-6,-1.719379076586097e-6,-1.7228948429368246e-6,-1.7175422890018233e-6,-1.7137030440844621e-6,-1.7163589832827182e-6,-1.7226782603344854e-6,-1.721822769364041e-6,-1.719089997669293e-6,-1.7196223657337532e-6,-1.7184005095766687e-6,-1.7202047770873324e-6,-1.7209715597368945e-6,-1.7181770240120037e-6,-1.7199976770419027e-6,-1.721601484145497e-6,-1.7128961436725385e-6,-1.7227920527803175e-6,-1.7214576352826772e-6,-1.7215024860801957e-6,-1.7210844204244564e-6,-1.7157097161672272e-6,-1.714849484960128e-6,-1.7195910811100693e-6,-1.7223298685810002e-6,-1.7200727280387514e-6,-1.724343120402296e-6,-1.7223503339330694e-6,-1.723145060145026e-6,-1.722357522035551e-6,-1.7239993789480022e-6,-1.7215699398306372e-6,-1.718818982404396e-6,-1.7206272260109718e-6,-1.7227423891349984e-6,-1.7242646833409276e-6,-1.7236886164744923e-6,-1.72374138057456e-6,-1.7234800935551951e-6,-1.7232122907607654e-6,-1.7181647981024352e-6,-1.72020975442471e-6,-1.7205210144835458e-6,-1.7211602480692807e-6,-1.7228292541561288e-6,-1.717900671265594e-6,-1.7174784612907057e-6,-1.7222680566614927e-6,-1.7187659652224394e-6,-1.7228207573748138e-6,-1.7222923351985408e-6,-1.7184540200663578e-6,-1.7174182731530383e-6,-1.723317942863006e-6,-1.7215155442214146e-6,-1.7199316993935075e-6,-1.7241649733070467e-6,-1.721666151370427e-6,-1.7217986135664399e-6,-1.7215590766755557e-6,-1.7210518630118617e-6,-1.7144214718494467e-6,-1.7139925933306318e-6,-1.7195027110680464e-6,-1.7243352196684171e-6,-1.7219719350825566e-6,-1.7134589143032048e-6,-1.7196354246719023e-6,-1.7161696096373198e-6
-2.405119686615914e-6,-2.4167080058663375e-6,-2.4145262841890188e-6,-2.417168501420314e-6,-2.4119247051989146e-6,-2.4148715780413847e-6,-2.412350551220362e-6,-2.418460463063814e-6,-2.415293813817524e-6,-2.4182855786469923e-6,-2.4189624262188893e-6,-2.417661934434595e-6,-2.4158773212594058e-6,-2.418829265976506e-6,-2.4197645056409316e-6,-2.4176135571849813e-6,-2.4190533927219657e-6,-2.41572373857522e-6,-2.4139137682748053e-6,-2.418336044261995e-6,-2.4143087632655394e-6,-2.4120550673826606e-6,-2.414408538103799e-6,-2.414459633264336e-6,-2.4212685892648413e-6,-2.417798737441167e-6,-2.4205803281541168e-6,-2.417300188515039e-6,-2.4118228623734493e-6,-2.414259470808735e-6,-2.412182291077044e-6,-2.417365742634417e-6,-2.4185245071516975e-6,-2.4147899287552875e-6,-2.418511327235741e-6,-2.4121025507962697e-6,-2.40753591627062e-6,-2.41048019982552e-6,-2.4176867692504565e-6,-2.4170717339747943e-6,-2.413632268978917e-6,-2.414863413205239e-6,-2.413162161500557e-6,-2.4153872430424916e-6,-2.4164765181367575e-6,-2.4121896169809967e-6,-2.414867683441211e-6,-2.4168903305265593e-6,-2.4073051123984834e-6,-2.4181832017885927e-6,-2.416787181046991e-6,-2.416552471413881e-6,-2.416195763264682e-6,-2.409741311787751e-6,-2.4111622036026865e-6,-2.414332233622996e-6,-2.4176225736046833e-6,-2.4150697313854122e-6,-2.4204222875975557e-6,-2.4178306219742107e-6,-2.4189253816136825e-6,-2.4178141484587632e-6,-2.4200080134102416e-6,-2.416722264580246e-6,-2.4136633609106827e-6,-2.415981168817106e-6,-2.4184487272842607e-6,-2.4202826492090905e-6,-2.4195870800401763e-6,-2.4194294257615893e-6,-2.419335695117112e-6,-2.418587014082808e-6,-2.412621265685114e-6,-2.4152462722531103e-6,-2.4157091073400745e-6,-2.4161013822735605e-6,-2.4185688256458054e-6,-2.4127509354623178e-6,-2.411931918335037e-6,-2.4177927979998097e-6,-2.412845702076521e-6,-2.418583992885686e-6,-2.417926574226248e-6,-2.4131038561335613e-6,-2.411710761473064e-6,-2.4196035715896103e-6,-2.4164938509982376e-6,-2.4144763567296263e-6,-2.420088655952663e-6,-2.417095251966161e-6,-2.4171598224359163e-6,-2.416832596460093e-6,-2.4163087436983923e-6,-2.407496458348791e-6,-2.407893576794183e-6,-2.414029375947074e-6,-2.420394182996336e-6,-2.4172803924216875e-6,-2.4069323511129873e-6,-2.4144825071599873e-6,-2.410381032874777e-6
-3.41395955597083e-6,-3.4284286732001177e-6,-3.425862535892576e-6,-3.428629639179372e-6,-3.422349030606741e-6,-3.425389273305334e-6,-3.422033105332959e-6,-3.429926057595831e-6,-3.4259483627326687e-6,-3.4302889559376984e-6,-3.431031337327737e-6,-3.4296865671969475e-6,-3.4269866915182144e-6,-3.4308048376143055e-6,-3.43218150837363e-6,-3.429424308393035e-6,-3.4310581314135608e-6,-3.4266674558965953e-6,-3.4241648011364234e-6,-3.430392851735907e-6,-3.4249611919117176e-6,-3.4223980621991616e-6,-3.425335657262831e-6,-3.4250180883293143e-6,-3.4338867698226672e-6,-3.4299175652304294e-6,-3.4330929224853716e-6,-3.428936069422869e-6,-3.421892187953321e-6,-3.4248548152343064e-6,-3.4215449688320996e-6,-3.4291632520701795e-6,-3.4306380165609637e-6,-3.426357571351546e-6,-3.430557142756847e-6,-3.422721142317073e-6,-3.4173076225283616e-6,-3.4208256476569603e-6,-3.4287302702674775e-6,-3.428445347532529e-6,-3.424406888143654e-6,-3.426100629030867e-6,-3.424128575421387e-6,-3.426660691605235e-6,-3.4283227476534464e-6,-3.4222008055935197e-6,-3.425706680027585e-6,-3.4281897833142792e-6,-3.4176160648343223e-6,-3.4297755245220615e-6,-3.4283192447063795e-6,-3.427986047961415e-6,-3.4274377467652247e-6,-3.419542081492545e-6,-3.423018835918392e-6,-3.425091331516311e-6,-3.4290148024956378e-6,-3.426315369262332e-6,-3.432856882175595e-6,-3.429446840707171e-6,-3.431170941309156e-6,-3.4298874000889164e-6,-3.4325067317867637e-6,-3.428021698763944e-6,-3.424965040671075e-6,-3.427584973316446e-6,-3.4304286854237596e-6,-3.4326963773750383e-6,-3.431996260760613e-6,-3.4316072037715194e-6,-3.431579184547926e-6,-3.4301156011543046e-6,-3.423229945226138e-6,-3.426576354486743e-6,-3.4270142165304775e-6,-3.4270962048119454e-6,-3.4307080243335437e-6,-3.42367506443789e-6,-3.4225555992066223e-6,-3.429467593233037e-6,-3.422629861717856e-6,-3.4308834471045995e-6,-3.4299960380682603e-6,-3.423545721334267e-6,-3.42228939369382e-6,-3.4325247735315264e-6,-3.427525214692447e-6,-3.425226787498212e-6,-3.432325285768808e-6,-3.4287976855481253e-6,-3.4285477451017635e-6,-3.4282847647054303e-6,-3.4278383149024788e-6,-3.4157730350606883e-6,-3.4175231901168088e-6,-3.4248795552133948e-6,-3.4328493407024015e-6,-3.4285281554527087e-6,-3.416035870517574e-6,-3.425603012132792e-6,-3.4203000403753362e-6
-4.877226684425639e-6,-4.895457553836995e-6,-4.893090235482561e-6,-4.89539443744308e-6,-4.888051420545001e-6,-4.8906934060809675e-6,-4.886606196800387e-6,-4.896438751783794e-6,-4.891527771299873e-6,-4.897836406265338e-6,-4.898656191738709e-6,-4.8971531832426025e-6,-4.893374210119581e-6,-4.898466995875081e-6,-4.900406924302936e-6,-4.89667395272041e-6,-4.8985288286632934e-6,-4.892965375001551e-6,-4.889583475921759e-6,-4.8979959052647455e-6,-4.8906870900251925e-6,-4.887978229622295e-6,-4.891206487621765e-6,-4.890582215999132e-6,-4.902109865285941e-6,-4.89756923167404e-6,-4.90145339840461e-6,-4.8961152875987935e-6,-4.88681221054132e-6,-4.890469688821383e-6,-4.886034486990163e-6,-4.896498039120656e-6,-4.898291278372774e-6,-4.893130397676137e-6,-4.898145507325894e-6,-4.888334137294993e-6,-4.882057740039623e-6,-4.886889819421441e-6,-4.8949100491378706e-6,-4.8950594127073535e-6,-4.890756003819553e-6,-4.892529387686052e-6,-4.890244313981271e-6,-4.893015974808208e-6,-4.895553204879381e-6,-4.887066495416467e-6,-4.891727361732252e-6,-4.894791284057088e-6,-4.882735309353716e-6,-4.8969480107928355e-6,-4.895265677674966e-6,-4.895096131521818e-6,-4.893915211136581e-6,-4.884419432125261e-6,-4.890413609685303e-6,-4.89104113942145e-6,-4.89544421686669e-6,-4.892731153137048e-6,-4.900863535258376e-6,-4.896504486228874e-6,-4.89893576219391e-6,-4.897699171720456e-6,-4.900711270383673e-6,-4.894727586047676e-6,-4.891885850004886e-6,-4.8946923639909644e-6,-4.897890777512881e-6,-4.900671513751209e-6,-4.899923589365286e-6,-4.89959541398532e-6,-4.899346021289685e-6,-4.896927057498445e-6,-4.88897183521376e-6,-4.893531224336154e-6,-4.893515959470429e-6,-4.8932983240263746e-6,-4.898518674222552e-6,-4.889792116443312e-6,-4.888634691864359e-6,-4.896239576603258e-6,-4.88735365533759e-6,-4.8987350937754395e-6,-4.897530801945838e-6,-4.888691875436716e-6,-4.888207089250041e-6,-4.901137741346278e-6,-4.893630000856697e-6,-4.8914749971872006e-6,-4.900072327217205e-6,-4.8959643842917704e-6,-4.895042281181699e-6,-4.895197071123734e-6,-4.894904827013578e-6,-4.8781259078594056e-6,-4.881901188817578e-6,-4.890602809306026e-6,-4.900850975828761e-6,-4.894936245012907e-6,-4.87955692887234e-6,-4.891956777134382e-6,-4.88484062074742e-6
-7.004075166211876e-6,-7.026249404855924e-6,-7.0248112918230344e-6,-7.026122379536072e-6,-7.01781130391505e-6,-7.019407759871568e-6,-7.014905928491442e-6,-7.026540224588452e-6,-7.020367510957936e-6,-7.029591423376012e-6,-7.030283063875445e-6,-7.02845802691977e-6,-7.023435464120963e-6,-7.0303620143099235e-6,-7.033045884044822e-6,-7.028354088064164e-6,-7.030081990955067e-6,-7.0232269437115195e-6,-7.018649523894823e-6,-7.0298204969567845e-6,-7.020120121633592e-6,-7.017496597566812e-6,-7.02051392268473e-6,-7.019516044260868e-6,-7.03479019285698e-6,-7.029355551570397e-6,-7.034350680713334e-6,-7.0272635698303395e-6,-7.015111349310133e-6,-7.019691152296982e-6,-7.014524989673439e-6,-7.027979809260919e-6,-7.030177614972019e-6,-7.023648654673771e-6,-7.029777658634773e-6,-7.017502002823568e-6,-7.0103754440151815e-6,-7.017152448159869e-6,-7.0250557395662385e-6,-7.02576285703244e-6,-7.020863311210203e-6,-7.022735239629142e-6,-7.019974462300672e-6,-7.0228921936039625e-6,-7.026668717222218e-6,-7.015620030998283e-6,-7.021458539787107e-6,-7.025597921901683e-6,-7.0106777597541956e-6,-7.028341922994983e-6,-7.0263239076164185e-6,-7.0264426784385125e-6,-7.0243038938498776e-6,-7.0128441090978135e-6,-7.020599309768364e-6,-7.020859955968545e-6,-7.0253555788598216e-6,-7.022915539758699e-6,-7.0330814133941285e-6,-7.027954039851408e-6,-7.030788458030112e-6,-7.029631019512337e-6,-7.033700775740747e-6,-7.025379014182391e-6,-7.023043884252532e-6,-7.0259890958401035e-6,-7.029594194833472e-6,-7.032678682768398e-6,-7.031643375211583e-6,-7.0324703031005855e-6,-7.031489840303326e-6,-7.027746341187621e-6,-7.0184645172010345e-6,-7.024764539529431e-6,-7.023678032566752e-6,-7.023093746726294e-6,-7.030747185326475e-6,-7.019602946785187e-6,-7.019022185349444e-6,-7.02679434973135e-6,-7.015640472283153e-6,-7.030895662407446e-6,-7.028997585256245e-6,-7.017510579710021e-6,-7.017958190164714e-6,-7.034014976334216e-6,-7.023251428746621e-6,-7.0217249853917844e-6,-7.0319793092201015e-6,-7.0272751198631694e-6,-7.02555119259839e-6,-7.02634017401619e-6,-7.026186271260444e-6,-7.003562156132558e-6,-7.0092226497895415e-6,-7.0196417216841855e-6,-7.032948258530161e-6,-7.025321806893735e-6,-7.0060396783690265e-6,-7.022385111788603e-6,-7.012569069075379e-6
-0.000010104599905942542,-0.00001013032611674849,-0.000010130468305776342,-0.000010129890344857334,-0.000010121049373464725,-0.000010120928845294434,-0.000010115813881846592,-0.000010129213036054432,-0.00001012165422548085,-0.000010134995195240139,-0.000010134673935675161,-0.000010132745697325737,-0.000010126126711367885,-0.000010135637941587628,-0.00001013940264776739,-0.000010133565281149922,-0.000010135030334071396,-0.000010126763523031364,-0.000010120716095671702,-0.000010134956813956973,-0.0000101226346521263,-0.000010120098748147298,-0.00001012298250880852,-0.000010120951718450176,-0.000010141218876394961,-0.000010134296880204165,-0.000010141138760948878,-0.000010131014614417984,-0.000010115771236681981,-0.000010121433230191146,-0.000010115440008683693,-0.000010132749601530869,-0.000010135602986213627,-0.000010127087424785174,-0.00001013450506275539,-0.000010119540752709293,-0.00001011151902640704,-0.000010120919971948913,-0.000010128901153674799,-0.000010130412253551957,-0.000010123649055812702,-0.00001012575061744388,-0.000010122455304748472,-0.000010125123242559914,-0.000010130492323942027,-0.000010117500055226348,-0.00001012404445387969,-0.000010129507882918017,-0.000010109543797642175,-0.000010132802607420502,-0.000010130885695994485,-0.000010130863959708472,-0.000010127645510047964,-0.000010113704031162649,-0.000010122107542629416,-0.000010123860866556864,-0.000010128095854365937,-0.000010126404766008482,-0.000010138793253822563,-0.00001013262041069279,-0.000010136084352654702,-0.000010134975735256117,-0.000010140946380635028,-0.00001012895956490619,-0.00001012762135316647,-0.000010130363632946535,-0.000010134985616317845,-0.000010138119789512765,-0.000010136287307802059,-0.000010139829341254441,-0.000010137380289449719,-0.000010131914455986167,-0.000010121261863383008,-0.000010129490813810388,-0.000010126703582866763,-0.000010125183654032742,-0.000010136413106026601,-0.000010121764578386396,-0.000010122707982107695,-0.00001013054486570709,-0.000010116501805522713,-0.00001013681351686694,-0.000010133708769905118,-0.000010119082537272973,-0.000010121065598953604,-0.0000101402553293636,-0.000010126311240600876,-0.000010125307630184556,-0.000010136997784557654,-0.000010131708528932141,-0.000010129337523557146,-0.000010130840090131066,-0.000010130907654986886,-0.000010101709641051021,-0.000010108787660076804,-0.000010121425228166327,-0.000010138282806625811,-0.000010128974426038588,-0.000010104887920892573,-0.000010126138876873645,-0.000010112977711142618
-0.000014648762061966461,-0.000014677521316342852,-0.00001468023827804622,-0.000014676413197713202,-0.000014667865686040038,-0.00001466520925001932,-0.000014659029029155829,-0.00001467412100709404,-0.000014665463493569194,-0.000014683836355628607,-0.000014681792165095656,-0.000014680107096777632,-0.000014671381976496395,-0.00001468424614238243,-0.000014689270564019839,-0.0000146818442111567,-0.000014683255840534945,-0.000014673701012841376,-0.000014665408451854691,-0.00001468300923524068,-0.000014668031894631441,-0.000014665229079548814,-0.000014668834615494716,-0.000014664938968703524,-0.000014691359219308652,-0.000014682114360171102,-0.000014691649082247307,-0.000014676886183309228,-0.000014658058808000825,-0.000014665247169339296,-0.00001465830831849119,-0.000014680443610307837,-0.000014684513136209212,-0.000014673457596570563,-0.000014682111223008626,-0.000014664133616048446,-0.000014655695706750409,-0.000014668558777795999,-0.000014676599117574158,-0.000014679081859056195,-0.000014669215808227437,-0.00001467161731322967,-0.000014667850613431881,-0.000014669288267122593,-0.000014676442320762452,-0.000014662464106702352,-0.00001466977290401053,-0.000014676041230938527,-0.000014649482246065365,-0.00001468025554652353,-0.000014678967238479788,-0.000014678242827437276,-0.000014673783612518718,-0.000014657427424847022,-0.000014665688551276438,-0.000014669931447608454,-0.000014673357333641243,-0.000014673380807279376,-0.00001468795749012447,-0.000014679881372616607,-0.000014684510596790218,-0.000014683633424157742,-0.000014692113623914401,-0.000014675101633226433,-0.000014675200217676756,-0.00001467804085813573,-0.000014684420722403876,-0.000014686922276517318,-0.000014684335273761184,-0.0000146918178470065,-0.000014687228299974401,-0.000014679089135283487,-0.000014666090911131157,-0.000014677533573858554,-0.000014672576375990512,-0.000014668893192812575,-0.000014685522869574454,-0.000014665434202847506,-0.000014669549422947904,-0.000014677735426348751,-0.00001465965525945709,-0.000014686336100755081,-0.000014681520818088921,-0.000014663198234912133,-0.000014667333349628092,-0.000014690023051176902,-0.000014672713975505712,-0.000014672048700812247,-0.000014685154460114969,-0.000014678803903962005,-0.00001467651292078168,-0.000014678445226147343,-0.00001467833825043007,-0.000014642254747948756,-0.000014650946575527274,-0.000014666682940395952,-0.000014686399154497911,-0.00001467576211255356,-0.000014646201974565289,-0.000014673447422401054,-0.000014655940054662434
-0.000021362612898652094,-0.000021394771893291715,-0.000021401872813157046,-0.00002139267295185176,-0.000021385796299432974,-0.000021379382534866135,-0.000021371543450402093,-0.00002138869444266253,-0.00002137840961993067,-0.00002140369195190498,-0.000021399148648275502,-0.00002139845109798043,-0.000021386693877339553,-0.000021403935443335214,-0.000021409687580296062,-0.000021400536180168873,-0.000021402295081005487,-0.00002139177792193907,-0.00002138003617226919,-0.00002140149844515539,-0.000021383611715489157,-0.00002138004596034667,-0.000021384733392056846,-0.000021378783226210783,-0.000021412561265965607,-0.00002140027367152295,-0.000021413639971895474,-0.000021392477484512617,-0.0000213692936730742,-0.000021379244755919376,-0.0000213706910499294,-0.00002139837608570972,-0.00002140445129296287,-0.00002139097760479899,-0.00002140020604958503,-0.00002137855013307543,-0.00002137014565313941,-0.000021388230079989924,-0.000021395560567191818,-0.000021398513172137164,-0.000021385384680540026,-0.00002138864575352422,-0.00002138363910925635,-0.000021382970451003905,-0.000021391921683858133,-0.00002137721826301112,-0.000021386882238089172,-0.00002139262118167305,-0.000021360556390994413,-0.000021398072872433295,-0.000021398175045423314,-0.000021395767020784456,-0.000021389855118891408,-0.000021371506841481927,-0.00002137780951986535,-0.000021386862780860927,-0.000021388097906777743,-0.000021390491122049418,-0.000021407842303649965,-0.000021397558006119466,-0.00002140340987919906,-0.000021403329734464808,-0.00002141458959320907,-0.000021391513608004284,-0.000021393294224634284,-0.00002139704645415788,-0.00002140552003028625,-0.00002140640619420306,-0.000021403322601230138,-0.000021416286704743998,-0.000021409170942484893,-0.000021397107531225723,-0.000021380265869815843,-0.000021395569923574752,-0.00002138940948991281,-0.00002138201412741432,-0.000021405362857780582,-0.000021379081919111776,-0.000021387231580108094,-0.00002139633082770749,-0.000021372602715696286,-0.000021406571405101747,-0.000021399859086863414,-0.000021377291185426627,-0.0000213833872595218,-0.00002141129447227596,-0.00002138909673548216,-0.000021390015916808084,-0.00002140375483811929,-0.00002139595142399293,-0.000021394530861232074,-0.000021396382401385866,-0.000021395372777826532,-0.000021353253632519427,-0.0000213637613607407,-0.0000213824954831654,-0.000021404486401520976,-0.00002139333793491941,-0.00002135732013154391,-0.000021391723357197585,-0.00002136840980881366
-0.00003139381127918802,-0.0000314294231680173,-0.000031442962292306855,-0.000031425659818166906,-0.000031422495408584854,-0.000031410434330408254,-0.000031400033078869875,-0.00003142016068251319,-0.00003140779335517558,-0.000031442032926158167,-0.00003143398979889747,-0.00003143510650636812,-0.000031419440498710816,-0.000031442311305259994,-0.000031448228106394384,-0.0000314380735112448,-0.000031438677089193747,-0.000031428174420086926,-0.00003141134130717148,-0.00003143754323456713,-0.00003141666956681498,-0.000031412592941000895,-0.000031417844261900707,-0.00003140993792427752,-0.000031452218662116174,-0.00003143660776368099,-0.000031454847398217264,-0.000031424175680404255,-0.000031397541408344275,-0.00003141187308975372,-0.000031401276113269875,-0.00003143432233400373,-0.000031442942262724926,-0.000031428042020966396,-0.000031435776829538765,-0.00003140972143185959,-0.000031403096560341846,-0.00003142790379655151,-0.00003143242395194504,-0.000031435337217208455,-0.00003141867985087819,-0.00003142455885627247,-0.00003141746001380927,-0.000031413444641362784,-0.0000314248956800347,-0.00003140820526932306,-0.00003142322492369786,-0.00003142607887228904,-0.00003139215914992887,-0.00003143309787116337,-0.00003143674054279549,-0.000031430276683418746,-0.000031423458169211826,-0.00003140401113151174,-0.00003140493443148003,-0.00003142174560954799,-0.00003141951299533438,-0.00003142536183676951,-0.00003144559660246035,-0.00003143319774680994,-0.00003144034638796806,-0.00003144199128418109,-0.00003145648706230262,-0.000031426234514583825,-0.000031429057297200825,-0.00003143541256535986,-0.00003144595270661048,-0.0000314441481497178,-0.00003144048785865602,-0.000031460366466023,-0.000031450604874118694,-0.000031434933687022816,-0.000031411606342795,-0.000031431075732344906,-0.000031425610666831153,-0.000031411852450841376,-0.00003144245359115254,-0.00003141143281747095,-0.000031424159301839036,-0.00003143337175963754,-0.00003140265596167288,-0.00003144559726820544,-0.0000314356620283285,-0.00003140894719922969,-0.000031416097933765466,-0.00003145061691014813,-0.000031422037910778614,-0.00003142697873296164,-0.00003144030091020451,-0.000031431218997832,-0.00003143054279281481,-0.000031432307487088275,-0.000031430116643557805,-0.00003138192050938798,-0.00003139410048839032,-0.000031415936077756165,-0.000031439927560559145,-0.00003142908434029274,-0.00003138630599881288,-0.00003142714822274911,-0.00003139677436904848
-0.000046631144631986686,-0.00004666794141349917,-0.00004669028054616246,-0.000046661627187089176,-0.00004666480988696867,-0.00004664409791429548,-0.00004663029579633207,-0.000046653672111769955,-0.0000466402186897709,-0.000046685243213249675,-0.000046672344611828456,-0.000046676317652266997,-0.00004665562762583147,-0.00004668539913443952,-0.00004669101442973461,-0.00004668113649901762,-0.000046678087941292055,-0.00004666826712039783,-0.00004664435432326177,-0.00004667869389951604,-0.00004665400496407699,-0.000046648835388617864,-0.000046654968613426985,-0.00004664569663797503,-0.00004669540425250568,-0.000046677472797624375,-0.00004670112217649345,-0.00004665746572771216,-0.000046629374569448026,-0.000046649808037138726,-0.00004663713263157664,-0.00004667433913258846,-0.00004668551043024636,-0.000046670825228697475,-0.000046674546219174655,-0.00004664349611986373,-0.00004664106696168462,-0.00004667301290585257,-0.00004667468216163516,-0.00004667518996622532,-0.00004665495184293026,-0.00004666571163980615,-0.00004665486390483507,-0.00004664640317322857,-0.000046661998119752355,-0.00004664117543068656,-0.000046664593840388795,-0.000046662417530850214,-0.00004663073825602393,-0.00004667163059990327,-0.000046682097678256344,-0.00004666781557747047,-0.000046661373865019434,-0.00004664056934134569,-0.00004663505644282114,-0.000046661568799170923,-0.00004665312220999214,-0.00004666403023003459,-0.000046686631574176685,-0.00004667200016265952,-0.0000466814744999434,-0.00004668585080922885,-0.0000467041472513231,-0.00004666499970429291,-0.00004666921661427465,-0.00004667921589358292,-0.000046692212491785757,-0.00004668574128739568,-0.00004668215574855159,-0.0000467110211444048,-0.000046696984456263784,-0.00004667987849068497,-0.00004664531700159941,-0.00004667123963306846,-0.00004666695006010953,-0.00004664347925700402,-0.00004668201153758675,-0.00004665010430523273,-0.00004666640347761131,-0.000046674660112690415,-0.000046636359597725314,-0.000046688794540259294,-0.00004667439260181559,-0.000046644257917159034,-0.00004665119694236782,-0.00004669348948648205,-0.00004665759615415693,-0.00004666939985560137,-0.000046683586629714966,-0.000046671551782173576,-0.00004667095722197478,-0.00004667338237216462,-0.00004666712225783097,-0.0000466118893087953,-0.000046625932661214225,-0.00004665256188165001,-0.00004667870432716158,-0.00004666875754348575,-0.00004662067760704267,-0.00004666632383504602,-0.000046626484026556923
-0.00007028771255421768,-0.00007032112745993614,-0.0000703545478230099,-0.0000703114382607129,-0.00007032382760057124,-0.00007029243740756078,-0.00007027366432316046,-0.00007030108323557855,-0.00007028743044934995,-0.00007034367878814684,-0.00007032605584429019,-0.0000703325542391679,-0.00007030552900956937,-0.00007034151851806466,-0.0000703496120455619,-0.00007034126851362171,-0.00007033170052055611,-0.00007032268055186738,-0.00007028952928128729,-0.000070336228570871,-0.00007030771014088393,-0.0000702981874264618,-0.00007030860274554929,-0.00007029695983815762,-0.00007035162345311737,-0.0000703344528847492,-0.00007036211152205638,-0.00007030501083823749,-0.00007027596312986266,-0.00007030537502658277,-0.0000702894355846343,-0.00007032823560148547,-0.00007034144224766188,-0.00007033124912861398,-0.00007032835644701467,-0.00007029446741712615,-0.00007029550313045134,-0.00007033481086733421,-0.00007033438589439187,-0.00007033066500959496,-0.0000703074285464009,-0.00007032589411392354,-0.00007030814542667979,-0.00007029337707479795,-0.00007031334850334764,-0.0000702883659302958,-0.00007032353758057176,-0.00007031264860224868,-0.00007028821401179912,-0.00007032482193923095,-0.0000703468318783684,-0.00007032041303356149,-0.00007031838134145929,-0.000070291654820966,-0.00007028413174509142,-0.00007031599284652691,-0.00007030105760524364,-0.00007031846342023463,-0.00007034081183863685,-0.0000703235756500344,-0.00007033704834063031,-0.00007034604570283692,-0.00007036742431965335,-0.00007031890365363362,-0.00007032594058486842,-0.00007033818842262229,-0.00007035510700949998,-0.00007034110385563576,-0.00007033964142350405,-0.00007037993841284794,-0.00007035998262947853,-0.00007034231564185025,-0.00007029250771375709,-0.00007032754088610872,-0.00007032338204763349,-0.00007028991548501206,-0.00007033643829262631,-0.00007030749939376438,-0.00007032504391434754,-0.00007033225441414339,-0.00007028667852847867,-0.00007034547102904338,-0.0000703285149914138,-0.00007029375987057818,-0.00007030067388111614,-0.00007035102547696978,-0.00007030765229188875,-0.00007032953314064509,-0.0000703463314815056,-0.0000703301064983666,-0.00007032676334444999,-0.00007033162363266724,-0.00007031664911030021,-0.00007025304702708407,-0.00007027023992439708,-0.0000703058920628637,-0.00007032968579047811,-0.00007032391982767273,-0.00007027138050838197,-0.0000703247742856139,-0.0000702685823984435
-0.00010814831595033476,-0.00010817041526155804,-0.00010821938720669482,-0.00010815832812649648,-0.00010818360081782619,-0.00010813760913818153,-0.00010811528768555888,-0.0001081501872840432,-0.00010813516912257885,-0.00010819859018950587,-0.00010817907173680893,-0.00010818676673321825,-0.00010815364814099519,-0.0001081928130311589,-0.00010820967441187642,-0.00010820209346001192,-0.0001081826819773114,-0.00010817263061880324,-0.00010813159010452389,-0.00010819376891419157,-0.00010816290558022815,-0.0001081449135486037,-0.0001081645573561435,-0.00010814808106614292,-0.00010820400636314716,-0.00010819110411650826,-0.0001082213348318945,-0.00010815278980154124,-0.00010812208974193583,-0.00010816607831772924,-0.00010814205948967662,-0.00010817766063346345,-0.00010819206559023535,-0.000108194145087292,-0.00010818290299457851,-0.00010814727197043682,-0.00010815279496433384,-0.00010819803398795993,-0.00010819676713183185,-0.00010818711088122164,-0.00010815923616161654,-0.00010818962805427622,-0.00010816450336532696,-0.00010813814353739668,-0.00010816230206778268,-0.00010813434225838146,-0.000108183107947375,-0.00010815781333031453,-0.00010814772023500027,-0.00010817587747555883,-0.00010821514787914049,-0.0001081710529189314,-0.00010817914316716686,-0.0001081408942017538,-0.00010814254945602348,-0.00010816795433567111,-0.0001081485899915932,-0.0001081735386274263,-0.00010819215476472812,-0.00010817228306364535,-0.00010818942737987202,-0.00010820721601434713,-0.0001082284122145638,-0.00010817339139451067,-0.00010818510361457518,-0.00010819396912652095,-0.00010821766239599846,-0.00010819434924123195,-0.00010819650950475863,-0.00010824981393465908,-0.00010822490176363836,-0.0001082057061580178,-0.00010813630267673633,-0.00010818197171189313,-0.00010818048421103681,-0.00010813858220330666,-0.0001081893538644912,-0.00010817115379313177,-0.0001081846918908329,-0.00010819031837504037,-0.00010813865301389535,-0.00010819840740174846,-0.00010818364474905515,-0.00010814459023439008,-0.00010814928512147475,-0.00010820588821247709,-0.0001081568197931149,-0.00010818984147155168,-0.00010820921882454431,-0.0001081907210260543,-0.00010818051230394979,-0.00010819033610927681,-0.00010816457627143718,-0.00010809561775620592,-0.00010811290791855877,-0.00010816133261742546,-0.00010817311151581669,-0.00010817921676357959,-0.00010812050655028886,-0.00010818812381661556,-0.00010810580698448916
-0.0001714217848879493,-0.00017142904002055855,-0.0001714975941904476,-0.00017141601735060297,-0.00017145794375551934,-0.000171392307247,-0.00017136820615598148,-0.00017141466135870635,-0.00017139679197844364,-0.00017146058130807358,-0.00017144063046776266,-0.00017144991453904728,-0.0001714133961642675,-0.00017144997027892324,-0.00017148168004153954,-0.00017147278590883488,-0.00017144195681514438,-0.00017142644748262506,-0.00017138706673446076,-0.0001714650502387618,-0.00017142953358524772,-0.00017140195384648615,-0.00017143753486193505,-0.0001714119781848896,-0.00017146308622867495,-0.00017145932986760009,-0.0001714888502945667,-0.00017141263679383578,-0.00017137903861353502,-0.00017144467039046334,-0.00017140955295238969,-0.00017143475498838056,-0.00017144842808642892,-0.00017147167527918725,-0.00017144886531423272,-0.00017141447006632841,-0.0001714266119108637,-0.00017147205593608797,-0.00017147453188450366,-0.00017145499402034632,-0.00017142031370606135,-0.00017146678184929885,-0.0001714395956357468,-0.00017138996750758878,-0.00017142525255493894,-0.00017139071766647656,-0.0001714537721547158,-0.00017140919634415472,-0.00017142317662241526,-0.00017143349588139397,-0.00017149794807551371,-0.00017143018176715816,-0.0001714541156250681,-0.00017139859179215804,-0.0001714224040503409,-0.00017143154576250837,-0.00017140764659736088,-0.00017144491959597652,-0.00017145388003576725,-0.00017143243951699892,-0.00017145032041593274,-0.00017148220132091635,-0.00017149520555748339,-0.0001714391658156785,-0.00017145749878452981,-0.00017145892239955603,-0.00017149054290788152,-0.00017145847612675552,-0.0001714674550540383,-0.00017152810319698167,-0.00017150574011239427,-0.0001714801197500327,-0.00017139524507735134,-0.00017144291878607479,-0.00017145150706748618,-0.00017140353556586288,-0.00017145113320105393,-0.0001714571425459626,-0.0001714596233866329,-0.00017145952763451502,-0.00017140495425205552,-0.0001714627621119865,-0.0001714534749536172,-0.00017141299761004345,-0.0001714090881636724,-0.00017147027774300368,-0.00017142127183704116,-0.00017146185408392308,-0.00017148031431727425,-0.00017146192261050295,-0.00017144284431598716,-0.00017146113110066077,-0.0001714285987886884,-0.00017135487379606662,-0.00017137088318971752,-0.00017142770213264975,-0.00017142069526551433,-0.0001714488061623453,-0.00017137781608136978,-0.0001714685442876749,-0.0001713508759932489
-0.0002843299241756538,-0.0002843157607592319,-0.00028441178408870774,-0.00028431021620001115,-0.000284368053731309,-0.00028427732046915576,-0.0002842562811295592,-0.0002843174599318791,-0.0002842955680297059,-0.0002843547365499941,-0.0002843376449258873,-0.00028434274509840066,-0.0002843022667058878,-0.0002843327507241843,-0.00028438218538827663,-0.0002843781910655313,-0.00028432345647703337,-0.0002843058107960862,-0.0002842870099420355,-0.00028437861982051767,-0.0002843308641925749,-0.0002842949069564673,-0.0002843548538749529,-0.000284314559211866,-0.0002843480039337454,-0.0002843608005341558,-0.00028438384760481856,-0.00028430768511203587,-0.000284269588101471,-0.0002843668631487415,-0.00028431674700630925,-0.00028432253173068286,-0.00028433399070821566,-0.0002843822576063781,-0.00028434755537143776,-0.00028432145487361363,-0.00028433821266268117,-0.00028438061120590743,-0.0002843902355305595,-0.00028435864660606266,-0.00028431601849450287,-0.0002843800746028841,-0.00028435784303195105,-0.0002842721596228287,-0.00028432281705231415,-0.0002842837554305846,-0.0002843601569130802,-0.00028428503947359476,-0.00028433909842225135,-0.0002843182609328415,-0.000284418018169868,-0.00028431842549805664,-0.0002843668421411001,-0.0002842918435860727,-0.0002843396577550734,-0.0002843336755822747,-0.00028429856897195315,-0.00028436099129240693,-0.00028434898063806687,-0.0002843269366075694,-0.00028433868765849344,-0.0002843992805204961,-0.00028438707674736485,-0.00028433542064536347,-0.00028436924823563347,-0.00028436227933962557,-0.0002843879369848059,-0.0002843606482476121,-0.00028438021334146535,-0.0002844305571029659,-0.00028442098523114533,-0.0002843856029680074,-0.0002842948769468118,-0.0002843331971744888,-0.00028436144294866734,-0.00028431054130170525,-0.0002843406176557392,-0.00028439191058658557,-0.00028437618884764784,-0.00028436391794182676,-0.0002843160994162709,-0.0002843608630034389,-0.0002843643068333241,-0.0002843178707860213,-0.00028430546951828265,-0.000284368989355755,-0.00028432616341929947,-0.000284367874625139,-0.0002843867171134266,-0.0002843690594450024,-0.00028433920828429204,-0.00028436358880432554,-0.00028433636020812553,-0.0002842484969416435,-0.00028427171246493666,-0.00028432698795484055,-0.0002842982687461717,-0.0002843601601065145,-0.0002842629889562505,-0.000284392275878137,-0.0002842320648981454
-0.000507089679187815,-0.0005070357013349325,-0.0005071730720832943,-0.000507055484346875,-0.0005071212062087026,-0.0005069922867555275,-0.0005069971122356671,-0.0005070678702589501,-0.0005070355623113134,-0.0005070922276533634,-0.0005070815268128882,-0.0005070816534082487,-0.0005070259625718923,-0.0005070570648499623,-0.0005071200592210035,-0.0005071289625583843,-0.0005070354395919437,-0.000507015293796251,-0.000507053720517357,-0.0005071425734662554,-0.0005070828206863244,-0.0005070331934284668,-0.0005071329283535102,-0.0005070705061044614,-0.0005070650823113462,-0.0005071058020270679,-0.000507112579274256,-0.0005070446506135927,-0.000507012077076978,-0.0005071574394912087,-0.000507079947746439,-0.0005070512246420159,-0.0005070661250366549,-0.0005071345992928604,-0.0005070907293744319,-0.0005070811450929838,-0.000507095368604057,-0.0005071416014263507,-0.0005071577665506331,-0.0005071090305123931,-0.0005070541309797183,-0.0005071478268836968,-0.0005071389376990986,-0.0005069966477474541,-0.0005070650434182141,-0.0005070296466757039,-0.0005071167708352198,-0.0005069873163734838,-0.0005071113680935586,-0.000507045653926252,-0.0005071908812808346,-0.0005070547084207594,-0.0005071305371586847,-0.0005070443752572358,-0.0005071087546516381,-0.0005070902556741043,-0.0005070271204588404,-0.0005071275052973001,-0.0005070821517014432,-0.0005070590767721696,-0.0005070617340523289,-0.0005071829717670198,-0.0005071148164958693,-0.0005070750861057773,-0.0005071454884349002,-0.0005071174206110177,-0.0005071107996153354,-0.0005071067053336948,-0.0005071573020461617,-0.0005071653647562618,-0.0005071801146687975,-0.0005071380198590801,-0.0005070379075282107,-0.000507065314426153,-0.0005071256672755343,-0.000507069383342265,-0.000507071487880751,-0.0005071884991007605,-0.0005071648684802845,-0.0005071177534384818,-0.0005070955017542618,-0.000507099644835202,-0.0005071373815407361,-0.0005070718010557786,-0.0005070516214396146,-0.000507112107624484,-0.0005070763418103738,-0.0005071269950994113,-0.0005071497043179966,-0.0005071358276210257,-0.0005070804803050152,-0.0005071030901734966,-0.0005071014578230592,-0.0005069882494796691,-0.0005070353783616526,-0.0005070717747636105,-0.0005070157532421106,-0.0005071303459009528,-0.0005069834626227,-0.0005071788047219536,-0.0005069630944555129
-0.00102035897327609,-0.0010202537333058623,-0.0010204301187172302,-0.001020307517696743,-0.0010203819813434825,-0.001020199185057418,-0.0010202531123894554,-0.0010203217540926753,-0.0010202689304073223,-0.0010203171690427021,-0.001020308845536284,-0.0010203197636227948,-0.001020254223343783,-0.0010202887959519218,-0.0010203387728303969,-0.001020379013047701,-0.0010202525472289329,-0.0010202238407353472,-0.001020340396210606,-0.0010203945398133253,-0.0010203473440629797,-0.0010202561665797164,-0.001020415061656836,-0.0010203360842084325,-0.0010202717263710004,-0.0010203656749433563,-0.0010203209055525417,-0.0010202683395205965,-0.001020252916156123,-0.0010204799888725844,-0.0010203768692094496,-0.0010202822959155269,-0.0010203089476882633,-0.0010203711119742354,-0.001020336348744398,-0.0010203354808661627,-0.0010203410514679802,-0.001020419198932475,-0.001020414957931567,-0.0010203578189375171,-0.0010202859539977282,-0.0010204258522745814,-0.0010204335788071167,-0.0010202201632307315,-0.0010203050121827748,-0.001020297812489263,-0.0010203943853115515,-0.0010201906702857766,-0.0010204064509466188,-0.0010202568844145605,-0.0010204745971186268,-0.001020319594330092,-0.0010204184783520658,-0.0010203229115227311,-0.0010203884624770407,-0.0010203807402597944,-0.0010202556392709182,-0.0010203724732051602,-0.0010202965691909023,-0.00102026696794857,-0.0010202701204946618,-0.001020494038201487,-0.001020318119188718,-0.0010203233618485716,-0.0010204496774598043,-0.00102037743282721,-0.001020317974012308,-0.0010203383190132461,-0.0010204620025594361,-0.0010203788191122279,-0.0010204285497496094,-0.0010203683324329048,-0.0010202637558180366,-0.0010202871044773956,-0.001020406922234164,-0.0010203362168571051,-0.0010203111107047929,-0.001020493897127699,-0.0010204958541685477,-0.0010203861587979944,-0.0010203944270862975,-0.001020337310578527,-0.0010204223728653263,-0.0010203216591642837,-0.001020321228413756,-0.0010203485866733895,-0.0010203310968614127,-0.0010203994830511696,-0.0010204334017785129,-0.0010204145729625722,-0.0010203225236252891,-0.0010203195523382613,-0.0010203734978240626,-0.001020244708071359,-0.0010203170399868036,-0.0010203112501934127,-0.0010202156503759901,-0.0010204228672596651,-0.001020205986491309,-0.0010204743800701133,-0.0010202039349147458
-0.0025247339758168374,-0.0025246018669444854,-0.002524761713743497,-0.00252467185638832,-0.002524803519190995,-0.002524511324938273,-0.0025246456710090637,-0.0025246616148791824,-0.002524663789484146,-0.0025246193022226806,-0.002524658410103819,-0.0025247025464765886,-0.0025245903200752907,-0.002524611951829727,-0.0025246473291091077,-0.0025247285816770203,-0.0025246079237238547,-0.0025245577476516075,-0.0025247348554365036,-0.002524712992096145,-0.002524696781670328,-0.002524551471839927,-0.0025247422986784587,-0.002524752365838734,-0.002524595304842809,-0.0025247633109403075,-0.00252461963799506,-0.002524559894888272,-0.002524602923186043,-0.0025249099904775954,-0.002524833496268819,-0.0025246634675538983,-0.002524648949587027,-0.002524666554952458,-0.0025246905148770555,-0.0025246886864763503,-0.0025246342492466455,-0.002524853570961236,-0.0025247483264891064,-0.002524718615225566,-0.00252457950587936,-0.002524808866439837,-0.0025248025011419626,-0.002524538078286084,-0.0025246317229081798,-0.0025246845887882115,-0.002524781820525493,-0.002524544158440465,-0.002524820326717496,-0.0025245515022299814,-0.002524855592342528,-0.0025247264196312,-0.002524817368332881,-0.0025247308226240077,-0.002524782500838989,-0.0025247963300438795,-0.0025245858157682396,-0.0025246928930529452,-0.002524573948961689,-0.0025245559522467306,-0.0025245554086217223,-0.0025249367740793494,-0.0025245659995131366,-0.002524678210153255,-0.0025248797258502287,-0.002524732972381841,-0.0025246263057223284,-0.0025246514671982143,-0.0025248922906571567,-0.0025246655437929253,-0.0025247639759375124,-0.00252462311120194,-0.0025246278250176625,-0.0025245894740923455,-0.002524792915403859,-0.0025247067814612102,-0.002524637536878622,-0.002524887795518773,-0.002524954214529168,-0.0025247618010625274,-0.0025247731031142664,-0.002524667549020688,-0.0025248186688963947,-0.0025246521784498418,-0.00252472353561709,-0.0025246652223638558,-0.0025247371952468486,-0.0025247760037924545,-0.002524845933317329,-0.00252479115943616,-0.0025246687406108026,-0.0025246008102943174,-0.0025247468012867644,-0.002524655245328508,-0.0025246866206403936,-0.0025246200178917,-0.002524498006649051,-0.0025248474086727426,-0.0025245643420966453,-0.0025248793510016876,-0.002524547267730373
-0.008699001701759385,-0.008698953101841447,-0.008698931383262862,-0.008699037529209665,-0.008699175990511697,-0.008698809418244878,-0.008699040800475955,-0.00869877072232663,-0.00869908963742423,-0.00869882725056771,-0.008698871488729927,-0.008699043781355217,-0.008698775448831908,-0.008698748761459252,-0.008698861213942274,-0.00869888823879,-0.008698773825306195,-0.008698811220796332,-0.00869903395307735,-0.00869885934071584,-0.008698798652402105,-0.00869877149342009,-0.008698780929838428,-0.008699187017477539,-0.00869886259537678,-0.008698983591604995,-0.008698803428711918,-0.008698755086227273,-0.00869879832530564,-0.008699172712759832,-0.008699302079431166,-0.008699036064793733,-0.008698829337949302,-0.008698770407550037,-0.00869908945248948,-0.00869883709663323,-0.0086987825194088,-0.00869921925263269,-0.008699081275049158,-0.008698877089205592,-0.00869869141728206,-0.008699018640592658,-0.0086989360847759,-0.00869875780504963,-0.008698696514236978,-0.008698967614695007,-0.008699027224962977,-0.008698858350210495,-0.008699165342795915,-0.00869873955381666,-0.008698987889199669,-0.008699121129281583,-0.008698975395713127,-0.008699062770205972,-0.008699068420093062,-0.008699060594163987,-0.00869883385490345,-0.0086988387013953,-0.008698639429391156,-0.00869873858172265,-0.008698708732567763,-0.008699148677028739,-0.008698695086952049,-0.008698915249436865,-0.008699198409838219,-0.008698886312207315,-0.008698690059437167,-0.00869879263580507,-0.008699139335650488,-0.008698819517588196,-0.008698925927768537,-0.00869873011221585,-0.00869899507033365,-0.008698874403162266,-0.008698987722211414,-0.008699039289708343,-0.008698766668701056,-0.00869907592678502,-0.00869927852701455,-0.008699055960487152,-0.008698926610907248,-0.008698855854029592,-0.008699077155809322,-0.008698846269811818,-0.008699068022731089,-0.00869887812278144,-0.008699101870940227,-0.008699025391284542,-0.008699124531935502,-0.008698927358995807,-0.008698891423791497,-0.008698770556937407,-0.008698963968975088,-0.008699117608193491,-0.008698886310643524,-0.008698813380836428,-0.008698690134704323,-0.008699306348461552,-0.008698971959777802,-0.008699172678863606,-0.008698788552852131
-0.04631150246203669,-0.04631199517133802,-0.04631175809046768,-0.04631230153387256,-0.04631190857222592,-0.0463118614294597,-0.04631174608775148,-0.046311186834906024,-0.04631194369234444,-0.04631171993621041,-0.0463113678971655,-0.0463116148363348,-0.0463112570976819,-0.046311383575755996,-0.046311428028722984,-0.04631116255654795,-0.04631134915268613,-0.04631182134854132,-0.04631180184056786,-0.046311214386334704,-0.04631096364533452,-0.04631169373747673,-0.04631108359682801,-0.046312397594809845,-0.046311633558677234,-0.046311139785275124,-0.046311260077783745,-0.04631155643935899,-0.046311121419287275,-0.04631153367670719,-0.04631212106745511,-0.046311990577868764,-0.04631125431079743,-0.046311214677212297,-0.04631195363126909,-0.046311222982627215,-0.046311397065488716,-0.04631210900523681,-0.04631162766018407,-0.046311492149804866,-0.046311186530045026,-0.046311219788922414,-0.04631108384679311,-0.046311247963237566,-0.04631065505270794,-0.0463118475058524,-0.04631140426658559,-0.04631165137004491,-0.0463119818361738,-0.046311476512740556,-0.04631142014898312,-0.046312037849035995,-0.04631129524910548,-0.046311723967356166,-0.04631213518081605,-0.04631179279195684,-0.046311733385845814,-0.04631112122049341,-0.04631100459935052,-0.046311405013702685,-0.046311055600165754,-0.04631147097859957,-0.04631151882649022,-0.046311399699724275,-0.04631196522697763,-0.046311392213355826,-0.04631131406611717,-0.04631120985851522,-0.0463114826197745,-0.046311366099853785,-0.04631138403292011,-0.04631145728256221,-0.04631230296353256,-0.04631153568709084,-0.04631143478387883,-0.04631166523543417,-0.04631147273833426,-0.04631141277777659,-0.046311940936345025,-0.046311685468499814,-0.04631138918241686,-0.04631145212645433,-0.0463115427504817,-0.046311535202405066,-0.046311825911424374,-0.04631142025606973,-0.046311642875654604,-0.04631169292855901,-0.0463114941727807,-0.04631093137340675,-0.04631153765751742,-0.04631180159659306,-0.04631149479267627,-0.046312587117088855,-0.04631159426730469,-0.04631149927795877,-0.046311244239032365,-0.04631206878760684,-0.046312267532754456,-0.04631179931292228,-0.04631199363551234
