0.06694384250984704,0.06694499801465124,0.06694526027964354,0.06694435093340596,0.06694400493766284,0.06694311134563627,0.06694394394529117,0.0669421705584372,0.06694492181371751,0.066944866110018,0.06694369210521701,0.0669437652386695,0.06694204337197456,0.06694338629971318,0.06694378106647857,0.06694501252884959,0.0669434668593998,0.06694562053249592,0.06694424004415687,0.06694496361219258,0.0669431582792004,0.06694323620459312,0.06694251736837224,0.0669458640957118,0.06694555721535436,0.06694570230154502,0.06694403716744474,0.06694426373062089,0.06694340118624732,0.06694457985355282,0.06694461597750682,0.06694566853312825,0.06694380326332296,0.06694377681736739,0.0669444247769669,0.06694267819258333,0.0669432377241296,0.066944746442659,0.06694530493527617,0.06694503425826713,0.06694303070919434,0.06694471258745327,0.066943921868939,0.06694294120661887,0.06694231082520846,0.06694431409646459,0.06694367110656717,0.06694346852906807,0.06694396754509745,0.06694253839407734,0.06694540072006715,0.06694524403779148,0.0669442447581814,0.06694396044904541,0.06694334624511558,0.06694445616409359,0.0669443122840532,0.0669438429938667,0.06694290773174288,0.06694283704700804,0.06694356347069177,0.06694497380469608,0.06694367132339972,0.06694344336160797,0.06694565045428418,0.0669434855777667,0.06694453257355922,0.06694254637533611,0.06694539374123987,0.06694539054355848,0.06694451068944104,0.06694361548234304,0.06694366784430958,0.06694527702600733,0.06694520570398305,0.06694386127639379,0.06694379334191544,0.06694432043010294,0.06694492732358938,0.06694472847081896,0.06694320751666155,0.0669441704001879,0.06694534805049229,0.06694441401340509,0.06694503782562458,0.06694446132281032,0.06694543603836894,0.06694482188145105,0.06694488908646079,0.06694336476514105,0.06694382467587894,0.06694431829548227,0.06694379237989485,0.06694374564131579,0.06694267424926871,0.0669438850887115,0.06694241300361824,0.06694532451678231,0.06694366845337729,0.06694577589004959,0.06694429020437374
-0.027046954472146202,-0.027046896215366684,-0.02704691054438199,-0.027047307234719695,-0.02704674371913139,-0.027047623933626017,-0.02704719169988555,-0.027046965667024903,-0.0270470716040532,-0.02704726019002294,-0.027047021150039235,-0.027047052777799632,-0.027047003697020126,-0.027047173695513068,-0.02704700630410789,-0.02704648990150728,-0.027046943863825976,-0.027046962199919942,-0.027046964679364682,-0.02704641698479427,-0.027046698144516018,-0.027047225797789058,-0.027046999672006213,-0.027047603541714954,-0.027046770334947588,-0.027045958926740526,-0.027046683326974616,-0.02704725253736514,-0.027046482258567185,-0.02704685982213654,-0.027047648039868834,-0.02704718799002561,-0.02704679096204458,-0.027046713720133782,-0.02704731010894195,-0.027047139153922546,-0.027047030511183245,-0.027047539988817933,-0.02704670941375067,-0.027046771602050552,-0.027047001812444318,-0.027046178807768325,-0.027046447369778775,-0.027047158595798912,-0.027046485463194894,-0.027047197381792294,-0.027047076698875676,-0.027046933712111927,-0.027047637764569067,-0.02704762453447626,-0.027046554318734276,-0.027047032447883906,-0.02704655805858413,-0.027047101573074515,-0.027047742829275363,-0.027047268269095405,-0.02704712254433104,-0.02704663456973639,-0.02704668248663579,-0.027047104698897248,-0.02704674583120454,-0.027046673570280517,-0.0270471176124551,-0.02704686219106315,-0.027047258950499628,-0.02704690404198603,-0.02704653451462418,-0.027046968049787228,-0.02704662152583802,-0.027046573710578274,-0.02704688220047906,-0.027047090820709073,-0.02704796984502185,-0.027046542168498652,-0.027046581409180627,-0.02704735043066151,-0.027047008796436567,-0.02704699398074875,-0.027047063609668957,-0.027047086407448295,-0.027047032965004717,-0.027046931024142427,-0.027046563302653048,-0.027046804477782217,-0.02704706482050293,-0.0270466304973985,-0.02704641880527165,-0.027046853387115523,-0.027046699196850713,-0.027046595612133024,-0.0270471630950161,-0.02704729392047079,-0.02704703892458533,-0.027048069677122255,-0.02704721738715738,-0.02704706575379046,-0.02704699935734145,-0.0270471124371109,-0.027047685618110273,-0.02704707329596473,-0.027047414193200024
-0.004632366736017565,-0.004632195925878891,-0.004632267981313675,-0.004632403848166239,-0.0046322025100962155,-0.004632512647295438,-0.0046326071890841975,-0.0046322557220773155,-0.004632465772916304,-0.004632483315249999,-0.004632441696573026,-0.004632499863222959,-0.004632240417027915,-0.004632355109338623,-0.00463228216980984,-0.004632135604510501,-0.004632314436084969,-0.004632216689497639,-0.004632290985550768,-0.004632128201351595,-0.004632281622403799,-0.004632163165740017,-0.004632375074064646,-0.004632709923801298,-0.0046322757067271915,-0.004631964269264964,-0.004632173791194951,-0.004632494148688309,-0.004632168719841823,-0.00463239405355245,-0.004632841157439354,-0.004632460358454557,-0.004632206176956954,-0.004632201854052739,-0.004632510596645706,-0.004632520357758022,-0.004632396940839768,-0.004632651556128487,-0.004632323973784493,-0.004632219052431481,-0.00463233512473619,-0.004632112453245133,-0.004632215456642373,-0.004632443689221502,-0.004632263505103226,-0.0046324063937672735,-0.004632559546877667,-0.004632289260961639,-0.004632789866489117,-0.004632513381076165,-0.004632158825657984,-0.004632313026451545,-0.004632233844143801,-0.0046325126437705595,-0.004632635505930301,-0.004632469966848317,-0.004632336943447054,-0.004632217617710521,-0.004632183193928722,-0.004632327879113059,-0.004632291416576969,-0.0046323730551397525,-0.0046321135925320115,-0.004632285795244995,-0.004632572405632677,-0.004632294406757337,-0.004632017737178352,-0.004632212721237147,-0.004632341689494926,-0.004632088831229899,-0.004632311887734065,-0.0046323484708936805,-0.004632677066052629,-0.004632099894251474,-0.004632188565866098,-0.004632681853476995,-0.004632183467710226,-0.004632520913232716,-0.004632563972227279,-0.004632437621821186,-0.004632432988826786,-0.004632356277640068,-0.004632233924884736,-0.004632268626298005,-0.0046324359562607475,-0.004632170041559732,-0.004632163907455236,-0.004632358569029394,-0.004632394465820763,-0.004632349120878874,-0.004632405653708776,-0.004632334340056624,-0.0046324036504230125,-0.0046328068623514565,-0.004632382566909152,-0.004632374906564172,-0.004632243141257694,-0.004632561381030957,-0.004632577604954194,-0.0046325630436744505,-0.004632473218613027
-0.0012663483424735973,-0.0012662033961731629,-0.0012663534650269636,-0.0012663491939846083,-0.0012661559933284995,-0.0012663785813107516,-0.0012664821441169946,-0.0012663128970960475,-0.0012663704701490388,-0.0012664042596381808,-0.001266418754143057,-0.0012664025518911537,-0.0012662497492900986,-0.0012663235533761385,-0.0012662324853043895,-0.0012662743218351791,-0.0012663153554269965,-0.001266224421283481,-0.001266309620041292,-0.0012662714387722857,-0.0012663663282627396,-0.0012660634945397802,-0.0012664320605771276,-0.0012665459746548217,-0.0012662953526343089,-0.0012661751272222547,-0.0012662468805115408,-0.0012664247781541077,-0.0012662908003494128,-0.0012663909300809305,-0.0012665896934332941,-0.001266366672202314,-0.0012662553813141495,-0.0012662573445133625,-0.0012663683523845815,-0.001266489356034311,-0.0012664196233325637,-0.00126646736001207,-0.0012663286891523786,-0.0012662925840760005,-0.0012663405696985643,-0.0012663302322353039,-0.0012663639743876619,-0.00126640740828869,-0.0012663632991897532,-0.0012663663161389719,-0.0012665091831847862,-0.0012662536968899513,-0.001266597175577363,-0.0012664029112244932,-0.0012663392248589206,-0.0012662879703444186,-0.0012663382899438954,-0.001266442918852615,-0.0012665207597109232,-0.0012664312165723574,-0.0012663255935897724,-0.0012663038745930081,-0.0012663128365002262,-0.0012663128192973668,-0.0012663111131867677,-0.0012664241868391376,-0.0012661444917260816,-0.0012662824964943837,-0.001266481571437402,-0.0012663477915263067,-0.0012662155773094006,-0.0012662351869146458,-0.0012663910089160415,-0.0012662037579054034,-0.001266329922146472,-0.001266381941845647,-0.0012664739318742006,-0.0012661557122528315,-0.0012663057903069617,-0.0012665175907449911,-0.0012662927256364392,-0.0012665591459985093,-0.0012665061251927825,-0.0012663722207193824,-0.001266448943033835,-0.0012663963112313852,-0.0012663167528848464,-0.0012663298492132436,-0.001266367971685416,-0.0012662526380685965,-0.0012662508476146994,-0.0012663949512858605,-0.0012665455722591706,-0.0012664139349343813,-0.001266374444041742,-0.0012663194450928763,-0.0012663986674815242,-0.0012665475463446382,-0.0012664134901315353,-0.001266372750189363,-0.0012662586800027903,-0.0012664264505934044,-0.0012664095272049997,-0.0012664950259476501,-0.0012664475389569825
-0.0004972098532471992,-0.0004970874407202802,-0.0004972336023769023,-0.0004971817687020648,-0.0004969275466140665,-0.0004972143706017625,-0.0004972584463463445,-0.0004971961027202464,-0.0004972078023068754,-0.0004972204148922528,-0.0004972396530622767,-0.0004972004180722459,-0.0004971279090581749,-0.0004971625696710128,-0.0004971199893024047,-0.0004971663842604536,-0.0004971641916286923,-0.0004971032523075237,-0.0004971763985298096,-0.000497187094122416,-0.0004972233165168598,-0.000496896325383311,-0.0004972762670253669,-0.0004973001801382541,-0.0004971684843620375,-0.0004970998913474736,-0.0004971486378940835,-0.0004972642024291215,-0.0004971549515419831,-0.0004972439573762413,-0.0004973290217162614,-0.000497182606636595,-0.0004971442462655144,-0.0004971661865158601,-0.0004972084169202571,-0.000497292694103166,-0.0004972719259226477,-0.0004972387018402812,-0.0004972044348583392,-0.0004971756003224402,-0.0004972046972210856,-0.0004972232328670704,-0.0004972412314267471,-0.0004972477277507884,-0.0004972126419804839,-0.0004971884060043088,-0.0004972943356079036,-0.0004971132603073748,-0.0004973442732025789,-0.0004972225498352818,-0.0004972351974187302,-0.0004971596160457678,-0.0004972035223805362,-0.0004972396898429816,-0.0004973165869753852,-0.0004972409990221969,-0.0004971895748423331,-0.0004971941700493323,-0.0004972095117183076,-0.0004971920296704672,-0.0004971779153526,-0.0004972347898151938,-0.0004971010050178564,-0.0004971575122795099,-0.0004972806051296921,-0.0004971867814884846,-0.000497130341795993,-0.0004971257409973672,-0.0004972275694475594,-0.0004971315306649898,-0.0004971919629951427,-0.0004972257479182477,-0.0004972545115353019,-0.0004970867100916811,-0.0004971924586769907,-0.0004973063601215071,-0.0004971879501954439,-0.0004973720549249854,-0.0004972880680671648,-0.0004972039107083531,-0.0004972528312268349,-0.0004972480989147807,-0.0004971886406603109,-0.0004971963265557897,-0.0004971931186668048,-0.0004971593060496314,-0.0004971209140692055,-0.0004972351039220482,-0.0004973680367438879,-0.0004972397441930801,-0.0004972252863994333,-0.0004971842187791035,-0.0004972386863843765,-0.000497304703343067,-0.0004972632479879808,-0.0004972224986282533,-0.0004971471942301262,-0.0004972255423209994,-0.000497209434018146,-0.0004972985329334335,-0.0004972679704594073
-0.0002437190306256025,-0.0002436571899743052,-0.00024377383503091795,-0.0002437074222766636,-0.00024341161518904653,-0.00024374429225522648,-0.00024375003601344336,-0.00024374547854790044,-0.00024374405997344277,-0.00024374502460201765,-0.00024376401402984152,-0.00024372701024911471,-0.00024369256619825093,-0.0002437070547991223,-0.00024368968642128863,-0.00024371295032748187,-0.00024371457364732454,-0.00024367365584217955,-0.0002437064766554852,-0.00024373580718212753,-0.00024374948768641382,-0.000243396573521126,-0.00024377661847348417,-0.0002437833088417254,-0.0002437247913611663,-0.00024368118099652456,-0.00024371743704815096,-0.00024378592093595016,-0.00024370208281973094,-0.00024376125739795985,-0.0002438066747345259,-0.00024371712422751864,-0.00024369970993854228,-0.0002437324397412614,-0.00024373978538588673,-0.000243791254841671,-0.0002437856897921588,-0.0002437504140686905,-0.0002437375497786401,-0.00024374093390775147,-0.00024373969941558679,-0.0002437567810939582,-0.0002437603080289013,-0.0002437670904994855,-0.00024373434215830257,-0.0002437120425684694,-0.00024378297239472762,-0.00024367303868403828,-0.00024381628545179596,-0.0002437491831335028,-0.0002437697484728236,-0.00024370552161663743,-0.00024374370795965074,-0.00024375480002731224,-0.0002438070865390715,-0.000243748486412429,-0.0002437262020122198,-0.00024374114831530926,-0.00024374478574354749,-0.0002437429607384252,-0.00024371621840565825,-0.0002437483079820727,-0.00024369020342631916,-0.00024371186720433007,-0.00024378015049507124,-0.00024371418337400624,-0.0002437059724719368,-0.0002436939703584125,-0.00024374050713767218,-0.00024371131496862895,-0.00024373570680198862,-0.00024373607154960775,-0.00024376767037907702,-0.00024367222253986577,-0.0002437342548734785,-0.00024379310191891614,-0.0002437365511193056,-0.00024384480040096432,-0.00024378000876804833,-0.00024371632420012475,-0.00024374758808589172,-0.00024376193373017174,-0.00024371886147780798,-0.00024373253938031703,-0.00024371779955184678,-0.0002437150730878442,-0.00024367295663332532,-0.000243750840002197,-0.00024382569594363554,-0.00024375009194872607,-0.00024375063912641194,-0.00024373132121884025,-0.00024375745580042116,-0.00024379542195078957,-0.00024377083446628715,-0.0002437361642030987,-0.00024370722104036737,-0.00024373393224533932,-0.0002437243080949434,-0.00024380471755715315,-0.00024376419415403057
-0.0001352240135453172,-0.00013522086452635352,-0.00013530395693038804,-0.0001352511730501421,-0.00013496907395625602,-0.00013527644457433604,-0.00013525864761957068,-0.00013528567616669126,-0.00013527784229234806,-0.00013527761890111585,-0.00013528942306646277,-0.00013526315452730577,-0.00013525483352724648,-0.00013525855874220487,-0.00013524559006565723,-0.00013525744433819483,-0.00013526610454646924,-0.0001352391880625913,-0.0001352424042720918,-0.00013527227930027386,-0.0001352812786844653,-0.00013490158198027096,-0.00013529023148620354,-0.0001352890625046519,-0.00013527642627526258,-0.0001352489080215641,-0.00013527169337821646,-0.0001353080914798009,-0.00013524321743421663,-0.00013528675144020274,-0.0001353115836608795,-0.00013525878200754902,-0.0001352536658907011,-0.00013528236715757035,-0.0001352759342930628,-0.0001352986581203274,-0.00013530315192230257,-0.0001352857880910512,-0.00013526999578407784,-0.00013528802779401406,-0.00013527585464617295,-0.00013528503736474722,-0.00013528596313060816,-0.000135285846228117,-0.00013526387231947032,-0.00013525282585770003,-0.00013529783070001901,-0.00013523146814910778,-0.00013531460212574422,-0.00013528072975633651,-0.00013529996609290182,-0.00013525349897038687,-0.0001352846298483866,-0.00013529020723148646,-0.00013530875283582374,-0.0001352785117272094,-0.0001352636503173131,-0.00013527419834813534,-0.00013527585661788074,-0.0001352812518418511,-0.0001352575938035465,-0.0001352737074320334,-0.00013525592420824282,-0.00013526133216075186,-0.00013529751725808634,-0.00013525318420089927,-0.00013526621132623032,-0.0001352495798878949,-0.00013526932566637194,-0.0001352728908130369,-0.00013527336898938794,-0.00013526103785667636,-0.0001352863121084877,-0.00013524310775145729,-0.0001352711509441295,-0.000135299107770788,-0.00013528279047237088,-0.00013533643432014566,-0.0001352956063005862,-0.00013524700580421124,-0.00013526349946312122,-0.00013528539407271607,-0.00013524944120920957,-0.00013526497664058049,-0.00013525781212712484,-0.00013526059185749498,-0.00013522194145280537,-0.0001352787460723575,-0.00013532211918190073,-0.0001352742764165652,-0.000135278324493965,-0.00013527693388743297,-0.00013528111119868314,-0.00013530598542284581,-0.00013528587843958137,-0.00013525745225053055,-0.00013525375550991865,-0.00013526159421388515,-0.00013525656976121216,-0.00013532011640492717,-0.0001352808578010078
-0.00008049202345016053,-0.00008050384367181442,-0.0000805625634019125,-0.00008052798891721829,-0.00008029988948906451,-0.00008053727924435773,-0.00008050977125896285,-0.00008054976633501377,-0.0000805383842817191,-0.0000805431118838552,-0.00008055043349903874,-0.00008053187913221724,-0.00008053459640691818,-0.00008053382936031635,-0.00008052494000684393,-0.00008052868901987551,-0.00008054031517824337,-0.00008052116653076225,-0.0000805125764785839,-0.00008053666780471225,-0.00008054194099649897,-0.00008017084158629338,-0.00008054797661905125,-0.00008053906192298975,-0.0000805499560020143,-0.00008053030833789362,-0.00008054297389780329,-0.00008056346506040496,-0.00008051310289845125,-0.00008054889749618184,-0.00008056410903524547,-0.00008053123252022003,-0.00008053468032563681,-0.00008055140910956294,-0.00008054181945265544,-0.00008055198383212563,-0.00008055562615118044,-0.00008055203504900071,-0.00008053838481984275,-0.00008055498591945942,-0.00008054199052391567,-0.00008054340979685674,-0.00008054750258721367,-0.00008053963731481976,-0.00008052658824109268,-0.00008052471708993346,-0.00008054816538537705,-0.00008051241567897258,-0.0000805575192312366,-0.00008054400823623242,-0.00008056116137477944,-0.00008052579067390178,-0.00008054932565634739,-0.00008055590754614143,-0.00008054809272559058,-0.00008054124088713486,-0.00008052797626197333,-0.0000805390447810904,-0.00008054102129616846,-0.00008054633874623458,-0.00008053043305417245,-0.00008053768874713489,-0.00008053945733884757,-0.00008053554553296184,-0.00008055347880244599,-0.00008052283489264845,-0.00008054287401036898,-0.00008052547958388528,-0.00008053601003335731,-0.0000805492520885535,-0.00008053912183182758,-0.00008053063229171043,-0.00008053735817468764,-0.00008052987037437796,-0.00008053624322098705,-0.00008054569238744855,-0.00008055108890088254,-0.00008057695832418614,-0.0000805511381958545,-0.00008051461966977042,-0.0000805223166943593,-0.00008054537487680411,-0.00008051637760902463,-0.00008053095705820244,-0.00008052552763377624,-0.00008053379588864075,-0.00008049623489416729,-0.00008054464993223425,-0.00008057469259034561,-0.00008053621365930154,-0.0000805394043624755,-0.00008054579406399805,-0.0000805421358533585,-0.00008055485279992938,-0.00008054039957276435,-0.00008052136566871496,-0.00008052731826856967,-0.00008052953641667332,-0.0000805232797983071,-0.00008057011613130054,-0.00008054028628507609
-0.000049993658937234496,-0.00005000314671379695,-0.00005004303728580379,-0.00005002102811768487,-0.000049821449715218796,-0.00005002215378455765,-0.000049992607070713054,-0.00005003343680628022,-0.00005002287426008074,-0.000050031344962791984,-0.00005003436209589067,-0.00005002085790652155,-0.00005002963526494649,-0.0000500245142483868,-0.00005001967259541771,-0.00005001945641111311,-0.00005002870442236966,-0.00005001677350015057,-0.00005000479375117182,-0.00005002187704985399,-0.000050022969195652624,-0.00004968577600687341,-0.0000500332749509522,-0.00005001968943317014,-0.0000500390307925049,-0.000050024126835797054,-0.00005003081590287901,-0.000050043060115435465,-0.00005000150667556854,-0.0000500320543887092,-0.00005004438218253174,-0.000050022916832475374,-0.000050029410372228364,-0.00005003612857572949,-0.00005002786427824817,-0.00005003222346571187,-0.00005003327692882239,-0.000050036812329144645,-0.000050028068382755665,-0.00005003976536731441,-0.00005002909069938868,-0.000050022178437462685,-0.000050031518715027104,-0.000050020439529649885,-0.000050013648579569754,-0.000050015543188816614,-0.000050026926359332896,-0.00005001049466830651,-0.000050032549164856735,-0.000050029499621696274,-0.00005004356515689259,-0.000050015530174763806,-0.00005003344653520559,-0.00005003713785786842,-0.000050019914996475706,-0.00005002642050662393,-0.0000500147294209284,-0.00005002522231455785,-0.000050029088169029476,-0.00005003266216365462,-0.000050021654957443655,-0.00005002374172883503,-0.000050035783985561736,-0.000050025331047291376,-0.000050034734036095974,-0.00005001387197623381,-0.00005003289787233485,-0.00005002024823185849,-0.00005002522002852269,-0.00005003666626747784,-0.00005002450473014568,-0.000050020823914088226,-0.000050015398707933695,-0.00005002680186316372,-0.000050022965093536604,-0.0000500238955562263,-0.00005003569374982761,-0.00005004949550045735,-0.00005002975482049896,-0.00005000554893865581,-0.000050007801772498366,-0.00005003071009517771,-0.00005000526344178387,-0.00005001657454631358,-0.0000500141229200758,-0.0000500271900531947,-0.00004999075216525042,-0.000050032613843419533,-0.00005003420163307691,-0.000050021999833833206,-0.00005002599865831177,-0.0000500301993458609,-0.000050026731611214284,-0.00005003090995895756,-0.00005002181493140159,-0.00005001028621281815,-0.000050020974137286975,-0.00005001936847299309,-0.00005001335692211262,-0.00005004414335907546,-0.0000500255862032851
-0.00003187049118885874,-0.00003187009870591325,-0.000031896044227625015,-0.00003188159542975169,-0.000031693853269926744,-0.00003187983586477188,-0.000031854555434066684,-0.00003188903554105969,-0.00003188056497603087,-0.000031889791466095366,-0.00003189016514709692,-0.000031879326620756426,-0.00003189169122203992,-0.00003188418794756578,-0.00003188298131566903,-0.00003187992538507476,-0.00003188634573030141,-0.00003187957108181191,-0.00003186869126919281,-0.000031878658697463526,-0.00003187661106483688,-0.00003161150598804062,-0.000031891425293739635,-0.00003187614373497148,-0.00003189739813977055,-0.00003188524861808648,-0.00003188989876698746,-0.00003189474089654576,-0.00003186333472196483,-0.000031886822789231535,-0.000031899365964501895,-0.0000318828025565387,-0.000031891226638077395,-0.0000318914727388829,-0.00003188569874218731,-0.00003188593190153085,-0.000031886135048167764,-0.0000318913769046819,-0.000031888620039663334,-0.00003189511048484121,-0.000031886898734771716,-0.00003187523922542262,-0.000031888049017464855,-0.000031875304254618965,-0.000031874964871430177,-0.00003187642254007265,-0.00003188323253464794,-0.000031875898979283886,-0.00003188498533086147,-0.00003188688790826391,-0.000031896518201762426,-0.00003187532172971831,-0.000031889131319695914,-0.00003188823196863571,-0.00003187668447501347,-0.000031884143023856784,-0.00003187382772081125,-0.00003188254110860949,-0.000031888442022799924,-0.00003189079495581055,-0.0000318834016680644,-0.00003188158404964707,-0.000031896322218526445,-0.000031884711720136746,-0.000031890024657109695,-0.000031875175264562055,-0.00003189140092348123,-0.000031883413373552124,-0.00003188595025049976,-0.00003189159526601958,-0.00003188277778942883,-0.00003188161413940692,-0.00003187404758783371,-0.00003188748265439124,-0.00003188184173799748,-0.00003187836427512186,-0.00003189128551250564,-0.000031900917814186905,-0.00003188312086939364,-0.00003186820840612471,-0.00003186770186314562,-0.00003188864780002835,-0.000031866266089431396,-0.00003187471593094147,-0.00003187460279907529,-0.00003188901117359436,-0.0000318564980351072,-0.00003189033350122781,-0.000031869243901615134,-0.000031879531889087323,-0.00003188401372848321,-0.00003188672798534415,-0.000031885185907981105,-0.000031884111128507284,-0.00003187891153293314,-0.00003187215576088863,-0.00003188409648189754,-0.00003187846473473848,-0.00003187324857965841,-0.00003189279725013321,-0.000031883693296511
-0.000020663784373771218,-0.00002065802924652637,-0.000020675253828225387,-0.000020665493921112743,-0.00002045308588791643,-0.000020663107218379183,-0.000020644484961648328,-0.00002067065308715321,-0.000020663680858033363,-0.000020672054940657978,-0.00002067269691319081,-0.0000206631054691663,-0.000020674544863762482,-0.000020668599979904178,-0.00002066944667772143,-0.00002066382238899216,-0.000020668580925138712,-0.000020664281036338272,-0.000020656948390365203,-0.00002066171630887144,-0.000020658015324188056,-0.000020486368395968184,-0.000020673842958771176,-0.000020659078786696724,-0.000020679038782714297,-0.00002066921832426273,-0.00002067333445685225,-0.000020672511331011273,-0.00002065155439658628,-0.000020666973982047648,-0.000020681500056930194,-0.00002066621298305637,-0.000020675282222711375,-0.00002067152453725563,-0.00002066886770904211,-0.00002066608715482991,-0.000020665532588675608,-0.000020671923450481616,-0.00002067239141058722,-0.000020675511818919963,-0.000020668401639654524,-0.000020656523872404644,-0.000020669231646689747,-0.000020658549310646338,-0.000020660356906100386,-0.00002066008339423711,-0.00002066612886853418,-0.0000206622941128661,-0.00002066628441525332,-0.000020668681349969195,-0.000020674743111618266,-0.000020660075467446645,-0.00002067014452011105,-0.00002066720396781835,-0.00002066328842029601,-0.000020666216210158496,-0.000020658104190332503,-0.000020666426493868225,-0.000020671703878520966,-0.000020673436197836006,-0.000020668359251767277,-0.00002066480494897263,-0.000020678960611895666,-0.00002066813855898048,-0.000020671223233835597,-0.000020660046592204807,-0.000020672896312227253,-0.000020669189066111726,-0.000020672676308762073,-0.00002067205668431704,-0.00002066638617178957,-0.000020665805252299546,-0.00002066148430088455,-0.000020669991042240075,-0.000020665578299659908,-0.000020660434735435305,-0.00002067225959907046,-0.00002068001666275416,-0.000020663773044986397,-0.000020656292600013148,-0.000020654026677032195,-0.000020671755395529466,-0.00002065320430636735,-0.00002065934479664823,-0.000020659422505543992,-0.00002067277283896258,-0.000020646146242584688,-0.00002067154697720305,-0.000020645587454673397,-0.000020663101526665847,-0.000020666331580245833,-0.00002066819957243113,-0.00002066821459646675,-0.000020664403031135745,-0.00002066253535033857,-0.000020656208298540112,-0.000020668791676440193,-0.000020661926939128638,-0.00002065741792942354,-0.000020671412748467195,-0.000020667117754095805
-0.000013548041526478221,-0.000013541647016900402,-0.000013553882734261227,-0.000013546889241429822,-0.000013320044036228692,-0.000013545107995525564,-0.000013531986184760893,-0.000013549976353672776,-0.000013544648003766095,-0.000013551398693375938,-0.000013553290924156006,-0.000013544801406962582,-0.000013553793540481488,-0.000013550032825676685,-0.000013551693046874643,-0.000013545369818294889,-0.000013548674709879741,-0.00001354543495592121,-0.000013541235223464094,-0.000013543695062321876,-0.000013538718780143259,-0.000013444293935189704,-0.000013551663898757002,-0.000013540006596865145,-0.000013557974022551612,-0.000013550217436088273,-0.000013553879063980632,-0.000013550936556879483,-0.00001353610641767593,-0.000013546286812669594,-0.000013562116530786258,-0.00001354738558537986,-0.000013555749410005497,-0.000013550057172025957,-0.0000135495036337892,-0.000013545673818385076,-0.000013543133291771564,-0.000013550954503829155,-0.000013553001968634854,-0.000013554696033357143,-0.000013547782555629983,-0.000013537477619985299,-0.000013548616055887303,-0.000013541777961753413,-0.000013542397573809344,-0.000013539334114094949,-0.000013546533490951321,-0.000013544892159121263,-0.000013545815164073354,-0.00001354838412103593,-0.000013552148971367562,-0.000013542942290246787,-0.000013550295593018982,-0.00001354630415422389,-0.00001354841930006052,-0.000013545831173960974,-0.000013540689279833012,-0.00001354829904958661,-0.000013552480300438735,-0.00001355249432868103,-0.000013549427199707196,-0.000013546234839625392,-0.00001355861912333921,-0.00001354839709056613,-0.000013550352509333488,-0.000013542471505154143,-0.00001355145053495819,-0.000013551293723439684,-0.000013556422361474053,-0.00001355122444536562,-0.00001354788268280406,-0.000013546688659236643,-0.000013548034450487108,-0.000013550162631939122,-0.000013546594069860672,-0.000013541843481373017,-0.000013552217826047171,-0.000013559868213195162,-0.000013543266427246481,-0.000013543080419560441,-0.000013537623500147663,-0.000013553210659843314,-0.00001353807548752589,-0.000013541913569691576,-0.000013541862753421023,-0.000013552805165245435,-0.000013532380230013951,-0.000013549782959613842,-0.000013530256503854875,-0.000013544648993509549,-0.00001354590955134889,-0.000013547131146285374,-0.00001354795670861898,-0.000013543431026644763,-0.00001354418409171975,-0.000013537236456314892,-0.000013549651733902084,-0.00001354356096580587,-0.00001353996127011518,-0.000013550139591675202,-0.000013548435691988931
-8.971836633509686e-6,-8.96389256115007e-6,-8.972649626951504e-6,-8.967737887792991e-6,-8.736620750207966e-6,-8.966555346912969e-6,-8.957376736338324e-6,-8.969111270944852e-6,-8.96583211184987e-6,-8.970390462335825e-6,-8.97299597204466e-6,-8.966279151414055e-6,-8.972523807379661e-6,-8.970580866567625e-6,-8.97235287215153e-6,-8.966774070895534e-6,-8.969154499294961e-6,-8.966042180297555e-6,-8.963774644442313e-6,-8.965643209353956e-6,-8.959875627774488e-6,-8.913752709481125e-6,-8.970210814851045e-6,-8.960834491103144e-6,-8.976731269534852e-6,-8.970656825425672e-6,-8.974055295834066e-6,-8.970743012879308e-6,-8.959303200946968e-6,-8.966647610224817e-6,-8.982166951460723e-6,-8.968344512470868e-6,-8.975154524420679e-6,-8.968770797829734e-6,-8.96977727403726e-6,-8.965400155480604e-6,-8.963102531111582e-6,-8.96947708455279e-6,-8.972218115317057e-6,-8.973303918689384e-6,-8.967406774300821e-6,-8.958868713400925e-6,-8.9673583609563e-6,-8.964168218267526e-6,-8.964139568812715e-6,-8.960384528039424e-6,-8.966710816259618e-6,-8.967224642174184e-6,-8.96466492549008e-6,-8.96845991635952e-6,-8.970629094292281e-6,-8.96550181277445e-6,-8.970973460778068e-6,-8.967184860432149e-6,-8.972348986737886e-6,-8.965424379002854e-6,-8.962983762684502e-6,-8.970261083482742e-6,-8.972627917050734e-6,-8.971079865636927e-6,-8.969795206986005e-6,-8.967083377999675e-6,-8.978259755093246e-6,-8.968581429224367e-6,-8.96925342922214e-6,-8.964491830186896e-6,-8.970489771166427e-6,-8.971949148619403e-6,-8.975877829470878e-6,-8.971013745748071e-6,-8.969048286017684e-6,-8.968613491060283e-6,-8.977030936853586e-6,-8.970527173649847e-6,-8.96710798658998e-6,-8.963988270194975e-6,-8.972663943016712e-6,-8.97958951026926e-6,-8.963671595122673e-6,-8.9685417720958e-6,-8.960419476141916e-6,-8.973931704701788e-6,-8.961895346590228e-6,-8.964344137956482e-6,-8.964056700374963e-6,-8.972490561772486e-6,-8.957138788486608e-6,-8.968785726362672e-6,-8.952435685502924e-6,-8.965976735156832e-6,-8.965999040372962e-6,-8.966100354807182e-6,-8.967333897765132e-6,-8.96303587822408e-6,-8.96565904477103e-6,-8.958046158128963e-6,-8.97043383510289e-6,-8.96563272821157e-6,-8.962570776133395e-6,-8.968451231906115e-6,-8.969038780247714e-6
-6.003939190499406e-6,-5.996343595153098e-6,-6.002181727314749e-6,-5.999534662397251e-6,-5.775707963574615e-6,-5.9982151260781985e-6,-5.992181450167168e-6,-5.999920978189453e-6,-5.998004804126187e-6,-6.000906152786384e-6,-6.003192690303085e-6,-5.9982900140092515e-6,-6.0028306565429335e-6,-6.001086485997734e-6,-6.003208182283104e-6,-5.998680363998729e-6,-6.000359272527359e-6,-5.997092857200535e-6,-5.996304194876096e-6,-5.997801077893395e-6,-5.992250110761888e-6,-5.960708895972025e-6,-6.0009017561008025e-6,-5.993029391869548e-6,-6.006382420419812e-6,-6.001523653215337e-6,-6.004817776390355e-6,-5.999086727431861e-6,-5.993075579073419e-6,-5.997610196832699e-6,-6.0140143122031725e-6,-6.000003086199816e-6,-6.005508435119177e-6,-5.998331759506117e-6,-6.0005705581955095e-6,-5.9958177722110365e-6,-5.995927049579771e-6,-5.999031809650567e-6,-6.002495363986717e-6,-6.00222993357887e-6,-5.998782648226525e-6,-5.991462668228098e-6,-5.997668120369158e-6,-5.996737452525803e-6,-5.996850164694088e-6,-5.994972995773863e-6,-5.9979693513078375e-6,-5.999712520116403e-6,-5.995335813336202e-6,-5.999384513407845e-6,-6.000963490642531e-6,-5.998331799198872e-6,-6.002086075579943e-6,-5.999623591621857e-6,-6.005290779218137e-6,-5.9962789774074e-6,-5.995832698413121e-6,-6.00259576764421e-6,-6.002949953644353e-6,-6.001094493271343e-6,-6.000931517152026e-6,-5.998521789682133e-6,-6.008571250944901e-6,-6.000119554562901e-6,-5.999289676104648e-6,-5.996572061463025e-6,-6.000619390706325e-6,-6.002567228534991e-6,-6.0036848870003445e-6,-6.0018426562833465e-6,-6.000867522301053e-6,-6.000433110135638e-6,-6.0179106205118895e-6,-6.001257201950331e-6,-5.998758808668163e-6,-5.9967720988349205e-6,-6.003569447597784e-6,-6.0084095390104625e-6,-5.99524503044813e-6,-6.004336245541148e-6,-5.9936145982398885e-6,-6.004579374734582e-6,-5.995751130188739e-6,-5.997315320742707e-6,-5.996331738649068e-6,-6.003309192999546e-6,-5.9911775462245e-6,-5.999900520460811e-6,-5.984479129942583e-6,-5.998213052778088e-6,-5.997180784338786e-6,-5.9963100733233515e-6,-5.998049254813738e-6,-5.994565286283996e-6,-5.996958085360586e-6,-5.990612742859016e-6,-6.00191147591045e-6,-5.998537784010293e-6,-5.995830729720544e-6,-5.997977183798902e-6,-6.000140680849967e-6
-4.067465718429452e-6,-4.0627115628987455e-6,-4.066282623243801e-6,-4.064703784140723e-6,-3.870443423076382e-6,-4.06341604342027e-6,-4.059971081254869e-6,-4.065183973684327e-6,-4.063807935816529e-6,-4.065858845223593e-6,-4.06752930457244e-6,-4.064045707026525e-6,-4.067834588581067e-6,-4.065247527549895e-6,-4.067905465479909e-6,-4.064139414209005e-6,-4.065479287974176e-6,-4.062800523225389e-6,-4.0624690961778085e-6,-4.063888285660854e-6,-4.058883469185361e-6,-4.00976759960275e-6,-4.066242375304737e-6,-4.0595148317838375e-6,-4.07010983912229e-6,-4.066293183412101e-6,-4.069237358196773e-6,-4.061463124878837e-6,-4.059640729566669e-6,-4.062457873264877e-6,-4.078294283106515e-6,-4.065481346190878e-6,-4.070286867313317e-6,-4.062363876834425e-6,-4.065556503780885e-6,-4.060685566098774e-6,-4.062501394831208e-6,-4.063025889514074e-6,-4.066446283551079e-6,-4.065595077558818e-6,-4.0644220653721375e-6,-4.05834232374925e-6,-4.062358591275278e-6,-4.0629832623116085e-6,-4.063044235605855e-6,-4.062445316329749e-6,-4.0633285127205445e-6,-4.065606341617329e-6,-4.058566561204552e-6,-4.064337015139803e-6,-4.065624681922229e-6,-4.064564911648242e-6,-4.0669774940259295e-6,-4.065270561546841e-6,-4.07118935259572e-6,-4.06119675068594e-6,-4.0621035600136845e-6,-4.068109782309764e-6,-4.067197605428966e-6,-4.065780418248774e-6,-4.065823062915537e-6,-4.063610088147441e-6,-4.072385531044558e-6,-4.0656154244523644e-6,-4.063903400971479e-6,-4.062066081231137e-6,-4.064793666318147e-6,-4.066998088302832e-6,-4.067406423866418e-6,-4.066578914753896e-6,-4.066237184543781e-6,-4.066613042263962e-6,-4.086345771647086e-6,-4.06578443000969e-6,-4.064438168482349e-6,-4.062886683038659e-6,-4.068615325475438e-6,-4.071045870815839e-6,-4.06074356783396e-6,-4.073268052576751e-6,-4.060432401756126e-6,-4.068462021333484e-6,-4.062558618580739e-6,-4.0633384168299035e-6,-4.061538259809882e-6,-4.067938919044962e-6,-4.05846836117033e-6,-4.065455713799183e-6,-4.051053005663597e-6,-4.063860703189037e-6,-4.0626316393470175e-6,-4.061520596442656e-6,-4.063047859659385e-6,-4.060165962037626e-6,-4.061622704664214e-6,-4.057330469133673e-6,-4.067022615522987e-6,-4.064683357554019e-6,-4.062074407595451e-6,-4.062734754834323e-6,-4.065165974775118e-6
-2.7960085406590383e-6,-2.792345600222284e-6,-2.7942672174588806e-6,-2.793108903955434e-6,-2.6589136461155063e-6,-2.7922074443775938e-6,-2.789847694413182e-6,-2.7941031930745407e-6,-2.7928056564244626e-6,-2.7940903178759206e-6,-2.795425728167127e-6,-2.793174314873991e-6,-2.7958725327799696e-6,-2.793170562341942e-6,-2.796218169093926e-6,-2.7930999682065323e-6,-2.794056404394902e-6,-2.7921485423413264e-6,-2.7917317127813537e-6,-2.7936195709040707e-6,-2.7890863306955507e-6,-2.6867287733071626e-6,-2.7952166264711213e-6,-2.78936100050556e-6,-2.797645693681227e-6,-2.7944914715720583e-6,-2.7969600759369275e-6,-2.7898061032401438e-6,-2.789049653708209e-6,-2.7911812636886682e-6,-2.803170261910319e-6,-2.7943294513921914e-6,-2.7982307935410405e-6,-2.790992628802705e-6,-2.794287739807773e-6,-2.7893991719089227e-6,-2.7915504371196648e-6,-2.7909695205338023e-6,-2.793889001986245e-6,-2.7929964367219664e-6,-2.7932782698678215e-6,-2.7886382830503565e-6,-2.790926061946166e-6,-2.792013268198052e-6,-2.792202390057244e-6,-2.791908073523653e-6,-2.7921589238993634e-6,-2.794713248519377e-6,-2.784419632965134e-6,-2.7931359427759327e-6,-2.793792956836465e-6,-2.793638712497473e-6,-2.7954940045725918e-6,-2.7933379458420243e-6,-2.7990391415228898e-6,-2.7901437397352993e-6,-2.7914991000362284e-6,-2.797375417853141e-6,-2.795151342688806e-6,-2.7940814117504276e-6,-2.794221081053038e-6,-2.792367184067904e-6,-2.799386757309784e-6,-2.79429885557855e-6,-2.7924473227048264e-6,-2.7910434440030846e-6,-2.792888798916845e-6,-2.7950192310154307e-6,-2.7956906612114364e-6,-2.794625314203485e-6,-2.794717145634423e-6,-2.796450428589763e-6,-2.8127447581085813e-6,-2.793772752320157e-6,-2.793264840935168e-6,-2.7922081132491618e-6,-2.7969513414025694e-6,-2.797578917820186e-6,-2.7896256969395954e-6,-2.8032031509818284e-6,-2.790162815773926e-6,-2.79576182471617e-6,-2.7920006524546178e-6,-2.792349176085291e-6,-2.790144860147935e-6,-2.79579111375325e-6,-2.789193349088085e-6,-2.794247805615925e-6,-2.7828600888355177e-6,-2.7924990581578396e-6,-2.7918619630069835e-6,-2.790806923512217e-6,-2.7919222551119975e-6,-2.789173344046696e-6,-2.7906786718806378e-6,-2.7879019664448847e-6,-2.795524782262203e-6,-2.7934555747552294e-6,-2.791152969567631e-6,-2.792086192821498e-6,-2.7938646616109577e-6
-1.943213377681659e-6,-1.9403456313121053e-6,-1.941135113255879e-6,-1.9404358392853156e-6,-1.859166067970251e-6,-1.940055341690764e-6,-1.9378086954666412e-6,-1.9414879332882327e-6,-1.940440144113877e-6,-1.941207461701705e-6,-1.9419617125849815e-6,-1.940736711683553e-6,-1.9422790954226975e-6,-1.9400682548513076e-6,-1.9431826342876767e-6,-1.9407449914583466e-6,-1.9413126686963112e-6,-1.939869663883536e-6,-1.9395922908283997e-6,-1.941547606896366e-6,-1.937826306689177e-6,-1.8000443170269423e-6,-1.9424285525210816e-6,-1.937622062786536e-6,-1.9440426752717776e-6,-1.941549663455623e-6,-1.9433492574417835e-6,-1.9371389495965177e-6,-1.9373585737123884e-6,-1.939070000802732e-6,-1.940856507086667e-6,-1.9416927516494926e-6,-1.9445534170293267e-6,-1.93881643805046e-6,-1.941678453431494e-6,-1.937267166812661e-6,-1.939157456578776e-6,-1.938504641025413e-6,-1.940353860106097e-6,-1.9396101930328497e-6,-1.940373869716306e-6,-1.9375326117014376e-6,-1.9385420035884445e-6,-1.9393213016067605e-6,-1.93980288252619e-6,-1.9396127686142494e-6,-1.939475177892247e-6,-1.9421935732611785e-6,-1.9308228689571825e-6,-1.940730281094034e-6,-1.9406441232822485e-6,-1.9406727208555597e-6,-1.9424382706258916e-6,-1.940077238202779e-6,-1.945705799233601e-6,-1.9384233308762713e-6,-1.9392982200281826e-6,-1.9458535671563963e-6,-1.9419219343528135e-6,-1.941182790559127e-6,-1.941474146970672e-6,-1.9399475683061427e-6,-1.94509630245095e-6,-1.9414315333975216e-6,-1.9398514403017596e-6,-1.9389027073275573e-6,-1.940050044832375e-6,-1.9418306627169687e-6,-1.94305198105626e-6,-1.941470422005413e-6,-1.9418624878109823e-6,-1.9442038080465595e-6,-1.9551391094658753e-6,-1.940624612496581e-6,-1.9405251825394714e-6,-1.939966828895038e-6,-1.9435485426596797e-6,-1.94386266705479e-6,-1.937148929837201e-6,-1.950490681261589e-6,-1.938389599533756e-6,-1.9420912549837765e-6,-1.9399782910530914e-6,-1.939779780576138e-6,-1.9377408496963894e-6,-1.9424363252002663e-6,-1.938195526372424e-6,-1.941457531847432e-6,-1.933956598146331e-6,-1.939682228283183e-6,-1.9399947717731995e-6,-1.9387837744619487e-6,-1.9394024930896064e-6,-1.9375135719293e-6,-1.938260239579257e-6,-1.93670467061592e-6,-1.942498485748008e-6,-1.9409448872631793e-6,-1.939067873069254e-6,-1.939936047760316e-6,-1.941243625805714e-6
-1.3387156887435435e-6,-1.33242088734399e-6,-1.332496059137434e-6,-1.3321927522773742e-6,-1.288424672154409e-6,-1.3322428138934587e-6,-1.3301151690867813e-6,-1.3330404112984541e-6,-1.332236341519071e-6,-1.3329165320081394e-6,-1.3331892024347793e-6,-1.3325434195376014e-6,-1.3332225701064925e-6,-1.3313838630544685e-6,-1.3343570774685553e-6,-1.3325856512560588e-6,-1.3329286943850575e-6,-1.3318605682276393e-6,-1.331793222987505e-6,-1.3330768952732333e-6,-1.3307123098409914e-6,-1.2112884454124714e-6,-1.333283019414218e-6,-1.330051785884303e-6,-1.33492744190551e-6,-1.3331716511648792e-6,-1.3341674834428275e-6,-1.328131773278491e-6,-1.329507255998461e-6,-1.331279153743927e-6,-1.326648842639979e-6,-1.333435620723596e-6,-1.3353878287828675e-6,-1.3309212485679807e-6,-1.333372955365105e-6,-1.3300301028817635e-6,-1.330853831981617e-6,-1.3306433475294653e-6,-1.3312489287914143e-6,-1.3313242593045379e-6,-1.3317781789527786e-6,-1.330551586398986e-6,-1.3304888452427909e-6,-1.3311411522823318e-6,-1.3317310710497476e-6,-1.3313572633843992e-6,-1.3311143728667388e-6,-1.333952433038238e-6,-1.3217296363617287e-6,-1.3325752085778082e-6,-1.3320071670222007e-6,-1.3321058222053952e-6,-1.3336693501946831e-6,-1.3315750505016684e-6,-1.3363719169204385e-6,-1.3310756716612242e-6,-1.33129492823664e-6,-1.3378358814599575e-6,-1.3332243487360664e-6,-1.3324803838001556e-6,-1.3330232061229056e-6,-1.3317396089591742e-6,-1.3357528593772532e-6,-1.3329770752490062e-6,-1.3315261725207363e-6,-1.3311316271306427e-6,-1.3318244761308005e-6,-1.333133388520891e-6,-1.334455461811204e-6,-1.3329837344410745e-6,-1.3335425245178828e-6,-1.3351483595681905e-6,-1.3401603770060995e-6,-1.3320435407468403e-6,-1.332104046651472e-6,-1.3319638611778509e-6,-1.334475805433707e-6,-1.334394157265781e-6,-1.3291265505731259e-6,-1.3408548219020372e-6,-1.3307756467166536e-6,-1.3329338860033787e-6,-1.3320902373323382e-6,-1.331634986030456e-6,-1.3297556043220164e-6,-1.3337082899537978e-6,-1.3308122257242964e-6,-1.3329309494548627e-6,-1.3282235502309972e-6,-1.331386373098914e-6,-1.3324268683415137e-6,-1.3309366914102706e-6,-1.3312810090251945e-6,-1.3300727691704046e-6,-1.3301731212200683e-6,-1.3294564738741483e-6,-1.3338169085866946e-6,-1.332836700527602e-6,-1.331599224021982e-6,-1.3316991592380005e-6,-1.3329623870500955e-6
-9.038256020917602e-7,-8.897674451872001e-7,-8.89659787623709e-7,-8.894879545604161e-7,-8.755630160720395e-7,-8.896597173134813e-7,-8.880346787581629e-7,-8.90141075248868e-7,-8.894504388041951e-7,-8.902440052116312e-7,-8.902916438456369e-7,-8.898673558934945e-7,-8.900110124025572e-7,-8.881871175044175e-7,-8.911186395736502e-7,-8.89767032445776e-7,-8.900851364667658e-7,-8.894963038828253e-7,-8.893650205573472e-7,-8.90066487545507e-7,-8.88704702734926e-7,-8.094550553705447e-7,-8.89505400276506e-7,-8.878714846366451e-7,-8.915845120961198e-7,-8.904002476821085e-7,-8.908078865347021e-7,-8.878693788830768e-7,-8.871570923983884e-7,-8.890673157246884e-7,-8.817956934282383e-7,-8.907494201586875e-7,-8.919410506398101e-7,-8.885087727783119e-7,-8.904562896221395e-7,-8.882805682198333e-7,-8.880481716230748e-7,-8.885053493086278e-7,-8.879146195437043e-7,-8.88869029482869e-7,-8.889056253464359e-7,-8.887857594459158e-7,-8.8783408045858e-7,-8.88702602847617e-7,-8.893325231201938e-7,-8.88544884829487e-7,-8.884625750117718e-7,-8.911451755302057e-7,-8.782457097384368e-7,-8.898244581380174e-7,-8.890863400247861e-7,-8.89303559245144e-7,-8.906823280548725e-7,-8.887434778096082e-7,-8.927628752686183e-7,-8.888511376390446e-7,-8.888687071171391e-7,-8.951257956360832e-7,-8.90228221037661e-7,-8.896028082708136e-7,-8.900597821040891e-7,-8.891401680884099e-7,-8.917506600715201e-7,-8.902020569277368e-7,-8.887717135160856e-7,-8.886851385214023e-7,-8.89282116281198e-7,-8.900352124063577e-7,-8.911364692404646e-7,-8.902837999947402e-7,-8.908199281247284e-7,-8.913763383655957e-7,-8.920182571413979e-7,-8.893431617020904e-7,-8.89371569778126e-7,-8.894879876064606e-7,-8.912058250478994e-7,-8.91032931967152e-7,-8.866493163989437e-7,-8.963838716111521e-7,-8.884060769068882e-7,-8.895881692068845e-7,-8.895926149567513e-7,-8.890604463539153e-7,-8.874849485077048e-7,-8.906963270752666e-7,-8.885136299045376e-7,-8.900533048471394e-7,-8.860069505697936e-7,-8.888639937098575e-7,-8.899713496770835e-7,-8.884148079755669e-7,-8.886975422412918e-7,-8.878443965443137e-7,-8.876693762659832e-7,-8.87410629559753e-7,-8.907912881256705e-7,-8.90123118512466e-7,-8.895901664334016e-7,-8.889142472698524e-7,-8.90240127736898e-7
-6.043273386576698e-7,-5.853718367949968e-7,-5.852247743890274e-7,-5.850925212302856e-7,-5.86186799103816e-7,-5.85224251928078e-7,-5.841942822319583e-7,-5.855490206066733e-7,-5.849574887555763e-7,-5.859508889951334e-7,-5.859600232219297e-7,-5.855684846563829e-7,-5.853380876782831e-7,-5.83463239845264e-7,-5.863700284697191e-7,-5.852965278106727e-7,-5.856673980589205e-7,-5.853086108816958e-7,-5.851802527793231e-7,-5.855100964138454e-7,-5.846328229560474e-7,-5.425424415616419e-7,-5.844048884772972e-7,-5.83729073903296e-7,-5.867497721093021e-7,-5.859738737594205e-7,-5.860930968724376e-7,-5.88925477598571e-7,-5.83181901964583e-7,-5.849648737628952e-7,-5.769748465135035e-7,-5.864216432059536e-7,-5.870678684346401e-7,-5.842471896264033e-7,-5.85689332212413e-7,-5.845090344649339e-7,-5.837546180308836e-7,-5.846779477065472e-7,-5.832523156062519e-7,-5.846192873242551e-7,-5.84494144340096e-7,-5.848817891322166e-7,-5.835546464130542e-7,-5.845647987448846e-7,-5.852309473223561e-7,-5.834563423508216e-7,-5.843351817780748e-7,-5.865968240988991e-7,-5.751172656775472e-7,-5.853259725642278e-7,-5.846406372173876e-7,-5.849465613221674e-7,-5.861703252630446e-7,-5.844856498940622e-7,-5.87609114134032e-7,-5.851134174402271e-7,-5.847785309384318e-7,-5.898720642697273e-7,-5.856610100377841e-7,-5.852453459251829e-7,-5.85571700203981e-7,-5.851019820170947e-7,-5.863145798098671e-7,-5.856681657551908e-7,-5.844741628675366e-7,-5.844713351775118e-7,-5.851461217065966e-7,-5.85311932121429e-7,-5.862140184303768e-7,-5.859595965562721e-7,-5.863752926768237e-7,-5.861874541262393e-7,-5.839498856930897e-7,-5.852094409041199e-7,-5.850505023791724e-7,-5.853042363093951e-7,-5.863770504519835e-7,-5.865289089649072e-7,-5.826117289168687e-7,-5.905503750245539e-7,-5.842880444770391e-7,-5.849814679764754e-7,-5.853633257740704e-7,-5.848357801615898e-7,-5.835763796482004e-7,-5.862192012535592e-7,-5.84308934496958e-7,-5.855028669956169e-7,-5.819924071954213e-7,-5.846812709770041e-7,-5.854516272555138e-7,-5.843328490284342e-7,-5.845697761722053e-7,-5.837295528181458e-7,-5.83727949762237e-7,-5.83937911547189e-7,-5.861659023801574e-7,-5.857408562541687e-7,-5.856509039867052e-7,-5.845759917006509e-7,-5.85812036915007e-7
-4.152696299976855e-7,-3.9421134007616973e-7,-3.939072748223957e-7,-3.9398286114217494e-7,-3.9851539446432135e-7,-3.940398890405657e-7,-3.9311885259407395e-7,-3.9408612876076215e-7,-3.9384076151285917e-7,-3.9478631481321264e-7,-3.9481559323469423e-7,-3.9442360623086715e-7,-3.9398566360433073e-7,-3.9227946484099194e-7,-3.949046942978836e-7,-3.94064605269096e-7,-3.94469370822915e-7,-3.9404901796680144e-7,-3.941102098194411e-7,-3.943859182333151e-7,-3.9399880889508896e-7,-3.7197188727306117e-7,-3.9356523689683083e-7,-3.92573793283215e-7,-3.952098437749722e-7,-3.946908221994473e-7,-3.9466530764350675e-7,-3.9844920037957053e-7,-3.924837557380824e-7,-3.9387499467081545e-7,-3.866693128360403e-7,-3.9514285268453793e-7,-3.956014738321722e-7,-3.928602328899981e-7,-3.9428454527503713e-7,-3.934753671393776e-7,-3.9306162078320923e-7,-3.93736229706486e-7,-3.9178231075395164e-7,-3.9357335972367536e-7,-3.932851291703052e-7,-3.9377018742237865e-7,-3.924374016397601e-7,-3.933447830031961e-7,-3.9424946270043725e-7,-3.916585279515026e-7,-3.935059301983226e-7,-3.9520398801352363e-7,-3.847410886968506e-7,-3.940066212032049e-7,-3.936398269795892e-7,-3.937979362348052e-7,-3.948631917672773e-7,-3.9362249498078786e-7,-3.9609976002363956e-7,-3.945311891251588e-7,-3.9372608858324033e-7,-3.971235194318575e-7,-3.9436268207674275e-7,-3.9420231124219704e-7,-3.9440214389590053e-7,-3.9430262205836053e-7,-3.947346910605573e-7,-3.943846016501267e-7,-3.934085818143932e-7,-3.934766998062342e-7,-3.9406285473037756e-7,-3.9382729685854715e-7,-3.9471268011315804e-7,-3.947174077271976e-7,-3.950525097422404e-7,-3.946346290189032e-7,-3.9090803853359404e-7,-3.942400118234624e-7,-3.9390169234201607e-7,-3.942200166926235e-7,-3.947096939786082e-7,-3.953846448635392e-7,-3.921804304744228e-7,-3.981715020308522e-7,-3.9338699983664755e-7,-3.9372701869411004e-7,-3.942274949077274e-7,-3.936622680122927e-7,-3.9275904674093536e-7,-3.9519111536241374e-7,-3.932533743662338e-7,-3.9421224176045915e-7,-3.9208358738160464e-7,-3.9367038197634434e-7,-3.939208222732361e-7,-3.935072184649109e-7,-3.9367557111101493e-7,-3.927990131292494e-7,-3.928608226027321e-7,-3.9336832055885696e-7,-3.947966707403732e-7,-3.94570895928273e-7,-3.94628630771789e-7,-3.9343427451809516e-7,-3.9450847122329643e-7
-2.846004476611048e-7,-2.6674241242247455e-7,-2.6625165618085134e-7,-2.6661251529706345e-7,-2.7394042630822903e-7,-2.6654268904249783e-7,-2.6569204366053815e-7,-2.662312227628577e-7,-2.6629463537758623e-7,-2.6721616246579044e-7,-2.6727390590458964e-7,-2.66895002111472e-7,-2.6627108410119844e-7,-2.648888285586361e-7,-2.671577220025858e-7,-2.6655452664450676e-7,-2.6691706683233873e-7,-2.663494518579752e-7,-2.666437406696823e-7,-2.6694095281128206e-7,-2.670686464642945e-7,-2.6274532394630057e-7,-2.6660185060059507e-7,-2.6505996283040827e-7,-2.6740198168559404e-7,-2.6704297526768706e-7,-2.6696339393812036e-7,-2.684900846699379e-7,-2.6511703728469236e-7,-2.6635311595232716e-7,-2.6138378219981204e-7,-2.673430148997913e-7,-2.679410540353707e-7,-2.650223369417637e-7,-2.666681398275595e-7,-2.6588712567794204e-7,-2.6606226957879097e-7,-2.6624474410031473e-7,-2.637765838661924e-7,-2.6609444047471764e-7,-2.6576517868234524e-7,-2.661987493907147e-7,-2.6490517957560467e-7,-2.657317863301145e-7,-2.6693148531689123e-7,-2.639537702220026e-7,-2.663078885250527e-7,-2.675117911988074e-7,-2.582820131445973e-7,-2.663907036974961e-7,-2.6637627352566003e-7,-2.663420143271864e-7,-2.6720190799219596e-7,-2.6644633297518404e-7,-2.6866694169487095e-7,-2.6734300637272675e-7,-2.6625836364769025e-7,-2.6867908361560026e-7,-2.6668923672860614e-7,-2.6678834256184997e-7,-2.66848771067616e-7,-2.670068889138572e-7,-2.6701081109004414e-7,-2.66788496956976e-7,-2.6596135260272277e-7,-2.65997538500247e-7,-2.6655676074897573e-7,-2.6606872563058795e-7,-2.6697622557435757e-7,-2.670388720561294e-7,-2.673228318300418e-7,-2.669635890784529e-7,-2.632849581626418e-7,-2.6693420626006773e-7,-2.6639035007787784e-7,-2.6666388979440245e-7,-2.6694030945739005e-7,-2.677700366991522e-7,-2.6524816817610974e-7,-2.696404673569219e-7,-2.6604947890054287e-7,-2.661920300414447e-7,-2.666688870871716e-7,-2.6606763825394186e-7,-2.654713501028381e-7,-2.6786080783291824e-7,-2.6578631676931723e-7,-2.667388155000126e-7,-2.662652979472407e-7,-2.66287135547898e-7,-2.662278755719576e-7,-2.6612323452313515e-7,-2.6641482154037026e-7,-2.6577591203861394e-7,-2.654091934426105e-7,-2.660116542139557e-7,-2.671331270384392e-7,-2.6711905730355495e-7,-2.6699887266027053e-7,-2.6588790918940095e-7,-2.6686592041425155e-7
-1.9475762703375773e-7,-1.828311395937282e-7,-1.8230903953502545e-7,-1.827817144768173e-7,-1.9242430765205902e-7,-1.826070528532533e-7,-1.8193344015521995e-7,-1.8204747608003238e-7,-1.822925724522159e-7,-1.831931806943171e-7,-1.8330765686162535e-7,-1.8293395145705567e-7,-1.8217918846942725e-7,-1.8114184456375663e-7,-1.8306954551147034e-7,-1.826974926442661e-7,-1.8293614115859146e-7,-1.8222762332604952e-7,-1.8272114642258586e-7,-1.8318324308638626e-7,-1.835982571252464e-7,-1.9491443174681383e-7,-1.8290862450544245e-7,-1.8127464012100467e-7,-1.8331260155405447e-7,-1.8300286136422124e-7,-1.8291932681854335e-7,-1.854812999535898e-7,-1.8160186654766935e-7,-1.8239626368071481e-7,-1.7933378408964874e-7,-1.831895041852608e-7,-1.8386160985863562e-7,-1.8073608508983457e-7,-1.8272256698060208e-7,-1.818102984832283e-7,-1.8246020744899974e-7,-1.822863192181273e-7,-1.801436537574215e-7,-1.8200587967528704e-7,-1.8188599574836576e-7,-1.8222822833224567e-7,-1.8080839568144933e-7,-1.8174231054835293e-7,-1.831591246870109e-7,-1.7997214986662255e-7,-1.8261599860896668e-7,-1.834205801538661e-7,-1.7554929978740146e-7,-1.8241662705630044e-7,-1.8263636728979115e-7,-1.8246965903770292e-7,-1.8317970159057927e-7,-1.827126412656287e-7,-1.8483688722237758e-7,-1.8322867335705926e-7,-1.823868978685528e-7,-1.8419861893586017e-7,-1.82576119895164e-7,-1.828866055621336e-7,-1.8286028461073977e-7,-1.8315901768656463e-7,-1.8316338122322896e-7,-1.8280172451476562e-7,-1.8208952849197904e-7,-1.8203110034966898e-7,-1.82701975852274e-7,-1.8195827811765142e-7,-1.8286797701242236e-7,-1.8297297627643455e-7,-1.8320306116542912e-7,-1.8291246490853906e-7,-1.806492439200561e-7,-1.8313251078622376e-7,-1.8248965438899898e-7,-1.82645878975463e-7,-1.8290415956623716e-7,-1.83676215622762e-7,-1.816288901028681e-7,-1.8497791890612585e-7,-1.8222460285330943e-7,-1.8234414197655182e-7,-1.826926188524677e-7,-1.8213795521253942e-7,-1.8175727621032103e-7,-1.8396431394908675e-7,-1.817598875789779e-7,-1.8288766698282273e-7,-1.8251290086878501e-7,-1.824490558232544e-7,-1.8233159261289954e-7,-1.8215485942091208e-7,-1.8267030045161384e-7,-1.819931840966807e-7,-1.814429018495605e-7,-1.8200738778121068e-7,-1.8309352994187742e-7,-1.832446863022149e-7,-1.827677676445838e-7,-1.8196959505443944e-7,-1.828638479965376e-7
-1.4114212348173885e-7,-1.3387131271851808e-7,-1.333927961313189e-7,-1.3379065031531094e-7,-1.4477648061516072e-7,-1.335803701017001e-7,-1.3312051618258288e-7,-1.3300514393042404e-7,-1.3331740520259081e-7,-1.3415126004964432e-7,-1.3434547198517623e-7,-1.3395176838621445e-7,-1.3310477509077038e-7,-1.3256608761023506e-7,-1.3403621562043462e-7,-1.33800882018065e-7,-1.3391739602916904e-7,-1.3312577515792895e-7,-1.337525399184062e-7,-1.3435745355522665e-7,-1.3501717073330385e-7,-1.5793609802639305e-7,-1.3411400706293696e-7,-1.3251793305941845e-7,-1.3429879798856824e-7,-1.3397550494709997e-7,-1.3388011150749647e-7,-1.3797604314253046e-7,-1.3323762389960084e-7,-1.3349516167963303e-7,-1.3133659566751368e-7,-1.3408358893344967e-7,-1.3483408214719925e-7,-1.3149655445084139e-7,-1.3377905773352264e-7,-1.327016389504847e-7,-1.3356598144775618e-7,-1.3334653694904096e-7,-1.3136939819732358e-7,-1.3297747373668746e-7,-1.330058144153387e-7,-1.333052862176396e-7,-1.3188477151533115e-7,-1.32776915301358e-7,-1.3422797354510526e-7,-1.3050712446433533e-7,-1.3374354482985588e-7,-1.3435522742639958e-7,-1.2821369238564018e-7,-1.334519078925985e-7,-1.3377462755457112e-7,-1.3354156191787234e-7,-1.3419684174797774e-7,-1.33962665309598e-7,-1.3688530997661327e-7,-1.339252026632585e-7,-1.3349862520814385e-7,-1.3455848176790747e-7,-1.3345232647461221e-7,-1.3391752303445072e-7,-1.3387471041665795e-7,-1.3423431057369695e-7,-1.3422502913291363e-7,-1.3382555467663998e-7,-1.331994471253546e-7,-1.3309455293332022e-7,-1.3379636421387332e-7,-1.3294786920444843e-7,-1.3386953080521383e-7,-1.339302006427319e-7,-1.3413869226578338e-7,-1.3394321243689583e-7,-1.330279646496158e-7,-1.3422242989088516e-7,-1.3359698982035238e-7,-1.3364484951976937e-7,-1.3387250887253686e-7,-1.3462318400579924e-7,-1.3281603409804614e-7,-1.3568193384179342e-7,-1.3333717457775982e-7,-1.3348159546663663e-7,-1.3371632241218988e-7,-1.332482129973094e-7,-1.3289274100724108e-7,-1.349259251006036e-7,-1.3276776575973065e-7,-1.3401792714941008e-7,-1.3276925048858988e-7,-1.335357518305244e-7,-1.3347673425645512e-7,-1.3319574557644973e-7,-1.3380794835071344e-7,-1.3293051356856607e-7,-1.3240625251836922e-7,-1.3301682900826362e-7,-1.3406997859160204e-7,-1.344000944550204e-7,-1.3348654135868173e-7,-1.3306104988972298e-7,-1.339546222963911e-7
-1.239258384576316e-7,-1.1651883009796968e-7,-1.1607688282208515e-7,-1.1644924869751525e-7,-1.283416084148624e-7,-1.1620717527071355e-7,-1.1582895307228134e-7,-1.1567697499385593e-7,-1.159754133316733e-7,-1.1677818570966281e-7,-1.1700301231449495e-7,-1.1659927762940208e-7,-1.1571291460765727e-7,-1.1541298043069044e-7,-1.1666459844045937e-7,-1.1647982367342418e-7,-1.165277295270232e-7,-1.1571484396188148e-7,-1.1641211386299629e-7,-1.1705120035320831e-7,-1.1778347150072484e-7,-1.4396568215341537e-7,-1.1677746577336607e-7,-1.15292461440812e-7,-1.1694223506830563e-7,-1.1659405830494154e-7,-1.1648773454558921e-7,-1.2085171289576896e-7,-1.1611478899691746e-7,-1.1620639523115208e-7,-1.1428809437861267e-7,-1.1669875398016086e-7,-1.1748890649245176e-7,-1.1402646689631744e-7,-1.1644105809356252e-7,-1.1524294507697804e-7,-1.1619426936762512e-7,-1.1598836337190722e-7,-1.1398324846214703e-7,-1.1566185927446489e-7,-1.1571460881235404e-7,-1.1596573306068359e-7,-1.1459316504587131e-7,-1.1543562572514142e-7,-1.1683463694687736e-7,-1.1285042602790278e-7,-1.1640502356548819e-7,-1.169656916483663e-7,-1.1145030444496905e-7,-1.1610423576485139e-7,-1.1644122630604922e-7,-1.1620808640742353e-7,-1.1684827596543144e-7,-1.1670433978607008e-7,-1.2018706086876712e-7,-1.164869109651424e-7,-1.161847235340554e-7,-1.169035019681241e-7,-1.1600556825548345e-7,-1.1654436036225141e-7,-1.1651592010497214e-7,-1.1689702461299364e-7,-1.1686829007368071e-7,-1.1647986452906674e-7,-1.1588477893452843e-7,-1.1580571055469225e-7,-1.164879298153557e-7,-1.1558809741081194e-7,-1.1652835268851807e-7,-1.1657075438130668e-7,-1.1675188776109685e-7,-1.1667897927915387e-7,-1.1619479009547448e-7,-1.1689341436774328e-7,-1.162756724133791e-7,-1.1626716695240109e-7,-1.1649232941889952e-7,-1.1725821851057394e-7,-1.154967761262849e-7,-1.1822430500022635e-7,-1.1602231825985414e-7,-1.1617377937542158e-7,-1.1633475519823877e-7,-1.1594071473362446e-7,-1.1557361139780818e-7,-1.1753971575095182e-7,-1.154172878924904e-7,-1.1670070997781684e-7,-1.1495221288277998e-7,-1.1620018229849742e-7,-1.1620327786994126e-7,-1.1587631046634794e-7,-1.1650390011520952e-7,-1.1566385257267728e-7,-1.1499529620085473e-7,-1.1568485801438179e-7,-1.1669929151063884e-7,-1.1710214873889063e-7,-1.1604849497920156e-7,-1.1572396089815643e-7,-1.1666039949305312e-7
-1.4114212348173885e-7,-1.3387131271851808e-7,-1.333927961313189e-7,-1.3379065031531094e-7,-1.4477648061516072e-7,-1.335803701017001e-7,-1.3312051618258288e-7,-1.3300514393042404e-7,-1.3331740520259081e-7,-1.3415126004964432e-7,-1.3434547198517623e-7,-1.3395176838621445e-7,-1.3310477509077038e-7,-1.3256608761023506e-7,-1.3403621562043462e-7,-1.33800882018065e-7,-1.3391739602916904e-7,-1.3312577515792895e-7,-1.337525399184062e-7,-1.3435745355522665e-7,-1.3501717073330385e-7,-1.5793609802639305e-7,-1.3411400706293696e-7,-1.3251793305941845e-7,-1.3429879798856824e-7,-1.3397550494709997e-7,-1.3388011150749647e-7,-1.3797604314253046e-7,-1.3323762389960084e-7,-1.3349516167963303e-7,-1.3133659566751368e-7,-1.3408358893344967e-7,-1.3483408214719925e-7,-1.3149655445084139e-7,-1.3377905773352264e-7,-1.327016389504847e-7,-1.3356598144775618e-7,-1.3334653694904096e-7,-1.3136939819732358e-7,-1.3297747373668746e-7,-1.330058144153387e-7,-1.333052862176396e-7,-1.3188477151533115e-7,-1.32776915301358e-7,-1.3422797354510526e-7,-1.3050712446433533e-7,-1.3374354482985588e-7,-1.3435522742639958e-7,-1.2821369238564018e-7,-1.334519078925985e-7,-1.3377462755457112e-7,-1.3354156191787234e-7,-1.3419684174797774e-7,-1.33962665309598e-7,-1.3688530997661327e-7,-1.339252026632585e-7,-1.3349862520814385e-7,-1.3455848176790747e-7,-1.3345232647461221e-7,-1.3391752303445072e-7,-1.3387471041665795e-7,-1.3423431057369695e-7,-1.3422502913291363e-7,-1.3382555467663998e-7,-1.331994471253546e-7,-1.3309455293332022e-7,-1.3379636421387332e-7,-1.3294786920444843e-7,-1.3386953080521383e-7,-1.339302006427319e-7,-1.3413869226578338e-7,-1.3394321243689583e-7,-1.330279646496158e-7,-1.3422242989088516e-7,-1.3359698982035238e-7,-1.3364484951976937e-7,-1.3387250887253686e-7,-1.3462318400579924e-7,-1.3281603409804614e-7,-1.3568193384179342e-7,-1.3333717457775982e-7,-1.3348159546663663e-7,-1.3371632241218988e-7,-1.332482129973094e-7,-1.3289274100724108e-7,-1.349259251006036e-7,-1.3276776575973065e-7,-1.3401792714941008e-7,-1.3276925048858988e-7,-1.335357518305244e-7,-1.3347673425645512e-7,-1.3319574557644973e-7,-1.3380794835071344e-7,-1.3293051356856607e-7,-1.3240625251836922e-7,-1.3301682900826362e-7,-1.3406997859160204e-7,-1.344000944550204e-7,-1.3348654135868173e-7,-1.3306104988972298e-7,-1.339546222963911e-7
-1.9475762703375773e-7,-1.828311395937282e-7,-1.8230903953502545e-7,-1.827817144768173e-7,-1.9242430765205902e-7,-1.826070528532533e-7,-1.8193344015521995e-7,-1.8204747608003238e-7,-1.822925724522159e-7,-1.831931806943171e-7,-1.8330765686162535e-7,-1.8293395145705567e-7,-1.8217918846942725e-7,-1.8114184456375663e-7,-1.8306954551147034e-7,-1.826974926442661e-7,-1.8293614115859146e-7,-1.8222762332604952e-7,-1.8272114642258586e-7,-1.8318324308638626e-7,-1.835982571252464e-7,-1.9491443174681383e-7,-1.8290862450544245e-7,-1.8127464012100467e-7,-1.8331260155405447e-7,-1.8300286136422124e-7,-1.8291932681854335e-7,-1.854812999535898e-7,-1.8160186654766935e-7,-1.8239626368071481e-7,-1.7933378408964874e-7,-1.831895041852608e-7,-1.8386160985863562e-7,-1.8073608508983457e-7,-1.8272256698060208e-7,-1.818102984832283e-7,-1.8246020744899974e-7,-1.822863192181273e-7,-1.801436537574215e-7,-1.8200587967528704e-7,-1.8188599574836576e-7,-1.8222822833224567e-7,-1.8080839568144933e-7,-1.8174231054835293e-7,-1.831591246870109e-7,-1.7997214986662255e-7,-1.8261599860896668e-7,-1.834205801538661e-7,-1.7554929978740146e-7,-1.8241662705630044e-7,-1.8263636728979115e-7,-1.8246965903770292e-7,-1.8317970159057927e-7,-1.827126412656287e-7,-1.8483688722237758e-7,-1.8322867335705926e-7,-1.823868978685528e-7,-1.8419861893586017e-7,-1.82576119895164e-7,-1.828866055621336e-7,-1.8286028461073977e-7,-1.8315901768656463e-7,-1.8316338122322896e-7,-1.8280172451476562e-7,-1.8208952849197904e-7,-1.8203110034966898e-7,-1.82701975852274e-7,-1.8195827811765142e-7,-1.8286797701242236e-7,-1.8297297627643455e-7,-1.8320306116542912e-7,-1.8291246490853906e-7,-1.806492439200561e-7,-1.8313251078622376e-7,-1.8248965438899898e-7,-1.82645878975463e-7,-1.8290415956623716e-7,-1.83676215622762e-7,-1.816288901028681e-7,-1.8497791890612585e-7,-1.8222460285330943e-7,-1.8234414197655182e-7,-1.826926188524677e-7,-1.8213795521253942e-7,-1.8175727621032103e-7,-1.8396431394908675e-7,-1.817598875789779e-7,-1.8288766698282273e-7,-1.8251290086878501e-7,-1.824490558232544e-7,-1.8233159261289954e-7,-1.8215485942091208e-7,-1.8267030045161384e-7,-1.819931840966807e-7,-1.814429018495605e-7,-1.8200738778121068e-7,-1.8309352994187742e-7,-1.832446863022149e-7,-1.827677676445838e-7,-1.8196959505443944e-7,-1.828638479965376e-7
-2.846004476611048e-7,-2.6674241242247455e-7,-2.6625165618085134e-7,-2.6661251529706345e-7,-2.7394042630822903e-7,-2.6654268904249783e-7,-2.6569204366053815e-7,-2.662312227628577e-7,-2.6629463537758623e-7,-2.6721616246579044e-7,-2.6727390590458964e-7,-2.66895002111472e-7,-2.6627108410119844e-7,-2.648888285586361e-7,-2.671577220025858e-7,-2.6655452664450676e-7,-2.6691706683233873e-7,-2.663494518579752e-7,-2.666437406696823e-7,-2.6694095281128206e-7,-2.670686464642945e-7,-2.6274532394630057e-7,-2.6660185060059507e-7,-2.6505996283040827e-7,-2.6740198168559404e-7,-2.6704297526768706e-7,-2.6696339393812036e-7,-2.684900846699379e-7,-2.6511703728469236e-7,-2.6635311595232716e-7,-2.6138378219981204e-7,-2.673430148997913e-7,-2.679410540353707e-7,-2.650223369417637e-7,-2.666681398275595e-7,-2.6588712567794204e-7,-2.6606226957879097e-7,-2.6624474410031473e-7,-2.637765838661924e-7,-2.6609444047471764e-7,-2.6576517868234524e-7,-2.661987493907147e-7,-2.6490517957560467e-7,-2.657317863301145e-7,-2.6693148531689123e-7,-2.639537702220026e-7,-2.663078885250527e-7,-2.675117911988074e-7,-2.582820131445973e-7,-2.663907036974961e-7,-2.6637627352566003e-7,-2.663420143271864e-7,-2.6720190799219596e-7,-2.6644633297518404e-7,-2.6866694169487095e-7,-2.6734300637272675e-7,-2.6625836364769025e-7,-2.6867908361560026e-7,-2.6668923672860614e-7,-2.6678834256184997e-7,-2.66848771067616e-7,-2.670068889138572e-7,-2.6701081109004414e-7,-2.66788496956976e-7,-2.6596135260272277e-7,-2.65997538500247e-7,-2.6655676074897573e-7,-2.6606872563058795e-7,-2.6697622557435757e-7,-2.670388720561294e-7,-2.673228318300418e-7,-2.669635890784529e-7,-2.632849581626418e-7,-2.6693420626006773e-7,-2.6639035007787784e-7,-2.6666388979440245e-7,-2.6694030945739005e-7,-2.677700366991522e-7,-2.6524816817610974e-7,-2.696404673569219e-7,-2.6604947890054287e-7,-2.661920300414447e-7,-2.666688870871716e-7,-2.6606763825394186e-7,-2.654713501028381e-7,-2.6786080783291824e-7,-2.6578631676931723e-7,-2.667388155000126e-7,-2.662652979472407e-7,-2.66287135547898e-7,-2.662278755719576e-7,-2.6612323452313515e-7,-2.6641482154037026e-7,-2.6577591203861394e-7,-2.654091934426105e-7,-2.660116542139557e-7,-2.671331270384392e-7,-2.6711905730355495e-7,-2.6699887266027053e-7,-2.6588790918940095e-7,-2.6686592041425155e-7
-4.152696299976855e-7,-3.9421134007616973e-7,-3.939072748223957e-7,-3.9398286114217494e-7,-3.9851539446432135e-7,-3.940398890405657e-7,-3.9311885259407395e-7,-3.9408612876076215e-7,-3.9384076151285917e-7,-3.9478631481321264e-7,-3.9481559323469423e-7,-3.9442360623086715e-7,-3.9398566360433073e-7,-3.9227946484099194e-7,-3.949046942978836e-7,-3.94064605269096e-7,-3.94469370822915e-7,-3.9404901796680144e-7,-3.941102098194411e-7,-3.943859182333151e-7,-3.9399880889508896e-7,-3.7197188727306117e-7,-3.9356523689683083e-7,-3.92573793283215e-7,-3.952098437749722e-7,-3.946908221994473e-7,-3.9466530764350675e-7,-3.9844920037957053e-7,-3.924837557380824e-7,-3.9387499467081545e-7,-3.866693128360403e-7,-3.9514285268453793e-7,-3.956014738321722e-7,-3.928602328899981e-7,-3.9428454527503713e-7,-3.934753671393776e-7,-3.9306162078320923e-7,-3.93736229706486e-7,-3.9178231075395164e-7,-3.9357335972367536e-7,-3.932851291703052e-7,-3.9377018742237865e-7,-3.924374016397601e-7,-3.933447830031961e-7,-3.9424946270043725e-7,-3.916585279515026e-7,-3.935059301983226e-7,-3.9520398801352363e-7,-3.847410886968506e-7,-3.940066212032049e-7,-3.936398269795892e-7,-3.937979362348052e-7,-3.948631917672773e-7,-3.9362249498078786e-7,-3.9609976002363956e-7,-3.945311891251588e-7,-3.9372608858324033e-7,-3.971235194318575e-7,-3.9436268207674275e-7,-3.9420231124219704e-7,-3.9440214389590053e-7,-3.9430262205836053e-7,-3.947346910605573e-7,-3.943846016501267e-7,-3.934085818143932e-7,-3.934766998062342e-7,-3.9406285473037756e-7,-3.9382729685854715e-7,-3.9471268011315804e-7,-3.947174077271976e-7,-3.950525097422404e-7,-3.946346290189032e-7,-3.9090803853359404e-7,-3.942400118234624e-7,-3.9390169234201607e-7,-3.942200166926235e-7,-3.947096939786082e-7,-3.953846448635392e-7,-3.921804304744228e-7,-3.981715020308522e-7,-3.9338699983664755e-7,-3.9372701869411004e-7,-3.942274949077274e-7,-3.936622680122927e-7,-3.9275904674093536e-7,-3.9519111536241374e-7,-3.932533743662338e-7,-3.9421224176045915e-7,-3.9208358738160464e-7,-3.9367038197634434e-7,-3.939208222732361e-7,-3.935072184649109e-7,-3.9367557111101493e-7,-3.927990131292494e-7,-3.928608226027321e-7,-3.9336832055885696e-7,-3.947966707403732e-7,-3.94570895928273e-7,-3.94628630771789e-7,-3.9343427451809516e-7,-3.9450847122329643e-7
-6.043273386576698e-7,-5.853718367949968e-7,-5.852247743890274e-7,-5.850925212302856e-7,-5.86186799103816e-7,-5.85224251928078e-7,-5.841942822319583e-7,-5.855490206066733e-7,-5.849574887555763e-7,-5.859508889951334e-7,-5.859600232219297e-7,-5.855684846563829e-7,-5.853380876782831e-7,-5.83463239845264e-7,-5.863700284697191e-7,-5.852965278106727e-7,-5.856673980589205e-7,-5.853086108816958e-7,-5.851802527793231e-7,-5.855100964138454e-7,-5.846328229560474e-7,-5.425424415616419e-7,-5.844048884772972e-7,-5.83729073903296e-7,-5.867497721093021e-7,-5.859738737594205e-7,-5.860930968724376e-7,-5.88925477598571e-7,-5.83181901964583e-7,-5.849648737628952e-7,-5.769748465135035e-7,-5.864216432059536e-7,-5.870678684346401e-7,-5.842471896264033e-7,-5.85689332212413e-7,-5.845090344649339e-7,-5.837546180308836e-7,-5.846779477065472e-7,-5.832523156062519e-7,-5.846192873242551e-7,-5.84494144340096e-7,-5.848817891322166e-7,-5.835546464130542e-7,-5.845647987448846e-7,-5.852309473223561e-7,-5.834563423508216e-7,-5.843351817780748e-7,-5.865968240988991e-7,-5.751172656775472e-7,-5.853259725642278e-7,-5.846406372173876e-7,-5.849465613221674e-7,-5.861703252630446e-7,-5.844856498940622e-7,-5.87609114134032e-7,-5.851134174402271e-7,-5.847785309384318e-7,-5.898720642697273e-7,-5.856610100377841e-7,-5.852453459251829e-7,-5.85571700203981e-7,-5.851019820170947e-7,-5.863145798098671e-7,-5.856681657551908e-7,-5.844741628675366e-7,-5.844713351775118e-7,-5.851461217065966e-7,-5.85311932121429e-7,-5.862140184303768e-7,-5.859595965562721e-7,-5.863752926768237e-7,-5.861874541262393e-7,-5.839498856930897e-7,-5.852094409041199e-7,-5.850505023791724e-7,-5.853042363093951e-7,-5.863770504519835e-7,-5.865289089649072e-7,-5.826117289168687e-7,-5.905503750245539e-7,-5.842880444770391e-7,-5.849814679764754e-7,-5.853633257740704e-7,-5.848357801615898e-7,-5.835763796482004e-7,-5.862192012535592e-7,-5.84308934496958e-7,-5.855028669956169e-7,-5.819924071954213e-7,-5.846812709770041e-7,-5.854516272555138e-7,-5.843328490284342e-7,-5.845697761722053e-7,-5.837295528181458e-7,-5.83727949762237e-7,-5.83937911547189e-7,-5.861659023801574e-7,-5.857408562541687e-7,-5.856509039867052e-7,-5.845759917006509e-7,-5.85812036915007e-7
-9.038256020917602e-7,-8.897674451872001e-7,-8.89659787623709e-7,-8.894879545604161e-7,-8.755630160720395e-7,-8.896597173134813e-7,-8.880346787581629e-7,-8.90141075248868e-7,-8.894504388041951e-7,-8.902440052116312e-7,-8.902916438456369e-7,-8.898673558934945e-7,-8.900110124025572e-7,-8.881871175044175e-7,-8.911186395736502e-7,-8.89767032445776e-7,-8.900851364667658e-7,-8.894963038828253e-7,-8.893650205573472e-7,-8.90066487545507e-7,-8.88704702734926e-7,-8.094550553705447e-7,-8.89505400276506e-7,-8.878714846366451e-7,-8.915845120961198e-7,-8.904002476821085e-7,-8.908078865347021e-7,-8.878693788830768e-7,-8.871570923983884e-7,-8.890673157246884e-7,-8.817956934282383e-7,-8.907494201586875e-7,-8.919410506398101e-7,-8.885087727783119e-7,-8.904562896221395e-7,-8.882805682198333e-7,-8.880481716230748e-7,-8.885053493086278e-7,-8.879146195437043e-7,-8.88869029482869e-7,-8.889056253464359e-7,-8.887857594459158e-7,-8.8783408045858e-7,-8.88702602847617e-7,-8.893325231201938e-7,-8.88544884829487e-7,-8.884625750117718e-7,-8.911451755302057e-7,-8.782457097384368e-7,-8.898244581380174e-7,-8.890863400247861e-7,-8.89303559245144e-7,-8.906823280548725e-7,-8.887434778096082e-7,-8.927628752686183e-7,-8.888511376390446e-7,-8.888687071171391e-7,-8.951257956360832e-7,-8.90228221037661e-7,-8.896028082708136e-7,-8.900597821040891e-7,-8.891401680884099e-7,-8.917506600715201e-7,-8.902020569277368e-7,-8.887717135160856e-7,-8.886851385214023e-7,-8.89282116281198e-7,-8.900352124063577e-7,-8.911364692404646e-7,-8.902837999947402e-7,-8.908199281247284e-7,-8.913763383655957e-7,-8.920182571413979e-7,-8.893431617020904e-7,-8.89371569778126e-7,-8.894879876064606e-7,-8.912058250478994e-7,-8.91032931967152e-7,-8.866493163989437e-7,-8.963838716111521e-7,-8.884060769068882e-7,-8.895881692068845e-7,-8.895926149567513e-7,-8.890604463539153e-7,-8.874849485077048e-7,-8.906963270752666e-7,-8.885136299045376e-7,-8.900533048471394e-7,-8.860069505697936e-7,-8.888639937098575e-7,-8.899713496770835e-7,-8.884148079755669e-7,-8.886975422412918e-7,-8.878443965443137e-7,-8.876693762659832e-7,-8.87410629559753e-7,-8.907912881256705e-7,-8.90123118512466e-7,-8.895901664334016e-7,-8.889142472698524e-7,-8.90240127736898e-7
-1.3387156887435435e-6,-1.33242088734399e-6,-1.332496059137434e-6,-1.3321927522773742e-6,-1.288424672154409e-6,-1.3322428138934587e-6,-1.3301151690867813e-6,-1.3330404112984541e-6,-1.332236341519071e-6,-1.3329165320081394e-6,-1.3331892024347793e-6,-1.3325434195376014e-6,-1.3332225701064925e-6,-1.3313838630544685e-6,-1.3343570774685553e-6,-1.3325856512560588e-6,-1.3329286943850575e-6,-1.3318605682276393e-6,-1.331793222987505e-6,-1.3330768952732333e-6,-1.3307123098409914e-6,-1.2112884454124714e-6,-1.333283019414218e-6,-1.330051785884303e-6,-1.33492744190551e-6,-1.3331716511648792e-6,-1.3341674834428275e-6,-1.328131773278491e-6,-1.329507255998461e-6,-1.331279153743927e-6,-1.326648842639979e-6,-1.333435620723596e-6,-1.3353878287828675e-6,-1.3309212485679807e-6,-1.333372955365105e-6,-1.3300301028817635e-6,-1.330853831981617e-6,-1.3306433475294653e-6,-1.3312489287914143e-6,-1.3313242593045379e-6,-1.3317781789527786e-6,-1.330551586398986e-6,-1.3304888452427909e-6,-1.3311411522823318e-6,-1.3317310710497476e-6,-1.3313572633843992e-6,-1.3311143728667388e-6,-1.333952433038238e-6,-1.3217296363617287e-6,-1.3325752085778082e-6,-1.3320071670222007e-6,-1.3321058222053952e-6,-1.3336693501946831e-6,-1.3315750505016684e-6,-1.3363719169204385e-6,-1.3310756716612242e-6,-1.33129492823664e-6,-1.3378358814599575e-6,-1.3332243487360664e-6,-1.3324803838001556e-6,-1.3330232061229056e-6,-1.3317396089591742e-6,-1.3357528593772532e-6,-1.3329770752490062e-6,-1.3315261725207363e-6,-1.3311316271306427e-6,-1.3318244761308005e-6,-1.333133388520891e-6,-1.334455461811204e-6,-1.3329837344410745e-6,-1.3335425245178828e-6,-1.3351483595681905e-6,-1.3401603770060995e-6,-1.3320435407468403e-6,-1.332104046651472e-6,-1.3319638611778509e-6,-1.334475805433707e-6,-1.334394157265781e-6,-1.3291265505731259e-6,-1.3408548219020372e-6,-1.3307756467166536e-6,-1.3329338860033787e-6,-1.3320902373323382e-6,-1.331634986030456e-6,-1.3297556043220164e-6,-1.3337082899537978e-6,-1.3308122257242964e-6,-1.3329309494548627e-6,-1.3282235502309972e-6,-1.331386373098914e-6,-1.3324268683415137e-6,-1.3309366914102706e-6,-1.3312810090251945e-6,-1.3300727691704046e-6,-1.3301731212200683e-6,-1.3294564738741483e-6,-1.3338169085866946e-6,-1.332836700527602e-6,-1.331599224021982e-6,-1.3316991592380005e-6,-1.3329623870500955e-6
-1.943213377681659e-6,-1.9403456313121053e-6,-1.941135113255879e-6,-1.9404358392853156e-6,-1.859166067970251e-6,-1.940055341690764e-6,-1.9378086954666412e-6,-1.9414879332882327e-6,-1.940440144113877e-6,-1.941207461701705e-6,-1.9419617125849815e-6,-1.940736711683553e-6,-1.9422790954226975e-6,-1.9400682548513076e-6,-1.9431826342876767e-6,-1.9407449914583466e-6,-1.9413126686963112e-6,-1.939869663883536e-6,-1.9395922908283997e-6,-1.941547606896366e-6,-1.937826306689177e-6,-1.8000443170269423e-6,-1.9424285525210816e-6,-1.937622062786536e-6,-1.9440426752717776e-6,-1.941549663455623e-6,-1.9433492574417835e-6,-1.9371389495965177e-6,-1.9373585737123884e-6,-1.939070000802732e-6,-1.940856507086667e-6,-1.9416927516494926e-6,-1.9445534170293267e-6,-1.93881643805046e-6,-1.941678453431494e-6,-1.937267166812661e-6,-1.939157456578776e-6,-1.938504641025413e-6,-1.940353860106097e-6,-1.9396101930328497e-6,-1.940373869716306e-6,-1.9375326117014376e-6,-1.9385420035884445e-6,-1.9393213016067605e-6,-1.93980288252619e-6,-1.9396127686142494e-6,-1.939475177892247e-6,-1.9421935732611785e-6,-1.9308228689571825e-6,-1.940730281094034e-6,-1.9406441232822485e-6,-1.9406727208555597e-6,-1.9424382706258916e-6,-1.940077238202779e-6,-1.945705799233601e-6,-1.9384233308762713e-6,-1.9392982200281826e-6,-1.9458535671563963e-6,-1.9419219343528135e-6,-1.941182790559127e-6,-1.941474146970672e-6,-1.9399475683061427e-6,-1.94509630245095e-6,-1.9414315333975216e-6,-1.9398514403017596e-6,-1.9389027073275573e-6,-1.940050044832375e-6,-1.9418306627169687e-6,-1.94305198105626e-6,-1.941470422005413e-6,-1.9418624878109823e-6,-1.9442038080465595e-6,-1.9551391094658753e-6,-1.940624612496581e-6,-1.9405251825394714e-6,-1.939966828895038e-6,-1.9435485426596797e-6,-1.94386266705479e-6,-1.937148929837201e-6,-1.950490681261589e-6,-1.938389599533756e-6,-1.9420912549837765e-6,-1.9399782910530914e-6,-1.939779780576138e-6,-1.9377408496963894e-6,-1.9424363252002663e-6,-1.938195526372424e-6,-1.941457531847432e-6,-1.933956598146331e-6,-1.939682228283183e-6,-1.9399947717731995e-6,-1.9387837744619487e-6,-1.9394024930896064e-6,-1.9375135719293e-6,-1.938260239579257e-6,-1.93670467061592e-6,-1.942498485748008e-6,-1.9409448872631793e-6,-1.939067873069254e-6,-1.939936047760316e-6,-1.941243625805714e-6
-2.7960085406590383e-6,-2.792345600222284e-6,-2.7942672174588806e-6,-2.793108903955434e-6,-2.6589136461155063e-6,-2.7922074443775938e-6,-2.789847694413182e-6,-2.7941031930745407e-6,-2.7928056564244626e-6,-2.7940903178759206e-6,-2.795425728167127e-6,-2.793174314873991e-6,-2.7958725327799696e-6,-2.793170562341942e-6,-2.796218169093926e-6,-2.7930999682065323e-6,-2.794056404394902e-6,-2.7921485423413264e-6,-2.7917317127813537e-6,-2.7936195709040707e-6,-2.7890863306955507e-6,-2.6867287733071626e-6,-2.7952166264711213e-6,-2.78936100050556e-6,-2.797645693681227e-6,-2.7944914715720583e-6,-2.7969600759369275e-6,-2.7898061032401438e-6,-2.789049653708209e-6,-2.7911812636886682e-6,-2.803170261910319e-6,-2.7943294513921914e-6,-2.7982307935410405e-6,-2.790992628802705e-6,-2.794287739807773e-6,-2.7893991719089227e-6,-2.7915504371196648e-6,-2.7909695205338023e-6,-2.793889001986245e-6,-2.7929964367219664e-6,-2.7932782698678215e-6,-2.7886382830503565e-6,-2.790926061946166e-6,-2.792013268198052e-6,-2.792202390057244e-6,-2.791908073523653e-6,-2.7921589238993634e-6,-2.794713248519377e-6,-2.784419632965134e-6,-2.7931359427759327e-6,-2.793792956836465e-6,-2.793638712497473e-6,-2.7954940045725918e-6,-2.7933379458420243e-6,-2.7990391415228898e-6,-2.7901437397352993e-6,-2.7914991000362284e-6,-2.797375417853141e-6,-2.795151342688806e-6,-2.7940814117504276e-6,-2.794221081053038e-6,-2.792367184067904e-6,-2.799386757309784e-6,-2.79429885557855e-6,-2.7924473227048264e-6,-2.7910434440030846e-6,-2.792888798916845e-6,-2.7950192310154307e-6,-2.7956906612114364e-6,-2.794625314203485e-6,-2.794717145634423e-6,-2.796450428589763e-6,-2.8127447581085813e-6,-2.793772752320157e-6,-2.793264840935168e-6,-2.7922081132491618e-6,-2.7969513414025694e-6,-2.797578917820186e-6,-2.7896256969395954e-6,-2.8032031509818284e-6,-2.790162815773926e-6,-2.79576182471617e-6,-2.7920006524546178e-6,-2.792349176085291e-6,-2.790144860147935e-6,-2.79579111375325e-6,-2.789193349088085e-6,-2.794247805615925e-6,-2.7828600888355177e-6,-2.7924990581578396e-6,-2.7918619630069835e-6,-2.790806923512217e-6,-2.7919222551119975e-6,-2.789173344046696e-6,-2.7906786718806378e-6,-2.7879019664448847e-6,-2.795524782262203e-6,-2.7934555747552294e-6,-2.791152969567631e-6,-2.792086192821498e-6,-2.7938646616109577e-6
-4.067465718429452e-6,-4.0627115628987455e-6,-4.066282623243801e-6,-4.064703784140723e-6,-3.870443423076382e-6,-4.06341604342027e-6,-4.059971081254869e-6,-4.065183973684327e-6,-4.063807935816529e-6,-4.065858845223593e-6,-4.06752930457244e-6,-4.064045707026525e-6,-4.067834588581067e-6,-4.065247527549895e-6,-4.067905465479909e-6,-4.064139414209005e-6,-4.065479287974176e-6,-4.062800523225389e-6,-4.0624690961778085e-6,-4.063888285660854e-6,-4.058883469185361e-6,-4.00976759960275e-6,-4.066242375304737e-6,-4.0595148317838375e-6,-4.07010983912229e-6,-4.066293183412101e-6,-4.069237358196773e-6,-4.061463124878837e-6,-4.059640729566669e-6,-4.062457873264877e-6,-4.078294283106515e-6,-4.065481346190878e-6,-4.070286867313317e-6,-4.062363876834425e-6,-4.065556503780885e-6,-4.060685566098774e-6,-4.062501394831208e-6,-4.063025889514074e-6,-4.066446283551079e-6,-4.065595077558818e-6,-4.0644220653721375e-6,-4.05834232374925e-6,-4.062358591275278e-6,-4.0629832623116085e-6,-4.063044235605855e-6,-4.062445316329749e-6,-4.0633285127205445e-6,-4.065606341617329e-6,-4.058566561204552e-6,-4.064337015139803e-6,-4.065624681922229e-6,-4.064564911648242e-6,-4.0669774940259295e-6,-4.065270561546841e-6,-4.07118935259572e-6,-4.06119675068594e-6,-4.0621035600136845e-6,-4.068109782309764e-6,-4.067197605428966e-6,-4.065780418248774e-6,-4.065823062915537e-6,-4.063610088147441e-6,-4.072385531044558e-6,-4.0656154244523644e-6,-4.063903400971479e-6,-4.062066081231137e-6,-4.064793666318147e-6,-4.066998088302832e-6,-4.067406423866418e-6,-4.066578914753896e-6,-4.066237184543781e-6,-4.066613042263962e-6,-4.086345771647086e-6,-4.06578443000969e-6,-4.064438168482349e-6,-4.062886683038659e-6,-4.068615325475438e-6,-4.071045870815839e-6,-4.06074356783396e-6,-4.073268052576751e-6,-4.060432401756126e-6,-4.068462021333484e-6,-4.062558618580739e-6,-4.0633384168299035e-6,-4.061538259809882e-6,-4.067938919044962e-6,-4.05846836117033e-6,-4.065455713799183e-6,-4.051053005663597e-6,-4.063860703189037e-6,-4.0626316393470175e-6,-4.061520596442656e-6,-4.063047859659385e-6,-4.060165962037626e-6,-4.061622704664214e-6,-4.057330469133673e-6,-4.067022615522987e-6,-4.064683357554019e-6,-4.062074407595451e-6,-4.062734754834323e-6,-4.065165974775118e-6
-6.003939190499406e-6,-5.996343595153098e-6,-6.002181727314749e-6,-5.999534662397251e-6,-5.775707963574615e-6,-5.9982151260781985e-6,-5.992181450167168e-6,-5.999920978189453e-6,-5.998004804126187e-6,-6.000906152786384e-6,-6.003192690303085e-6,-5.9982900140092515e-6,-6.0028306565429335e-6,-6.001086485997734e-6,-6.003208182283104e-6,-5.998680363998729e-6,-6.000359272527359e-6,-5.997092857200535e-6,-5.996304194876096e-6,-5.997801077893395e-6,-5.992250110761888e-6,-5.960708895972025e-6,-6.0009017561008025e-6,-5.993029391869548e-6,-6.006382420419812e-6,-6.001523653215337e-6,-6.004817776390355e-6,-5.999086727431861e-6,-5.993075579073419e-6,-5.997610196832699e-6,-6.0140143122031725e-6,-6.000003086199816e-6,-6.005508435119177e-6,-5.998331759506117e-6,-6.0005705581955095e-6,-5.9958177722110365e-6,-5.995927049579771e-6,-5.999031809650567e-6,-6.002495363986717e-6,-6.00222993357887e-6,-5.998782648226525e-6,-5.991462668228098e-6,-5.997668120369158e-6,-5.996737452525803e-6,-5.996850164694088e-6,-5.994972995773863e-6,-5.9979693513078375e-6,-5.999712520116403e-6,-5.995335813336202e-6,-5.999384513407845e-6,-6.000963490642531e-6,-5.998331799198872e-6,-6.002086075579943e-6,-5.999623591621857e-6,-6.005290779218137e-6,-5.9962789774074e-6,-5.995832698413121e-6,-6.00259576764421e-6,-6.002949953644353e-6,-6.001094493271343e-6,-6.000931517152026e-6,-5.998521789682133e-6,-6.008571250944901e-6,-6.000119554562901e-6,-5.999289676104648e-6,-5.996572061463025e-6,-6.000619390706325e-6,-6.002567228534991e-6,-6.0036848870003445e-6,-6.0018426562833465e-6,-6.000867522301053e-6,-6.000433110135638e-6,-6.0179106205118895e-6,-6.001257201950331e-6,-5.998758808668163e-6,-5.9967720988349205e-6,-6.003569447597784e-6,-6.0084095390104625e-6,-5.99524503044813e-6,-6.004336245541148e-6,-5.9936145982398885e-6,-6.004579374734582e-6,-5.995751130188739e-6,-5.997315320742707e-6,-5.996331738649068e-6,-6.003309192999546e-6,-5.9911775462245e-6,-5.999900520460811e-6,-5.984479129942583e-6,-5.998213052778088e-6,-5.997180784338786e-6,-5.9963100733233515e-6,-5.998049254813738e-6,-5.994565286283996e-6,-5.996958085360586e-6,-5.990612742859016e-6,-6.00191147591045e-6,-5.998537784010293e-6,-5.995830729720544e-6,-5.997977183798902e-6,-6.000140680849967e-6
-8.971836633509686e-6,-8.96389256115007e-6,-8.972649626951504e-6,-8.967737887792991e-6,-8.736620750207966e-6,-8.966555346912969e-6,-8.957376736338324e-6,-8.969111270944852e-6,-8.96583211184987e-6,-8.970390462335825e-6,-8.97299597204466e-6,-8.966279151414055e-6,-8.972523807379661e-6,-8.970580866567625e-6,-8.97235287215153e-6,-8.966774070895534e-6,-8.969154499294961e-6,-8.966042180297555e-6,-8.963774644442313e-6,-8.965643209353956e-6,-8.959875627774488e-6,-8.913752709481125e-6,-8.970210814851045e-6,-8.960834491103144e-6,-8.976731269534852e-6,-8.970656825425672e-6,-8.974055295834066e-6,-8.970743012879308e-6,-8.959303200946968e-6,-8.966647610224817e-6,-8.982166951460723e-6,-8.968344512470868e-6,-8.975154524420679e-6,-8.968770797829734e-6,-8.96977727403726e-6,-8.965400155480604e-6,-8.963102531111582e-6,-8.96947708455279e-6,-8.972218115317057e-6,-8.973303918689384e-6,-8.967406774300821e-6,-8.958868713400925e-6,-8.9673583609563e-6,-8.964168218267526e-6,-8.964139568812715e-6,-8.960384528039424e-6,-8.966710816259618e-6,-8.967224642174184e-6,-8.96466492549008e-6,-8.96845991635952e-6,-8.970629094292281e-6,-8.96550181277445e-6,-8.970973460778068e-6,-8.967184860432149e-6,-8.972348986737886e-6,-8.965424379002854e-6,-8.962983762684502e-6,-8.970261083482742e-6,-8.972627917050734e-6,-8.971079865636927e-6,-8.969795206986005e-6,-8.967083377999675e-6,-8.978259755093246e-6,-8.968581429224367e-6,-8.96925342922214e-6,-8.964491830186896e-6,-8.970489771166427e-6,-8.971949148619403e-6,-8.975877829470878e-6,-8.971013745748071e-6,-8.969048286017684e-6,-8.968613491060283e-6,-8.977030936853586e-6,-8.970527173649847e-6,-8.96710798658998e-6,-8.963988270194975e-6,-8.972663943016712e-6,-8.97958951026926e-6,-8.963671595122673e-6,-8.9685417720958e-6,-8.960419476141916e-6,-8.973931704701788e-6,-8.961895346590228e-6,-8.964344137956482e-6,-8.964056700374963e-6,-8.972490561772486e-6,-8.957138788486608e-6,-8.968785726362672e-6,-8.952435685502924e-6,-8.965976735156832e-6,-8.965999040372962e-6,-8.966100354807182e-6,-8.967333897765132e-6,-8.96303587822408e-6,-8.96565904477103e-6,-8.958046158128963e-6,-8.97043383510289e-6,-8.96563272821157e-6,-8.962570776133395e-6,-8.968451231906115e-6,-8.969038780247714e-6
-0.000013548041526478221,-0.000013541647016900402,-0.000013553882734261227,-0.000013546889241429822,-0.000013320044036228692,-0.000013545107995525564,-0.000013531986184760893,-0.000013549976353672776,-0.000013544648003766095,-0.000013551398693375938,-0.000013553290924156006,-0.000013544801406962582,-0.000013553793540481488,-0.000013550032825676685,-0.000013551693046874643,-0.000013545369818294889,-0.000013548674709879741,-0.00001354543495592121,-0.000013541235223464094,-0.000013543695062321876,-0.000013538718780143259,-0.000013444293935189704,-0.000013551663898757002,-0.000013540006596865145,-0.000013557974022551612,-0.000013550217436088273,-0.000013553879063980632,-0.000013550936556879483,-0.00001353610641767593,-0.000013546286812669594,-0.000013562116530786258,-0.00001354738558537986,-0.000013555749410005497,-0.000013550057172025957,-0.0000135495036337892,-0.000013545673818385076,-0.000013543133291771564,-0.000013550954503829155,-0.000013553001968634854,-0.000013554696033357143,-0.000013547782555629983,-0.000013537477619985299,-0.000013548616055887303,-0.000013541777961753413,-0.000013542397573809344,-0.000013539334114094949,-0.000013546533490951321,-0.000013544892159121263,-0.000013545815164073354,-0.00001354838412103593,-0.000013552148971367562,-0.000013542942290246787,-0.000013550295593018982,-0.00001354630415422389,-0.00001354841930006052,-0.000013545831173960974,-0.000013540689279833012,-0.00001354829904958661,-0.000013552480300438735,-0.00001355249432868103,-0.000013549427199707196,-0.000013546234839625392,-0.00001355861912333921,-0.00001354839709056613,-0.000013550352509333488,-0.000013542471505154143,-0.00001355145053495819,-0.000013551293723439684,-0.000013556422361474053,-0.00001355122444536562,-0.00001354788268280406,-0.000013546688659236643,-0.000013548034450487108,-0.000013550162631939122,-0.000013546594069860672,-0.000013541843481373017,-0.000013552217826047171,-0.000013559868213195162,-0.000013543266427246481,-0.000013543080419560441,-0.000013537623500147663,-0.000013553210659843314,-0.00001353807548752589,-0.000013541913569691576,-0.000013541862753421023,-0.000013552805165245435,-0.000013532380230013951,-0.000013549782959613842,-0.000013530256503854875,-0.000013544648993509549,-0.00001354590955134889,-0.000013547131146285374,-0.00001354795670861898,-0.000013543431026644763,-0.00001354418409171975,-0.000013537236456314892,-0.000013549651733902084,-0.00001354356096580587,-0.00001353996127011518,-0.000013550139591675202,-0.000013548435691988931
-0.000020663784373771218,-0.00002065802924652637,-0.000020675253828225387,-0.000020665493921112743,-0.00002045308588791643,-0.000020663107218379183,-0.000020644484961648328,-0.00002067065308715321,-0.000020663680858033363,-0.000020672054940657978,-0.00002067269691319081,-0.0000206631054691663,-0.000020674544863762482,-0.000020668599979904178,-0.00002066944667772143,-0.00002066382238899216,-0.000020668580925138712,-0.000020664281036338272,-0.000020656948390365203,-0.00002066171630887144,-0.000020658015324188056,-0.000020486368395968184,-0.000020673842958771176,-0.000020659078786696724,-0.000020679038782714297,-0.00002066921832426273,-0.00002067333445685225,-0.000020672511331011273,-0.00002065155439658628,-0.000020666973982047648,-0.000020681500056930194,-0.00002066621298305637,-0.000020675282222711375,-0.00002067152453725563,-0.00002066886770904211,-0.00002066608715482991,-0.000020665532588675608,-0.000020671923450481616,-0.00002067239141058722,-0.000020675511818919963,-0.000020668401639654524,-0.000020656523872404644,-0.000020669231646689747,-0.000020658549310646338,-0.000020660356906100386,-0.00002066008339423711,-0.00002066612886853418,-0.0000206622941128661,-0.00002066628441525332,-0.000020668681349969195,-0.000020674743111618266,-0.000020660075467446645,-0.00002067014452011105,-0.00002066720396781835,-0.00002066328842029601,-0.000020666216210158496,-0.000020658104190332503,-0.000020666426493868225,-0.000020671703878520966,-0.000020673436197836006,-0.000020668359251767277,-0.00002066480494897263,-0.000020678960611895666,-0.00002066813855898048,-0.000020671223233835597,-0.000020660046592204807,-0.000020672896312227253,-0.000020669189066111726,-0.000020672676308762073,-0.00002067205668431704,-0.00002066638617178957,-0.000020665805252299546,-0.00002066148430088455,-0.000020669991042240075,-0.000020665578299659908,-0.000020660434735435305,-0.00002067225959907046,-0.00002068001666275416,-0.000020663773044986397,-0.000020656292600013148,-0.000020654026677032195,-0.000020671755395529466,-0.00002065320430636735,-0.00002065934479664823,-0.000020659422505543992,-0.00002067277283896258,-0.000020646146242584688,-0.00002067154697720305,-0.000020645587454673397,-0.000020663101526665847,-0.000020666331580245833,-0.00002066819957243113,-0.00002066821459646675,-0.000020664403031135745,-0.00002066253535033857,-0.000020656208298540112,-0.000020668791676440193,-0.000020661926939128638,-0.00002065741792942354,-0.000020671412748467195,-0.000020667117754095805
-0.00003187049118885874,-0.00003187009870591325,-0.000031896044227625015,-0.00003188159542975169,-0.000031693853269926744,-0.00003187983586477188,-0.000031854555434066684,-0.00003188903554105969,-0.00003188056497603087,-0.000031889791466095366,-0.00003189016514709692,-0.000031879326620756426,-0.00003189169122203992,-0.00003188418794756578,-0.00003188298131566903,-0.00003187992538507476,-0.00003188634573030141,-0.00003187957108181191,-0.00003186869126919281,-0.000031878658697463526,-0.00003187661106483688,-0.00003161150598804062,-0.000031891425293739635,-0.00003187614373497148,-0.00003189739813977055,-0.00003188524861808648,-0.00003188989876698746,-0.00003189474089654576,-0.00003186333472196483,-0.000031886822789231535,-0.000031899365964501895,-0.0000318828025565387,-0.000031891226638077395,-0.0000318914727388829,-0.00003188569874218731,-0.00003188593190153085,-0.000031886135048167764,-0.0000318913769046819,-0.000031888620039663334,-0.00003189511048484121,-0.000031886898734771716,-0.00003187523922542262,-0.000031888049017464855,-0.000031875304254618965,-0.000031874964871430177,-0.00003187642254007265,-0.00003188323253464794,-0.000031875898979283886,-0.00003188498533086147,-0.00003188688790826391,-0.000031896518201762426,-0.00003187532172971831,-0.000031889131319695914,-0.00003188823196863571,-0.00003187668447501347,-0.000031884143023856784,-0.00003187382772081125,-0.00003188254110860949,-0.000031888442022799924,-0.00003189079495581055,-0.0000318834016680644,-0.00003188158404964707,-0.000031896322218526445,-0.000031884711720136746,-0.000031890024657109695,-0.000031875175264562055,-0.00003189140092348123,-0.000031883413373552124,-0.00003188595025049976,-0.00003189159526601958,-0.00003188277778942883,-0.00003188161413940692,-0.00003187404758783371,-0.00003188748265439124,-0.00003188184173799748,-0.00003187836427512186,-0.00003189128551250564,-0.000031900917814186905,-0.00003188312086939364,-0.00003186820840612471,-0.00003186770186314562,-0.00003188864780002835,-0.000031866266089431396,-0.00003187471593094147,-0.00003187460279907529,-0.00003188901117359436,-0.0000318564980351072,-0.00003189033350122781,-0.000031869243901615134,-0.000031879531889087323,-0.00003188401372848321,-0.00003188672798534415,-0.000031885185907981105,-0.000031884111128507284,-0.00003187891153293314,-0.00003187215576088863,-0.00003188409648189754,-0.00003187846473473848,-0.00003187324857965841,-0.00003189279725013321,-0.000031883693296511
-0.000049993658937234496,-0.00005000314671379695,-0.00005004303728580379,-0.00005002102811768487,-0.000049821449715218796,-0.00005002215378455765,-0.000049992607070713054,-0.00005003343680628022,-0.00005002287426008074,-0.000050031344962791984,-0.00005003436209589067,-0.00005002085790652155,-0.00005002963526494649,-0.0000500245142483868,-0.00005001967259541771,-0.00005001945641111311,-0.00005002870442236966,-0.00005001677350015057,-0.00005000479375117182,-0.00005002187704985399,-0.000050022969195652624,-0.00004968577600687341,-0.0000500332749509522,-0.00005001968943317014,-0.0000500390307925049,-0.000050024126835797054,-0.00005003081590287901,-0.000050043060115435465,-0.00005000150667556854,-0.0000500320543887092,-0.00005004438218253174,-0.000050022916832475374,-0.000050029410372228364,-0.00005003612857572949,-0.00005002786427824817,-0.00005003222346571187,-0.00005003327692882239,-0.000050036812329144645,-0.000050028068382755665,-0.00005003976536731441,-0.00005002909069938868,-0.000050022178437462685,-0.000050031518715027104,-0.000050020439529649885,-0.000050013648579569754,-0.000050015543188816614,-0.000050026926359332896,-0.00005001049466830651,-0.000050032549164856735,-0.000050029499621696274,-0.00005004356515689259,-0.000050015530174763806,-0.00005003344653520559,-0.00005003713785786842,-0.000050019914996475706,-0.00005002642050662393,-0.0000500147294209284,-0.00005002522231455785,-0.000050029088169029476,-0.00005003266216365462,-0.000050021654957443655,-0.00005002374172883503,-0.000050035783985561736,-0.000050025331047291376,-0.000050034734036095974,-0.00005001387197623381,-0.00005003289787233485,-0.00005002024823185849,-0.00005002522002852269,-0.00005003666626747784,-0.00005002450473014568,-0.000050020823914088226,-0.000050015398707933695,-0.00005002680186316372,-0.000050022965093536604,-0.0000500238955562263,-0.00005003569374982761,-0.00005004949550045735,-0.00005002975482049896,-0.00005000554893865581,-0.000050007801772498366,-0.00005003071009517771,-0.00005000526344178387,-0.00005001657454631358,-0.0000500141229200758,-0.0000500271900531947,-0.00004999075216525042,-0.000050032613843419533,-0.00005003420163307691,-0.000050021999833833206,-0.00005002599865831177,-0.0000500301993458609,-0.000050026731611214284,-0.00005003090995895756,-0.00005002181493140159,-0.00005001028621281815,-0.000050020974137286975,-0.00005001936847299309,-0.00005001335692211262,-0.00005004414335907546,-0.0000500255862032851
-0.00008049202345016053,-0.00008050384367181442,-0.0000805625634019125,-0.00008052798891721829,-0.00008029988948906451,-0.00008053727924435773,-0.00008050977125896285,-0.00008054976633501377,-0.0000805383842817191,-0.0000805431118838552,-0.00008055043349903874,-0.00008053187913221724,-0.00008053459640691818,-0.00008053382936031635,-0.00008052494000684393,-0.00008052868901987551,-0.00008054031517824337,-0.00008052116653076225,-0.0000805125764785839,-0.00008053666780471225,-0.00008054194099649897,-0.00008017084158629338,-0.00008054797661905125,-0.00008053906192298975,-0.0000805499560020143,-0.00008053030833789362,-0.00008054297389780329,-0.00008056346506040496,-0.00008051310289845125,-0.00008054889749618184,-0.00008056410903524547,-0.00008053123252022003,-0.00008053468032563681,-0.00008055140910956294,-0.00008054181945265544,-0.00008055198383212563,-0.00008055562615118044,-0.00008055203504900071,-0.00008053838481984275,-0.00008055498591945942,-0.00008054199052391567,-0.00008054340979685674,-0.00008054750258721367,-0.00008053963731481976,-0.00008052658824109268,-0.00008052471708993346,-0.00008054816538537705,-0.00008051241567897258,-0.0000805575192312366,-0.00008054400823623242,-0.00008056116137477944,-0.00008052579067390178,-0.00008054932565634739,-0.00008055590754614143,-0.00008054809272559058,-0.00008054124088713486,-0.00008052797626197333,-0.0000805390447810904,-0.00008054102129616846,-0.00008054633874623458,-0.00008053043305417245,-0.00008053768874713489,-0.00008053945733884757,-0.00008053554553296184,-0.00008055347880244599,-0.00008052283489264845,-0.00008054287401036898,-0.00008052547958388528,-0.00008053601003335731,-0.0000805492520885535,-0.00008053912183182758,-0.00008053063229171043,-0.00008053735817468764,-0.00008052987037437796,-0.00008053624322098705,-0.00008054569238744855,-0.00008055108890088254,-0.00008057695832418614,-0.0000805511381958545,-0.00008051461966977042,-0.0000805223166943593,-0.00008054537487680411,-0.00008051637760902463,-0.00008053095705820244,-0.00008052552763377624,-0.00008053379588864075,-0.00008049623489416729,-0.00008054464993223425,-0.00008057469259034561,-0.00008053621365930154,-0.0000805394043624755,-0.00008054579406399805,-0.0000805421358533585,-0.00008055485279992938,-0.00008054039957276435,-0.00008052136566871496,-0.00008052731826856967,-0.00008052953641667332,-0.0000805232797983071,-0.00008057011613130054,-0.00008054028628507609
-0.0001352240135453172,-0.00013522086452635352,-0.00013530395693038804,-0.0001352511730501421,-0.00013496907395625602,-0.00013527644457433604,-0.00013525864761957068,-0.00013528567616669126,-0.00013527784229234806,-0.00013527761890111585,-0.00013528942306646277,-0.00013526315452730577,-0.00013525483352724648,-0.00013525855874220487,-0.00013524559006565723,-0.00013525744433819483,-0.00013526610454646924,-0.0001352391880625913,-0.0001352424042720918,-0.00013527227930027386,-0.0001352812786844653,-0.00013490158198027096,-0.00013529023148620354,-0.0001352890625046519,-0.00013527642627526258,-0.0001352489080215641,-0.00013527169337821646,-0.0001353080914798009,-0.00013524321743421663,-0.00013528675144020274,-0.0001353115836608795,-0.00013525878200754902,-0.0001352536658907011,-0.00013528236715757035,-0.0001352759342930628,-0.0001352986581203274,-0.00013530315192230257,-0.0001352857880910512,-0.00013526999578407784,-0.00013528802779401406,-0.00013527585464617295,-0.00013528503736474722,-0.00013528596313060816,-0.000135285846228117,-0.00013526387231947032,-0.00013525282585770003,-0.00013529783070001901,-0.00013523146814910778,-0.00013531460212574422,-0.00013528072975633651,-0.00013529996609290182,-0.00013525349897038687,-0.0001352846298483866,-0.00013529020723148646,-0.00013530875283582374,-0.0001352785117272094,-0.0001352636503173131,-0.00013527419834813534,-0.00013527585661788074,-0.0001352812518418511,-0.0001352575938035465,-0.0001352737074320334,-0.00013525592420824282,-0.00013526133216075186,-0.00013529751725808634,-0.00013525318420089927,-0.00013526621132623032,-0.0001352495798878949,-0.00013526932566637194,-0.0001352728908130369,-0.00013527336898938794,-0.00013526103785667636,-0.0001352863121084877,-0.00013524310775145729,-0.0001352711509441295,-0.000135299107770788,-0.00013528279047237088,-0.00013533643432014566,-0.0001352956063005862,-0.00013524700580421124,-0.00013526349946312122,-0.00013528539407271607,-0.00013524944120920957,-0.00013526497664058049,-0.00013525781212712484,-0.00013526059185749498,-0.00013522194145280537,-0.0001352787460723575,-0.00013532211918190073,-0.0001352742764165652,-0.000135278324493965,-0.00013527693388743297,-0.00013528111119868314,-0.00013530598542284581,-0.00013528587843958137,-0.00013525745225053055,-0.00013525375550991865,-0.00013526159421388515,-0.00013525656976121216,-0.00013532011640492717,-0.0001352808578010078
-0.0002437190306256025,-0.0002436571899743052,-0.00024377383503091795,-0.0002437074222766636,-0.00024341161518904653,-0.00024374429225522648,-0.00024375003601344336,-0.00024374547854790044,-0.00024374405997344277,-0.00024374502460201765,-0.00024376401402984152,-0.00024372701024911471,-0.00024369256619825093,-0.0002437070547991223,-0.00024368968642128863,-0.00024371295032748187,-0.00024371457364732454,-0.00024367365584217955,-0.0002437064766554852,-0.00024373580718212753,-0.00024374948768641382,-0.000243396573521126,-0.00024377661847348417,-0.0002437833088417254,-0.0002437247913611663,-0.00024368118099652456,-0.00024371743704815096,-0.00024378592093595016,-0.00024370208281973094,-0.00024376125739795985,-0.0002438066747345259,-0.00024371712422751864,-0.00024369970993854228,-0.0002437324397412614,-0.00024373978538588673,-0.000243791254841671,-0.0002437856897921588,-0.0002437504140686905,-0.0002437375497786401,-0.00024374093390775147,-0.00024373969941558679,-0.0002437567810939582,-0.0002437603080289013,-0.0002437670904994855,-0.00024373434215830257,-0.0002437120425684694,-0.00024378297239472762,-0.00024367303868403828,-0.00024381628545179596,-0.0002437491831335028,-0.0002437697484728236,-0.00024370552161663743,-0.00024374370795965074,-0.00024375480002731224,-0.0002438070865390715,-0.000243748486412429,-0.0002437262020122198,-0.00024374114831530926,-0.00024374478574354749,-0.0002437429607384252,-0.00024371621840565825,-0.0002437483079820727,-0.00024369020342631916,-0.00024371186720433007,-0.00024378015049507124,-0.00024371418337400624,-0.0002437059724719368,-0.0002436939703584125,-0.00024374050713767218,-0.00024371131496862895,-0.00024373570680198862,-0.00024373607154960775,-0.00024376767037907702,-0.00024367222253986577,-0.0002437342548734785,-0.00024379310191891614,-0.0002437365511193056,-0.00024384480040096432,-0.00024378000876804833,-0.00024371632420012475,-0.00024374758808589172,-0.00024376193373017174,-0.00024371886147780798,-0.00024373253938031703,-0.00024371779955184678,-0.0002437150730878442,-0.00024367295663332532,-0.000243750840002197,-0.00024382569594363554,-0.00024375009194872607,-0.00024375063912641194,-0.00024373132121884025,-0.00024375745580042116,-0.00024379542195078957,-0.00024377083446628715,-0.0002437361642030987,-0.00024370722104036737,-0.00024373393224533932,-0.0002437243080949434,-0.00024380471755715315,-0.00024376419415403057
-0.0004972098532471992,-0.0004970874407202802,-0.0004972336023769023,-0.0004971817687020648,-0.0004969275466140665,-0.0004972143706017625,-0.0004972584463463445,-0.0004971961027202464,-0.0004972078023068754,-0.0004972204148922528,-0.0004972396530622767,-0.0004972004180722459,-0.0004971279090581749,-0.0004971625696710128,-0.0004971199893024047,-0.0004971663842604536,-0.0004971641916286923,-0.0004971032523075237,-0.0004971763985298096,-0.000497187094122416,-0.0004972233165168598,-0.000496896325383311,-0.0004972762670253669,-0.0004973001801382541,-0.0004971684843620375,-0.0004970998913474736,-0.0004971486378940835,-0.0004972642024291215,-0.0004971549515419831,-0.0004972439573762413,-0.0004973290217162614,-0.000497182606636595,-0.0004971442462655144,-0.0004971661865158601,-0.0004972084169202571,-0.000497292694103166,-0.0004972719259226477,-0.0004972387018402812,-0.0004972044348583392,-0.0004971756003224402,-0.0004972046972210856,-0.0004972232328670704,-0.0004972412314267471,-0.0004972477277507884,-0.0004972126419804839,-0.0004971884060043088,-0.0004972943356079036,-0.0004971132603073748,-0.0004973442732025789,-0.0004972225498352818,-0.0004972351974187302,-0.0004971596160457678,-0.0004972035223805362,-0.0004972396898429816,-0.0004973165869753852,-0.0004972409990221969,-0.0004971895748423331,-0.0004971941700493323,-0.0004972095117183076,-0.0004971920296704672,-0.0004971779153526,-0.0004972347898151938,-0.0004971010050178564,-0.0004971575122795099,-0.0004972806051296921,-0.0004971867814884846,-0.000497130341795993,-0.0004971257409973672,-0.0004972275694475594,-0.0004971315306649898,-0.0004971919629951427,-0.0004972257479182477,-0.0004972545115353019,-0.0004970867100916811,-0.0004971924586769907,-0.0004973063601215071,-0.0004971879501954439,-0.0004973720549249854,-0.0004972880680671648,-0.0004972039107083531,-0.0004972528312268349,-0.0004972480989147807,-0.0004971886406603109,-0.0004971963265557897,-0.0004971931186668048,-0.0004971593060496314,-0.0004971209140692055,-0.0004972351039220482,-0.0004973680367438879,-0.0004972397441930801,-0.0004972252863994333,-0.0004971842187791035,-0.0004972386863843765,-0.000497304703343067,-0.0004972632479879808,-0.0004972224986282533,-0.0004971471942301262,-0.0004972255423209994,-0.000497209434018146,-0.0004972985329334335,-0.0004972679704594073
-0.0012663483424735973,-0.0012662033961731629,-0.0012663534650269636,-0.0012663491939846083,-0.0012661559933284995,-0.0012663785813107516,-0.0012664821441169946,-0.0012663128970960475,-0.0012663704701490388,-0.0012664042596381808,-0.001266418754143057,-0.0012664025518911537,-0.0012662497492900986,-0.0012663235533761385,-0.0012662324853043895,-0.0012662743218351791,-0.0012663153554269965,-0.001266224421283481,-0.001266309620041292,-0.0012662714387722857,-0.0012663663282627396,-0.0012660634945397802,-0.0012664320605771276,-0.0012665459746548217,-0.0012662953526343089,-0.0012661751272222547,-0.0012662468805115408,-0.0012664247781541077,-0.0012662908003494128,-0.0012663909300809305,-0.0012665896934332941,-0.001266366672202314,-0.0012662553813141495,-0.0012662573445133625,-0.0012663683523845815,-0.001266489356034311,-0.0012664196233325637,-0.00126646736001207,-0.0012663286891523786,-0.0012662925840760005,-0.0012663405696985643,-0.0012663302322353039,-0.0012663639743876619,-0.00126640740828869,-0.0012663632991897532,-0.0012663663161389719,-0.0012665091831847862,-0.0012662536968899513,-0.001266597175577363,-0.0012664029112244932,-0.0012663392248589206,-0.0012662879703444186,-0.0012663382899438954,-0.001266442918852615,-0.0012665207597109232,-0.0012664312165723574,-0.0012663255935897724,-0.0012663038745930081,-0.0012663128365002262,-0.0012663128192973668,-0.0012663111131867677,-0.0012664241868391376,-0.0012661444917260816,-0.0012662824964943837,-0.001266481571437402,-0.0012663477915263067,-0.0012662155773094006,-0.0012662351869146458,-0.0012663910089160415,-0.0012662037579054034,-0.001266329922146472,-0.001266381941845647,-0.0012664739318742006,-0.0012661557122528315,-0.0012663057903069617,-0.0012665175907449911,-0.0012662927256364392,-0.0012665591459985093,-0.0012665061251927825,-0.0012663722207193824,-0.001266448943033835,-0.0012663963112313852,-0.0012663167528848464,-0.0012663298492132436,-0.001266367971685416,-0.0012662526380685965,-0.0012662508476146994,-0.0012663949512858605,-0.0012665455722591706,-0.0012664139349343813,-0.001266374444041742,-0.0012663194450928763,-0.0012663986674815242,-0.0012665475463446382,-0.0012664134901315353,-0.001266372750189363,-0.0012662586800027903,-0.0012664264505934044,-0.0012664095272049997,-0.0012664950259476501,-0.0012664475389569825
-0.004632366736017565,-0.004632195925878891,-0.004632267981313675,-0.004632403848166239,-0.0046322025100962155,-0.004632512647295438,-0.0046326071890841975,-0.0046322557220773155,-0.004632465772916304,-0.004632483315249999,-0.004632441696573026,-0.004632499863222959,-0.004632240417027915,-0.004632355109338623,-0.00463228216980984,-0.004632135604510501,-0.004632314436084969,-0.004632216689497639,-0.004632290985550768,-0.004632128201351595,-0.004632281622403799,-0.004632163165740017,-0.004632375074064646,-0.004632709923801298,-0.0046322757067271915,-0.004631964269264964,-0.004632173791194951,-0.004632494148688309,-0.004632168719841823,-0.00463239405355245,-0.004632841157439354,-0.004632460358454557,-0.004632206176956954,-0.004632201854052739,-0.004632510596645706,-0.004632520357758022,-0.004632396940839768,-0.004632651556128487,-0.004632323973784493,-0.004632219052431481,-0.00463233512473619,-0.004632112453245133,-0.004632215456642373,-0.004632443689221502,-0.004632263505103226,-0.0046324063937672735,-0.004632559546877667,-0.004632289260961639,-0.004632789866489117,-0.004632513381076165,-0.004632158825657984,-0.004632313026451545,-0.004632233844143801,-0.0046325126437705595,-0.004632635505930301,-0.004632469966848317,-0.004632336943447054,-0.004632217617710521,-0.004632183193928722,-0.004632327879113059,-0.004632291416576969,-0.0046323730551397525,-0.0046321135925320115,-0.004632285795244995,-0.004632572405632677,-0.004632294406757337,-0.004632017737178352,-0.004632212721237147,-0.004632341689494926,-0.004632088831229899,-0.004632311887734065,-0.0046323484708936805,-0.004632677066052629,-0.004632099894251474,-0.004632188565866098,-0.004632681853476995,-0.004632183467710226,-0.004632520913232716,-0.004632563972227279,-0.004632437621821186,-0.004632432988826786,-0.004632356277640068,-0.004632233924884736,-0.004632268626298005,-0.0046324359562607475,-0.004632170041559732,-0.004632163907455236,-0.004632358569029394,-0.004632394465820763,-0.004632349120878874,-0.004632405653708776,-0.004632334340056624,-0.0046324036504230125,-0.0046328068623514565,-0.004632382566909152,-0.004632374906564172,-0.004632243141257694,-0.004632561381030957,-0.004632577604954194,-0.0046325630436744505,-0.004632473218613027
-0.027046954472146202,-0.027046896215366684,-0.02704691054438199,-0.027047307234719695,-0.02704674371913139,-0.027047623933626017,-0.02704719169988555,-0.027046965667024903,-0.0270470716040532,-0.02704726019002294,-0.027047021150039235,-0.027047052777799632,-0.027047003697020126,-0.027047173695513068,-0.02704700630410789,-0.02704648990150728,-0.027046943863825976,-0.027046962199919942,-0.027046964679364682,-0.02704641698479427,-0.027046698144516018,-0.027047225797789058,-0.027046999672006213,-0.027047603541714954,-0.027046770334947588,-0.027045958926740526,-0.027046683326974616,-0.02704725253736514,-0.027046482258567185,-0.02704685982213654,-0.027047648039868834,-0.02704718799002561,-0.02704679096204458,-0.027046713720133782,-0.02704731010894195,-0.027047139153922546,-0.027047030511183245,-0.027047539988817933,-0.02704670941375067,-0.027046771602050552,-0.027047001812444318,-0.027046178807768325,-0.027046447369778775,-0.027047158595798912,-0.027046485463194894,-0.027047197381792294,-0.027047076698875676,-0.027046933712111927,-0.027047637764569067,-0.02704762453447626,-0.027046554318734276,-0.027047032447883906,-0.02704655805858413,-0.027047101573074515,-0.027047742829275363,-0.027047268269095405,-0.02704712254433104,-0.02704663456973639,-0.02704668248663579,-0.027047104698897248,-0.02704674583120454,-0.027046673570280517,-0.0270471176124551,-0.02704686219106315,-0.027047258950499628,-0.02704690404198603,-0.02704653451462418,-0.027046968049787228,-0.02704662152583802,-0.027046573710578274,-0.02704688220047906,-0.027047090820709073,-0.02704796984502185,-0.027046542168498652,-0.027046581409180627,-0.02704735043066151,-0.027047008796436567,-0.02704699398074875,-0.027047063609668957,-0.027047086407448295,-0.027047032965004717,-0.027046931024142427,-0.027046563302653048,-0.027046804477782217,-0.02704706482050293,-0.0270466304973985,-0.02704641880527165,-0.027046853387115523,-0.027046699196850713,-0.027046595612133024,-0.0270471630950161,-0.02704729392047079,-0.02704703892458533,-0.027048069677122255,-0.02704721738715738,-0.02704706575379046,-0.02704699935734145,-0.0270471124371109,-0.027047685618110273,-0.02704707329596473,-0.027047414193200024
