-0.06797355098373929,-0.06797361343138802,-0.06797375765677273,-0.067975105379791,-0.06797435800620795,-0.06797472633294818,-0.06797395209913479,-0.06797408330872473,-0.06797363165480858,-0.06797359111012634,-0.06797364993843251,-0.06797390342498827,-0.06797454627712934,-0.06797381729970717,-0.06797390976156348,-0.06797213456333862,-0.06797438099717411,-0.06797316029770376,-0.06797339205712892,-0.06797258373486083,-0.06797302298839669,-0.06797420088900506,-0.06797359210631586,-0.06797408138841975,-0.06797331852181455,-0.06797189970876756,-0.06797321888130232,-0.06797391420923446,-0.06797323621098311,-0.06797319495753631,-0.06797360971939714,-0.06797305927861538,-0.06797336969516346,-0.0679735691694952,-0.06797413852622484,-0.06797362083728904,-0.06797338007316353,-0.06797447282707637,-0.06797294153559963,-0.06797308051607796,-0.06797358555303076,-0.06797268014884207,-0.06797316528003278,-0.06797348677734416,-0.06797311068925807,-0.06797371783121228,-0.06797366249566679,-0.06797431126797154,-0.06797399550756195,-0.06797405077627101,-0.06797265946036783,-0.06797380312613165,-0.06797363386820611,-0.06797401018385014,-0.06797461867841005,-0.06797356197206528,-0.06797330360239488,-0.06797286615145412,-0.06797387586224587,-0.06797432685944248,-0.06797347827974864,-0.06797276702810724,-0.067974034641593,-0.0679740974105284,-0.06797345323289421,-0.06797393997211103,-0.06797324721355344,-0.06797394662228005,-0.06797226488450415,-0.06797258236224424,-0.06797325286514039,-0.06797384350353416,-0.06797516109210347,-0.0679729655926518,-0.06797235571124965,-0.06797388188547927,-0.06797366730021236,-0.06797325917266832,-0.06797404383358868,-0.06797392333164848,-0.06797345486867555,-0.06797317355157319,-0.06797264928954627,-0.06797314297775023,-0.06797332539458788,-0.06797310223716256,-0.06797248825431242,-0.06797298611672278,-0.06797259482977075,-0.06797257598136733,-0.06797398659142943,-0.06797422847068237,-0.06797314291822774,-0.06797516490731904,-0.06797427801401247,-0.06797370148845572,-0.06797380358520257,-0.06797409182985263,-0.0679752477683429,-0.06797296871234765,-0.06797420291544146
-0.046312092457413495,-0.046312598534842445,-0.04631236087313462,-0.04631290416741891,-0.046312473815829425,-0.04631246355635085,-0.04631234831009619,-0.046311789028063134,-0.04631254525172186,-0.04631232235424823,-0.04631197097529603,-0.046312218271480396,-0.04631185805365508,-0.04631198567672859,-0.046312031184275876,-0.046311764998114985,-0.046311952076038124,-0.046312424263804,-0.04631240506632668,-0.0463118172356458,-0.04631156492981274,-0.046312275244644645,-0.04631168566507806,-0.04631299985800266,-0.04631223675167286,-0.04631174303403525,-0.04631186285890497,-0.04631215773173919,-0.04631172296552029,-0.04631213556453928,-0.04631271994487361,-0.046312593401323474,-0.046311856066054743,-0.04631181721960018,-0.046312556222101925,-0.04631182302569903,-0.04631199918427502,-0.04631271130012733,-0.04631222971111228,-0.04631209411252425,-0.04631178910642686,-0.046311822889024155,-0.0463116855776271,-0.04631184991990944,-0.046311257961600655,-0.04631244826766631,-0.04631200638415003,-0.04631225392427861,-0.0463125757655422,-0.04631207986348949,-0.04631202313249927,-0.04631264043411681,-0.04631189788223534,-0.0463123246541506,-0.04631271852661018,-0.04631239546152409,-0.046312335980321154,-0.04631172325430447,-0.046311607795981875,-0.046312007747508425,-0.046311657273228835,-0.04631207425534828,-0.04631212151368912,-0.046312002926451434,-0.046312567926490425,-0.04631199429810833,-0.046311917189369244,-0.046311812542339376,-0.04631208446696393,-0.04631196971927659,-0.04631198754613007,-0.04631205917057209,-0.04631289619393999,-0.046312138679443546,-0.046312037915908155,-0.04631226807376495,-0.046312075234667696,-0.04631201321606233,-0.046312543530775935,-0.04631228807234182,-0.04631199222195162,-0.046312055171900034,-0.04631214576587319,-0.046312137646299247,-0.046312427995807856,-0.04631202349572477,-0.0463122454143503,-0.04631229598209828,-0.04631208748441464,-0.046311534749927045,-0.046312139491853414,-0.04631240454438028,-0.0463120968451934,-0.046313187296513646,-0.046312192845973627,-0.046312100964288866,-0.04631184739458078,-0.04631267205816082,-0.04631286922340465,-0.046312400863719044,-0.046312595425719874
-0.008699422801066978,-0.008699385395021672,-0.008699363192941238,-0.008699469210589044,-0.008699576787674529,-0.008699240650879674,-0.008699472150523462,-0.008699202057062556,-0.008699520442604025,-0.008699258754291459,-0.008699303534061304,-0.008699476126603076,-0.008699205755690997,-0.008699179976576401,-0.00869929337924679,-0.008699320247344499,-0.00869920577210542,-0.008699243121956047,-0.008699466120285947,-0.0086992911921407,-0.008699229110112568,-0.008699184779650133,-0.008699212087461638,-0.00869961837874243,-0.008699294762706497,-0.008699415773838934,-0.008699235233688141,-0.00869918557387326,-0.008699228998421713,-0.008699603833894912,-0.008699730636555995,-0.00869946789103355,-0.00869926024548753,-0.008699202015443563,-0.00869952109379556,-0.008699266586742381,-0.00869921370713768,-0.008699650628361292,-0.008699512418858137,-0.008699308238176981,-0.008699123035189875,-0.008699450700669178,-0.008699366962904093,-0.008699188917255008,-0.00869912838566322,-0.008699397653456804,-0.008699458454324231,-0.008699290000677012,-0.008699589548039968,-0.008699171820465295,-0.008699419836096074,-0.008699552868372614,-0.008699407084163465,-0.008699492821223419,-0.008699482907969194,-0.008699492280886262,-0.008699265495701615,-0.0086992698222245,-0.008699071571142154,-0.008699170374207643,-0.008699139604349386,-0.008699580856118643,-0.008699126827925086,-0.008699347423421216,-0.008699630132261086,-0.00869931749195674,-0.008699122149664406,-0.008699224281579564,-0.008699570290682575,-0.008699252020007944,-0.008699358343605532,-0.008699161107193924,-0.00869941861699442,-0.008699306407294556,-0.008699419799018393,-0.008699471161569366,-0.008699198211784578,-0.008699505600482597,-0.008699710119191444,-0.008699487657561376,-0.008699358596450529,-0.00869928788675945,-0.008699509170359884,-0.008699277794963548,-0.008699499210456756,-0.008699310311263912,-0.008699533533684072,-0.008699457381298598,-0.008699548532876574,-0.008699359684146504,-0.008699322426655083,-0.008699202491168831,-0.008699395132480178,-0.00869954721053957,-0.008699314747624275,-0.008699244240532488,-0.008699122301879407,-0.008699738539527373,-0.008699402831358855,-0.008699603473826048,-0.008699219579695818
-0.0025250499719515866,-0.002524925672318444,-0.002525085120978209,-0.0025249951760274785,-0.0025251016709980155,-0.0025248342461686186,-0.002524968723496104,-0.0025249846546951176,-0.002524986404563734,-0.0025249424852966766,-0.002524982021497769,-0.0025250263959633126,-0.002524912475632835,-0.002524934875183007,-0.00252497106578256,-0.002525052285706421,-0.0025249314755472823,-0.0025248812087276095,-0.0025250585574984738,-0.0025250364302299598,-0.00252501899874387,-0.0025248592643006915,-0.002525065146469372,-0.0025250754069231114,-0.00252491902295844,-0.0025250870131044148,-0.002524943058623554,-0.0025248821505749097,-0.0025249253020863138,-0.0025252329000205894,-0.0025251542764083475,-0.0025249868884448055,-0.0025249715673623316,-0.0025249897997664124,-0.002525013790701326,-0.002525010105524469,-0.0025249570957610844,-0.002525176617198287,-0.002525071164434508,-0.002525041506869246,-0.002524902754519969,-0.0025251324664261315,-0.002525125094623827,-0.00252486090437282,-0.0025249551493018206,-0.0025250064875029063,-0.0025251047445227987,-0.002524867459649259,-0.002525137544445816,-0.0025248752799450045,-0.0025251790954838576,-0.0025250498245094764,-0.002525140674829815,-0.002525052801928434,-0.0025250913351602296,-0.002525119616519339,-0.0025249090830924137,-0.002525015682487892,-0.002524897631959725,-0.002524879376799391,-0.0025248780312439384,-0.002525260455731799,-0.0025248893536237186,-0.0025250019306838614,-0.0025252030577402,-0.0025250558441625784,-0.0025249499430630273,-0.0025249746844985665,-0.002525214965718358,-0.0025249895264029738,-0.0025250878886023957,-0.00252494581375523,-0.002524944292646451,-0.002524913066311892,-0.002525116535484895,-0.002525030264742309,-0.002524960707162065,-0.0025252093118530577,-0.0025252773971141673,-0.0025250851526196815,-0.0025250966375430554,-0.002524991157559015,-0.002525142265405687,-0.002524975350829144,-0.0025250464232535108,-0.002524988951168215,-0.0025250605156468065,-0.0025250995286070074,-0.0025251630040900776,-0.0025251150212097784,-0.0025249915102194165,-0.0025249243291290205,-0.002525069717527391,-0.0025249768335827262,-0.0025250073737987672,-0.0025249426196612646,-0.0025248217533102844,-0.0025251711153096643,-0.0025248869736926045,-0.002525201987743651,-0.0025248700699383436
-0.0010205982066202877,-0.0010204987899348763,-0.001020674846487568,-0.001020552203753918,-0.001020606869471776,-0.0010204435301305248,-0.001020497583426822,-0.0010205662144954987,-0.0010205130475997937,-0.0010205617372314479,-0.0010205537580097773,-0.0010205648598449937,-0.0010204979138902694,-0.0010205331595375235,-0.0010205838003939783,-0.0010206240167089328,-0.0010204974302985596,-0.00102046860275929,-0.0010205853738766517,-0.0010206392946168364,-0.0010205910337972245,-0.0010204880865438332,-0.0010206593308067133,-0.0010205805349737076,-0.001020516720557948,-0.0010206106384568832,-0.001020565676216857,-0.0010205120855182196,-0.0010204967469335962,-0.0010207243958484584,-0.001020619554804819,-0.0010205270426512513,-0.0010205530058118644,-0.0010206157154967629,-0.001020580991740844,-0.0010205785457003532,-0.0010205852937126946,-0.001020663633749797,-0.0010206592181926282,-0.0010206021685921361,-0.001020530575878139,-0.0010206707326386917,-0.0010206776142795422,-0.0010204644140619978,-0.0010205497387378048,-0.0010205412957090664,-0.001020638735639024,-0.0010204353361408561,-0.001020646313141328,-0.0010205019181672203,-0.0010207194123927781,-0.001020564351917899,-0.0010206631273612515,-0.0010205664892701423,-0.001020621777033401,-0.0010206253598376695,-0.0010205002702309424,-0.0010206166682347087,-0.0010205415379182944,-0.0010205117481760415,-0.0010205141975002776,-0.001020738966879692,-0.0010205628195757931,-0.0010205683568541624,-0.001020694349738547,-0.001020621738276876,-0.0010205628852253089,-0.001020582865863614,-0.0010207061415309308,-0.0010206240259870306,-0.001020673698282502,-0.0010206125027310319,-0.0010205025723593179,-0.001020532009886809,-0.0010206518295289694,-0.0010205810296627206,-0.0010205556385560937,-0.001020737008393835,-0.0010207403585192477,-0.0010206308509961566,-0.0010206392608177479,-0.001020582224277148,-0.0010206672780857815,-0.0010205662126446164,-0.0010205655385864317,-0.0010205935946731187,-0.001020575788906646,-0.0010206442959433404,-0.0010206730984035441,-0.0010206596964724961,-0.0010205667838693198,-0.0010205643926877628,-0.001020617885921368,-0.0010204879626622664,-0.0010205596933457177,-0.001020555387400837,-0.0010204606867511385,-0.0010206678376876084,-0.0010204500886473766,-0.0010207185509159612,-0.0010204482122136626
-0.0005072708295008183,-0.0005072226826342559,-0.000507359778950065,-0.0005072421867531253,-0.0005072924451917506,-0.0005071787007152781,-0.0005071836335002859,-0.0005072543908746176,-0.0005072217950736288,-0.0005072788196770598,-0.0005072683984426998,-0.0005072686670516721,-0.0005072118233215078,-0.0005072435195798086,-0.0005073070337028408,-0.0005073159084989799,-0.0005072223091811769,-0.0005072020321878963,-0.000507240645037956,-0.0005073293051260406,-0.0005072686034764199,-0.0005072095150550717,-0.0005073192514196136,-0.0005072570170213762,-0.0005072520148228528,-0.0005072927013719667,-0.0005072993475467929,-0.0005072305389540404,-0.00050719802612426,-0.0005073439680985185,-0.0005072651005473858,-0.0005072379562342712,-0.000507252295806212,-0.0005073212095893779,-0.0005072773910735014,-0.000507266540895962,-0.0005072816696190298,-0.0005073280748945919,-0.0005073440764276898,-0.0005072954748821712,-0.0005072407857675409,-0.000507334661087179,-0.0005073250664087202,-0.0005071829801545085,-0.000507251739387438,-0.0005072153515144186,-0.0005073031908914311,-0.0005071739967112465,-0.0005072943228924885,-0.0005072326114538815,-0.0005073776744784731,-0.0005072414665542903,-0.0005073171831804916,-0.000507230158087117,-0.0005072871336004395,-0.0005072768721464352,-0.0005072137692925782,-0.0005073137626256308,-0.0005072690696188475,-0.0005072458617220776,-0.0005072479043914232,-0.0005073698242444489,-0.0005073015296778829,-0.0005072620198270416,-0.000507332169331258,-0.0005073038124822973,-0.0005072976533205038,-0.0005072932542649091,-0.0005073435520177717,-0.0005073524666772721,-0.0005073671707392176,-0.0005073243331305823,-0.0005072194955235787,-0.0005072521831859934,-0.0005073125326568587,-0.0005072561771165903,-0.0005072580281328614,-0.0005073738436690801,-0.0005073513610490218,-0.0005073044213760134,-0.000507282299857244,-0.0005072865218696552,-0.0005073242610926074,-0.0005072583835502465,-0.0005072379993058952,-0.0005072990575517701,-0.0005072630450311984,-0.0005073137697152133,-0.0005073326303147456,-0.0005073228706984059,-0.0005072668634472263,-0.0005072899104899059,-0.000507287928867266,-0.0005071737801592151,-0.0005072204353768807,-0.0005072580992482138,-0.0005072027337650179,-0.0005073172524379426,-0.0005071696707226083,-0.0005073651164287049,-0.0005071494738798698
-0.0002844669833469457,-0.00028445870024024287,-0.0002845544940906597,-0.00028445294539110604,-0.00028449844520892116,-0.0002844198045025142,-0.0002843988556160198,-0.0002844600413423838,-0.00028443791319345533,-0.0002844973670933814,-0.0002844804962650299,-0.00028448570765516896,-0.000284444295309021,-0.00028447530625160835,-0.0002845251253311928,-0.0002845211006174855,-0.0002844663240860981,-0.0002844485556078714,-0.0002844299111042006,-0.0002845213474149818,-0.00028447274833042966,-0.0002844292285946446,-0.00028449723228177415,-0.000284457138080821,-0.0002844909054767126,-0.00028450366812386913,-0.0002845266267388241,-0.0002844497282102536,-0.00028441166340944547,-0.0002845094942726709,-0.0002844582698241327,-0.0002844652717264048,-0.0002844762978361057,-0.0002845248906260783,-0.00028449025062588906,-0.00028446318239080454,-0.0002844805883403759,-0.0002845231397827124,-0.0002845326118513327,-0.00028450118716994067,-0.0002844587134706693,-0.0002845228948460948,-0.00028450007342315593,-0.00028441458266151786,-0.0002844655133740439,-0.00028442565279953214,-0.0002845026529828053,-0.0002844277461643326,-0.0002844789597867663,-0.0002844611761736605,-0.00028456080091083245,-0.0002844611979188318,-0.0002845095097072795,-0.00028443383372434944,-0.0002844766262899151,-0.00028447631062674403,-0.00028444125253614106,-0.0002845033294202326,-0.00028449187311599053,-0.0002844697355671535,-0.00028448099063748777,-0.00028454209988087325,-0.00028452981088112695,-0.0002844783208704679,-0.0002845119570337951,-0.0002845047569902738,-0.0002845307670345592,-0.0002845032210354979,-0.00028452259543670574,-0.00028457359027645086,-0.00028456398511789366,-0.0002845280308832992,-0.0002844333457266572,-0.00028447604535123446,-0.0002845042965410146,-0.00028445333445845295,-0.0002844831811233819,-0.00028453348121996075,-0.0002845187008823231,-0.0002845065790329172,-0.000284458886712465,-0.0002845037279124117,-0.0002845071881863363,-0.0002844604934952853,-0.0002844479363664302,-0.0002845119070622016,-0.0002844688846090756,-0.0002845106326187545,-0.0002845267273057139,-0.00028451205969732846,-0.0002844817057161311,-0.00028450640937300686,-0.0002844789053701249,-0.0002843902806591519,-0.00028441305964999823,-0.00028446947840857673,-0.0002844412144060671,-0.00028450303224126876,-0.0002844053108064029,-0.000284534707257673,-0.00028437453785529004
-0.0001715252732136105,-0.00017153827882718166,-0.00017160664524150517,-0.00017152509700304024,-0.0001715572002241358,-0.0001715011821524952,-0.00017147716001409045,-0.00017152362713428683,-0.0001715055661096956,-0.00017156958479130658,-0.00017154979915325012,-0.00017155916944175994,-0.00017152195923132902,-0.00017155893851952223,-0.0001715909239417142,-0.00017158200084257556,-0.00017155114837080212,-0.00017153553510000565,-0.00017149628299801411,-0.00017157411066471992,-0.00017153786796918403,-0.00017150437346203002,-0.00017154629283578298,-0.00017152094290348704,-0.00017157229773202305,-0.00017156850517728318,-0.0001715979707604429,-0.00017152114899406277,-0.00017148755653093286,-0.00017155370953656873,-0.00017151769399849226,-0.00017154383660484792,-0.00017155721001760853,-0.0001715806663793761,-0.0001715579245117592,-0.00017152279818683717,-0.000171535384866598,-0.00017158096797742741,-0.00017158330947567425,-0.0001715639449769558,-0.00017152936178453914,-0.00017157592519207422,-0.0001715482599978914,-0.0001714987961870714,-0.0001715342928543766,-0.00017149908770012926,-0.00017156266915366948,-0.00017151825377595658,-0.0001715300800290808,-0.00017154271603493017,-0.000171607060277816,-0.00017153929239297427,-0.00017156314094783984,-0.00017150710611097916,-0.00017152745460407502,-0.0001715405382063802,-0.00017151669483721313,-0.00017155367065939143,-0.0001715630862210114,-0.00017154157932577647,-0.00017155907693079545,-0.00017159133856618598,-0.00017160428050534308,-0.00017154837440513753,-0.00017156656148706334,-0.00017156779837760008,-0.00017159969037247114,-0.00017156740835588618,-0.00017157630442576454,-0.0001716374156436112,-0.00017161502865444808,-0.0001715889699270138,-0.00017150086887192655,-0.0001715520839726661,-0.00017156068669926477,-0.00017151265916230983,-0.00017156005267741033,-0.00017156524765662924,-0.00017156849203289184,-0.00017156852330888443,-0.0001715140690325103,-0.0001715719515961017,-0.00017156269257596432,-0.00017152198388820767,-0.0001715179630557881,-0.0001715795016677002,-0.00017153033831775053,-0.00017157093568358564,-0.00017158745540114259,-0.0001715712232047846,-0.0001715517635530218,-0.0001715702872222144,-0.00017153753280060055,-0.00017146321000710953,-0.00017147883040362992,-0.00017153661523538295,-0.0001715299419066729,-0.00017155798556475364,-0.00017148656647315115,-0.000171577407219666,-0.00017145975927477516
-0.00010822670945401396,-0.00010825376337602291,-0.0001083025856948221,-0.00010824155429424011,-0.00010825895035593652,-0.00010822067144414137,-0.00010819841702627118,-0.00010823333107150534,-0.00010821815580176786,-0.00010828176489291832,-0.00010826236535886629,-0.00010827012563331948,-0.00010823649475737046,-0.00010827597375235367,-0.00010829303167538678,-0.00010828542178061823,-0.00010826599598708504,-0.00010825586325432939,-0.00010821492763958811,-0.0001082769760333007,-0.00010824550690857697,-0.00010822310298672429,-0.00010824749826619082,-0.00010823122287534745,-0.00010828733623021274,-0.0001082743980639361,-0.00010830459915434315,-0.00010823555531170128,-0.00010820484139230234,-0.0001082493163138593,-0.00010822458199208067,-0.00010826088609033942,-0.0001082751056095544,-0.00010827729329971719,-0.00010826612098050278,-0.0001082299505702146,-0.00010823575638871148,-0.0001082811220824439,-0.00010827975339873955,-0.00010827024781574776,-0.00010824243240837142,-0.00010827290062371479,-0.00010824739917980412,-0.00010822116839100755,-0.00010824549158654643,-0.00010821693371069631,-0.00010826619205990893,-0.00010824102087251243,-0.00010822924798049212,-0.00010825921423774946,-0.00010829840098119153,-0.00010825430355503511,-0.00010826232837407973,-0.00010822370921825946,-0.00010822257139988362,-0.00010825110719390583,-0.00010823179792515436,-0.00010825650189914621,-0.00010827548244250497,-0.00010825556349055386,-0.00010827242204709548,-0.00010829048504217134,-0.00010831163392762937,-0.00010825671720794177,-0.00010826831880399042,-0.00010827703663173732,-0.00010830093475364813,-0.00010827745375226086,-0.00010827960590447793,-0.00010833321953885797,-0.00010830829036169857,-0.00010828878145178934,-0.00010821671837530521,-0.00010826526116492334,-0.00010826379220169914,-0.00010822184030873998,-0.00010827244620552597,-0.00010825356914824342,-0.00010826772571448441,-0.00010827345684154781,-0.00010822190224367065,-0.00010828172443923588,-0.00010826699559264948,-0.00010822774100478751,-0.00010823235614509057,-0.00010828922731848567,-0.0001082400336946181,-0.00010827305578927058,-0.0001082909993871783,-0.00010827412667701426,-0.00010826362585652728,-0.00010827363299198517,-0.00010824770152450687,-0.00010817826882197856,-0.0001081952405955299,-0.00010824439960370748,-0.00010825646836032696,-0.00010826251495946132,-0.00010820346795548108,-0.00010827119944962955,-0.00010818888899483592
-0.00007034664142834115,-0.00007038370520651785,-0.00007041701380442776,-0.0000703739225300087,-0.0000703801371865381,-0.0000703547939522749,-0.00007033607754241202,-0.00007036350874025545,-0.0000703497276604009,-0.00007040612723696938,-0.00007038859169113801,-0.00007039513887067283,-0.0000703677261732689,-0.00007040396881923919,-0.00007041220090745058,-0.00007040383020235684,-0.00007039425335807442,-0.00007038516717063222,-0.00007035210380437979,-0.00007039870316545426,-0.00007036968890391974,-0.00007035699593584775,-0.00007037083640366523,-0.0000703593841162045,-0.00007041418950341378,-0.00007039698777101553,-0.00007042463145092794,-0.00007036712440209136,-0.00007033805252803408,-0.00007036790341870207,-0.00007035141735051021,-0.00007039071839289049,-0.00007040382159105715,-0.00007039366446771075,-0.00007039083898060865,-0.0000703565479172725,-0.00007035775933993677,-0.00007039718330866149,-0.000070396694391706,-0.000070393088270956,-0.00007036988799486658,-0.00007038841175078763,-0.00007037037443054716,-0.00007035569794052476,-0.00007037580287063921,-0.00007035027943907702,-0.00007038590998379628,-0.00007037511910330067,-0.00007034942678788196,-0.00007038739358345714,-0.000070409339045137,-0.00007038291720800397,-0.0000703808350439959,-0.00007035384361246211,-0.00007034397650474444,-0.00007037841375325378,-0.00007036353323872183,-0.00007038074020482608,-0.00007040337713294934,-0.00007038610663779086,-0.0000703993689264917,-0.00007040856545354198,-0.0000704299073171035,-0.00007038146489492692,-0.00007038842085560685,-0.00007040055728287851,-0.00007041762071551589,-0.00007040349470739767,-0.0000704020628807637,-0.00007044256024463344,-0.00007042259307445021,-0.00007040470122975217,-0.00007035279897594578,-0.00007039007132353286,-0.00007038593054462333,-0.00007035242498443572,-0.0000703988248562802,-0.00007036932910542888,-0.0000703873644496928,-0.00007039465117280181,-0.00007034917951021298,-0.00007040802995744093,-0.00007039110297487022,-0.00007035618815946204,-0.00007036304255513527,-0.0000704135990875372,-0.000070370128224951,-0.00007039200045997896,-0.00007040778583985836,-0.00007039273400030478,-0.00007038915962712867,-0.00007039417250464489,-0.00007037906664347367,-0.00007031509053748646,-0.00007033205957620336,-0.00007036821718771984,-0.00007039227291301453,-0.00007038645695724686,-0.00007033365079081018,-0.00007038716679111395,-0.00007033096020016211
-0.000046674836850483984,-0.00004671378164062852,-0.00004673604190996714,-0.00004670739789621683,-0.000046705806353880566,-0.00004668976763470557,-0.00004667601543019694,-0.000046699400212040165,-0.000046685835338830216,-0.0000467309860191973,-0.00004671815229780919,-0.000046722161089314594,-0.00004670117653126919,-0.00004673115263206997,-0.000046736865450751314,-0.00004672696154124025,-0.00004672391068634852,-0.000046714036008115774,-0.00004669019451957826,-0.00004672446098791087,-0.00004669937725863143,-0.000046691925278160003,-0.00004670051996100072,-0.00004669142296075738,-0.000046741238404535356,-0.00004672328027335565,-0.000046746924264733734,-0.00004670294831707508,-0.00004667482220643963,-0.000046695634584019446,-0.00004668255644236157,-0.000046720107466580367,-0.00004673122663990491,-0.00004671653359241621,-0.00004672031561725805,-0.00004668895876337038,-0.00004668663995629556,-0.00004671869073943643,-0.00004672032619632326,-0.000046720921390239164,-0.00004670069881287638,-0.000046711503802434985,-0.00004670043618663528,-0.00004669204251205099,-0.000046707744060115237,-0.00004668644594488476,-0.00004671027590493946,-0.00004670817558372864,-0.00004667567745418922,-0.00004671746896626836,-0.00004672788462614187,-0.000046713599073738965,-0.00004670711937806895,-0.0000466861221955887,-0.00004667898519736888,-0.0000467072803171889,-0.00004669888845417559,-0.0000467096329327219,-0.00004673246406159546,-0.00004671780743350285,-0.00004672712342258153,-0.00004673164945943801,-0.00004674991627918989,-0.00004671082881436876,-0.00004671498904089706,-0.00004672490274774584,-0.00004673800048260046,-0.000046731437650351855,-0.0000467278992337881,-0.00004675689469030872,-0.00004674285154143828,-0.000046725571893635134,-0.000046689406440198934,-0.000046717041730232605,-0.00004671276710650466,-0.00004668927116131293,-0.000046727715886998846,-0.00004669535796004912,-0.00004671203766603069,-0.00004672034300213254,-0.00004668214128164348,-0.000046734622197831224,-0.000046720240801263423,-0.0000466899866056542,-0.00004669687883271355,-0.000046739328150509235,-0.00004670336124501813,-0.00004671515135084943,-0.000046728624989796465,-0.000046717432818369056,-0.00004671664988587285,-0.00004671920541485891,-0.00004671284883884457,-0.00004665732204366135,-0.00004667120826412097,-0.00004669821175066301,-0.000046724552359521866,-0.000046714565117339304,-0.00004666627239399873,-0.00004671204855047993,-0.000046672172577518814
-0.00003142487278941748,-0.00003146127466394495,-0.000031474759105081356,-0.00003145746050787262,-0.00003145064129777543,-0.000031442157743053186,-0.000031431800176872385,-0.00003145193346933282,-0.000031439465396786005,-0.000031473810838454974,-0.00003146581698583434,-0.000031466958782628554,-0.00003145106939071299,-0.00003147410459230338,-0.0000314800897088882,-0.00003146990959002801,-0.000031470516534806235,-0.00003145997131977904,-0.00003144319436192119,-0.00003146934439485868,-0.000031448166599659674,-0.00003144236956313219,-0.000031449459199070875,-0.00003144170581481023,-0.00003148406896677299,-0.00003146843496036085,-0.0000314866761260398,-0.00003145576287015944,-0.000031429078175779774,-0.00003144372225541207,-0.0000314328376929884,-0.00003146612084982496,-0.00003147471762745218,-0.00003145978693446167,-0.00003146757575745599,-0.00003144128531343313,-0.000031434728026645335,-0.00003145962595007118,-0.00003146413785261903,-0.00003146711311166977,-0.00003145045590949375,-0.00003145637317305892,-0.00003144910529167405,-0.000031445144151665425,-0.0000314566776479119,-0.00003143959234644012,-0.00003145495406304687,-0.00003145786713237428,-0.00003142355118838774,-0.00003146495057552145,-0.00003146855349996654,-0.000031462084588685846,-0.000031455238804473655,-0.00003143564672140905,-0.000031436602918026846,-0.000031453490695213586,-0.000031451310255280635,-0.00003145702645678412,-0.00003147744477217801,-0.00003146502608836722,-0.0000314720537928207,-0.00003147381422729602,-0.000031488286886737234,-0.00003145807983461207,-0.000031460863128322125,-0.00003146715360655254,-0.00003147776370590754,-0.00003147588869090628,-0.00003147227944856863,-0.000031492243318021306,-0.00003148247781956637,-0.000031466667540290826,-0.000031442135664160205,-0.00003146289664249317,-0.00003145744296992267,-0.00003144367128001392,-0.00003147421948800474,-0.00003144283010462703,-0.00003145584693634555,-0.00003146509197572403,-0.000031434462988172165,-0.00003147743945189104,-0.000031467518824462466,-0.00003144071552369181,-0.000031447826801217754,-0.00003148246939038932,-0.00003145383778206895,-0.00003145876007245867,-0.000031471591171405696,-0.000031463103137098126,-0.000031462274166353294,-0.000031464146156084125,-0.00003146188858077061,-0.00003141345366055726,-0.00003142551480870983,-0.00003144767967025908,-0.00003147178391569039,-0.000031460909757954694,-0.000031417965607411034,-0.00003145893285830407,-0.00003142851172906771
-0.000021383752974342296,-0.000021415863965462886,-0.000021422927368166064,-0.000021413728120710812,-0.000021404171226242783,-0.00002140038037294644,-0.000021392578057951516,-0.000021409734385089583,-0.000021399355825705512,-0.00002142472942721189,-0.000021420224050988877,-0.00002141954283291345,-0.00002140762059424479,-0.000021424990714260843,-0.000021430789062742395,-0.000021421614410721312,-0.000021423378574185385,-0.000021412828915613508,-0.000021401131053059905,-0.000021422557304598482,-0.000021404445225228627,-0.00002139950491650767,-0.00002140563701138975,-0.000021399814038124854,-0.000021433655389124396,-0.000021421348667271037,-0.00002143472032934212,-0.00002141338530855532,-0.000021390134588651778,-0.00002140033073590571,-0.00002139157434004754,-0.000021419431518693363,-0.000021425495582960502,-0.000021411984436551146,-0.000021421259962267364,-0.00002139942178525016,-0.000021391059024156452,-0.00002140921780781231,-0.000021416550162827214,-0.00002141955237839016,-0.000021406415685265416,-0.00002140970987171555,-0.000021404573412117817,-0.00002140394913546814,-0.000021412965229953867,-0.000021397933850476,-0.000021407880343346934,-0.000021413664018379835,-0.0000213814249488744,-0.000021419167869515187,-0.00002141924040812004,-0.00002141682698260196,-0.000021410895335261947,-0.000021392434792263365,-0.0000214004981375035,-0.00002140786892777217,-0.00002140915016771988,-0.000021411440463615853,-0.000021428935226313437,-0.00002141863379015876,-0.000021424394345626557,-0.000021424402268825506,-0.000021435643277049254,-0.00002141260314792886,-0.00002141435541898793,-0.000021418061433001153,-0.000021426581820359606,-0.000021427414464431312,-0.00002142437926341543,-0.000021437398298215036,-0.000021430279145710578,-0.00002141811038267564,-0.000021400420317263523,-0.000021416638653636804,-0.00002141048661311898,-0.000021403083339174417,-0.00002142640859380008,-0.00002139983044504396,-0.000021408192326609244,-0.00002141732407453603,-0.000021393661473877727,-0.000021427656837754173,-0.00002142095397466838,-0.0000213983211568754,-0.000021404385072701035,-0.00002143238924285223,-0.000021410157454464008,-0.000021411052924451357,-0.000021424440184557502,-0.000021417069010990348,-0.000021415527597631678,-0.000021417463745148377,-0.00002141640840501588,-0.000021374089028884104,-0.000021384512248357925,-0.00002140352924043369,-0.000021425581576359827,-0.00002141440959196713,-0.000021378266116109052,-0.000021412782666078145,-0.000021389415548363184
-0.000014662631829228356,-0.00001469087039474628,-0.000014693561593016773,-0.000014689734777680118,-0.00001467927716264445,-0.000014678491743878507,-0.000014672337756279245,-0.000014687436747160878,-0.000014678691898486803,-0.000014697145703282374,-0.000014695130526060034,-0.000014693455390006801,-0.000014684611122637892,-0.000014697572481439819,-0.000014702627729625224,-0.0000146951824026703,-0.000014696598868300785,-0.00001468702022658034,-0.000014678760993022755,-0.000014696335873915233,-0.000014681202553142238,-0.00001467728471525093,-0.000014682035672661212,-0.000014678242227431612,-0.00001470471285177246,-0.00001469545123798905,-0.000014704995936961834,-0.000014690120838826162,-0.000014671211417241094,-0.000014678583194459114,-0.00001467150779126861,-0.000014693768843055362,-0.000014697830152836886,-0.000014686739990379756,-0.000014695434000378313,-0.000014677315873167685,-0.000014668901275066412,-0.000014681824898217684,-0.00001468987502264703,-0.000014692394505532567,-0.0000146825162947963,-0.000014684945252136264,-0.000014681078708319844,-0.000014682553683311117,-0.000014689758727202987,-0.000014675496240296104,-0.000014683053048229771,-0.000014689351269612367,-0.000014662707694519072,-0.000014693608650996824,-0.00001469229847166053,-0.000014691570210698712,-0.000014687095169836211,-0.000014670650170231638,-0.000014681832826173277,-0.000014683213119722482,-0.000014686676910061008,-0.000014686617845423899,-0.000014701309298952851,-0.000014693219441373797,-0.000014697779294481788,-0.000014696968416253357,-0.000014705433180919522,-0.000014688449940712966,-0.000014688527111575158,-0.000014691338129811713,-0.000014697747859661556,-0.00001470021121431683,-0.000014697663708448093,-0.000014705181356737894,-0.000014700589580965737,-0.000014692373487320643,-0.000014678840711305592,-0.000014690865017429803,-0.000014685915023223862,-0.000014682226392981337,-0.000014698851990743556,-0.000014678526682728284,-0.000014682791790629308,-0.000014691023267892167,-0.000014672980418883532,-0.00001469968056246591,-0.000014694871070372649,-0.000014676500282769451,-0.000014680612068110659,-0.000014703376202535762,-0.000014686046025304576,-0.000014685354686875913,-0.00001469820758975224,-0.000014692172844969602,-0.000014689788115723027,-0.000014691785847422128,-0.000014691645925164632,-0.000014655394247623434,-0.00001466402298217303,-0.000014679989694166055,-0.000014699749977770021,-0.000014689095638924639,-0.00001465943967613473,-0.000014686785612524576,-0.000014669223413736609
-0.000010113122769544957,-0.000010137516090463422,-0.000010137641334435452,-0.0000101370598201341,-0.000010126840300483737,-0.00001012807473598206,-0.00001012297449272231,-0.000010136382232354091,-0.000010128745138531412,-0.000010142157220478985,-0.000010141857624027027,-0.00001013993519399588,-0.000010133228398356627,-0.000010142814893602104,-0.000010146599567881031,-0.000010140747224292896,-0.000010142216457016423,-0.000010133932338334045,-0.00001012790987810177,-0.000010142131576081411,-0.000010129704172155699,-0.000010126307514743107,-0.000010130055027107658,-0.000010128106836840222,-0.000010148415015766136,-0.000010141477173355655,-0.000010148332873586597,-0.000010138137128306655,-0.000010122809022742908,-0.00001012860631489458,-0.00001012252509232204,-0.000010139924338890443,-0.000010142768771440203,-0.000010134227112962713,-0.000010141678625517902,-0.000010126603819616458,-0.000010118593673033734,-0.000010128045075392746,-0.00001013604936321492,-0.000010137574961566162,-0.000010130800408652082,-0.000010132924657314238,-0.000010129554905777446,-0.000010132255078177624,-0.000010137661157250335,-0.000010124414501109725,-0.000010131185227889452,-0.000010136666808491662,-0.000010116655252596925,-0.000010139997249366167,-0.000010138063860257221,-0.000010138039877593105,-0.000010134808700539334,-0.000010120796193634536,-0.000010132964915988057,-0.00001013099979185829,-0.000010135263668242364,-0.000010133502334401927,-0.000010145986413792033,-0.000010139803730559683,-0.000010143213620598994,-0.000010142155103126329,-0.000010148114079839903,-0.000010136149600720849,-0.000010134794583138935,-0.000010137520819960294,-0.000010142159846963596,-0.000010145269144438954,-0.00001014346639528747,-0.000010147029659458191,-0.000010144579772662716,-0.00001013905305829024,-0.000010128092582706367,-0.000010136667077697999,-0.000010133886994034133,-0.000010132362982753337,-0.000010143597535391183,-0.000010128762809245404,-0.00001012981123090469,-0.00001013770223387492,-0.00001012367507749863,-0.00001014400047264123,-0.000010140899577139011,-0.000010126236498853744,-0.00001012820510391252,-0.000010147449759194068,-0.000010133494010727177,-0.000010132464316315706,-0.000010143986515120195,-0.000010138913886781867,-0.000010136472814257477,-0.000010138024159839717,-0.00001013806597891921,-0.00001010872865979683,-0.000010115767207812017,-0.000010128575644232014,-0.000010145474166189464,-0.00001013615284552813,-0.000010111993625399912,-0.000010133325994707688,-0.000010120119122208304
-7.008880677808253e-6,-7.029224614201375e-6,-7.027776282160131e-6,-7.029082968083769e-6,-7.019757444664195e-6,-7.022355615304686e-6,-7.017859763319175e-6,-7.029503405157286e-6,-7.023264355917421e-6,-7.0325465917339305e-6,-7.0332553041979005e-6,-7.031433440840004e-6,-7.0263472140667194e-6,-7.033330509391945e-6,-7.036027433339771e-6,-7.031323736819783e-6,-7.03305522793375e-6,-7.026187396661727e-6,-7.021628890656759e-6,-7.032785068254493e-6,-7.0230153698568235e-6,-7.019769733277538e-6,-7.0233944126317985e-6,-7.02246442683965e-6,-7.037772124282278e-6,-7.032323028471044e-6,-7.03733188431085e-6,-7.030194155263775e-6,-7.017968762539094e-6,-7.022649479782438e-6,-7.017429793759431e-6,-7.030945582579009e-6,-7.033134632993295e-6,-7.026586743513469e-6,-7.03274309285786e-6,-7.02037947472976e-6,-7.013258939344459e-6,-7.020077765698758e-6,-7.028014906180043e-6,-7.028716890904942e-6,-7.023808348445847e-6,-7.0256982099363594e-6,-7.022885207835184e-6,-7.0258314445002685e-6,-7.02963158551778e-6,-7.01835464793079e-6,-7.024398570141691e-6,-7.0285490056818e-6,-7.013597105143782e-6,-7.031322216073501e-6,-7.029291598638952e-6,-7.0294085538933275e-6,-7.027260403889758e-6,-7.015742204859422e-6,-7.027706927129032e-6,-7.0237969097892095e-6,-7.028314756644293e-6,-7.025812259117938e-6,-7.036059898046497e-6,-7.0309254926112135e-6,-7.033718017207414e-6,-7.032597854170541e-6,-7.036660962660721e-6,-7.028354761978306e-6,-7.026005915943261e-6,-7.028944596253937e-6,-7.03255733997612e-6,-7.035628534720343e-6,-7.034615079681048e-6,-7.035453756810937e-6,-7.034472780248767e-6,-7.030683387351664e-6,-7.021201277873579e-6,-7.0277286639317786e-6,-7.0266496252004534e-6,-7.0260625537170595e-6,-7.033722032719877e-6,-7.022434598963821e-6,-7.021927374436933e-6,-7.029752035524037e-6,-7.0186042376058725e-6,-7.033869266706481e-6,-7.031974097818508e-6,-7.020459274982531e-6,-7.020899006596588e-6,-7.03699460705808e-6,-7.026225666216545e-6,-7.024675467641241e-6,-7.034831862320593e-6,-7.030262147654152e-6,-7.028488591152583e-6,-7.029312891457166e-6,-7.029135629679498e-6,-7.0064002640691065e-6,-7.012041644456761e-6,-7.022572191738631e-6,-7.035925138596044e-6,-7.028288828649095e-6,-7.008951619579349e-6,-7.025356752614757e-6,-7.015509340963996e-6
-4.8795941836254885e-6,-4.89634431196279e-6,-4.893970996425668e-6,-4.896270733277243e-6,-4.888234766794927e-6,-4.8915642778371606e-6,-4.887477511332247e-6,-4.897320067392226e-6,-4.892354466610764e-6,-4.8987099570596165e-6,-4.8995421114667535e-6,-4.89804091626866e-6,-4.894215226110101e-6,-4.899351243116957e-6,-4.901299543188144e-6,-4.897557287512887e-6,-4.899415510446749e-6,-4.893841970137039e-6,-4.890474696018517e-6,-4.898874366766584e-6,-4.891519913662354e-6,-4.888374215696685e-6,-4.89201718929093e-6,-4.891449497097994e-6,-4.903003092599292e-6,-4.898449969861826e-6,-4.902347037873696e-6,-4.8969695911879035e-6,-4.887605810047794e-6,-4.8913408787726875e-6,-4.886876912031634e-6,-4.89737921161382e-6,-4.899163535987566e-6,-4.8939915230095155e-6,-4.899026572844421e-6,-4.889143525937737e-6,-4.882873807407667e-6,-4.8877392841984535e-6,-4.895796645836707e-6,-4.8959308466549406e-6,-4.891621579730074e-6,-4.89340637612119e-6,-4.891085572675947e-6,-4.893883442999906e-6,-4.896435467956965e-6,-4.887744331822587e-6,-4.892589079598791e-6,-4.895659529783837e-6,-4.883641870254575e-6,-4.897840129039466e-6,-4.8961480544342895e-6,-4.895976560773562e-6,-4.894789116808916e-6,-4.885243920592588e-6,-4.8954043406541295e-6,-4.891899863538936e-6,-4.8963201031440665e-6,-4.893552335327296e-6,-4.901753747924379e-6,-4.897389307240976e-6,-4.8997885149522765e-6,-4.8985789344018265e-6,-4.901589010347064e-6,-4.895615192437264e-6,-4.892762665576461e-6,-4.895569396427001e-6,-4.898768177690966e-6,-4.9015443578166036e-6,-4.90081031207367e-6,-4.900489527645813e-6,-4.900239466049083e-6,-4.897792595313059e-6,-4.88967413307673e-6,-4.894409049343745e-6,-4.894401104118306e-6,-4.89418175626428e-6,-4.899403434600925e-6,-4.890571106833805e-6,-4.889465801957191e-6,-4.897118264299335e-6,-4.888232924742422e-6,-4.899621423026489e-6,-4.8984193536963345e-6,-4.8895587030232015e-6,-4.889071261422761e-6,-4.902029054304343e-6,-4.894520069569559e-6,-4.892344177489285e-6,-4.900875585070362e-6,-4.896860406349294e-6,-4.8959057899064664e-6,-4.896083925734876e-6,-4.895770716732037e-6,-4.878904564309023e-6,-4.882673064827278e-6,-4.891444399946129e-6,-4.901740049093554e-6,-4.895817758969479e-6,-4.880395832731806e-6,-4.8928388190002874e-6,-4.885702574481213e-6
-3.4151156982908513e-6,-3.4285401638724587e-6,-3.4259696063347736e-6,-3.4287331479369624e-6,-3.4220344028149106e-6,-3.425491708737374e-6,-3.422133343038208e-6,-3.4300369050760675e-6,-3.426014700383716e-6,-3.4303929230803496e-6,-3.4311432177391587e-6,-3.4297994843809476e-6,-3.427066462714228e-6,-3.4309159512024447e-6,-3.4322983382027097e-6,-3.4295337507071312e-6,-3.431170770477003e-6,-3.426772404380114e-6,-3.4242806881240203e-6,-3.4304974561140552e-6,-3.4250355708566157e-6,-3.4221465345883968e-6,-3.4253866560751324e-6,-3.425117105047766e-6,-3.4340038102594882e-6,-3.4300240977153645e-6,-3.433212041717988e-6,-3.4290309350145577e-6,-3.4219276714897412e-6,-3.4249543701747574e-6,-3.421628114601249e-6,-3.4292721761191574e-6,-3.4307361884073576e-6,-3.4264530867459773e-6,-3.430665090888615e-6,-3.422769254535883e-6,-3.4173666175767185e-6,-3.4209102000502658e-6,-3.428847981993248e-6,-3.428547196982742e-6,-3.4245043720206813e-6,-3.426204171635779e-6,-3.4242069866779723e-6,-3.426762656519564e-6,-3.4284364511950703e-6,-3.4221291524711495e-6,-3.425799473873759e-6,-3.4282872017220197e-6,-3.417846462113332e-6,-3.4298921208287355e-6,-3.4284283769332665e-6,-3.4280929623539623e-6,-3.4275404560624297e-6,-3.4196039850797268e-6,-3.4265897045277255e-6,-3.42518185519786e-6,-3.429119002690486e-6,-3.426375767732661e-6,-3.432971862379042e-6,-3.429557451249393e-6,-3.431257050512951e-6,-3.4299928764295467e-6,-3.432612609024384e-6,-3.4281342520664527e-6,-3.4250695032733854e-6,-3.4276940731057692e-6,-3.430533305610938e-6,-3.432800873157361e-6,-3.432107703395546e-6,-3.4317252106708843e-6,-3.431696480721305e-6,-3.4302211872513406e-6,-3.4231832418620104e-6,-3.426680622300929e-6,-3.4271252680155722e-6,-3.427206253027463e-6,-3.4308179056583363e-6,-3.423704249705893e-6,-3.4226239774037117e-6,-3.4295775403000373e-6,-3.422736490389506e-6,-3.4309950358846774e-6,-3.4301108132239595e-6,-3.4236417439351744e-6,-3.422385689314637e-6,-3.4326415218731175e-6,-3.4276400486836585e-6,-3.4253261703056174e-6,-3.4323692045012034e-6,-3.4289164517599893e-6,-3.4286471452850887e-6,-3.428397329777922e-6,-3.4279340559232395e-6,-3.415798023500481e-6,-3.4175499020628675e-6,-3.4249503152286503e-6,-3.43296325660339e-6,-3.4286365829110767e-6,-3.416110648609659e-6,-3.4257101733974046e-6,-3.420393751144643e-6
-2.405870598861844e-6,-2.416458736843168e-6,-2.4142736884430077e-6,-2.416912684733246e-6,-2.41145161555252e-6,-2.4146172164542548e-6,-2.4120930686682726e-6,-2.4182139188417715e-6,-2.4150133905862114e-6,-2.418031854567421e-6,-2.418714226186679e-6,-2.4174142940084626e-6,-2.41560634649353e-6,-2.418580147656479e-6,-2.419520017522691e-6,-2.4173631361593244e-6,-2.418805907522351e-6,-2.4154711778631807e-6,-2.413668535178499e-6,-2.4180811028443005e-6,-2.4140365961649794e-6,-2.4115111204159036e-6,-2.4141119609826527e-6,-2.414203896214256e-6,-2.4210238386617462e-6,-2.417545165379687e-6,-2.4203389292327265e-6,-2.417052250799763e-6,-2.411510091697745e-6,-2.4140031776259426e-6,-2.4119146420500284e-6,-2.417117570861518e-6,-2.418262145492574e-6,-2.4145322717723215e-6,-2.4182597157902943e-6,-2.411800937993622e-6,-2.4072497938525256e-6,-2.410211917245882e-6,-2.417446257929719e-6,-2.416817124528209e-6,-2.413373989096042e-6,-2.414607492252909e-6,-2.412888635505479e-6,-2.415133435233022e-6,-2.4162320576662198e-6,-2.4117742367337064e-6,-2.4146029796499585e-6,-2.416630486628913e-6,-2.4072238390517293e-6,-2.4179385362291328e-6,-2.4165368901921544e-6,-2.4162994361404475e-6,-2.4159404290706976e-6,-2.4094538500291833e-6,-2.4134460249339886e-6,-2.4140674694151054e-6,-2.4173682276491592e-6,-2.414784194947094e-6,-2.4201761571336465e-6,-2.417580950681145e-6,-2.4186569873715097e-6,-2.4175599613376132e-6,-2.419754866784744e-6,-2.4164743484611597e-6,-2.4134092370179236e-6,-2.415734113515749e-6,-2.4181947923750117e-6,-2.420029770218364e-6,-2.4193370115761077e-6,-2.41918572085774e-6,-2.419091299504869e-6,-2.4183416390929383e-6,-2.4122505184074657e-6,-2.414991414438487e-6,-2.415459985121904e-6,-2.415851655133722e-6,-2.4183187157937427e-6,-2.412435778375046e-6,-2.4116489906473487e-6,-2.4175452633296675e-6,-2.412593178182171e-6,-2.418334578588544e-6,-2.4176819915326475e-6,-2.4128426817759433e-6,-2.4114513224047775e-6,-2.419360392144355e-6,-2.416245921548031e-6,-2.41421928095907e-6,-2.4197722103272443e-6,-2.4168517385686722e-6,-2.4169060030834704e-6,-2.416584661223078e-6,-2.4160487993174153e-6,-2.407177721011261e-6,-2.4075816346903476e-6,-2.4137488489361696e-6,-2.4201470830224935e-6,-2.4170296399249786e-6,-2.406655416168362e-6,-2.4142287968117027e-6,-2.410118013433818e-6
-1.7121077427068568e-6,-1.7207894906064505e-6,-1.7191960227686656e-6,-1.7213195589578752e-6,-1.717035420674138e-6,-1.7197770957764392e-6,-1.717666438962005e-6,-1.7225997328333916e-6,-1.7202024209008945e-6,-1.7222661340692638e-6,-1.7228153511012494e-6,-1.7216113987779225e-6,-1.72041674682281e-6,-1.7227313536147784e-6,-1.7233779083917212e-6,-1.7214658771372246e-6,-1.7228494745270272e-6,-1.7204154201853631e-6,-1.7190152814463218e-6,-1.722126226936365e-6,-1.7191884039554222e-6,-1.7170624104847615e-6,-1.7191043534884155e-6,-1.7193391652510244e-6,-1.7246018110251413e-6,-1.721539987957716e-6,-1.7241276020285333e-6,-1.7214581055930424e-6,-1.716977411799712e-6,-1.7191518610396407e-6,-1.717887106775348e-6,-1.7215077468888127e-6,-1.7222926117210222e-6,-1.7188677842657087e-6,-1.722384830066009e-6,-1.7169880897367972e-6,-1.7131692223473986e-6,-1.7158372121931803e-6,-1.7221812408756465e-6,-1.7213113686682869e-6,-1.7185766874507329e-6,-1.7191086356723691e-6,-1.717873932475028e-6,-1.719694594265871e-6,-1.720468752812186e-6,-1.7175189242341158e-6,-1.719475103406771e-6,-1.72108566644361e-6,-1.7125704873451845e-6,-1.722288171798577e-6,-1.7209493864911717e-6,-1.720991304134986e-6,-1.720572313436742e-6,-1.7151713431968736e-6,-1.7160328964251464e-6,-1.7190718681908768e-6,-1.721818179982641e-6,-1.7195413700795291e-6,-1.7238380920015808e-6,-1.7218422420629594e-6,-1.722622292490815e-6,-1.7218455695569193e-6,-1.7234885324120333e-6,-1.7210636881492276e-6,-1.718307553899321e-6,-1.7201247013000004e-6,-1.7222312805633487e-6,-1.7237548964416034e-6,-1.7231796820895895e-6,-1.7232381913446251e-6,-1.7229762789035055e-6,-1.7227121739420735e-6,-1.7175697765482386e-6,-1.719697925432629e-6,-1.7200135604049433e-6,-1.720652162455166e-6,-1.7223211376439548e-6,-1.717337798467202e-6,-1.7169439576288484e-6,-1.7217627446871611e-6,-1.718255906035223e-6,-1.72231201926557e-6,-1.7217892197676017e-6,-1.7179367566649615e-6,-1.7169036272084302e-6,-1.7228158921560344e-6,-1.721007201712034e-6,-1.7194190193863248e-6,-1.7235852092791744e-6,-1.7211628580250585e-6,-1.7212902983476641e-6,-1.7210525574058394e-6,-1.7205373947837937e-6,-1.7138566937931504e-6,-1.713437151466767e-6,-1.7189699992800597e-6,-1.7238292337012899e-6,-1.7214635205175606e-6,-1.712930655138243e-6,-1.7191224776649447e-6,-1.7156500753485678e-6
-1.2388303268859279e-6,-1.246265577128196e-6,-1.2452217253762259e-6,-1.2467328656594846e-6,-1.243487543713954e-6,-1.2458157809569938e-6,-1.243900855998163e-6,-1.2479830132343917e-6,-1.2463651918127053e-6,-1.247707153476967e-6,-1.2480810017921308e-6,-1.2470136389402754e-6,-1.2462658473204594e-6,-1.2479900812393762e-6,-1.2484003369436779e-6,-1.246748891928414e-6,-1.2480070830462142e-6,-1.2462696391441895e-6,-1.245074092281684e-6,-1.2474122991333877e-6,-1.2452400453418285e-6,-1.2435397209423692e-6,-1.2450997050084634e-6,-1.2454076031829243e-6,-1.2494610744253483e-6,-1.2467875443370892e-6,-1.2491297644745415e-6,-1.246945907022575e-6,-1.2433547032205692e-6,-1.2451954689353518e-6,-1.2445095150542508e-6,-1.2469583861951116e-6,-1.2475646550478755e-6,-1.2443287640444153e-6,-1.2477005140605104e-6,-1.2432541173575164e-6,-1.2400244316409373e-6,-1.2422029980546e-6,-1.247779959695954e-6,-1.2468625731084972e-6,-1.2447427732394077e-6,-1.2447006531175553e-6,-1.243847911815144e-6,-1.2452790182462323e-6,-1.245840063081716e-6,-1.2441088538293563e-6,-1.2453273990337203e-6,-1.2465174757284896e-6,-1.2387655320454512e-6,-1.2476652961459605e-6,-1.2464550370122757e-6,-1.2467493209540344e-6,-1.2462648221004021e-6,-1.2417087778111364e-6,-1.2401583839390494e-6,-1.2450730582657422e-6,-1.2473750746823415e-6,-1.2452390447267879e-6,-1.2487717957251827e-6,-1.2471912457923392e-6,-1.247857550483322e-6,-1.2473159320360341e-6,-1.2485022806171493e-6,-1.2466006098944084e-6,-1.2443001116105924e-6,-1.245652065544888e-6,-1.2474948254497136e-6,-1.2487810475637023e-6,-1.248251922913943e-6,-1.2484594824256988e-6,-1.248074806673342e-6,-1.2479782977225103e-6,-1.243806648546443e-6,-1.2454177736612273e-6,-1.2455880114458618e-6,-1.2463270031102922e-6,-1.2474093859243482e-6,-1.2431593875126167e-6,-1.2431782651798734e-6,-1.247060601865264e-6,-1.2444623088922075e-6,-1.2476374475600338e-6,-1.2471209729512948e-6,-1.244028964204807e-6,-1.2432587609317315e-6,-1.2478390366340271e-6,-1.2466797458865826e-6,-1.245560072953228e-6,-1.2486111219540719e-6,-1.2466122249267082e-6,-1.2468692048413553e-6,-1.246653561593438e-6,-1.246108803157749e-6,-1.240938791833115e-6,-1.2400980780520805e-6,-1.2452568864044682e-6,-1.248723337106022e-6,-1.246974380744855e-6,-1.2398099143495774e-6,-1.245091830097485e-6,-1.2420725237274396e-6
-9.224177926583907e-7,-9.287788516639896e-7,-9.280440648957704e-7,-9.291616804429213e-7,-9.266901928024382e-7,-9.286718532586425e-7,-9.268987986917281e-7,-9.303514733150961e-7,-9.292797903729142e-7,-9.30195493051211e-7,-9.304104399548048e-7,-9.294673792672907e-7,-9.290367439275592e-7,-9.302523557733185e-7,-9.305070791141646e-7,-9.291411775472334e-7,-9.302190890692664e-7,-9.289689568827513e-7,-9.279293869830246e-7,-9.297625239257429e-7,-9.280069155118974e-7,-9.267756239432034e-7,-9.279582620875372e-7,-9.282594109448978e-7,-9.314963685103779e-7,-9.291631400945053e-7,-9.311660668287518e-7,-9.29513989191983e-7,-9.265542361928505e-7,-9.280276173136114e-7,-9.277895986402267e-7,-9.293506487080629e-7,-9.29933535384615e-7,-9.268521209884486e-7,-9.300534102855903e-7,-9.263142491015282e-7,-9.236826547534995e-7,-9.252620451169963e-7,-9.301903224512908e-7,-9.294031655038081e-7,-9.277161302577526e-7,-9.273483419824525e-7,-9.267630451388076e-7,-9.278283135929429e-7,-9.282951883124728e-7,-9.273338396925045e-7,-9.28145002255281e-7,-9.289131950031902e-7,-9.215132152387578e-7,-9.300197991542162e-7,-9.29008887427602e-7,-9.293609657434051e-7,-9.289076245791527e-7,-9.250950166224877e-7,-9.22369877779766e-7,-9.279031534392779e-7,-9.299820726065003e-7,-9.277954728856787e-7,-9.309420042100634e-7,-9.295774972911332e-7,-9.301942136517293e-7,-9.29749144805036e-7,-9.307309593300745e-7,-9.291015040435673e-7,-9.271827969866533e-7,-9.282833278538783e-7,-9.298819792332055e-7,-9.309308195098032e-7,-9.303794788491826e-7,-9.306949555805374e-7,-9.302938138122038e-7,-9.30236088437147e-7,-9.269070268509985e-7,-9.280979479492147e-7,-9.281296249703585e-7,-9.28847013085462e-7,-9.296309563720867e-7,-9.259326584495041e-7,-9.262508756752745e-7,-9.294404224903896e-7,-9.273540089011912e-7,-9.300613545009569e-7,-9.294940599870064e-7,-9.270627276962471e-7,-9.263505894904174e-7,-9.301055632010038e-7,-9.292141585210905e-7,-9.285247765937139e-7,-9.307784290795661e-7,-9.291138582618757e-7,-9.294954600358499e-7,-9.292012088534332e-7,-9.286976854547388e-7,-9.245700616667754e-7,-9.235530254241787e-7,-9.282547180007125e-7,-9.307547399731032e-7,-9.29465634024667e-7,-9.232731291592608e-7,-9.278222192151128e-7,-9.253459472777664e-7
-7.218526832602462e-7,-7.272261072234316e-7,-7.266096503354702e-7,-7.275278500800119e-7,-7.25540308998486e-7,-7.272984594181856e-7,-7.255969299831603e-7,-7.286280449861255e-7,-7.278943011905803e-7,-7.285782314021743e-7,-7.287273964319537e-7,-7.278263628774918e-7,-7.276337667591555e-7,-7.28476935742358e-7,-7.28658929591915e-7,-7.274604049976436e-7,-7.284319123396632e-7,-7.275011945401175e-7,-7.265846745157099e-7,-7.281127138423424e-7,-7.264923644494176e-7,-7.257464328002439e-7,-7.266013005064984e-7,-7.268869923818732e-7,-7.295927313054731e-7,-7.275279272587425e-7,-7.29236182630916e-7,-7.280651249409726e-7,-7.253562938290382e-7,-7.266118178585058e-7,-7.26594729922191e-7,-7.276747504762029e-7,-7.282428853696521e-7,-7.253032576474355e-7,-7.283176025394132e-7,-7.251136308634406e-7,-7.229408618396599e-7,-7.240250828348506e-7,-7.285486720584126e-7,-7.278673060318775e-7,-7.264052110356493e-7,-7.258645537433845e-7,-7.254496278413539e-7,-7.261876252925199e-7,-7.267183907197551e-7,-7.262673270107182e-7,-7.267619371440465e-7,-7.272597580995879e-7,-7.199519539071776e-7,-7.283077341484927e-7,-7.274880977935476e-7,-7.277644943941113e-7,-7.274203196139179e-7,-7.242429462814716e-7,-7.211557480019119e-7,-7.264862856562776e-7,-7.284770041797649e-7,-7.262296161574257e-7,-7.291679660050042e-7,-7.278719808956944e-7,-7.28506043200792e-7,-7.280630725159495e-7,-7.290278674123976e-7,-7.27569243186902e-7,-7.258444556009325e-7,-7.269405486789118e-7,-7.282280351403964e-7,-7.290199951456242e-7,-7.28441931090695e-7,-7.289141880619864e-7,-7.285022349723442e-7,-7.284510496720665e-7,-7.259128941394142e-7,-7.266801278514818e-7,-7.265954632094762e-7,-7.272986118400781e-7,-7.278559126529502e-7,-7.245960957728854e-7,-7.251107121623558e-7,-7.27827518036877e-7,-7.260006453051362e-7,-7.284295817706713e-7,-7.278132802146004e-7,-7.259013128530132e-7,-7.251724190504189e-7,-7.283551770352673e-7,-7.276408778982706e-7,-7.272016353188553e-7,-7.289665051891912e-7,-7.275474539968793e-7,-7.279743898886399e-7,-7.275741280441543e-7,-7.271628503564607e-7,-7.236720595762307e-7,-7.227152868014243e-7,-7.267599968833917e-7,-7.288139019141809e-7,-7.27835915880455e-7,-7.223418054188199e-7,-7.262714025070648e-7,-7.242530508776931e-7
-6.112318080628744e-7,-6.157633785052486e-7,-6.152090512559859e-7,-6.160255381578787e-7,-6.143255691542011e-7,-6.15990805382618e-7,-6.142818798933347e-7,-6.170517448818888e-7,-6.164889847390195e-7,-6.17052823007032e-7,-6.171857275376391e-7,-6.162701084775516e-7,-6.162428318318653e-7,-6.169322495642687e-7,-6.170151763585899e-7,-6.159056824381153e-7,-6.168311112840551e-7,-6.160864765937412e-7,-6.152260694445503e-7,-6.165799546975576e-7,-6.150211805701535e-7,-6.146513100938952e-7,-6.152439485177822e-7,-6.155501234808857e-7,-6.179175928895524e-7,-6.160267596173197e-7,-6.175295700336096e-7,-6.167131967096533e-7,-6.140631214709005e-7,-6.152102561307887e-7,-6.152900016883077e-7,-6.16139519112515e-7,-6.16691134437202e-7,-6.139066988797948e-7,-6.166891653336333e-7,-6.138524314660802e-7,-6.119340072655354e-7,-6.127431156311612e-7,-6.170980099722895e-7,-6.164338364500461e-7,-6.150372575500232e-7,-6.143977351246577e-7,-6.14066308594124e-7,-6.146159271952634e-7,-6.152438849832039e-7,-6.151044063910872e-7,-6.153960172969061e-7,-6.157615520979502e-7,-6.085715230411147e-7,-6.167664714633406e-7,-6.160502421131501e-7,-6.162709211541299e-7,-6.159801648307241e-7,-6.132757849279398e-7,-6.099541032107009e-7,-6.150944098780794e-7,-6.17038307404733e-7,-6.147622395590332e-7,-6.176028820852499e-7,-6.163021237582062e-7,-6.169655333857769e-7,-6.165289156769071e-7,-6.175065538605463e-7,-6.161188866328345e-7,-6.144727716899439e-7,-6.156607640187618e-7,-6.166778050244528e-7,-6.17280553901366e-7,-6.167000329944769e-7,-6.173264112845116e-7,-6.168766809067849e-7,-6.168407166181884e-7,-6.148230598621232e-7,-6.15312543420447e-7,-6.151668700551863e-7,-6.158309736351052e-7,-6.162455175513664e-7,-6.133438208063872e-7,-6.139625268906933e-7,-6.163728605987627e-7,-6.145895428359946e-7,-6.169338606511344e-7,-6.162534484210674e-7,-6.146882072874633e-7,-6.139940928185995e-7,-6.167723998321977e-7,-6.161567268624253e-7,-6.158243131219302e-7,-6.173430430264791e-7,-6.160748719027566e-7,-6.164985757130302e-7,-6.160478823928393e-7,-6.156739176263286e-7,-6.125045027327469e-7,-6.117585470616514e-7,-6.151639474135456e-7,-6.170990676083074e-7,-6.163017739914575e-7,-6.112243069331297e-7,-6.147806518462209e-7,-6.129645359807768e-7
-5.760608368046343e-7,-5.799010765560495e-7,-5.793612418571882e-7,-5.801425098048142e-7,-5.785412973823018e-7,-5.801925211626393e-7,-5.784603980454424e-7,-5.811438340914287e-7,-5.806473662584364e-7,-5.811470389711123e-7,-5.812906053950904e-7,-5.8036300468653e-7,-5.803987069273944e-7,-5.810630404280104e-7,-5.810765461838543e-7,-5.800050188914655e-7,-5.80909015332821e-7,-5.802215565109532e-7,-5.793864759519778e-7,-5.806731034539961e-7,-5.791675420046393e-7,-5.789323190182401e-7,-5.794088561158251e-7,-5.797359385542945e-7,-5.819777783075051e-7,-5.801445969136305e-7,-5.815667170523599e-7,-5.809083114658785e-7,-5.78248017393112e-7,-5.793489412818568e-7,-5.794517920239957e-7,-5.802456086125066e-7,-5.807898883362886e-7,-5.780820897943392e-7,-5.807453778273174e-7,-5.780094260755881e-7,-5.761768324356507e-7,-5.769630585811804e-7,-5.812596066588621e-7,-5.805616030805025e-7,-5.791805664692405e-7,-5.785129499384483e-7,-5.782118622717254e-7,-5.786993961143056e-7,-5.793546430789209e-7,-5.793348582143648e-7,-5.795580520191986e-7,-5.798884523603623e-7,-5.72744089583705e-7,-5.808761702144743e-7,-5.801981791639182e-7,-5.804031979767294e-7,-5.801055987344647e-7,-5.775415990302263e-7,-5.739479159315151e-7,-5.792553713904944e-7,-5.811708647924662e-7,-5.788772609764229e-7,-5.817028725336787e-7,-5.803899170133749e-7,-5.810660862594305e-7,-5.806487449352519e-7,-5.816104652603893e-7,-5.80242130476181e-7,-5.786413136955894e-7,-5.798515698316844e-7,-5.807586892870996e-7,-5.813075744607628e-7,-5.807365361639053e-7,-5.814117270114523e-7,-5.80953564826563e-7,-5.809214788379361e-7,-5.790482920175434e-7,-5.794744264714455e-7,-5.793127620073879e-7,-5.799497838122792e-7,-5.803289711403271e-7,-5.775753355262632e-7,-5.782044581906485e-7,-5.805027004900586e-7,-5.787121750974879e-7,-5.810515943637536e-7,-5.803347907207807e-7,-5.789012485036681e-7,-5.782458904692402e-7,-5.808642186399868e-7,-5.802709196004152e-7,-5.799777211293427e-7,-5.814179631177709e-7,-5.801979298225905e-7,-5.806292020551338e-7,-5.801655984224458e-7,-5.7977724206282e-7,-5.767428689719607e-7,-5.760976779564595e-7,-5.792466967048688e-7,-5.811376225852684e-7,-5.804129362896987e-7,-5.7545562812333e-7,-5.789017575714782e-7,-5.771383666455439e-7
-6.112318080628744e-7,-6.157633785052486e-7,-6.152090512559859e-7,-6.160255381578787e-7,-6.143255691542011e-7,-6.15990805382618e-7,-6.142818798933347e-7,-6.170517448818888e-7,-6.164889847390195e-7,-6.17052823007032e-7,-6.171857275376391e-7,-6.162701084775516e-7,-6.162428318318653e-7,-6.169322495642687e-7,-6.170151763585899e-7,-6.159056824381153e-7,-6.168311112840551e-7,-6.160864765937412e-7,-6.152260694445503e-7,-6.165799546975576e-7,-6.150211805701535e-7,-6.146513100938952e-7,-6.152439485177822e-7,-6.155501234808857e-7,-6.179175928895524e-7,-6.160267596173197e-7,-6.175295700336096e-7,-6.167131967096533e-7,-6.140631214709005e-7,-6.152102561307887e-7,-6.152900016883077e-7,-6.16139519112515e-7,-6.16691134437202e-7,-6.139066988797948e-7,-6.166891653336333e-7,-6.138524314660802e-7,-6.119340072655354e-7,-6.127431156311612e-7,-6.170980099722895e-7,-6.164338364500461e-7,-6.150372575500232e-7,-6.143977351246577e-7,-6.14066308594124e-7,-6.146159271952634e-7,-6.152438849832039e-7,-6.151044063910872e-7,-6.153960172969061e-7,-6.157615520979502e-7,-6.085715230411147e-7,-6.167664714633406e-7,-6.160502421131501e-7,-6.162709211541299e-7,-6.159801648307241e-7,-6.132757849279398e-7,-6.099541032107009e-7,-6.150944098780794e-7,-6.17038307404733e-7,-6.147622395590332e-7,-6.176028820852499e-7,-6.163021237582062e-7,-6.169655333857769e-7,-6.165289156769071e-7,-6.175065538605463e-7,-6.161188866328345e-7,-6.144727716899439e-7,-6.156607640187618e-7,-6.166778050244528e-7,-6.17280553901366e-7,-6.167000329944769e-7,-6.173264112845116e-7,-6.168766809067849e-7,-6.168407166181884e-7,-6.148230598621232e-7,-6.15312543420447e-7,-6.151668700551863e-7,-6.158309736351052e-7,-6.162455175513664e-7,-6.133438208063872e-7,-6.139625268906933e-7,-6.163728605987627e-7,-6.145895428359946e-7,-6.169338606511344e-7,-6.162534484210674e-7,-6.146882072874633e-7,-6.139940928185995e-7,-6.167723998321977e-7,-6.161567268624253e-7,-6.158243131219302e-7,-6.173430430264791e-7,-6.160748719027566e-7,-6.164985757130302e-7,-6.160478823928393e-7,-6.156739176263286e-7,-6.125045027327469e-7,-6.117585470616514e-7,-6.151639474135456e-7,-6.170990676083074e-7,-6.163017739914575e-7,-6.112243069331297e-7,-6.147806518462209e-7,-6.129645359807768e-7
-7.218526832602462e-7,-7.272261072234316e-7,-7.266096503354702e-7,-7.275278500800119e-7,-7.25540308998486e-7,-7.272984594181856e-7,-7.255969299831603e-7,-7.286280449861255e-7,-7.278943011905803e-7,-7.285782314021743e-7,-7.287273964319537e-7,-7.278263628774918e-7,-7.276337667591555e-7,-7.28476935742358e-7,-7.28658929591915e-7,-7.274604049976436e-7,-7.284319123396632e-7,-7.275011945401175e-7,-7.265846745157099e-7,-7.281127138423424e-7,-7.264923644494176e-7,-7.257464328002439e-7,-7.266013005064984e-7,-7.268869923818732e-7,-7.295927313054731e-7,-7.275279272587425e-7,-7.29236182630916e-7,-7.280651249409726e-7,-7.253562938290382e-7,-7.266118178585058e-7,-7.26594729922191e-7,-7.276747504762029e-7,-7.282428853696521e-7,-7.253032576474355e-7,-7.283176025394132e-7,-7.251136308634406e-7,-7.229408618396599e-7,-7.240250828348506e-7,-7.285486720584126e-7,-7.278673060318775e-7,-7.264052110356493e-7,-7.258645537433845e-7,-7.254496278413539e-7,-7.261876252925199e-7,-7.267183907197551e-7,-7.262673270107182e-7,-7.267619371440465e-7,-7.272597580995879e-7,-7.199519539071776e-7,-7.283077341484927e-7,-7.274880977935476e-7,-7.277644943941113e-7,-7.274203196139179e-7,-7.242429462814716e-7,-7.211557480019119e-7,-7.264862856562776e-7,-7.284770041797649e-7,-7.262296161574257e-7,-7.291679660050042e-7,-7.278719808956944e-7,-7.28506043200792e-7,-7.280630725159495e-7,-7.290278674123976e-7,-7.27569243186902e-7,-7.258444556009325e-7,-7.269405486789118e-7,-7.282280351403964e-7,-7.290199951456242e-7,-7.28441931090695e-7,-7.289141880619864e-7,-7.285022349723442e-7,-7.284510496720665e-7,-7.259128941394142e-7,-7.266801278514818e-7,-7.265954632094762e-7,-7.272986118400781e-7,-7.278559126529502e-7,-7.245960957728854e-7,-7.251107121623558e-7,-7.27827518036877e-7,-7.260006453051362e-7,-7.284295817706713e-7,-7.278132802146004e-7,-7.259013128530132e-7,-7.251724190504189e-7,-7.283551770352673e-7,-7.276408778982706e-7,-7.272016353188553e-7,-7.289665051891912e-7,-7.275474539968793e-7,-7.279743898886399e-7,-7.275741280441543e-7,-7.271628503564607e-7,-7.236720595762307e-7,-7.227152868014243e-7,-7.267599968833917e-7,-7.288139019141809e-7,-7.27835915880455e-7,-7.223418054188199e-7,-7.262714025070648e-7,-7.242530508776931e-7
-9.224177926583907e-7,-9.287788516639896e-7,-9.280440648957704e-7,-9.291616804429213e-7,-9.266901928024382e-7,-9.286718532586425e-7,-9.268987986917281e-7,-9.303514733150961e-7,-9.292797903729142e-7,-9.30195493051211e-7,-9.304104399548048e-7,-9.294673792672907e-7,-9.290367439275592e-7,-9.302523557733185e-7,-9.305070791141646e-7,-9.291411775472334e-7,-9.302190890692664e-7,-9.289689568827513e-7,-9.279293869830246e-7,-9.297625239257429e-7,-9.280069155118974e-7,-9.267756239432034e-7,-9.279582620875372e-7,-9.282594109448978e-7,-9.314963685103779e-7,-9.291631400945053e-7,-9.311660668287518e-7,-9.29513989191983e-7,-9.265542361928505e-7,-9.280276173136114e-7,-9.277895986402267e-7,-9.293506487080629e-7,-9.29933535384615e-7,-9.268521209884486e-7,-9.300534102855903e-7,-9.263142491015282e-7,-9.236826547534995e-7,-9.252620451169963e-7,-9.301903224512908e-7,-9.294031655038081e-7,-9.277161302577526e-7,-9.273483419824525e-7,-9.267630451388076e-7,-9.278283135929429e-7,-9.282951883124728e-7,-9.273338396925045e-7,-9.28145002255281e-7,-9.289131950031902e-7,-9.215132152387578e-7,-9.300197991542162e-7,-9.29008887427602e-7,-9.293609657434051e-7,-9.289076245791527e-7,-9.250950166224877e-7,-9.22369877779766e-7,-9.279031534392779e-7,-9.299820726065003e-7,-9.277954728856787e-7,-9.309420042100634e-7,-9.295774972911332e-7,-9.301942136517293e-7,-9.29749144805036e-7,-9.307309593300745e-7,-9.291015040435673e-7,-9.271827969866533e-7,-9.282833278538783e-7,-9.298819792332055e-7,-9.309308195098032e-7,-9.303794788491826e-7,-9.306949555805374e-7,-9.302938138122038e-7,-9.30236088437147e-7,-9.269070268509985e-7,-9.280979479492147e-7,-9.281296249703585e-7,-9.28847013085462e-7,-9.296309563720867e-7,-9.259326584495041e-7,-9.262508756752745e-7,-9.294404224903896e-7,-9.273540089011912e-7,-9.300613545009569e-7,-9.294940599870064e-7,-9.270627276962471e-7,-9.263505894904174e-7,-9.301055632010038e-7,-9.292141585210905e-7,-9.285247765937139e-7,-9.307784290795661e-7,-9.291138582618757e-7,-9.294954600358499e-7,-9.292012088534332e-7,-9.286976854547388e-7,-9.245700616667754e-7,-9.235530254241787e-7,-9.282547180007125e-7,-9.307547399731032e-7,-9.29465634024667e-7,-9.232731291592608e-7,-9.278222192151128e-7,-9.253459472777664e-7
-1.2388303268859279e-6,-1.246265577128196e-6,-1.2452217253762259e-6,-1.2467328656594846e-6,-1.243487543713954e-6,-1.2458157809569938e-6,-1.243900855998163e-6,-1.2479830132343917e-6,-1.2463651918127053e-6,-1.247707153476967e-6,-1.2480810017921308e-6,-1.2470136389402754e-6,-1.2462658473204594e-6,-1.2479900812393762e-6,-1.2484003369436779e-6,-1.246748891928414e-6,-1.2480070830462142e-6,-1.2462696391441895e-6,-1.245074092281684e-6,-1.2474122991333877e-6,-1.2452400453418285e-6,-1.2435397209423692e-6,-1.2450997050084634e-6,-1.2454076031829243e-6,-1.2494610744253483e-6,-1.2467875443370892e-6,-1.2491297644745415e-6,-1.246945907022575e-6,-1.2433547032205692e-6,-1.2451954689353518e-6,-1.2445095150542508e-6,-1.2469583861951116e-6,-1.2475646550478755e-6,-1.2443287640444153e-6,-1.2477005140605104e-6,-1.2432541173575164e-6,-1.2400244316409373e-6,-1.2422029980546e-6,-1.247779959695954e-6,-1.2468625731084972e-6,-1.2447427732394077e-6,-1.2447006531175553e-6,-1.243847911815144e-6,-1.2452790182462323e-6,-1.245840063081716e-6,-1.2441088538293563e-6,-1.2453273990337203e-6,-1.2465174757284896e-6,-1.2387655320454512e-6,-1.2476652961459605e-6,-1.2464550370122757e-6,-1.2467493209540344e-6,-1.2462648221004021e-6,-1.2417087778111364e-6,-1.2401583839390494e-6,-1.2450730582657422e-6,-1.2473750746823415e-6,-1.2452390447267879e-6,-1.2487717957251827e-6,-1.2471912457923392e-6,-1.247857550483322e-6,-1.2473159320360341e-6,-1.2485022806171493e-6,-1.2466006098944084e-6,-1.2443001116105924e-6,-1.245652065544888e-6,-1.2474948254497136e-6,-1.2487810475637023e-6,-1.248251922913943e-6,-1.2484594824256988e-6,-1.248074806673342e-6,-1.2479782977225103e-6,-1.243806648546443e-6,-1.2454177736612273e-6,-1.2455880114458618e-6,-1.2463270031102922e-6,-1.2474093859243482e-6,-1.2431593875126167e-6,-1.2431782651798734e-6,-1.247060601865264e-6,-1.2444623088922075e-6,-1.2476374475600338e-6,-1.2471209729512948e-6,-1.244028964204807e-6,-1.2432587609317315e-6,-1.2478390366340271e-6,-1.2466797458865826e-6,-1.245560072953228e-6,-1.2486111219540719e-6,-1.2466122249267082e-6,-1.2468692048413553e-6,-1.246653561593438e-6,-1.246108803157749e-6,-1.240938791833115e-6,-1.2400980780520805e-6,-1.2452568864044682e-6,-1.248723337106022e-6,-1.246974380744855e-6,-1.2398099143495774e-6,-1.245091830097485e-6,-1.2420725237274396e-6
-1.7121077427068568e-6,-1.7207894906064505e-6,-1.7191960227686656e-6,-1.7213195589578752e-6,-1.717035420674138e-6,-1.7197770957764392e-6,-1.717666438962005e-6,-1.7225997328333916e-6,-1.7202024209008945e-6,-1.7222661340692638e-6,-1.7228153511012494e-6,-1.7216113987779225e-6,-1.72041674682281e-6,-1.7227313536147784e-6,-1.7233779083917212e-6,-1.7214658771372246e-6,-1.7228494745270272e-6,-1.7204154201853631e-6,-1.7190152814463218e-6,-1.722126226936365e-6,-1.7191884039554222e-6,-1.7170624104847615e-6,-1.7191043534884155e-6,-1.7193391652510244e-6,-1.7246018110251413e-6,-1.721539987957716e-6,-1.7241276020285333e-6,-1.7214581055930424e-6,-1.716977411799712e-6,-1.7191518610396407e-6,-1.717887106775348e-6,-1.7215077468888127e-6,-1.7222926117210222e-6,-1.7188677842657087e-6,-1.722384830066009e-6,-1.7169880897367972e-6,-1.7131692223473986e-6,-1.7158372121931803e-6,-1.7221812408756465e-6,-1.7213113686682869e-6,-1.7185766874507329e-6,-1.7191086356723691e-6,-1.717873932475028e-6,-1.719694594265871e-6,-1.720468752812186e-6,-1.7175189242341158e-6,-1.719475103406771e-6,-1.72108566644361e-6,-1.7125704873451845e-6,-1.722288171798577e-6,-1.7209493864911717e-6,-1.720991304134986e-6,-1.720572313436742e-6,-1.7151713431968736e-6,-1.7160328964251464e-6,-1.7190718681908768e-6,-1.721818179982641e-6,-1.7195413700795291e-6,-1.7238380920015808e-6,-1.7218422420629594e-6,-1.722622292490815e-6,-1.7218455695569193e-6,-1.7234885324120333e-6,-1.7210636881492276e-6,-1.718307553899321e-6,-1.7201247013000004e-6,-1.7222312805633487e-6,-1.7237548964416034e-6,-1.7231796820895895e-6,-1.7232381913446251e-6,-1.7229762789035055e-6,-1.7227121739420735e-6,-1.7175697765482386e-6,-1.719697925432629e-6,-1.7200135604049433e-6,-1.720652162455166e-6,-1.7223211376439548e-6,-1.717337798467202e-6,-1.7169439576288484e-6,-1.7217627446871611e-6,-1.718255906035223e-6,-1.72231201926557e-6,-1.7217892197676017e-6,-1.7179367566649615e-6,-1.7169036272084302e-6,-1.7228158921560344e-6,-1.721007201712034e-6,-1.7194190193863248e-6,-1.7235852092791744e-6,-1.7211628580250585e-6,-1.7212902983476641e-6,-1.7210525574058394e-6,-1.7205373947837937e-6,-1.7138566937931504e-6,-1.713437151466767e-6,-1.7189699992800597e-6,-1.7238292337012899e-6,-1.7214635205175606e-6,-1.712930655138243e-6,-1.7191224776649447e-6,-1.7156500753485678e-6
-2.405870598861844e-6,-2.416458736843168e-6,-2.4142736884430077e-6,-2.416912684733246e-6,-2.41145161555252e-6,-2.4146172164542548e-6,-2.4120930686682726e-6,-2.4182139188417715e-6,-2.4150133905862114e-6,-2.418031854567421e-6,-2.418714226186679e-6,-2.4174142940084626e-6,-2.41560634649353e-6,-2.418580147656479e-6,-2.419520017522691e-6,-2.4173631361593244e-6,-2.418805907522351e-6,-2.4154711778631807e-6,-2.413668535178499e-6,-2.4180811028443005e-6,-2.4140365961649794e-6,-2.4115111204159036e-6,-2.4141119609826527e-6,-2.414203896214256e-6,-2.4210238386617462e-6,-2.417545165379687e-6,-2.4203389292327265e-6,-2.417052250799763e-6,-2.411510091697745e-6,-2.4140031776259426e-6,-2.4119146420500284e-6,-2.417117570861518e-6,-2.418262145492574e-6,-2.4145322717723215e-6,-2.4182597157902943e-6,-2.411800937993622e-6,-2.4072497938525256e-6,-2.410211917245882e-6,-2.417446257929719e-6,-2.416817124528209e-6,-2.413373989096042e-6,-2.414607492252909e-6,-2.412888635505479e-6,-2.415133435233022e-6,-2.4162320576662198e-6,-2.4117742367337064e-6,-2.4146029796499585e-6,-2.416630486628913e-6,-2.4072238390517293e-6,-2.4179385362291328e-6,-2.4165368901921544e-6,-2.4162994361404475e-6,-2.4159404290706976e-6,-2.4094538500291833e-6,-2.4134460249339886e-6,-2.4140674694151054e-6,-2.4173682276491592e-6,-2.414784194947094e-6,-2.4201761571336465e-6,-2.417580950681145e-6,-2.4186569873715097e-6,-2.4175599613376132e-6,-2.419754866784744e-6,-2.4164743484611597e-6,-2.4134092370179236e-6,-2.415734113515749e-6,-2.4181947923750117e-6,-2.420029770218364e-6,-2.4193370115761077e-6,-2.41918572085774e-6,-2.419091299504869e-6,-2.4183416390929383e-6,-2.4122505184074657e-6,-2.414991414438487e-6,-2.415459985121904e-6,-2.415851655133722e-6,-2.4183187157937427e-6,-2.412435778375046e-6,-2.4116489906473487e-6,-2.4175452633296675e-6,-2.412593178182171e-6,-2.418334578588544e-6,-2.4176819915326475e-6,-2.4128426817759433e-6,-2.4114513224047775e-6,-2.419360392144355e-6,-2.416245921548031e-6,-2.41421928095907e-6,-2.4197722103272443e-6,-2.4168517385686722e-6,-2.4169060030834704e-6,-2.416584661223078e-6,-2.4160487993174153e-6,-2.407177721011261e-6,-2.4075816346903476e-6,-2.4137488489361696e-6,-2.4201470830224935e-6,-2.4170296399249786e-6,-2.406655416168362e-6,-2.4142287968117027e-6,-2.410118013433818e-6
-3.4151156982908513e-6,-3.4285401638724587e-6,-3.4259696063347736e-6,-3.4287331479369624e-6,-3.4220344028149106e-6,-3.425491708737374e-6,-3.422133343038208e-6,-3.4300369050760675e-6,-3.426014700383716e-6,-3.4303929230803496e-6,-3.4311432177391587e-6,-3.4297994843809476e-6,-3.427066462714228e-6,-3.4309159512024447e-6,-3.4322983382027097e-6,-3.4295337507071312e-6,-3.431170770477003e-6,-3.426772404380114e-6,-3.4242806881240203e-6,-3.4304974561140552e-6,-3.4250355708566157e-6,-3.4221465345883968e-6,-3.4253866560751324e-6,-3.425117105047766e-6,-3.4340038102594882e-6,-3.4300240977153645e-6,-3.433212041717988e-6,-3.4290309350145577e-6,-3.4219276714897412e-6,-3.4249543701747574e-6,-3.421628114601249e-6,-3.4292721761191574e-6,-3.4307361884073576e-6,-3.4264530867459773e-6,-3.430665090888615e-6,-3.422769254535883e-6,-3.4173666175767185e-6,-3.4209102000502658e-6,-3.428847981993248e-6,-3.428547196982742e-6,-3.4245043720206813e-6,-3.426204171635779e-6,-3.4242069866779723e-6,-3.426762656519564e-6,-3.4284364511950703e-6,-3.4221291524711495e-6,-3.425799473873759e-6,-3.4282872017220197e-6,-3.417846462113332e-6,-3.4298921208287355e-6,-3.4284283769332665e-6,-3.4280929623539623e-6,-3.4275404560624297e-6,-3.4196039850797268e-6,-3.4265897045277255e-6,-3.42518185519786e-6,-3.429119002690486e-6,-3.426375767732661e-6,-3.432971862379042e-6,-3.429557451249393e-6,-3.431257050512951e-6,-3.4299928764295467e-6,-3.432612609024384e-6,-3.4281342520664527e-6,-3.4250695032733854e-6,-3.4276940731057692e-6,-3.430533305610938e-6,-3.432800873157361e-6,-3.432107703395546e-6,-3.4317252106708843e-6,-3.431696480721305e-6,-3.4302211872513406e-6,-3.4231832418620104e-6,-3.426680622300929e-6,-3.4271252680155722e-6,-3.427206253027463e-6,-3.4308179056583363e-6,-3.423704249705893e-6,-3.4226239774037117e-6,-3.4295775403000373e-6,-3.422736490389506e-6,-3.4309950358846774e-6,-3.4301108132239595e-6,-3.4236417439351744e-6,-3.422385689314637e-6,-3.4326415218731175e-6,-3.4276400486836585e-6,-3.4253261703056174e-6,-3.4323692045012034e-6,-3.4289164517599893e-6,-3.4286471452850887e-6,-3.428397329777922e-6,-3.4279340559232395e-6,-3.415798023500481e-6,-3.4175499020628675e-6,-3.4249503152286503e-6,-3.43296325660339e-6,-3.4286365829110767e-6,-3.416110648609659e-6,-3.4257101733974046e-6,-3.420393751144643e-6
-4.8795941836254885e-6,-4.89634431196279e-6,-4.893970996425668e-6,-4.896270733277243e-6,-4.888234766794927e-6,-4.8915642778371606e-6,-4.887477511332247e-6,-4.897320067392226e-6,-4.892354466610764e-6,-4.8987099570596165e-6,-4.8995421114667535e-6,-4.89804091626866e-6,-4.894215226110101e-6,-4.899351243116957e-6,-4.901299543188144e-6,-4.897557287512887e-6,-4.899415510446749e-6,-4.893841970137039e-6,-4.890474696018517e-6,-4.898874366766584e-6,-4.891519913662354e-6,-4.888374215696685e-6,-4.89201718929093e-6,-4.891449497097994e-6,-4.903003092599292e-6,-4.898449969861826e-6,-4.902347037873696e-6,-4.8969695911879035e-6,-4.887605810047794e-6,-4.8913408787726875e-6,-4.886876912031634e-6,-4.89737921161382e-6,-4.899163535987566e-6,-4.8939915230095155e-6,-4.899026572844421e-6,-4.889143525937737e-6,-4.882873807407667e-6,-4.8877392841984535e-6,-4.895796645836707e-6,-4.8959308466549406e-6,-4.891621579730074e-6,-4.89340637612119e-6,-4.891085572675947e-6,-4.893883442999906e-6,-4.896435467956965e-6,-4.887744331822587e-6,-4.892589079598791e-6,-4.895659529783837e-6,-4.883641870254575e-6,-4.897840129039466e-6,-4.8961480544342895e-6,-4.895976560773562e-6,-4.894789116808916e-6,-4.885243920592588e-6,-4.8954043406541295e-6,-4.891899863538936e-6,-4.8963201031440665e-6,-4.893552335327296e-6,-4.901753747924379e-6,-4.897389307240976e-6,-4.8997885149522765e-6,-4.8985789344018265e-6,-4.901589010347064e-6,-4.895615192437264e-6,-4.892762665576461e-6,-4.895569396427001e-6,-4.898768177690966e-6,-4.9015443578166036e-6,-4.90081031207367e-6,-4.900489527645813e-6,-4.900239466049083e-6,-4.897792595313059e-6,-4.88967413307673e-6,-4.894409049343745e-6,-4.894401104118306e-6,-4.89418175626428e-6,-4.899403434600925e-6,-4.890571106833805e-6,-4.889465801957191e-6,-4.897118264299335e-6,-4.888232924742422e-6,-4.899621423026489e-6,-4.8984193536963345e-6,-4.8895587030232015e-6,-4.889071261422761e-6,-4.902029054304343e-6,-4.894520069569559e-6,-4.892344177489285e-6,-4.900875585070362e-6,-4.896860406349294e-6,-4.8959057899064664e-6,-4.896083925734876e-6,-4.895770716732037e-6,-4.878904564309023e-6,-4.882673064827278e-6,-4.891444399946129e-6,-4.901740049093554e-6,-4.895817758969479e-6,-4.880395832731806e-6,-4.8928388190002874e-6,-4.885702574481213e-6
-7.008880677808253e-6,-7.029224614201375e-6,-7.027776282160131e-6,-7.029082968083769e-6,-7.019757444664195e-6,-7.022355615304686e-6,-7.017859763319175e-6,-7.029503405157286e-6,-7.023264355917421e-6,-7.0325465917339305e-6,-7.0332553041979005e-6,-7.031433440840004e-6,-7.0263472140667194e-6,-7.033330509391945e-6,-7.036027433339771e-6,-7.031323736819783e-6,-7.03305522793375e-6,-7.026187396661727e-6,-7.021628890656759e-6,-7.032785068254493e-6,-7.0230153698568235e-6,-7.019769733277538e-6,-7.0233944126317985e-6,-7.02246442683965e-6,-7.037772124282278e-6,-7.032323028471044e-6,-7.03733188431085e-6,-7.030194155263775e-6,-7.017968762539094e-6,-7.022649479782438e-6,-7.017429793759431e-6,-7.030945582579009e-6,-7.033134632993295e-6,-7.026586743513469e-6,-7.03274309285786e-6,-7.02037947472976e-6,-7.013258939344459e-6,-7.020077765698758e-6,-7.028014906180043e-6,-7.028716890904942e-6,-7.023808348445847e-6,-7.0256982099363594e-6,-7.022885207835184e-6,-7.0258314445002685e-6,-7.02963158551778e-6,-7.01835464793079e-6,-7.024398570141691e-6,-7.0285490056818e-6,-7.013597105143782e-6,-7.031322216073501e-6,-7.029291598638952e-6,-7.0294085538933275e-6,-7.027260403889758e-6,-7.015742204859422e-6,-7.027706927129032e-6,-7.0237969097892095e-6,-7.028314756644293e-6,-7.025812259117938e-6,-7.036059898046497e-6,-7.0309254926112135e-6,-7.033718017207414e-6,-7.032597854170541e-6,-7.036660962660721e-6,-7.028354761978306e-6,-7.026005915943261e-6,-7.028944596253937e-6,-7.03255733997612e-6,-7.035628534720343e-6,-7.034615079681048e-6,-7.035453756810937e-6,-7.034472780248767e-6,-7.030683387351664e-6,-7.021201277873579e-6,-7.0277286639317786e-6,-7.0266496252004534e-6,-7.0260625537170595e-6,-7.033722032719877e-6,-7.022434598963821e-6,-7.021927374436933e-6,-7.029752035524037e-6,-7.0186042376058725e-6,-7.033869266706481e-6,-7.031974097818508e-6,-7.020459274982531e-6,-7.020899006596588e-6,-7.03699460705808e-6,-7.026225666216545e-6,-7.024675467641241e-6,-7.034831862320593e-6,-7.030262147654152e-6,-7.028488591152583e-6,-7.029312891457166e-6,-7.029135629679498e-6,-7.0064002640691065e-6,-7.012041644456761e-6,-7.022572191738631e-6,-7.035925138596044e-6,-7.028288828649095e-6,-7.008951619579349e-6,-7.025356752614757e-6,-7.015509340963996e-6
-0.000010113122769544957,-0.000010137516090463422,-0.000010137641334435452,-0.0000101370598201341,-0.000010126840300483737,-0.00001012807473598206,-0.00001012297449272231,-0.000010136382232354091,-0.000010128745138531412,-0.000010142157220478985,-0.000010141857624027027,-0.00001013993519399588,-0.000010133228398356627,-0.000010142814893602104,-0.000010146599567881031,-0.000010140747224292896,-0.000010142216457016423,-0.000010133932338334045,-0.00001012790987810177,-0.000010142131576081411,-0.000010129704172155699,-0.000010126307514743107,-0.000010130055027107658,-0.000010128106836840222,-0.000010148415015766136,-0.000010141477173355655,-0.000010148332873586597,-0.000010138137128306655,-0.000010122809022742908,-0.00001012860631489458,-0.00001012252509232204,-0.000010139924338890443,-0.000010142768771440203,-0.000010134227112962713,-0.000010141678625517902,-0.000010126603819616458,-0.000010118593673033734,-0.000010128045075392746,-0.00001013604936321492,-0.000010137574961566162,-0.000010130800408652082,-0.000010132924657314238,-0.000010129554905777446,-0.000010132255078177624,-0.000010137661157250335,-0.000010124414501109725,-0.000010131185227889452,-0.000010136666808491662,-0.000010116655252596925,-0.000010139997249366167,-0.000010138063860257221,-0.000010138039877593105,-0.000010134808700539334,-0.000010120796193634536,-0.000010132964915988057,-0.00001013099979185829,-0.000010135263668242364,-0.000010133502334401927,-0.000010145986413792033,-0.000010139803730559683,-0.000010143213620598994,-0.000010142155103126329,-0.000010148114079839903,-0.000010136149600720849,-0.000010134794583138935,-0.000010137520819960294,-0.000010142159846963596,-0.000010145269144438954,-0.00001014346639528747,-0.000010147029659458191,-0.000010144579772662716,-0.00001013905305829024,-0.000010128092582706367,-0.000010136667077697999,-0.000010133886994034133,-0.000010132362982753337,-0.000010143597535391183,-0.000010128762809245404,-0.00001012981123090469,-0.00001013770223387492,-0.00001012367507749863,-0.00001014400047264123,-0.000010140899577139011,-0.000010126236498853744,-0.00001012820510391252,-0.000010147449759194068,-0.000010133494010727177,-0.000010132464316315706,-0.000010143986515120195,-0.000010138913886781867,-0.000010136472814257477,-0.000010138024159839717,-0.00001013806597891921,-0.00001010872865979683,-0.000010115767207812017,-0.000010128575644232014,-0.000010145474166189464,-0.00001013615284552813,-0.000010111993625399912,-0.000010133325994707688,-0.000010120119122208304
-0.000014662631829228356,-0.00001469087039474628,-0.000014693561593016773,-0.000014689734777680118,-0.00001467927716264445,-0.000014678491743878507,-0.000014672337756279245,-0.000014687436747160878,-0.000014678691898486803,-0.000014697145703282374,-0.000014695130526060034,-0.000014693455390006801,-0.000014684611122637892,-0.000014697572481439819,-0.000014702627729625224,-0.0000146951824026703,-0.000014696598868300785,-0.00001468702022658034,-0.000014678760993022755,-0.000014696335873915233,-0.000014681202553142238,-0.00001467728471525093,-0.000014682035672661212,-0.000014678242227431612,-0.00001470471285177246,-0.00001469545123798905,-0.000014704995936961834,-0.000014690120838826162,-0.000014671211417241094,-0.000014678583194459114,-0.00001467150779126861,-0.000014693768843055362,-0.000014697830152836886,-0.000014686739990379756,-0.000014695434000378313,-0.000014677315873167685,-0.000014668901275066412,-0.000014681824898217684,-0.00001468987502264703,-0.000014692394505532567,-0.0000146825162947963,-0.000014684945252136264,-0.000014681078708319844,-0.000014682553683311117,-0.000014689758727202987,-0.000014675496240296104,-0.000014683053048229771,-0.000014689351269612367,-0.000014662707694519072,-0.000014693608650996824,-0.00001469229847166053,-0.000014691570210698712,-0.000014687095169836211,-0.000014670650170231638,-0.000014681832826173277,-0.000014683213119722482,-0.000014686676910061008,-0.000014686617845423899,-0.000014701309298952851,-0.000014693219441373797,-0.000014697779294481788,-0.000014696968416253357,-0.000014705433180919522,-0.000014688449940712966,-0.000014688527111575158,-0.000014691338129811713,-0.000014697747859661556,-0.00001470021121431683,-0.000014697663708448093,-0.000014705181356737894,-0.000014700589580965737,-0.000014692373487320643,-0.000014678840711305592,-0.000014690865017429803,-0.000014685915023223862,-0.000014682226392981337,-0.000014698851990743556,-0.000014678526682728284,-0.000014682791790629308,-0.000014691023267892167,-0.000014672980418883532,-0.00001469968056246591,-0.000014694871070372649,-0.000014676500282769451,-0.000014680612068110659,-0.000014703376202535762,-0.000014686046025304576,-0.000014685354686875913,-0.00001469820758975224,-0.000014692172844969602,-0.000014689788115723027,-0.000014691785847422128,-0.000014691645925164632,-0.000014655394247623434,-0.00001466402298217303,-0.000014679989694166055,-0.000014699749977770021,-0.000014689095638924639,-0.00001465943967613473,-0.000014686785612524576,-0.000014669223413736609
-0.000021383752974342296,-0.000021415863965462886,-0.000021422927368166064,-0.000021413728120710812,-0.000021404171226242783,-0.00002140038037294644,-0.000021392578057951516,-0.000021409734385089583,-0.000021399355825705512,-0.00002142472942721189,-0.000021420224050988877,-0.00002141954283291345,-0.00002140762059424479,-0.000021424990714260843,-0.000021430789062742395,-0.000021421614410721312,-0.000021423378574185385,-0.000021412828915613508,-0.000021401131053059905,-0.000021422557304598482,-0.000021404445225228627,-0.00002139950491650767,-0.00002140563701138975,-0.000021399814038124854,-0.000021433655389124396,-0.000021421348667271037,-0.00002143472032934212,-0.00002141338530855532,-0.000021390134588651778,-0.00002140033073590571,-0.00002139157434004754,-0.000021419431518693363,-0.000021425495582960502,-0.000021411984436551146,-0.000021421259962267364,-0.00002139942178525016,-0.000021391059024156452,-0.00002140921780781231,-0.000021416550162827214,-0.00002141955237839016,-0.000021406415685265416,-0.00002140970987171555,-0.000021404573412117817,-0.00002140394913546814,-0.000021412965229953867,-0.000021397933850476,-0.000021407880343346934,-0.000021413664018379835,-0.0000213814249488744,-0.000021419167869515187,-0.00002141924040812004,-0.00002141682698260196,-0.000021410895335261947,-0.000021392434792263365,-0.0000214004981375035,-0.00002140786892777217,-0.00002140915016771988,-0.000021411440463615853,-0.000021428935226313437,-0.00002141863379015876,-0.000021424394345626557,-0.000021424402268825506,-0.000021435643277049254,-0.00002141260314792886,-0.00002141435541898793,-0.000021418061433001153,-0.000021426581820359606,-0.000021427414464431312,-0.00002142437926341543,-0.000021437398298215036,-0.000021430279145710578,-0.00002141811038267564,-0.000021400420317263523,-0.000021416638653636804,-0.00002141048661311898,-0.000021403083339174417,-0.00002142640859380008,-0.00002139983044504396,-0.000021408192326609244,-0.00002141732407453603,-0.000021393661473877727,-0.000021427656837754173,-0.00002142095397466838,-0.0000213983211568754,-0.000021404385072701035,-0.00002143238924285223,-0.000021410157454464008,-0.000021411052924451357,-0.000021424440184557502,-0.000021417069010990348,-0.000021415527597631678,-0.000021417463745148377,-0.00002141640840501588,-0.000021374089028884104,-0.000021384512248357925,-0.00002140352924043369,-0.000021425581576359827,-0.00002141440959196713,-0.000021378266116109052,-0.000021412782666078145,-0.000021389415548363184
-0.00003142487278941748,-0.00003146127466394495,-0.000031474759105081356,-0.00003145746050787262,-0.00003145064129777543,-0.000031442157743053186,-0.000031431800176872385,-0.00003145193346933282,-0.000031439465396786005,-0.000031473810838454974,-0.00003146581698583434,-0.000031466958782628554,-0.00003145106939071299,-0.00003147410459230338,-0.0000314800897088882,-0.00003146990959002801,-0.000031470516534806235,-0.00003145997131977904,-0.00003144319436192119,-0.00003146934439485868,-0.000031448166599659674,-0.00003144236956313219,-0.000031449459199070875,-0.00003144170581481023,-0.00003148406896677299,-0.00003146843496036085,-0.0000314866761260398,-0.00003145576287015944,-0.000031429078175779774,-0.00003144372225541207,-0.0000314328376929884,-0.00003146612084982496,-0.00003147471762745218,-0.00003145978693446167,-0.00003146757575745599,-0.00003144128531343313,-0.000031434728026645335,-0.00003145962595007118,-0.00003146413785261903,-0.00003146711311166977,-0.00003145045590949375,-0.00003145637317305892,-0.00003144910529167405,-0.000031445144151665425,-0.0000314566776479119,-0.00003143959234644012,-0.00003145495406304687,-0.00003145786713237428,-0.00003142355118838774,-0.00003146495057552145,-0.00003146855349996654,-0.000031462084588685846,-0.000031455238804473655,-0.00003143564672140905,-0.000031436602918026846,-0.000031453490695213586,-0.000031451310255280635,-0.00003145702645678412,-0.00003147744477217801,-0.00003146502608836722,-0.0000314720537928207,-0.00003147381422729602,-0.000031488286886737234,-0.00003145807983461207,-0.000031460863128322125,-0.00003146715360655254,-0.00003147776370590754,-0.00003147588869090628,-0.00003147227944856863,-0.000031492243318021306,-0.00003148247781956637,-0.000031466667540290826,-0.000031442135664160205,-0.00003146289664249317,-0.00003145744296992267,-0.00003144367128001392,-0.00003147421948800474,-0.00003144283010462703,-0.00003145584693634555,-0.00003146509197572403,-0.000031434462988172165,-0.00003147743945189104,-0.000031467518824462466,-0.00003144071552369181,-0.000031447826801217754,-0.00003148246939038932,-0.00003145383778206895,-0.00003145876007245867,-0.000031471591171405696,-0.000031463103137098126,-0.000031462274166353294,-0.000031464146156084125,-0.00003146188858077061,-0.00003141345366055726,-0.00003142551480870983,-0.00003144767967025908,-0.00003147178391569039,-0.000031460909757954694,-0.000031417965607411034,-0.00003145893285830407,-0.00003142851172906771
-0.000046674836850483984,-0.00004671378164062852,-0.00004673604190996714,-0.00004670739789621683,-0.000046705806353880566,-0.00004668976763470557,-0.00004667601543019694,-0.000046699400212040165,-0.000046685835338830216,-0.0000467309860191973,-0.00004671815229780919,-0.000046722161089314594,-0.00004670117653126919,-0.00004673115263206997,-0.000046736865450751314,-0.00004672696154124025,-0.00004672391068634852,-0.000046714036008115774,-0.00004669019451957826,-0.00004672446098791087,-0.00004669937725863143,-0.000046691925278160003,-0.00004670051996100072,-0.00004669142296075738,-0.000046741238404535356,-0.00004672328027335565,-0.000046746924264733734,-0.00004670294831707508,-0.00004667482220643963,-0.000046695634584019446,-0.00004668255644236157,-0.000046720107466580367,-0.00004673122663990491,-0.00004671653359241621,-0.00004672031561725805,-0.00004668895876337038,-0.00004668663995629556,-0.00004671869073943643,-0.00004672032619632326,-0.000046720921390239164,-0.00004670069881287638,-0.000046711503802434985,-0.00004670043618663528,-0.00004669204251205099,-0.000046707744060115237,-0.00004668644594488476,-0.00004671027590493946,-0.00004670817558372864,-0.00004667567745418922,-0.00004671746896626836,-0.00004672788462614187,-0.000046713599073738965,-0.00004670711937806895,-0.0000466861221955887,-0.00004667898519736888,-0.0000467072803171889,-0.00004669888845417559,-0.0000467096329327219,-0.00004673246406159546,-0.00004671780743350285,-0.00004672712342258153,-0.00004673164945943801,-0.00004674991627918989,-0.00004671082881436876,-0.00004671498904089706,-0.00004672490274774584,-0.00004673800048260046,-0.000046731437650351855,-0.0000467278992337881,-0.00004675689469030872,-0.00004674285154143828,-0.000046725571893635134,-0.000046689406440198934,-0.000046717041730232605,-0.00004671276710650466,-0.00004668927116131293,-0.000046727715886998846,-0.00004669535796004912,-0.00004671203766603069,-0.00004672034300213254,-0.00004668214128164348,-0.000046734622197831224,-0.000046720240801263423,-0.0000466899866056542,-0.00004669687883271355,-0.000046739328150509235,-0.00004670336124501813,-0.00004671515135084943,-0.000046728624989796465,-0.000046717432818369056,-0.00004671664988587285,-0.00004671920541485891,-0.00004671284883884457,-0.00004665732204366135,-0.00004667120826412097,-0.00004669821175066301,-0.000046724552359521866,-0.000046714565117339304,-0.00004666627239399873,-0.00004671204855047993,-0.000046672172577518814
-0.00007034664142834115,-0.00007038370520651785,-0.00007041701380442776,-0.0000703739225300087,-0.0000703801371865381,-0.0000703547939522749,-0.00007033607754241202,-0.00007036350874025545,-0.0000703497276604009,-0.00007040612723696938,-0.00007038859169113801,-0.00007039513887067283,-0.0000703677261732689,-0.00007040396881923919,-0.00007041220090745058,-0.00007040383020235684,-0.00007039425335807442,-0.00007038516717063222,-0.00007035210380437979,-0.00007039870316545426,-0.00007036968890391974,-0.00007035699593584775,-0.00007037083640366523,-0.0000703593841162045,-0.00007041418950341378,-0.00007039698777101553,-0.00007042463145092794,-0.00007036712440209136,-0.00007033805252803408,-0.00007036790341870207,-0.00007035141735051021,-0.00007039071839289049,-0.00007040382159105715,-0.00007039366446771075,-0.00007039083898060865,-0.0000703565479172725,-0.00007035775933993677,-0.00007039718330866149,-0.000070396694391706,-0.000070393088270956,-0.00007036988799486658,-0.00007038841175078763,-0.00007037037443054716,-0.00007035569794052476,-0.00007037580287063921,-0.00007035027943907702,-0.00007038590998379628,-0.00007037511910330067,-0.00007034942678788196,-0.00007038739358345714,-0.000070409339045137,-0.00007038291720800397,-0.0000703808350439959,-0.00007035384361246211,-0.00007034397650474444,-0.00007037841375325378,-0.00007036353323872183,-0.00007038074020482608,-0.00007040337713294934,-0.00007038610663779086,-0.0000703993689264917,-0.00007040856545354198,-0.0000704299073171035,-0.00007038146489492692,-0.00007038842085560685,-0.00007040055728287851,-0.00007041762071551589,-0.00007040349470739767,-0.0000704020628807637,-0.00007044256024463344,-0.00007042259307445021,-0.00007040470122975217,-0.00007035279897594578,-0.00007039007132353286,-0.00007038593054462333,-0.00007035242498443572,-0.0000703988248562802,-0.00007036932910542888,-0.0000703873644496928,-0.00007039465117280181,-0.00007034917951021298,-0.00007040802995744093,-0.00007039110297487022,-0.00007035618815946204,-0.00007036304255513527,-0.0000704135990875372,-0.000070370128224951,-0.00007039200045997896,-0.00007040778583985836,-0.00007039273400030478,-0.00007038915962712867,-0.00007039417250464489,-0.00007037906664347367,-0.00007031509053748646,-0.00007033205957620336,-0.00007036821718771984,-0.00007039227291301453,-0.00007038645695724686,-0.00007033365079081018,-0.00007038716679111395,-0.00007033096020016211
-0.00010822670945401396,-0.00010825376337602291,-0.0001083025856948221,-0.00010824155429424011,-0.00010825895035593652,-0.00010822067144414137,-0.00010819841702627118,-0.00010823333107150534,-0.00010821815580176786,-0.00010828176489291832,-0.00010826236535886629,-0.00010827012563331948,-0.00010823649475737046,-0.00010827597375235367,-0.00010829303167538678,-0.00010828542178061823,-0.00010826599598708504,-0.00010825586325432939,-0.00010821492763958811,-0.0001082769760333007,-0.00010824550690857697,-0.00010822310298672429,-0.00010824749826619082,-0.00010823122287534745,-0.00010828733623021274,-0.0001082743980639361,-0.00010830459915434315,-0.00010823555531170128,-0.00010820484139230234,-0.0001082493163138593,-0.00010822458199208067,-0.00010826088609033942,-0.0001082751056095544,-0.00010827729329971719,-0.00010826612098050278,-0.0001082299505702146,-0.00010823575638871148,-0.0001082811220824439,-0.00010827975339873955,-0.00010827024781574776,-0.00010824243240837142,-0.00010827290062371479,-0.00010824739917980412,-0.00010822116839100755,-0.00010824549158654643,-0.00010821693371069631,-0.00010826619205990893,-0.00010824102087251243,-0.00010822924798049212,-0.00010825921423774946,-0.00010829840098119153,-0.00010825430355503511,-0.00010826232837407973,-0.00010822370921825946,-0.00010822257139988362,-0.00010825110719390583,-0.00010823179792515436,-0.00010825650189914621,-0.00010827548244250497,-0.00010825556349055386,-0.00010827242204709548,-0.00010829048504217134,-0.00010831163392762937,-0.00010825671720794177,-0.00010826831880399042,-0.00010827703663173732,-0.00010830093475364813,-0.00010827745375226086,-0.00010827960590447793,-0.00010833321953885797,-0.00010830829036169857,-0.00010828878145178934,-0.00010821671837530521,-0.00010826526116492334,-0.00010826379220169914,-0.00010822184030873998,-0.00010827244620552597,-0.00010825356914824342,-0.00010826772571448441,-0.00010827345684154781,-0.00010822190224367065,-0.00010828172443923588,-0.00010826699559264948,-0.00010822774100478751,-0.00010823235614509057,-0.00010828922731848567,-0.0001082400336946181,-0.00010827305578927058,-0.0001082909993871783,-0.00010827412667701426,-0.00010826362585652728,-0.00010827363299198517,-0.00010824770152450687,-0.00010817826882197856,-0.0001081952405955299,-0.00010824439960370748,-0.00010825646836032696,-0.00010826251495946132,-0.00010820346795548108,-0.00010827119944962955,-0.00010818888899483592
-0.0001715252732136105,-0.00017153827882718166,-0.00017160664524150517,-0.00017152509700304024,-0.0001715572002241358,-0.0001715011821524952,-0.00017147716001409045,-0.00017152362713428683,-0.0001715055661096956,-0.00017156958479130658,-0.00017154979915325012,-0.00017155916944175994,-0.00017152195923132902,-0.00017155893851952223,-0.0001715909239417142,-0.00017158200084257556,-0.00017155114837080212,-0.00017153553510000565,-0.00017149628299801411,-0.00017157411066471992,-0.00017153786796918403,-0.00017150437346203002,-0.00017154629283578298,-0.00017152094290348704,-0.00017157229773202305,-0.00017156850517728318,-0.0001715979707604429,-0.00017152114899406277,-0.00017148755653093286,-0.00017155370953656873,-0.00017151769399849226,-0.00017154383660484792,-0.00017155721001760853,-0.0001715806663793761,-0.0001715579245117592,-0.00017152279818683717,-0.000171535384866598,-0.00017158096797742741,-0.00017158330947567425,-0.0001715639449769558,-0.00017152936178453914,-0.00017157592519207422,-0.0001715482599978914,-0.0001714987961870714,-0.0001715342928543766,-0.00017149908770012926,-0.00017156266915366948,-0.00017151825377595658,-0.0001715300800290808,-0.00017154271603493017,-0.000171607060277816,-0.00017153929239297427,-0.00017156314094783984,-0.00017150710611097916,-0.00017152745460407502,-0.0001715405382063802,-0.00017151669483721313,-0.00017155367065939143,-0.0001715630862210114,-0.00017154157932577647,-0.00017155907693079545,-0.00017159133856618598,-0.00017160428050534308,-0.00017154837440513753,-0.00017156656148706334,-0.00017156779837760008,-0.00017159969037247114,-0.00017156740835588618,-0.00017157630442576454,-0.0001716374156436112,-0.00017161502865444808,-0.0001715889699270138,-0.00017150086887192655,-0.0001715520839726661,-0.00017156068669926477,-0.00017151265916230983,-0.00017156005267741033,-0.00017156524765662924,-0.00017156849203289184,-0.00017156852330888443,-0.0001715140690325103,-0.0001715719515961017,-0.00017156269257596432,-0.00017152198388820767,-0.0001715179630557881,-0.0001715795016677002,-0.00017153033831775053,-0.00017157093568358564,-0.00017158745540114259,-0.0001715712232047846,-0.0001715517635530218,-0.0001715702872222144,-0.00017153753280060055,-0.00017146321000710953,-0.00017147883040362992,-0.00017153661523538295,-0.0001715299419066729,-0.00017155798556475364,-0.00017148656647315115,-0.000171577407219666,-0.00017145975927477516
-0.0002844669833469457,-0.00028445870024024287,-0.0002845544940906597,-0.00028445294539110604,-0.00028449844520892116,-0.0002844198045025142,-0.0002843988556160198,-0.0002844600413423838,-0.00028443791319345533,-0.0002844973670933814,-0.0002844804962650299,-0.00028448570765516896,-0.000284444295309021,-0.00028447530625160835,-0.0002845251253311928,-0.0002845211006174855,-0.0002844663240860981,-0.0002844485556078714,-0.0002844299111042006,-0.0002845213474149818,-0.00028447274833042966,-0.0002844292285946446,-0.00028449723228177415,-0.000284457138080821,-0.0002844909054767126,-0.00028450366812386913,-0.0002845266267388241,-0.0002844497282102536,-0.00028441166340944547,-0.0002845094942726709,-0.0002844582698241327,-0.0002844652717264048,-0.0002844762978361057,-0.0002845248906260783,-0.00028449025062588906,-0.00028446318239080454,-0.0002844805883403759,-0.0002845231397827124,-0.0002845326118513327,-0.00028450118716994067,-0.0002844587134706693,-0.0002845228948460948,-0.00028450007342315593,-0.00028441458266151786,-0.0002844655133740439,-0.00028442565279953214,-0.0002845026529828053,-0.0002844277461643326,-0.0002844789597867663,-0.0002844611761736605,-0.00028456080091083245,-0.0002844611979188318,-0.0002845095097072795,-0.00028443383372434944,-0.0002844766262899151,-0.00028447631062674403,-0.00028444125253614106,-0.0002845033294202326,-0.00028449187311599053,-0.0002844697355671535,-0.00028448099063748777,-0.00028454209988087325,-0.00028452981088112695,-0.0002844783208704679,-0.0002845119570337951,-0.0002845047569902738,-0.0002845307670345592,-0.0002845032210354979,-0.00028452259543670574,-0.00028457359027645086,-0.00028456398511789366,-0.0002845280308832992,-0.0002844333457266572,-0.00028447604535123446,-0.0002845042965410146,-0.00028445333445845295,-0.0002844831811233819,-0.00028453348121996075,-0.0002845187008823231,-0.0002845065790329172,-0.000284458886712465,-0.0002845037279124117,-0.0002845071881863363,-0.0002844604934952853,-0.0002844479363664302,-0.0002845119070622016,-0.0002844688846090756,-0.0002845106326187545,-0.0002845267273057139,-0.00028451205969732846,-0.0002844817057161311,-0.00028450640937300686,-0.0002844789053701249,-0.0002843902806591519,-0.00028441305964999823,-0.00028446947840857673,-0.0002844412144060671,-0.00028450303224126876,-0.0002844053108064029,-0.000284534707257673,-0.00028437453785529004
-0.0005072708295008183,-0.0005072226826342559,-0.000507359778950065,-0.0005072421867531253,-0.0005072924451917506,-0.0005071787007152781,-0.0005071836335002859,-0.0005072543908746176,-0.0005072217950736288,-0.0005072788196770598,-0.0005072683984426998,-0.0005072686670516721,-0.0005072118233215078,-0.0005072435195798086,-0.0005073070337028408,-0.0005073159084989799,-0.0005072223091811769,-0.0005072020321878963,-0.000507240645037956,-0.0005073293051260406,-0.0005072686034764199,-0.0005072095150550717,-0.0005073192514196136,-0.0005072570170213762,-0.0005072520148228528,-0.0005072927013719667,-0.0005072993475467929,-0.0005072305389540404,-0.00050719802612426,-0.0005073439680985185,-0.0005072651005473858,-0.0005072379562342712,-0.000507252295806212,-0.0005073212095893779,-0.0005072773910735014,-0.000507266540895962,-0.0005072816696190298,-0.0005073280748945919,-0.0005073440764276898,-0.0005072954748821712,-0.0005072407857675409,-0.000507334661087179,-0.0005073250664087202,-0.0005071829801545085,-0.000507251739387438,-0.0005072153515144186,-0.0005073031908914311,-0.0005071739967112465,-0.0005072943228924885,-0.0005072326114538815,-0.0005073776744784731,-0.0005072414665542903,-0.0005073171831804916,-0.000507230158087117,-0.0005072871336004395,-0.0005072768721464352,-0.0005072137692925782,-0.0005073137626256308,-0.0005072690696188475,-0.0005072458617220776,-0.0005072479043914232,-0.0005073698242444489,-0.0005073015296778829,-0.0005072620198270416,-0.000507332169331258,-0.0005073038124822973,-0.0005072976533205038,-0.0005072932542649091,-0.0005073435520177717,-0.0005073524666772721,-0.0005073671707392176,-0.0005073243331305823,-0.0005072194955235787,-0.0005072521831859934,-0.0005073125326568587,-0.0005072561771165903,-0.0005072580281328614,-0.0005073738436690801,-0.0005073513610490218,-0.0005073044213760134,-0.000507282299857244,-0.0005072865218696552,-0.0005073242610926074,-0.0005072583835502465,-0.0005072379993058952,-0.0005072990575517701,-0.0005072630450311984,-0.0005073137697152133,-0.0005073326303147456,-0.0005073228706984059,-0.0005072668634472263,-0.0005072899104899059,-0.000507287928867266,-0.0005071737801592151,-0.0005072204353768807,-0.0005072580992482138,-0.0005072027337650179,-0.0005073172524379426,-0.0005071696707226083,-0.0005073651164287049,-0.0005071494738798698
-0.0010205982066202877,-0.0010204987899348763,-0.001020674846487568,-0.001020552203753918,-0.001020606869471776,-0.0010204435301305248,-0.001020497583426822,-0.0010205662144954987,-0.0010205130475997937,-0.0010205617372314479,-0.0010205537580097773,-0.0010205648598449937,-0.0010204979138902694,-0.0010205331595375235,-0.0010205838003939783,-0.0010206240167089328,-0.0010204974302985596,-0.00102046860275929,-0.0010205853738766517,-0.0010206392946168364,-0.0010205910337972245,-0.0010204880865438332,-0.0010206593308067133,-0.0010205805349737076,-0.001020516720557948,-0.0010206106384568832,-0.001020565676216857,-0.0010205120855182196,-0.0010204967469335962,-0.0010207243958484584,-0.001020619554804819,-0.0010205270426512513,-0.0010205530058118644,-0.0010206157154967629,-0.001020580991740844,-0.0010205785457003532,-0.0010205852937126946,-0.001020663633749797,-0.0010206592181926282,-0.0010206021685921361,-0.001020530575878139,-0.0010206707326386917,-0.0010206776142795422,-0.0010204644140619978,-0.0010205497387378048,-0.0010205412957090664,-0.001020638735639024,-0.0010204353361408561,-0.001020646313141328,-0.0010205019181672203,-0.0010207194123927781,-0.001020564351917899,-0.0010206631273612515,-0.0010205664892701423,-0.001020621777033401,-0.0010206253598376695,-0.0010205002702309424,-0.0010206166682347087,-0.0010205415379182944,-0.0010205117481760415,-0.0010205141975002776,-0.001020738966879692,-0.0010205628195757931,-0.0010205683568541624,-0.001020694349738547,-0.001020621738276876,-0.0010205628852253089,-0.001020582865863614,-0.0010207061415309308,-0.0010206240259870306,-0.001020673698282502,-0.0010206125027310319,-0.0010205025723593179,-0.001020532009886809,-0.0010206518295289694,-0.0010205810296627206,-0.0010205556385560937,-0.001020737008393835,-0.0010207403585192477,-0.0010206308509961566,-0.0010206392608177479,-0.001020582224277148,-0.0010206672780857815,-0.0010205662126446164,-0.0010205655385864317,-0.0010205935946731187,-0.001020575788906646,-0.0010206442959433404,-0.0010206730984035441,-0.0010206596964724961,-0.0010205667838693198,-0.0010205643926877628,-0.001020617885921368,-0.0010204879626622664,-0.0010205596933457177,-0.001020555387400837,-0.0010204606867511385,-0.0010206678376876084,-0.0010204500886473766,-0.0010207185509159612,-0.0010204482122136626
-0.0025250499719515866,-0.002524925672318444,-0.002525085120978209,-0.0025249951760274785,-0.0025251016709980155,-0.0025248342461686186,-0.002524968723496104,-0.0025249846546951176,-0.002524986404563734,-0.0025249424852966766,-0.002524982021497769,-0.0025250263959633126,-0.002524912475632835,-0.002524934875183007,-0.00252497106578256,-0.002525052285706421,-0.0025249314755472823,-0.0025248812087276095,-0.0025250585574984738,-0.0025250364302299598,-0.00252501899874387,-0.0025248592643006915,-0.002525065146469372,-0.0025250754069231114,-0.00252491902295844,-0.0025250870131044148,-0.002524943058623554,-0.0025248821505749097,-0.0025249253020863138,-0.0025252329000205894,-0.0025251542764083475,-0.0025249868884448055,-0.0025249715673623316,-0.0025249897997664124,-0.002525013790701326,-0.002525010105524469,-0.0025249570957610844,-0.002525176617198287,-0.002525071164434508,-0.002525041506869246,-0.002524902754519969,-0.0025251324664261315,-0.002525125094623827,-0.00252486090437282,-0.0025249551493018206,-0.0025250064875029063,-0.0025251047445227987,-0.002524867459649259,-0.002525137544445816,-0.0025248752799450045,-0.0025251790954838576,-0.0025250498245094764,-0.002525140674829815,-0.002525052801928434,-0.0025250913351602296,-0.002525119616519339,-0.0025249090830924137,-0.002525015682487892,-0.002524897631959725,-0.002524879376799391,-0.0025248780312439384,-0.002525260455731799,-0.0025248893536237186,-0.0025250019306838614,-0.0025252030577402,-0.0025250558441625784,-0.0025249499430630273,-0.0025249746844985665,-0.002525214965718358,-0.0025249895264029738,-0.0025250878886023957,-0.00252494581375523,-0.002524944292646451,-0.002524913066311892,-0.002525116535484895,-0.002525030264742309,-0.002524960707162065,-0.0025252093118530577,-0.0025252773971141673,-0.0025250851526196815,-0.0025250966375430554,-0.002524991157559015,-0.002525142265405687,-0.002524975350829144,-0.0025250464232535108,-0.002524988951168215,-0.0025250605156468065,-0.0025250995286070074,-0.0025251630040900776,-0.0025251150212097784,-0.0025249915102194165,-0.0025249243291290205,-0.002525069717527391,-0.0025249768335827262,-0.0025250073737987672,-0.0025249426196612646,-0.0025248217533102844,-0.0025251711153096643,-0.0025248869736926045,-0.002525201987743651,-0.0025248700699383436
-0.008699422801066978,-0.008699385395021672,-0.008699363192941238,-0.008699469210589044,-0.008699576787674529,-0.008699240650879674,-0.008699472150523462,-0.008699202057062556,-0.008699520442604025,-0.008699258754291459,-0.008699303534061304,-0.008699476126603076,-0.008699205755690997,-0.008699179976576401,-0.00869929337924679,-0.008699320247344499,-0.00869920577210542,-0.008699243121956047,-0.008699466120285947,-0.0086992911921407,-0.008699229110112568,-0.008699184779650133,-0.008699212087461638,-0.00869961837874243,-0.008699294762706497,-0.008699415773838934,-0.008699235233688141,-0.00869918557387326,-0.008699228998421713,-0.008699603833894912,-0.008699730636555995,-0.00869946789103355,-0.00869926024548753,-0.008699202015443563,-0.00869952109379556,-0.008699266586742381,-0.00869921370713768,-0.008699650628361292,-0.008699512418858137,-0.008699308238176981,-0.008699123035189875,-0.008699450700669178,-0.008699366962904093,-0.008699188917255008,-0.00869912838566322,-0.008699397653456804,-0.008699458454324231,-0.008699290000677012,-0.008699589548039968,-0.008699171820465295,-0.008699419836096074,-0.008699552868372614,-0.008699407084163465,-0.008699492821223419,-0.008699482907969194,-0.008699492280886262,-0.008699265495701615,-0.0086992698222245,-0.008699071571142154,-0.008699170374207643,-0.008699139604349386,-0.008699580856118643,-0.008699126827925086,-0.008699347423421216,-0.008699630132261086,-0.00869931749195674,-0.008699122149664406,-0.008699224281579564,-0.008699570290682575,-0.008699252020007944,-0.008699358343605532,-0.008699161107193924,-0.00869941861699442,-0.008699306407294556,-0.008699419799018393,-0.008699471161569366,-0.008699198211784578,-0.008699505600482597,-0.008699710119191444,-0.008699487657561376,-0.008699358596450529,-0.00869928788675945,-0.008699509170359884,-0.008699277794963548,-0.008699499210456756,-0.008699310311263912,-0.008699533533684072,-0.008699457381298598,-0.008699548532876574,-0.008699359684146504,-0.008699322426655083,-0.008699202491168831,-0.008699395132480178,-0.00869954721053957,-0.008699314747624275,-0.008699244240532488,-0.008699122301879407,-0.008699738539527373,-0.008699402831358855,-0.008699603473826048,-0.008699219579695818
-0.046312092457413495,-0.046312598534842445,-0.04631236087313462,-0.04631290416741891,-0.046312473815829425,-0.04631246355635085,-0.04631234831009619,-0.046311789028063134,-0.04631254525172186,-0.04631232235424823,-0.04631197097529603,-0.046312218271480396,-0.04631185805365508,-0.04631198567672859,-0.046312031184275876,-0.046311764998114985,-0.046311952076038124,-0.046312424263804,-0.04631240506632668,-0.0463118172356458,-0.04631156492981274,-0.046312275244644645,-0.04631168566507806,-0.04631299985800266,-0.04631223675167286,-0.04631174303403525,-0.04631186285890497,-0.04631215773173919,-0.04631172296552029,-0.04631213556453928,-0.04631271994487361,-0.046312593401323474,-0.046311856066054743,-0.04631181721960018,-0.046312556222101925,-0.04631182302569903,-0.04631199918427502,-0.04631271130012733,-0.04631222971111228,-0.04631209411252425,-0.04631178910642686,-0.046311822889024155,-0.0463116855776271,-0.04631184991990944,-0.046311257961600655,-0.04631244826766631,-0.04631200638415003,-0.04631225392427861,-0.0463125757655422,-0.04631207986348949,-0.04631202313249927,-0.04631264043411681,-0.04631189788223534,-0.0463123246541506,-0.04631271852661018,-0.04631239546152409,-0.046312335980321154,-0.04631172325430447,-0.046311607795981875,-0.046312007747508425,-0.046311657273228835,-0.04631207425534828,-0.04631212151368912,-0.046312002926451434,-0.046312567926490425,-0.04631199429810833,-0.046311917189369244,-0.046311812542339376,-0.04631208446696393,-0.04631196971927659,-0.04631198754613007,-0.04631205917057209,-0.04631289619393999,-0.046312138679443546,-0.046312037915908155,-0.04631226807376495,-0.046312075234667696,-0.04631201321606233,-0.046312543530775935,-0.04631228807234182,-0.04631199222195162,-0.046312055171900034,-0.04631214576587319,-0.046312137646299247,-0.046312427995807856,-0.04631202349572477,-0.0463122454143503,-0.04631229598209828,-0.04631208748441464,-0.046311534749927045,-0.046312139491853414,-0.04631240454438028,-0.0463120968451934,-0.046313187296513646,-0.046312192845973627,-0.046312100964288866,-0.04631184739458078,-0.04631267205816082,-0.04631286922340465,-0.046312400863719044,-0.046312595425719874
